variant_name,decision_time,date,mode,selected_strategy,candidate_main_available,candidate_high_margin_available,decision_trade_count,decision_profit_factor_last_50,decision_current_drawdown_pct,decision_current_loss_streak,decision_weekly_loss_pct,action,skip_reason
main_always_active,2022-02-16 13:30:00,2022-02-16,NORMAL,proxy_hardened_no_worst_hours,True,False,0,inf,0.0,0,0.0,EXECUTE,
main_always_active,2022-02-16 19:30:00,2022-02-16,NORMAL,proxy_hardened_no_worst_hours,True,True,1,inf,0.0,0,0.0,EXECUTE,
main_always_active,2022-02-18 14:30:00,2022-02-18,NORMAL,proxy_hardened_no_worst_hours,True,True,2,inf,0.0,0,0.0,EXECUTE,
main_always_active,2022-02-18 18:00:00,2022-02-18,NORMAL,proxy_hardened_no_worst_hours,True,True,3,3.6797053517746607,0.40098648813850685,1,0.0,EXECUTE,
main_always_active,2022-02-21 13:00:00,2022-02-21,NORMAL,proxy_hardened_no_worst_hours,True,False,4,5.59872870081064,0.0,0,0.0,EXECUTE,
main_always_active,2022-02-23 19:30:00,2022-02-23,NORMAL,proxy_hardened_no_worst_hours,True,True,5,2.9990720059455507,0.34630705781688004,1,0.34630705781687593,EXECUTE,
main_always_active,2022-02-28 14:45:00,2022-02-28,NORMAL,proxy_hardened_no_worst_hours,True,True,6,3.8440195571120683,0.0,0,0.0,EXECUTE,
main_always_active,2022-02-28 21:15:00,2022-02-28,NORMAL,proxy_hardened_no_worst_hours,True,True,7,2.041258934810378,0.656815863438085,1,0.656815863438081,EXECUTE,
main_always_active,2022-03-01 15:00:00,2022-03-01,NORMAL,proxy_hardened_no_worst_hours,True,True,8,1.5131187642877666,1.1456565473056448,2,1.1456565473056368,EXECUTE,
main_always_active,2022-03-03 10:30:00,2022-03-03,NORMAL,proxy_hardened_no_worst_hours,True,False,9,2.1619723523841787,0.0,0,0.0,EXECUTE,
main_always_active,2022-03-03 21:45:00,2022-03-03,NORMAL,proxy_hardened_no_worst_hours,True,True,10,1.7252416888611586,0.47789394934763424,1,0.39801176542221806,EXECUTE,
main_always_active,2022-03-04 10:00:00,2022-03-04,NORMAL,proxy_hardened_no_worst_hours,True,False,11,2.045576605948374,0.0,0,0.0,EXECUTE,
main_always_active,2022-03-04 15:00:00,2022-03-04,NORMAL,proxy_hardened_no_worst_hours,True,True,12,2.42656136447401,0.0,0,0.0,EXECUTE,
main_always_active,2022-03-08 10:30:00,2022-03-08,NORMAL,proxy_hardened_no_worst_hours,True,True,13,3.015986016742593,0.0,0,0.0,EXECUTE,
main_always_active,2022-03-08 18:15:00,2022-03-08,NORMAL,proxy_hardened_no_worst_hours,True,True,14,3.6420512278613595,0.0,0,0.0,EXECUTE,
main_always_active,2022-03-10 14:15:00,2022-03-10,NORMAL,proxy_hardened_no_worst_hours,True,True,15,2.064921239412818,1.7364471096627452,1,0.31759993695465194,EXECUTE,
main_always_active,2022-03-11 14:30:00,2022-03-11,NORMAL,proxy_hardened_no_worst_hours,True,True,16,1.6815439799820633,2.650682940159876,2,1.245036602198086,EXECUTE,
main_always_active,2022-03-14 13:00:00,2022-03-14,NORMAL,proxy_hardened_no_worst_hours,True,True,17,1.3909271029845967,3.6795324208777695,3,0.0,EXECUTE,
main_always_active,2022-03-15 10:00:00,2022-03-15,NORMAL,proxy_hardened_no_worst_hours,True,True,18,1.6107146705333237,2.3711269108475737,0,0.0,EXECUTE,
main_always_active,2022-03-15 13:30:00,2022-03-15,NORMAL,proxy_hardened_no_worst_hours,True,True,19,1.8043855488833123,1.218195254195366,0,0.0,EXECUTE,
main_always_active,2022-03-18 10:00:00,2022-03-18,NORMAL,proxy_hardened_no_worst_hours,True,True,20,2.052555040032569,0.0,0,0.0,EXECUTE,
main_always_active,2022-03-18 13:00:00,2022-03-18,NORMAL,proxy_hardened_no_worst_hours,True,True,21,1.9290595136579909,0.38012001675545976,1,0.0,EXECUTE,
main_always_active,2022-03-21 19:00:00,2022-03-21,NORMAL,proxy_hardened_no_worst_hours,True,False,22,2.0831336197449444,0.0,0,0.0,EXECUTE,
main_always_active,2022-03-22 10:00:00,2022-03-22,NORMAL,proxy_hardened_no_worst_hours,True,True,23,1.941331496162615,0.45875241692989666,1,0.4587524169299034,EXECUTE,
main_always_active,2022-03-23 14:15:00,2022-03-23,NORMAL,proxy_hardened_no_worst_hours,True,False,24,2.0455732518108185,0.0,0,0.0,EXECUTE,
main_always_active,2022-03-24 10:00:00,2022-03-24,NORMAL,proxy_hardened_no_worst_hours,True,True,25,1.9207619747905236,0.43685336425604354,1,0.1941574794072971,EXECUTE,
main_always_active,2022-03-24 13:45:00,2022-03-24,NORMAL,proxy_hardened_no_worst_hours,True,True,26,2.004198472554538,0.0,0,0.0,EXECUTE,
main_always_active,2022-03-30 18:30:00,2022-03-30,NORMAL,proxy_hardened_no_worst_hours,True,True,27,2.165150335619181,0.0,0,0.0,EXECUTE,
main_always_active,2022-03-31 10:00:00,2022-03-31,NORMAL,proxy_hardened_no_worst_hours,True,True,28,2.054231970951732,0.3815804458155084,1,0.38158044581551503,EXECUTE,
main_always_active,2022-04-06 14:00:00,2022-04-06,NORMAL,proxy_hardened_no_worst_hours,True,False,29,1.9590534126012369,0.7434595905180326,2,0.0,EXECUTE,
main_always_active,2022-04-07 18:15:00,2022-04-07,NORMAL,proxy_hardened_no_worst_hours,True,True,30,1.8344879354299162,1.273802483047312,3,0.5343153109521661,EXECUTE,
main_always_active,2022-04-08 15:45:00,2022-04-08,NORMAL,proxy_hardened_no_worst_hours,True,False,31,1.7622028497033835,1.6159379800412925,4,0.8790134996886568,EXECUTE,
main_always_active,2022-04-11 19:15:00,2022-04-11,NORMAL,proxy_hardened_no_worst_hours,True,True,32,1.8704540680971307,0.676004568075971,0,0.0,EXECUTE,
main_always_active,2022-04-12 13:45:00,2022-04-12,NORMAL,proxy_hardened_no_worst_hours,True,False,33,1.9630910572850826,0.0,0,0.0,EXECUTE,
main_always_active,2022-04-12 19:00:00,2022-04-12,NORMAL,proxy_hardened_no_worst_hours,True,True,34,2.099039031640618,0.0,0,0.0,EXECUTE,
main_always_active,2022-04-13 13:15:00,2022-04-13,NORMAL,proxy_hardened_no_worst_hours,True,False,35,1.9875326808194957,0.4808421848779976,1,0.0,EXECUTE,
main_always_active,2022-04-18 13:45:00,2022-04-18,NORMAL,proxy_hardened_no_worst_hours,True,True,36,1.891830514337885,0.9387341430100721,2,0.0,EXECUTE,
main_always_active,2022-04-21 14:00:00,2022-04-21,NORMAL,proxy_hardened_no_worst_hours,True,True,37,1.8232906478753597,1.2962068383148582,3,0.36086021333591606,EXECUTE,
main_always_active,2022-04-22 14:30:00,2022-04-22,NORMAL,proxy_hardened_no_worst_hours,True,True,38,1.7378480869677466,1.7813213804923789,4,0.8505718458097673,EXECUTE,
main_always_active,2022-04-25 10:00:00,2022-04-25,NORMAL,proxy_hardened_no_worst_hours,True,True,39,1.8493033274005994,0.6275322737359232,0,0.0,EXECUTE,
main_always_active,2022-04-27 10:00:00,2022-04-27,NORMAL,proxy_hardened_no_worst_hours,True,True,40,1.9271646509408829,0.0,0,0.0,EXECUTE,
main_always_active,2022-04-27 13:00:00,2022-04-27,NORMAL,proxy_hardened_no_worst_hours,True,True,41,1.8462417632849935,0.45293330418991984,1,0.0,EXECUTE,
main_always_active,2022-04-28 22:15:00,2022-04-28,NORMAL,proxy_hardened_no_worst_hours,True,False,42,1.9398835794282034,0.0,0,0.0,EXECUTE,
main_always_active,2022-05-03 10:30:00,2022-05-03,NORMAL,proxy_hardened_no_worst_hours,True,True,43,1.995217594979229,0.0,0,0.0,EXECUTE,
main_always_active,2022-05-05 10:15:00,2022-05-05,NORMAL,proxy_hardened_no_worst_hours,True,False,44,1.926689616380653,0.37927552096104866,1,0.37927552096105516,EXECUTE,
main_always_active,2022-05-09 13:30:00,2022-05-09,NORMAL,proxy_hardened_no_worst_hours,True,True,45,1.988904458782859,0.0,0,0.0,EXECUTE,
main_always_active,2022-05-10 14:15:00,2022-05-10,NORMAL,proxy_hardened_no_worst_hours,True,True,46,2.0772985805375677,0.0,0,0.0,EXECUTE,
main_always_active,2022-05-12 10:00:00,2022-05-12,NORMAL,proxy_hardened_no_worst_hours,True,False,47,2.150602576929063,0.0,0,0.0,EXECUTE,
main_always_active,2022-05-12 13:00:00,2022-05-12,NORMAL,proxy_hardened_no_worst_hours,True,False,48,2.2222364479272403,0.0,0,0.0,EXECUTE,
main_always_active,2022-05-12 14:45:00,2022-05-12,NORMAL,,False,True,49,2.308902520098664,0.0,0,0.0,SKIP,daily_trade_limit
main_always_active,2022-05-13 15:15:00,2022-05-13,NORMAL,proxy_hardened_no_worst_hours,True,True,49,2.308902520098664,0.0,0,0.0,EXECUTE,
main_always_active,2022-05-18 13:45:00,2022-05-18,NORMAL,proxy_hardened_no_worst_hours,True,False,50,2.4125107255921336,0.0,0,0.0,EXECUTE,
main_always_active,2022-05-19 19:00:00,2022-05-19,NORMAL,proxy_hardened_no_worst_hours,True,True,51,2.2720722320108027,0.41514719043955667,1,0.0,EXECUTE,
main_always_active,2022-05-24 10:45:00,2022-05-24,NORMAL,proxy_hardened_no_worst_hours,True,True,52,2.1361663318222326,0.7637899807958684,2,0.0,EXECUTE,
main_always_active,2022-05-24 13:30:00,2022-05-24,NORMAL,proxy_hardened_no_worst_hours,True,True,53,2.153782566927544,1.018034768717324,3,0.25620163030436227,EXECUTE,
main_always_active,2022-05-26 15:00:00,2022-05-26,NORMAL,proxy_hardened_no_worst_hours,True,True,54,2.1502914675019817,0.3921124744925675,0,0.0,EXECUTE,
main_always_active,2022-05-27 10:45:00,2022-05-27,NORMAL,proxy_hardened_no_worst_hours,True,True,55,2.127626455114039,0.8116888476686053,1,0.048267529426492845,EXECUTE,
main_always_active,2022-05-31 14:45:00,2022-05-31,NORMAL,proxy_hardened_no_worst_hours,True,True,56,2.035117053169421,1.0571786003802666,2,0.0,EXECUTE,
main_always_active,2022-06-01 22:30:00,2022-06-01,NORMAL,proxy_hardened_no_worst_hours,True,False,57,2.2182928695053463,0.20800707927468481,0,0.0,EXECUTE,
main_always_active,2022-06-02 22:00:00,2022-06-02,NORMAL,proxy_hardened_no_worst_hours,True,True,58,2.2612217308664926,0.4246982129795743,1,0.0,EXECUTE,
main_always_active,2022-06-07 13:00:00,2022-06-07,NORMAL,proxy_hardened_no_worst_hours,True,False,59,2.197269633702155,0.047426648624511035,0,0.0,EXECUTE,
main_always_active,2022-06-07 14:30:00,2022-06-07,NORMAL,proxy_hardened_no_worst_hours,True,True,60,2.2267048135030842,0.32101152671189764,1,0.2737146917925029,EXECUTE,
main_always_active,2022-06-09 15:30:00,2022-06-09,NORMAL,proxy_hardened_no_worst_hours,True,True,61,2.0872125464064553,0.7155153959744376,2,0.6684057497962809,EXECUTE,
main_always_active,2022-06-10 10:15:00,2022-06-10,NORMAL,proxy_hardened_no_worst_hours,True,True,62,1.9529598053698312,1.0717766939591487,3,1.0248360907463916,EXECUTE,
main_always_active,2022-06-10 14:00:00,2022-06-10,NORMAL,proxy_hardened_no_worst_hours,True,True,63,1.8809450259067393,0.6776427158441939,0,0.6305150994004248,EXECUTE,
main_always_active,2022-06-15 19:30:00,2022-06-15,NORMAL,proxy_hardened_no_worst_hours,True,False,64,1.6828138242941195,1.2516799387559157,1,0.0,EXECUTE,
main_always_active,2022-06-22 14:45:00,2022-06-22,NORMAL,proxy_hardened_no_worst_hours,True,True,65,1.8006524100293313,2.0421223712829417,2,0.0,EXECUTE,
main_always_active,2022-06-24 13:45:00,2022-06-24,NORMAL,proxy_hardened_no_worst_hours,True,False,66,1.8556789477124742,2.538911492140167,3,0.5071456557482563,EXECUTE,
main_always_active,2022-06-27 10:00:00,2022-06-27,NORMAL,proxy_hardened_no_worst_hours,True,True,67,1.9454174884085313,2.9707043281022965,4,0.0,EXECUTE,
main_always_active,2022-06-28 13:00:00,2022-06-28,NORMAL,proxy_hardened_no_worst_hours,True,True,68,1.7819055470931238,3.2546753032290736,5,0.2926651926723502,EXECUTE,
main_always_active,2022-06-29 10:00:00,2022-06-29,NORMAL,proxy_hardened_no_worst_hours,True,True,69,1.7374125792496293,2.6831334952036916,0,0.0,EXECUTE,
main_always_active,2022-06-29 14:00:00,2022-06-29,NORMAL,proxy_hardened_no_worst_hours,True,True,70,1.5739731623718354,2.936391884395883,1,0.0,EXECUTE,
main_always_active,2022-06-30 14:30:00,2022-06-30,NORMAL,proxy_hardened_no_worst_hours,True,True,71,1.7101118622984015,2.0455280354962975,0,0.0,EXECUTE,
main_always_active,2022-07-06 13:45:00,2022-07-06,NORMAL,proxy_hardened_no_worst_hours,True,True,72,1.728355411522663,0.9692972319777063,0,0.0,EXECUTE,
main_always_active,2022-07-11 10:30:00,2022-07-11,NORMAL,proxy_hardened_no_worst_hours,True,True,73,1.891292106477928,0.045396958387401286,0,0.0,EXECUTE,
main_always_active,2022-07-12 14:00:00,2022-07-12,NORMAL,proxy_hardened_no_worst_hours,True,True,74,1.7874982185940262,0.27374806706671956,1,0.22845482021899327,EXECUTE,
main_always_active,2022-07-13 13:00:00,2022-07-13,NORMAL,proxy_hardened_no_worst_hours,True,True,75,1.9334146982698361,0.0,0,0.0,EXECUTE,
main_always_active,2022-07-13 14:00:00,2022-07-13,NORMAL,proxy_hardened_no_worst_hours,True,True,76,1.7778379626409015,0.5598982915530677,1,0.05495883435596995,EXECUTE,
main_always_active,2022-07-14 14:30:00,2022-07-14,NORMAL,proxy_hardened_no_worst_hours,True,True,77,1.579719415589269,1.2065402437738044,2,0.7048843213956187,EXECUTE,
main_always_active,2022-07-15 10:30:00,2022-07-15,NORMAL,proxy_hardened_no_worst_hours,True,True,78,1.546351850613536,1.7985786233837313,3,1.2999289684258788,EXECUTE,
main_always_active,2022-07-20 10:45:00,2022-07-20,NORMAL,proxy_hardened_no_worst_hours,True,False,79,1.556132632269662,2.0614896970126444,4,0.0,EXECUTE,
main_always_active,2022-07-20 15:15:00,2022-07-20,NORMAL,proxy_hardened_no_worst_hours,True,False,80,1.5886069083894367,2.320841503307543,5,0.26481085478282346,EXECUTE,
main_always_active,2022-07-22 13:30:00,2022-07-22,NORMAL,proxy_hardened_no_worst_hours,True,True,81,1.6905641654187404,1.7291236262489869,0,0.0,EXECUTE,
main_always_active,2022-07-25 10:15:00,2022-07-25,NORMAL,proxy_hardened_no_worst_hours,True,True,82,1.678262858413882,0.9929972215407465,0,0.0,EXECUTE,
main_always_active,2022-07-27 18:30:00,2022-07-27,NORMAL,proxy_hardened_no_worst_hours,True,True,83,1.5648082055057873,1.296006251057145,1,0.3060480784318116,EXECUTE,
main_always_active,2022-07-28 13:00:00,2022-07-28,NORMAL,proxy_hardened_no_worst_hours,True,True,84,1.5426780725694202,0.44991443521890256,0,0.0,EXECUTE,
main_always_active,2022-07-28 18:15:00,2022-07-28,NORMAL,proxy_hardened_no_worst_hours,True,True,85,1.6897268744559344,0.0,0,0.0,EXECUTE,
main_always_active,2022-07-29 18:45:00,2022-07-29,NORMAL,proxy_hardened_no_worst_hours,True,True,86,1.8306331489608718,0.0,0,0.0,EXECUTE,
main_always_active,2022-08-01 13:00:00,2022-08-01,NORMAL,proxy_hardened_no_worst_hours,True,True,87,1.8358023135430424,0.30249973061253915,1,0.3024997306125453,EXECUTE,
main_always_active,2022-08-04 13:45:00,2022-08-04,NORMAL,proxy_hardened_no_worst_hours,True,True,88,1.851896948063424,0.6643690827416885,2,0.6643690827417007,EXECUTE,
main_always_active,2022-08-08 18:00:00,2022-08-08,NORMAL,proxy_hardened_no_worst_hours,True,True,89,1.8198230021328674,0.0,0,0.0,EXECUTE,
main_always_active,2022-08-09 10:45:00,2022-08-09,NORMAL,proxy_hardened_no_worst_hours,True,True,90,1.7033885028643778,0.2403129123357039,1,0.24031291233570998,EXECUTE,
main_always_active,2022-08-09 14:30:00,2022-08-09,NORMAL,proxy_hardened_no_worst_hours,True,True,91,1.8338316023098877,0.0,0,0.0,EXECUTE,
main_always_active,2022-08-10 13:00:00,2022-08-10,NORMAL,proxy_hardened_no_worst_hours,True,True,92,1.6777552849265716,0.3470768434664513,1,0.032980913290060115,EXECUTE,
main_always_active,2022-08-11 13:30:00,2022-08-11,NORMAL,proxy_hardened_no_worst_hours,True,True,93,1.552037111149538,0.8063353212000052,2,0.49368692727429825,EXECUTE,
main_always_active,2022-08-12 14:15:00,2022-08-12,NORMAL,proxy_hardened_no_worst_hours,True,True,94,1.5555107493540468,1.1370677278201478,3,0.8254617689741852,EXECUTE,
main_always_active,2022-08-15 13:30:00,2022-08-15,NORMAL,proxy_hardened_no_worst_hours,True,True,95,1.56292933459738,0.4176418418540572,0,0.0,EXECUTE,
main_always_active,2022-08-16 13:00:00,2022-08-16,NORMAL,proxy_hardened_no_worst_hours,True,True,96,1.4139023844049856,0.8784283827100553,1,0.46271904921575835,EXECUTE,
main_always_active,2022-08-17 13:00:00,2022-08-17,NORMAL,proxy_hardened_no_worst_hours,True,True,97,1.3062229469809172,1.2023116028835727,2,0.7879606142519742,EXECUTE,
main_always_active,2022-08-19 15:30:00,2022-08-19,NORMAL,proxy_hardened_no_worst_hours,True,True,98,1.2969610087815904,0.5679736672524337,0,0.15096230715851686,EXECUTE,
main_always_active,2022-08-22 13:45:00,2022-08-22,NORMAL,proxy_hardened_no_worst_hours,True,True,99,1.2726053950123846,0.0,0,0.0,EXECUTE,
main_always_active,2022-08-23 10:00:00,2022-08-23,NORMAL,proxy_hardened_no_worst_hours,True,False,100,1.141316379389332,0.3604305618074538,1,0.0,EXECUTE,
main_always_active,2022-08-23 18:00:00,2022-08-23,NORMAL,proxy_hardened_no_worst_hours,True,False,101,1.154474517156616,0.6347285139999264,2,0.01593820965227387,EXECUTE,
main_always_active,2022-08-24 13:00:00,2022-08-24,NORMAL,proxy_hardened_no_worst_hours,True,False,102,1.1585115437433327,0.9363275423766667,3,0.3194154249626361,EXECUTE,
main_always_active,2022-08-24 22:00:00,2022-08-24,NORMAL,proxy_hardened_no_worst_hours,True,False,103,1.1539870513036992,1.2303921631034302,4,0.6153113126243835,EXECUTE,
main_always_active,2022-08-26 14:15:00,2022-08-26,NORMAL,proxy_hardened_no_worst_hours,True,True,104,1.1346101591585087,0.8398531738091609,0,0.2223402689872801,EXECUTE,
main_always_active,2022-08-30 13:45:00,2022-08-30,NORMAL,proxy_hardened_no_worst_hours,True,True,105,1.2632049636316305,0.0,0,0.0,EXECUTE,
main_always_active,2022-09-01 13:45:00,2022-09-01,NORMAL,proxy_hardened_no_worst_hours,True,True,106,1.3450233369084508,0.0,0,0.0,EXECUTE,
main_always_active,2022-09-01 15:00:00,2022-09-01,NORMAL,proxy_hardened_no_worst_hours,True,True,107,1.3408352212402426,0.0,0,0.0,EXECUTE,
main_always_active,2022-09-06 13:45:00,2022-09-06,NORMAL,proxy_hardened_no_worst_hours,True,True,108,1.30677912973513,0.48780832453697903,1,0.0,EXECUTE,
main_always_active,2022-09-12 14:30:00,2022-09-12,NORMAL,proxy_hardened_no_worst_hours,True,True,109,1.328389144339196,0.0,0,0.0,EXECUTE,
main_always_active,2022-09-13 10:15:00,2022-09-13,NORMAL,proxy_hardened_no_worst_hours,True,True,110,1.3150709578391095,0.3748176918873465,1,0.3748176918873525,EXECUTE,
main_always_active,2022-09-14 14:15:00,2022-09-14,NORMAL,proxy_hardened_no_worst_hours,True,True,111,1.4015390548055915,0.0,0,0.0,EXECUTE,
main_always_active,2022-09-15 10:30:00,2022-09-15,NORMAL,proxy_hardened_no_worst_hours,True,True,112,1.406542162054221,0.3054477826325275,1,0.2567918539214015,EXECUTE,
main_always_active,2022-09-15 13:00:00,2022-09-15,NORMAL,proxy_hardened_no_worst_hours,True,True,113,1.3397803430407609,0.5521908231287898,2,0.5036553173647751,EXECUTE,
main_always_active,2022-09-16 13:15:00,2022-09-16,NORMAL,proxy_hardened_no_worst_hours,True,True,114,1.3670801597714837,0.8881111678899709,3,0.8397396080586514,EXECUTE,
main_always_active,2022-09-19 10:15:00,2022-09-19,NORMAL,proxy_hardened_no_worst_hours,True,True,115,1.4212374072467238,1.2434396027583439,4,0.0,EXECUTE,
main_always_active,2022-09-20 10:15:00,2022-09-20,NORMAL,proxy_hardened_no_worst_hours,True,True,116,1.4492935324955247,1.5236270221268,5,0.28371524711009266,EXECUTE,
main_always_active,2022-09-20 13:45:00,2022-09-20,NORMAL,proxy_hardened_no_worst_hours,True,True,117,1.5620299459040317,1.0389463121794207,0,0.0,EXECUTE,
main_always_active,2022-09-22 14:00:00,2022-09-22,NORMAL,proxy_hardened_no_worst_hours,True,False,118,1.554881050106279,1.3570670600775392,1,0.11505813574526538,EXECUTE,
main_always_active,2022-09-23 13:15:00,2022-09-23,NORMAL,proxy_hardened_no_worst_hours,True,True,119,1.4168241135305506,1.9128594180785534,2,0.6778484514117716,EXECUTE,
main_always_active,2022-09-26 10:00:00,2022-09-26,NORMAL,proxy_hardened_no_worst_hours,True,True,120,1.5559109832397533,0.8670046880219036,0,0.0,EXECUTE,
main_always_active,2022-09-29 14:00:00,2022-09-29,NORMAL,proxy_hardened_no_worst_hours,True,False,121,1.4093696049160294,1.2980871807621068,1,0.4348526859130646,EXECUTE,
main_always_active,2022-09-29 14:45:00,2022-09-29,NORMAL,proxy_hardened_no_worst_hours,True,False,122,1.253994749891859,1.7639821881009186,2,0.9048223522916657,EXECUTE,
main_always_active,2022-09-30 13:30:00,2022-09-30,NORMAL,proxy_hardened_no_worst_hours,True,True,123,1.265460768955845,0.7483141811443927,0,0.0,EXECUTE,
main_always_active,2022-10-04 13:15:00,2022-10-04,NORMAL,proxy_hardened_no_worst_hours,True,True,124,1.2422294997216368,1.1723545962520219,1,0.0,EXECUTE,
main_always_active,2022-10-05 22:00:00,2022-10-05,NORMAL,proxy_hardened_no_worst_hours,True,True,125,1.2485946535154278,0.39223669361193203,0,0.0,EXECUTE,
main_always_active,2022-10-11 10:15:00,2022-10-11,NORMAL,proxy_hardened_no_worst_hours,True,True,126,1.363454879394075,0.0,0,0.0,EXECUTE,
main_always_active,2022-10-12 22:15:00,2022-10-12,NORMAL,proxy_hardened_no_worst_hours,True,False,127,1.4029678799490062,0.3282236051378168,1,0.3282236051378227,EXECUTE,
main_always_active,2022-10-18 10:00:00,2022-10-18,NORMAL,proxy_hardened_no_worst_hours,True,False,128,1.4477751338390026,0.5834542180293104,2,0.0,EXECUTE,
main_always_active,2022-10-18 14:30:00,2022-10-18,NORMAL,proxy_hardened_no_worst_hours,True,True,129,1.4396880627662898,0.8935174321116025,3,0.31188290806471414,EXECUTE,
main_always_active,2022-10-19 14:00:00,2022-10-19,NORMAL,proxy_hardened_no_worst_hours,True,True,130,1.539948638393102,0.27802761866304937,0,0.0,EXECUTE,
main_always_active,2022-10-25 18:30:00,2022-10-25,NORMAL,proxy_hardened_no_worst_hours,True,True,131,1.5591945666594895,0.0,0,0.0,EXECUTE,
main_always_active,2022-10-26 14:15:00,2022-10-26,NORMAL,proxy_hardened_no_worst_hours,True,True,132,1.440952547577789,0.30377983637136036,1,0.3037798363713663,EXECUTE,
main_always_active,2022-10-28 13:30:00,2022-10-28,NORMAL,proxy_hardened_no_worst_hours,True,True,133,1.4272118174003994,0.6916590507093165,2,0.6916590507093284,EXECUTE,
main_always_active,2022-10-31 13:45:00,2022-10-31,NORMAL,proxy_hardened_no_worst_hours,True,True,134,1.4390338790538602,0.0,0,0.0,EXECUTE,
main_always_active,2022-10-31 15:30:00,2022-10-31,NORMAL,proxy_hardened_no_worst_hours,True,True,135,1.3178177720197366,0.29837973717526917,1,0.0,EXECUTE,
main_always_active,2022-11-01 18:15:00,2022-11-01,NORMAL,proxy_hardened_no_worst_hours,True,True,136,1.218694791861527,0.585046139692571,2,0.0,EXECUTE,
main_always_active,2022-11-02 13:15:00,2022-11-02,NORMAL,proxy_hardened_no_worst_hours,True,True,137,1.3128055412014281,0.0,0,0.0,EXECUTE,
main_always_active,2022-11-03 13:45:00,2022-11-03,NORMAL,proxy_hardened_no_worst_hours,True,True,138,1.3232442639653923,0.26950062740652053,1,0.0,EXECUTE,
main_always_active,2022-11-04 10:00:00,2022-11-04,NORMAL,proxy_hardened_no_worst_hours,True,True,139,1.2026013462495564,0.6956416247118702,2,0.0,EXECUTE,
main_always_active,2022-11-07 13:00:00,2022-11-07,NORMAL,proxy_hardened_no_worst_hours,True,True,140,1.2857866736745454,0.10554523519610574,0,0.0,EXECUTE,
main_always_active,2022-11-09 15:15:00,2022-11-09,NORMAL,proxy_hardened_no_worst_hours,True,True,141,1.2029917230118643,0.37748378735251453,1,0.2722258735949652,EXECUTE,
main_always_active,2022-11-11 13:00:00,2022-11-11,NORMAL,proxy_hardened_no_worst_hours,True,True,142,1.191784216518208,0.8166856888467476,2,0.7118918215480485,EXECUTE,
main_always_active,2022-11-11 14:45:00,2022-11-11,NORMAL,proxy_hardened_no_worst_hours,True,True,143,1.1999157786861911,1.1907281394712654,3,1.0863294732727478,EXECUTE,
main_always_active,2022-11-14 14:00:00,2022-11-14,NORMAL,proxy_hardened_no_worst_hours,True,True,144,1.31491031941736,0.37623782117986637,0,0.0,EXECUTE,
main_always_active,2022-11-14 21:00:00,2022-11-14,NORMAL,proxy_hardened_no_worst_hours,True,True,145,1.309422365319752,0.0,0,0.0,EXECUTE,
main_always_active,2022-11-15 10:00:00,2022-11-15,NORMAL,proxy_hardened_no_worst_hours,True,True,146,1.3332268949373682,0.26179585921449966,1,0.0,EXECUTE,
main_always_active,2022-11-15 19:30:00,2022-11-15,NORMAL,proxy_hardened_no_worst_hours,True,True,147,1.4379032606148068,0.0,0,0.0,EXECUTE,
main_always_active,2022-11-21 10:45:00,2022-11-21,NORMAL,proxy_hardened_no_worst_hours,True,True,148,1.3057142169615952,0.5299683018033445,1,0.0,EXECUTE,
main_always_active,2022-11-24 10:15:00,2022-11-24,NORMAL,proxy_hardened_no_worst_hours,True,True,149,1.217491970005871,0.7919214595677712,2,0.26334882304976837,EXECUTE,
main_always_active,2022-11-29 15:30:00,2022-11-29,NORMAL,proxy_hardened_no_worst_hours,True,False,150,1.2332832374507094,1.0044619494682316,3,0.0,EXECUTE,
main_always_active,2022-11-30 10:45:00,2022-11-30,NORMAL,proxy_hardened_no_worst_hours,True,True,151,1.2248084391152105,1.3431286423387638,4,0.3421029872050064,EXECUTE,
main_always_active,2022-11-30 14:30:00,2022-11-30,NORMAL,proxy_hardened_no_worst_hours,True,True,152,1.3006398595727162,0.9186216795718561,0,0.0,EXECUTE,
main_always_active,2022-12-01 10:00:00,2022-12-01,NORMAL,proxy_hardened_no_worst_hours,True,True,153,1.2915637842237755,1.2760356559957504,1,0.2743292393531039,EXECUTE,
main_always_active,2022-12-02 13:00:00,2022-12-02,NORMAL,proxy_hardened_no_worst_hours,True,False,154,1.3065815361655806,0.7416177769112613,0,0.0,EXECUTE,
main_always_active,2022-12-02 21:00:00,2022-12-02,NORMAL,proxy_hardened_no_worst_hours,True,True,155,1.194245837352527,0.9405432590570103,1,0.0,EXECUTE,
main_always_active,2022-12-07 21:30:00,2022-12-07,NORMAL,proxy_hardened_no_worst_hours,True,True,156,1.1895808569417523,0.4243862128046177,0,0.0,EXECUTE,
main_always_active,2022-12-08 13:00:00,2022-12-08,NORMAL,proxy_hardened_no_worst_hours,True,True,157,1.0920741689498152,0.671882879779516,1,0.0,EXECUTE,
main_always_active,2022-12-08 15:45:00,2022-12-08,NORMAL,proxy_hardened_no_worst_hours,True,True,158,1.1843444816197415,0.24006921575982296,0,0.0,EXECUTE,
main_always_active,2022-12-09 13:45:00,2022-12-09,NORMAL,proxy_hardened_no_worst_hours,True,False,159,1.1951880451401875,0.0,0,0.0,EXECUTE,
main_always_active,2022-12-09 15:45:00,2022-12-09,NORMAL,proxy_hardened_no_worst_hours,True,False,160,1.1927921803249675,0.38798273870167604,1,0.0,EXECUTE,
main_always_active,2022-12-13 10:45:00,2022-12-13,NORMAL,proxy_hardened_no_worst_hours,True,False,161,1.1062108836015752,0.8212438647251068,2,0.4349486517143038,EXECUTE,
main_always_active,2022-12-13 18:00:00,2022-12-13,NORMAL,proxy_hardened_no_worst_hours,True,True,162,1.178638420111984,0.394634609232697,0,0.006677779161507895,EXECUTE,
main_always_active,2022-12-15 13:45:00,2022-12-15,NORMAL,proxy_hardened_no_worst_hours,True,True,163,1.1491620248958927,0.9049285403644356,1,0.5189592740670488,EXECUTE,
main_always_active,2022-12-15 15:15:00,2022-12-15,NORMAL,proxy_hardened_no_worst_hours,True,True,164,1.1410823228220686,1.310241314850185,2,0.9258507171170924,EXECUTE,
main_always_active,2022-12-16 18:00:00,2022-12-16,NORMAL,proxy_hardened_no_worst_hours,True,True,165,1.1245220418374795,1.8177553173811762,3,1.4353414557693436,EXECUTE,
main_always_active,2022-12-19 10:00:00,2022-12-19,NORMAL,proxy_hardened_no_worst_hours,True,True,166,1.2120816332016835,1.190404002128774,0,0.0,EXECUTE,
main_always_active,2022-12-20 13:30:00,2022-12-20,NORMAL,proxy_hardened_no_worst_hours,True,False,167,1.1437914594468266,1.4133810625898153,1,0.0,EXECUTE,
main_always_active,2022-12-21 14:15:00,2022-12-21,NORMAL,proxy_hardened_no_worst_hours,True,True,168,1.2390406364210755,0.7601037775293739,0,0.0,EXECUTE,
main_always_active,2022-12-21 15:45:00,2022-12-21,NORMAL,proxy_hardened_no_worst_hours,True,True,169,1.3479361738461941,0.3398644239468408,0,0.0,EXECUTE,
main_always_active,2022-12-22 13:00:00,2022-12-22,NORMAL,proxy_hardened_no_worst_hours,True,False,170,1.2104875883857282,0.6350024619984168,1,0.0,EXECUTE,
main_always_active,2022-12-23 14:45:00,2022-12-23,NORMAL,proxy_hardened_no_worst_hours,True,True,171,1.236827129463848,0.8371182162532914,2,0.0,EXECUTE,
main_always_active,2022-12-27 13:00:00,2022-12-27,NORMAL,proxy_hardened_no_worst_hours,True,True,172,1.2583317407140293,1.120682529291338,3,0.0,EXECUTE,
main_always_active,2022-12-27 14:30:00,2022-12-27,NORMAL,proxy_hardened_no_worst_hours,True,True,173,1.1393683839815714,1.2867328684724155,4,0.1679323274356873,EXECUTE,
main_always_active,2022-12-28 18:15:00,2022-12-28,NORMAL,proxy_hardened_no_worst_hours,True,False,174,1.2395596858150935,0.7874604100288523,0,0.0,EXECUTE,
main_always_active,2022-12-29 13:15:00,2022-12-29,NORMAL,proxy_hardened_no_worst_hours,True,False,175,1.1247053716052142,1.0991097343111402,1,0.0,EXECUTE,
main_always_active,2022-12-30 13:30:00,2022-12-30,NORMAL,proxy_hardened_no_worst_hours,True,True,176,1.1116576227585504,0.7039498956422084,0,0.0,EXECUTE,
main_always_active,2022-12-30 18:00:00,2022-12-30,NORMAL,proxy_hardened_no_worst_hours,True,True,177,1.119754200354373,0.9537221631862745,1,0.0,EXECUTE,
main_always_active,2023-01-03 13:15:00,2023-01-03,NORMAL,proxy_hardened_no_worst_hours,True,True,178,1.110377722691334,1.2883200485455497,2,0.0,EXECUTE,
main_always_active,2023-01-03 18:15:00,2023-01-03,NORMAL,proxy_hardened_no_worst_hours,True,True,179,1.2155796661401006,0.6027777478226781,0,0.0,EXECUTE,
main_always_active,2023-01-04 13:15:00,2023-01-04,NORMAL,proxy_hardened_no_worst_hours,True,True,180,1.2412146994212703,0.0,0,0.0,EXECUTE,
main_always_active,2023-01-04 15:30:00,2023-01-04,NORMAL,proxy_hardened_no_worst_hours,True,False,181,1.1251766649253783,0.3396586982121059,1,0.0,EXECUTE,
main_always_active,2023-01-04 21:00:00,2023-01-04,NORMAL,,False,True,182,1.1062481347349966,0.8104579546293561,2,0.0,SKIP,daily_trade_limit
main_always_active,2023-01-06 13:30:00,2023-01-06,NORMAL,proxy_hardened_no_worst_hours,True,True,182,1.1062481347349966,0.8104579546293561,2,0.0,EXECUTE,
main_always_active,2023-01-06 14:45:00,2023-01-06,NORMAL,proxy_hardened_no_worst_hours,True,True,183,1.1069127437317061,1.1860084334906362,3,0.0,EXECUTE,
main_always_active,2023-01-09 15:00:00,2023-01-09,NORMAL,proxy_hardened_no_worst_hours,True,True,184,1.108064759661492,0.25551888234517744,0,0.0,EXECUTE,
main_always_active,2023-01-10 10:00:00,2023-01-10,NORMAL,proxy_hardened_no_worst_hours,True,True,185,1.105721700310061,0.5714801931840767,1,0.3167707198418417,EXECUTE,
main_always_active,2023-01-10 14:30:00,2023-01-10,NORMAL,proxy_hardened_no_worst_hours,True,True,186,1.1105257249492104,0.8099880285347847,2,0.5558895489521751,EXECUTE,
main_always_active,2023-01-11 10:30:00,2023-01-11,NORMAL,proxy_hardened_no_worst_hours,True,True,187,1.0196359274084799,1.1210850166316058,3,0.867783484948362,EXECUTE,
main_always_active,2023-01-12 10:15:00,2023-01-12,NORMAL,proxy_hardened_no_worst_hours,True,True,188,1.0216475663954274,1.366336177367301,4,1.1136629140532284,EXECUTE,
main_always_active,2023-01-13 14:00:00,2023-01-13,NORMAL,proxy_hardened_no_worst_hours,True,True,189,1.0997724327655598,1.0101617424677445,0,0.7565760548019173,EXECUTE,
main_always_active,2023-01-17 14:30:00,2023-01-17,NORMAL,proxy_hardened_no_worst_hours,True,True,190,1.107770870527498,0.3474509024500883,0,0.0,EXECUTE,
main_always_active,2023-01-18 15:15:00,2023-01-18,NORMAL,proxy_hardened_no_worst_hours,True,True,191,1.100263579010338,0.6844061088937492,1,0.33813004232718746,EXECUTE,
main_always_active,2023-01-19 14:00:00,2023-01-19,NORMAL,proxy_hardened_no_worst_hours,True,True,192,1.1017302564340496,1.1042979852406205,2,0.7594859234856765,EXECUTE,
main_always_active,2023-01-23 19:45:00,2023-01-23,NORMAL,proxy_hardened_no_worst_hours,True,True,193,1.211653531886953,0.4398478158987816,0,0.0,EXECUTE,
main_always_active,2023-01-24 10:15:00,2023-01-24,NORMAL,proxy_hardened_no_worst_hours,True,True,194,1.1925286425093942,0.0,0,0.0,EXECUTE,
main_always_active,2023-02-01 14:30:00,2023-02-01,NORMAL,proxy_hardened_no_worst_hours,True,True,195,1.0999636888983857,0.2421067928306052,1,0.0,EXECUTE,
main_always_active,2023-02-01 19:30:00,2023-02-01,NORMAL,proxy_hardened_no_worst_hours,True,True,196,1.0961660924587349,0.5351958667212531,2,0.29380038457908203,EXECUTE,
main_always_active,2023-02-02 10:15:00,2023-02-02,NORMAL,proxy_hardened_no_worst_hours,True,True,197,1.1341338787713071,0.0,0,0.0,EXECUTE,
main_always_active,2023-02-03 13:15:00,2023-02-03,NORMAL,proxy_hardened_no_worst_hours,True,True,198,1.162478131611228,0.28009066149156736,1,0.0,EXECUTE,
main_always_active,2023-02-06 10:00:00,2023-02-06,NORMAL,proxy_hardened_no_worst_hours,True,True,199,1.2521494106759168,0.0,0,0.0,EXECUTE,
main_always_active,2023-02-07 13:00:00,2023-02-07,NORMAL,proxy_hardened_no_worst_hours,True,True,200,1.3508221500302984,0.0,0,0.0,EXECUTE,
main_always_active,2023-02-14 14:45:00,2023-02-14,NORMAL,proxy_hardened_no_worst_hours,True,True,201,1.3525273984032196,0.31955354199732827,1,0.0,EXECUTE,
main_always_active,2023-02-14 15:45:00,2023-02-14,NORMAL,proxy_hardened_no_worst_hours,True,False,202,1.219000749145223,0.9815010417768423,2,0.6640695575720672,EXECUTE,
main_always_active,2023-02-15 14:45:00,2023-02-15,NORMAL,proxy_hardened_no_worst_hours,True,True,203,1.412256095848818,0.0,0,0.0,EXECUTE,
main_always_active,2023-02-16 15:00:00,2023-02-16,NORMAL,proxy_hardened_no_worst_hours,True,True,204,1.3041919281638117,0.3819331918855502,1,0.0,EXECUTE,
main_always_active,2023-02-17 14:30:00,2023-02-17,NORMAL,proxy_hardened_no_worst_hours,True,True,205,1.2763754712636732,0.7893075622211649,2,0.051773197668604116,EXECUTE,
main_always_active,2023-02-20 14:45:00,2023-02-20,NORMAL,proxy_hardened_no_worst_hours,True,False,206,1.1887919358872159,1.1047950176843875,3,0.0,EXECUTE,
main_always_active,2023-02-21 10:00:00,2023-02-21,NORMAL,proxy_hardened_no_worst_hours,True,True,207,1.1936501179353323,1.3036861322444522,4,0.20111300097475504,EXECUTE,
main_always_active,2023-02-23 10:45:00,2023-02-23,NORMAL,proxy_hardened_no_worst_hours,True,False,208,1.12535191906942,1.554810575877743,5,0.4550428489165258,EXECUTE,
main_always_active,2023-02-23 15:00:00,2023-02-23,NORMAL,proxy_hardened_no_worst_hours,True,False,209,1.0977434232378769,1.160948262051752,0,0.0567805530889216,EXECUTE,
main_always_active,2023-02-27 10:00:00,2023-02-27,NORMAL,proxy_hardened_no_worst_hours,True,True,210,1.2189610678600749,0.34536488103640617,0,0.0,EXECUTE,
main_always_active,2023-02-27 19:30:00,2023-02-27,NORMAL,proxy_hardened_no_worst_hours,True,False,211,1.245000100353229,0.5565348239431923,1,0.21190177722762815,EXECUTE,
main_always_active,2023-02-28 10:00:00,2023-02-28,NORMAL,proxy_hardened_no_worst_hours,True,True,212,1.1747835621567002,0.7961964527664862,2,0.45239398166669054,EXECUTE,
main_always_active,2023-02-28 21:00:00,2023-02-28,NORMAL,proxy_hardened_no_worst_hours,True,True,213,1.2032235855457958,1.0544062550331832,3,0.7114986404298905,EXECUTE,
main_always_active,2023-03-01 10:15:00,2023-03-01,NORMAL,proxy_hardened_no_worst_hours,True,False,214,1.223310473194093,1.2874401299350076,4,0.945340121685272,EXECUTE,
main_always_active,2023-03-01 13:15:00,2023-03-01,NORMAL,proxy_hardened_no_worst_hours,True,True,215,1.3393237253512482,0.8167795933312263,0,0.4730484555305363,EXECUTE,
main_always_active,2023-03-01 15:15:00,2023-03-01,NORMAL,,False,True,216,1.3348821515803921,0.24444471938131995,0,0.0,SKIP,daily_trade_limit
main_always_active,2023-03-02 15:00:00,2023-03-02,NORMAL,proxy_hardened_no_worst_hours,True,True,216,1.3348821515803921,0.24444471938131995,0,0.0,EXECUTE,
main_always_active,2023-03-02 19:00:00,2023-03-02,NORMAL,proxy_hardened_no_worst_hours,True,True,217,1.320523501541921,0.5635623841588611,1,0.2189536922813673,EXECUTE,
main_always_active,2023-03-03 13:00:00,2023-03-03,NORMAL,proxy_hardened_no_worst_hours,True,True,218,1.3088232251747893,0.03449377350402928,0,0.0,EXECUTE,
main_always_active,2023-03-10 10:00:00,2023-03-10,NORMAL,proxy_hardened_no_worst_hours,True,True,219,1.2373689568170114,0.2446854620194064,1,0.0,EXECUTE,
main_always_active,2023-03-13 10:15:00,2023-03-13,NORMAL,proxy_hardened_no_worst_hours,True,True,220,1.3303176682734519,0.0,0,0.0,EXECUTE,
main_always_active,2023-03-15 10:00:00,2023-03-15,NORMAL,proxy_hardened_no_worst_hours,True,True,221,1.459480761562143,0.0,0,0.0,EXECUTE,
main_always_active,2023-03-15 14:15:00,2023-03-15,NORMAL,proxy_hardened_no_worst_hours,True,True,222,1.6014140937983483,0.0,0,0.0,EXECUTE,
main_always_active,2023-03-16 14:00:00,2023-03-16,NORMAL,proxy_hardened_no_worst_hours,True,True,223,1.5076377928719997,0.6980296985247229,1,0.0,EXECUTE,
main_always_active,2023-03-17 10:15:00,2023-03-17,NORMAL,proxy_hardened_no_worst_hours,True,True,224,1.3847382077702066,1.1690800095611849,2,0.0,EXECUTE,
main_always_active,2023-03-20 18:15:00,2023-03-20,NORMAL,proxy_hardened_no_worst_hours,True,True,225,1.4846990266813145,0.6457367815497105,0,0.0,EXECUTE,
main_always_active,2023-03-22 18:00:00,2023-03-22,NORMAL,proxy_hardened_no_worst_hours,True,True,226,1.370026108018985,1.1538617661400326,1,0.5114274598092615,EXECUTE,
main_always_active,2023-03-23 10:15:00,2023-03-23,NORMAL,proxy_hardened_no_worst_hours,True,True,227,1.5056685605801303,0.17392605077959628,0,0.0,EXECUTE,
main_always_active,2023-03-23 13:15:00,2023-03-23,NORMAL,proxy_hardened_no_worst_hours,True,False,228,1.4973573918679133,0.5482090044719169,1,0.0,EXECUTE,
main_always_active,2023-03-23 19:00:00,2023-03-23,NORMAL,,False,True,229,1.518591967847154,0.0,0,0.0,SKIP,daily_trade_limit
main_always_active,2023-03-24 14:30:00,2023-03-24,NORMAL,proxy_hardened_no_worst_hours,True,True,229,1.518591967847154,0.0,0,0.0,EXECUTE,
main_always_active,2023-03-27 14:45:00,2023-03-27,NORMAL,proxy_hardened_no_worst_hours,True,True,230,1.3554420787141586,0.5615776815087734,1,0.0,EXECUTE,
main_always_active,2023-03-30 13:00:00,2023-03-30,NORMAL,proxy_hardened_no_worst_hours,True,True,231,1.3341027758785664,1.0505727803393217,2,0.4917566946751749,EXECUTE,
main_always_active,2023-03-30 14:15:00,2023-03-30,NORMAL,proxy_hardened_no_worst_hours,True,True,232,1.3521367762200927,1.3630229923888957,3,0.8059714667567685,EXECUTE,
main_always_active,2023-04-03 13:30:00,2023-04-03,NORMAL,proxy_hardened_no_worst_hours,True,True,233,1.4724758256811874,0.6590273875047908,0,0.0,EXECUTE,
main_always_active,2023-04-03 19:00:00,2023-04-03,NORMAL,proxy_hardened_no_worst_hours,True,True,234,1.452857105566172,0.0,0,0.0,EXECUTE,
main_always_active,2023-04-04 10:00:00,2023-04-04,NORMAL,proxy_hardened_no_worst_hours,True,True,235,1.4492330541572847,0.32731379295504887,1,0.0,EXECUTE,
main_always_active,2023-04-05 10:00:00,2023-04-05,NORMAL,proxy_hardened_no_worst_hours,True,True,236,1.449323896871443,0.5551028558159653,2,0.0,EXECUTE,
main_always_active,2023-04-05 14:00:00,2023-04-05,NORMAL,proxy_hardened_no_worst_hours,True,False,237,1.5418542107470168,0.09720621593848429,0,0.0,EXECUTE,
main_always_active,2023-04-06 10:00:00,2023-04-06,NORMAL,proxy_hardened_no_worst_hours,True,True,238,1.5067195508934201,0.5562857152314794,1,0.0,EXECUTE,
main_always_active,2023-04-11 10:00:00,2023-04-11,NORMAL,proxy_hardened_no_worst_hours,True,True,239,1.4369515366084198,0.7966375611169054,2,0.0,EXECUTE,
main_always_active,2023-04-11 14:15:00,2023-04-11,NORMAL,proxy_hardened_no_worst_hours,True,True,240,1.3414545214459734,1.0410913320035748,3,0.24641681983035355,EXECUTE,
main_always_active,2023-04-12 19:30:00,2023-04-12,NORMAL,proxy_hardened_no_worst_hours,True,True,241,1.443500388917657,0.4533605494334272,0,0.0,EXECUTE,
main_always_active,2023-04-13 15:00:00,2023-04-13,NORMAL,proxy_hardened_no_worst_hours,True,True,242,1.5767674874053146,0.0,0,0.0,EXECUTE,
main_always_active,2023-04-20 14:15:00,2023-04-20,NORMAL,proxy_hardened_no_worst_hours,True,True,243,1.4408586215355523,0.46269318867731046,1,0.0,EXECUTE,
main_always_active,2023-04-20 18:30:00,2023-04-20,NORMAL,proxy_hardened_no_worst_hours,True,True,244,1.3232431808864265,0.9092743893058167,2,0.44865710650080787,EXECUTE,
main_always_active,2023-04-21 10:45:00,2023-04-21,NORMAL,proxy_hardened_no_worst_hours,True,True,245,1.3119374790108258,1.2313300732253634,3,0.7722098469120215,EXECUTE,
main_always_active,2023-04-21 14:15:00,2023-04-21,NORMAL,proxy_hardened_no_worst_hours,True,True,246,1.3044664490691875,1.5723890878436353,4,1.1148542538626431,EXECUTE,
main_always_active,2023-04-25 18:45:00,2023-04-25,NORMAL,proxy_hardened_no_worst_hours,True,False,247,1.1463861855138766,2.2120948016370234,5,0.6499250645881384,EXECUTE,
main_always_active,2023-04-26 13:45:00,2023-04-26,NORMAL,proxy_hardened_no_worst_hours,True,False,248,1.243549322426383,1.451363427838384,0,0.0,EXECUTE,
main_always_active,2023-04-27 10:00:00,2023-04-27,NORMAL,proxy_hardened_no_worst_hours,True,False,249,1.1505187408570965,1.883817118670238,1,0.3164031189424677,EXECUTE,
main_always_active,2023-04-28 10:15:00,2023-04-28,NORMAL,proxy_hardened_no_worst_hours,True,True,250,1.0718641667393247,2.1403628442206233,2,0.5770471833192312,EXECUTE,
main_always_active,2023-04-28 14:00:00,2023-04-28,NORMAL,proxy_hardened_no_worst_hours,True,True,251,1.0789234005735322,2.3738694578426123,3,0.8142840840811447,EXECUTE,
main_always_active,2023-05-02 14:00:00,2023-05-02,NORMAL,proxy_hardened_no_worst_hours,True,True,252,1.102142628074213,2.7713054002433237,4,0.0,EXECUTE,
main_always_active,2023-05-03 14:30:00,2023-05-03,NORMAL,proxy_hardened_no_worst_hours,True,True,253,1.0427342490663511,2.085871195082996,0,0.0,EXECUTE,
main_always_active,2023-05-03 18:00:00,2023-05-03,NORMAL,proxy_hardened_no_worst_hours,True,True,254,1.1422560937196915,1.3789406708579075,0,0.0,EXECUTE,
main_always_active,2023-05-04 15:00:00,2023-05-04,NORMAL,proxy_hardened_no_worst_hours,True,True,255,1.1356507268196083,1.8398295375434834,1,0.0,EXECUTE,
main_always_active,2023-05-08 15:15:00,2023-05-08,NORMAL,proxy_hardened_no_worst_hours,True,False,256,1.1065371929473256,2.43835533850592,2,0.0,EXECUTE,
main_always_active,2023-05-09 13:45:00,2023-05-09,NORMAL,proxy_hardened_no_worst_hours,True,False,257,1.0968683600005216,2.7322439680098802,3,0.3012337794464821,EXECUTE,
main_always_active,2023-05-10 13:45:00,2023-05-10,NORMAL,proxy_hardened_no_worst_hours,True,False,258,1.0948713432246449,2.9978074462897135,4,0.573434477990725,EXECUTE,
main_always_active,2023-05-11 13:00:00,2023-05-11,NORMAL,proxy_hardened_no_worst_hours,True,True,259,1.0193320380392965,3.4719628775659066,5,1.0594404621265583,EXECUTE,
main_always_active,2023-05-12 10:30:00,2023-05-12,NORMAL,proxy_hardened_no_worst_hours,True,True,260,0.9210377704985857,3.88480112623678,6,1.482596765101245,EXECUTE,
main_always_active,2023-05-16 10:00:00,2023-05-16,NORMAL,proxy_hardened_no_worst_hours,True,True,261,0.9157220348051892,4.162319369306148,7,0.0,EXECUTE,
main_always_active,2023-05-16 14:00:00,2023-05-16,NORMAL,proxy_hardened_no_worst_hours,True,True,262,0.9620680414970225,3.810556605414165,0,0.0,EXECUTE,
main_always_active,2023-05-17 13:00:00,2023-05-17,NORMAL,proxy_hardened_no_worst_hours,True,True,263,1.0411272280347688,3.1076759535107974,0,0.0,EXECUTE,
main_always_active,2023-05-17 14:45:00,2023-05-17,NORMAL,proxy_hardened_no_worst_hours,True,True,264,1.1029842697116807,2.6187891700808748,0,0.0,EXECUTE,
main_always_active,2023-05-18 10:30:00,2023-05-18,NORMAL,proxy_hardened_no_worst_hours,True,True,265,1.1218037106659808,1.9395785465460134,0,0.0,EXECUTE,
main_always_active,2023-05-19 13:45:00,2023-05-19,NORMAL,proxy_hardened_no_worst_hours,True,True,266,1.1095880144460237,1.5251910043988472,0,0.0,EXECUTE,
main_always_active,2023-05-22 13:00:00,2023-05-22,NORMAL,proxy_hardened_no_worst_hours,True,False,267,1.112881066206708,1.8014069388092524,1,0.0,EXECUTE,
main_always_active,2023-05-26 13:00:00,2023-05-26,NORMAL,proxy_hardened_no_worst_hours,True,False,268,1.0420579254152222,2.101267865139063,2,0.30536173379079173,EXECUTE,
main_always_active,2023-05-26 15:45:00,2023-05-26,NORMAL,proxy_hardened_no_worst_hours,True,True,269,1.107928638265175,1.538364656958145,0,0.0,EXECUTE,
main_always_active,2023-05-30 14:00:00,2023-05-30,NORMAL,proxy_hardened_no_worst_hours,True,False,270,1.033591166245412,1.906647538093119,1,0.3740369331180373,EXECUTE,
main_always_active,2023-05-31 15:45:00,2023-05-31,NORMAL,proxy_hardened_no_worst_hours,True,True,271,1.0202789084985509,1.1774856076468643,0,0.0,EXECUTE,
main_always_active,2023-05-31 18:00:00,2023-05-31,NORMAL,proxy_hardened_no_worst_hours,True,True,272,0.9200908268964415,1.601108600467133,1,0.06372425492467577,EXECUTE,
main_always_active,2023-06-01 19:00:00,2023-06-01,NORMAL,proxy_hardened_no_worst_hours,True,True,273,0.9457544247667966,1.953689461407873,2,0.4218138394743826,EXECUTE,
main_always_active,2023-06-02 10:15:00,2023-06-02,NORMAL,proxy_hardened_no_worst_hours,True,True,274,1.024403476214778,1.4710205436540684,0,0.0,EXECUTE,
main_always_active,2023-06-05 10:00:00,2023-06-05,NORMAL,proxy_hardened_no_worst_hours,True,True,275,0.9648597321337113,1.6580568835518124,1,0.0,EXECUTE,
main_always_active,2023-06-06 13:00:00,2023-06-06,NORMAL,proxy_hardened_no_worst_hours,True,True,276,0.9854589206752521,1.913263372630037,2,0.25950930090534874,EXECUTE,
main_always_active,2023-06-06 18:15:00,2023-06-06,NORMAL,proxy_hardened_no_worst_hours,True,True,277,0.8828129422913614,2.1707942752289067,3,0.5213822052203765,EXECUTE,
main_always_active,2023-06-07 13:00:00,2023-06-07,NORMAL,proxy_hardened_no_worst_hours,True,False,278,0.8921082014918877,2.4182059897825905,4,0.7729653107735432,EXECUTE,
main_always_active,2023-06-07 15:00:00,2023-06-07,NORMAL,proxy_hardened_no_worst_hours,True,False,279,0.8046241564699602,2.6390068122718597,5,0.9974888614500044,EXECUTE,
main_always_active,2023-06-08 18:30:00,2023-06-08,NORMAL,proxy_hardened_no_worst_hours,True,True,280,0.9035651111037363,1.951918107589555,0,0.2988157593040492,EXECUTE,
main_always_active,2023-06-14 15:45:00,2023-06-14,NORMAL,proxy_hardened_no_worst_hours,True,False,281,0.9213473552155543,2.217605705554524,1,0.0,EXECUTE,
main_always_active,2023-06-15 10:15:00,2023-06-15,NORMAL,proxy_hardened_no_worst_hours,True,True,282,0.9243271694008242,2.492818531156541,2,0.28145437385516797,EXECUTE,
main_always_active,2023-06-19 14:00:00,2023-06-19,NORMAL,proxy_hardened_no_worst_hours,True,True,283,0.9101583515203293,1.950075889934063,0,0.0,EXECUTE,
main_always_active,2023-06-21 10:00:00,2023-06-21,NORMAL,proxy_hardened_no_worst_hours,True,True,284,0.8350807504317135,2.1279080904516094,1,0.1813690343277848,EXECUTE,
main_always_active,2023-06-21 13:45:00,2023-06-21,NORMAL,proxy_hardened_no_worst_hours,True,True,285,0.8966577533145296,1.7175907357897917,0,0.0,EXECUTE,
main_always_active,2023-06-22 10:15:00,2023-06-22,NORMAL,proxy_hardened_no_worst_hours,True,True,286,0.8810755160658758,2.1409805204467913,1,0.194701456676749,EXECUTE,
main_always_active,2023-06-22 13:30:00,2023-06-22,NORMAL,proxy_hardened_no_worst_hours,True,True,287,0.8246493697444304,2.3594294893959256,2,0.4174950701668726,EXECUTE,
main_always_active,2023-06-23 14:45:00,2023-06-23,NORMAL,proxy_hardened_no_worst_hours,True,False,288,0.9163422943263456,1.7240444624907696,0,0.0,EXECUTE,
main_always_active,2023-06-27 13:45:00,2023-06-27,NORMAL,proxy_hardened_no_worst_hours,True,False,289,0.9071661210845896,2.0755621678233758,1,0.0,EXECUTE,
main_always_active,2023-06-28 14:45:00,2023-06-28,NORMAL,proxy_hardened_no_worst_hours,True,True,290,0.9830662039396885,1.4682499155243243,0,0.0,EXECUTE,
main_always_active,2023-07-02 22:00:00,2023-07-02,NORMAL,proxy_hardened_no_worst_hours,True,False,291,0.902193228480083,1.796918001672827,1,0.0,EXECUTE,
main_always_active,2023-07-03 10:00:00,2023-07-03,NORMAL,proxy_hardened_no_worst_hours,True,True,292,0.8260037903789248,1.9901629897180737,2,0.19678098091518567,EXECUTE,
main_always_active,2023-07-04 13:15:00,2023-07-04,NORMAL,proxy_hardened_no_worst_hours,True,True,293,0.8468925356557889,2.170736807392308,3,0.3806589346410325,EXECUTE,
main_always_active,2023-07-06 10:00:00,2023-07-06,NORMAL,proxy_hardened_no_worst_hours,True,False,294,0.8693008399268446,2.329749392348048,4,0.5425811286496222,EXECUTE,
main_always_active,2023-07-06 13:30:00,2023-07-06,NORMAL,proxy_hardened_no_worst_hours,True,False,295,0.8820224541866827,2.495049362279244,5,0.7109057540763652,EXECUTE,
main_always_active,2023-07-07 18:30:00,2023-07-07,NORMAL,proxy_hardened_no_worst_hours,True,True,296,0.8733282251795055,2.9427446199384546,6,1.166792930475618,EXECUTE,
main_always_active,2023-07-11 22:15:00,2023-07-11,NORMAL,proxy_hardened_no_worst_hours,True,True,297,0.9037415334669426,3.218390451449118,7,0.2840033240495844,EXECUTE,
main_always_active,2023-07-12 22:00:00,2023-07-12,NORMAL,proxy_hardened_no_worst_hours,True,True,298,0.8555668399716754,2.9612821483409237,0,0.019099580273406674,EXECUTE,
main_always_active,2023-07-18 18:15:00,2023-07-18,NORMAL,proxy_hardened_no_worst_hours,True,True,299,0.9284436329147417,2.6009297317910636,0,0.0,EXECUTE,
main_always_active,2023-07-19 13:00:00,2023-07-19,NORMAL,proxy_hardened_no_worst_hours,True,True,300,0.9223659902808276,2.923509966905661,1,0.3311943678993136,EXECUTE,
main_always_active,2023-07-21 14:45:00,2023-07-21,NORMAL,proxy_hardened_no_worst_hours,True,True,301,0.9218358314671566,3.1628181265238737,2,0.5768929756573064,EXECUTE,
main_always_active,2023-07-25 22:30:00,2023-07-25,NORMAL,proxy_hardened_no_worst_hours,True,True,302,0.9275496744636281,3.49807672577225,3,0.0,EXECUTE,
main_always_active,2023-07-26 10:30:00,2023-07-26,NORMAL,proxy_hardened_no_worst_hours,True,True,303,0.844986909760307,3.6670474897845105,4,0.1750957476071279,EXECUTE,
main_always_active,2023-07-26 15:00:00,2023-07-26,NORMAL,proxy_hardened_no_worst_hours,True,False,304,0.764171880947009,3.8206844825450017,5,0.33430189350321493,EXECUTE,
main_always_active,2023-07-26 19:15:00,2023-07-26,NORMAL,,False,True,305,0.778609109152847,4.089587663382208,6,0.6129524858578094,SKIP,daily_trade_limit
main_always_active,2023-07-28 18:00:00,2023-07-28,NORMAL,proxy_hardened_no_worst_hours,True,True,305,0.778609109152847,4.089587663382208,6,0.6129524858578094,EXECUTE,
main_always_active,2023-08-02 13:30:00,2023-08-02,NORMAL,proxy_hardened_no_worst_hours,True,True,306,0.8063472074431008,4.338546262794845,7,0.25957411020074667,EXECUTE,
main_always_active,2023-08-04 10:00:00,2023-08-04,NORMAL,proxy_hardened_no_worst_hours,True,True,307,0.8883078876557132,3.7953821466957653,0,0.0,EXECUTE,
main_always_active,2023-08-04 14:45:00,2023-08-04,NORMAL,proxy_hardened_no_worst_hours,True,False,308,0.8980727510896325,3.9574500302598357,1,0.0,EXECUTE,
main_always_active,2023-08-07 13:45:00,2023-08-07,NORMAL,proxy_hardened_no_worst_hours,True,False,309,0.9077943523105404,4.330780158755486,2,0.38871326158382913,EXECUTE,
main_always_active,2023-08-07 15:00:00,2023-08-07,NORMAL,proxy_hardened_no_worst_hours,True,False,310,0.9237879026434437,4.582362414907195,3,0.6506620084996281,EXECUTE,
main_always_active,2023-08-08 10:15:00,2023-08-08,NORMAL,proxy_hardened_no_worst_hours,True,False,311,0.9253695672890719,4.844236303344783,4,0.9233264562054637,EXECUTE,
main_always_active,2023-08-08 13:30:00,2023-08-08,NORMAL,proxy_hardened_no_worst_hours,True,True,312,0.9277461552080668,4.470758061083911,0,0.5344589778028846,EXECUTE,
main_always_active,2023-08-08 14:45:00,2023-08-08,NORMAL,,False,True,313,0.8208150535057053,4.804786505403068,1,0.8822511224558574,SKIP,daily_trade_limit
main_always_active,2023-08-09 13:15:00,2023-08-09,NORMAL,proxy_hardened_no_worst_hours,True,True,313,0.8208150535057053,4.804786505403068,1,0.8822511224558574,EXECUTE,
main_always_active,2023-08-10 15:15:00,2023-08-10,NORMAL,proxy_hardened_no_worst_hours,True,True,314,0.7534257628905421,5.00304885721348,2,1.0886829090680248,EXECUTE,
main_always_active,2023-08-15 10:00:00,2023-08-15,NORMAL,proxy_hardened_no_worst_hours,True,True,315,0.6597901884734722,5.345888752698271,3,0.0,EXECUTE,
main_always_active,2023-08-15 13:30:00,2023-08-15,NORMAL,proxy_hardened_no_worst_hours,True,True,316,0.6467741885402514,5.061822359188387,0,0.0,EXECUTE,
main_always_active,2023-08-21 15:00:00,2023-08-21,NORMAL,proxy_hardened_no_worst_hours,True,False,317,0.6449845897340496,5.365819026850266,1,0.0,EXECUTE,
main_always_active,2023-08-22 14:45:00,2023-08-22,NORMAL,proxy_hardened_no_worst_hours,True,True,318,0.6464211995415362,5.6433666462721455,2,0.29328474824612594,EXECUTE,
main_always_active,2023-08-23 10:45:00,2023-08-23,NORMAL,proxy_hardened_no_worst_hours,True,True,319,0.574026569289976,5.92616751872082,3,0.5921206123499395,EXECUTE,
main_always_active,2023-08-23 13:00:00,2023-08-23,NORMAL,proxy_hardened_no_worst_hours,True,True,320,0.6291973176742911,5.589595596605231,0,0.23646484542247265,EXECUTE,
main_always_active,2023-08-25 14:00:00,2023-08-25,NORMAL,proxy_hardened_no_worst_hours,True,False,321,0.6030771267497564,5.1198689697282935,0,0.0,EXECUTE,
main_always_active,2023-08-30 10:00:00,2023-08-30,NORMAL,proxy_hardened_no_worst_hours,True,True,322,0.6123820755045946,5.392572850204025,1,0.0,EXECUTE,
main_always_active,2023-08-30 18:00:00,2023-08-30,NORMAL,proxy_hardened_no_worst_hours,True,True,323,0.6613135253682864,5.147118950645448,0,0.0,EXECUTE,
main_always_active,2023-09-05 13:00:00,2023-09-05,NORMAL,proxy_hardened_no_worst_hours,True,True,324,0.5986244703041976,5.32823049340048,1,0.0,EXECUTE,
main_always_active,2023-09-05 15:00:00,2023-09-05,NORMAL,proxy_hardened_no_worst_hours,True,True,325,0.59586318998995,5.5598002817512056,2,0.2446027887274122,EXECUTE,
main_always_active,2023-09-08 13:15:00,2023-09-08,NORMAL,proxy_hardened_no_worst_hours,True,True,326,0.6701747225466252,5.0133916891175145,0,0.0,EXECUTE,
main_always_active,2023-09-11 15:30:00,2023-09-11,NORMAL,proxy_hardened_no_worst_hours,True,False,327,0.6755865143769705,5.195629376275244,1,0.0,EXECUTE,
main_always_active,2023-09-12 14:45:00,2023-09-12,NORMAL,proxy_hardened_no_worst_hours,True,True,328,0.7401133928232547,4.777092737030331,0,0.0,EXECUTE,
main_always_active,2023-09-13 14:00:00,2023-09-13,NORMAL,proxy_hardened_no_worst_hours,True,True,329,0.737643219957657,5.028288701949324,1,0.0,EXECUTE,
main_always_active,2023-09-14 13:15:00,2023-09-14,NORMAL,proxy_hardened_no_worst_hours,True,True,330,0.7244805228081502,4.461072614675856,0,0.0,EXECUTE,
main_always_active,2023-09-14 15:30:00,2023-09-14,NORMAL,proxy_hardened_no_worst_hours,True,False,331,0.725334306537086,4.716040460247066,1,0.0,EXECUTE,
main_always_active,2023-09-19 14:30:00,2023-09-19,NORMAL,proxy_hardened_no_worst_hours,True,False,332,0.7213161742257208,5.041924598759436,2,0.0,EXECUTE,
main_always_active,2023-09-22 14:00:00,2023-09-22,NORMAL,proxy_hardened_no_worst_hours,True,False,333,0.647081132926988,5.2525339166782015,3,0.22179189819175735,EXECUTE,
main_always_active,2023-09-26 10:30:00,2023-09-26,NORMAL,proxy_hardened_no_worst_hours,True,True,334,0.6463301932531843,5.4412382071095085,4,0.0,EXECUTE,
main_always_active,2023-10-02 14:00:00,2023-10-02,NORMAL,proxy_hardened_no_worst_hours,True,True,335,0.6311010080137632,5.173594377705849,0,0.0,EXECUTE,
main_always_active,2023-10-02 15:30:00,2023-10-02,NORMAL,proxy_hardened_no_worst_hours,True,True,336,0.6350180191394988,5.539196453100283,1,0.385548806785612,EXECUTE,
main_always_active,2023-10-04 14:00:00,2023-10-04,NORMAL,proxy_hardened_no_worst_hours,True,True,337,0.732183286207179,4.794470287628863,0,0.0,EXECUTE,
main_always_active,2023-10-05 10:00:00,2023-10-05,NORMAL,proxy_hardened_no_worst_hours,True,False,338,0.6396435970001608,5.116530153844923,1,0.0,EXECUTE,
main_always_active,2023-10-05 13:15:00,2023-10-05,NORMAL,proxy_hardened_no_worst_hours,True,False,339,0.6993125531004422,4.800612357578318,0,0.0,EXECUTE,
main_always_active,2023-10-06 13:00:00,2023-10-06,NORMAL,proxy_hardened_no_worst_hours,True,False,340,0.6139304711764052,5.071787689827924,1,0.0,EXECUTE,
main_always_active,2023-10-09 14:15:00,2023-10-09,NORMAL,proxy_hardened_no_worst_hours,True,True,341,0.6160488482138048,5.368359720382234,2,0.0,EXECUTE,
main_always_active,2023-10-11 18:45:00,2023-10-11,NORMAL,proxy_hardened_no_worst_hours,True,True,342,0.6864045329772935,4.846568550648193,0,0.0,EXECUTE,
main_always_active,2023-10-16 13:00:00,2023-10-16,NORMAL,proxy_hardened_no_worst_hours,True,True,343,0.753655349702913,4.370100353224264,0,0.0,EXECUTE,
main_always_active,2023-10-16 13:45:00,2023-10-16,NORMAL,proxy_hardened_no_worst_hours,True,True,344,0.7415493016331617,4.674865518091767,1,0.318692339940967,EXECUTE,
main_always_active,2023-10-17 13:00:00,2023-10-17,NORMAL,proxy_hardened_no_worst_hours,True,True,345,0.7287175286753388,4.999942425837462,2,0.658624629890475,EXECUTE,
main_always_active,2023-10-18 18:00:00,2023-10-18,NORMAL,proxy_hardened_no_worst_hours,True,True,346,0.739357425462691,5.314760494161485,3,0.9878292714166699,EXECUTE,
main_always_active,2023-10-19 10:30:00,2023-10-19,NORMAL,proxy_hardened_no_worst_hours,True,True,347,0.7304368995660955,5.7015487813601915,4,1.392293030792531,EXECUTE,
main_always_active,2023-10-19 13:00:00,2023-10-19,NORMAL,proxy_hardened_no_worst_hours,True,True,348,0.7528317132562918,5.238144185947483,0,0.9077117469844737,EXECUTE,
main_always_active,2023-10-20 13:45:00,2023-10-20,NORMAL,proxy_hardened_no_worst_hours,True,True,349,0.7732358567875649,4.689833110023133,0,0.3343439217021943,EXECUTE,
main_always_active,2023-10-23 13:00:00,2023-10-23,NORMAL,proxy_hardened_no_worst_hours,True,False,350,0.8829498348130621,3.963993289313433,0,0.0,EXECUTE,
main_always_active,2023-10-24 18:30:00,2023-10-24,NORMAL,proxy_hardened_no_worst_hours,True,True,351,0.8750941664214144,4.28309934595741,1,0.33227751504215036,EXECUTE,
main_always_active,2023-10-25 14:00:00,2023-10-25,NORMAL,proxy_hardened_no_worst_hours,True,True,352,0.8778112348663915,4.590596390926957,2,0.6524668435050711,EXECUTE,
main_always_active,2023-10-26 18:00:00,2023-10-26,NORMAL,proxy_hardened_no_worst_hours,True,False,353,0.8557294284817273,4.99029293193662,3,1.0686613050404974,EXECUTE,
main_always_active,2023-10-30 14:00:00,2023-10-30,NORMAL,proxy_hardened_no_worst_hours,True,True,354,0.8381797816072053,5.335970879296018,4,0.0,EXECUTE,
main_always_active,2023-11-01 14:45:00,2023-11-01,NORMAL,proxy_hardened_no_worst_hours,True,True,355,0.8332265785462105,5.660539412090851,5,0.34286363659948255,EXECUTE,
main_always_active,2023-11-02 10:00:00,2023-11-02,NORMAL,proxy_hardened_no_worst_hours,True,True,356,0.8266736056593,5.984167006653029,6,0.6847332966680737,EXECUTE,
main_always_active,2023-11-03 10:15:00,2023-11-03,NORMAL,proxy_hardened_no_worst_hours,True,False,357,0.7546499192024476,6.170549690237492,7,0.8816218987228381,EXECUTE,
main_always_active,2023-11-03 13:45:00,2023-11-03,NORMAL,proxy_hardened_no_worst_hours,True,False,358,0.754084578535354,6.3398752604311115,8,1.0604919212291921,EXECUTE,
main_always_active,2023-11-07 14:30:00,2023-11-07,NORMAL,proxy_hardened_no_worst_hours,True,True,359,0.7426637867682112,6.8621886515601656,9,0.0,EXECUTE,
main_always_active,2023-11-08 14:30:00,2023-11-08,NORMAL,proxy_hardened_no_worst_hours,True,True,360,0.7392136390769621,7.1596832069120815,10,0.31941329847118627,EXECUTE,
main_always_active,2023-11-09 10:45:00,2023-11-09,NORMAL,proxy_hardened_no_worst_hours,True,True,361,0.8072144500653593,6.699027613335069,0,0.0,EXECUTE,
main_always_active,2023-11-10 10:45:00,2023-11-10,NORMAL,proxy_hardened_no_worst_hours,True,True,362,0.7535462809192605,6.888616021863742,1,0.028374480697990846,EXECUTE,
main_always_active,2023-11-10 15:00:00,2023-11-10,NORMAL,proxy_hardened_no_worst_hours,True,True,363,0.8166157206517886,6.542640084399295,0,0.0,EXECUTE,
main_always_active,2023-11-14 21:30:00,2023-11-14,NORMAL,proxy_hardened_no_worst_hours,True,True,364,0.9029054387255367,5.903921865882071,0,0.0,EXECUTE,
main_always_active,2023-11-15 13:00:00,2023-11-15,NORMAL,proxy_hardened_no_worst_hours,True,True,365,0.9796303169211437,5.527901356645526,0,0.0,EXECUTE,
main_always_active,2023-11-16 10:00:00,2023-11-16,NORMAL,proxy_hardened_no_worst_hours,True,True,366,0.9289510520797297,5.709586320026085,1,0.0,EXECUTE,
main_always_active,2023-11-16 13:30:00,2023-11-16,NORMAL,proxy_hardened_no_worst_hours,True,True,367,0.9441801927379341,5.8665280393515875,2,0.0,EXECUTE,
main_always_active,2023-11-17 13:00:00,2023-11-17,NORMAL,proxy_hardened_no_worst_hours,True,True,368,1.0227720497456703,5.445419509206919,0,0.0,EXECUTE,
main_always_active,2023-11-20 21:00:00,2023-11-20,NORMAL,proxy_hardened_no_worst_hours,True,True,369,1.0264721369037806,5.696886666566355,1,0.0,EXECUTE,
main_always_active,2023-11-21 19:15:00,2023-11-21,NORMAL,proxy_hardened_no_worst_hours,True,True,370,1.034124560755564,5.294035461136417,0,0.0,EXECUTE,
main_always_active,2023-11-22 10:45:00,2023-11-22,NORMAL,proxy_hardened_no_worst_hours,True,True,371,0.9483604508007158,5.582000562552317,1,0.0,EXECUTE,
main_always_active,2023-11-24 13:00:00,2023-11-24,NORMAL,proxy_hardened_no_worst_hours,True,False,372,0.9544377866073914,5.797720981651102,2,0.10692575411400938,EXECUTE,
main_always_active,2023-11-24 15:30:00,2023-11-24,NORMAL,proxy_hardened_no_worst_hours,True,True,373,0.9594108966788744,5.508045212632815,0,0.0,EXECUTE,
main_always_active,2023-11-27 10:15:00,2023-11-27,NORMAL,proxy_hardened_no_worst_hours,True,True,374,1.0345498714239392,5.027263645616411,0,0.0,EXECUTE,
main_always_active,2023-11-27 15:15:00,2023-11-27,NORMAL,proxy_hardened_no_worst_hours,True,True,375,1.0368488524542134,5.239518547461609,1,0.0,EXECUTE,
main_always_active,2023-12-01 10:15:00,2023-12-01,NORMAL,proxy_hardened_no_worst_hours,True,True,376,0.944207626382141,5.513618850646337,2,0.005898531812660344,EXECUTE,
main_always_active,2023-12-11 13:00:00,2023-12-11,NORMAL,proxy_hardened_no_worst_hours,True,True,377,0.9405530070229831,5.730694384634106,3,0.0,EXECUTE,
main_always_active,2023-12-12 15:15:00,2023-12-12,NORMAL,proxy_hardened_no_worst_hours,True,True,378,0.947466138931687,5.249934665679365,0,0.0,EXECUTE,
main_always_active,2023-12-14 10:30:00,2023-12-14,NORMAL,proxy_hardened_no_worst_hours,True,True,379,1.0618069319312917,4.4875082247409175,0,0.0,EXECUTE,
main_always_active,2023-12-14 13:45:00,2023-12-14,NORMAL,proxy_hardened_no_worst_hours,True,False,380,0.9601540972488521,4.823075802066938,1,0.0,EXECUTE,
main_always_active,2023-12-14 15:30:00,2023-12-14,NORMAL,,False,True,381,1.0705769664604938,4.092837978306493,0,0.0,SKIP,daily_trade_limit
main_always_active,2023-12-18 18:00:00,2023-12-18,NORMAL,proxy_hardened_no_worst_hours,True,True,381,1.0705769664604938,4.092837978306493,0,0.0,EXECUTE,
main_always_active,2023-12-19 18:30:00,2023-12-19,NORMAL,proxy_hardened_no_worst_hours,True,True,382,1.0694109724948693,4.428349712728343,1,0.3498296971251901,EXECUTE,
main_always_active,2023-12-20 14:00:00,2023-12-20,NORMAL,proxy_hardened_no_worst_hours,True,True,383,1.0603776713584374,4.714264298967345,2,0.6479456878520725,EXECUTE,
main_always_active,2023-12-21 13:00:00,2023-12-21,NORMAL,proxy_hardened_no_worst_hours,True,False,384,1.050947911047497,4.982959929090204,3,0.9281079035394546,EXECUTE,
main_always_active,2023-12-21 14:00:00,2023-12-21,NORMAL,proxy_hardened_no_worst_hours,True,True,385,0.9999457860671975,5.174092396008546,4,1.1273969481627486,EXECUTE,
main_always_active,2023-12-26 10:30:00,2023-12-26,NORMAL,proxy_hardened_no_worst_hours,True,False,386,1.1134214193752587,4.538755328850268,0,0.0,EXECUTE,
main_always_active,2023-12-27 18:45:00,2023-12-27,NORMAL,proxy_hardened_no_worst_hours,True,True,387,1.01238796407985,4.68340946168988,1,0.15153179003472073,EXECUTE,
main_always_active,2024-01-02 10:00:00,2024-01-02,NORMAL,proxy_hardened_no_worst_hours,True,True,388,1.119602782923444,4.082784123384956,0,0.0,EXECUTE,
main_always_active,2024-01-08 13:00:00,2024-01-08,NORMAL,proxy_hardened_no_worst_hours,True,True,389,1.0519625308887823,4.338218837002149,1,0.0,EXECUTE,
main_always_active,2024-01-12 15:45:00,2024-01-12,NORMAL,proxy_hardened_no_worst_hours,True,True,390,1.044983125696731,4.668827569680499,2,0.3456016903083091,EXECUTE,
main_always_active,2024-01-12 19:00:00,2024-01-12,NORMAL,proxy_hardened_no_worst_hours,True,True,391,1.0282749297177236,5.110956484630063,3,0.8077809530968906,EXECUTE,
main_always_active,2024-01-16 14:45:00,2024-01-16,NORMAL,proxy_hardened_no_worst_hours,True,True,392,1.0520466818045981,4.372757141021138,0,0.0,EXECUTE,
main_always_active,2024-01-17 14:00:00,2024-01-17,NORMAL,proxy_hardened_no_worst_hours,True,True,393,1.086369759771216,3.5838258740945483,0,0.0,EXECUTE,
main_always_active,2024-01-19 19:45:00,2024-01-19,NORMAL,proxy_hardened_no_worst_hours,True,False,394,1.2047956072519126,2.872905796615767,0,0.0,EXECUTE,
main_always_active,2024-01-22 10:00:00,2024-01-22,NORMAL,proxy_hardened_no_worst_hours,True,True,395,1.21427045000162,3.129326304487448,1,0.2640051264529152,EXECUTE,
main_always_active,2024-01-22 14:00:00,2024-01-22,NORMAL,proxy_hardened_no_worst_hours,True,True,396,1.222599224224209,3.3846714387588066,2,0.5269030710127222,EXECUTE,
main_always_active,2024-01-23 14:30:00,2024-01-23,NORMAL,proxy_hardened_no_worst_hours,True,True,397,1.2374149397459522,3.667644518303138,3,0.818246163138788,EXECUTE,
main_always_active,2024-01-23 21:00:00,2024-01-23,NORMAL,proxy_hardened_no_worst_hours,True,True,398,1.1446393879457653,3.9571610441709564,4,1.116326249074002,EXECUTE,
main_always_active,2024-01-24 10:30:00,2024-01-24,NORMAL,proxy_hardened_no_worst_hours,True,True,399,1.0585442140495553,4.15949699249244,5,1.324647057990408,EXECUTE,
main_always_active,2024-01-24 13:30:00,2024-01-24,NORMAL,proxy_hardened_no_worst_hours,True,True,400,1.028026854942337,3.710105630592078,0,0.8619632254448456,EXECUTE,
main_always_active,2024-01-26 15:30:00,2024-01-26,NORMAL,proxy_hardened_no_worst_hours,True,False,401,1.0326086819954396,3.9890168619861175,1,1.1491243247051661,EXECUTE,
main_always_active,2024-01-29 13:00:00,2024-01-29,NORMAL,proxy_hardened_no_worst_hours,True,False,402,1.0342449185472398,4.2822460545923855,2,0.0,EXECUTE,
main_always_active,2024-01-30 10:00:00,2024-01-30,NORMAL,proxy_hardened_no_worst_hours,True,True,403,1.1232690643423622,3.9296157755387675,0,0.0,EXECUTE,
main_always_active,2024-01-31 10:00:00,2024-01-31,NORMAL,proxy_hardened_no_worst_hours,True,True,404,1.1445361991707446,4.115408411362533,1,0.0,EXECUTE,
main_always_active,2024-01-31 19:30:00,2024-01-31,NORMAL,proxy_hardened_no_worst_hours,True,True,405,1.2284945806577574,3.805137129359565,0,0.0,EXECUTE,
main_always_active,2024-02-01 15:00:00,2024-02-01,NORMAL,proxy_hardened_no_worst_hours,True,False,406,1.2145983610880862,4.221666958314351,1,0.0,EXECUTE,
main_always_active,2024-02-01 18:15:00,2024-02-01,NORMAL,proxy_hardened_no_worst_hours,True,True,407,1.3500850717679247,3.360544740742056,0,0.0,EXECUTE,
main_always_active,2024-02-05 15:00:00,2024-02-05,NORMAL,proxy_hardened_no_worst_hours,True,True,408,1.2964560830910201,3.861898754949015,1,0.0,EXECUTE,
main_always_active,2024-02-06 10:15:00,2024-02-06,NORMAL,proxy_hardened_no_worst_hours,True,True,409,1.326483934442324,4.194995612940152,2,0.34647746697440646,EXECUTE,
main_always_active,2024-02-07 15:15:00,2024-02-07,NORMAL,proxy_hardened_no_worst_hours,True,True,410,1.343810852533722,4.387154413446572,3,0.5463553489149107,EXECUTE,
main_always_active,2024-02-14 14:00:00,2024-02-14,NORMAL,proxy_hardened_no_worst_hours,True,True,411,1.2386182755119404,4.700107165518767,4,0.0,EXECUTE,
main_always_active,2024-02-14 15:15:00,2024-02-14,NORMAL,proxy_hardened_no_worst_hours,True,True,412,1.3215446466043432,4.255977234849185,0,0.0,EXECUTE,
main_always_active,2024-02-15 13:30:00,2024-02-15,NORMAL,proxy_hardened_no_worst_hours,True,False,413,1.234847242242768,4.550634654303548,1,0.0,EXECUTE,
main_always_active,2024-02-15 19:15:00,2024-02-15,NORMAL,proxy_hardened_no_worst_hours,True,False,414,1.1299391899357973,4.772881820832762,2,0.07636383751281656,EXECUTE,
main_always_active,2024-02-20 14:45:00,2024-02-20,NORMAL,proxy_hardened_no_worst_hours,True,True,415,1.0551653668543532,5.0333521185998364,3,0.0,EXECUTE,
main_always_active,2024-02-21 13:30:00,2024-02-21,NORMAL,proxy_hardened_no_worst_hours,True,True,416,1.0504052000994746,5.255663481052147,4,0.23409414506232826,EXECUTE,
main_always_active,2024-02-23 13:45:00,2024-02-23,NORMAL,proxy_hardened_no_worst_hours,True,True,417,1.0475728423937527,5.436953607847855,5,0.42499287723840673,EXECUTE,
main_always_active,2024-02-23 21:30:00,2024-02-23,NORMAL,proxy_hardened_no_worst_hours,True,True,418,1.0497738519033308,4.995970347474015,0,0.0,EXECUTE,
main_always_active,2024-02-26 10:00:00,2024-02-26,NORMAL,proxy_hardened_no_worst_hours,True,True,419,1.0581965137353677,5.175565069413051,1,0.0,EXECUTE,
main_always_active,2024-02-27 10:30:00,2024-02-27,NORMAL,proxy_hardened_no_worst_hours,True,True,420,0.99367426598822,5.3518160015273954,2,0.18587079611217205,EXECUTE,
main_always_active,2024-02-27 14:15:00,2024-02-27,NORMAL,proxy_hardened_no_worst_hours,True,True,421,1.008772634264917,5.503068864299353,3,0.34537911575856095,EXECUTE,
main_always_active,2024-02-28 14:45:00,2024-02-28,NORMAL,proxy_hardened_no_worst_hours,True,True,422,1.011750831060366,5.692304206065766,4,0.5449430170936359,EXECUTE,
main_always_active,2024-03-01 13:15:00,2024-03-01,NORMAL,proxy_hardened_no_worst_hours,True,True,423,1.024088648891869,5.291945799634742,0,0.12273284866596425,EXECUTE,
main_always_active,2024-03-01 15:00:00,2024-03-01,NORMAL,proxy_hardened_no_worst_hours,True,True,424,0.9459092306061923,5.5251251089728965,1,0.3686392012942201,EXECUTE,
main_always_active,2024-03-04 10:00:00,2024-03-04,NORMAL,proxy_hardened_no_worst_hours,True,True,425,1.045030618605875,4.834606360139988,0,0.0,EXECUTE,
main_always_active,2024-03-05 14:00:00,2024-03-05,NORMAL,proxy_hardened_no_worst_hours,True,True,426,1.055380837378715,5.020521959479239,1,0.19536051103075103,EXECUTE,
main_always_active,2024-03-05 18:00:00,2024-03-05,NORMAL,proxy_hardened_no_worst_hours,True,True,427,1.022830412418159,5.520949163374034,2,0.7212104915274403,EXECUTE,
main_always_active,2024-03-06 10:15:00,2024-03-06,NORMAL,proxy_hardened_no_worst_hours,True,True,428,0.9222681516530916,6.001411986363697,3,1.2260818576964412,EXECUTE,
main_always_active,2024-03-06 19:45:00,2024-03-06,NORMAL,proxy_hardened_no_worst_hours,True,True,429,0.889537555333349,5.55541055460552,0,0.7574225954377246,EXECUTE,
main_always_active,2024-03-07 13:00:00,2024-03-07,NORMAL,proxy_hardened_no_worst_hours,True,True,430,1.018117927519093,4.653999436741831,0,0.0,EXECUTE,
main_always_active,2024-03-08 13:30:00,2024-03-08,NORMAL,proxy_hardened_no_worst_hours,True,True,431,0.90947049079924,4.965894383663646,1,0.13795773705359007,EXECUTE,
main_always_active,2024-03-08 14:15:00,2024-03-08,NORMAL,proxy_hardened_no_worst_hours,True,True,432,0.8952334486810342,5.454774419086199,2,0.6516739281226427,EXECUTE,
main_always_active,2024-03-15 10:30:00,2024-03-15,NORMAL,proxy_hardened_no_worst_hours,True,True,433,1.0488735623650542,4.24941116920719,0,0.0,EXECUTE,
main_always_active,2024-03-18 14:15:00,2024-03-18,NORMAL,proxy_hardened_no_worst_hours,True,True,434,1.051747605648517,4.492115766605435,1,0.0,EXECUTE,
main_always_active,2024-03-19 10:45:00,2024-03-19,NORMAL,proxy_hardened_no_worst_hours,True,True,435,1.0410221300133604,4.780974198912813,2,0.3024445935808754,EXECUTE,
main_always_active,2024-03-19 14:00:00,2024-03-19,NORMAL,proxy_hardened_no_worst_hours,True,True,436,0.9486108536620057,5.0447780899320245,3,0.5786562311191484,EXECUTE,
main_always_active,2024-03-20 13:15:00,2024-03-20,NORMAL,proxy_hardened_no_worst_hours,True,True,437,0.930797400170233,5.37788025689864,4,0.9274255182207372,EXECUTE,
main_always_active,2024-03-20 14:30:00,2024-03-20,NORMAL,proxy_hardened_no_worst_hours,True,True,438,0.8492442668358818,5.634328397244925,5,1.1959354348676214,EXECUTE,
main_always_active,2024-03-25 13:15:00,2024-03-25,NORMAL,proxy_hardened_no_worst_hours,True,False,439,0.9376951324929231,4.963531766570568,0,0.0,EXECUTE,
main_always_active,2024-03-25 15:15:00,2024-03-25,NORMAL,proxy_hardened_no_worst_hours,True,True,440,1.0267469706210588,4.4092286195715165,0,0.0,EXECUTE,
main_always_active,2024-03-27 13:30:00,2024-03-27,NORMAL,proxy_hardened_no_worst_hours,True,False,441,1.0399599155854031,4.728043826532474,1,0.0,EXECUTE,
main_always_active,2024-03-28 13:30:00,2024-03-28,NORMAL,proxy_hardened_no_worst_hours,True,True,442,1.048925870320704,3.9039289470727088,0,0.0,EXECUTE,
main_always_active,2024-04-02 10:15:00,2024-04-02,NORMAL,proxy_hardened_no_worst_hours,True,True,443,1.0709571392133714,2.9038848284455683,0,0.0,EXECUTE,
main_always_active,2024-04-02 13:00:00,2024-04-02,NORMAL,proxy_hardened_no_worst_hours,True,False,444,0.9611344541268925,3.259138888451654,1,0.3658787577426865,EXECUTE,
main_always_active,2024-04-03 14:00:00,2024-04-03,NORMAL,proxy_hardened_no_worst_hours,True,True,445,1.0700217479353136,2.4514280720065154,0,0.0,EXECUTE,
main_always_active,2024-04-04 19:00:00,2024-04-04,NORMAL,proxy_hardened_no_worst_hours,True,True,446,1.1978743963497256,1.5195256798145749,0,0.0,EXECUTE,
main_always_active,2024-04-05 13:30:00,2024-04-05,NORMAL,proxy_hardened_no_worst_hours,True,False,447,1.165020744729601,2.068309890187966,1,0.0,EXECUTE,
main_always_active,2024-04-08 10:15:00,2024-04-08,NORMAL,proxy_hardened_no_worst_hours,True,True,448,1.317789538326755,0.9692395742332004,0,0.0,EXECUTE,
main_always_active,2024-04-08 19:00:00,2024-04-08,NORMAL,proxy_hardened_no_worst_hours,True,True,449,1.280102788131368,1.4483802024177908,1,0.4838301009954968,EXECUTE,
main_always_active,2024-04-09 13:30:00,2024-04-09,NORMAL,proxy_hardened_no_worst_hours,True,True,450,1.3286707593702558,0.5288991167984265,0,0.0,EXECUTE,
main_always_active,2024-04-09 22:00:00,2024-04-09,NORMAL,proxy_hardened_no_worst_hours,True,True,451,1.2971796690289048,1.0427835633330795,1,0.07426378307477927,EXECUTE,
main_always_active,2024-04-11 14:00:00,2024-04-11,NORMAL,proxy_hardened_no_worst_hours,True,True,452,1.284568443397677,1.4333430612837923,2,0.46864578748590446,EXECUTE,
main_always_active,2024-04-12 13:00:00,2024-04-12,NORMAL,proxy_hardened_no_worst_hours,True,True,453,1.1899607674282098,1.9329532498963737,3,0.9731457897726621,EXECUTE,
main_always_active,2024-04-16 15:15:00,2024-04-16,NORMAL,proxy_hardened_no_worst_hours,True,False,454,1.2973153441553285,1.0455894652784181,0,0.0,EXECUTE,
main_always_active,2024-04-18 15:15:00,2024-04-18,NORMAL,proxy_hardened_no_worst_hours,True,False,455,1.179222674553073,1.8164791808119258,1,0.7790352257851304,EXECUTE,
main_always_active,2024-04-19 14:15:00,2024-04-19,NORMAL,proxy_hardened_no_worst_hours,True,True,456,1.1551992653450156,2.463760689612002,2,1.4331561541018734,EXECUTE,
main_always_active,2024-04-23 10:30:00,2024-04-23,NORMAL,proxy_hardened_no_worst_hours,True,True,457,1.0217439717736032,3.100412451609195,3,0.652733554726456,EXECUTE,
main_always_active,2024-04-24 10:00:00,2024-04-24,NORMAL,proxy_hardened_no_worst_hours,True,True,458,1.0176319100872364,3.650108429896145,4,1.2163148268500072,EXECUTE,
main_always_active,2024-04-26 13:00:00,2024-04-26,NORMAL,proxy_hardened_no_worst_hours,True,True,459,1.0157428689535521,4.005544321782834,5,1.580729012182288,EXECUTE,
main_always_active,2024-04-30 13:45:00,2024-04-30,NORMAL,proxy_hardened_no_worst_hours,True,True,460,0.9958510682427935,4.43808039038961,6,0.0,EXECUTE,
main_always_active,2024-05-02 14:15:00,2024-05-02,NORMAL,proxy_hardened_no_worst_hours,True,True,461,1.0967269051542967,3.5431057222605826,0,0.0,EXECUTE,
main_always_active,2024-05-06 14:15:00,2024-05-06,NORMAL,proxy_hardened_no_worst_hours,True,True,462,1.007113250082015,4.16645784565534,1,0.0,EXECUTE,
main_always_active,2024-05-10 14:30:00,2024-05-10,NORMAL,proxy_hardened_no_worst_hours,True,False,463,0.9897141505865529,4.6823564749024795,2,0.5383278314144588,EXECUTE,
main_always_active,2024-05-10 18:00:00,2024-05-10,NORMAL,proxy_hardened_no_worst_hours,True,True,464,0.9635835249027044,5.251882228345782,3,1.1326142791866385,EXECUTE,
main_always_active,2024-05-14 10:15:00,2024-05-14,NORMAL,proxy_hardened_no_worst_hours,True,True,465,0.9510283102628091,5.686000081232366,4,0.0,EXECUTE,
main_always_active,2024-05-14 15:00:00,2024-05-14,NORMAL,proxy_hardened_no_worst_hours,True,False,466,0.9462253703865773,5.975958119358595,5,0.3074390211166687,EXECUTE,
main_always_active,2024-05-15 14:15:00,2024-05-15,NORMAL,proxy_hardened_no_worst_hours,True,True,467,1.0296206776412877,5.045563669914242,0,0.0,EXECUTE,
main_always_active,2024-05-17 10:00:00,2024-05-17,NORMAL,proxy_hardened_no_worst_hours,True,True,468,1.0941762060235727,3.751582225205229,0,0.0,EXECUTE,
main_always_active,2024-05-20 10:00:00,2024-05-20,NORMAL,proxy_hardened_no_worst_hours,True,True,469,1.1515677282262538,3.2000604244467072,0,0.0,EXECUTE,
main_always_active,2024-05-20 19:00:00,2024-05-20,NORMAL,proxy_hardened_no_worst_hours,True,True,470,1.1209030694687503,3.7328785573441223,1,0.5504322990631113,EXECUTE,
main_always_active,2024-05-21 13:00:00,2024-05-21,NORMAL,proxy_hardened_no_worst_hours,True,True,471,1.0938483713733496,4.21532225395213,2,1.0488248587314581,EXECUTE,
main_always_active,2024-05-22 14:00:00,2024-05-22,NORMAL,proxy_hardened_no_worst_hours,True,False,472,1.0724539096292547,4.678290120362391,3,1.527097746545521,EXECUTE,
main_always_active,2024-05-23 14:00:00,2024-05-23,NORMAL,proxy_hardened_no_worst_hours,True,True,473,1.12396333589337,3.5570419228136094,0,0.36878276983664493,EXECUTE,
main_always_active,2024-05-28 10:00:00,2024-05-28,NORMAL,proxy_hardened_no_worst_hours,True,True,474,1.2314653574597807,2.3396712936253836,0,0.0,EXECUTE,
main_always_active,2024-05-28 14:15:00,2024-05-28,NORMAL,proxy_hardened_no_worst_hours,True,False,475,1.158659084202645,2.6084732723276884,1,0.27524173045791184,EXECUTE,
main_always_active,2024-05-29 13:15:00,2024-05-29,NORMAL,proxy_hardened_no_worst_hours,True,True,476,1.136913561371447,3.0627555486789384,2,0.7404073533559257,EXECUTE,
main_always_active,2024-05-30 14:45:00,2024-05-30,NORMAL,proxy_hardened_no_worst_hours,True,False,477,1.2410903086856275,2.194177615027976,0,0.0,EXECUTE,
main_always_active,2024-06-04 14:00:00,2024-06-04,NORMAL,proxy_hardened_no_worst_hours,True,True,478,1.2424275587915823,2.6597884431504015,1,0.0,EXECUTE,
main_always_active,2024-06-06 14:45:00,2024-06-06,NORMAL,proxy_hardened_no_worst_hours,True,True,479,1.1651838743048764,3.19080006226747,2,0.5455213324731143,EXECUTE,
main_always_active,2024-06-06 18:00:00,2024-06-06,NORMAL,proxy_hardened_no_worst_hours,True,True,480,1.1666962439970345,2.2677393417569127,0,0.0,EXECUTE,
main_always_active,2024-06-11 18:45:00,2024-06-11,NORMAL,proxy_hardened_no_worst_hours,True,False,481,1.2548092891489862,1.3977679998535462,0,0.0,EXECUTE,
main_always_active,2024-06-13 14:00:00,2024-06-13,NORMAL,proxy_hardened_no_worst_hours,True,True,482,1.3475181568473864,0.7583288404886205,0,0.0,EXECUTE,
main_always_active,2024-06-14 13:30:00,2024-06-14,NORMAL,proxy_hardened_no_worst_hours,True,True,483,1.2005678623288236,1.408487057321266,1,0.010871008952125043,EXECUTE,
main_always_active,2024-06-17 13:30:00,2024-06-17,NORMAL,proxy_hardened_no_worst_hours,True,False,484,1.180003532055018,1.8980396189982078,2,0.0,EXECUTE,
main_always_active,2024-06-17 15:15:00,2024-06-17,NORMAL,proxy_hardened_no_worst_hours,True,False,485,1.1750049107164968,2.2482053598511302,3,0.35694061514466946,EXECUTE,
main_always_active,2024-06-18 18:00:00,2024-06-18,NORMAL,proxy_hardened_no_worst_hours,True,True,486,1.1652940195963604,2.632615243157377,4,0.7487879154568212,EXECUTE,
main_always_active,2024-06-20 10:30:00,2024-06-20,NORMAL,proxy_hardened_no_worst_hours,True,True,487,1.2503146213255896,1.8083781116169346,0,0.0,EXECUTE,
main_always_active,2024-06-20 13:00:00,2024-06-20,NORMAL,proxy_hardened_no_worst_hours,True,True,488,1.2484294431266691,2.086359514489287,1,0.19196343759056134,EXECUTE,
main_always_active,2024-06-21 10:45:00,2024-06-21,NORMAL,proxy_hardened_no_worst_hours,True,True,489,1.2533074175303114,1.3458976252321337,0,0.0,EXECUTE,
main_always_active,2024-06-24 10:15:00,2024-06-24,NORMAL,proxy_hardened_no_worst_hours,True,True,490,1.1923170521838378,1.6115455884423653,1,0.0,EXECUTE,
main_always_active,2024-06-25 13:45:00,2024-06-25,NORMAL,proxy_hardened_no_worst_hours,True,True,491,1.1913092442426951,1.9426672790652768,2,0.3365452710923167,EXECUTE,
main_always_active,2024-06-26 10:00:00,2024-06-26,NORMAL,proxy_hardened_no_worst_hours,True,True,492,1.185182532814884,1.2077545622698183,0,0.0,EXECUTE,
main_always_active,2024-06-27 18:45:00,2024-06-27,NORMAL,proxy_hardened_no_worst_hours,True,True,493,1.1566321838698237,0.6233906826628275,0,0.0,EXECUTE,
main_always_active,2024-06-28 14:00:00,2024-06-28,NORMAL,proxy_hardened_no_worst_hours,True,True,494,1.15873657039033,0.9522030802647481,1,0.0,EXECUTE,
main_always_active,2024-07-03 18:00:00,2024-07-03,NORMAL,proxy_hardened_no_worst_hours,True,True,495,1.073466250565894,1.3542017433323006,2,0.0,EXECUTE,
main_always_active,2024-07-04 10:15:00,2024-07-04,NORMAL,proxy_hardened_no_worst_hours,True,False,496,0.9843355503848631,1.7598298553585,3,0.4111965427770134,EXECUTE,
main_always_active,2024-07-05 10:45:00,2024-07-05,NORMAL,proxy_hardened_no_worst_hours,True,True,497,1.004455885667906,2.0013225832344244,4,0.6560044637870773,EXECUTE,
main_always_active,2024-07-10 15:15:00,2024-07-10,NORMAL,proxy_hardened_no_worst_hours,True,True,498,0.9169870918138857,2.2367532520774938,5,0.0,EXECUTE,
main_always_active,2024-07-11 10:15:00,2024-07-11,NORMAL,proxy_hardened_no_worst_hours,True,True,499,0.9230450701412867,2.6156837021673223,6,0.3876001081131103,EXECUTE,
main_always_active,2024-07-12 19:15:00,2024-07-12,NORMAL,proxy_hardened_no_worst_hours,True,True,500,0.8487895878166419,2.8594136012762306,7,0.6369063732143079,EXECUTE,
main_always_active,2024-07-15 10:00:00,2024-07-15,NORMAL,proxy_hardened_no_worst_hours,True,False,501,0.8616236769327851,3.143726778641038,8,0.0,EXECUTE,
main_always_active,2024-07-15 13:30:00,2024-07-15,NORMAL,proxy_hardened_no_worst_hours,True,False,502,0.918962537126995,2.632070562586173,0,0.0,EXECUTE,
main_always_active,2024-07-16 13:15:00,2024-07-16,NORMAL,proxy_hardened_no_worst_hours,True,False,503,1.0005516071087444,1.9250693207463616,0,0.0,EXECUTE,
main_always_active,2024-07-17 10:00:00,2024-07-17,NORMAL,proxy_hardened_no_worst_hours,True,True,504,0.9989072403724009,1.0612078997491745,0,0.0,EXECUTE,
main_always_active,2024-07-17 13:30:00,2024-07-17,NORMAL,proxy_hardened_no_worst_hours,True,True,505,1.0239950647671232,1.4819283734038344,1,0.0,EXECUTE,
main_always_active,2024-07-19 15:15:00,2024-07-19,NORMAL,proxy_hardened_no_worst_hours,True,True,506,1.0364272291211674,1.9619668301664241,2,0.0,EXECUTE,
main_always_active,2024-07-22 13:00:00,2024-07-22,NORMAL,proxy_hardened_no_worst_hours,True,True,507,1.041530302314186,2.5311255362000225,3,0.0,EXECUTE,
main_always_active,2024-07-23 19:00:00,2024-07-23,NORMAL,proxy_hardened_no_worst_hours,True,False,508,1.1516624417636103,1.6545261426698619,0,0.0,EXECUTE,
main_always_active,2024-07-24 10:15:00,2024-07-24,NORMAL,proxy_hardened_no_worst_hours,True,False,509,1.2325228457165889,1.0286436038903362,0,0.0,EXECUTE,
main_always_active,2024-07-24 13:00:00,2024-07-24,NORMAL,proxy_hardened_no_worst_hours,True,True,510,1.3223015676749599,0.45118421827904714,0,0.0,EXECUTE,
main_always_active,2024-07-24 15:30:00,2024-07-24,NORMAL,,False,True,511,1.3072540926838887,0.0,0,0.0,SKIP,daily_trade_limit
main_always_active,2024-07-25 13:30:00,2024-07-25,NORMAL,proxy_hardened_no_worst_hours,True,True,511,1.3072540926838887,0.0,0,0.0,EXECUTE,
main_always_active,2024-07-26 14:45:00,2024-07-26,NORMAL,proxy_hardened_no_worst_hours,True,False,512,1.4873312418848037,0.0,0,0.0,EXECUTE,
main_always_active,2024-07-31 10:15:00,2024-07-31,NORMAL,proxy_hardened_no_worst_hours,True,True,513,1.64662186381867,0.0,0,0.0,EXECUTE,
main_always_active,2024-07-31 14:15:00,2024-07-31,NORMAL,proxy_hardened_no_worst_hours,True,True,514,1.7970128775981478,0.0,0,0.0,EXECUTE,
main_always_active,2024-08-01 14:45:00,2024-08-01,NORMAL,proxy_hardened_no_worst_hours,True,True,515,1.9520183362179777,0.0,0,0.0,EXECUTE,
main_always_active,2024-08-01 22:00:00,2024-08-01,NORMAL,proxy_hardened_no_worst_hours,True,True,516,1.8874153180543907,0.615102680069869,1,0.0,EXECUTE,
main_always_active,2024-08-02 13:15:00,2024-08-02,NORMAL,proxy_hardened_no_worst_hours,True,True,517,1.7314630863251337,1.0142769147681199,2,0.0,EXECUTE,
main_always_active,2024-08-05 14:45:00,2024-08-05,NORMAL,proxy_hardened_no_worst_hours,True,True,518,1.5227343531638495,1.6457334239764185,3,0.0,EXECUTE,
main_always_active,2024-08-08 13:00:00,2024-08-08,NORMAL,proxy_hardened_no_worst_hours,True,True,519,1.357365189610438,2.61926781395861,4,0.9898242586453502,EXECUTE,
main_always_active,2024-08-08 15:00:00,2024-08-08,NORMAL,proxy_hardened_no_worst_hours,True,True,520,1.487646008632977,1.7955833234860485,0,0.152357294427907,EXECUTE,
main_always_active,2024-08-09 13:00:00,2024-08-09,NORMAL,proxy_hardened_no_worst_hours,True,True,521,1.6550677910625544,0.6112439425548928,0,0.0,EXECUTE,
main_always_active,2024-08-09 14:00:00,2024-08-09,NORMAL,proxy_hardened_no_worst_hours,True,True,522,1.6742532911959744,0.9279167551081451,1,0.0,EXECUTE,
main_always_active,2024-08-13 14:30:00,2024-08-13,NORMAL,proxy_hardened_no_worst_hours,True,True,523,1.5200086441585674,1.3418726437699497,2,0.4178330313682523,EXECUTE,
main_always_active,2024-08-19 14:45:00,2024-08-19,NORMAL,proxy_hardened_no_worst_hours,True,True,524,1.3624234351372433,1.8109153313924213,3,0.0,EXECUTE,
main_always_active,2024-08-20 14:30:00,2024-08-20,NORMAL,proxy_hardened_no_worst_hours,True,True,525,1.474027600823132,0.8581941290464961,0,0.0,EXECUTE,
main_always_active,2024-08-20 22:15:00,2024-08-20,NORMAL,proxy_hardened_no_worst_hours,True,True,526,1.4638240445847244,1.3762791989523484,1,0.0,EXECUTE,
main_always_active,2024-08-21 19:00:00,2024-08-21,NORMAL,proxy_hardened_no_worst_hours,True,True,527,1.3543161036214153,1.7117540682702146,2,0.0,EXECUTE,
main_always_active,2024-08-23 10:15:00,2024-08-23,NORMAL,proxy_hardened_no_worst_hours,True,True,528,1.354629252965394,2.1564408010668323,3,0.35189804532815033,EXECUTE,
main_always_active,2024-08-23 14:00:00,2024-08-23,NORMAL,proxy_hardened_no_worst_hours,True,True,529,1.457855368176272,1.6509458433214608,0,0.0,EXECUTE,
main_always_active,2024-08-26 13:00:00,2024-08-26,NORMAL,proxy_hardened_no_worst_hours,True,False,530,1.3284088139925112,2.112921363212916,1,0.0,EXECUTE,
main_always_active,2024-08-26 19:00:00,2024-08-26,NORMAL,proxy_hardened_no_worst_hours,True,True,531,1.2260488817222381,2.437506322268469,2,0.33159122079834535,EXECUTE,
main_always_active,2024-08-28 13:30:00,2024-08-28,NORMAL,proxy_hardened_no_worst_hours,True,True,532,1.1467793880851969,2.757414391600198,3,0.6584045998335523,EXECUTE,
main_always_active,2024-08-29 13:45:00,2024-08-29,NORMAL,proxy_hardened_no_worst_hours,True,False,533,1.1625894663775442,3.2095475922438865,4,1.1202972285035198,EXECUTE,
main_always_active,2024-09-03 13:00:00,2024-09-03,NORMAL,proxy_hardened_no_worst_hours,True,True,534,1.164533774317096,3.659126312323578,5,0.0,EXECUTE,
main_always_active,2024-09-03 15:30:00,2024-09-03,NORMAL,proxy_hardened_no_worst_hours,True,True,535,1.2734710786919534,2.725218043945336,0,0.0,EXECUTE,
main_always_active,2024-09-04 10:00:00,2024-09-04,NORMAL,proxy_hardened_no_worst_hours,True,True,536,1.2510093080558344,3.313182773891215,1,0.0,EXECUTE,
main_always_active,2024-09-05 13:15:00,2024-09-05,NORMAL,proxy_hardened_no_worst_hours,True,True,537,1.1529728451867374,3.6795553866316646,2,0.02120499174040141,EXECUTE,
main_always_active,2024-09-05 14:15:00,2024-09-05,NORMAL,proxy_hardened_no_worst_hours,True,True,538,1.1408433257285715,4.082330975081592,3,0.43927841481903596,EXECUTE,
main_always_active,2024-09-10 10:45:00,2024-09-10,NORMAL,proxy_hardened_no_worst_hours,True,False,539,1.048474897058512,4.539259956060164,4,0.0,EXECUTE,
main_always_active,2024-09-10 15:00:00,2024-09-10,NORMAL,proxy_hardened_no_worst_hours,True,False,540,1.1049640390140592,4.067355203078551,0,0.0,EXECUTE,
main_always_active,2024-09-11 14:45:00,2024-09-11,NORMAL,proxy_hardened_no_worst_hours,True,True,541,1.191971387318119,3.3075293569132267,0,0.0,EXECUTE,
main_always_active,2024-09-12 10:15:00,2024-09-12,NORMAL,proxy_hardened_no_worst_hours,True,True,542,1.0910678621254937,3.8415665384523505,1,0.0,EXECUTE,
main_always_active,2024-09-13 15:15:00,2024-09-13,NORMAL,proxy_hardened_no_worst_hours,True,True,543,1.0316362111049222,4.063856532343207,2,0.0,EXECUTE,
main_always_active,2024-09-16 13:45:00,2024-09-16,NORMAL,proxy_hardened_no_worst_hours,True,True,544,1.121664358801919,3.200176418535489,0,0.0,EXECUTE,
main_always_active,2024-09-18 18:30:00,2024-09-18,NORMAL,proxy_hardened_no_worst_hours,True,True,545,1.1231177603737215,3.569425334501807,1,0.0,EXECUTE,
main_always_active,2024-09-19 14:30:00,2024-09-19,NORMAL,proxy_hardened_no_worst_hours,True,True,546,1.0979998238454107,4.261171310552217,2,0.20567303528888134,EXECUTE,
main_always_active,2024-09-20 14:15:00,2024-09-20,NORMAL,proxy_hardened_no_worst_hours,True,True,547,1.199532948035581,3.1689316955469296,0,0.0,EXECUTE,
main_always_active,2024-09-23 10:00:00,2024-09-23,NORMAL,proxy_hardened_no_worst_hours,True,False,548,1.291700874680417,2.2383744283979734,0,0.0,EXECUTE,
main_always_active,2024-09-23 15:30:00,2024-09-23,NORMAL,proxy_hardened_no_worst_hours,True,True,549,1.3772896854304384,1.623783333290588,0,0.0,EXECUTE,
main_always_active,2024-09-24 13:00:00,2024-09-24,NORMAL,proxy_hardened_no_worst_hours,True,True,550,1.3569864404312826,2.0476974603539437,1,0.0,EXECUTE,
main_always_active,2024-09-25 14:00:00,2024-09-25,NORMAL,proxy_hardened_no_worst_hours,True,True,551,1.452183595791013,1.2196375768384695,0,0.0,EXECUTE,
main_always_active,2024-09-25 19:15:00,2024-09-25,NORMAL,proxy_hardened_no_worst_hours,True,True,552,1.3696835105721976,1.619155580692988,1,0.0,EXECUTE,
main_always_active,2024-09-26 15:15:00,2024-09-26,NORMAL,proxy_hardened_no_worst_hours,True,False,553,1.284209143745763,1.9548308601698359,2,0.0,EXECUTE,
main_always_active,2024-10-01 13:00:00,2024-10-01,NORMAL,proxy_hardened_no_worst_hours,True,True,554,1.1644437779660601,2.6127103857141627,3,0.0,EXECUTE,
main_always_active,2024-10-01 15:30:00,2024-10-01,NORMAL,proxy_hardened_no_worst_hours,True,True,555,1.2440681482963583,2.002080848524196,0,0.0,EXECUTE,
main_always_active,2024-10-11 10:45:00,2024-10-11,NORMAL,proxy_hardened_no_worst_hours,True,True,556,1.23294156587557,2.5860027225394466,1,0.0,EXECUTE,
main_always_active,2024-10-11 19:45:00,2024-10-11,NORMAL,proxy_hardened_no_worst_hours,True,True,557,1.3251324821990167,2.047410085104331,0,0.0,EXECUTE,
main_always_active,2024-10-14 10:30:00,2024-10-14,NORMAL,proxy_hardened_no_worst_hours,True,False,558,1.2352049542384296,2.323282324991587,1,0.0,EXECUTE,
main_always_active,2024-10-15 10:45:00,2024-10-15,NORMAL,proxy_hardened_no_worst_hours,True,False,559,1.1639102177533645,2.629337219768514,2,0.31333454078099093,EXECUTE,
main_always_active,2024-10-15 14:15:00,2024-10-15,NORMAL,proxy_hardened_no_worst_hours,True,True,560,1.0999387719699079,2.923862545411394,3,0.6148652767162779,EXECUTE,
main_always_active,2024-10-16 14:15:00,2024-10-16,NORMAL,proxy_hardened_no_worst_hours,True,True,561,1.1195747221184618,1.967047141529691,0,0.0,EXECUTE,
main_always_active,2024-10-16 19:45:00,2024-10-16,NORMAL,proxy_hardened_no_worst_hours,True,True,562,0.9990824943770201,2.4086369426230423,1,0.08738481355963448,EXECUTE,
main_always_active,2024-10-17 13:00:00,2024-10-17,NORMAL,proxy_hardened_no_worst_hours,True,False,563,0.9720126606570254,1.8186084555286757,0,0.0,EXECUTE,
main_always_active,2024-10-18 13:30:00,2024-10-18,NORMAL,proxy_hardened_no_worst_hours,True,True,564,0.9827442643062938,1.0235997805107668,0,0.0,EXECUTE,
main_always_active,2024-10-21 10:45:00,2024-10-21,NORMAL,proxy_hardened_no_worst_hours,True,True,565,0.9861328919909271,0.2007358374054444,0,0.0,EXECUTE,
main_always_active,2024-10-22 10:00:00,2024-10-22,NORMAL,proxy_hardened_no_worst_hours,True,True,566,1.0060583004108352,0.5291415498852893,1,0.32906626640533787,EXECUTE,
main_always_active,2024-10-22 13:00:00,2024-10-22,NORMAL,proxy_hardened_no_worst_hours,True,True,567,1.0133416642142528,0.8263328707910297,2,0.6268553567352595,EXECUTE,
main_always_active,2024-10-24 13:30:00,2024-10-24,NORMAL,proxy_hardened_no_worst_hours,True,True,568,1.1105108286147296,0.15874999610537763,0,0.0,EXECUTE,
main_always_active,2024-10-28 15:45:00,2024-10-28,NORMAL,proxy_hardened_no_worst_hours,True,False,569,1.165627424035505,0.49604006404521334,1,0.0,EXECUTE,
main_always_active,2024-10-29 13:00:00,2024-10-29,NORMAL,proxy_hardened_no_worst_hours,True,True,570,1.157076304842971,0.0,0,0.0,EXECUTE,
main_always_active,2024-10-30 13:00:00,2024-10-30,NORMAL,proxy_hardened_no_worst_hours,True,True,571,1.124125325627027,0.0,0,0.0,EXECUTE,
main_always_active,2024-11-06 10:00:00,2024-11-06,NORMAL,proxy_hardened_no_worst_hours,True,True,572,1.1203901804585958,0.3559217876084523,1,0.0,EXECUTE,
main_always_active,2024-11-08 10:00:00,2024-11-08,NORMAL,proxy_hardened_no_worst_hours,True,True,573,1.2900115834491925,0.0,0,0.0,EXECUTE,
main_always_active,2024-11-08 15:45:00,2024-11-08,NORMAL,proxy_hardened_no_worst_hours,True,True,574,1.2960666936804504,0.40177325677834164,1,0.0,EXECUTE,
main_always_active,2024-11-12 15:15:00,2024-11-12,NORMAL,proxy_hardened_no_worst_hours,True,True,575,1.3093183336773473,0.0,0,0.0,EXECUTE,
main_always_active,2024-11-13 15:45:00,2024-11-13,NORMAL,proxy_hardened_no_worst_hours,True,True,576,1.296447400737849,0.6225735544414877,1,0.0,EXECUTE,
main_always_active,2024-11-18 18:45:00,2024-11-18,NORMAL,proxy_hardened_no_worst_hours,True,False,577,1.4217861891372803,0.0,0,0.0,EXECUTE,
main_always_active,2024-11-19 13:30:00,2024-11-19,NORMAL,proxy_hardened_no_worst_hours,True,True,578,1.536061416037354,0.0,0,0.0,EXECUTE,
main_always_active,2024-11-19 18:45:00,2024-11-19,NORMAL,proxy_hardened_no_worst_hours,True,True,579,1.4371756493500607,0.4374715656732384,1,0.0,EXECUTE,
main_always_active,2024-11-21 18:00:00,2024-11-21,NORMAL,proxy_hardened_no_worst_hours,True,True,580,1.4404423309197611,0.8545672683887586,2,0.17536606477052097,EXECUTE,
main_always_active,2024-11-22 21:00:00,2024-11-22,NORMAL,proxy_hardened_no_worst_hours,True,True,581,1.5569050331887961,0.0,0,0.0,EXECUTE,
main_always_active,2024-11-26 14:30:00,2024-11-26,NORMAL,proxy_hardened_no_worst_hours,True,True,582,1.5507888900168343,0.35196735852821015,1,0.0,EXECUTE,
main_always_active,2024-11-27 13:30:00,2024-11-27,NORMAL,proxy_hardened_no_worst_hours,True,True,583,1.5303722399351427,0.9382727484101981,2,0.5883762823411558,EXECUTE,
main_always_active,2024-11-28 13:00:00,2024-11-28,NORMAL,proxy_hardened_no_worst_hours,True,True,584,1.5365080319142206,1.3237533520782327,3,0.9752184441477798,EXECUTE,
main_always_active,2024-11-29 10:30:00,2024-11-29,NORMAL,proxy_hardened_no_worst_hours,True,True,585,1.4238391836796171,1.6051812931524503,4,1.257640418384627,EXECUTE,
main_always_active,2024-12-04 10:00:00,2024-12-04,NORMAL,proxy_hardened_no_worst_hours,True,False,586,1.445585825823968,1.9922381199213215,5,0.0,EXECUTE,
main_always_active,2024-12-10 13:15:00,2024-12-10,NORMAL,proxy_hardened_no_worst_hours,True,True,587,1.4540791885791018,2.276131945745942,6,0.0,EXECUTE,
main_always_active,2024-12-11 10:45:00,2024-12-11,NORMAL,proxy_hardened_no_worst_hours,True,False,588,1.5719000257285956,1.5230566639877958,0,0.0,EXECUTE,
main_always_active,2024-12-17 13:45:00,2024-12-17,NORMAL,proxy_hardened_no_worst_hours,True,True,589,1.727866778485649,0.5398245862582781,0,0.0,EXECUTE,
main_always_active,2024-12-17 15:30:00,2024-12-17,NORMAL,proxy_hardened_no_worst_hours,True,True,590,1.6254267994152853,0.9370395108638874,1,0.3993708265174987,EXECUTE,
main_always_active,2024-12-23 13:30:00,2024-12-23,NORMAL,proxy_hardened_no_worst_hours,True,True,591,1.4994152589889802,1.3852663766747972,2,0.0,EXECUTE,
main_always_active,2024-12-24 10:45:00,2024-12-24,NORMAL,proxy_hardened_no_worst_hours,True,False,592,1.6255710314169647,0.7590080196208953,0,0.0,EXECUTE,
main_always_active,2024-12-26 13:15:00,2024-12-26,NORMAL,proxy_hardened_no_worst_hours,True,False,593,1.623650472024515,0.9855126582547129,1,0.0,EXECUTE,
main_always_active,2024-12-26 14:45:00,2024-12-26,NORMAL,proxy_hardened_no_worst_hours,True,False,594,1.5178898196766746,1.2106149521019312,2,0.0,EXECUTE,
main_always_active,2024-12-26 18:00:00,2024-12-26,NORMAL,,False,True,595,1.6132917936419866,0.7048578503782463,0,0.0,SKIP,daily_trade_limit
main_always_active,2024-12-30 13:30:00,2024-12-30,NORMAL,proxy_hardened_no_worst_hours,True,True,595,1.6132917936419866,0.7048578503782463,0,0.0,EXECUTE,
main_always_active,2024-12-31 19:30:00,2024-12-31,NORMAL,proxy_hardened_no_worst_hours,True,True,596,1.7910450950531673,0.0,0,0.0,EXECUTE,
main_always_active,2025-01-02 10:00:00,2025-01-02,NORMAL,proxy_hardened_no_worst_hours,True,True,597,1.7494162918397445,0.0,0,0.0,EXECUTE,
main_always_active,2025-01-02 14:00:00,2025-01-02,NORMAL,proxy_hardened_no_worst_hours,True,True,598,1.71905481508599,0.0,0,0.0,EXECUTE,
main_always_active,2025-01-06 10:00:00,2025-01-06,NORMAL,proxy_hardened_no_worst_hours,True,True,599,1.7428614951370487,0.0,0,0.0,EXECUTE,
main_always_active,2025-01-06 13:15:00,2025-01-06,NORMAL,proxy_hardened_no_worst_hours,True,True,600,1.7607023397236437,0.2966709342545982,1,0.2966709342546032,EXECUTE,
main_always_active,2025-01-07 10:00:00,2025-01-07,NORMAL,proxy_hardened_no_worst_hours,True,True,601,1.6154106190915378,0.7108954679271638,2,0.710895467927174,EXECUTE,
main_always_active,2025-01-08 10:45:00,2025-01-08,NORMAL,proxy_hardened_no_worst_hours,True,True,602,1.7288610639464972,0.18290199400275284,0,0.18290199400276796,EXECUTE,
main_always_active,2025-01-08 13:00:00,2025-01-08,NORMAL,proxy_hardened_no_worst_hours,True,True,603,1.7475898540722186,0.3913858738742342,1,0.3913858738742544,EXECUTE,
main_always_active,2025-01-09 14:45:00,2025-01-09,NORMAL,proxy_hardened_no_worst_hours,True,True,604,1.8102805837133729,0.6673778710240744,2,0.6673778710240997,EXECUTE,
main_always_active,2025-01-09 18:15:00,2025-01-09,NORMAL,proxy_hardened_no_worst_hours,True,True,605,1.6811513380619587,1.0596280331752628,3,1.0596280331752932,EXECUTE,
main_always_active,2025-01-10 13:00:00,2025-01-10,NORMAL,proxy_hardened_no_worst_hours,True,False,606,1.8611481494455628,0.29139406223972986,0,0.2913940622397652,EXECUTE,
main_always_active,2025-01-10 13:45:00,2025-01-10,NORMAL,proxy_hardened_no_worst_hours,True,False,607,1.7520197587656978,0.5876042991284717,1,0.5876042991285121,EXECUTE,
main_always_active,2025-01-15 13:00:00,2025-01-15,NORMAL,proxy_hardened_no_worst_hours,True,True,608,1.8889230218759392,0.0,0,0.0,EXECUTE,
main_always_active,2025-01-15 13:30:00,2025-01-15,NORMAL,proxy_hardened_no_worst_hours,True,True,609,1.8955801544120372,0.2540744338916437,1,0.2540744338916487,EXECUTE,
main_always_active,2025-01-23 19:45:00,2025-01-23,NORMAL,proxy_hardened_no_worst_hours,True,True,610,1.8851093674703117,0.5824683044901975,2,0.0,EXECUTE,
main_always_active,2025-01-24 10:00:00,2025-01-24,NORMAL,proxy_hardened_no_worst_hours,True,True,611,1.8594755459238062,0.0,0,0.0,EXECUTE,
main_always_active,2025-01-24 14:30:00,2025-01-24,NORMAL,proxy_hardened_no_worst_hours,True,True,612,2.012046633489592,0.0,0,0.0,EXECUTE,
main_always_active,2025-01-30 19:30:00,2025-01-30,NORMAL,proxy_hardened_no_worst_hours,True,True,613,1.8755492903026327,0.3585435393007052,1,0.0,EXECUTE,
main_always_active,2025-02-03 10:00:00,2025-02-03,NORMAL,proxy_hardened_no_worst_hours,True,True,614,1.8701380117461301,0.0,0,0.0,EXECUTE,
main_always_active,2025-02-04 21:30:00,2025-02-04,NORMAL,proxy_hardened_no_worst_hours,True,True,615,1.8720430379820048,0.0,0,0.0,EXECUTE,
main_always_active,2025-02-05 14:30:00,2025-02-05,NORMAL,proxy_hardened_no_worst_hours,True,True,616,1.9976899561826325,0.0,0,0.0,EXECUTE,
main_always_active,2025-02-07 10:00:00,2025-02-07,NORMAL,proxy_hardened_no_worst_hours,True,True,617,2.1497465431196354,0.0,0,0.0,EXECUTE,
main_always_active,2025-02-10 13:45:00,2025-02-10,NORMAL,proxy_hardened_no_worst_hours,True,True,618,2.013398453270274,0.27549421467756824,1,0.0,EXECUTE,
main_always_active,2025-02-12 18:45:00,2025-02-12,NORMAL,proxy_hardened_no_worst_hours,True,True,619,2.179642488710389,0.0,0,0.0,EXECUTE,
main_always_active,2025-02-12 19:45:00,2025-02-12,NORMAL,proxy_hardened_no_worst_hours,True,True,620,1.9917315038186494,0.4724699550558192,1,0.0,EXECUTE,
main_always_active,2025-02-13 10:15:00,2025-02-13,NORMAL,proxy_hardened_no_worst_hours,True,True,621,2.0156312605060025,0.0,0,0.0,EXECUTE,
main_always_active,2025-02-13 14:45:00,2025-02-13,NORMAL,proxy_hardened_no_worst_hours,True,True,622,2.0042289050569613,0.3743427624443063,1,0.0,EXECUTE,
main_always_active,2025-02-14 10:45:00,2025-02-14,NORMAL,proxy_hardened_no_worst_hours,True,True,623,1.9419308452306567,0.0,0,0.0,EXECUTE,
main_always_active,2025-02-18 10:00:00,2025-02-18,NORMAL,proxy_hardened_no_worst_hours,True,True,624,1.9553664722881574,0.3071311164951092,1,0.0,EXECUTE,
main_always_active,2025-02-18 13:00:00,2025-02-18,NORMAL,proxy_hardened_no_worst_hours,True,True,625,1.7864886818963674,0.5807898667100968,2,0.27450183075258233,EXECUTE,
main_always_active,2025-02-19 13:00:00,2025-02-19,NORMAL,proxy_hardened_no_worst_hours,True,True,626,1.9745642259119267,0.00456739658862224,0,0.0,EXECUTE,
main_always_active,2025-02-19 14:00:00,2025-02-19,NORMAL,proxy_hardened_no_worst_hours,True,True,627,1.780441005212717,0.3842830976835258,1,0.0773896689427066,EXECUTE,
main_always_active,2025-02-26 15:00:00,2025-02-26,NORMAL,proxy_hardened_no_worst_hours,True,True,628,1.6325190957432356,0.8018233844696557,2,0.0,EXECUTE,
main_always_active,2025-02-27 10:15:00,2025-02-27,NORMAL,proxy_hardened_no_worst_hours,True,True,629,1.6141141022488867,1.3162470043261452,3,0.5185817294306564,EXECUTE,
main_always_active,2025-02-28 10:15:00,2025-02-28,NORMAL,proxy_hardened_no_worst_hours,True,False,630,1.795042453570634,0.30982167383563464,0,0.0,EXECUTE,
main_always_active,2025-02-28 15:45:00,2025-02-28,NORMAL,proxy_hardened_no_worst_hours,True,True,631,1.7872374730158416,0.0,0,0.0,EXECUTE,
main_always_active,2025-03-04 18:00:00,2025-03-04,NORMAL,proxy_hardened_no_worst_hours,True,True,632,1.7369368893744586,0.5875399801181252,1,0.0,EXECUTE,
main_always_active,2025-03-06 18:45:00,2025-03-06,NORMAL,proxy_hardened_no_worst_hours,True,True,633,1.749609271013073,1.0652875209450219,2,0.48057108810239174,EXECUTE,
main_always_active,2025-03-07 10:45:00,2025-03-07,NORMAL,proxy_hardened_no_worst_hours,True,False,634,1.731165534261052,1.5213667036640615,3,0.9393457554105252,EXECUTE,
main_always_active,2025-03-07 13:30:00,2025-03-07,NORMAL,proxy_hardened_no_worst_hours,True,False,635,1.7260844934152244,1.8102024079760142,4,1.2298885145920122,EXECUTE,
main_always_active,2025-03-07 14:45:00,2025-03-07,NORMAL,,False,True,636,1.7145895622671006,2.2322926291714142,5,1.6544733413943964,SKIP,daily_trade_limit
main_always_active,2025-03-10 13:15:00,2025-03-10,NORMAL,proxy_hardened_no_worst_hours,True,True,636,1.7145895622671006,2.2322926291714142,5,0.0,EXECUTE,
main_always_active,2025-03-10 14:15:00,2025-03-10,NORMAL,proxy_hardened_no_worst_hours,True,True,637,1.6769612261341038,2.7064739879656905,6,0.4850081602054267,EXECUTE,
main_always_active,2025-03-11 13:15:00,2025-03-11,NORMAL,proxy_hardened_no_worst_hours,True,False,638,1.7087537138747413,1.7019394348253731,0,0.0,EXECUTE,
main_always_active,2025-03-11 14:45:00,2025-03-11,NORMAL,proxy_hardened_no_worst_hours,True,True,639,1.6834244128986375,1.0311603859723386,0,0.0,EXECUTE,
main_always_active,2025-03-13 10:15:00,2025-03-13,NORMAL,proxy_hardened_no_worst_hours,True,True,640,1.6746038391135087,1.4507429836580967,1,0.0,EXECUTE,
main_always_active,2025-03-16 22:00:00,2025-03-16,NORMAL,proxy_hardened_no_worst_hours,True,True,641,1.6950506262347724,1.7509781132589004,2,0.0,EXECUTE,
main_always_active,2025-03-17 14:15:00,2025-03-17,NORMAL,proxy_hardened_no_worst_hours,True,True,642,1.5721308002692083,2.125254956278889,3,0.3809471441369156,EXECUTE,
main_always_active,2025-03-18 14:15:00,2025-03-18,NORMAL,proxy_hardened_no_worst_hours,True,True,643,1.6924184712504178,1.2911669824430112,0,0.0,EXECUTE,
main_always_active,2025-03-19 10:45:00,2025-03-19,NORMAL,proxy_hardened_no_worst_hours,True,False,644,1.8352739586457112,0.2915043790515535,0,0.0,EXECUTE,
main_always_active,2025-03-19 19:15:00,2025-03-19,NORMAL,proxy_hardened_no_worst_hours,True,True,645,1.7166845741045595,0.672338444331823,1,0.0,EXECUTE,
main_always_active,2025-03-24 10:30:00,2025-03-24,NORMAL,proxy_hardened_no_worst_hours,True,False,646,1.7457170905877224,0.0,0,0.0,EXECUTE,
main_always_active,2025-03-26 10:30:00,2025-03-26,NORMAL,proxy_hardened_no_worst_hours,True,False,647,1.6278211582195798,0.358355238181987,1,0.3583552381819918,EXECUTE,
main_always_active,2025-03-27 15:45:00,2025-03-27,NORMAL,proxy_hardened_no_worst_hours,True,True,648,1.5332101364383648,0.6355385409535677,2,0.6355385409535772,EXECUTE,
main_always_active,2025-03-28 10:45:00,2025-03-28,NORMAL,proxy_hardened_no_worst_hours,True,False,649,1.562311969279226,0.0,0,0.0,EXECUTE,
main_always_active,2025-03-31 14:30:00,2025-03-31,NORMAL,proxy_hardened_no_worst_hours,True,True,650,1.680196157610746,0.0,0,0.0,EXECUTE,
main_always_active,2025-04-01 10:15:00,2025-04-01,NORMAL,proxy_hardened_no_worst_hours,True,False,651,1.8828385475164306,0.0,0,0.0,EXECUTE,
main_always_active,2025-04-02 13:00:00,2025-04-02,NORMAL,proxy_hardened_no_worst_hours,True,False,652,1.7513366040569796,0.4388290232145889,1,0.0,EXECUTE,
main_always_active,2025-04-07 13:45:00,2025-04-07,NORMAL,proxy_hardened_no_worst_hours,True,True,653,1.7001072004105147,0.9320199135155128,2,0.0,EXECUTE,
main_always_active,2025-04-07 14:30:00,2025-04-07,NORMAL,proxy_hardened_no_worst_hours,True,True,654,1.5749844707101202,2.003800863880636,3,1.0818641395832267,EXECUTE,
main_always_active,2025-04-09 13:00:00,2025-04-09,NORMAL,proxy_hardened_no_worst_hours,True,True,655,1.8714140220133961,0.0,0,0.0,EXECUTE,
main_always_active,2025-04-09 18:15:00,2025-04-09,NORMAL,proxy_hardened_no_worst_hours,True,False,656,1.97895867120101,0.0,0,0.0,EXECUTE,
main_always_active,2025-04-10 10:00:00,2025-04-10,NORMAL,proxy_hardened_no_worst_hours,True,True,657,2.270878694373539,0.0,0,0.0,EXECUTE,
main_always_active,2025-04-11 14:15:00,2025-04-11,NORMAL,proxy_hardened_no_worst_hours,True,True,658,2.3310598048586484,0.0,0,0.0,EXECUTE,
main_always_active,2025-04-22 10:00:00,2025-04-22,NORMAL,proxy_hardened_no_worst_hours,True,True,659,2.166291442584221,0.9692521182710556,1,0.0,EXECUTE,
main_always_active,2025-04-25 10:15:00,2025-04-25,NORMAL,proxy_hardened_no_worst_hours,True,True,660,2.0445577862374598,1.8850926064369766,2,0.9248041721947825,EXECUTE,
main_always_active,2025-04-28 10:00:00,2025-04-28,NORMAL,proxy_hardened_no_worst_hours,True,True,661,2.119998507112816,0.46870191877809614,0,0.0,EXECUTE,
main_always_active,2025-05-01 14:15:00,2025-05-01,NORMAL,proxy_hardened_no_worst_hours,True,True,662,1.9676929255154625,1.0698518837740736,1,0.6039808347575424,EXECUTE,
main_always_active,2025-05-06 14:45:00,2025-05-06,NORMAL,proxy_hardened_no_worst_hours,True,True,663,1.8890517849884738,1.875630030084166,2,0.0,EXECUTE,
main_always_active,2025-05-09 18:00:00,2025-05-09,NORMAL,proxy_hardened_no_worst_hours,True,True,664,1.949734059911794,0.5244300547158486,0,0.0,EXECUTE,
main_always_active,2025-05-13 14:15:00,2025-05-13,NORMAL,proxy_hardened_no_worst_hours,True,True,665,1.8131089131740314,1.0736632858122548,1,0.0,EXECUTE,
main_always_active,2025-05-16 13:30:00,2025-05-16,NORMAL,proxy_hardened_no_worst_hours,True,True,666,1.6858333587318135,1.7546614258997648,2,0.6883891213469421,EXECUTE,
main_always_active,2025-05-21 10:00:00,2025-05-21,NORMAL,proxy_hardened_no_worst_hours,True,True,667,1.5323777043872422,2.6687959540455695,3,0.0,EXECUTE,
main_always_active,2025-05-21 14:15:00,2025-05-21,NORMAL,proxy_hardened_no_worst_hours,True,True,668,1.505035737028163,3.178371700595646,4,0.5235481791733383,EXECUTE,
main_always_active,2025-05-23 14:00:00,2025-05-23,NORMAL,proxy_hardened_no_worst_hours,True,True,669,1.5480761370393417,1.8333560512145604,0,0.0,EXECUTE,
main_always_active,2025-05-26 18:00:00,2025-05-26,NORMAL,proxy_hardened_no_worst_hours,True,True,670,1.508365048829614,2.646571243752545,1,0.8284027647540357,EXECUTE,
main_always_active,2025-05-27 13:15:00,2025-05-27,NORMAL,proxy_hardened_no_worst_hours,True,True,671,1.487855925920198,2.143174388681875,0,0.315604491510333,EXECUTE,
main_always_active,2025-05-30 14:45:00,2025-05-30,NORMAL,proxy_hardened_no_worst_hours,True,True,672,1.468041412687217,2.685808046287014,1,0.8683723521374528,EXECUTE,
main_always_active,2025-06-02 13:30:00,2025-06-02,NORMAL,proxy_hardened_no_worst_hours,True,True,673,1.3466573686902965,3.4422542394913624,2,0.0,EXECUTE,
main_always_active,2025-06-04 19:00:00,2025-06-04,NORMAL,proxy_hardened_no_worst_hours,True,True,674,1.440856550961867,2.331373005640267,0,0.0,EXECUTE,
main_always_active,2025-06-10 14:00:00,2025-06-10,NORMAL,proxy_hardened_no_worst_hours,True,True,675,1.426077464507419,2.743986474165108,1,0.0,EXECUTE,
main_always_active,2025-06-11 14:30:00,2025-06-11,NORMAL,proxy_hardened_no_worst_hours,True,True,676,1.3512007458152728,3.2399192983930423,2,0.5099251000003201,EXECUTE,
main_always_active,2025-06-11 18:00:00,2025-06-11,NORMAL,proxy_hardened_no_worst_hours,True,False,677,1.3255568796812882,3.903602533013442,3,1.192333529628278,EXECUTE,
main_always_active,2025-06-12 14:30:00,2025-06-12,NORMAL,proxy_hardened_no_worst_hours,True,True,678,1.4303124135095169,2.690700471201798,0,0.0,EXECUTE,
main_always_active,2025-06-13 14:00:00,2025-06-13,NORMAL,proxy_hardened_no_worst_hours,True,True,679,1.562197461346614,1.2608748931814417,0,0.0,EXECUTE,
main_always_active,2025-06-19 15:00:00,2025-06-19,NORMAL,proxy_hardened_no_worst_hours,True,True,680,1.5825470153076713,0.021232433547028837,0,0.0,EXECUTE,
main_always_active,2025-06-24 15:15:00,2025-06-24,NORMAL,proxy_hardened_no_worst_hours,True,True,681,1.4964460144596512,0.4836926315402475,1,0.0,EXECUTE,
main_always_active,2025-06-25 14:00:00,2025-06-25,NORMAL,proxy_hardened_no_worst_hours,True,True,682,1.4836570714938395,1.1618075515731654,2,0.6814108541248396,EXECUTE,
main_always_active,2025-06-26 15:00:00,2025-06-26,NORMAL,proxy_hardened_no_worst_hours,True,True,683,1.483250939396266,1.6029182958706318,3,1.124665588913436,EXECUTE,
main_always_active,2025-06-27 10:15:00,2025-06-27,NORMAL,proxy_hardened_no_worst_hours,True,True,684,1.4677422012704346,2.1943223244057153,4,1.718944098811729,EXECUTE,
main_always_active,2025-06-27 14:00:00,2025-06-27,NORMAL,proxy_hardened_no_worst_hours,True,True,685,1.5492677425311503,1.241738739146709,0,0.7617305421108609,EXECUTE,
main_always_active,2025-07-01 13:15:00,2025-07-01,NORMAL,proxy_hardened_no_worst_hours,True,True,686,1.5258283891763675,1.8799567508476789,1,0.0,EXECUTE,
main_always_active,2025-07-01 19:00:00,2025-07-01,NORMAL,proxy_hardened_no_worst_hours,True,False,687,1.5284618845999338,2.284530150185705,2,0.41232492968914913,EXECUTE,
main_always_active,2025-07-02 13:00:00,2025-07-02,NORMAL,proxy_hardened_no_worst_hours,True,True,688,1.4455466910598518,2.605100504432124,3,0.739037335871454,EXECUTE,
main_always_active,2025-07-03 10:30:00,2025-07-03,NORMAL,proxy_hardened_no_worst_hours,True,False,689,1.3764803985407192,3.0118004658207487,4,1.1535295720355907,EXECUTE,
main_always_active,2025-07-06 22:00:00,2025-07-06,NORMAL,proxy_hardened_no_worst_hours,True,False,690,1.3799090212652174,3.3520314498169004,5,1.500279300969383,EXECUTE,
main_always_active,2025-07-07 10:15:00,2025-07-07,NORMAL,proxy_hardened_no_worst_hours,True,True,691,1.379387435721501,3.6329580783149615,6,0.0,EXECUTE,
main_always_active,2025-07-08 10:30:00,2025-07-08,NORMAL,proxy_hardened_no_worst_hours,True,True,692,1.44816710491257,2.934888367967663,0,0.0,EXECUTE,
main_always_active,2025-07-09 10:00:00,2025-07-09,NORMAL,proxy_hardened_no_worst_hours,True,True,693,1.4421612175887675,2.2748147960475156,0,0.0,EXECUTE,
main_always_active,2025-07-10 10:30:00,2025-07-10,NORMAL,proxy_hardened_no_worst_hours,True,False,694,1.359543820007925,2.636473105365378,1,0.0,EXECUTE,
main_always_active,2025-07-10 13:00:00,2025-07-10,NORMAL,proxy_hardened_no_worst_hours,True,False,695,1.3630605944724565,2.9396793597204605,2,0.0,EXECUTE,
main_always_active,2025-07-10 14:45:00,2025-07-10,NORMAL,,False,True,696,1.2835508926421622,3.309430908830636,3,0.0,SKIP,daily_trade_limit
main_always_active,2025-07-11 18:00:00,2025-07-11,NORMAL,proxy_hardened_no_worst_hours,True,True,696,1.2835508926421622,3.309430908830636,3,0.0,EXECUTE,
main_always_active,2025-07-14 10:15:00,2025-07-14,NORMAL,proxy_hardened_no_worst_hours,True,True,697,1.3511587951603632,2.5569553886298215,0,0.0,EXECUTE,
main_always_active,2025-07-15 10:15:00,2025-07-15,NORMAL,proxy_hardened_no_worst_hours,True,True,698,1.3420877458240956,2.928439132668664,1,0.38123166770950834,EXECUTE,
main_always_active,2025-07-16 15:45:00,2025-07-16,NORMAL,proxy_hardened_no_worst_hours,True,True,699,1.2620408502549834,3.254624963566916,2,0.715976781841744,EXECUTE,
main_always_active,2025-07-17 10:30:00,2025-07-17,NORMAL,proxy_hardened_no_worst_hours,True,True,700,1.1632080400489564,4.1674950269033735,3,1.6528010230969719,EXECUTE,
main_always_active,2025-07-17 22:30:00,2025-07-17,NORMAL,proxy_hardened_no_worst_hours,True,False,701,1.1317970121994156,3.5404795266224074,0,1.0093323150104445,EXECUTE,
main_always_active,2025-07-18 14:00:00,2025-07-18,NORMAL,proxy_hardened_no_worst_hours,True,True,702,1.1417092847440873,3.7903875454123175,1,1.2657980481847484,EXECUTE,
main_always_active,2025-07-25 13:30:00,2025-07-25,NORMAL,proxy_hardened_no_worst_hours,True,True,703,1.1494705089507187,4.128624175740621,2,0.0,EXECUTE,
main_always_active,2025-07-31 15:00:00,2025-07-31,NORMAL,proxy_hardened_no_worst_hours,True,False,704,1.259027690605598,3.3772122318673317,0,0.0,EXECUTE,
main_always_active,2025-08-04 15:30:00,2025-08-04,NORMAL,proxy_hardened_no_worst_hours,True,True,705,1.1688735317318928,2.490882516881859,0,0.0,EXECUTE,
main_always_active,2025-08-05 13:00:00,2025-08-05,NORMAL,proxy_hardened_no_worst_hours,True,False,706,1.0435941480899116,2.9043981228899725,1,0.42407891352284055,EXECUTE,
main_always_active,2025-08-05 18:00:00,2025-08-05,NORMAL,proxy_hardened_no_worst_hours,True,True,707,0.9508343454170495,2.1949347427617094,0,0.0,EXECUTE,
main_always_active,2025-08-07 13:45:00,2025-08-07,NORMAL,proxy_hardened_no_worst_hours,True,True,708,0.8586558726146615,2.575613861204423,1,0.0868958170370547,EXECUTE,
main_always_active,2025-08-08 13:30:00,2025-08-08,NORMAL,proxy_hardened_no_worst_hours,True,False,709,0.880618770446005,3.0903965367783734,2,0.6148286799953104,EXECUTE,
main_always_active,2025-08-11 13:00:00,2025-08-11,NORMAL,proxy_hardened_no_worst_hours,True,True,710,0.8966981394171146,3.687628843750454,3,0.0,EXECUTE,
main_always_active,2025-08-11 14:15:00,2025-08-11,NORMAL,proxy_hardened_no_worst_hours,True,True,711,0.7911719455823353,4.224754077022874,4,0.5576908000749305,EXECUTE,
main_always_active,2025-08-12 14:30:00,2025-08-12,NORMAL,proxy_hardened_no_worst_hours,True,True,712,0.8801250509812555,3.153900520844244,0,0.0,EXECUTE,
main_always_active,2025-08-13 14:15:00,2025-08-13,NORMAL,proxy_hardened_no_worst_hours,True,False,713,0.8870831397310774,3.823312996212189,1,0.1408792565615731,EXECUTE,
main_always_active,2025-08-14 13:30:00,2025-08-14,NORMAL,proxy_hardened_no_worst_hours,True,True,714,0.7897655280006586,4.237884534325871,2,0.5713239991597159,EXECUTE,
main_always_active,2025-08-19 14:00:00,2025-08-19,NORMAL,proxy_hardened_no_worst_hours,True,True,715,0.8722354101382843,3.2602471195608382,0,0.0,EXECUTE,
main_always_active,2025-08-26 18:00:00,2025-08-26,NORMAL,proxy_hardened_no_worst_hours,True,True,716,0.9506781965762708,2.5651746821929255,0,0.0,EXECUTE,
main_always_active,2025-08-28 10:30:00,2025-08-28,NORMAL,proxy_hardened_no_worst_hours,True,False,717,1.043580899756696,1.9924627111798654,0,0.0,EXECUTE,
main_always_active,2025-08-28 15:15:00,2025-08-28,NORMAL,proxy_hardened_no_worst_hours,True,True,718,1.1126650682330594,1.4873306367832235,0,0.0,EXECUTE,
main_always_active,2025-08-31 22:00:00,2025-08-31,NORMAL,proxy_hardened_no_worst_hours,True,True,719,1.072992949366559,0.7377717970755115,0,0.0,EXECUTE,
main_always_active,2025-09-01 13:45:00,2025-09-01,NORMAL,proxy_hardened_no_worst_hours,True,True,720,1.1059795888121853,1.1033192166295693,1,0.36826437021619507,EXECUTE,
main_always_active,2025-09-02 13:30:00,2025-09-02,NORMAL,proxy_hardened_no_worst_hours,True,False,721,1.124017836772331,0.33725326610155565,0,0.0,EXECUTE,
main_always_active,2025-09-04 13:15:00,2025-09-04,NORMAL,proxy_hardened_no_worst_hours,True,True,722,1.2528633087366357,0.0,0,0.0,EXECUTE,
main_always_active,2025-09-07 22:15:00,2025-09-07,NORMAL,proxy_hardened_no_worst_hours,True,True,723,1.2710251777367443,0.5513873511905043,1,0.0,EXECUTE,
main_always_active,2025-09-08 18:00:00,2025-09-08,NORMAL,proxy_hardened_no_worst_hours,True,True,724,1.1454730916405553,1.0915882369934709,2,0.5431959998382517,EXECUTE,
main_always_active,2025-09-09 10:15:00,2025-09-09,NORMAL,proxy_hardened_no_worst_hours,True,True,725,1.24340935683056,0.20552367795061274,0,0.0,EXECUTE,
main_always_active,2025-09-11 19:00:00,2025-09-11,NORMAL,proxy_hardened_no_worst_hours,True,True,726,1.247816685198855,0.6483762787658889,1,0.0975266773382771,EXECUTE,
main_always_active,2025-09-12 10:00:00,2025-09-12,NORMAL,proxy_hardened_no_worst_hours,True,False,727,1.3736902931072361,0.0,0,0.0,EXECUTE,
main_always_active,2025-09-12 13:30:00,2025-09-12,NORMAL,proxy_hardened_no_worst_hours,True,False,728,1.2475858468185284,0.362113476429817,1,0.0,EXECUTE,
main_always_active,2025-09-15 22:15:00,2025-09-15,NORMAL,proxy_hardened_no_worst_hours,True,True,729,1.109228104631603,0.7657460904512127,2,0.0,EXECUTE,
main_always_active,2025-09-16 13:15:00,2025-09-16,NORMAL,proxy_hardened_no_worst_hours,True,True,730,1.0659508147110384,0.13903663031242497,0,0.0,EXECUTE,
main_always_active,2025-09-22 13:00:00,2025-09-22,NORMAL,proxy_hardened_no_worst_hours,True,True,731,1.0721702670910898,0.5162809169204599,1,0.0,EXECUTE,
main_always_active,2025-09-22 14:15:00,2025-09-22,NORMAL,proxy_hardened_no_worst_hours,True,True,732,1.0899062140403284,0.9630438655569515,2,0.44908147057047715,EXECUTE,
main_always_active,2025-09-23 15:00:00,2025-09-23,NORMAL,proxy_hardened_no_worst_hours,True,True,733,1.200980244131315,0.0,0,0.0,EXECUTE,
main_always_active,2025-09-25 19:30:00,2025-09-25,NORMAL,proxy_hardened_no_worst_hours,True,True,734,1.2006640456231459,0.5886417127317349,1,0.0536629452087324,EXECUTE,
main_always_active,2025-09-26 13:30:00,2025-09-26,NORMAL,proxy_hardened_no_worst_hours,True,False,735,1.0762043778969768,1.2308843004224386,2,0.6993617390506601,EXECUTE,
main_always_active,2025-09-28 22:00:00,2025-09-28,NORMAL,proxy_hardened_no_worst_hours,True,False,736,1.2070694995016016,0.19127580089895588,0,0.0,EXECUTE,
main_always_active,2025-09-29 10:15:00,2025-09-29,NORMAL,proxy_hardened_no_worst_hours,True,True,737,1.321961166691903,0.0,0,0.0,EXECUTE,
main_always_active,2025-09-30 14:00:00,2025-09-30,NORMAL,proxy_hardened_no_worst_hours,True,True,738,1.4447285055604344,0.0,0,0.0,EXECUTE,
main_always_active,2025-10-01 14:30:00,2025-10-01,NORMAL,proxy_hardened_no_worst_hours,True,True,739,1.6340132080021814,0.0,0,0.0,EXECUTE,
main_always_active,2025-10-02 10:00:00,2025-10-02,NORMAL,proxy_hardened_no_worst_hours,True,False,740,1.5982254083392662,0.5847732236013281,1,0.0,EXECUTE,
main_always_active,2025-10-03 14:15:00,2025-10-03,NORMAL,proxy_hardened_no_worst_hours,True,True,741,1.7067032591244968,0.0,0,0.0,EXECUTE,
main_always_active,2025-10-06 13:30:00,2025-10-06,NORMAL,proxy_hardened_no_worst_hours,True,True,742,1.7617081141968167,0.0,0,0.0,EXECUTE,
main_always_active,2025-10-07 13:30:00,2025-10-07,NORMAL,proxy_hardened_no_worst_hours,True,True,743,1.8214435736055465,0.0,0,0.0,EXECUTE,
main_always_active,2025-10-08 13:45:00,2025-10-08,NORMAL,proxy_hardened_no_worst_hours,True,False,744,1.7814446632691687,0.5888466524081131,1,0.0,EXECUTE,
main_always_active,2025-10-10 15:30:00,2025-10-10,NORMAL,proxy_hardened_no_worst_hours,True,False,745,1.7250821276564505,1.2468476879693065,2,0.0,EXECUTE,
main_always_active,2025-10-12 22:00:00,2025-10-12,NORMAL,proxy_hardened_no_worst_hours,True,True,746,1.6396752416157316,2.2099556009279953,3,0.9359091894000405,EXECUTE,
main_always_active,2025-10-13 19:15:00,2025-10-13,NORMAL,proxy_hardened_no_worst_hours,True,True,747,1.740925604792522,0.24374551124279747,0,0.0,EXECUTE,
main_always_active,2025-10-14 10:15:00,2025-10-14,NORMAL,proxy_hardened_no_worst_hours,True,False,748,1.8946562834610392,0.0,0,0.0,EXECUTE,
main_always_active,2025-10-14 15:00:00,2025-10-14,NORMAL,proxy_hardened_no_worst_hours,True,False,749,1.7871576454058238,1.0245998744883678,1,0.0,EXECUTE,
main_always_active,2025-10-15 19:00:00,2025-10-15,NORMAL,proxy_hardened_no_worst_hours,True,True,750,2.083452329227564,0.0,0,0.0,EXECUTE,
main_always_active,2025-10-22 10:15:00,2025-10-22,NORMAL,proxy_hardened_no_worst_hours,True,True,751,2.159796956827739,0.0,0,0.0,EXECUTE,
main_always_active,2025-10-22 15:30:00,2025-10-22,NORMAL,proxy_hardened_no_worst_hours,True,True,752,2.481939071938357,0.0,0,0.0,EXECUTE,
main_always_active,2025-10-27 13:15:00,2025-10-27,NORMAL,proxy_hardened_no_worst_hours,True,True,753,2.1811093717543897,1.8202852932682054,1,0.0,EXECUTE,
main_always_active,2025-10-29 14:00:00,2025-10-29,NORMAL,proxy_hardened_no_worst_hours,True,False,754,2.2733601263057057,0.005633957012555751,0,0.0,EXECUTE,
main_always_active,2025-10-30 14:15:00,2025-10-30,NORMAL,proxy_hardened_no_worst_hours,True,False,755,2.088004323391218,0.7546959914038582,1,0.0,EXECUTE,
main_always_active,2025-10-31 14:00:00,2025-10-31,NORMAL,proxy_hardened_no_worst_hours,True,False,756,2.314561009923149,0.0,0,0.0,EXECUTE,
main_always_active,2025-11-04 15:30:00,2025-11-04,NORMAL,proxy_hardened_no_worst_hours,True,True,757,2.1363207961204953,0.7833803307744105,1,0.0,EXECUTE,
main_always_active,2025-11-06 13:00:00,2025-11-06,NORMAL,proxy_hardened_no_worst_hours,True,True,758,2.0360865453882067,1.7781270470722328,2,1.002600894501519,EXECUTE,
main_always_active,2025-11-10 15:00:00,2025-11-10,NORMAL,proxy_hardened_no_worst_hours,True,True,759,2.0369728885666976,2.21290384442808,3,0.0,EXECUTE,
main_always_active,2025-11-13 10:45:00,2025-11-13,NORMAL,proxy_hardened_no_worst_hours,True,True,760,2.1948922860925655,1.0862890226406041,0,0.0,EXECUTE,
main_always_active,2025-11-19 13:15:00,2025-11-19,NORMAL,proxy_hardened_no_worst_hours,True,True,761,2.1662793784814376,1.7277990097664044,1,0.0,EXECUTE,
main_always_active,2025-11-20 10:00:00,2025-11-20,NORMAL,proxy_hardened_no_worst_hours,True,True,762,2.1851991082943605,0.5472137754055248,0,0.0,EXECUTE,
main_always_active,2025-11-21 10:00:00,2025-11-21,NORMAL,proxy_hardened_no_worst_hours,True,True,763,2.140452963724896,1.4115370271586776,1,0.0,EXECUTE,
main_always_active,2025-11-21 18:00:00,2025-11-21,NORMAL,proxy_hardened_no_worst_hours,True,True,764,2.069939593001943,2.25058775336456,2,0.5319802938474146,EXECUTE,
main_always_active,2025-11-24 18:00:00,2025-11-24,NORMAL,proxy_hardened_no_worst_hours,True,True,765,1.9059372109700101,3.0751837044742794,3,0.0,EXECUTE,
main_always_active,2025-11-28 13:45:00,2025-11-28,NORMAL,proxy_hardened_no_worst_hours,True,True,766,1.9336884680163031,2.049230835713573,0,0.0,EXECUTE,
main_always_active,2025-12-03 15:00:00,2025-12-03,NORMAL,proxy_hardened_no_worst_hours,True,True,767,1.9796305765853466,0.8458822430688157,0,0.0,EXECUTE,
main_always_active,2025-12-05 10:15:00,2025-12-05,NORMAL,proxy_hardened_no_worst_hours,True,False,768,1.859772095504933,1.6130602268439689,1,0.7737227672741093,EXECUTE,
main_always_active,2025-12-05 14:30:00,2025-12-05,NORMAL,proxy_hardened_no_worst_hours,True,True,769,1.8627007494692827,0.923284316712357,0,0.07806238953514186,EXECUTE,
main_always_active,2025-12-09 13:45:00,2025-12-09,NORMAL,proxy_hardened_no_worst_hours,True,True,770,1.9565673793015528,0.007699685174782153,0,0.0,EXECUTE,
main_always_active,2025-12-09 14:45:00,2025-12-09,NORMAL,proxy_hardened_no_worst_hours,True,True,771,1.86774286931063,0.41574342999506025,1,0.40807516532328814,EXECUTE,
main_always_active,2025-12-16 18:45:00,2025-12-16,NORMAL,proxy_hardened_no_worst_hours,True,True,772,1.7517487916780652,0.9150627980729721,2,0.0,EXECUTE,
main_always_active,2025-12-16 19:45:00,2025-12-16,NORMAL,proxy_hardened_no_worst_hours,True,True,773,1.733410809814754,1.569982508968067,3,0.6609679830148407,EXECUTE,
main_always_active,2025-12-17 13:00:00,2025-12-17,NORMAL,proxy_hardened_no_worst_hours,True,False,774,1.8596836373753494,0.2844971602109581,0,0.0,EXECUTE,
main_always_active,2025-12-17 14:00:00,2025-12-17,NORMAL,proxy_hardened_no_worst_hours,True,True,775,1.8684384126024258,0.0,0,0.0,EXECUTE,
main_always_active,2025-12-18 18:00:00,2025-12-18,NORMAL,proxy_hardened_no_worst_hours,True,False,776,1.8445447078089243,0.5937671588909315,1,0.0,EXECUTE,
main_always_active,2025-12-19 18:30:00,2025-12-19,NORMAL,proxy_hardened_no_worst_hours,True,True,777,1.702635389710191,1.5663766271228428,2,0.0351755393500249,EXECUTE,
main_always_active,2025-12-22 15:15:00,2025-12-22,NORMAL,proxy_hardened_no_worst_hours,True,False,778,1.79367944109863,0.5163166102487576,0,0.0,EXECUTE,
main_always_active,2025-12-22 18:45:00,2025-12-22,NORMAL,proxy_hardened_no_worst_hours,True,True,779,1.8948653502113457,0.0,0,0.0,EXECUTE,
main_always_active,2025-12-23 10:00:00,2025-12-23,NORMAL,proxy_hardened_no_worst_hours,True,True,780,1.922683804627245,0.0,0,0.0,EXECUTE,
main_always_active,2025-12-23 21:30:00,2025-12-23,NORMAL,proxy_hardened_no_worst_hours,True,True,781,1.9080629157120612,0.44771223910641683,1,0.0,EXECUTE,
main_always_active,2025-12-26 10:45:00,2025-12-26,NORMAL,proxy_hardened_no_worst_hours,True,True,782,2.0145948685418404,0.0,0,0.0,EXECUTE,
main_always_active,2025-12-31 10:15:00,2025-12-31,NORMAL,proxy_hardened_no_worst_hours,True,False,783,1.9111978469813486,0.45459726572016834,1,0.0,EXECUTE,
main_always_active,2026-01-05 14:00:00,2026-01-05,NORMAL,proxy_hardened_no_worst_hours,True,True,784,1.8652028821919864,1.36574971451525,2,0.0,EXECUTE,
main_always_active,2026-01-05 18:30:00,2026-01-05,NORMAL,proxy_hardened_no_worst_hours,True,True,785,2.0081248460534944,0.0,0,0.0,EXECUTE,
main_always_active,2026-01-06 15:30:00,2026-01-06,NORMAL,proxy_hardened_no_worst_hours,True,True,786,1.8771391607324324,0.7008643468483788,1,0.0,EXECUTE,
main_always_active,2026-01-08 13:00:00,2026-01-08,NORMAL,proxy_hardened_no_worst_hours,True,True,787,1.7575945358811773,1.416659367150858,2,0.03514603508836377,EXECUTE,
main_always_active,2026-01-08 13:45:00,2026-01-08,NORMAL,proxy_hardened_no_worst_hours,True,True,788,1.6531183191918848,2.000311168909905,3,0.6269769342510559,EXECUTE,
main_always_active,2026-01-09 14:30:00,2026-01-09,NORMAL,proxy_hardened_no_worst_hours,True,True,789,1.5238344328469686,2.6535843439377826,4,1.2894048568761096,EXECUTE,
main_always_active,2026-01-09 18:30:00,2026-01-09,NORMAL,proxy_hardened_no_worst_hours,True,True,790,1.641477248366529,1.2108332059032938,0,0.0,EXECUTE,
main_always_active,2026-01-12 14:00:00,2026-01-12,NORMAL,proxy_hardened_no_worst_hours,True,True,791,1.6836764227762626,0.0,0,0.0,EXECUTE,
main_always_active,2026-01-12 18:45:00,2026-01-12,NORMAL,proxy_hardened_no_worst_hours,True,True,792,1.7729503899608914,0.0,0,0.0,EXECUTE,
main_always_active,2026-01-13 13:15:00,2026-01-13,NORMAL,proxy_hardened_no_worst_hours,True,False,793,1.591975813512693,1.3772175738914854,1,0.0,EXECUTE,
main_always_active,2026-01-13 15:15:00,2026-01-13,NORMAL,proxy_hardened_no_worst_hours,True,True,794,1.7443038878320198,0.0,0,0.0,EXECUTE,
main_always_active,2026-01-14 19:15:00,2026-01-14,NORMAL,proxy_hardened_no_worst_hours,True,True,795,1.658781970622336,1.548941896666099,1,0.0,EXECUTE,
main_always_active,2026-01-20 13:30:00,2026-01-20,NORMAL,proxy_hardened_no_worst_hours,True,True,796,1.6187431563712265,2.875361198031911,2,0.0,EXECUTE,
main_always_active,2026-01-20 15:30:00,2026-01-20,NORMAL,proxy_hardened_no_worst_hours,True,False,797,1.6326259474203977,0.892970081545859,0,0.0,EXECUTE,
main_always_active,2026-01-21 13:00:00,2026-01-21,NORMAL,proxy_hardened_no_worst_hours,True,True,798,1.7237764529190454,0.0,0,0.0,EXECUTE,
main_always_active,2026-01-22 10:30:00,2026-01-22,NORMAL,proxy_hardened_no_worst_hours,True,False,799,1.6795639007373382,1.4043118188551786,1,0.0,EXECUTE,
main_always_active,2026-01-23 14:30:00,2026-01-23,NORMAL,proxy_hardened_no_worst_hours,True,True,800,1.5069379456726892,2.610110945509175,2,0.0,EXECUTE,
main_always_active,2026-01-23 18:45:00,2026-01-23,NORMAL,proxy_hardened_no_worst_hours,True,True,801,1.5894181651652814,0.0,0,0.0,EXECUTE,
main_always_active,2026-01-26 10:00:00,2026-01-26,NORMAL,proxy_hardened_no_worst_hours,True,False,802,1.6199097628529808,0.0,0,0.0,EXECUTE,
main_always_active,2026-01-26 14:45:00,2026-01-26,NORMAL,proxy_hardened_no_worst_hours,True,True,803,1.6114670490657859,1.6933854494130447,1,1.6933854494130514,EXECUTE,
main_always_active,2026-01-28 15:15:00,2026-01-28,NORMAL,proxy_hardened_no_worst_hours,True,False,804,1.4208670113152075,3.41321754404752,2,3.4132175440475323,EXECUTE,
main_always_active,2026-01-29 14:15:00,2026-01-29,NORMAL,proxy_hardened_no_worst_hours,True,True,805,1.7124229256097194,0.0,0,0.0,EXECUTE,
main_always_active,2026-01-30 14:45:00,2026-01-30,NORMAL,proxy_hardened_no_worst_hours,True,True,806,1.4266300545297406,3.0408192420049915,1,0.9804281485831932,EXECUTE,
main_always_active,2026-02-03 18:00:00,2026-02-03,NORMAL,proxy_hardened_no_worst_hours,True,False,807,2.025099509857085,0.0,0,0.0,EXECUTE,
main_always_active,2026-02-05 10:15:00,2026-02-05,NORMAL,proxy_hardened_no_worst_hours,True,True,808,1.7923513705971172,3.61007703796766,1,3.6100770379676654,EXECUTE,
main_always_active,2026-02-06 14:15:00,2026-02-06,NORMAL,proxy_hardened_no_worst_hours,True,False,809,2.1190342593983087,0.0,0,0.0,EXECUTE,
main_always_active,2026-02-09 18:00:00,2026-02-09,NORMAL,proxy_hardened_no_worst_hours,True,True,810,2.3015623091213655,0.0,0,0.0,EXECUTE,
main_always_active,2026-02-10 10:00:00,2026-02-10,NORMAL,proxy_hardened_no_worst_hours,True,False,811,2.191907273528834,1.5752444102764578,1,1.5752444102764631,EXECUTE,
main_always_active,2026-02-10 13:30:00,2026-02-10,NORMAL,proxy_hardened_no_worst_hours,True,False,812,2.0322033683349177,2.9970814538006496,2,2.99708145380066,EXECUTE,
main_always_active,2026-02-11 18:30:00,2026-02-11,NORMAL,proxy_hardened_no_worst_hours,True,False,813,1.9604838584943753,4.525451148428565,3,4.525451148428581,EXECUTE,
main_always_active,2026-02-13 19:45:00,2026-02-13,NORMAL,proxy_hardened_no_worst_hours,True,True,814,1.8592973769920482,6.527875073313573,4,6.527875073313593,EXECUTE,
main_always_active,2026-02-17 13:15:00,2026-02-17,NORMAL,proxy_hardened_no_worst_hours,True,True,815,1.7889180818565535,8.187024117932069,5,1.7750201420154221,EXECUTE,
main_always_active,2026-02-18 19:00:00,2026-02-18,NORMAL,proxy_hardened_no_worst_hours,True,True,816,1.854308605020757,5.606894850426422,0,0.0,EXECUTE,
main_always_active,2026-02-19 13:45:00,2026-02-19,NORMAL,proxy_hardened_no_worst_hours,True,False,817,1.7598870934852087,6.628880346322951,1,0.10805924556504687,EXECUTE,
main_always_active,2026-02-19 14:45:00,2026-02-19,NORMAL,proxy_hardened_no_worst_hours,True,True,818,1.728217216928404,7.714951868665776,2,1.2699794685135184,EXECUTE,
main_always_active,2026-02-20 13:30:00,2026-02-20,NORMAL,proxy_hardened_no_worst_hours,True,False,819,1.6315618203445674,9.174117629338916,3,2.831049960724563,EXECUTE,
main_always_active,2026-02-20 15:30:00,2026-02-20,NORMAL,proxy_hardened_no_worst_hours,True,False,820,1.678348863008529,7.056610657985489,0,0.5656612440197053,EXECUTE,
main_always_active,2026-02-27 18:00:00,2026-02-27,NORMAL,proxy_hardened_no_worst_hours,True,True,821,1.8185817939037967,3.212222992395439,0,0.0,EXECUTE,
main_always_active,2026-03-02 13:15:00,2026-03-02,NORMAL,proxy_hardened_no_worst_hours,True,True,822,1.9328792405815098,0.3709255370410426,0,0.0,EXECUTE,
main_always_active,2026-03-06 13:15:00,2026-03-06,NORMAL,proxy_hardened_no_worst_hours,True,True,823,1.857532823202533,2.08064147864578,1,1.7160813254773306,EXECUTE,
main_always_active,2026-03-10 14:00:00,2026-03-10,NORMAL,proxy_hardened_no_worst_hours,True,True,824,1.7449201594661155,3.6042080418490086,2,0.0,EXECUTE,
main_always_active,2026-03-12 10:15:00,2026-03-12,NORMAL,proxy_hardened_no_worst_hours,True,True,825,1.816654466240386,0.5599959669685234,0,0.0,EXECUTE,
main_always_active,2026-03-13 10:15:00,2026-03-13,NORMAL,proxy_hardened_no_worst_hours,True,True,826,1.793169549885669,1.4252923207295947,1,0.0,EXECUTE,
main_always_active,2026-03-13 14:00:00,2026-03-13,NORMAL,proxy_hardened_no_worst_hours,True,True,827,1.769986053065911,2.569967742934177,2,0.0,EXECUTE,
main_always_active,2026-03-16 15:00:00,2026-03-16,NORMAL,proxy_hardened_no_worst_hours,True,True,828,1.8230284126949934,0.0,0,0.0,EXECUTE,
main_always_active,2026-03-18 10:00:00,2026-03-18,NORMAL,proxy_hardened_no_worst_hours,True,True,829,1.7274330253345007,1.4334239180350608,1,1.4334239180350663,EXECUTE,
main_always_active,2026-03-19 15:15:00,2026-03-19,NORMAL,proxy_hardened_no_worst_hours,True,True,830,1.755656450605011,0.0,0,0.0,EXECUTE,
main_always_active,2026-03-20 13:00:00,2026-03-20,NORMAL,proxy_hardened_no_worst_hours,True,True,831,1.5821722587734415,4.223107273987674,1,3.932459872555881,EXECUTE,
main_always_active,2026-03-23 10:00:00,2026-03-23,NORMAL,proxy_hardened_no_worst_hours,True,True,832,1.6656584124231213,0.17435116179025142,0,0.0,EXECUTE,
main_always_active,2026-03-24 13:00:00,2026-03-24,NORMAL,proxy_hardened_no_worst_hours,True,False,833,1.4892584776165865,5.178476246964843,1,5.012865073669516,EXECUTE,
main_always_active,2026-03-26 10:45:00,2026-03-26,NORMAL,proxy_hardened_no_worst_hours,True,True,834,1.4181536112772757,8.059708223917825,2,7.899129285808705,EXECUTE,
main_always_active,2026-03-26 15:30:00,2026-03-26,NORMAL,proxy_hardened_no_worst_hours,True,True,835,1.3391153175913075,10.033159339081424,3,9.876027145357842,EXECUTE,
main_always_active,2026-03-27 13:00:00,2026-03-27,NORMAL,proxy_hardened_no_worst_hours,True,True,836,1.440690152377794,5.872528765773006,0,5.70812979459615,EXECUTE,
main_always_active,2026-03-27 18:00:00,2026-03-27,NORMAL,proxy_hardened_no_worst_hours,True,False,837,1.4154600517061493,7.25065036179795,1,7.0886583582106075,EXECUTE,
main_always_active,2026-04-01 10:00:00,2026-04-01,NORMAL,proxy_hardened_no_worst_hours,True,True,838,1.371408047971958,9.241714167549269,2,0.0,EXECUTE,
main_always_active,2026-04-01 13:00:00,2026-04-01,NORMAL,proxy_hardened_no_worst_hours,True,True,839,1.4448777819360576,6.250095294210871,0,0.0,EXECUTE,
main_always_active,2026-04-09 18:15:00,2026-04-09,NORMAL,proxy_hardened_no_worst_hours,True,True,840,1.4923936236882616,2.8270732898116497,0,0.0,EXECUTE,
main_always_active,2026-04-14 10:15:00,2026-04-14,NORMAL,proxy_hardened_no_worst_hours,True,True,841,1.432239718558055,4.133755177517218,1,0.0,EXECUTE,
main_always_active,2026-04-14 15:00:00,2026-04-14,NORMAL,proxy_hardened_no_worst_hours,True,True,842,1.3655802019210863,5.102468075049265,2,1.0104838249644967,EXECUTE,
main_always_active,2026-04-15 14:30:00,2026-04-15,NORMAL,proxy_hardened_no_worst_hours,True,True,843,1.4444597703202051,2.5130713126909567,0,0.0,EXECUTE,
main_always_active,2026-04-17 18:45:00,2026-04-17,NORMAL,proxy_hardened_no_worst_hours,True,True,844,1.3856277689394256,3.523065001631652,1,0.0,EXECUTE,
main_always_active,2026-04-20 13:00:00,2026-04-20,NORMAL,proxy_hardened_no_worst_hours,True,True,845,1.384038507125905,4.766864121612343,2,0.0,EXECUTE,
main_always_active,2026-04-21 10:15:00,2026-04-21,NORMAL,proxy_hardened_no_worst_hours,True,True,846,1.3830909399174984,5.816531673729483,3,1.1022083253223613,EXECUTE,
main_always_active,2026-04-21 14:00:00,2026-04-21,NORMAL,proxy_hardened_no_worst_hours,True,True,847,1.3328777678138821,6.639557721363898,4,1.9664306782284147,EXECUTE,
main_always_active,2026-04-22 10:00:00,2026-04-22,NORMAL,proxy_hardened_no_worst_hours,True,True,848,1.337208053544498,4.14328773553617,0,0.0,EXECUTE,
main_always_active,2026-04-22 13:15:00,2026-04-22,NORMAL,proxy_hardened_no_worst_hours,True,True,849,1.345999976573049,4.893915585134361,1,0.13341098384524916,EXECUTE,
main_always_active,2026-04-23 10:45:00,2026-04-23,NORMAL,proxy_hardened_no_worst_hours,True,True,850,1.4040646180439738,3.166282360759544,0,0.0,EXECUTE,
main_always_active,2026-04-24 18:00:00,2026-04-24,NORMAL,proxy_hardened_no_worst_hours,True,False,851,1.3314687740627584,4.178110270622933,1,0.0,EXECUTE,
main_always_active,2026-04-27 14:30:00,2026-04-27,NORMAL,proxy_hardened_no_worst_hours,True,True,852,1.2556549011400013,5.19983182554101,2,0.0,EXECUTE,
main_always_active,2026-04-29 10:15:00,2026-04-29,NORMAL,proxy_hardened_no_worst_hours,True,True,853,1.3228626886065111,3.4142225640155766,0,0.0,EXECUTE,
main_always_active,2026-04-29 15:15:00,2026-04-29,NORMAL,proxy_hardened_no_worst_hours,True,True,854,1.3977705664867928,1.4516138243840078,0,0.0,EXECUTE,
main_always_active,2026-05-01 19:00:00,2026-05-01,NORMAL,proxy_hardened_no_worst_hours,True,False,855,1.2780054634146545,2.700785604284543,1,0.0,EXECUTE,
main_always_active,2026-05-03 22:30:00,2026-05-03,NORMAL,proxy_hardened_no_worst_hours,True,False,856,1.313709970884341,3.8037513363016155,2,0.0,EXECUTE,
main_always_active,2026-05-04 13:00:00,2026-05-04,NORMAL,proxy_hardened_no_worst_hours,True,True,857,1.0713532332136078,4.873912980604138,3,0.0,EXECUTE,
main_always_active,2026-05-06 19:00:00,2026-05-06,NORMAL,proxy_hardened_no_worst_hours,True,True,858,1.196760341894705,2.336310923960477,0,0.0,EXECUTE,
main_always_active,2026-05-07 10:15:00,2026-05-07,NORMAL,proxy_hardened_no_worst_hours,True,True,859,1.0970267382558683,0.4669462514283356,0,0.0,EXECUTE,
high_margin_always_active,2022-02-16 13:30:00,2022-02-16,DEFENSIVE,,True,False,0,inf,0.0,0,0.0,SKIP,no_candidate_for_mode
high_margin_always_active,2022-02-16 19:30:00,2022-02-16,DEFENSIVE,proxy_hardened_no_worst_hours_high_margin,True,True,0,inf,0.0,0,0.0,EXECUTE,
high_margin_always_active,2022-02-18 14:30:00,2022-02-18,DEFENSIVE,proxy_hardened_no_worst_hours_high_margin,True,True,1,inf,0.0,0,0.0,EXECUTE,
high_margin_always_active,2022-02-18 18:00:00,2022-02-18,DEFENSIVE,proxy_hardened_no_worst_hours_high_margin,True,True,2,2.13886671473073,0.40347940774514346,1,0.0,EXECUTE,
high_margin_always_active,2022-02-21 13:00:00,2022-02-21,DEFENSIVE,,True,False,3,4.05789006376671,0.0,0,0.0,SKIP,no_candidate_for_mode
high_margin_always_active,2022-02-23 19:30:00,2022-02-23,DEFENSIVE,proxy_hardened_no_worst_hours_high_margin,True,True,3,4.05789006376671,0.0,0,0.0,EXECUTE,
high_margin_always_active,2022-02-28 14:45:00,2022-02-28,DEFENSIVE,proxy_hardened_no_worst_hours_high_margin,True,True,4,5.63525536077103,0.0,0,0.0,EXECUTE,
high_margin_always_active,2022-02-28 21:15:00,2022-02-28,DEFENSIVE,proxy_hardened_no_worst_hours_high_margin,True,True,5,2.127552550521291,0.6585842783437116,1,0.6585842783437076,EXECUTE,
high_margin_always_active,2022-03-01 15:00:00,2022-03-01,DEFENSIVE,proxy_hardened_no_worst_hours_high_margin,True,True,6,1.453972631565251,1.1487411197524477,2,1.1487411197524395,EXECUTE,
high_margin_always_active,2022-03-03 10:30:00,2022-03-03,DEFENSIVE,,True,False,7,2.247943271991946,0.0,0,0.0,SKIP,no_candidate_for_mode
high_margin_always_active,2022-03-03 21:45:00,2022-03-03,DEFENSIVE,proxy_hardened_no_worst_hours_high_margin,True,True,7,2.247943271991946,0.0,0,0.0,EXECUTE,
high_margin_always_active,2022-03-04 10:00:00,2022-03-04,DEFENSIVE,,True,False,8,2.739147622672237,0.0,0,0.0,SKIP,no_candidate_for_mode
high_margin_always_active,2022-03-04 15:00:00,2022-03-04,DEFENSIVE,proxy_hardened_no_worst_hours_high_margin,True,True,8,2.739147622672237,0.0,0,0.0,EXECUTE,
high_margin_always_active,2022-03-08 10:30:00,2022-03-08,DEFENSIVE,proxy_hardened_no_worst_hours_high_margin,True,True,9,3.642976515960562,0.0,0,0.0,EXECUTE,
high_margin_always_active,2022-03-08 18:15:00,2022-03-08,DEFENSIVE,proxy_hardened_no_worst_hours_high_margin,True,True,10,4.602990361180515,0.0,0,0.0,EXECUTE,
high_margin_always_active,2022-03-10 14:15:00,2022-03-10,DEFENSIVE,proxy_hardened_no_worst_hours_high_margin,True,True,11,2.1200454223060925,1.7480674504567917,1,0.31975621967595136,EXECUTE,
high_margin_always_active,2022-03-11 14:30:00,2022-03-11,DEFENSIVE,proxy_hardened_no_worst_hours_high_margin,True,True,12,1.651121209592744,2.668421366473134,2,1.2534895349613833,EXECUTE,
high_margin_always_active,2022-03-14 13:00:00,2022-03-14,DEFENSIVE,proxy_hardened_no_worst_hours_high_margin,True,True,13,1.3220444852506334,3.7041559296822872,3,0.0,EXECUTE,
high_margin_always_active,2022-03-15 10:00:00,2022-03-15,DEFENSIVE,proxy_hardened_no_worst_hours_high_margin,True,True,14,1.5755040770635642,2.3869945422984227,0,0.0,EXECUTE,
high_margin_always_active,2022-03-15 13:30:00,2022-03-15,DEFENSIVE,proxy_hardened_no_worst_hours_high_margin,True,True,15,1.7988458352899803,1.2263474426085375,0,0.0,EXECUTE,
high_margin_always_active,2022-03-18 10:00:00,2022-03-18,DEFENSIVE,proxy_hardened_no_worst_hours_high_margin,True,True,16,2.085035534865086,0.0,0,0.0,EXECUTE,
high_margin_always_active,2022-03-18 13:00:00,2022-03-18,DEFENSIVE,proxy_hardened_no_worst_hours_high_margin,True,True,17,1.9416878691952235,0.3826571684313721,1,0.0,EXECUTE,
high_margin_always_active,2022-03-21 19:00:00,2022-03-21,DEFENSIVE,,True,False,18,2.1177436975396193,0.0,0,0.0,SKIP,no_candidate_for_mode
high_margin_always_active,2022-03-22 10:00:00,2022-03-22,DEFENSIVE,proxy_hardened_no_worst_hours_high_margin,True,True,18,2.1177436975396193,0.0,0,0.0,EXECUTE,
high_margin_always_active,2022-03-23 14:15:00,2022-03-23,DEFENSIVE,,True,False,19,2.2455581297084666,0.0,0,0.0,SKIP,no_candidate_for_mode
high_margin_always_active,2022-03-24 10:00:00,2022-03-24,DEFENSIVE,proxy_hardened_no_worst_hours_high_margin,True,True,19,2.2455581297084666,0.0,0,0.0,EXECUTE,
high_margin_always_active,2022-03-24 13:45:00,2022-03-24,DEFENSIVE,proxy_hardened_no_worst_hours_high_margin,True,True,20,2.3545102611591724,0.0,0,0.0,EXECUTE,
high_margin_always_active,2022-03-30 18:30:00,2022-03-30,DEFENSIVE,proxy_hardened_no_worst_hours_high_margin,True,True,21,2.564682655876081,0.0,0,0.0,EXECUTE,
high_margin_always_active,2022-03-31 10:00:00,2022-03-31,DEFENSIVE,proxy_hardened_no_worst_hours_high_margin,True,True,22,2.395763979635897,0.3806900214375861,1,0.38069002143759284,EXECUTE,
high_margin_always_active,2022-04-06 14:00:00,2022-04-06,DEFENSIVE,,True,False,23,2.2549156260311873,0.7417247150791655,2,0.0,SKIP,no_candidate_for_mode
high_margin_always_active,2022-04-07 18:15:00,2022-04-07,DEFENSIVE,proxy_hardened_no_worst_hours_high_margin,True,True,23,2.2549156260311873,0.7417247150791655,2,0.0,EXECUTE,
high_margin_always_active,2022-04-08 15:45:00,2022-04-08,DEFENSIVE,,True,False,24,2.1361802273974115,1.08306183314567,3,0.34388781901227206,SKIP,no_candidate_for_mode
high_margin_always_active,2022-04-11 19:15:00,2022-04-11,DEFENSIVE,proxy_hardened_no_worst_hours_high_margin,True,True,24,2.1361802273974115,1.08306183314567,3,0.0,EXECUTE,
high_margin_always_active,2022-04-12 13:45:00,2022-04-12,DEFENSIVE,,True,False,25,2.259974487806807,0.2805820344581459,0,0.0,SKIP,no_candidate_for_mode
high_margin_always_active,2022-04-12 19:00:00,2022-04-12,DEFENSIVE,proxy_hardened_no_worst_hours_high_margin,True,True,25,2.259974487806807,0.2805820344581459,0,0.0,EXECUTE,
high_margin_always_active,2022-04-13 13:15:00,2022-04-13,DEFENSIVE,,True,False,26,2.1023558295330496,0.7665806160058319,1,0.0,SKIP,no_candidate_for_mode
high_margin_always_active,2022-04-18 13:45:00,2022-04-18,DEFENSIVE,proxy_hardened_no_worst_hours_high_margin,True,True,26,2.1023558295330496,0.7665806160058319,1,0.0,EXECUTE,
high_margin_always_active,2022-04-21 14:00:00,2022-04-21,DEFENSIVE,proxy_hardened_no_worst_hours_high_margin,True,True,27,1.998723077873334,1.1278867333221287,2,0.3640972159975576,EXECUTE,
high_margin_always_active,2022-04-22 14:30:00,2022-04-22,DEFENSIVE,proxy_hardened_no_worst_hours_high_margin,True,True,28,1.8734022480315151,1.6182034875525213,3,0.858201679266194,EXECUTE,
high_margin_always_active,2022-04-25 10:00:00,2022-04-25,DEFENSIVE,proxy_hardened_no_worst_hours_high_margin,True,True,29,2.0225280443507994,0.4520415181506816,0,0.0,EXECUTE,
high_margin_always_active,2022-04-27 10:00:00,2022-04-27,DEFENSIVE,proxy_hardened_no_worst_hours_high_margin,True,True,30,2.1267055763387486,0.0,0,0.0,EXECUTE,
high_margin_always_active,2022-04-27 13:00:00,2022-04-27,DEFENSIVE,proxy_hardened_no_worst_hours_high_margin,True,True,31,2.0088929395645887,0.4569505115786115,1,0.0,EXECUTE,
high_margin_always_active,2022-04-28 22:15:00,2022-04-28,DEFENSIVE,,True,False,32,2.1324312858799557,0.0,0,0.0,SKIP,no_candidate_for_mode
high_margin_always_active,2022-05-03 10:30:00,2022-05-03,DEFENSIVE,proxy_hardened_no_worst_hours_high_margin,True,True,32,2.1324312858799557,0.0,0,0.0,EXECUTE,
high_margin_always_active,2022-05-05 10:15:00,2022-05-05,DEFENSIVE,,True,False,33,2.036855402787306,0.3848916962763217,1,0.38489169627632824,SKIP,no_candidate_for_mode
high_margin_always_active,2022-05-09 13:30:00,2022-05-09,DEFENSIVE,proxy_hardened_no_worst_hours_high_margin,True,True,33,2.036855402787306,0.3848916962763217,1,0.0,EXECUTE,
high_margin_always_active,2022-05-10 14:15:00,2022-05-10,DEFENSIVE,proxy_hardened_no_worst_hours_high_margin,True,True,34,2.1522057758997595,0.0,0,0.0,EXECUTE,
high_margin_always_active,2022-05-12 10:00:00,2022-05-12,DEFENSIVE,,True,False,35,2.2478642107203135,0.0,0,0.0,SKIP,no_candidate_for_mode
high_margin_always_active,2022-05-12 13:00:00,2022-05-12,DEFENSIVE,,True,False,35,2.2478642107203135,0.0,0,0.0,SKIP,no_candidate_for_mode
high_margin_always_active,2022-05-12 14:45:00,2022-05-12,DEFENSIVE,proxy_hardened_no_worst_hours_high_margin,False,True,35,2.2478642107203135,0.0,0,0.0,EXECUTE,
high_margin_always_active,2022-05-13 15:15:00,2022-05-13,DEFENSIVE,proxy_hardened_no_worst_hours_high_margin,True,True,36,2.380332614595376,0.0,0,0.0,EXECUTE,
high_margin_always_active,2022-05-18 13:45:00,2022-05-18,DEFENSIVE,,True,False,37,2.515536686132485,0.0,0,0.0,SKIP,no_candidate_for_mode
high_margin_always_active,2022-05-19 19:00:00,2022-05-19,DEFENSIVE,proxy_hardened_no_worst_hours_high_margin,True,True,37,2.515536686132485,0.0,0,0.0,EXECUTE,
high_margin_always_active,2022-05-24 10:45:00,2022-05-24,DEFENSIVE,proxy_hardened_no_worst_hours_high_margin,True,True,38,2.4112403449835687,0.35810235132472873,1,0.0,EXECUTE,
high_margin_always_active,2022-05-24 13:30:00,2022-05-24,DEFENSIVE,proxy_hardened_no_worst_hours_high_margin,True,True,39,2.340476080899969,0.6192454435816543,2,0.2620816126743084,EXECUTE,
high_margin_always_active,2022-05-26 15:00:00,2022-05-26,DEFENSIVE,proxy_hardened_no_worst_hours_high_margin,True,True,40,2.412726746938625,0.0,0,0.0,EXECUTE,
high_margin_always_active,2022-05-27 10:45:00,2022-05-27,DEFENSIVE,proxy_hardened_no_worst_hours_high_margin,True,True,41,2.3012715490742117,0.4308586018295125,1,0.04937529841973255,EXECUTE,
high_margin_always_active,2022-05-31 14:45:00,2022-05-31,DEFENSIVE,proxy_hardened_no_worst_hours_high_margin,True,True,42,2.2407095642282964,0.68294946866305,2,0.0,EXECUTE,
high_margin_always_active,2022-06-01 22:30:00,2022-06-01,DEFENSIVE,,True,False,43,2.3317416061075145,0.0,0,0.0,SKIP,no_candidate_for_mode
high_margin_always_active,2022-06-02 22:00:00,2022-06-02,DEFENSIVE,proxy_hardened_no_worst_hours_high_margin,True,True,43,2.3317416061075145,0.0,0,0.0,EXECUTE,
high_margin_always_active,2022-06-07 13:00:00,2022-06-07,DEFENSIVE,,True,False,44,2.3721854975859915,0.0,0,0.0,SKIP,no_candidate_for_mode
high_margin_always_active,2022-06-07 14:30:00,2022-06-07,DEFENSIVE,proxy_hardened_no_worst_hours_high_margin,True,True,44,2.3721854975859915,0.0,0,0.0,EXECUTE,
high_margin_always_active,2022-06-09 15:30:00,2022-06-09,DEFENSIVE,proxy_hardened_no_worst_hours_high_margin,True,True,45,2.2759335111688412,0.4027899372515172,1,0.40278993725152357,EXECUTE,
high_margin_always_active,2022-06-10 10:15:00,2022-06-10,DEFENSIVE,proxy_hardened_no_worst_hours_high_margin,True,True,46,2.1954866267155735,0.7665340651067207,2,0.7665340651067334,EXECUTE,
high_margin_always_active,2022-06-10 14:00:00,2022-06-10,DEFENSIVE,proxy_hardened_no_worst_hours_high_margin,True,True,47,2.2345909603747898,0.36412178811086654,0,0.3641217881108856,EXECUTE,
high_margin_always_active,2022-06-15 19:30:00,2022-06-15,DEFENSIVE,,True,False,48,2.1141807849396086,0.9502159560308634,1,0.0,SKIP,no_candidate_for_mode
high_margin_always_active,2022-06-22 14:45:00,2022-06-22,DEFENSIVE,proxy_hardened_no_worst_hours_high_margin,True,True,48,2.1141807849396086,0.9502159560308634,1,0.0,EXECUTE,
high_margin_always_active,2022-06-24 13:45:00,2022-06-24,DEFENSIVE,,True,False,49,2.019982130122278,1.4574395206346158,2,0.5120895209409011,SKIP,no_candidate_for_mode
high_margin_always_active,2022-06-27 10:00:00,2022-06-27,DEFENSIVE,proxy_hardened_no_worst_hours_high_margin,True,True,49,2.019982130122278,1.4574395206346158,2,0.0,EXECUTE,
high_margin_always_active,2022-06-28 13:00:00,2022-06-28,DEFENSIVE,proxy_hardened_no_worst_hours_high_margin,True,True,50,1.9698138015963669,1.7473749564172425,3,0.29422356631715985,EXECUTE,
high_margin_always_active,2022-06-29 10:00:00,2022-06-29,DEFENSIVE,proxy_hardened_no_worst_hours_high_margin,True,True,51,1.9549783246681627,1.163828616500464,0,0.0,EXECUTE,
high_margin_always_active,2022-06-29 14:00:00,2022-06-29,DEFENSIVE,proxy_hardened_no_worst_hours_high_margin,True,True,52,1.9710561629843149,1.422406386299868,1,0.0,EXECUTE,
high_margin_always_active,2022-06-30 14:30:00,2022-06-30,DEFENSIVE,proxy_hardened_no_worst_hours_high_margin,True,True,53,1.9909737397061358,0.512831039247671,0,0.0,EXECUTE,
high_margin_always_active,2022-07-06 13:45:00,2022-07-06,DEFENSIVE,proxy_hardened_no_worst_hours_high_margin,True,True,54,2.037676535778926,0.0,0,0.0,EXECUTE,
high_margin_always_active,2022-07-11 10:30:00,2022-07-11,DEFENSIVE,proxy_hardened_no_worst_hours_high_margin,True,True,55,2.2315669785780567,0.0,0,0.0,EXECUTE,
high_margin_always_active,2022-07-12 14:00:00,2022-07-12,DEFENSIVE,proxy_hardened_no_worst_hours_high_margin,True,True,56,2.2731180598758187,0.22963550306413055,1,0.22963550306413677,EXECUTE,
high_margin_always_active,2022-07-13 13:00:00,2022-07-13,DEFENSIVE,proxy_hardened_no_worst_hours_high_margin,True,True,57,2.2418635796913855,0.0,0,0.0,EXECUTE,
high_margin_always_active,2022-07-13 14:00:00,2022-07-13,DEFENSIVE,proxy_hardened_no_worst_hours_high_margin,True,True,58,2.0693673103743917,0.562777221113137,1,0.05524286842822536,EXECUTE,
high_margin_always_active,2022-07-14 14:30:00,2022-07-14,DEFENSIVE,proxy_hardened_no_worst_hours_high_margin,True,True,59,1.8522852691082405,1.2127441283464444,2,0.7085272509923095,EXECUTE,
high_margin_always_active,2022-07-15 10:30:00,2022-07-15,DEFENSIVE,proxy_hardened_no_worst_hours_high_margin,True,True,60,1.6591373892559225,1.8078266979770743,3,1.306647162559206,EXECUTE,
high_margin_always_active,2022-07-20 10:45:00,2022-07-20,DEFENSIVE,,True,False,61,1.855290056740502,2.072089628671742,4,0.0,SKIP,no_candidate_for_mode
high_margin_always_active,2022-07-20 15:15:00,2022-07-20,DEFENSIVE,,True,False,61,1.855290056740502,2.072089628671742,4,0.0,SKIP,no_candidate_for_mode
high_margin_always_active,2022-07-22 13:30:00,2022-07-22,DEFENSIVE,proxy_hardened_no_worst_hours_high_margin,True,True,61,1.855290056740502,2.072089628671742,4,0.0,EXECUTE,
high_margin_always_active,2022-07-25 10:15:00,2022-07-25,DEFENSIVE,proxy_hardened_no_worst_hours_high_margin,True,True,62,2.077503964411389,1.3321781506770956,0,0.0,EXECUTE,
high_margin_always_active,2022-07-27 18:30:00,2022-07-27,DEFENSIVE,proxy_hardened_no_worst_hours_high_margin,True,True,63,2.213104058647391,1.636745216117524,1,0.30867922259958636,EXECUTE,
high_margin_always_active,2022-07-28 13:00:00,2022-07-28,DEFENSIVE,proxy_hardened_no_worst_hours_high_margin,True,True,64,2.1782407935886354,0.7863028980971927,0,0.0,EXECUTE,
high_margin_always_active,2022-07-28 18:15:00,2022-07-28,DEFENSIVE,proxy_hardened_no_worst_hours_high_margin,True,True,65,2.159659860616461,0.0,0,0.0,EXECUTE,
high_margin_always_active,2022-07-29 18:45:00,2022-07-29,DEFENSIVE,proxy_hardened_no_worst_hours_high_margin,True,True,66,2.0942936036776945,0.0,0,0.0,EXECUTE,
high_margin_always_active,2022-08-01 13:00:00,2022-08-01,DEFENSIVE,proxy_hardened_no_worst_hours_high_margin,True,True,67,2.1025868155349556,0.3050456113642961,1,0.30504561136430225,EXECUTE,
high_margin_always_active,2022-08-04 13:45:00,2022-08-04,DEFENSIVE,proxy_hardened_no_worst_hours_high_margin,True,True,68,1.9359651575234662,0.6699605074229253,2,0.6699605074229376,EXECUTE,
high_margin_always_active,2022-08-08 18:00:00,2022-08-08,DEFENSIVE,proxy_hardened_no_worst_hours_high_margin,True,True,69,1.9479693929571624,0.0,0,0.0,EXECUTE,
high_margin_always_active,2022-08-09 10:45:00,2022-08-09,DEFENSIVE,proxy_hardened_no_worst_hours_high_margin,True,True,70,1.8475615574072815,0.24233368942959901,1,0.24233368942960512,EXECUTE,
high_margin_always_active,2022-08-09 14:30:00,2022-08-09,DEFENSIVE,proxy_hardened_no_worst_hours_high_margin,True,True,71,1.799415070476735,0.0,0,0.0,EXECUTE,
high_margin_always_active,2022-08-10 13:00:00,2022-08-10,DEFENSIVE,proxy_hardened_no_worst_hours_high_margin,True,True,72,1.799423523301734,0.34998614522156973,1,0.033258247843016606,EXECUTE,
high_margin_always_active,2022-08-11 13:30:00,2022-08-11,DEFENSIVE,proxy_hardened_no_worst_hours_high_margin,True,True,73,1.7762977030778813,0.8130942646712885,2,0.49783831150286484,EXECUTE,
high_margin_always_active,2022-08-12 14:15:00,2022-08-12,DEFENSIVE,proxy_hardened_no_worst_hours_high_margin,True,True,74,1.7728829438879774,1.1465989690957,3,0.8324030282615721,EXECUTE,
high_margin_always_active,2022-08-15 13:30:00,2022-08-15,DEFENSIVE,proxy_hardened_no_worst_hours_high_margin,True,True,75,1.7716700766854083,0.4211426404996297,0,0.0,EXECUTE,
high_margin_always_active,2022-08-16 13:00:00,2022-08-16,DEFENSIVE,proxy_hardened_no_worst_hours_high_margin,True,True,76,1.7685932121430126,0.8857916317532352,1,0.4666141022045796,EXECUTE,
high_margin_always_active,2022-08-17 13:00:00,2022-08-17,DEFENSIVE,proxy_hardened_no_worst_hours_high_margin,True,True,77,1.769562896660219,1.2123897378047421,2,0.7945934692226465,EXECUTE,
high_margin_always_active,2022-08-19 15:30:00,2022-08-19,DEFENSIVE,proxy_hardened_no_worst_hours_high_margin,True,True,78,1.9164556873559528,0.5727345921545247,0,0.1522330700257334,EXECUTE,
high_margin_always_active,2022-08-22 13:45:00,2022-08-22,DEFENSIVE,proxy_hardened_no_worst_hours_high_margin,True,True,79,1.8706887616033436,0.0,0,0.0,EXECUTE,
high_margin_always_active,2022-08-23 10:00:00,2022-08-23,DEFENSIVE,,True,False,80,1.729858539839065,0.3634502383986712,1,0.0,SKIP,no_candidate_for_mode
high_margin_always_active,2022-08-23 18:00:00,2022-08-23,DEFENSIVE,,True,False,80,1.729858539839065,0.3634502383986712,1,0.0,SKIP,no_candidate_for_mode
high_margin_always_active,2022-08-24 13:00:00,2022-08-24,DEFENSIVE,,True,False,80,1.729858539839065,0.3634502383986712,1,0.0,SKIP,no_candidate_for_mode
high_margin_always_active,2022-08-24 22:00:00,2022-08-24,DEFENSIVE,,True,False,80,1.729858539839065,0.3634502383986712,1,0.0,SKIP,no_candidate_for_mode
high_margin_always_active,2022-08-26 14:15:00,2022-08-26,DEFENSIVE,proxy_hardened_no_worst_hours_high_margin,True,True,80,1.729858539839065,0.3634502383986712,1,0.0,EXECUTE,
high_margin_always_active,2022-08-30 13:45:00,2022-08-30,DEFENSIVE,proxy_hardened_no_worst_hours_high_margin,True,True,81,1.9043609026933999,0.0,0,0.0,EXECUTE,
high_margin_always_active,2022-09-01 13:45:00,2022-09-01,DEFENSIVE,proxy_hardened_no_worst_hours_high_margin,True,True,82,1.868232362729936,0.0,0,0.0,EXECUTE,
high_margin_always_active,2022-09-01 15:00:00,2022-09-01,DEFENSIVE,proxy_hardened_no_worst_hours_high_margin,True,True,83,2.0241506728608956,0.0,0,0.0,EXECUTE,
high_margin_always_active,2022-09-06 13:45:00,2022-09-06,DEFENSIVE,proxy_hardened_no_worst_hours_high_margin,True,True,84,1.8285784443801654,0.4895032500345623,1,0.0,EXECUTE,
high_margin_always_active,2022-09-12 14:30:00,2022-09-12,DEFENSIVE,proxy_hardened_no_worst_hours_high_margin,True,True,85,1.8137231056784842,0.0,0,0.0,EXECUTE,
high_margin_always_active,2022-09-13 10:15:00,2022-09-13,DEFENSIVE,proxy_hardened_no_worst_hours_high_margin,True,True,86,1.642812431932521,0.3761185417075274,1,0.3761185417075334,EXECUTE,
high_margin_always_active,2022-09-14 14:15:00,2022-09-14,DEFENSIVE,proxy_hardened_no_worst_hours_high_margin,True,True,87,1.5800858987917776,0.0,0,0.0,EXECUTE,
high_margin_always_active,2022-09-15 10:30:00,2022-09-15,DEFENSIVE,proxy_hardened_no_worst_hours_high_margin,True,True,88,1.5849442354781722,0.30650735693040204,1,0.2576830808944815,EXECUTE,
high_margin_always_active,2022-09-15 13:00:00,2022-09-15,DEFENSIVE,proxy_hardened_no_worst_hours_high_margin,True,True,89,1.5846821544265834,0.5541063295982323,2,0.505403313639252,EXECUTE,
high_margin_always_active,2022-09-16 13:15:00,2022-09-16,DEFENSIVE,proxy_hardened_no_worst_hours_high_margin,True,True,90,1.4744722901627432,0.891191955574993,3,0.8426540252320815,EXECUTE,
high_margin_always_active,2022-09-19 10:15:00,2022-09-19,DEFENSIVE,proxy_hardened_no_worst_hours_high_margin,True,True,91,1.4815381054896726,1.247752996794755,4,0.0,EXECUTE,
high_margin_always_active,2022-09-20 10:15:00,2022-09-20,DEFENSIVE,proxy_hardened_no_worst_hours_high_margin,True,True,92,1.4752760880404392,1.5289123642506777,5,0.28471186832518663,EXECUTE,
high_margin_always_active,2022-09-20 13:45:00,2022-09-20,DEFENSIVE,proxy_hardened_no_worst_hours_high_margin,True,True,93,1.4428541120187648,1.0425503350987202,0,0.0,EXECUTE,
high_margin_always_active,2022-09-22 14:00:00,2022-09-22,DEFENSIVE,,True,False,94,1.3653699486655635,1.3617746188129722,1,0.11546230640659184,SKIP,no_candidate_for_mode
high_margin_always_active,2022-09-23 13:15:00,2022-09-23,DEFENSIVE,proxy_hardened_no_worst_hours_high_margin,True,True,94,1.3653699486655635,1.3617746188129722,1,0.11546230640659184,EXECUTE,
high_margin_always_active,2022-09-26 10:00:00,2022-09-26,DEFENSIVE,proxy_hardened_no_worst_hours_high_margin,True,True,95,1.518253464809489,0.31229190107958166,0,0.0,EXECUTE,
high_margin_always_active,2022-09-29 14:00:00,2022-09-29,DEFENSIVE,,True,False,96,1.505365803321896,0.744869785030795,1,0.43393302163389197,SKIP,no_candidate_for_mode
high_margin_always_active,2022-09-29 14:45:00,2022-09-29,DEFENSIVE,,True,False,96,1.505365803321896,0.744869785030795,1,0.43393302163389197,SKIP,no_candidate_for_mode
high_margin_always_active,2022-09-30 13:30:00,2022-09-30,DEFENSIVE,proxy_hardened_no_worst_hours_high_margin,True,True,96,1.505365803321896,0.744869785030795,1,0.43393302163389197,EXECUTE,
high_margin_always_active,2022-10-04 13:15:00,2022-10-04,DEFENSIVE,proxy_hardened_no_worst_hours_high_margin,True,True,97,1.410632552956933,1.1703811629368304,2,0.0,EXECUTE,
high_margin_always_active,2022-10-05 22:00:00,2022-10-05,DEFENSIVE,proxy_hardened_no_worst_hours_high_margin,True,True,98,1.56371146343665,0.3875570927422564,0,0.0,EXECUTE,
high_margin_always_active,2022-10-11 10:15:00,2022-10-11,DEFENSIVE,proxy_hardened_no_worst_hours_high_margin,True,True,99,1.6959935142030222,0.0,0,0.0,EXECUTE,
high_margin_always_active,2022-10-12 22:15:00,2022-10-12,DEFENSIVE,,True,False,100,1.6864569083015575,0.3293406772678148,1,0.32934067726782085,SKIP,no_candidate_for_mode
high_margin_always_active,2022-10-18 10:00:00,2022-10-18,DEFENSIVE,,True,False,100,1.6864569083015575,0.3293406772678148,1,0.0,SKIP,no_candidate_for_mode
high_margin_always_active,2022-10-18 14:30:00,2022-10-18,DEFENSIVE,proxy_hardened_no_worst_hours_high_margin,True,True,100,1.6864569083015575,0.3293406772678148,1,0.0,EXECUTE,
high_margin_always_active,2022-10-19 14:00:00,2022-10-19,DEFENSIVE,proxy_hardened_no_worst_hours_high_margin,True,True,101,1.6931503037200293,0.0,0,0.0,EXECUTE,
high_margin_always_active,2022-10-25 18:30:00,2022-10-25,DEFENSIVE,proxy_hardened_no_worst_hours_high_margin,True,True,102,1.8163899353762238,0.0,0,0.0,EXECUTE,
high_margin_always_active,2022-10-26 14:15:00,2022-10-26,DEFENSIVE,proxy_hardened_no_worst_hours_high_margin,True,True,103,1.6725866862665706,0.3030977888433932,1,0.3030977888433991,EXECUTE,
high_margin_always_active,2022-10-28 13:30:00,2022-10-28,DEFENSIVE,proxy_hardened_no_worst_hours_high_margin,True,True,104,1.507249236615816,0.6901061354422356,2,0.6901061354422475,EXECUTE,
high_margin_always_active,2022-10-31 13:45:00,2022-10-31,DEFENSIVE,proxy_hardened_no_worst_hours_high_margin,True,True,105,1.5120262942404414,0.0,0,0.0,EXECUTE,
high_margin_always_active,2022-10-31 15:30:00,2022-10-31,DEFENSIVE,proxy_hardened_no_worst_hours_high_margin,True,True,106,1.500163614093128,0.2977114275019977,1,0.0,EXECUTE,
high_margin_always_active,2022-11-01 18:15:00,2022-11-01,DEFENSIVE,proxy_hardened_no_worst_hours_high_margin,True,True,107,1.3922476179347645,0.5837357558234512,2,0.0,EXECUTE,
high_margin_always_active,2022-11-02 13:15:00,2022-11-02,DEFENSIVE,proxy_hardened_no_worst_hours_high_margin,True,True,108,1.5292909655911324,0.0,0,0.0,EXECUTE,
high_margin_always_active,2022-11-03 13:45:00,2022-11-03,DEFENSIVE,proxy_hardened_no_worst_hours_high_margin,True,True,109,1.5851699900624694,0.2688971943372747,1,0.0,EXECUTE,
high_margin_always_active,2022-11-04 10:00:00,2022-11-04,DEFENSIVE,proxy_hardened_no_worst_hours_high_margin,True,True,110,1.6089606096346858,0.6940840284838591,2,0.0,EXECUTE,
high_margin_always_active,2022-11-07 13:00:00,2022-11-07,DEFENSIVE,proxy_hardened_no_worst_hours_high_margin,True,True,111,1.717047957765108,0.10530891112580003,0,0.0,EXECUTE,
high_margin_always_active,2022-11-09 15:15:00,2022-11-09,DEFENSIVE,proxy_hardened_no_worst_hours_high_margin,True,True,112,1.5933647369202084,0.3766385715079924,1,0.2716156959140121,EXECUTE,
high_margin_always_active,2022-11-11 13:00:00,2022-11-11,DEFENSIVE,proxy_hardened_no_worst_hours_high_margin,True,True,113,1.5688306581537323,0.8148570654532795,2,0.7102961594788069,EXECUTE,
high_margin_always_active,2022-11-11 14:45:00,2022-11-11,DEFENSIVE,proxy_hardened_no_worst_hours_high_margin,True,True,114,1.4290827816995046,1.1880620056564648,3,1.0838945320601474,EXECUTE,
high_margin_always_active,2022-11-14 14:00:00,2022-11-14,DEFENSIVE,proxy_hardened_no_worst_hours_high_margin,True,True,115,1.4278233586812572,0.3753953951514533,0,0.0,EXECUTE,
high_margin_always_active,2022-11-14 21:00:00,2022-11-14,DEFENSIVE,proxy_hardened_no_worst_hours_high_margin,True,True,116,1.424386011479324,0.0,0,0.0,EXECUTE,
high_margin_always_active,2022-11-15 10:00:00,2022-11-15,DEFENSIVE,proxy_hardened_no_worst_hours_high_margin,True,True,117,1.4288239098657014,0.26121123786630934,1,0.0,EXECUTE,
high_margin_always_active,2022-11-15 19:30:00,2022-11-15,DEFENSIVE,proxy_hardened_no_worst_hours_high_margin,True,True,118,1.5453510871259335,0.0,0,0.0,EXECUTE,
high_margin_always_active,2022-11-21 10:45:00,2022-11-21,DEFENSIVE,proxy_hardened_no_worst_hours_high_margin,True,True,119,1.3926782457967308,0.5287890158191614,1,0.0,EXECUTE,
high_margin_always_active,2022-11-24 10:15:00,2022-11-24,DEFENSIVE,proxy_hardened_no_worst_hours_high_margin,True,True,120,1.3885567777333416,0.7901592751603936,2,0.2627597037928939,EXECUTE,
high_margin_always_active,2022-11-29 15:30:00,2022-11-29,DEFENSIVE,,True,False,121,1.308157566838526,1.0022268197545818,3,0.0,SKIP,no_candidate_for_mode
high_margin_always_active,2022-11-30 10:45:00,2022-11-30,DEFENSIVE,proxy_hardened_no_worst_hours_high_margin,True,True,121,1.308157566838526,1.0022268197545818,3,0.0,EXECUTE,
high_margin_always_active,2022-11-30 14:30:00,2022-11-30,DEFENSIVE,proxy_hardened_no_worst_hours_high_margin,True,True,122,1.3945374170671485,0.5786644702969527,0,0.0,EXECUTE,
high_margin_always_active,2022-12-01 10:00:00,2022-12-01,DEFENSIVE,proxy_hardened_no_worst_hours_high_margin,True,True,123,1.4068161082003172,0.9352831287904847,1,0.0,EXECUTE,
high_margin_always_active,2022-12-02 13:00:00,2022-12-02,DEFENSIVE,,True,False,124,1.5094525463187114,0.40205443689390236,0,0.0,SKIP,no_candidate_for_mode
high_margin_always_active,2022-12-02 21:00:00,2022-12-02,DEFENSIVE,proxy_hardened_no_worst_hours_high_margin,True,True,124,1.5094525463187114,0.40205443689390236,0,0.0,EXECUTE,
high_margin_always_active,2022-12-07 21:30:00,2022-12-07,DEFENSIVE,proxy_hardened_no_worst_hours_high_margin,True,True,125,1.4906427688939574,0.0,0,0.0,EXECUTE,
high_margin_always_active,2022-12-08 13:00:00,2022-12-08,DEFENSIVE,proxy_hardened_no_worst_hours_high_margin,True,True,126,1.5221612862078149,0.2466673164099772,1,0.0,EXECUTE,
high_margin_always_active,2022-12-08 15:45:00,2022-12-08,DEFENSIVE,proxy_hardened_no_worst_hours_high_margin,True,True,127,1.6222469840114524,0.0,0,0.0,EXECUTE,
high_margin_always_active,2022-12-09 13:45:00,2022-12-09,DEFENSIVE,,True,False,128,1.6320763790928665,0.0,0,0.0,SKIP,no_candidate_for_mode
high_margin_always_active,2022-12-09 15:45:00,2022-12-09,DEFENSIVE,,True,False,128,1.6320763790928665,0.0,0,0.0,SKIP,no_candidate_for_mode
high_margin_always_active,2022-12-13 10:45:00,2022-12-13,DEFENSIVE,,True,False,128,1.6320763790928665,0.0,0,0.0,SKIP,no_candidate_for_mode
high_margin_always_active,2022-12-13 18:00:00,2022-12-13,DEFENSIVE,proxy_hardened_no_worst_hours_high_margin,True,True,128,1.6320763790928665,0.0,0,0.0,EXECUTE,
high_margin_always_active,2022-12-15 13:45:00,2022-12-15,DEFENSIVE,proxy_hardened_no_worst_hours_high_margin,True,True,129,1.4824145505469497,0.5064595291834645,1,0.5064595291834703,EXECUTE,
high_margin_always_active,2022-12-15 15:15:00,2022-12-15,DEFENSIVE,proxy_hardened_no_worst_hours_high_margin,True,True,130,1.4735121023139026,0.9087267411074531,2,0.9087267411074648,EXECUTE,
high_margin_always_active,2022-12-16 18:00:00,2022-12-16,DEFENSIVE,proxy_hardened_no_worst_hours_high_margin,True,True,131,1.3081476512671681,1.4124272303643095,3,1.4124272303643273,EXECUTE,
high_margin_always_active,2022-12-19 10:00:00,2022-12-19,DEFENSIVE,proxy_hardened_no_worst_hours_high_margin,True,True,132,1.3145130418889737,0.7897898984824742,0,0.0,EXECUTE,
high_margin_always_active,2022-12-20 13:30:00,2022-12-20,DEFENSIVE,,True,False,133,1.212799983286827,1.0110914859996063,1,0.0,SKIP,no_candidate_for_mode
high_margin_always_active,2022-12-21 14:15:00,2022-12-21,DEFENSIVE,proxy_hardened_no_worst_hours_high_margin,True,True,133,1.212799983286827,1.0110914859996063,1,0.0,EXECUTE,
high_margin_always_active,2022-12-21 15:45:00,2022-12-21,DEFENSIVE,proxy_hardened_no_worst_hours_high_margin,True,True,134,1.314111234768193,0.5940098548546978,0,0.0,EXECUTE,
high_margin_always_active,2022-12-22 13:00:00,2022-12-22,DEFENSIVE,,True,False,135,1.2179988614955606,0.8869301948325286,1,0.0,SKIP,no_candidate_for_mode
high_margin_always_active,2022-12-23 14:45:00,2022-12-23,DEFENSIVE,proxy_hardened_no_worst_hours_high_margin,True,True,135,1.2179988614955606,0.8869301948325286,1,0.0,EXECUTE,
high_margin_always_active,2022-12-27 13:00:00,2022-12-27,DEFENSIVE,proxy_hardened_no_worst_hours_high_margin,True,True,136,1.2281189673639352,1.168363775976581,2,0.0,EXECUTE,
high_margin_always_active,2022-12-27 14:30:00,2022-12-27,DEFENSIVE,proxy_hardened_no_worst_hours_high_margin,True,True,137,1.1676732447415537,1.3331663955489705,3,0.16675087640847538,EXECUTE,
high_margin_always_active,2022-12-28 18:15:00,2022-12-28,DEFENSIVE,,True,False,138,1.2530647980885121,0.8376455225556394,0,0.0,SKIP,no_candidate_for_mode
high_margin_always_active,2022-12-29 13:15:00,2022-12-29,DEFENSIVE,,True,False,138,1.2530647980885121,0.8376455225556394,0,0.0,SKIP,no_candidate_for_mode
high_margin_always_active,2022-12-30 13:30:00,2022-12-30,DEFENSIVE,proxy_hardened_no_worst_hours_high_margin,True,True,138,1.2530647980885121,0.8376455225556394,0,0.0,EXECUTE,
high_margin_always_active,2022-12-30 18:00:00,2022-12-30,DEFENSIVE,proxy_hardened_no_worst_hours_high_margin,True,True,139,1.2520728394247547,1.0855409751684133,1,0.0,EXECUTE,
high_margin_always_active,2023-01-03 13:15:00,2023-01-03,DEFENSIVE,proxy_hardened_no_worst_hours_high_margin,True,True,140,1.2514091945397954,1.4176246570358606,2,0.0,EXECUTE,
high_margin_always_active,2023-01-03 18:15:00,2023-01-03,DEFENSIVE,proxy_hardened_no_worst_hours_high_margin,True,True,141,1.368150864909498,0.7372335928320797,0,0.0,EXECUTE,
high_margin_always_active,2023-01-04 13:15:00,2023-01-04,DEFENSIVE,proxy_hardened_no_worst_hours_high_margin,True,True,142,1.4999047484265453,0.0,0,0.0,EXECUTE,
high_margin_always_active,2023-01-04 15:30:00,2023-01-04,DEFENSIVE,,True,False,143,1.3979745261274168,0.33758082887865765,1,0.0,SKIP,no_candidate_for_mode
high_margin_always_active,2023-01-04 21:00:00,2023-01-04,DEFENSIVE,proxy_hardened_no_worst_hours_high_margin,False,True,143,1.3979745261274168,0.33758082887865765,1,0.0,EXECUTE,
high_margin_always_active,2023-01-06 13:30:00,2023-01-06,DEFENSIVE,proxy_hardened_no_worst_hours_high_margin,True,True,144,1.3891412929393872,0.7077430658259383,2,0.0,EXECUTE,
high_margin_always_active,2023-01-06 14:45:00,2023-01-06,DEFENSIVE,proxy_hardened_no_worst_hours_high_margin,True,True,145,1.2359983306171034,1.080996106619843,3,0.0,EXECUTE,
high_margin_always_active,2023-01-09 15:00:00,2023-01-09,DEFENSIVE,proxy_hardened_no_worst_hours_high_margin,True,True,146,1.386208027645074,0.15619884515692867,0,0.0,EXECUTE,
high_margin_always_active,2023-01-10 10:00:00,2023-01-10,DEFENSIVE,proxy_hardened_no_worst_hours_high_margin,True,True,147,1.4005139004778073,0.470227255935255,1,0.31451968689705656,EXECUTE,
high_margin_always_active,2023-01-10 14:30:00,2023-01-10,DEFENSIVE,proxy_hardened_no_worst_hours_high_margin,True,True,148,1.288620290356708,0.707276014514277,2,0.5519392921576776,EXECUTE,
high_margin_always_active,2023-01-11 10:30:00,2023-01-11,DEFENSIVE,proxy_hardened_no_worst_hours_high_margin,True,True,149,1.197116171652096,1.0164698601486877,3,0.8616168505620319,EXECUTE,
high_margin_always_active,2023-01-12 10:15:00,2023-01-12,DEFENSIVE,proxy_hardened_no_worst_hours_high_margin,True,True,150,1.2062014834516215,1.2602206916757752,4,1.1057490137086168,EXECUTE,
high_margin_always_active,2023-01-13 14:00:00,2023-01-13,DEFENSIVE,proxy_hardened_no_worst_hours_high_margin,True,True,151,1.1816367921093478,0.9062251614812408,0,0.7511996815517475,EXECUTE,
high_margin_always_active,2023-01-17 14:30:00,2023-01-17,DEFENSIVE,proxy_hardened_no_worst_hours_high_margin,True,True,152,1.1735406774220396,0.24756846916733802,0,0.0,EXECUTE,
high_margin_always_active,2023-01-18 15:15:00,2023-01-18,DEFENSIVE,proxy_hardened_no_worst_hours_high_margin,True,True,153,1.1691117882026707,0.5824623449461273,1,0.33572502508400714,EXECUTE,
high_margin_always_active,2023-01-19 14:00:00,2023-01-19,DEFENSIVE,proxy_hardened_no_worst_hours_high_margin,True,True,154,1.1646954306194854,0.9997855237804137,2,0.7540839286514868,EXECUTE,
high_margin_always_active,2023-01-23 19:45:00,2023-01-23,DEFENSIVE,proxy_hardened_no_worst_hours_high_margin,True,True,155,1.1395551656931566,0.33940014252657996,0,0.0,EXECUTE,
high_margin_always_active,2023-01-24 10:15:00,2023-01-24,DEFENSIVE,proxy_hardened_no_worst_hours_high_margin,True,True,156,1.236574514102769,0.0,0,0.0,EXECUTE,
high_margin_always_active,2023-02-01 14:30:00,2023-02-01,DEFENSIVE,proxy_hardened_no_worst_hours_high_margin,True,True,157,1.2416618355315563,0.24039371972766166,1,0.0,EXECUTE,
high_margin_always_active,2023-02-01 19:30:00,2023-02-01,DEFENSIVE,proxy_hardened_no_worst_hours_high_margin,True,True,158,1.145038029613187,0.5314089855959133,2,0.29171653409563053,EXECUTE,
high_margin_always_active,2023-02-02 10:15:00,2023-02-02,DEFENSIVE,proxy_hardened_no_worst_hours_high_margin,True,True,159,1.2772665062711812,0.0,0,0.0,EXECUTE,
high_margin_always_active,2023-02-03 13:15:00,2023-02-03,DEFENSIVE,proxy_hardened_no_worst_hours_high_margin,True,True,160,1.2955783532527496,0.2781177468700871,1,0.0,EXECUTE,
high_margin_always_active,2023-02-06 10:00:00,2023-02-06,DEFENSIVE,proxy_hardened_no_worst_hours_high_margin,True,True,161,1.2923457822014444,0.0,0,0.0,EXECUTE,
high_margin_always_active,2023-02-07 13:00:00,2023-02-07,DEFENSIVE,proxy_hardened_no_worst_hours_high_margin,True,True,162,1.3988010580083348,0.0,0,0.0,EXECUTE,
high_margin_always_active,2023-02-14 14:45:00,2023-02-14,DEFENSIVE,proxy_hardened_no_worst_hours_high_margin,True,True,163,1.4151869015510585,0.31732297369820983,1,0.0,EXECUTE,
high_margin_always_active,2023-02-14 15:45:00,2023-02-14,DEFENSIVE,,True,False,164,1.3704702637108375,0.9746499047321542,2,0.659419420347741,SKIP,no_candidate_for_mode
high_margin_always_active,2023-02-15 14:45:00,2023-02-15,DEFENSIVE,proxy_hardened_no_worst_hours_high_margin,True,True,164,1.3704702637108375,0.9746499047321542,2,0.659419420347741,EXECUTE,
high_margin_always_active,2023-02-16 15:00:00,2023-02-16,DEFENSIVE,proxy_hardened_no_worst_hours_high_margin,True,True,165,1.2365108288649913,1.3555156106245805,3,1.0414975479164246,EXECUTE,
high_margin_always_active,2023-02-17 14:30:00,2023-02-17,DEFENSIVE,proxy_hardened_no_worst_hours_high_margin,True,True,166,1.1260397825084334,1.7617513880242317,4,1.4490265083319533,EXECUTE,
high_margin_always_active,2023-02-20 14:45:00,2023-02-20,DEFENSIVE,,True,False,167,1.1192876436648134,2.076357070321706,5,0.0,SKIP,no_candidate_for_mode
high_margin_always_active,2023-02-21 10:00:00,2023-02-21,DEFENSIVE,proxy_hardened_no_worst_hours_high_margin,True,True,167,1.1192876436648134,2.076357070321706,5,0.0,EXECUTE,
high_margin_always_active,2023-02-23 10:45:00,2023-02-23,DEFENSIVE,,True,False,168,1.0354602401388138,2.3267796324956085,6,0.25573248163749734,SKIP,no_candidate_for_mode
high_margin_always_active,2023-02-23 15:00:00,2023-02-23,DEFENSIVE,,True,False,168,1.0354602401388138,2.3267796324956085,6,0.25573248163749734,SKIP,no_candidate_for_mode
high_margin_always_active,2023-02-27 10:00:00,2023-02-27,DEFENSIVE,proxy_hardened_no_worst_hours_high_margin,True,True,168,1.0354602401388138,2.3267796324956085,6,0.0,EXECUTE,
high_margin_always_active,2023-02-27 19:30:00,2023-02-27,DEFENSIVE,,True,False,169,1.066385503487897,2.537359364965043,7,0.21559618048541365,SKIP,no_candidate_for_mode
high_margin_always_active,2023-02-28 10:00:00,2023-02-28,DEFENSIVE,proxy_hardened_no_worst_hours_high_margin,True,True,169,1.066385503487897,2.537359364965043,7,0.21559618048541365,EXECUTE,
high_margin_always_active,2023-02-28 21:00:00,2023-02-28,DEFENSIVE,proxy_hardened_no_worst_hours_high_margin,True,True,170,1.0660533554361125,2.7948474825155043,8,0.47921820152827915,EXECUTE,
high_margin_always_active,2023-03-01 10:15:00,2023-03-01,DEFENSIVE,,True,False,171,1.0633336290822608,3.0272300382791486,9,0.7171365939896825,SKIP,no_candidate_for_mode
high_margin_always_active,2023-03-01 13:15:00,2023-03-01,DEFENSIVE,proxy_hardened_no_worst_hours_high_margin,True,True,171,1.0633336290822608,3.0272300382791486,9,0.7171365939896825,EXECUTE,
high_margin_always_active,2023-03-01 15:15:00,2023-03-01,DEFENSIVE,proxy_hardened_no_worst_hours_high_margin,False,True,172,1.0788738342536723,2.456494814410194,0,0.13280526783753394,EXECUTE,
high_margin_always_active,2023-03-02 15:00:00,2023-03-02,DEFENSIVE,proxy_hardened_no_worst_hours_high_margin,True,True,173,1.0712141111343971,2.8764680132123694,1,0.562783103340442,EXECUTE,
high_margin_always_active,2023-03-02 19:00:00,2023-03-02,DEFENSIVE,proxy_hardened_no_worst_hours_high_margin,True,True,174,0.9900858463972616,3.194693758553355,2,0.8885896490278248,EXECUTE,
high_margin_always_active,2023-03-03 13:00:00,2023-03-03,DEFENSIVE,proxy_hardened_no_worst_hours_high_margin,True,True,175,0.9925844936254404,2.6671038707308785,0,0.3484314707294482,EXECUTE,
high_margin_always_active,2023-03-10 10:00:00,2023-03-10,DEFENSIVE,proxy_hardened_no_worst_hours_high_margin,True,True,176,0.9954663066713808,2.8767080829856737,1,0.0,EXECUTE,
high_margin_always_active,2023-03-13 10:15:00,2023-03-13,DEFENSIVE,proxy_hardened_no_worst_hours_high_margin,True,True,177,1.0037814143520258,2.3696202452865105,0,0.0,EXECUTE,
high_margin_always_active,2023-03-15 10:00:00,2023-03-15,DEFENSIVE,proxy_hardened_no_worst_hours_high_margin,True,True,178,1.0254401707550067,1.4577038266059388,0,0.0,EXECUTE,
high_margin_always_active,2023-03-15 14:15:00,2023-03-15,DEFENSIVE,proxy_hardened_no_worst_hours_high_margin,True,True,179,1.160285380597676,0.6103585862002383,0,0.0,EXECUTE,
high_margin_always_active,2023-03-16 14:00:00,2023-03-16,DEFENSIVE,proxy_hardened_no_worst_hours_high_margin,True,True,180,1.1251008478167317,1.320553912381652,1,0.0,EXECUTE,
high_margin_always_active,2023-03-17 10:15:00,2023-03-17,DEFENSIVE,proxy_hardened_no_worst_hours_high_margin,True,True,181,1.1268093536549664,1.799813935273856,2,0.0,EXECUTE,
high_margin_always_active,2023-03-20 18:15:00,2023-03-20,DEFENSIVE,proxy_hardened_no_worst_hours_high_margin,True,True,182,1.119148860187667,1.2673496070253936,0,0.0,EXECUTE,
high_margin_always_active,2023-03-22 18:00:00,2023-03-22,DEFENSIVE,proxy_hardened_no_worst_hours_high_margin,True,True,183,1.0877273486443855,1.784330460325389,1,0.5236169101531455,EXECUTE,
high_margin_always_active,2023-03-23 10:15:00,2023-03-23,DEFENSIVE,proxy_hardened_no_worst_hours_high_margin,True,True,184,1.1427674771482796,0.7873159114056295,0,0.0,EXECUTE,
high_margin_always_active,2023-03-23 13:15:00,2023-03-23,DEFENSIVE,,True,False,185,1.1328967327425659,1.1681220647017647,1,0.0,SKIP,no_candidate_for_mode
high_margin_always_active,2023-03-23 19:00:00,2023-03-23,DEFENSIVE,proxy_hardened_no_worst_hours_high_margin,False,True,185,1.1328967327425659,1.1681220647017647,1,0.0,EXECUTE,
high_margin_always_active,2023-03-24 14:30:00,2023-03-24,DEFENSIVE,proxy_hardened_no_worst_hours_high_margin,True,True,186,1.1006705236998604,1.7597449551389395,2,0.49871582111261265,EXECUTE,
high_margin_always_active,2023-03-27 14:45:00,2023-03-27,DEFENSIVE,proxy_hardened_no_worst_hours_high_margin,True,True,187,1.0612677146611265,2.3329092171799473,3,0.0,EXECUTE,
high_margin_always_active,2023-03-30 13:00:00,2023-03-30,DEFENSIVE,proxy_hardened_no_worst_hours_high_margin,True,True,188,0.9764474050513494,2.8319933585045747,4,0.5110054341993601,EXECUTE,
high_margin_always_active,2023-03-30 14:15:00,2023-03-30,DEFENSIVE,proxy_hardened_no_worst_hours_high_margin,True,True,189,0.9703526757540002,3.1508901044236923,5,0.8375194558243583,EXECUTE,
high_margin_always_active,2023-04-03 13:30:00,2023-04-03,DEFENSIVE,proxy_hardened_no_worst_hours_high_margin,True,True,190,1.0585700874803297,2.4323695245647734,0,0.0,EXECUTE,
high_margin_always_active,2023-04-03 19:00:00,2023-04-03,DEFENSIVE,proxy_hardened_no_worst_hours_high_margin,True,True,191,1.0622429711039092,1.7206257319552942,0,0.0,EXECUTE,
high_margin_always_active,2023-04-04 10:00:00,2023-04-04,DEFENSIVE,proxy_hardened_no_worst_hours_high_margin,True,True,192,0.9638373421219325,2.054820769700636,1,0.0,EXECUTE,
high_margin_always_active,2023-04-05 10:00:00,2023-04-05,DEFENSIVE,proxy_hardened_no_worst_hours_high_margin,True,True,193,0.9718528757465338,2.2873987303588192,2,0.0,EXECUTE,
high_margin_always_active,2023-04-05 14:00:00,2023-04-05,DEFENSIVE,,True,False,194,1.0426360719243948,1.819875551864671,0,0.0,SKIP,no_candidate_for_mode
high_margin_always_active,2023-04-06 10:00:00,2023-04-06,DEFENSIVE,proxy_hardened_no_worst_hours_high_margin,True,True,194,1.0426360719243948,1.819875551864671,0,0.0,EXECUTE,
high_margin_always_active,2023-04-11 10:00:00,2023-04-11,DEFENSIVE,proxy_hardened_no_worst_hours_high_margin,True,True,195,1.0536957208630675,2.0652804078063016,1,0.0,EXECUTE,
high_margin_always_active,2023-04-11 14:15:00,2023-04-11,DEFENSIVE,proxy_hardened_no_worst_hours_high_margin,True,True,196,0.9537349759104953,2.314873425109062,2,0.25485651905890705,EXECUTE,
high_margin_always_active,2023-04-12 19:30:00,2023-04-12,DEFENSIVE,proxy_hardened_no_worst_hours_high_margin,True,True,197,1.032056607001603,1.714786550395217,0,0.0,EXECUTE,
high_margin_always_active,2023-04-13 15:00:00,2023-04-13,DEFENSIVE,proxy_hardened_no_worst_hours_high_margin,True,True,198,1.1173237292286589,1.0012758973380342,0,0.0,EXECUTE,
high_margin_always_active,2023-04-20 14:15:00,2023-04-20,DEFENSIVE,proxy_hardened_no_worst_hours_high_margin,True,True,199,1.1006633249229487,1.474856061051365,1,0.0,EXECUTE,
high_margin_always_active,2023-04-20 18:30:00,2023-04-20,DEFENSIVE,proxy_hardened_no_worst_hours_high_margin,True,True,200,1.0800061848167455,1.9319451284515805,2,0.4639313875892002,EXECUTE,
high_margin_always_active,2023-04-21 10:45:00,2023-04-21,DEFENSIVE,proxy_hardened_no_worst_hours_high_margin,True,True,201,1.020858441642345,2.2615786464020617,3,0.7984993006843034,EXECUTE,
high_margin_always_active,2023-04-21 14:15:00,2023-04-21,DEFENSIVE,proxy_hardened_no_worst_hours_high_margin,True,True,202,0.9389104367159581,2.6106626353852542,4,1.1528088454635619,EXECUTE,
high_margin_always_active,2023-04-25 18:45:00,2023-04-25,DEFENSIVE,,True,False,203,0.9146354907999358,3.2654203540641626,5,0.6723094502918481,SKIP,no_candidate_for_mode
high_margin_always_active,2023-04-26 13:45:00,2023-04-26,DEFENSIVE,,True,False,203,0.9146354907999358,3.2654203540641626,5,0.6723094502918481,SKIP,no_candidate_for_mode
high_margin_always_active,2023-04-27 10:00:00,2023-04-27,DEFENSIVE,,True,False,203,0.9146354907999358,3.2654203540641626,5,0.6723094502918481,SKIP,no_candidate_for_mode
high_margin_always_active,2023-04-28 10:15:00,2023-04-28,DEFENSIVE,proxy_hardened_no_worst_hours_high_margin,True,True,203,0.9146354907999358,3.2654203540641626,5,0.6723094502918481,EXECUTE,
high_margin_always_active,2023-04-28 14:00:00,2023-04-28,DEFENSIVE,proxy_hardened_no_worst_hours_high_margin,True,True,204,0.9272805297898232,3.5044212795443306,6,0.9177171427021381,EXECUTE,
high_margin_always_active,2023-05-02 14:00:00,2023-05-02,DEFENSIVE,proxy_hardened_no_worst_hours_high_margin,True,True,205,0.8471575517715039,3.9112087215763696,7,0.0,EXECUTE,
high_margin_always_active,2023-05-03 14:30:00,2023-05-03,DEFENSIVE,proxy_hardened_no_worst_hours_high_margin,True,True,206,0.8547990581595486,3.2096465394692726,0,0.0,EXECUTE,
high_margin_always_active,2023-05-03 18:00:00,2023-05-03,DEFENSIVE,proxy_hardened_no_worst_hours_high_margin,True,True,207,0.9284335678708286,2.486082239001572,0,0.0,EXECUTE,
high_margin_always_active,2023-05-04 15:00:00,2023-05-04,DEFENSIVE,proxy_hardened_no_worst_hours_high_margin,True,True,208,0.9150030193750601,2.9578156257898303,1,0.0,EXECUTE,
high_margin_always_active,2023-05-08 15:15:00,2023-05-08,DEFENSIVE,,True,False,209,0.8005623424233858,3.570424485705695,2,0.0,SKIP,no_candidate_for_mode
high_margin_always_active,2023-05-09 13:45:00,2023-05-09,DEFENSIVE,,True,False,209,0.8005623424233858,3.570424485705695,2,0.0,SKIP,no_candidate_for_mode
high_margin_always_active,2023-05-10 13:45:00,2023-05-10,DEFENSIVE,,True,False,209,0.8005623424233858,3.570424485705695,2,0.0,SKIP,no_candidate_for_mode
high_margin_always_active,2023-05-11 13:00:00,2023-05-11,DEFENSIVE,proxy_hardened_no_worst_hours_high_margin,True,True,209,0.8005623424233858,3.570424485705695,2,0.0,EXECUTE,
high_margin_always_active,2023-05-12 10:30:00,2023-05-12,DEFENSIVE,proxy_hardened_no_worst_hours_high_margin,True,True,210,0.791863619555128,3.992976643760112,3,0.43819767514354085,EXECUTE,
high_margin_always_active,2023-05-16 10:00:00,2023-05-16,DEFENSIVE,proxy_hardened_no_worst_hours_high_margin,True,True,211,0.7365536503276262,4.277024773714077,4,0.0,EXECUTE,
high_margin_always_active,2023-05-16 14:00:00,2023-05-16,DEFENSIVE,proxy_hardened_no_worst_hours_high_margin,True,True,212,0.7163185709095892,3.9169851807638545,0,0.0,EXECUTE,
high_margin_always_active,2023-05-17 13:00:00,2023-05-17,DEFENSIVE,proxy_hardened_no_worst_hours_high_margin,True,True,213,0.7864963122667175,3.1975660444007334,0,0.0,EXECUTE,
high_margin_always_active,2023-05-17 14:45:00,2023-05-17,DEFENSIVE,proxy_hardened_no_worst_hours_high_margin,True,True,214,0.8657741214645592,2.6971759617286994,0,0.0,EXECUTE,
high_margin_always_active,2023-05-18 10:30:00,2023-05-18,DEFENSIVE,proxy_hardened_no_worst_hours_high_margin,True,True,215,0.9480839106519413,2.0019837994904863,0,0.0,EXECUTE,
high_margin_always_active,2023-05-19 13:45:00,2023-05-19,DEFENSIVE,proxy_hardened_no_worst_hours_high_margin,True,True,216,1.0152670126377223,1.5778458937395448,0,0.0,EXECUTE,
high_margin_always_active,2023-05-22 13:00:00,2023-05-22,DEFENSIVE,,True,False,217,1.0179619724622757,1.8605610722626058,1,0.0,SKIP,no_candidate_for_mode
high_margin_always_active,2023-05-26 13:00:00,2023-05-26,DEFENSIVE,,True,False,217,1.0179619724622757,1.8605610722626058,1,0.0,SKIP,no_candidate_for_mode
high_margin_always_active,2023-05-26 15:45:00,2023-05-26,DEFENSIVE,proxy_hardened_no_worst_hours_high_margin,True,True,217,1.0179619724622757,1.8605610722626058,1,0.0,EXECUTE,
high_margin_always_active,2023-05-30 14:00:00,2023-05-30,DEFENSIVE,,True,False,218,1.007353041151497,2.2375094938274525,2,0.38409473875473166,SKIP,no_candidate_for_mode
high_margin_always_active,2023-05-31 15:45:00,2023-05-31,DEFENSIVE,proxy_hardened_no_worst_hours_high_margin,True,True,218,1.007353041151497,2.2375094938274525,2,0.38409473875473166,EXECUTE,
high_margin_always_active,2023-05-31 18:00:00,2023-05-31,DEFENSIVE,proxy_hardened_no_worst_hours_high_margin,True,True,219,0.9891826849105275,2.6711001564997514,3,0.8259055616101266,EXECUTE,
high_margin_always_active,2023-06-01 19:00:00,2023-06-01,DEFENSIVE,proxy_hardened_no_worst_hours_high_margin,True,True,220,0.9809793762140551,3.031977095976278,4,1.1936241296185044,EXECUTE,
high_margin_always_active,2023-06-02 10:15:00,2023-06-02,DEFENSIVE,proxy_hardened_no_worst_hours_high_margin,True,True,221,1.039991435444291,2.537951182729908,0,0.6902323040241806,EXECUTE,
high_margin_always_active,2023-06-05 10:00:00,2023-06-05,DEFENSIVE,proxy_hardened_no_worst_hours_high_margin,True,True,222,0.9780385502457603,2.7293884085994478,1,0.0,EXECUTE,
high_margin_always_active,2023-06-06 13:00:00,2023-06-06,DEFENSIVE,proxy_hardened_no_worst_hours_high_margin,True,True,223,0.9906962332536229,2.990599798427493,2,0.26854091441853706,EXECUTE,
high_margin_always_active,2023-06-06 18:15:00,2023-06-06,DEFENSIVE,proxy_hardened_no_worst_hours_high_margin,True,True,224,0.995128278669053,3.2541902942432257,3,0.5395276919284686,EXECUTE,
high_margin_always_active,2023-06-07 13:00:00,2023-06-07,DEFENSIVE,,True,False,225,0.9325903437715098,3.507423501798924,4,0.7998665583267259,SKIP,no_candidate_for_mode
high_margin_always_active,2023-06-07 15:00:00,2023-06-07,DEFENSIVE,,True,False,225,0.9325903437715098,3.507423501798924,4,0.7998665583267259,SKIP,no_candidate_for_mode
high_margin_always_active,2023-06-08 18:30:00,2023-06-08,DEFENSIVE,proxy_hardened_no_worst_hours_high_margin,True,True,225,0.9325903437715098,3.507423501798924,4,0.7998665583267259,EXECUTE,
high_margin_always_active,2023-06-14 15:45:00,2023-06-14,DEFENSIVE,,True,False,226,0.9279501774592357,3.77936261657289,5,0.0,SKIP,no_candidate_for_mode
high_margin_always_active,2023-06-15 10:15:00,2023-06-15,DEFENSIVE,proxy_hardened_no_worst_hours_high_margin,True,True,226,0.9279501774592357,3.77936261657289,5,0.0,EXECUTE,
high_margin_always_active,2023-06-19 14:00:00,2023-06-19,DEFENSIVE,proxy_hardened_no_worst_hours_high_margin,True,True,227,0.9318154822255683,3.223849470552482,0,0.0,EXECUTE,
high_margin_always_active,2023-06-21 10:00:00,2023-06-21,DEFENSIVE,proxy_hardened_no_worst_hours_high_margin,True,True,228,0.8467246980857659,3.405865987535049,1,0.18807993083707925,EXECUTE,
high_margin_always_active,2023-06-21 13:45:00,2023-06-21,DEFENSIVE,proxy_hardened_no_worst_hours_high_margin,True,True,229,0.8131003049708585,2.985894039059522,0,0.0,EXECUTE,
high_margin_always_active,2023-06-22 10:15:00,2023-06-22,DEFENSIVE,proxy_hardened_no_worst_hours_high_margin,True,True,230,0.8312049198730295,3.4192460062791046,1,0.20190567061993567,EXECUTE,
high_margin_always_active,2023-06-22 13:30:00,2023-06-22,DEFENSIVE,proxy_hardened_no_worst_hours_high_margin,True,True,231,0.8486560809306362,3.6428349870758137,2,0.4329429453756412,EXECUTE,
high_margin_always_active,2023-06-23 14:45:00,2023-06-23,DEFENSIVE,,True,False,232,0.8583353328640208,2.992499619220206,0,0.0,SKIP,no_candidate_for_mode
high_margin_always_active,2023-06-27 13:45:00,2023-06-27,DEFENSIVE,,True,False,232,0.8583353328640208,2.992499619220206,0,0.0,SKIP,no_candidate_for_mode
high_margin_always_active,2023-06-28 14:45:00,2023-06-28,DEFENSIVE,proxy_hardened_no_worst_hours_high_margin,True,True,232,0.8583353328640208,2.992499619220206,0,0.0,EXECUTE,
high_margin_always_active,2023-07-02 22:00:00,2023-07-02,DEFENSIVE,,True,False,233,0.8712549008007936,3.328901126427411,1,0.3467788633731896,SKIP,no_candidate_for_mode
high_margin_always_active,2023-07-03 10:00:00,2023-07-03,DEFENSIVE,proxy_hardened_no_worst_hours_high_margin,True,True,233,0.8712549008007936,3.328901126427411,1,0.0,EXECUTE,
high_margin_always_active,2023-07-04 13:15:00,2023-07-04,DEFENSIVE,proxy_hardened_no_worst_hours_high_margin,True,True,234,0.7761927236610575,3.5137237696588093,2,0.19118707181876285,EXECUTE,
high_margin_always_active,2023-07-06 10:00:00,2023-07-06,DEFENSIVE,,True,False,235,0.7903394930512836,3.6764778534850535,3,0.35954564612141093,SKIP,no_candidate_for_mode
high_margin_always_active,2023-07-06 13:30:00,2023-07-06,DEFENSIVE,,True,False,235,0.7903394930512836,3.6764778534850535,3,0.35954564612141093,SKIP,no_candidate_for_mode
high_margin_always_active,2023-07-07 18:30:00,2023-07-07,DEFENSIVE,proxy_hardened_no_worst_hours_high_margin,True,True,235,0.7903394930512836,3.6764778534850535,3,0.35954564612141093,EXECUTE,
high_margin_always_active,2023-07-11 22:15:00,2023-07-11,DEFENSIVE,proxy_hardened_no_worst_hours_high_margin,True,True,236,0.8113275415320649,3.9586095148282645,4,0.2929000674560817,EXECUTE,
high_margin_always_active,2023-07-12 22:00:00,2023-07-12,DEFENSIVE,proxy_hardened_no_worst_hours_high_margin,True,True,237,0.8770405929565113,3.6954515620904864,0,0.019697897442520613,EXECUTE,
high_margin_always_active,2023-07-18 18:15:00,2023-07-18,DEFENSIVE,proxy_hardened_no_worst_hours_high_margin,True,True,238,0.953258391904137,3.3266202055882945,0,0.0,EXECUTE,
high_margin_always_active,2023-07-19 13:00:00,2023-07-19,DEFENSIVE,proxy_hardened_no_worst_hours_high_margin,True,True,239,0.9522439216296146,3.65679061720159,1,0.34153188014678976,EXECUTE,
high_margin_always_active,2023-07-21 14:45:00,2023-07-21,DEFENSIVE,proxy_hardened_no_worst_hours_high_margin,True,True,240,0.8644297374913911,3.9017295966015406,2,0.5948994358491456,EXECUTE,
high_margin_always_active,2023-07-25 22:30:00,2023-07-25,DEFENSIVE,proxy_hardened_no_worst_hours_high_margin,True,True,241,0.7742478122348933,4.244876688894437,3,0.0,EXECUTE,
high_margin_always_active,2023-07-26 10:30:00,2023-07-26,DEFENSIVE,proxy_hardened_no_worst_hours_high_margin,True,True,242,0.7855766031780353,4.4178232635186445,4,0.1806133903272357,EXECUTE,
high_margin_always_active,2023-07-26 15:00:00,2023-07-26,DEFENSIVE,,True,False,243,0.7909831487276059,4.575075269738863,5,0.3448364634982842,SKIP,no_candidate_for_mode
high_margin_always_active,2023-07-26 19:15:00,2023-07-26,DEFENSIVE,proxy_hardened_no_worst_hours_high_margin,False,True,243,0.7909831487276059,4.575075269738863,5,0.3448364634982842,EXECUTE,
high_margin_always_active,2023-07-28 18:00:00,2023-07-28,DEFENSIVE,proxy_hardened_no_worst_hours_high_margin,True,True,244,0.7220205742615479,4.972941970226356,6,0.7603408111819486,EXECUTE,
high_margin_always_active,2023-08-02 13:30:00,2023-08-02,DEFENSIVE,proxy_hardened_no_worst_hours_high_margin,True,True,245,0.7214219780910855,5.227758460187492,7,0.2681515088905562,EXECUTE,
high_margin_always_active,2023-08-04 10:00:00,2023-08-04,DEFENSIVE,proxy_hardened_no_worst_hours_high_margin,True,True,246,0.7877131946648204,4.6718139221648975,0,0.0,EXECUTE,
high_margin_always_active,2023-08-04 14:45:00,2023-08-04,DEFENSIVE,,True,False,247,0.7228639755995421,4.837695194483504,1,0.0,SKIP,no_candidate_for_mode
high_margin_always_active,2023-08-07 13:45:00,2023-08-07,DEFENSIVE,,True,False,247,0.7228639755995421,4.837695194483504,1,0.0,SKIP,no_candidate_for_mode
high_margin_always_active,2023-08-07 15:00:00,2023-08-07,DEFENSIVE,,True,False,247,0.7228639755995421,4.837695194483504,1,0.0,SKIP,no_candidate_for_mode
high_margin_always_active,2023-08-08 10:15:00,2023-08-08,DEFENSIVE,,True,False,247,0.7228639755995421,4.837695194483504,1,0.0,SKIP,no_candidate_for_mode
high_margin_always_active,2023-08-08 13:30:00,2023-08-08,DEFENSIVE,proxy_hardened_no_worst_hours_high_margin,True,True,247,0.7228639755995421,4.837695194483504,1,0.0,EXECUTE,
high_margin_always_active,2023-08-08 14:45:00,2023-08-08,DEFENSIVE,proxy_hardened_no_worst_hours_high_margin,False,True,248,0.6401235225623321,5.179583186821985,2,0.3592682975020452,EXECUTE,
high_margin_always_active,2023-08-09 13:15:00,2023-08-09,DEFENSIVE,proxy_hardened_no_worst_hours_high_margin,True,True,249,0.6459812554740507,5.547880759306965,3,0.7462887393016399,EXECUTE,
high_margin_always_active,2023-08-10 15:15:00,2023-08-10,DEFENSIVE,proxy_hardened_no_worst_hours_high_margin,True,True,250,0.6605741303585447,5.750808140401499,4,0.9595321884901207,EXECUTE,
high_margin_always_active,2023-08-15 10:00:00,2023-08-15,DEFENSIVE,proxy_hardened_no_worst_hours_high_margin,True,True,251,0.6593274762130316,6.101714913624785,5,0.0,EXECUTE,
high_margin_always_active,2023-08-15 13:30:00,2023-08-15,DEFENSIVE,proxy_hardened_no_worst_hours_high_margin,True,True,252,0.7070162472923581,5.810964558019943,0,0.0,EXECUTE,
high_margin_always_active,2023-08-21 15:00:00,2023-08-21,DEFENSIVE,,True,False,253,0.7299791334100069,6.122114138698176,1,0.0,SKIP,no_candidate_for_mode
high_margin_always_active,2023-08-22 14:45:00,2023-08-22,DEFENSIVE,proxy_hardened_no_worst_hours_high_margin,True,True,253,0.7299791334100069,6.122114138698176,1,0.0,EXECUTE,
high_margin_always_active,2023-08-23 10:45:00,2023-08-23,DEFENSIVE,proxy_hardened_no_worst_hours_high_margin,True,True,254,0.7265143620645129,6.411569196066481,2,0.30833146135817535,EXECUTE,
high_margin_always_active,2023-08-23 13:00:00,2023-08-23,DEFENSIVE,proxy_hardened_no_worst_hours_high_margin,True,True,255,0.7891198535392513,6.06707787897477,0,0.0,EXECUTE,
high_margin_always_active,2023-08-25 14:00:00,2023-08-25,DEFENSIVE,,True,False,256,0.7675235662926122,5.58629878323573,0,0.0,SKIP,no_candidate_for_mode
high_margin_always_active,2023-08-30 10:00:00,2023-08-30,DEFENSIVE,proxy_hardened_no_worst_hours_high_margin,True,True,256,0.7675235662926122,5.58629878323573,0,0.0,EXECUTE,
high_margin_always_active,2023-08-30 18:00:00,2023-08-30,DEFENSIVE,proxy_hardened_no_worst_hours_high_margin,True,True,257,0.7213212871551857,5.335069457233925,0,0.0,EXECUTE,
high_margin_always_active,2023-09-05 13:00:00,2023-09-05,DEFENSIVE,proxy_hardened_no_worst_hours_high_margin,True,True,258,0.7421083693600531,5.520442477989845,1,0.0,EXECUTE,
high_margin_always_active,2023-09-05 15:00:00,2023-09-05,DEFENSIVE,proxy_hardened_no_worst_hours_high_margin,True,True,259,0.771260295517185,5.757461005519286,2,0.25086752493969877,EXECUTE,
high_margin_always_active,2023-09-08 13:15:00,2023-09-08,DEFENSIVE,proxy_hardened_no_worst_hours_high_margin,True,True,260,0.8681191137161492,5.1981956498014545,0,0.0,EXECUTE,
high_margin_always_active,2023-09-11 15:30:00,2023-09-11,DEFENSIVE,,True,False,261,0.8774830685445694,5.38472131266157,1,0.0,SKIP,no_candidate_for_mode
high_margin_always_active,2023-09-12 14:45:00,2023-09-12,DEFENSIVE,proxy_hardened_no_worst_hours_high_margin,True,True,261,0.8774830685445694,5.38472131266157,1,0.0,EXECUTE,
high_margin_always_active,2023-09-13 14:00:00,2023-09-13,DEFENSIVE,proxy_hardened_no_worst_hours_high_margin,True,True,262,0.8144986945566245,5.641827812393148,2,0.27173888118134265,EXECUTE,
high_margin_always_active,2023-09-14 13:15:00,2023-09-14,DEFENSIVE,proxy_hardened_no_worst_hours_high_margin,True,True,263,0.7995651014165942,5.061265370487079,0,0.0,EXECUTE,
high_margin_always_active,2023-09-14 15:30:00,2023-09-14,DEFENSIVE,,True,False,264,0.725390800631441,5.322232501627323,1,0.0,SKIP,no_candidate_for_mode
high_margin_always_active,2023-09-19 14:30:00,2023-09-19,DEFENSIVE,,True,False,264,0.725390800631441,5.322232501627323,1,0.0,SKIP,no_candidate_for_mode
high_margin_always_active,2023-09-22 14:00:00,2023-09-22,DEFENSIVE,,True,False,264,0.725390800631441,5.322232501627323,1,0.0,SKIP,no_candidate_for_mode
high_margin_always_active,2023-09-26 10:30:00,2023-09-26,DEFENSIVE,proxy_hardened_no_worst_hours_high_margin,True,True,264,0.725390800631441,5.322232501627323,1,0.0,EXECUTE,
high_margin_always_active,2023-10-02 14:00:00,2023-10-02,DEFENSIVE,proxy_hardened_no_worst_hours_high_margin,True,True,265,0.6813234293126572,5.048291126116292,0,0.0,EXECUTE,
high_margin_always_active,2023-10-02 15:30:00,2023-10-02,DEFENSIVE,proxy_hardened_no_worst_hours_high_margin,True,True,266,0.6129592381067979,5.422495663715356,1,0.3940998451076789,EXECUTE,
high_margin_always_active,2023-10-04 14:00:00,2023-10-04,DEFENSIVE,proxy_hardened_no_worst_hours_high_margin,True,True,267,0.7098992355886282,4.660246406548256,0,0.0,EXECUTE,
high_margin_always_active,2023-10-05 10:00:00,2023-10-05,DEFENSIVE,,True,False,268,0.7133965066589538,4.9898842052029195,1,0.0,SKIP,no_candidate_for_mode
high_margin_always_active,2023-10-05 13:15:00,2023-10-05,DEFENSIVE,,True,False,268,0.7133965066589538,4.9898842052029195,1,0.0,SKIP,no_candidate_for_mode
high_margin_always_active,2023-10-06 13:00:00,2023-10-06,DEFENSIVE,,True,False,268,0.7133965066589538,4.9898842052029195,1,0.0,SKIP,no_candidate_for_mode
high_margin_always_active,2023-10-09 14:15:00,2023-10-09,DEFENSIVE,proxy_hardened_no_worst_hours_high_margin,True,True,268,0.7133965066589538,4.9898842052029195,1,0.0,EXECUTE,
high_margin_always_active,2023-10-11 18:45:00,2023-10-11,DEFENSIVE,proxy_hardened_no_worst_hours_high_margin,True,True,269,0.8053710036944417,4.455815509933761,0,0.0,EXECUTE,
high_margin_always_active,2023-10-16 13:00:00,2023-10-16,DEFENSIVE,proxy_hardened_no_worst_hours_high_margin,True,True,270,0.8937264374366714,3.968136217344069,0,0.0,EXECUTE,
high_margin_always_active,2023-10-16 13:45:00,2023-10-16,DEFENSIVE,proxy_hardened_no_worst_hours_high_margin,True,True,271,0.8089966209838224,4.280072377642142,1,0.32482568598696376,EXECUTE,
high_margin_always_active,2023-10-17 13:00:00,2023-10-17,DEFENSIVE,proxy_hardened_no_worst_hours_high_margin,True,True,272,0.7966558982193076,4.612798207537591,2,0.6713000922824581,EXECUTE,
high_margin_always_active,2023-10-18 18:00:00,2023-10-18,DEFENSIVE,proxy_hardened_no_worst_hours_high_margin,True,True,273,0.7914423062363019,4.935023811858695,3,1.006840392791867,EXECUTE,
high_margin_always_active,2023-10-19 10:30:00,2023-10-19,DEFENSIVE,proxy_hardened_no_worst_hours_high_margin,True,True,274,0.7803686555913227,5.330913063865195,4,1.4190881993141906,EXECUTE,
high_margin_always_active,2023-10-19 13:00:00,2023-10-19,DEFENSIVE,proxy_hardened_no_worst_hours_high_margin,True,True,275,0.8533858860565201,4.856604754316868,0,0.9251809784548735,EXECUTE,
high_margin_always_active,2023-10-20 13:45:00,2023-10-20,DEFENSIVE,proxy_hardened_no_worst_hours_high_margin,True,True,276,0.9422160168110952,4.2953921506811925,0,0.34077848793794085,EXECUTE,
high_margin_always_active,2023-10-23 13:00:00,2023-10-23,DEFENSIVE,,True,False,277,0.9632013064804101,3.5524736259801806,0,0.0,SKIP,no_candidate_for_mode
high_margin_always_active,2023-10-24 18:30:00,2023-10-24,DEFENSIVE,proxy_hardened_no_worst_hours_high_margin,True,True,277,0.9632013064804101,3.5524736259801806,0,0.0,EXECUTE,
high_margin_always_active,2023-10-25 14:00:00,2023-10-25,DEFENSIVE,proxy_hardened_no_worst_hours_high_margin,True,True,278,0.9490965384872924,3.867205946363666,1,0.3263249273630625,EXECUTE,
high_margin_always_active,2023-10-26 18:00:00,2023-10-26,DEFENSIVE,,True,False,279,0.8637674939496175,4.276307177933816,2,0.7504946774338703,SKIP,no_candidate_for_mode
high_margin_always_active,2023-10-30 14:00:00,2023-10-30,DEFENSIVE,proxy_hardened_no_worst_hours_high_margin,True,True,279,0.8637674939496175,4.276307177933816,2,0.0,EXECUTE,
high_margin_always_active,2023-11-01 14:45:00,2023-11-01,DEFENSIVE,proxy_hardened_no_worst_hours_high_margin,True,True,280,0.8730906305029658,4.608512671030824,3,0.34704625710013703,EXECUTE,
high_margin_always_active,2023-11-02 10:00:00,2023-11-02,DEFENSIVE,proxy_hardened_no_worst_hours_high_margin,True,True,281,0.8631745294032149,4.939755086016525,4,0.6930864120714146,EXECUTE,
high_margin_always_active,2023-11-03 10:15:00,2023-11-03,DEFENSIVE,,True,False,282,0.7788879680962704,5.130523275316193,5,0.8923768736860526,SKIP,no_candidate_for_mode
high_margin_always_active,2023-11-03 13:45:00,2023-11-03,DEFENSIVE,,True,False,282,0.7788879680962704,5.130523275316193,5,0.8923768736860526,SKIP,no_candidate_for_mode
high_margin_always_active,2023-11-07 14:30:00,2023-11-07,DEFENSIVE,proxy_hardened_no_worst_hours_high_margin,True,True,282,0.7788879680962704,5.130523275316193,5,0.0,EXECUTE,
high_margin_always_active,2023-11-08 14:30:00,2023-11-08,DEFENSIVE,proxy_hardened_no_worst_hours_high_margin,True,True,283,0.781466643667555,5.435017751731844,6,0.3209614798438437,EXECUTE,
high_margin_always_active,2023-11-09 10:45:00,2023-11-09,DEFENSIVE,proxy_hardened_no_worst_hours_high_margin,True,True,284,0.8466256365936577,4.963523126869732,0,0.0,EXECUTE,
high_margin_always_active,2023-11-10 10:45:00,2023-11-10,DEFENSIVE,proxy_hardened_no_worst_hours_high_margin,True,True,285,0.8438319390206972,5.157572470465702,1,0.0285120104836501,EXECUTE,
high_margin_always_active,2023-11-10 15:00:00,2023-11-10,DEFENSIVE,proxy_hardened_no_worst_hours_high_margin,True,True,286,0.9081873110946501,4.80345586552135,0,0.0,EXECUTE,
high_margin_always_active,2023-11-14 21:30:00,2023-11-14,DEFENSIVE,proxy_hardened_no_worst_hours_high_margin,True,True,287,0.9506341176176728,4.149708877464798,0,0.0,EXECUTE,
high_margin_always_active,2023-11-15 13:00:00,2023-11-15,DEFENSIVE,proxy_hardened_no_worst_hours_high_margin,True,True,288,0.9523768933475532,3.764840764681737,0,0.0,EXECUTE,
high_margin_always_active,2023-11-16 10:00:00,2023-11-16,DEFENSIVE,proxy_hardened_no_worst_hours_high_margin,True,True,289,0.9675400897120269,3.9508006984079773,1,0.0,EXECUTE,
high_margin_always_active,2023-11-16 13:30:00,2023-11-16,DEFENSIVE,proxy_hardened_no_worst_hours_high_margin,True,True,290,0.9766301320659051,4.111435190011567,2,0.0,EXECUTE,
high_margin_always_active,2023-11-17 13:00:00,2023-11-17,DEFENSIVE,proxy_hardened_no_worst_hours_high_margin,True,True,291,1.0654051464353023,3.6804181542581462,0,0.0,EXECUTE,
high_margin_always_active,2023-11-20 21:00:00,2023-11-20,DEFENSIVE,proxy_hardened_no_worst_hours_high_margin,True,True,292,1.0550822503764468,3.9378022274735893,1,0.0,EXECUTE,
high_margin_always_active,2023-11-21 19:15:00,2023-11-21,DEFENSIVE,proxy_hardened_no_worst_hours_high_margin,True,True,293,1.1226548655136674,3.525472103563602,0,0.0,EXECUTE,
high_margin_always_active,2023-11-22 10:45:00,2023-11-22,DEFENSIVE,proxy_hardened_no_worst_hours_high_margin,True,True,294,1.1363491453573362,3.820212902022551,1,0.0,EXECUTE,
high_margin_always_active,2023-11-24 13:00:00,2023-11-24,DEFENSIVE,,True,False,295,1.140940340451137,4.041009131344957,2,0.10743758342462312,SKIP,no_candidate_for_mode
high_margin_always_active,2023-11-24 15:30:00,2023-11-24,DEFENSIVE,proxy_hardened_no_worst_hours_high_margin,True,True,295,1.140940340451137,4.041009131344957,2,0.10743758342462312,EXECUTE,
high_margin_always_active,2023-11-27 10:15:00,2023-11-27,DEFENSIVE,proxy_hardened_no_worst_hours_high_margin,True,True,296,1.1333573617620307,3.5489149774005933,0,0.0,EXECUTE,
high_margin_always_active,2023-11-27 15:15:00,2023-11-27,DEFENSIVE,proxy_hardened_no_worst_hours_high_margin,True,True,297,1.1264851963963587,3.766164147314157,1,0.0,EXECUTE,
high_margin_always_active,2023-12-01 10:15:00,2023-12-01,DEFENSIVE,proxy_hardened_no_worst_hours_high_margin,True,True,298,1.1347009529867977,4.046713914703596,2,0.005945022250666175,EXECUTE,
high_margin_always_active,2023-12-11 13:00:00,2023-12-11,DEFENSIVE,proxy_hardened_no_worst_hours_high_margin,True,True,299,1.154763062855265,4.2688971441951855,3,0.0,EXECUTE,
high_margin_always_active,2023-12-12 15:15:00,2023-12-12,DEFENSIVE,proxy_hardened_no_worst_hours_high_margin,True,True,300,1.2448741754277513,3.7768253523881365,0,0.0,EXECUTE,
high_margin_always_active,2023-12-14 10:30:00,2023-12-14,DEFENSIVE,proxy_hardened_no_worst_hours_high_margin,True,True,301,1.4027409086256408,2.9964593397585064,0,0.0,EXECUTE,
high_margin_always_active,2023-12-14 13:45:00,2023-12-14,DEFENSIVE,,True,False,302,1.3068180657895894,3.339922680252535,1,0.0,SKIP,no_candidate_for_mode
high_margin_always_active,2023-12-14 15:30:00,2023-12-14,DEFENSIVE,proxy_hardened_no_worst_hours_high_margin,False,True,302,1.3068180657895894,3.339922680252535,1,0.0,EXECUTE,
high_margin_always_active,2023-12-18 18:00:00,2023-12-18,DEFENSIVE,proxy_hardened_no_worst_hours_high_margin,True,True,303,1.2785979236828082,3.8288283061615433,2,0.0,EXECUTE,
high_margin_always_active,2023-12-19 18:30:00,2023-12-19,DEFENSIVE,proxy_hardened_no_worst_hours_high_margin,True,True,304,1.270272295172112,4.172234489791484,3,0.35707809063945095,EXECUTE,
high_margin_always_active,2023-12-20 14:00:00,2023-12-20,DEFENSIVE,proxy_hardened_no_worst_hours_high_margin,True,True,305,1.1867777155806307,4.464876525318678,4,0.6613709783863394,EXECUTE,
high_margin_always_active,2023-12-21 13:00:00,2023-12-21,DEFENSIVE,,True,False,306,1.0956050268311825,4.739894449974978,5,0.9473380928682418,SKIP,no_candidate_for_mode
high_margin_always_active,2023-12-21 14:00:00,2023-12-21,DEFENSIVE,proxy_hardened_no_worst_hours_high_margin,True,True,306,1.0956050268311825,4.739894449974978,5,0.9473380928682418,EXECUTE,
high_margin_always_active,2023-12-26 10:30:00,2023-12-26,DEFENSIVE,,True,False,307,1.1406802341052489,4.089608170338808,0,0.0,SKIP,no_candidate_for_mode
high_margin_always_active,2023-12-27 18:45:00,2023-12-27,DEFENSIVE,proxy_hardened_no_worst_hours_high_margin,True,True,307,1.1406802341052489,4.089608170338808,0,0.0,EXECUTE,
high_margin_always_active,2024-01-02 10:00:00,2024-01-02,DEFENSIVE,proxy_hardened_no_worst_hours_high_margin,True,True,308,1.2359999968652187,3.474850371854775,0,0.0,EXECUTE,
high_margin_always_active,2024-01-08 13:00:00,2024-01-08,DEFENSIVE,proxy_hardened_no_worst_hours_high_margin,True,True,309,1.2325266372707737,3.736295356248663,1,0.0,EXECUTE,
high_margin_always_active,2024-01-12 15:45:00,2024-01-12,DEFENSIVE,proxy_hardened_no_worst_hours_high_margin,True,True,310,1.1244120291325033,4.074683172577777,2,0.3515217054874541,EXECUTE,
high_margin_always_active,2024-01-12 19:00:00,2024-01-12,DEFENSIVE,proxy_hardened_no_worst_hours_high_margin,True,True,311,1.0922388403323569,4.527215193900096,3,0.8216179094482665,EXECUTE,
high_margin_always_active,2024-01-16 14:45:00,2024-01-16,DEFENSIVE,proxy_hardened_no_worst_hours_high_margin,True,True,312,1.2068904424331734,3.771646331953433,0,0.0,EXECUTE,
high_margin_always_active,2024-01-17 14:00:00,2024-01-17,DEFENSIVE,proxy_hardened_no_worst_hours_high_margin,True,True,313,1.2319949959154446,2.9641518459902305,0,0.0,EXECUTE,
high_margin_always_active,2024-01-19 19:45:00,2024-01-19,DEFENSIVE,,True,False,314,1.3515093431929868,2.236504119768137,0,0.0,SKIP,no_candidate_for_mode
high_margin_always_active,2024-01-22 10:00:00,2024-01-22,DEFENSIVE,proxy_hardened_no_worst_hours_high_margin,True,True,314,1.3515093431929868,2.236504119768137,0,0.0,EXECUTE,
high_margin_always_active,2024-01-22 14:00:00,2024-01-22,DEFENSIVE,proxy_hardened_no_worst_hours_high_margin,True,True,315,1.2821318804164912,2.4978574170520713,1,0.26733219278913545,EXECUTE,
high_margin_always_active,2024-01-23 14:30:00,2024-01-23,DEFENSIVE,proxy_hardened_no_worst_hours_high_margin,True,True,316,1.294240256450796,2.7874887334761613,2,0.5635893118869609,EXECUTE,
high_margin_always_active,2024-01-23 21:00:00,2024-01-23,DEFENSIVE,proxy_hardened_no_worst_hours_high_margin,True,True,317,1.1703949256899873,3.0838174607482167,3,0.8666970563513031,EXECUTE,
high_margin_always_active,2024-01-24 10:30:00,2024-01-24,DEFENSIVE,proxy_hardened_no_worst_hours_high_margin,True,True,318,1.1861053105695765,3.2909142883568214,4,1.078531571621011,EXECUTE,
high_margin_always_active,2024-01-24 13:30:00,2024-01-24,DEFENSIVE,proxy_hardened_no_worst_hours_high_margin,True,True,319,1.1779880238294156,2.830948937778565,0,0.6080437413354157,EXECUTE,
high_margin_always_active,2024-01-26 15:30:00,2024-01-26,DEFENSIVE,,True,False,320,1.0904677550720678,3.1164228324833245,1,0.9000483307114887,SKIP,no_candidate_for_mode
high_margin_always_active,2024-01-29 13:00:00,2024-01-29,DEFENSIVE,,True,False,320,1.0904677550720678,3.1164228324833245,1,0.0,SKIP,no_candidate_for_mode
high_margin_always_active,2024-01-30 10:00:00,2024-01-30,DEFENSIVE,proxy_hardened_no_worst_hours_high_margin,True,True,320,1.0904677550720678,3.1164228324833245,1,0.0,EXECUTE,
high_margin_always_active,2024-01-31 10:00:00,2024-01-31,DEFENSIVE,proxy_hardened_no_worst_hours_high_margin,True,True,321,1.1047571637859037,3.3065870904480423,2,0.19628121042219587,EXECUTE,
high_margin_always_active,2024-01-31 19:30:00,2024-01-31,DEFENSIVE,proxy_hardened_no_worst_hours_high_margin,True,True,322,1.1812246780856153,2.9890152564070895,0,0.0,EXECUTE,
high_margin_always_active,2024-02-01 15:00:00,2024-02-01,DEFENSIVE,,True,False,323,1.1676579052635225,3.415345856068166,1,0.30853838423823393,SKIP,no_candidate_for_mode
high_margin_always_active,2024-02-01 18:15:00,2024-02-01,DEFENSIVE,proxy_hardened_no_worst_hours_high_margin,True,True,323,1.1676579052635225,3.415345856068166,1,0.30853838423823393,EXECUTE,
high_margin_always_active,2024-02-05 15:00:00,2024-02-05,DEFENSIVE,proxy_hardened_no_worst_hours_high_margin,True,True,324,1.1527450483863042,3.9284965181844727,2,0.0,EXECUTE,
high_margin_always_active,2024-02-06 10:15:00,2024-02-06,DEFENSIVE,proxy_hardened_no_worst_hours_high_margin,True,True,325,1.0616626601134573,4.269431004362644,3,0.3548757683829838,EXECUTE,
high_margin_always_active,2024-02-07 15:15:00,2024-02-07,DEFENSIVE,proxy_hardened_no_worst_hours_high_margin,True,True,326,0.9824345665160165,4.466111220172466,4,0.5595985099679058,EXECUTE,
high_margin_always_active,2024-02-14 14:00:00,2024-02-14,DEFENSIVE,proxy_hardened_no_worst_hours_high_margin,True,True,327,0.8770882802515502,4.786427618139262,5,0.0,EXECUTE,
high_margin_always_active,2024-02-14 15:15:00,2024-02-14,DEFENSIVE,proxy_hardened_no_worst_hours_high_margin,True,True,328,0.9522200787682875,4.331847498043353,0,0.0,EXECUTE,
high_margin_always_active,2024-02-15 13:30:00,2024-02-15,DEFENSIVE,,True,False,329,0.9628650448811797,4.633438081953731,1,0.0,SKIP,no_candidate_for_mode
high_margin_always_active,2024-02-15 19:15:00,2024-02-15,DEFENSIVE,,True,False,329,0.9628650448811797,4.633438081953731,1,0.0,SKIP,no_candidate_for_mode
high_margin_always_active,2024-02-20 14:45:00,2024-02-20,DEFENSIVE,proxy_hardened_no_worst_hours_high_margin,True,True,329,0.9628650448811797,4.633438081953731,1,0.0,EXECUTE,
high_margin_always_active,2024-02-21 13:30:00,2024-02-21,DEFENSIVE,proxy_hardened_no_worst_hours_high_margin,True,True,330,0.9734592262510717,4.860980336739167,2,0.2385975232922641,EXECUTE,
high_margin_always_active,2024-02-23 13:45:00,2024-02-23,DEFENSIVE,proxy_hardened_no_worst_hours_high_margin,True,True,331,0.9885999994292403,5.046536143542709,3,0.4331686633979608,EXECUTE,
high_margin_always_active,2024-02-23 21:30:00,2024-02-23,DEFENSIVE,proxy_hardened_no_worst_hours_high_margin,True,True,332,1.0583420967767108,4.595176733563734,0,0.0,EXECUTE,
high_margin_always_active,2024-02-26 10:00:00,2024-02-26,DEFENSIVE,proxy_hardened_no_worst_hours_high_margin,True,True,333,1.0724458925450808,4.778997243351389,1,0.0,EXECUTE,
high_margin_always_active,2024-02-27 10:30:00,2024-02-27,DEFENSIVE,proxy_hardened_no_worst_hours_high_margin,True,True,334,1.0004469433696042,4.959395285354015,2,0.1894519452432843,EXECUTE,
high_margin_always_active,2024-02-27 14:15:00,2024-02-27,DEFENSIVE,proxy_hardened_no_worst_hours_high_margin,True,True,335,1.0047154366948645,5.1142070640154245,3,0.35203349151943436,EXECUTE,
high_margin_always_active,2024-02-28 14:45:00,2024-02-28,DEFENSIVE,proxy_hardened_no_worst_hours_high_margin,True,True,336,0.9462800542705484,5.307895033337547,4,0.555442365312884,EXECUTE,
high_margin_always_active,2024-03-01 13:15:00,2024-03-01,DEFENSIVE,proxy_hardened_no_worst_hours_high_margin,True,True,337,0.9202987950422447,4.898116362932601,0,0.12509752694546003,EXECUTE,
high_margin_always_active,2024-03-01 15:00:00,2024-03-01,DEFENSIVE,proxy_hardened_no_worst_hours_high_margin,True,True,338,0.8575173358641658,5.136782282797568,1,0.37574172618259477,EXECUTE,
high_margin_always_active,2024-03-04 10:00:00,2024-03-04,DEFENSIVE,proxy_hardened_no_worst_hours_high_margin,True,True,339,0.9492511113114626,4.430015919855754,0,0.0,EXECUTE,
high_margin_always_active,2024-03-05 14:00:00,2024-03-05,DEFENSIVE,proxy_hardened_no_worst_hours_high_margin,True,True,340,0.9462792925301701,4.62030603461547,1,0.1991107528072266,EXECUTE,
high_margin_always_active,2024-03-05 18:00:00,2024-03-05,DEFENSIVE,proxy_hardened_no_worst_hours_high_margin,True,True,341,0.8545689183762666,5.132508078964959,2,0.7350552224850335,EXECUTE,
high_margin_always_active,2024-03-06 10:15:00,2024-03-06,DEFENSIVE,proxy_hardened_no_worst_hours_high_margin,True,True,342,0.8349686705948184,5.6242759889704415,3,1.2496183614650465,EXECUTE,
high_margin_always_active,2024-03-06 19:45:00,2024-03-06,DEFENSIVE,proxy_hardened_no_worst_hours_high_margin,True,True,343,0.839290526514176,5.167780332156864,0,0.7719624727387723,EXECUTE,
high_margin_always_active,2024-03-07 13:00:00,2024-03-07,DEFENSIVE,proxy_hardened_no_worst_hours_high_margin,True,True,344,0.9571815231993659,4.245159391936751,0,0.0,EXECUTE,
high_margin_always_active,2024-03-08 13:30:00,2024-03-08,DEFENSIVE,proxy_hardened_no_worst_hours_high_margin,True,True,345,0.9477807127922426,4.564393095045372,1,0.14060604538446336,EXECUTE,
high_margin_always_active,2024-03-08 14:15:00,2024-03-08,DEFENSIVE,proxy_hardened_no_worst_hours_high_margin,True,True,346,0.8559504371126226,5.064776270932278,2,0.6641837991144357,EXECUTE,
high_margin_always_active,2024-03-15 10:30:00,2024-03-15,DEFENSIVE,proxy_hardened_no_worst_hours_high_margin,True,True,347,0.9937039062225259,3.8310513335854184,0,0.0,EXECUTE,
high_margin_always_active,2024-03-18 14:15:00,2024-03-18,DEFENSIVE,proxy_hardened_no_worst_hours_high_margin,True,True,348,0.9968120146255085,4.07946666750986,1,0.0,EXECUTE,
high_margin_always_active,2024-03-19 10:45:00,2024-03-19,DEFENSIVE,proxy_hardened_no_worst_hours_high_margin,True,True,349,0.9897340496240274,4.375121816558334,2,0.3082292589258734,EXECUTE,
high_margin_always_active,2024-03-19 14:00:00,2024-03-19,DEFENSIVE,proxy_hardened_no_worst_hours_high_margin,True,True,350,0.9182176067626922,4.645132901558813,3,0.5897238207466912,EXECUTE,
high_margin_always_active,2024-03-20 13:15:00,2024-03-20,DEFENSIVE,proxy_hardened_no_worst_hours_high_margin,True,True,351,0.8184366331152287,4.986072821630411,4,0.9451637961373622,EXECUTE,
high_margin_always_active,2024-03-20 14:30:00,2024-03-20,DEFENSIVE,proxy_hardened_no_worst_hours_high_margin,True,True,352,0.8245298901934275,5.248555078255703,5,1.2188093311506571,EXECUTE,
high_margin_always_active,2024-03-25 13:15:00,2024-03-25,DEFENSIVE,,True,False,353,0.9294260475737317,4.56197488657135,0,0.0,SKIP,no_candidate_for_mode
high_margin_always_active,2024-03-25 15:15:00,2024-03-25,DEFENSIVE,proxy_hardened_no_worst_hours_high_margin,True,True,353,0.9294260475737317,4.56197488657135,0,0.0,EXECUTE,
high_margin_always_active,2024-03-27 13:30:00,2024-03-27,DEFENSIVE,,True,False,354,0.9309575230474335,4.888291680510949,1,0.3419148641768054,SKIP,no_candidate_for_mode
high_margin_always_active,2024-03-28 13:30:00,2024-03-28,DEFENSIVE,proxy_hardened_no_worst_hours_high_margin,True,True,354,0.9309575230474335,4.888291680510949,1,0.3419148641768054,EXECUTE,
high_margin_always_active,2024-04-02 10:15:00,2024-04-02,DEFENSIVE,proxy_hardened_no_worst_hours_high_margin,True,True,355,1.0595478298495093,3.8647169467357094,0,0.0,EXECUTE,
high_margin_always_active,2024-04-02 13:00:00,2024-04-02,DEFENSIVE,,True,False,356,1.0503151327717313,4.2283299845209745,1,0.37823057907241897,SKIP,no_candidate_for_mode
high_margin_always_active,2024-04-03 14:00:00,2024-04-03,DEFENSIVE,proxy_hardened_no_worst_hours_high_margin,True,True,356,1.0503151327717313,4.2283299845209745,1,0.37823057907241897,EXECUTE,
high_margin_always_active,2024-04-04 19:00:00,2024-04-04,DEFENSIVE,proxy_hardened_no_worst_hours_high_margin,True,True,357,1.0801702665498785,3.2745003231837844,0,0.0,EXECUTE,
high_margin_always_active,2024-04-05 13:30:00,2024-04-05,DEFENSIVE,,True,False,358,0.9663202539039707,3.8361971939219774,1,0.0,SKIP,no_candidate_for_mode
high_margin_always_active,2024-04-08 10:15:00,2024-04-08,DEFENSIVE,proxy_hardened_no_worst_hours_high_margin,True,True,358,0.9663202539039707,3.8361971939219774,1,0.0,EXECUTE,
high_margin_always_active,2024-04-08 19:00:00,2024-04-08,DEFENSIVE,proxy_hardened_no_worst_hours_high_margin,True,True,359,0.9461285676812434,4.326611798437839,2,0.50997838085171,EXECUTE,
high_margin_always_active,2024-04-09 13:30:00,2024-04-09,DEFENSIVE,proxy_hardened_no_worst_hours_high_margin,True,True,360,1.0648983725742411,3.385495711763354,0,0.0,EXECUTE,
high_margin_always_active,2024-04-09 22:00:00,2024-04-09,DEFENSIVE,proxy_hardened_no_worst_hours_high_margin,True,True,361,1.057584166996699,3.9114716419803477,1,0.07827732042812909,EXECUTE,
high_margin_always_active,2024-04-11 14:00:00,2024-04-11,DEFENSIVE,proxy_hardened_no_worst_hours_high_margin,True,True,362,0.9513576092608493,4.311220839732834,2,0.49397344109696173,EXECUTE,
high_margin_always_active,2024-04-12 13:00:00,2024-04-12,DEFENSIVE,proxy_hardened_no_worst_hours_high_margin,True,True,363,0.83984597081329,4.822586644776069,3,1.0257388144718593,EXECUTE,
high_margin_always_active,2024-04-16 15:15:00,2024-04-16,DEFENSIVE,,True,False,364,0.8554091067624178,3.9143435656117194,0,0.0,SKIP,no_candidate_for_mode
high_margin_always_active,2024-04-18 15:15:00,2024-04-18,DEFENSIVE,,True,False,364,0.8554091067624178,3.9143435656117194,0,0.0,SKIP,no_candidate_for_mode
high_margin_always_active,2024-04-19 14:15:00,2024-04-19,DEFENSIVE,proxy_hardened_no_worst_hours_high_margin,True,True,364,0.8554091067624178,3.9143435656117194,0,0.0,EXECUTE,
high_margin_always_active,2024-04-23 10:30:00,2024-04-23,DEFENSIVE,proxy_hardened_no_worst_hours_high_margin,True,True,365,0.8275752873685853,4.565975474300322,1,0.6781781307114986,EXECUTE,
high_margin_always_active,2024-04-24 10:00:00,2024-04-24,DEFENSIVE,proxy_hardened_no_worst_hours_high_margin,True,True,366,0.8091583088396619,5.128605566465452,2,1.2637286832534655,EXECUTE,
high_margin_always_active,2024-04-26 13:00:00,2024-04-26,DEFENSIVE,proxy_hardened_no_worst_hours_high_margin,True,True,367,0.8047322721884029,5.492404714558565,3,1.6423483041138776,EXECUTE,
high_margin_always_active,2024-04-30 13:45:00,2024-04-30,DEFENSIVE,proxy_hardened_no_worst_hours_high_margin,True,True,368,0.7896485721698534,5.93511817392089,4,0.0,EXECUTE,
high_margin_always_active,2024-05-02 14:15:00,2024-05-02,DEFENSIVE,proxy_hardened_no_worst_hours_high_margin,True,True,369,0.8259296210430478,5.019085130375435,0,0.0,EXECUTE,
high_margin_always_active,2024-05-06 14:15:00,2024-05-06,DEFENSIVE,proxy_hardened_no_worst_hours_high_margin,True,True,370,0.8033978013924962,5.657104465590295,1,0.0,EXECUTE,
high_margin_always_active,2024-05-10 14:30:00,2024-05-10,DEFENSIVE,,True,False,371,0.7829279942641271,6.185141971387112,2,0.5597003386484269,SKIP,no_candidate_for_mode
high_margin_always_active,2024-05-10 18:00:00,2024-05-10,DEFENSIVE,proxy_hardened_no_worst_hours_high_margin,True,True,371,0.7829279942641271,6.185141971387112,2,0.5597003386484269,EXECUTE,
high_margin_always_active,2024-05-14 10:15:00,2024-05-14,DEFENSIVE,proxy_hardened_no_worst_hours_high_margin,True,True,372,0.7343731392308359,6.629474433744342,3,0.0,EXECUTE,
high_margin_always_active,2024-05-14 15:00:00,2024-05-14,DEFENSIVE,,True,False,373,0.7413811487837983,6.926255061871513,4,0.31785258391480453,SKIP,no_candidate_for_mode
high_margin_always_active,2024-05-15 14:15:00,2024-05-15,DEFENSIVE,proxy_hardened_no_worst_hours_high_margin,True,True,373,0.7413811487837983,6.926255061871513,4,0.31785258391480453,EXECUTE,
high_margin_always_active,2024-05-17 10:00:00,2024-05-17,DEFENSIVE,proxy_hardened_no_worst_hours_high_margin,True,True,374,0.8718977835187308,5.601826781050882,0,0.0,EXECUTE,
high_margin_always_active,2024-05-20 10:00:00,2024-05-20,DEFENSIVE,proxy_hardened_no_worst_hours_high_margin,True,True,375,0.9396379928172687,5.037327905583645,0,0.0,EXECUTE,
high_margin_always_active,2024-05-20 19:00:00,2024-05-20,DEFENSIVE,proxy_hardened_no_worst_hours_high_margin,True,True,376,0.914571189021787,5.582683023795617,1,0.5742836697663268,EXECUTE,
high_margin_always_active,2024-05-21 13:00:00,2024-05-21,DEFENSIVE,proxy_hardened_no_worst_hours_high_margin,True,True,377,0.9025912196813116,6.076478416537885,2,1.0942726105275122,EXECUTE,
high_margin_always_active,2024-05-22 14:00:00,2024-05-22,DEFENSIVE,,True,False,378,0.838273343852654,6.55033972103505,3,1.5932700524129244,SKIP,no_candidate_for_mode
high_margin_always_active,2024-05-23 14:00:00,2024-05-23,DEFENSIVE,proxy_hardened_no_worst_hours_high_margin,True,True,378,0.838273343852654,6.55033972103505,3,1.5932700524129244,EXECUTE,
high_margin_always_active,2024-05-28 10:00:00,2024-05-28,DEFENSIVE,proxy_hardened_no_worst_hours_high_margin,True,True,379,0.9499933500500845,5.3043248758222825,0,0.0,EXECUTE,
high_margin_always_active,2024-05-28 14:15:00,2024-05-28,DEFENSIVE,,True,False,380,0.9466357641966339,5.579451651395124,1,0.2905378468573816,SKIP,no_candidate_for_mode
high_margin_always_active,2024-05-29 13:15:00,2024-05-29,DEFENSIVE,proxy_hardened_no_worst_hours_high_margin,True,True,380,0.9466357641966339,5.579451651395124,1,0.2905378468573816,EXECUTE,
high_margin_always_active,2024-05-30 14:45:00,2024-05-30,DEFENSIVE,,True,False,381,1.0268188150321509,4.690436446325648,0,0.0,SKIP,no_candidate_for_mode
high_margin_always_active,2024-06-04 14:00:00,2024-06-04,DEFENSIVE,proxy_hardened_no_worst_hours_high_margin,True,True,381,1.0268188150321509,4.690436446325648,0,0.0,EXECUTE,
high_margin_always_active,2024-06-06 14:45:00,2024-06-06,DEFENSIVE,proxy_hardened_no_worst_hours_high_margin,True,True,382,0.9537845790913627,5.233942544252077,1,0.5702534747421809,EXECUTE,
high_margin_always_active,2024-06-06 18:00:00,2024-06-06,DEFENSIVE,proxy_hardened_no_worst_hours_high_margin,True,True,383,1.035917777468628,4.289162595391397,0,0.0,EXECUTE,
high_margin_always_active,2024-06-11 18:45:00,2024-06-11,DEFENSIVE,,True,False,384,1.1159725814614583,3.39872119576267,0,0.0,SKIP,no_candidate_for_mode
high_margin_always_active,2024-06-13 14:00:00,2024-06-13,DEFENSIVE,proxy_hardened_no_worst_hours_high_margin,True,True,384,1.1159725814614583,3.39872119576267,0,0.0,EXECUTE,
high_margin_always_active,2024-06-14 13:30:00,2024-06-14,DEFENSIVE,proxy_hardened_no_worst_hours_high_margin,True,True,385,1.0751744202974185,4.0641773604565214,1,0.6888688979391309,EXECUTE,
high_margin_always_active,2024-06-17 13:30:00,2024-06-17,DEFENSIVE,,True,False,386,1.0520231705400074,4.56524888685614,2,0.0,SKIP,no_candidate_for_mode
high_margin_always_active,2024-06-17 15:15:00,2024-06-17,DEFENSIVE,,True,False,386,1.0520231705400074,4.56524888685614,2,0.0,SKIP,no_candidate_for_mode
high_margin_always_active,2024-06-18 18:00:00,2024-06-18,DEFENSIVE,proxy_hardened_no_worst_hours_high_margin,True,True,386,1.0520231705400074,4.56524888685614,2,0.0,EXECUTE,
high_margin_always_active,2024-06-20 10:30:00,2024-06-20,DEFENSIVE,proxy_hardened_no_worst_hours_high_margin,True,True,387,1.0824150040367417,3.7216178042171437,0,0.0,EXECUTE,
high_margin_always_active,2024-06-20 13:00:00,2024-06-20,DEFENSIVE,proxy_hardened_no_worst_hours_high_margin,True,True,388,1.0789491158033002,4.006139991928367,1,0.0,EXECUTE,
high_margin_always_active,2024-06-21 10:45:00,2024-06-21,DEFENSIVE,proxy_hardened_no_worst_hours_high_margin,True,True,389,1.0825185410318912,3.248255347591304,0,0.0,EXECUTE,
high_margin_always_active,2024-06-24 10:15:00,2024-06-24,DEFENSIVE,proxy_hardened_no_worst_hours_high_margin,True,True,390,1.076384811207254,3.5201538950215174,1,0.0,EXECUTE,
high_margin_always_active,2024-06-25 13:45:00,2024-06-25,DEFENSIVE,proxy_hardened_no_worst_hours_high_margin,True,True,391,1.0894932296210553,3.859066738978676,2,0.3512783836620107,EXECUTE,
high_margin_always_active,2024-06-26 10:00:00,2024-06-26,DEFENSIVE,proxy_hardened_no_worst_hours_high_margin,True,True,392,1.1832485449524468,3.1068618367843395,0,0.0,EXECUTE,
high_margin_always_active,2024-06-27 18:45:00,2024-06-27,DEFENSIVE,proxy_hardened_no_worst_hours_high_margin,True,True,393,1.19355725915227,2.5087481222437074,0,0.0,EXECUTE,
high_margin_always_active,2024-06-28 14:00:00,2024-06-28,DEFENSIVE,proxy_hardened_no_worst_hours_high_margin,True,True,394,1.0994626213932568,2.8452973364917935,1,0.0,EXECUTE,
high_margin_always_active,2024-07-03 18:00:00,2024-07-03,DEFENSIVE,proxy_hardened_no_worst_hours_high_margin,True,True,395,1.0923051152930185,3.256754858078187,2,0.0,EXECUTE,
high_margin_always_active,2024-07-04 10:15:00,2024-07-04,DEFENSIVE,,True,False,396,1.0989150466673574,3.6719272280221684,3,0.4291486907793216,SKIP,no_candidate_for_mode
high_margin_always_active,2024-07-05 10:45:00,2024-07-05,DEFENSIVE,proxy_hardened_no_worst_hours_high_margin,True,True,396,1.0989150466673574,3.6719272280221684,3,0.4291486907793216,EXECUTE,
high_margin_always_active,2024-07-10 15:15:00,2024-07-10,DEFENSIVE,proxy_hardened_no_worst_hours_high_margin,True,True,397,0.9942853791652999,3.9128974809289994,4,0.0,EXECUTE,
high_margin_always_active,2024-07-11 10:15:00,2024-07-11,DEFENSIVE,proxy_hardened_no_worst_hours_high_margin,True,True,398,0.9846990435992962,4.300744004242878,5,0.4036405648061932,EXECUTE,
high_margin_always_active,2024-07-12 19:15:00,2024-07-12,DEFENSIVE,proxy_hardened_no_worst_hours_high_margin,True,True,399,0.9878542380131224,4.550208764793589,6,0.6632641292707414,EXECUTE,
high_margin_always_active,2024-07-15 10:00:00,2024-07-15,DEFENSIVE,,True,False,400,0.9864178133762244,4.841211710973084,7,0.0,SKIP,no_candidate_for_mode
high_margin_always_active,2024-07-15 13:30:00,2024-07-15,DEFENSIVE,,True,False,400,0.9864178133762244,4.841211710973084,7,0.0,SKIP,no_candidate_for_mode
high_margin_always_active,2024-07-16 13:15:00,2024-07-16,DEFENSIVE,,True,False,400,0.9864178133762244,4.841211710973084,7,0.0,SKIP,no_candidate_for_mode
high_margin_always_active,2024-07-17 10:00:00,2024-07-17,DEFENSIVE,proxy_hardened_no_worst_hours_high_margin,True,True,400,0.9864178133762244,4.841211710973084,7,0.0,EXECUTE,
high_margin_always_active,2024-07-17 13:30:00,2024-07-17,DEFENSIVE,proxy_hardened_no_worst_hours_high_margin,True,True,401,0.9803279761924382,5.271831559431413,8,0.45252767106534286,EXECUTE,
high_margin_always_active,2024-07-19 15:15:00,2024-07-19,DEFENSIVE,proxy_hardened_no_worst_hours_high_margin,True,True,402,0.9651230058252961,5.763165118051983,9,0.9688578676292615,EXECUTE,
high_margin_always_active,2024-07-22 13:00:00,2024-07-22,DEFENSIVE,proxy_hardened_no_worst_hours_high_margin,True,True,403,0.8837010511794693,6.345715887715986,10,0.0,EXECUTE,
high_margin_always_active,2024-07-23 19:00:00,2024-07-23,DEFENSIVE,,True,False,404,0.9626813617386087,5.448490481208986,0,0.0,SKIP,no_candidate_for_mode
high_margin_always_active,2024-07-24 10:15:00,2024-07-24,DEFENSIVE,,True,False,404,0.9626813617386087,5.448490481208986,0,0.0,SKIP,no_candidate_for_mode
high_margin_always_active,2024-07-24 13:00:00,2024-07-24,DEFENSIVE,proxy_hardened_no_worst_hours_high_margin,True,True,404,0.9626813617386087,5.448490481208986,0,0.0,EXECUTE,
high_margin_always_active,2024-07-24 15:30:00,2024-07-24,DEFENSIVE,proxy_hardened_no_worst_hours_high_margin,False,True,405,0.942825570757186,4.722975666362175,0,0.0,EXECUTE,
high_margin_always_active,2024-07-25 13:30:00,2024-07-25,DEFENSIVE,proxy_hardened_no_worst_hours_high_margin,True,True,406,0.9306093609152811,5.2836427943971325,1,0.0,EXECUTE,
high_margin_always_active,2024-07-26 14:45:00,2024-07-26,DEFENSIVE,,True,False,407,0.9554120700158394,3.9526063948210637,0,0.0,SKIP,no_candidate_for_mode
high_margin_always_active,2024-07-31 10:15:00,2024-07-31,DEFENSIVE,proxy_hardened_no_worst_hours_high_margin,True,True,407,0.9554120700158394,3.9526063948210637,0,0.0,EXECUTE,
high_margin_always_active,2024-07-31 14:15:00,2024-07-31,DEFENSIVE,proxy_hardened_no_worst_hours_high_margin,True,True,408,1.0385633817126338,3.2713751170999195,0,0.0,EXECUTE,
high_margin_always_active,2024-08-01 14:45:00,2024-08-01,DEFENSIVE,proxy_hardened_no_worst_hours_high_margin,True,True,409,1.1327573070011323,2.447275952035221,0,0.0,EXECUTE,
high_margin_always_active,2024-08-01 22:00:00,2024-08-01,DEFENSIVE,proxy_hardened_no_worst_hours_high_margin,True,True,410,1.0191167627272781,3.10235250479625,1,0.0,EXECUTE,
high_margin_always_active,2024-08-02 13:15:00,2024-08-02,DEFENSIVE,proxy_hardened_no_worst_hours_high_margin,True,True,411,1.0261042417119115,3.5274680019152833,2,0.0,EXECUTE,
high_margin_always_active,2024-08-05 14:45:00,2024-08-05,DEFENSIVE,proxy_hardened_no_worst_hours_high_margin,True,True,412,1.0074256591757214,4.199961175288709,3,0.0,EXECUTE,
high_margin_always_active,2024-08-08 13:00:00,2024-08-08,DEFENSIVE,proxy_hardened_no_worst_hours_high_margin,True,True,413,0.9732937179685478,5.2367629530202,4,1.0822561143514462,EXECUTE,
high_margin_always_active,2024-08-08 15:00:00,2024-08-08,DEFENSIVE,proxy_hardened_no_worst_hours_high_margin,True,True,414,0.9712929184728443,4.359549417679727,0,0.16658473665447426,EXECUTE,
high_margin_always_active,2024-08-09 13:00:00,2024-08-09,DEFENSIVE,proxy_hardened_no_worst_hours_high_margin,True,True,415,1.09879103153992,3.0982429982842103,0,0.0,EXECUTE,
high_margin_always_active,2024-08-09 14:00:00,2024-08-09,DEFENSIVE,proxy_hardened_no_worst_hours_high_margin,True,True,416,1.1157162805054535,3.4354955272066343,1,0.0,EXECUTE,
high_margin_always_active,2024-08-13 14:30:00,2024-08-13,DEFENSIVE,proxy_hardened_no_worst_hours_high_margin,True,True,417,1.1098710311737214,3.876353298317144,2,0.4565422600337839,EXECUTE,
high_margin_always_active,2024-08-19 14:45:00,2024-08-19,DEFENSIVE,proxy_hardened_no_worst_hours_high_margin,True,True,418,1.1056007233029097,4.375877811640017,3,0.0,EXECUTE,
high_margin_always_active,2024-08-20 14:30:00,2024-08-20,DEFENSIVE,proxy_hardened_no_worst_hours_high_margin,True,True,419,1.112278682290904,3.3612418147618706,0,0.0,EXECUTE,
high_margin_always_active,2024-08-20 22:15:00,2024-08-20,DEFENSIVE,proxy_hardened_no_worst_hours_high_margin,True,True,420,1.1188152289385198,3.912995843198768,1,0.0,EXECUTE,
high_margin_always_active,2024-08-21 19:00:00,2024-08-21,DEFENSIVE,proxy_hardened_no_worst_hours_high_margin,True,True,421,1.1319834592488933,4.270272324103943,2,0.0,EXECUTE,
high_margin_always_active,2024-08-23 10:15:00,2024-08-23,DEFENSIVE,proxy_hardened_no_worst_hours_high_margin,True,True,422,1.1297056362325038,4.743858054450435,3,0.3848194727326166,EXECUTE,
high_margin_always_active,2024-08-23 14:00:00,2024-08-23,DEFENSIVE,proxy_hardened_no_worst_hours_high_margin,True,True,423,1.1910516017950572,4.205512335780657,0,0.0,EXECUTE,
high_margin_always_active,2024-08-26 13:00:00,2024-08-26,DEFENSIVE,,True,False,424,1.0613808407834204,4.6975104051047945,1,0.0,SKIP,no_candidate_for_mode
high_margin_always_active,2024-08-26 19:00:00,2024-08-26,DEFENSIVE,proxy_hardened_no_worst_hours_high_margin,True,True,424,1.0613808407834204,4.6975104051047945,1,0.0,EXECUTE,
high_margin_always_active,2024-08-28 13:30:00,2024-08-28,DEFENSIVE,proxy_hardened_no_worst_hours_high_margin,True,True,425,0.9999415841378984,5.03820844146266,2,0.3574912237928786,EXECUTE,
high_margin_always_active,2024-08-29 13:45:00,2024-08-29,DEFENSIVE,,True,False,426,1.004194508024513,5.51972456562072,3,0.8627415338370948,SKIP,no_candidate_for_mode
high_margin_always_active,2024-09-03 13:00:00,2024-09-03,DEFENSIVE,proxy_hardened_no_worst_hours_high_margin,True,True,426,1.004194508024513,5.51972456562072,3,0.0,EXECUTE,
high_margin_always_active,2024-09-03 15:30:00,2024-09-03,DEFENSIVE,proxy_hardened_no_worst_hours_high_margin,True,True,427,1.1068724619193284,4.525124104808635,0,0.0,EXECUTE,
high_margin_always_active,2024-09-04 10:00:00,2024-09-04,DEFENSIVE,proxy_hardened_no_worst_hours_high_margin,True,True,428,1.0953788097360695,5.151299084885562,1,0.0,EXECUTE,
high_margin_always_active,2024-09-05 13:15:00,2024-09-05,DEFENSIVE,proxy_hardened_no_worst_hours_high_margin,True,True,429,0.9842509283725764,5.541481270651366,2,0.02302777477164984,EXECUTE,
high_margin_always_active,2024-09-05 14:15:00,2024-09-05,DEFENSIVE,proxy_hardened_no_worst_hours_high_margin,True,True,430,0.9742983293141957,5.970432163838992,3,0.4770388275712972,EXECUTE,
high_margin_always_active,2024-09-10 10:45:00,2024-09-10,DEFENSIVE,,True,False,431,0.8874684807320488,6.457055733227526,4,0.0,SKIP,no_candidate_for_mode
high_margin_always_active,2024-09-10 15:00:00,2024-09-10,DEFENSIVE,,True,False,431,0.8874684807320488,6.457055733227526,4,0.0,SKIP,no_candidate_for_mode
high_margin_always_active,2024-09-11 14:45:00,2024-09-11,DEFENSIVE,proxy_hardened_no_worst_hours_high_margin,True,True,431,0.8874684807320488,6.457055733227526,4,0.0,EXECUTE,
high_margin_always_active,2024-09-12 10:15:00,2024-09-12,DEFENSIVE,proxy_hardened_no_worst_hours_high_margin,True,True,432,0.8860441213050961,7.025798558228918,5,0.6080018428534992,EXECUTE,
high_margin_always_active,2024-09-13 15:15:00,2024-09-13,DEFENSIVE,proxy_hardened_no_worst_hours_high_margin,True,True,433,0.8137084994297447,7.262534582358667,6,0.8610792138785253,EXECUTE,
high_margin_always_active,2024-09-16 13:45:00,2024-09-16,DEFENSIVE,proxy_hardened_no_worst_hours_high_margin,True,True,434,0.8155484361841542,6.342726215441539,0,0.0,EXECUTE,
high_margin_always_active,2024-09-18 18:30:00,2024-09-18,DEFENSIVE,proxy_hardened_no_worst_hours_high_margin,True,True,435,0.8296988638915044,6.735971627661963,1,0.0,EXECUTE,
high_margin_always_active,2024-09-19 14:30:00,2024-09-19,DEFENSIVE,proxy_hardened_no_worst_hours_high_margin,True,True,436,0.8174219316016151,7.47267231855465,2,0.22659421976829972,EXECUTE,
high_margin_always_active,2024-09-20 14:15:00,2024-09-20,DEFENSIVE,proxy_hardened_no_worst_hours_high_margin,True,True,437,0.8374913066535726,6.309450981743983,0,0.0,EXECUTE,
high_margin_always_active,2024-09-23 10:00:00,2024-09-23,DEFENSIVE,,True,False,438,0.9160933494107354,5.318419294739432,0,0.0,SKIP,no_candidate_for_mode
high_margin_always_active,2024-09-23 15:30:00,2024-09-23,DEFENSIVE,proxy_hardened_no_worst_hours_high_margin,True,True,438,0.9160933494107354,5.318419294739432,0,0.0,EXECUTE,
high_margin_always_active,2024-09-24 13:00:00,2024-09-24,DEFENSIVE,proxy_hardened_no_worst_hours_high_margin,True,True,439,0.843291702379761,5.769882463444567,1,0.0,EXECUTE,
high_margin_always_active,2024-09-25 14:00:00,2024-09-25,DEFENSIVE,proxy_hardened_no_worst_hours_high_margin,True,True,440,0.9135325988886986,4.888009190007684,0,0.0,EXECUTE,
high_margin_always_active,2024-09-25 19:15:00,2024-09-25,DEFENSIVE,proxy_hardened_no_worst_hours_high_margin,True,True,441,0.9085606416931115,5.313490796918025,1,0.0,EXECUTE,
high_margin_always_active,2024-09-26 15:15:00,2024-09-26,DEFENSIVE,,True,False,442,0.8423378513445283,5.670980712100659,2,0.0,SKIP,no_candidate_for_mode
high_margin_always_active,2024-10-01 13:00:00,2024-10-01,DEFENSIVE,proxy_hardened_no_worst_hours_high_margin,True,True,442,0.8423378513445283,5.670980712100659,2,0.0,EXECUTE,
high_margin_always_active,2024-10-01 15:30:00,2024-10-01,DEFENSIVE,proxy_hardened_no_worst_hours_high_margin,True,True,443,0.8455474553250786,5.020667999772646,0,0.0,EXECUTE,
high_margin_always_active,2024-10-11 10:45:00,2024-10-11,DEFENSIVE,proxy_hardened_no_worst_hours_high_margin,True,True,444,0.8309691623116684,5.642537389560089,1,0.0,EXECUTE,
high_margin_always_active,2024-10-11 19:45:00,2024-10-11,DEFENSIVE,proxy_hardened_no_worst_hours_high_margin,True,True,445,0.8877014715970708,5.068943061807543,0,0.0,EXECUTE,
high_margin_always_active,2024-10-14 10:30:00,2024-10-14,DEFENSIVE,,True,False,446,0.8944286779839391,5.3627434983253615,1,0.0,SKIP,no_candidate_for_mode
high_margin_always_active,2024-10-15 10:45:00,2024-10-15,DEFENSIVE,,True,False,446,0.8944286779839391,5.3627434983253615,1,0.0,SKIP,no_candidate_for_mode
high_margin_always_active,2024-10-15 14:15:00,2024-10-15,DEFENSIVE,proxy_hardened_no_worst_hours_high_margin,True,True,446,0.8944286779839391,5.3627434983253615,1,0.0,EXECUTE,
high_margin_always_active,2024-10-16 14:15:00,2024-10-16,DEFENSIVE,proxy_hardened_no_worst_hours_high_margin,True,True,447,0.9726876346582491,4.343747228739474,0,0.0,EXECUTE,
high_margin_always_active,2024-10-16 19:45:00,2024-10-16,DEFENSIVE,proxy_hardened_no_worst_hours_high_margin,True,True,448,0.9676307105197549,4.814034766101208,1,0.0,EXECUTE,
high_margin_always_active,2024-10-17 13:00:00,2024-10-17,DEFENSIVE,,True,False,449,1.0233566002226824,4.1856619108363295,0,0.0,SKIP,no_candidate_for_mode
high_margin_always_active,2024-10-18 13:30:00,2024-10-18,DEFENSIVE,proxy_hardened_no_worst_hours_high_margin,True,True,449,1.0233566002226824,4.1856619108363295,0,0.0,EXECUTE,
high_margin_always_active,2024-10-21 10:45:00,2024-10-21,DEFENSIVE,proxy_hardened_no_worst_hours_high_margin,True,True,450,1.100013216835915,3.3093222480347415,0,0.0,EXECUTE,
high_margin_always_active,2024-10-22 10:00:00,2024-10-22,DEFENSIVE,proxy_hardened_no_worst_hours_high_margin,True,True,451,1.105852032913042,3.6590701665674485,1,0.36171834417160675,EXECUTE,
high_margin_always_active,2024-10-22 13:00:00,2024-10-22,DEFENSIVE,proxy_hardened_no_worst_hours_high_margin,True,True,452,1.1186886541349255,3.9755751539742916,2,0.6890559890878617,EXECUTE,
high_margin_always_active,2024-10-24 13:30:00,2024-10-24,DEFENSIVE,proxy_hardened_no_worst_hours_high_margin,True,True,453,1.212804000033113,3.2646078595679326,0,0.0,EXECUTE,
high_margin_always_active,2024-10-28 15:45:00,2024-10-28,DEFENSIVE,,True,False,454,1.122974393810368,3.6238175039828504,1,0.0,SKIP,no_candidate_for_mode
high_margin_always_active,2024-10-29 13:00:00,2024-10-29,DEFENSIVE,proxy_hardened_no_worst_hours_high_margin,True,True,454,1.122974393810368,3.6238175039828504,1,0.0,EXECUTE,
high_margin_always_active,2024-10-30 13:00:00,2024-10-30,DEFENSIVE,proxy_hardened_no_worst_hours_high_margin,True,True,455,1.1287658004164618,2.812370790577041,0,0.0,EXECUTE,
high_margin_always_active,2024-11-06 10:00:00,2024-11-06,DEFENSIVE,proxy_hardened_no_worst_hours_high_margin,True,True,456,1.1424635401278702,3.195137524533117,1,0.0,EXECUTE,
high_margin_always_active,2024-11-08 10:00:00,2024-11-08,DEFENSIVE,proxy_hardened_no_worst_hours_high_margin,True,True,457,1.17136614725773,1.4403909795448753,0,0.0,EXECUTE,
high_margin_always_active,2024-11-08 15:45:00,2024-11-08,DEFENSIVE,proxy_hardened_no_worst_hours_high_margin,True,True,458,1.0922930176673704,1.8779797191535632,1,0.0,EXECUTE,
high_margin_always_active,2024-11-12 15:15:00,2024-11-12,DEFENSIVE,proxy_hardened_no_worst_hours_high_margin,True,True,459,1.1164952573013298,0.688486831158622,0,0.0,EXECUTE,
high_margin_always_active,2024-11-13 15:45:00,2024-11-13,DEFENSIVE,proxy_hardened_no_worst_hours_high_margin,True,True,460,1.1144522590067263,1.3712399408271827,1,0.0,EXECUTE,
high_margin_always_active,2024-11-18 18:45:00,2024-11-18,DEFENSIVE,,True,False,461,1.2257495554553366,0.20893192764543256,0,0.0,SKIP,no_candidate_for_mode
high_margin_always_active,2024-11-19 13:30:00,2024-11-19,DEFENSIVE,proxy_hardened_no_worst_hours_high_margin,True,True,461,1.2257495554553366,0.20893192764543256,0,0.0,EXECUTE,
high_margin_always_active,2024-11-19 18:45:00,2024-11-19,DEFENSIVE,proxy_hardened_no_worst_hours_high_margin,True,True,462,1.2415719618510928,0.6940895172953415,1,0.4861733610248024,EXECUTE,
high_margin_always_active,2024-11-21 18:00:00,2024-11-21,DEFENSIVE,proxy_hardened_no_worst_hours_high_margin,True,True,463,1.2927224856585473,1.1566501993167733,2,0.9497025034186417,EXECUTE,
high_margin_always_active,2024-11-22 21:00:00,2024-11-22,DEFENSIVE,proxy_hardened_no_worst_hours_high_margin,True,True,464,1.2993876431564888,0.18653435737142796,0,0.0,EXECUTE,
high_margin_always_active,2024-11-26 14:30:00,2024-11-26,DEFENSIVE,proxy_hardened_no_worst_hours_high_margin,True,True,465,1.1759586827010542,0.5769462961549634,1,0.0,EXECUTE,
high_margin_always_active,2024-11-27 13:30:00,2024-11-27,DEFENSIVE,proxy_hardened_no_worst_hours_high_margin,True,True,466,1.1508128683693994,1.2272924672892311,2,0.6541200927819846,EXECUTE,
high_margin_always_active,2024-11-28 13:00:00,2024-11-28,DEFENSIVE,proxy_hardened_no_worst_hours_high_margin,True,True,467,1.1518569506782148,1.6548782254424914,3,1.084187106642704,EXECUTE,
high_margin_always_active,2024-11-29 10:30:00,2024-11-29,DEFENSIVE,proxy_hardened_no_worst_hours_high_margin,True,True,468,1.166800696944434,1.9670458894045384,4,1.39816626171062,EXECUTE,
high_margin_always_active,2024-12-04 10:00:00,2024-12-04,DEFENSIVE,,True,False,469,1.0648833602954746,2.3963800378611673,5,0.0,SKIP,no_candidate_for_mode
high_margin_always_active,2024-12-10 13:15:00,2024-12-10,DEFENSIVE,proxy_hardened_no_worst_hours_high_margin,True,True,469,1.0648833602954746,2.3963800378611673,5,0.0,EXECUTE,
high_margin_always_active,2024-12-11 10:45:00,2024-12-11,DEFENSIVE,,True,False,470,1.164254112009553,1.5610480854023143,0,0.0,SKIP,no_candidate_for_mode
high_margin_always_active,2024-12-17 13:45:00,2024-12-17,DEFENSIVE,proxy_hardened_no_worst_hours_high_margin,True,True,470,1.164254112009553,1.5610480854023143,0,0.0,EXECUTE,
high_margin_always_active,2024-12-17 15:30:00,2024-12-17,DEFENSIVE,proxy_hardened_no_worst_hours_high_margin,True,True,471,1.157518247099827,2.0016498772204674,1,0.44758886929272695,EXECUTE,
high_margin_always_active,2024-12-23 13:30:00,2024-12-23,DEFENSIVE,proxy_hardened_no_worst_hours_high_margin,True,True,472,1.15562461354393,2.49883552655982,2,0.0,EXECUTE,
high_margin_always_active,2024-12-24 10:45:00,2024-12-24,DEFENSIVE,,True,False,473,1.1664605107682815,1.8041724180852061,0,0.0,SKIP,no_candidate_for_mode
high_margin_always_active,2024-12-26 13:15:00,2024-12-26,DEFENSIVE,,True,False,473,1.1664605107682815,1.8041724180852061,0,0.0,SKIP,no_candidate_for_mode
high_margin_always_active,2024-12-26 14:45:00,2024-12-26,DEFENSIVE,,True,False,473,1.1664605107682815,1.8041724180852061,0,0.0,SKIP,no_candidate_for_mode
high_margin_always_active,2024-12-26 18:00:00,2024-12-26,DEFENSIVE,proxy_hardened_no_worst_hours_high_margin,False,True,473,1.1664605107682815,1.8041724180852061,0,0.0,EXECUTE,
high_margin_always_active,2024-12-30 13:30:00,2024-12-30,DEFENSIVE,proxy_hardened_no_worst_hours_high_margin,True,True,474,1.1799119089254537,2.1317104969599177,1,0.0,EXECUTE,
high_margin_always_active,2024-12-31 19:30:00,2024-12-31,DEFENSIVE,proxy_hardened_no_worst_hours_high_margin,True,True,475,1.2689833110915645,1.2937656399701578,0,0.0,EXECUTE,
high_margin_always_active,2025-01-02 10:00:00,2025-01-02,DEFENSIVE,proxy_hardened_no_worst_hours_high_margin,True,True,476,1.3656908178509073,0.6051291470427513,0,0.0,EXECUTE,
high_margin_always_active,2025-01-02 14:00:00,2025-01-02,DEFENSIVE,proxy_hardened_no_worst_hours_high_margin,True,True,477,1.3396698200888233,0.0,0,0.0,EXECUTE,
high_margin_always_active,2025-01-06 10:00:00,2025-01-06,DEFENSIVE,proxy_hardened_no_worst_hours_high_margin,True,True,478,1.4774049567905045,0.0,0,0.0,EXECUTE,
high_margin_always_active,2025-01-06 13:15:00,2025-01-06,DEFENSIVE,proxy_hardened_no_worst_hours_high_margin,True,True,479,1.4836853244715535,0.33273201974826794,1,0.3327320197482736,EXECUTE,
high_margin_always_active,2025-01-07 10:00:00,2025-01-07,DEFENSIVE,proxy_hardened_no_worst_hours_high_margin,True,True,480,1.479035650609875,0.7973065695418025,2,0.7973065695418138,EXECUTE,
high_margin_always_active,2025-01-08 10:45:00,2025-01-08,DEFENSIVE,proxy_hardened_no_worst_hours_high_margin,True,True,481,1.5860527290102848,0.2051341835472657,0,0.20513418354728272,EXECUTE,
high_margin_always_active,2025-01-08 13:00:00,2025-01-08,DEFENSIVE,proxy_hardened_no_worst_hours_high_margin,True,True,482,1.6300954229090892,0.4389597944345853,1,0.4389597944346081,EXECUTE,
high_margin_always_active,2025-01-09 14:45:00,2025-01-09,DEFENSIVE,proxy_hardened_no_worst_hours_high_margin,True,True,483,1.6198469699922338,0.7484993011501856,2,0.7484993011502139,EXECUTE,
high_margin_always_active,2025-01-09 18:15:00,2025-01-09,DEFENSIVE,proxy_hardened_no_worst_hours_high_margin,True,True,484,1.4886980764744504,1.1884284402384975,3,1.1884284402385314,EXECUTE,
high_margin_always_active,2025-01-10 13:00:00,2025-01-10,DEFENSIVE,,True,False,485,1.6089126022348073,0.32681373089441795,0,0.3268137308944576,SKIP,no_candidate_for_mode
high_margin_always_active,2025-01-10 13:45:00,2025-01-10,DEFENSIVE,,True,False,485,1.6089126022348073,0.32681373089441795,0,0.3268137308944576,SKIP,no_candidate_for_mode
high_margin_always_active,2025-01-15 13:00:00,2025-01-15,DEFENSIVE,proxy_hardened_no_worst_hours_high_margin,True,True,485,1.6089126022348073,0.32681373089441795,0,0.0,EXECUTE,
high_margin_always_active,2025-01-15 13:30:00,2025-01-15,DEFENSIVE,proxy_hardened_no_worst_hours_high_margin,True,True,486,1.6707781261745798,0.612482141888384,1,0.28660507573491373,EXECUTE,
high_margin_always_active,2025-01-23 19:45:00,2025-01-23,DEFENSIVE,proxy_hardened_no_worst_hours_high_margin,True,True,487,1.5223201128442285,0.9817115592568993,2,0.0,EXECUTE,
high_margin_always_active,2025-01-24 10:00:00,2025-01-24,DEFENSIVE,proxy_hardened_no_worst_hours_high_margin,True,True,488,1.501836774761134,0.24423414323665624,0,0.0,EXECUTE,
high_margin_always_active,2025-01-24 14:30:00,2025-01-24,DEFENSIVE,proxy_hardened_no_worst_hours_high_margin,True,True,489,1.6197166525913436,0.0,0,0.0,EXECUTE,
high_margin_always_active,2025-01-30 19:30:00,2025-01-30,DEFENSIVE,proxy_hardened_no_worst_hours_high_margin,True,True,490,1.4908000380579447,0.4041012454996816,1,0.0,EXECUTE,
high_margin_always_active,2025-02-03 10:00:00,2025-02-03,DEFENSIVE,proxy_hardened_no_worst_hours_high_margin,True,True,491,1.6138906933244228,0.0,0,0.0,EXECUTE,
high_margin_always_active,2025-02-04 21:30:00,2025-02-04,DEFENSIVE,proxy_hardened_no_worst_hours_high_margin,True,True,492,1.7453860980963831,0.0,0,0.0,EXECUTE,
high_margin_always_active,2025-02-05 14:30:00,2025-02-05,DEFENSIVE,proxy_hardened_no_worst_hours_high_margin,True,True,493,1.7443494737430802,0.0,0,0.0,EXECUTE,
high_margin_always_active,2025-02-07 10:00:00,2025-02-07,DEFENSIVE,proxy_hardened_no_worst_hours_high_margin,True,True,494,1.930441074541303,0.0,0,0.0,EXECUTE,
high_margin_always_active,2025-02-10 13:45:00,2025-02-10,DEFENSIVE,proxy_hardened_no_worst_hours_high_margin,True,True,495,1.820757429410066,0.3095589814042714,1,0.0,EXECUTE,
high_margin_always_active,2025-02-12 18:45:00,2025-02-12,DEFENSIVE,proxy_hardened_no_worst_hours_high_margin,True,True,496,1.9587333351821332,0.0,0,0.0,EXECUTE,
high_margin_always_active,2025-02-12 19:45:00,2025-02-12,DEFENSIVE,proxy_hardened_no_worst_hours_high_margin,True,True,497,1.7699807048513652,0.5305524634654347,1,0.0,EXECUTE,
high_margin_always_active,2025-02-13 10:15:00,2025-02-13,DEFENSIVE,proxy_hardened_no_worst_hours_high_margin,True,True,498,1.9470757676505392,0.0,0,0.0,EXECUTE,
high_margin_always_active,2025-02-13 14:45:00,2025-02-13,DEFENSIVE,proxy_hardened_no_worst_hours_high_margin,True,True,499,1.8133469192939926,0.4201409217682332,1,0.0,EXECUTE,
high_margin_always_active,2025-02-14 10:45:00,2025-02-14,DEFENSIVE,proxy_hardened_no_worst_hours_high_margin,True,True,500,1.8331587847240778,0.0,0,0.0,EXECUTE,
high_margin_always_active,2025-02-18 10:00:00,2025-02-18,DEFENSIVE,proxy_hardened_no_worst_hours_high_margin,True,True,501,1.8306444024207258,0.34447431324603417,1,0.0,EXECUTE,
high_margin_always_active,2025-02-18 13:00:00,2025-02-18,DEFENSIVE,proxy_hardened_no_worst_hours_high_margin,True,True,502,1.829207993634618,0.6514064506336081,2,0.3079930944846506,EXECUTE,
high_margin_always_active,2025-02-19 13:00:00,2025-02-19,DEFENSIVE,proxy_hardened_no_worst_hours_high_margin,True,True,503,1.8268722684019498,0.0051227333171010025,0,0.0,EXECUTE,
high_margin_always_active,2025-02-19 14:00:00,2025-02-19,DEFENSIVE,proxy_hardened_no_worst_hours_high_margin,True,True,504,1.8119241319831245,0.4310069838485387,1,0.08683178379342242,EXECUTE,
high_margin_always_active,2025-02-26 15:00:00,2025-02-26,DEFENSIVE,proxy_hardened_no_worst_hours_high_margin,True,True,505,1.666383113131861,0.899314803598527,2,0.0,EXECUTE,
high_margin_always_active,2025-02-27 10:15:00,2025-02-27,DEFENSIVE,proxy_hardened_no_worst_hours_high_margin,True,True,506,1.6345827887339472,1.4762857246495202,3,0.5822067929273508,EXECUTE,
high_margin_always_active,2025-02-28 10:15:00,2025-02-28,DEFENSIVE,,True,False,507,1.587971024053903,0.3474920077821764,0,0.0,SKIP,no_candidate_for_mode
high_margin_always_active,2025-02-28 15:45:00,2025-02-28,DEFENSIVE,proxy_hardened_no_worst_hours_high_margin,True,True,507,1.587971024053903,0.3474920077821764,0,0.0,EXECUTE,
high_margin_always_active,2025-03-04 18:00:00,2025-03-04,DEFENSIVE,proxy_hardened_no_worst_hours_high_margin,True,True,508,1.5537650072095106,1.009341519359072,1,0.0,EXECUTE,
high_margin_always_active,2025-03-06 18:45:00,2025-03-06,DEFENSIVE,proxy_hardened_no_worst_hours_high_margin,True,True,509,1.3918169237165654,1.5475125158073015,2,0.5436583660603513,EXECUTE,
high_margin_always_active,2025-03-07 10:45:00,2025-03-07,DEFENSIVE,,True,False,510,1.4069996666795266,2.061274633344048,3,1.062658972200602,SKIP,no_candidate_for_mode
high_margin_always_active,2025-03-07 13:30:00,2025-03-07,DEFENSIVE,,True,False,510,1.4069996666795266,2.061274633344048,3,1.062658972200602,SKIP,no_candidate_for_mode
high_margin_always_active,2025-03-07 14:45:00,2025-03-07,DEFENSIVE,proxy_hardened_no_worst_hours_high_margin,False,True,510,1.4069996666795266,2.061274633344048,3,1.062658972200602,EXECUTE,
high_margin_always_active,2025-03-10 13:15:00,2025-03-10,DEFENSIVE,proxy_hardened_no_worst_hours_high_margin,True,True,511,1.249104947699508,2.695500857024452,4,0.0,EXECUTE,
high_margin_always_active,2025-03-10 14:15:00,2025-03-10,DEFENSIVE,proxy_hardened_no_worst_hours_high_margin,True,True,512,1.24158108535141,3.229654636063903,5,0.548950751243877,EXECUTE,
high_margin_always_active,2025-03-11 13:15:00,2025-03-11,DEFENSIVE,,True,False,513,1.3783310340836985,2.098070870097261,0,0.0,SKIP,no_candidate_for_mode
high_margin_always_active,2025-03-11 14:45:00,2025-03-11,DEFENSIVE,proxy_hardened_no_worst_hours_high_margin,True,True,513,1.3783310340836985,2.098070870097261,0,0.0,EXECUTE,
high_margin_always_active,2025-03-13 10:15:00,2025-03-13,DEFENSIVE,proxy_hardened_no_worst_hours_high_margin,True,True,514,1.255054381979169,2.57072047138678,1,0.0,EXECUTE,
high_margin_always_active,2025-03-16 22:00:00,2025-03-16,DEFENSIVE,proxy_hardened_no_worst_hours_high_margin,True,True,515,1.2580433471334063,2.908928049779261,2,0.21933949060385094,EXECUTE,
high_margin_always_active,2025-03-17 14:15:00,2025-03-17,DEFENSIVE,proxy_hardened_no_worst_hours_high_margin,True,True,516,1.2773927632495499,3.3305418192754557,3,0.43424566340390597,EXECUTE,
high_margin_always_active,2025-03-18 14:15:00,2025-03-18,DEFENSIVE,proxy_hardened_no_worst_hours_high_margin,True,True,517,1.3977919982120546,2.39096198339016,0,0.0,EXECUTE,
high_margin_always_active,2025-03-19 10:45:00,2025-03-19,DEFENSIVE,,True,False,518,1.5282271154319726,1.2648663504371414,0,0.0,SKIP,no_candidate_for_mode
high_margin_always_active,2025-03-19 19:15:00,2025-03-19,DEFENSIVE,proxy_hardened_no_worst_hours_high_margin,True,True,518,1.5282271154319726,1.2648663504371414,0,0.0,EXECUTE,
high_margin_always_active,2025-03-24 10:30:00,2025-03-24,DEFENSIVE,,True,False,519,1.6803750389114778,0.1518013065678789,0,0.0,SKIP,no_candidate_for_mode
high_margin_always_active,2025-03-26 10:30:00,2025-03-26,DEFENSIVE,,True,False,519,1.6803750389114778,0.1518013065678789,0,0.0,SKIP,no_candidate_for_mode
high_margin_always_active,2025-03-27 15:45:00,2025-03-27,DEFENSIVE,proxy_hardened_no_worst_hours_high_margin,True,True,519,1.6803750389114778,0.1518013065678789,0,0.0,EXECUTE,
high_margin_always_active,2025-03-28 10:45:00,2025-03-28,DEFENSIVE,,True,False,520,1.7181018817989486,0.0,0,0.0,SKIP,no_candidate_for_mode
high_margin_always_active,2025-03-31 14:30:00,2025-03-31,DEFENSIVE,proxy_hardened_no_worst_hours_high_margin,True,True,520,1.7181018817989486,0.0,0,0.0,EXECUTE,
high_margin_always_active,2025-04-01 10:15:00,2025-04-01,DEFENSIVE,,True,False,521,1.919775274500243,0.0,0,0.0,SKIP,no_candidate_for_mode
high_margin_always_active,2025-04-02 13:00:00,2025-04-02,DEFENSIVE,,True,False,521,1.919775274500243,0.0,0,0.0,SKIP,no_candidate_for_mode
high_margin_always_active,2025-04-07 13:45:00,2025-04-07,DEFENSIVE,proxy_hardened_no_worst_hours_high_margin,True,True,521,1.919775274500243,0.0,0,0.0,EXECUTE,
high_margin_always_active,2025-04-07 14:30:00,2025-04-07,DEFENSIVE,proxy_hardened_no_worst_hours_high_margin,True,True,522,1.7934527515983538,1.2107414127318317,1,1.2107414127318368,EXECUTE,
high_margin_always_active,2025-04-09 13:00:00,2025-04-09,DEFENSIVE,proxy_hardened_no_worst_hours_high_margin,True,True,523,1.995623093184186,0.0,0,0.0,EXECUTE,
high_margin_always_active,2025-04-09 18:15:00,2025-04-09,DEFENSIVE,,True,False,524,2.2384559666828583,0.0,0,0.0,SKIP,no_candidate_for_mode
high_margin_always_active,2025-04-10 10:00:00,2025-04-10,DEFENSIVE,proxy_hardened_no_worst_hours_high_margin,True,True,524,2.2384559666828583,0.0,0,0.0,EXECUTE,
high_margin_always_active,2025-04-11 14:15:00,2025-04-11,DEFENSIVE,proxy_hardened_no_worst_hours_high_margin,True,True,525,2.3113722670514583,0.0,0,0.0,EXECUTE,
high_margin_always_active,2025-04-22 10:00:00,2025-04-22,DEFENSIVE,proxy_hardened_no_worst_hours_high_margin,True,True,526,2.0412174486014547,1.1048901234436,1,0.0,EXECUTE,
high_margin_always_active,2025-04-25 10:15:00,2025-04-25,DEFENSIVE,proxy_hardened_no_worst_hours_high_margin,True,True,527,1.8294661306313134,2.148894145667783,2,1.0556679936220736,EXECUTE,
high_margin_always_active,2025-04-28 10:00:00,2025-04-28,DEFENSIVE,proxy_hardened_no_worst_hours_high_margin,True,True,528,1.8928694667386983,0.5342924829720721,0,0.0,EXECUTE,
high_margin_always_active,2025-05-01 14:15:00,2025-05-01,DEFENSIVE,proxy_hardened_no_worst_hours_high_margin,True,True,529,1.836270292768203,1.2195679097798304,1,0.6889564694349037,EXECUTE,
high_margin_always_active,2025-05-06 14:45:00,2025-05-06,DEFENSIVE,proxy_hardened_no_worst_hours_high_margin,True,True,530,1.7676314240132367,2.1381073679476565,2,0.0,EXECUTE,
high_margin_always_active,2025-05-09 18:00:00,2025-05-09,DEFENSIVE,proxy_hardened_no_worst_hours_high_margin,True,True,531,1.8423984532169957,0.5978192639146604,0,0.0,EXECUTE,
high_margin_always_active,2025-05-13 14:15:00,2025-05-13,DEFENSIVE,proxy_hardened_no_worst_hours_high_margin,True,True,532,1.7872855391123172,1.223912682815737,1,0.0,EXECUTE,
high_margin_always_active,2025-05-16 13:30:00,2025-05-16,DEFENSIVE,proxy_hardened_no_worst_hours_high_margin,True,True,533,1.7254133258752813,2.000210309493434,2,0.7859165591211347,EXECUTE,
high_margin_always_active,2025-05-21 10:00:00,2025-05-21,DEFENSIVE,proxy_hardened_no_worst_hours_high_margin,True,True,534,1.6511287776040375,3.0422696381320318,3,0.0,EXECUTE,
high_margin_always_active,2025-05-21 14:15:00,2025-05-21,DEFENSIVE,proxy_hardened_no_worst_hours_high_margin,True,True,535,1.5422531522113585,3.6231558687588983,4,0.5991128592417269,EXECUTE,
high_margin_always_active,2025-05-23 14:00:00,2025-05-23,DEFENSIVE,proxy_hardened_no_worst_hours_high_margin,True,True,536,1.6659744812340018,2.0899175308029023,0,0.0,EXECUTE,
high_margin_always_active,2025-05-26 18:00:00,2025-05-26,DEFENSIVE,proxy_hardened_no_worst_hours_high_margin,True,True,537,1.6038355739895518,3.0169347820752193,1,0.9468046884384613,EXECUTE,
high_margin_always_active,2025-05-27 13:15:00,2025-05-27,DEFENSIVE,proxy_hardened_no_worst_hours_high_margin,True,True,538,1.599128947316868,2.4430921225076605,0,0.3607132001097828,EXECUTE,
high_margin_always_active,2025-05-30 14:45:00,2025-05-30,DEFENSIVE,proxy_hardened_no_worst_hours_high_margin,True,True,539,1.5042872796977245,3.0616624177219416,1,0.9924870477203092,EXECUTE,
high_margin_always_active,2025-06-02 13:30:00,2025-06-02,DEFENSIVE,proxy_hardened_no_worst_hours_high_margin,True,True,540,1.4602872106234437,3.923966365304609,2,0.0,EXECUTE,
high_margin_always_active,2025-06-04 19:00:00,2025-06-04,DEFENSIVE,proxy_hardened_no_worst_hours_high_margin,True,True,541,1.4937703467594732,2.6576274216349836,0,0.0,EXECUTE,
high_margin_always_active,2025-06-10 14:00:00,2025-06-10,DEFENSIVE,proxy_hardened_no_worst_hours_high_margin,True,True,542,1.4099911768042588,3.1279823866425622,1,0.0,EXECUTE,
high_margin_always_active,2025-06-11 14:30:00,2025-06-11,DEFENSIVE,proxy_hardened_no_worst_hours_high_margin,True,True,543,1.335939391405653,3.6933164922397386,2,0.5835886559662492,EXECUTE,
high_margin_always_active,2025-06-11 18:00:00,2025-06-11,DEFENSIVE,,True,False,544,1.2423350067483434,4.44987615014921,3,1.3645775075963584,SKIP,no_candidate_for_mode
high_margin_always_active,2025-06-12 14:30:00,2025-06-12,DEFENSIVE,proxy_hardened_no_worst_hours_high_margin,True,True,544,1.2423350067483434,4.44987615014921,3,1.3645775075963584,EXECUTE,
high_margin_always_active,2025-06-13 14:00:00,2025-06-13,DEFENSIVE,proxy_hardened_no_worst_hours_high_margin,True,True,545,1.3478256529649948,2.8199595065624377,0,0.0,EXECUTE,
high_margin_always_active,2025-06-19 15:00:00,2025-06-19,DEFENSIVE,proxy_hardened_no_worst_hours_high_margin,True,True,546,1.3799088424400896,1.4068403764287851,0,0.0,EXECUTE,
high_margin_always_active,2025-06-24 15:15:00,2025-06-24,DEFENSIVE,proxy_hardened_no_worst_hours_high_margin,True,True,547,1.3768336802878627,1.9340176666470816,1,0.0,EXECUTE,
high_margin_always_active,2025-06-25 14:00:00,2025-06-25,DEFENSIVE,proxy_hardened_no_worst_hours_high_margin,True,True,548,1.2751352764900024,2.7070285928863873,2,0.7882559352861387,EXECUTE,
high_margin_always_active,2025-06-26 15:00:00,2025-06-26,DEFENSIVE,proxy_hardened_no_worst_hours_high_margin,True,True,549,1.267580149614499,3.2098687678333437,3,1.3010129209222703,EXECUTE,
high_margin_always_active,2025-06-27 10:15:00,2025-06-27,DEFENSIVE,proxy_hardened_no_worst_hours_high_margin,True,True,550,1.178637627624618,3.884034403146853,4,1.9884741784068911,EXECUTE,
high_margin_always_active,2025-06-27 14:00:00,2025-06-27,DEFENSIVE,proxy_hardened_no_worst_hours_high_margin,True,True,551,1.251511691645765,2.798145422079046,0,0.8811697337559716,EXECUTE,
high_margin_always_active,2025-07-01 13:15:00,2025-07-01,DEFENSIVE,proxy_hardened_no_worst_hours_high_margin,True,True,552,1.2244205422448842,3.5256762310806025,1,0.0,EXECUTE,
high_margin_always_active,2025-07-01 19:00:00,2025-07-01,DEFENSIVE,,True,False,553,1.1689595616981538,3.986865992454516,2,0.47804404670260786,SKIP,no_candidate_for_mode
high_margin_always_active,2025-07-02 13:00:00,2025-07-02,DEFENSIVE,proxy_hardened_no_worst_hours_high_margin,True,True,553,1.1689595616981538,3.986865992454516,2,0.47804404670260786,EXECUTE,
high_margin_always_active,2025-07-03 10:30:00,2025-07-03,DEFENSIVE,,True,False,554,1.1650809814084435,4.450479908867459,3,0.9586008397446838,SKIP,no_candidate_for_mode
high_margin_always_active,2025-07-06 22:00:00,2025-07-06,DEFENSIVE,,True,False,554,1.1650809814084435,4.450479908867459,3,0.9586008397446838,SKIP,no_candidate_for_mode
high_margin_always_active,2025-07-07 10:15:00,2025-07-07,DEFENSIVE,proxy_hardened_no_worst_hours_high_margin,True,True,554,1.1650809814084435,4.450479908867459,3,0.0,EXECUTE,
high_margin_always_active,2025-07-08 10:30:00,2025-07-08,DEFENSIVE,proxy_hardened_no_worst_hours_high_margin,True,True,555,1.2282198281065384,3.6547217011746183,0,0.0,EXECUTE,
high_margin_always_active,2025-07-09 10:00:00,2025-07-09,DEFENSIVE,proxy_hardened_no_worst_hours_high_margin,True,True,556,1.2983941998936175,2.9022768453803947,0,0.0,EXECUTE,
high_margin_always_active,2025-07-10 10:30:00,2025-07-10,DEFENSIVE,,True,False,557,1.2212620091654318,3.314545940793265,1,0.0,SKIP,no_candidate_for_mode
high_margin_always_active,2025-07-10 13:00:00,2025-07-10,DEFENSIVE,,True,False,557,1.2212620091654318,3.314545940793265,1,0.0,SKIP,no_candidate_for_mode
high_margin_always_active,2025-07-10 14:45:00,2025-07-10,DEFENSIVE,proxy_hardened_no_worst_hours_high_margin,False,True,557,1.2212620091654318,3.314545940793265,1,0.0,EXECUTE,
high_margin_always_active,2025-07-11 18:00:00,2025-07-11,DEFENSIVE,proxy_hardened_no_worst_hours_high_margin,True,True,558,1.2250416973293647,3.863435486758372,2,0.0,EXECUTE,
high_margin_always_active,2025-07-14 10:15:00,2025-07-14,DEFENSIVE,proxy_hardened_no_worst_hours_high_margin,True,True,559,1.2987368610949792,3.0056578716977875,0,0.0,EXECUTE,
high_margin_always_active,2025-07-15 10:15:00,2025-07-15,DEFENSIVE,proxy_hardened_no_worst_hours_high_margin,True,True,560,1.3021137658507613,3.429127381922354,1,0.43659197117334336,EXECUTE,
high_margin_always_active,2025-07-16 15:45:00,2025-07-16,DEFENSIVE,proxy_hardened_no_worst_hours_high_margin,True,True,561,1.3163422945781005,3.8009599486745427,2,0.8199468747617829,EXECUTE,
high_margin_always_active,2025-07-17 10:30:00,2025-07-17,DEFENSIVE,proxy_hardened_no_worst_hours_high_margin,True,True,562,1.2807071085007808,4.8415778621715555,3,1.8928114260987137,EXECUTE,
high_margin_always_active,2025-07-17 22:30:00,2025-07-17,DEFENSIVE,,True,False,563,1.2642809429485573,4.126817254021152,0,1.155901836872439,SKIP,no_candidate_for_mode
high_margin_always_active,2025-07-18 14:00:00,2025-07-18,DEFENSIVE,proxy_hardened_no_worst_hours_high_margin,True,True,563,1.2642809429485573,4.126817254021152,0,1.155901836872439,EXECUTE,
high_margin_always_active,2025-07-25 13:30:00,2025-07-25,DEFENSIVE,proxy_hardened_no_worst_hours_high_margin,True,True,564,1.2675149648957058,4.512387019814611,1,0.0,EXECUTE,
high_margin_always_active,2025-07-31 15:00:00,2025-07-31,DEFENSIVE,,True,False,565,1.3307063415591207,3.655821818900625,0,0.0,SKIP,no_candidate_for_mode
high_margin_always_active,2025-08-04 15:30:00,2025-08-04,DEFENSIVE,proxy_hardened_no_worst_hours_high_margin,True,True,565,1.3307063415591207,3.655821818900625,0,0.0,EXECUTE,
high_margin_always_active,2025-08-05 13:00:00,2025-08-05,DEFENSIVE,,True,False,566,1.3252600074022312,4.127205167314818,1,0.4892701949547304,SKIP,no_candidate_for_mode
high_margin_always_active,2025-08-05 18:00:00,2025-08-05,DEFENSIVE,proxy_hardened_no_worst_hours_high_margin,True,True,566,1.3252600074022312,4.127205167314818,1,0.4892701949547304,EXECUTE,
high_margin_always_active,2025-08-07 13:45:00,2025-08-07,DEFENSIVE,proxy_hardened_no_worst_hours_high_margin,True,True,567,1.254281433076361,4.561156860831721,2,0.9396883745578655,EXECUTE,
high_margin_always_active,2025-08-08 13:30:00,2025-08-08,DEFENSIVE,,True,False,568,1.169363025994889,5.1479786827701774,3,1.5487774062120716,SKIP,no_candidate_for_mode
high_margin_always_active,2025-08-11 13:00:00,2025-08-11,DEFENSIVE,proxy_hardened_no_worst_hours_high_margin,True,True,568,1.169363025994889,5.1479786827701774,3,0.0,EXECUTE,
high_margin_always_active,2025-08-11 14:15:00,2025-08-11,DEFENSIVE,proxy_hardened_no_worst_hours_high_margin,True,True,569,1.0883481430147475,5.760269699841829,4,0.645522371129938,EXECUTE,
high_margin_always_active,2025-08-12 14:30:00,2025-08-12,DEFENSIVE,proxy_hardened_no_worst_hours_high_margin,True,True,570,1.0927373297548806,4.5395599427285145,0,0.0,EXECUTE,
high_margin_always_active,2025-08-13 14:15:00,2025-08-13,DEFENSIVE,,True,False,571,0.993256732733133,5.302650596441313,1,0.16306654462729325,SKIP,no_candidate_for_mode
high_margin_always_active,2025-08-14 13:30:00,2025-08-14,DEFENSIVE,proxy_hardened_no_worst_hours_high_margin,True,True,571,0.993256732733133,5.302650596441313,1,0.16306654462729325,EXECUTE,
high_margin_always_active,2025-08-19 14:00:00,2025-08-19,DEFENSIVE,proxy_hardened_no_worst_hours_high_margin,True,True,572,1.0998394374631097,4.188201730639876,0,0.0,EXECUTE,
high_margin_always_active,2025-08-26 18:00:00,2025-08-26,DEFENSIVE,proxy_hardened_no_worst_hours_high_margin,True,True,573,1.0048813113925914,3.395860236978153,0,0.0,EXECUTE,
high_margin_always_active,2025-08-28 10:30:00,2025-08-28,DEFENSIVE,,True,False,574,0.9413525715586257,2.743002442373585,0,0.0,SKIP,no_candidate_for_mode
high_margin_always_active,2025-08-28 15:15:00,2025-08-28,DEFENSIVE,proxy_hardened_no_worst_hours_high_margin,True,True,574,0.9413525715586257,2.743002442373585,0,0.0,EXECUTE,
high_margin_always_active,2025-08-31 22:00:00,2025-08-31,DEFENSIVE,proxy_hardened_no_worst_hours_high_margin,True,True,575,0.9107402173991768,1.888549670673486,0,0.0,EXECUTE,
high_margin_always_active,2025-09-01 13:45:00,2025-09-01,DEFENSIVE,proxy_hardened_no_worst_hours_high_margin,True,True,576,0.9413591210882247,2.305252121874756,1,0.42472356672187395,EXECUTE,
high_margin_always_active,2025-09-02 13:30:00,2025-09-02,DEFENSIVE,,True,False,577,1.0369053146848375,1.4319822195559757,0,0.0,SKIP,no_candidate_for_mode
high_margin_always_active,2025-09-04 13:15:00,2025-09-04,DEFENSIVE,proxy_hardened_no_worst_hours_high_margin,True,True,577,1.0369053146848375,1.4319822195559757,0,0.0,EXECUTE,
high_margin_always_active,2025-09-07 22:15:00,2025-09-07,DEFENSIVE,proxy_hardened_no_worst_hours_high_margin,True,True,578,0.9236458230591722,2.065931204670809,1,0.18079595541797527,EXECUTE,
high_margin_always_active,2025-09-08 18:00:00,2025-09-08,DEFENSIVE,proxy_hardened_no_worst_hours_high_margin,True,True,579,0.9266108390665956,2.687018726126492,2,0.6341894389721402,EXECUTE,
high_margin_always_active,2025-09-09 10:15:00,2025-09-09,DEFENSIVE,proxy_hardened_no_worst_hours_high_margin,True,True,580,1.024628044610777,1.6682798545534876,0,0.0,EXECUTE,
high_margin_always_active,2025-09-11 19:00:00,2025-09-11,DEFENSIVE,proxy_hardened_no_worst_hours_high_margin,True,True,581,0.9193497469752049,2.177442707557185,1,0.11386385173012352,EXECUTE,
high_margin_always_active,2025-09-12 10:00:00,2025-09-12,DEFENSIVE,,True,False,582,1.0001021570075939,1.2219757858835645,0,0.0,SKIP,no_candidate_for_mode
high_margin_always_active,2025-09-12 13:30:00,2025-09-12,DEFENSIVE,,True,False,582,1.0001021570075939,1.2219757858835645,0,0.0,SKIP,no_candidate_for_mode
high_margin_always_active,2025-09-15 22:15:00,2025-09-15,DEFENSIVE,proxy_hardened_no_worst_hours_high_margin,True,True,582,1.0001021570075939,1.2219757858835645,0,0.0,EXECUTE,
high_margin_always_active,2025-09-16 13:15:00,2025-09-16,DEFENSIVE,proxy_hardened_no_worst_hours_high_margin,True,True,583,1.082496950852623,0.5001102536131093,0,0.0,EXECUTE,
high_margin_always_active,2025-09-22 13:00:00,2025-09-22,DEFENSIVE,proxy_hardened_no_worst_hours_high_margin,True,True,584,1.1199144539060448,0.9346332105316003,1,0.0,EXECUTE,
high_margin_always_active,2025-09-22 14:15:00,2025-09-22,DEFENSIVE,proxy_hardened_no_worst_hours_high_margin,True,True,585,1.1241542510942595,1.449230155732937,2,0.5194519153146145,EXECUTE,
high_margin_always_active,2025-09-23 15:00:00,2025-09-23,DEFENSIVE,proxy_hardened_no_worst_hours_high_margin,True,True,586,1.1011965861695439,0.3179777155693252,0,0.0,EXECUTE,
high_margin_always_active,2025-09-25 19:30:00,2025-09-25,DEFENSIVE,proxy_hardened_no_worst_hours_high_margin,True,True,587,1.1170736922838629,0.9961249207993039,1,0.062071854433648065,EXECUTE,
high_margin_always_active,2025-09-26 13:30:00,2025-09-26,DEFENSIVE,,True,False,588,1.0392796280611014,1.7360232435004155,2,0.8089507553855142,SKIP,no_candidate_for_mode
high_margin_always_active,2025-09-28 22:00:00,2025-09-28,DEFENSIVE,,True,False,588,1.0392796280611014,1.7360232435004155,2,0.8089507553855142,SKIP,no_candidate_for_mode
high_margin_always_active,2025-09-29 10:15:00,2025-09-29,DEFENSIVE,proxy_hardened_no_worst_hours_high_margin,True,True,588,1.0392796280611014,1.7360232435004155,2,0.0,EXECUTE,
high_margin_always_active,2025-09-30 14:00:00,2025-09-30,DEFENSIVE,proxy_hardened_no_worst_hours_high_margin,True,True,589,1.1495292552443606,0.46249475652508987,0,0.0,EXECUTE,
high_margin_always_active,2025-10-01 14:30:00,2025-10-01,DEFENSIVE,proxy_hardened_no_worst_hours_high_margin,True,True,590,1.3276202817078937,0.0,0,0.0,EXECUTE,
high_margin_always_active,2025-10-02 10:00:00,2025-10-02,DEFENSIVE,,True,False,591,1.2002624939352073,0.6876262842840306,1,0.0,SKIP,no_candidate_for_mode
high_margin_always_active,2025-10-03 14:15:00,2025-10-03,DEFENSIVE,proxy_hardened_no_worst_hours_high_margin,True,True,591,1.2002624939352073,0.6876262842840306,1,0.0,EXECUTE,
high_margin_always_active,2025-10-06 13:30:00,2025-10-06,DEFENSIVE,proxy_hardened_no_worst_hours_high_margin,True,True,592,1.32692472429721,0.0,0,0.0,EXECUTE,
high_margin_always_active,2025-10-07 13:30:00,2025-10-07,DEFENSIVE,proxy_hardened_no_worst_hours_high_margin,True,True,593,1.4708494837324222,0.0,0,0.0,EXECUTE,
high_margin_always_active,2025-10-08 13:45:00,2025-10-08,DEFENSIVE,,True,False,594,1.473915338747723,0.6955901331427803,1,0.0,SKIP,no_candidate_for_mode
high_margin_always_active,2025-10-10 15:30:00,2025-10-10,DEFENSIVE,,True,False,594,1.473915338747723,0.6955901331427803,1,0.0,SKIP,no_candidate_for_mode
high_margin_always_active,2025-10-12 22:00:00,2025-10-12,DEFENSIVE,proxy_hardened_no_worst_hours_high_margin,True,True,594,1.473915338747723,0.6955901331427803,1,0.0,EXECUTE,
high_margin_always_active,2025-10-13 19:15:00,2025-10-13,DEFENSIVE,proxy_hardened_no_worst_hours_high_margin,True,True,595,1.5224588770316727,0.0,0,0.0,EXECUTE,
high_margin_always_active,2025-10-14 10:15:00,2025-10-14,DEFENSIVE,,True,False,596,1.531570015020334,0.0,0,0.0,SKIP,no_candidate_for_mode
high_margin_always_active,2025-10-14 15:00:00,2025-10-14,DEFENSIVE,,True,False,596,1.531570015020334,0.0,0,0.0,SKIP,no_candidate_for_mode
high_margin_always_active,2025-10-15 19:00:00,2025-10-15,DEFENSIVE,proxy_hardened_no_worst_hours_high_margin,True,True,596,1.531570015020334,0.0,0,0.0,EXECUTE,
high_margin_always_active,2025-10-22 10:15:00,2025-10-22,DEFENSIVE,proxy_hardened_no_worst_hours_high_margin,True,True,597,1.7013574243894438,0.0,0,0.0,EXECUTE,
high_margin_always_active,2025-10-22 15:30:00,2025-10-22,DEFENSIVE,proxy_hardened_no_worst_hours_high_margin,True,True,598,2.063473840835352,0.0,0,0.0,EXECUTE,
high_margin_always_active,2025-10-27 13:15:00,2025-10-27,DEFENSIVE,proxy_hardened_no_worst_hours_high_margin,True,True,599,1.8310070559949738,2.1117121500516634,1,0.0,EXECUTE,
high_margin_always_active,2025-10-29 14:00:00,2025-10-29,DEFENSIVE,,True,False,600,2.0561104850265317,0.006535950996407777,0,0.0,SKIP,no_candidate_for_mode
high_margin_always_active,2025-10-30 14:15:00,2025-10-30,DEFENSIVE,,True,False,600,2.0561104850265317,0.006535950996407777,0,0.0,SKIP,no_candidate_for_mode
high_margin_always_active,2025-10-31 14:00:00,2025-10-31,DEFENSIVE,,True,False,600,2.0561104850265317,0.006535950996407777,0,0.0,SKIP,no_candidate_for_mode
high_margin_always_active,2025-11-04 15:30:00,2025-11-04,DEFENSIVE,proxy_hardened_no_worst_hours_high_margin,True,True,600,2.0561104850265317,0.006535950996407777,0,0.0,EXECUTE,
high_margin_always_active,2025-11-06 13:00:00,2025-11-06,DEFENSIVE,proxy_hardened_no_worst_hours_high_margin,True,True,601,1.83706771015197,1.1771173037050844,1,1.17065786633316,EXECUTE,
high_margin_always_active,2025-11-10 15:00:00,2025-11-10,DEFENSIVE,proxy_hardened_no_worst_hours_high_margin,True,True,602,1.8529461553321014,1.688746649383446,2,0.0,EXECUTE,
high_margin_always_active,2025-11-13 10:45:00,2025-11-13,DEFENSIVE,proxy_hardened_no_worst_hours_high_margin,True,True,603,1.9932780454581918,0.36298775974586783,0,0.0,EXECUTE,
high_margin_always_active,2025-11-19 13:15:00,2025-11-19,DEFENSIVE,proxy_hardened_no_worst_hours_high_margin,True,True,604,1.9479770174552036,1.1178931202788873,1,0.0,EXECUTE,
high_margin_always_active,2025-11-20 10:00:00,2025-11-20,DEFENSIVE,proxy_hardened_no_worst_hours_high_margin,True,True,605,1.9931486251199984,0.0,0,0.0,EXECUTE,
high_margin_always_active,2025-11-21 10:00:00,2025-11-21,DEFENSIVE,proxy_hardened_no_worst_hours_high_margin,True,True,606,1.8268791039292074,1.0143511089656236,1,0.0,EXECUTE,
high_margin_always_active,2025-11-21 18:00:00,2025-11-21,DEFENSIVE,proxy_hardened_no_worst_hours_high_margin,True,True,607,1.7592237044343806,1.9990429275404842,2,0.6221535793299472,EXECUTE,
high_margin_always_active,2025-11-24 18:00:00,2025-11-24,DEFENSIVE,proxy_hardened_no_worst_hours_high_margin,True,True,608,1.7099133700416251,2.96677093411688,3,0.0,EXECUTE,
high_margin_always_active,2025-11-28 13:45:00,2025-11-28,DEFENSIVE,proxy_hardened_no_worst_hours_high_margin,True,True,609,1.7358507226335553,1.7627347959440078,0,0.0,EXECUTE,
high_margin_always_active,2025-12-03 15:00:00,2025-12-03,DEFENSIVE,proxy_hardened_no_worst_hours_high_margin,True,True,610,1.8579048199495023,0.35051086589747915,0,0.0,EXECUTE,
high_margin_always_active,2025-12-05 10:15:00,2025-12-05,DEFENSIVE,,True,False,611,1.7969737729584205,1.2508543855678087,1,0.9035104218735167,SKIP,no_candidate_for_mode
high_margin_always_active,2025-12-05 14:30:00,2025-12-05,DEFENSIVE,proxy_hardened_no_worst_hours_high_margin,True,True,611,1.7969737729584205,1.2508543855678087,1,0.9035104218735167,EXECUTE,
high_margin_always_active,2025-12-09 13:45:00,2025-12-09,DEFENSIVE,proxy_hardened_no_worst_hours_high_margin,True,True,612,1.9616785352436819,0.17634402793455023,0,0.0,EXECUTE,
high_margin_always_active,2025-12-09 14:45:00,2025-12-09,DEFENSIVE,proxy_hardened_no_worst_hours_high_margin,True,True,613,1.8694241804932992,0.655215357874362,1,0.4797172827188608,EXECUTE,
high_margin_always_active,2025-12-16 18:45:00,2025-12-16,DEFENSIVE,proxy_hardened_no_worst_hours_high_margin,True,True,614,1.8427870769079961,1.2412057887814487,2,0.0,EXECUTE,
high_margin_always_active,2025-12-16 19:45:00,2025-12-16,DEFENSIVE,proxy_hardened_no_worst_hours_high_margin,True,True,615,1.7223332260170732,2.0098054228679003,3,0.7782594352484982,EXECUTE,
high_margin_always_active,2025-12-17 13:00:00,2025-12-17,DEFENSIVE,,True,False,616,1.8486299738060843,0.5011875690429599,0,0.0,SKIP,no_candidate_for_mode
high_margin_always_active,2025-12-17 14:00:00,2025-12-17,DEFENSIVE,proxy_hardened_no_worst_hours_high_margin,True,True,616,1.8486299738060843,0.5011875690429599,0,0.0,EXECUTE,
high_margin_always_active,2025-12-18 18:00:00,2025-12-18,DEFENSIVE,,True,False,617,1.8157976423033733,1.20238393944161,1,0.0,SKIP,no_candidate_for_mode
high_margin_always_active,2025-12-19 18:30:00,2025-12-19,DEFENSIVE,proxy_hardened_no_worst_hours_high_margin,True,True,617,1.8157976423033733,1.20238393944161,1,0.0,EXECUTE,
high_margin_always_active,2025-12-22 15:15:00,2025-12-22,DEFENSIVE,,True,False,618,1.9409619419578694,0.0,0,0.0,SKIP,no_candidate_for_mode
high_margin_always_active,2025-12-22 18:45:00,2025-12-22,DEFENSIVE,proxy_hardened_no_worst_hours_high_margin,True,True,618,1.9409619419578694,0.0,0,0.0,EXECUTE,
high_margin_always_active,2025-12-23 10:00:00,2025-12-23,DEFENSIVE,proxy_hardened_no_worst_hours_high_margin,True,True,619,2.0739118943344077,0.0,0,0.0,EXECUTE,
high_margin_always_active,2025-12-23 21:30:00,2025-12-23,DEFENSIVE,proxy_hardened_no_worst_hours_high_margin,True,True,620,1.948107750584491,0.5306036352084794,1,0.0,EXECUTE,
high_margin_always_active,2025-12-26 10:45:00,2025-12-26,DEFENSIVE,proxy_hardened_no_worst_hours_high_margin,True,True,621,2.1006403850918667,0.0,0,0.0,EXECUTE,
high_margin_always_active,2025-12-31 10:15:00,2025-12-31,DEFENSIVE,,True,False,622,1.9771282436621065,0.5381811908510997,1,0.0,SKIP,no_candidate_for_mode
high_margin_always_active,2026-01-05 14:00:00,2026-01-05,DEFENSIVE,proxy_hardened_no_worst_hours_high_margin,True,True,622,1.9771282436621065,0.5381811908510997,1,0.0,EXECUTE,
high_margin_always_active,2026-01-05 18:30:00,2026-01-05,DEFENSIVE,proxy_hardened_no_worst_hours_high_margin,True,True,623,2.0331968532192044,0.0,0,0.0,EXECUTE,
high_margin_always_active,2026-01-06 15:30:00,2026-01-06,DEFENSIVE,proxy_hardened_no_worst_hours_high_margin,True,True,624,1.9065977425301701,0.8208500899672403,1,0.0,EXECUTE,
high_margin_always_active,2026-01-08 13:00:00,2026-01-08,DEFENSIVE,proxy_hardened_no_worst_hours_high_margin,True,True,625,1.7802263830468745,1.6591869371125014,2,0.041261915520285755,EXECUTE,
high_margin_always_active,2026-01-08 13:45:00,2026-01-08,DEFENSIVE,proxy_hardened_no_worst_hours_high_margin,True,True,626,1.7491995227583754,2.342758067728309,3,0.7360793110571955,EXECUTE,
high_margin_always_active,2026-01-09 14:30:00,2026-01-09,DEFENSIVE,proxy_hardened_no_worst_hours_high_margin,True,True,627,1.6423886793989175,3.1078695288921696,4,1.5137785568729158,EXECUTE,
high_margin_always_active,2026-01-09 18:30:00,2026-01-09,DEFENSIVE,proxy_hardened_no_worst_hours_high_margin,True,True,628,1.7783323941217515,1.4181239928531537,0,0.0,EXECUTE,
high_margin_always_active,2026-01-12 14:00:00,2026-01-12,DEFENSIVE,proxy_hardened_no_worst_hours_high_margin,True,True,629,1.9259551933227723,0.0,0,0.0,EXECUTE,
high_margin_always_active,2026-01-12 18:45:00,2026-01-12,DEFENSIVE,proxy_hardened_no_worst_hours_high_margin,True,True,630,1.9682654946109817,0.0,0,0.0,EXECUTE,
high_margin_always_active,2026-01-13 13:15:00,2026-01-13,DEFENSIVE,,True,False,631,1.9269098313903104,0.8153246388794425,1,0.0,SKIP,no_candidate_for_mode
high_margin_always_active,2026-01-13 15:15:00,2026-01-13,DEFENSIVE,proxy_hardened_no_worst_hours_high_margin,True,True,631,1.9269098313903104,0.8153246388794425,1,0.0,EXECUTE,
high_margin_always_active,2026-01-14 19:15:00,2026-01-14,DEFENSIVE,proxy_hardened_no_worst_hours_high_margin,True,True,632,1.7938546682714538,1.7389705861333922,2,0.12104227181634844,EXECUTE,
high_margin_always_active,2026-01-20 13:30:00,2026-01-20,DEFENSIVE,proxy_hardened_no_worst_hours_high_margin,True,True,633,1.6935924841508132,2.5299246010663654,3,0.0,EXECUTE,
high_margin_always_active,2026-01-20 15:30:00,2026-01-20,DEFENSIVE,,True,False,634,1.7843512843214628,1.3478095555920055,0,0.0,SKIP,no_candidate_for_mode
high_margin_always_active,2026-01-21 13:00:00,2026-01-21,DEFENSIVE,proxy_hardened_no_worst_hours_high_margin,True,True,634,1.7843512843214628,1.3478095555920055,0,0.0,EXECUTE,
high_margin_always_active,2026-01-22 10:30:00,2026-01-22,DEFENSIVE,,True,False,635,1.747069556787249,2.202569992647074,1,0.0,SKIP,no_candidate_for_mode
high_margin_always_active,2026-01-23 14:30:00,2026-01-23,DEFENSIVE,proxy_hardened_no_worst_hours_high_margin,True,True,635,1.747069556787249,2.202569992647074,1,0.0,EXECUTE,
high_margin_always_active,2026-01-23 18:45:00,2026-01-23,DEFENSIVE,proxy_hardened_no_worst_hours_high_margin,True,True,636,1.792507611015206,0.33351335298934304,0,0.0,EXECUTE,
high_margin_always_active,2026-01-26 10:00:00,2026-01-26,DEFENSIVE,,True,False,637,1.9514530306692424,0.0,0,0.0,SKIP,no_candidate_for_mode
high_margin_always_active,2026-01-26 14:45:00,2026-01-26,DEFENSIVE,proxy_hardened_no_worst_hours_high_margin,True,True,637,1.9514530306692424,0.0,0,0.0,EXECUTE,
high_margin_always_active,2026-01-28 15:15:00,2026-01-28,DEFENSIVE,,True,False,638,1.9061993497837928,1.068918781364122,1,1.0689187813641259,SKIP,no_candidate_for_mode
high_margin_always_active,2026-01-29 14:15:00,2026-01-29,DEFENSIVE,proxy_hardened_no_worst_hours_high_margin,True,True,638,1.9061993497837928,1.068918781364122,1,1.0689187813641259,EXECUTE,
high_margin_always_active,2026-01-30 14:45:00,2026-01-30,DEFENSIVE,proxy_hardened_no_worst_hours_high_margin,True,True,639,1.6885481683652772,2.999025712071114,2,2.999025712071122,EXECUTE,
high_margin_always_active,2026-02-03 18:00:00,2026-02-03,DEFENSIVE,,True,False,640,2.0072315206042797,0.0,0,0.0,SKIP,no_candidate_for_mode
high_margin_always_active,2026-02-05 10:15:00,2026-02-05,DEFENSIVE,proxy_hardened_no_worst_hours_high_margin,True,True,640,2.0072315206042797,0.0,0,0.0,EXECUTE,
high_margin_always_active,2026-02-06 14:15:00,2026-02-06,DEFENSIVE,,True,False,641,2.3045766739214906,0.0,0,0.0,SKIP,no_candidate_for_mode
high_margin_always_active,2026-02-09 18:00:00,2026-02-09,DEFENSIVE,proxy_hardened_no_worst_hours_high_margin,True,True,641,2.3045766739214906,0.0,0,0.0,EXECUTE,
high_margin_always_active,2026-02-10 10:00:00,2026-02-10,DEFENSIVE,,True,False,642,2.123104544248057,1.0875582103110923,1,1.087558210311096,SKIP,no_candidate_for_mode
high_margin_always_active,2026-02-10 13:30:00,2026-02-10,DEFENSIVE,,True,False,642,2.123104544248057,1.0875582103110923,1,1.087558210311096,SKIP,no_candidate_for_mode
high_margin_always_active,2026-02-11 18:30:00,2026-02-11,DEFENSIVE,,True,False,642,2.123104544248057,1.0875582103110923,1,1.087558210311096,SKIP,no_candidate_for_mode
high_margin_always_active,2026-02-13 19:45:00,2026-02-13,DEFENSIVE,proxy_hardened_no_worst_hours_high_margin,True,True,642,2.123104544248057,1.0875582103110923,1,1.087558210311096,EXECUTE,
high_margin_always_active,2026-02-17 13:15:00,2026-02-17,DEFENSIVE,proxy_hardened_no_worst_hours_high_margin,True,True,643,1.9540828740545455,2.233044684557951,2,1.158081282314752,EXECUTE,
high_margin_always_active,2026-02-18 19:00:00,2026-02-18,DEFENSIVE,proxy_hardened_no_worst_hours_high_margin,True,True,644,2.0902566845493173,0.4517079280305954,0,0.0,EXECUTE,
high_margin_always_active,2026-02-19 13:45:00,2026-02-19,DEFENSIVE,,True,False,645,1.9381335448147217,1.1572928579819166,1,0.07050139134074507,SKIP,no_candidate_for_mode
high_margin_always_active,2026-02-19 14:45:00,2026-02-19,DEFENSIVE,proxy_hardened_no_worst_hours_high_margin,True,True,645,1.9381335448147217,1.1572928579819166,1,0.07050139134074507,EXECUTE,
high_margin_always_active,2026-02-20 13:30:00,2026-02-20,DEFENSIVE,,True,False,646,1.7998341886724363,2.1647096708093287,2,1.0889949140963762,SKIP,no_candidate_for_mode
high_margin_always_active,2026-02-20 15:30:00,2026-02-20,DEFENSIVE,,True,False,646,1.7998341886724363,2.1647096708093287,2,1.0889949140963762,SKIP,no_candidate_for_mode
high_margin_always_active,2026-02-27 18:00:00,2026-02-27,DEFENSIVE,proxy_hardened_no_worst_hours_high_margin,True,True,646,1.7998341886724363,2.1647096708093287,2,0.0,EXECUTE,
high_margin_always_active,2026-03-02 13:15:00,2026-03-02,DEFENSIVE,proxy_hardened_no_worst_hours_high_margin,True,True,647,1.82592684189617,0.2030608273994514,0,0.0,EXECUTE,
high_margin_always_active,2026-03-06 13:15:00,2026-03-06,DEFENSIVE,proxy_hardened_no_worst_hours_high_margin,True,True,648,1.6073533871237278,1.3834589913044812,1,1.182799967305124,EXECUTE,
high_margin_always_active,2026-03-10 14:00:00,2026-03-10,DEFENSIVE,proxy_hardened_no_worst_hours_high_margin,True,True,649,1.6581921773084372,2.435338505338957,2,0.0,EXECUTE,
high_margin_always_active,2026-03-12 10:15:00,2026-03-12,DEFENSIVE,proxy_hardened_no_worst_hours_high_margin,True,True,650,1.6725006729212266,0.3335961888032048,0,0.0,EXECUTE,
high_margin_always_active,2026-03-13 10:15:00,2026-03-13,DEFENSIVE,proxy_hardened_no_worst_hours_high_margin,True,True,651,1.7012682505202783,0.9310019930999152,1,0.0,EXECUTE,
high_margin_always_active,2026-03-13 14:00:00,2026-03-13,DEFENSIVE,proxy_hardened_no_worst_hours_high_margin,True,True,652,1.674621265441737,1.721292785715029,2,0.0,EXECUTE,
high_margin_always_active,2026-03-16 15:00:00,2026-03-16,DEFENSIVE,proxy_hardened_no_worst_hours_high_margin,True,True,653,1.7033671645912423,0.0,0,0.0,EXECUTE,
high_margin_always_active,2026-03-18 10:00:00,2026-03-18,DEFENSIVE,proxy_hardened_no_worst_hours_high_margin,True,True,654,1.6774954839882785,0.9891281053790052,1,0.9891281053790091,EXECUTE,
high_margin_always_active,2026-03-19 15:15:00,2026-03-19,DEFENSIVE,proxy_hardened_no_worst_hours_high_margin,True,True,655,1.6787453625134015,0.0,0,0.0,EXECUTE,
high_margin_always_active,2026-03-20 13:00:00,2026-03-20,DEFENSIVE,proxy_hardened_no_worst_hours_high_margin,True,True,656,1.5418900901343078,2.91687259235673,1,2.713577284626433,EXECUTE,
high_margin_always_active,2026-03-23 10:00:00,2026-03-23,DEFENSIVE,proxy_hardened_no_worst_hours_high_margin,True,True,657,1.7084279276752998,0.12042320790760536,0,0.0,EXECUTE,
high_margin_always_active,2026-03-24 13:00:00,2026-03-24,DEFENSIVE,,True,False,658,1.5419931747438584,3.576739697800576,1,3.46048371539217,SKIP,no_candidate_for_mode
high_margin_always_active,2026-03-26 10:45:00,2026-03-26,DEFENSIVE,proxy_hardened_no_worst_hours_high_margin,True,True,658,1.5419931747438584,3.576739697800576,1,3.46048371539217,EXECUTE,
high_margin_always_active,2026-03-26 15:30:00,2026-03-26,DEFENSIVE,proxy_hardened_no_worst_hours_high_margin,True,True,659,1.4325649568755212,4.939789484774406,2,4.825176909688671,EXECUTE,
high_margin_always_active,2026-03-27 13:00:00,2026-03-27,DEFENSIVE,proxy_hardened_no_worst_hours_high_margin,True,True,660,1.4917132826180213,2.066069141235669,0,1.9479917675042793,EXECUTE,
high_margin_always_active,2026-03-27 18:00:00,2026-03-27,DEFENSIVE,,True,False,661,1.4816437180523687,3.0179287203517755,1,2.9009989884874883,SKIP,no_candidate_for_mode
high_margin_always_active,2026-04-01 10:00:00,2026-04-01,DEFENSIVE,proxy_hardened_no_worst_hours_high_margin,True,True,661,1.4816437180523687,3.0179287203517755,1,0.0,EXECUTE,
high_margin_always_active,2026-04-01 13:00:00,2026-04-01,DEFENSIVE,proxy_hardened_no_worst_hours_high_margin,True,True,662,1.5221503218857837,0.9516371174443758,0,0.0,EXECUTE,
high_margin_always_active,2026-04-09 18:15:00,2026-04-09,DEFENSIVE,proxy_hardened_no_worst_hours_high_margin,True,True,663,1.6275177334500215,0.0,0,0.0,EXECUTE,
high_margin_always_active,2026-04-14 10:15:00,2026-04-14,DEFENSIVE,proxy_hardened_no_worst_hours_high_margin,True,True,664,1.6043059176961403,0.8899450812017978,1,0.0,EXECUTE,
high_margin_always_active,2026-04-14 15:00:00,2026-04-14,DEFENSIVE,proxy_hardened_no_worst_hours_high_margin,True,True,665,1.6030921798894462,1.5497087821965136,2,0.6656879582351861,EXECUTE,
high_margin_always_active,2026-04-15 14:30:00,2026-04-15,DEFENSIVE,proxy_hardened_no_worst_hours_high_margin,True,True,666,1.6211369109350755,0.0,0,0.0,EXECUTE,
high_margin_always_active,2026-04-17 18:45:00,2026-04-17,DEFENSIVE,proxy_hardened_no_worst_hours_high_margin,True,True,667,1.6151148071322132,0.6864109667086217,1,0.0,EXECUTE,
high_margin_always_active,2026-04-20 13:00:00,2026-04-20,DEFENSIVE,proxy_hardened_no_worst_hours_high_margin,True,True,668,1.5331242071993374,1.5317205618930418,2,0.0,EXECUTE,
high_margin_always_active,2026-04-21 10:15:00,2026-04-21,DEFENSIVE,proxy_hardened_no_worst_hours_high_margin,True,True,669,1.4634084913783567,2.2450946424054443,3,0.7244709510343414,EXECUTE,
high_margin_always_active,2026-04-21 14:00:00,2026-04-21,DEFENSIVE,proxy_hardened_no_worst_hours_high_margin,True,True,670,1.4578416920488162,2.8044388355118697,4,1.2925160070648056,EXECUTE,
high_margin_always_active,2026-04-22 10:00:00,2026-04-22,DEFENSIVE,proxy_hardened_no_worst_hours_high_margin,True,True,671,1.480063213386072,1.1079261613239235,0,0.0,EXECUTE,
high_margin_always_active,2026-04-22 13:15:00,2026-04-22,DEFENSIVE,proxy_hardened_no_worst_hours_high_margin,True,True,672,1.4773330621555862,1.6180671587607518,1,0.0876897589360224,EXECUTE,
high_margin_always_active,2026-04-23 10:45:00,2026-04-23,DEFENSIVE,proxy_hardened_no_worst_hours_high_margin,True,True,673,1.4704046797762327,0.44393468184912427,0,0.0,EXECUTE,
high_margin_always_active,2026-04-24 18:00:00,2026-04-24,DEFENSIVE,,True,False,674,1.471062301061261,1.1315922200665476,1,0.0,SKIP,no_candidate_for_mode
high_margin_always_active,2026-04-27 14:30:00,2026-04-27,DEFENSIVE,proxy_hardened_no_worst_hours_high_margin,True,True,674,1.471062301061261,1.1315922200665476,1,0.0,EXECUTE,
high_margin_always_active,2026-04-29 10:15:00,2026-04-29,DEFENSIVE,proxy_hardened_no_worst_hours_high_margin,True,True,675,1.5483251940201055,0.0,0,0.0,EXECUTE,
high_margin_always_active,2026-04-29 15:15:00,2026-04-29,DEFENSIVE,proxy_hardened_no_worst_hours_high_margin,True,True,676,1.6261464295254309,0.0,0,0.0,EXECUTE,
high_margin_always_active,2026-05-01 19:00:00,2026-05-01,DEFENSIVE,,True,False,677,1.5691537526607457,1.6742188565255722,1,0.0,SKIP,no_candidate_for_mode
high_margin_always_active,2026-05-03 22:30:00,2026-05-03,DEFENSIVE,,True,False,677,1.5691537526607457,1.6742188565255722,1,0.0,SKIP,no_candidate_for_mode
high_margin_always_active,2026-05-04 13:00:00,2026-05-04,DEFENSIVE,proxy_hardened_no_worst_hours_high_margin,True,True,677,1.5691537526607457,1.6742188565255722,1,0.0,EXECUTE,
high_margin_always_active,2026-05-06 19:00:00,2026-05-06,DEFENSIVE,proxy_hardened_no_worst_hours_high_margin,True,True,678,1.5785955346554894,0.0,0,0.0,EXECUTE,
high_margin_always_active,2026-05-07 10:15:00,2026-05-07,DEFENSIVE,proxy_hardened_no_worst_hours_high_margin,True,True,679,1.6128769401153547,0.0,0,0.0,EXECUTE,
dynamic_normal_defensive_pause,2022-02-16 13:30:00,2022-02-16,NORMAL,proxy_hardened_no_worst_hours,True,False,0,inf,0.0,0,0.0,EXECUTE,
dynamic_normal_defensive_pause,2022-02-16 19:30:00,2022-02-16,NORMAL,proxy_hardened_no_worst_hours,True,True,1,inf,0.0,0,0.0,EXECUTE,
dynamic_normal_defensive_pause,2022-02-18 14:30:00,2022-02-18,NORMAL,proxy_hardened_no_worst_hours,True,True,2,inf,0.0,0,0.0,EXECUTE,
dynamic_normal_defensive_pause,2022-02-18 18:00:00,2022-02-18,NORMAL,proxy_hardened_no_worst_hours,True,True,3,3.6797053517746607,0.40098648813850685,1,0.0,EXECUTE,
dynamic_normal_defensive_pause,2022-02-21 13:00:00,2022-02-21,NORMAL,proxy_hardened_no_worst_hours,True,False,4,5.59872870081064,0.0,0,0.0,EXECUTE,
dynamic_normal_defensive_pause,2022-02-23 19:30:00,2022-02-23,NORMAL,proxy_hardened_no_worst_hours,True,True,5,2.9990720059455507,0.34630705781688004,1,0.34630705781687593,EXECUTE,
dynamic_normal_defensive_pause,2022-02-28 14:45:00,2022-02-28,NORMAL,proxy_hardened_no_worst_hours,True,True,6,3.8440195571120683,0.0,0,0.0,EXECUTE,
dynamic_normal_defensive_pause,2022-02-28 21:15:00,2022-02-28,NORMAL,proxy_hardened_no_worst_hours,True,True,7,2.041258934810378,0.656815863438085,1,0.656815863438081,EXECUTE,
dynamic_normal_defensive_pause,2022-03-01 15:00:00,2022-03-01,NORMAL,proxy_hardened_no_worst_hours,True,True,8,1.5131187642877666,1.1456565473056448,2,1.1456565473056368,EXECUTE,
dynamic_normal_defensive_pause,2022-03-03 10:30:00,2022-03-03,NORMAL,proxy_hardened_no_worst_hours,True,False,9,2.1619723523841787,0.0,0,0.0,EXECUTE,
dynamic_normal_defensive_pause,2022-03-03 21:45:00,2022-03-03,NORMAL,proxy_hardened_no_worst_hours,True,True,10,1.7252416888611586,0.47789394934763424,1,0.39801176542221806,EXECUTE,
dynamic_normal_defensive_pause,2022-03-04 10:00:00,2022-03-04,NORMAL,proxy_hardened_no_worst_hours,True,False,11,2.045576605948374,0.0,0,0.0,EXECUTE,
dynamic_normal_defensive_pause,2022-03-04 15:00:00,2022-03-04,NORMAL,proxy_hardened_no_worst_hours,True,True,12,2.42656136447401,0.0,0,0.0,EXECUTE,
dynamic_normal_defensive_pause,2022-03-08 10:30:00,2022-03-08,NORMAL,proxy_hardened_no_worst_hours,True,True,13,3.015986016742593,0.0,0,0.0,EXECUTE,
dynamic_normal_defensive_pause,2022-03-08 18:15:00,2022-03-08,NORMAL,proxy_hardened_no_worst_hours,True,True,14,3.6420512278613595,0.0,0,0.0,EXECUTE,
dynamic_normal_defensive_pause,2022-03-10 14:15:00,2022-03-10,NORMAL,proxy_hardened_no_worst_hours,True,True,15,2.064921239412818,1.7364471096627452,1,0.31759993695465194,EXECUTE,
dynamic_normal_defensive_pause,2022-03-11 14:30:00,2022-03-11,NORMAL,proxy_hardened_no_worst_hours,True,True,16,1.6815439799820633,2.650682940159876,2,1.245036602198086,EXECUTE,
dynamic_normal_defensive_pause,2022-03-14 13:00:00,2022-03-14,NORMAL,proxy_hardened_no_worst_hours,True,True,17,1.3909271029845967,3.6795324208777695,3,0.0,EXECUTE,
dynamic_normal_defensive_pause,2022-03-15 10:00:00,2022-03-15,NORMAL,proxy_hardened_no_worst_hours,True,True,18,1.6107146705333237,2.3711269108475737,0,0.0,EXECUTE,
dynamic_normal_defensive_pause,2022-03-15 13:30:00,2022-03-15,NORMAL,proxy_hardened_no_worst_hours,True,True,19,1.8043855488833123,1.218195254195366,0,0.0,EXECUTE,
dynamic_normal_defensive_pause,2022-03-18 10:00:00,2022-03-18,NORMAL,proxy_hardened_no_worst_hours,True,True,20,2.052555040032569,0.0,0,0.0,EXECUTE,
dynamic_normal_defensive_pause,2022-03-18 13:00:00,2022-03-18,NORMAL,proxy_hardened_no_worst_hours,True,True,21,1.9290595136579909,0.38012001675545976,1,0.0,EXECUTE,
dynamic_normal_defensive_pause,2022-03-21 19:00:00,2022-03-21,NORMAL,proxy_hardened_no_worst_hours,True,False,22,2.0831336197449444,0.0,0,0.0,EXECUTE,
dynamic_normal_defensive_pause,2022-03-22 10:00:00,2022-03-22,NORMAL,proxy_hardened_no_worst_hours,True,True,23,1.941331496162615,0.45875241692989666,1,0.4587524169299034,EXECUTE,
dynamic_normal_defensive_pause,2022-03-23 14:15:00,2022-03-23,NORMAL,proxy_hardened_no_worst_hours,True,False,24,2.0455732518108185,0.0,0,0.0,EXECUTE,
dynamic_normal_defensive_pause,2022-03-24 10:00:00,2022-03-24,NORMAL,proxy_hardened_no_worst_hours,True,True,25,1.9207619747905236,0.43685336425604354,1,0.1941574794072971,EXECUTE,
dynamic_normal_defensive_pause,2022-03-24 13:45:00,2022-03-24,NORMAL,proxy_hardened_no_worst_hours,True,True,26,2.004198472554538,0.0,0,0.0,EXECUTE,
dynamic_normal_defensive_pause,2022-03-30 18:30:00,2022-03-30,NORMAL,proxy_hardened_no_worst_hours,True,True,27,2.165150335619181,0.0,0,0.0,EXECUTE,
dynamic_normal_defensive_pause,2022-03-31 10:00:00,2022-03-31,NORMAL,proxy_hardened_no_worst_hours,True,True,28,2.054231970951732,0.3815804458155084,1,0.38158044581551503,EXECUTE,
dynamic_normal_defensive_pause,2022-04-06 14:00:00,2022-04-06,NORMAL,proxy_hardened_no_worst_hours,True,False,29,1.9590534126012369,0.7434595905180326,2,0.0,EXECUTE,
dynamic_normal_defensive_pause,2022-04-07 18:15:00,2022-04-07,NORMAL,proxy_hardened_no_worst_hours,True,True,30,1.8344879354299162,1.273802483047312,3,0.5343153109521661,EXECUTE,
dynamic_normal_defensive_pause,2022-04-08 15:45:00,2022-04-08,NORMAL,proxy_hardened_no_worst_hours,True,False,31,1.7622028497033835,1.6159379800412925,4,0.8790134996886568,EXECUTE,
dynamic_normal_defensive_pause,2022-04-11 19:15:00,2022-04-11,NORMAL,proxy_hardened_no_worst_hours,True,True,32,1.8704540680971307,0.676004568075971,0,0.0,EXECUTE,
dynamic_normal_defensive_pause,2022-04-12 13:45:00,2022-04-12,NORMAL,proxy_hardened_no_worst_hours,True,False,33,1.9630910572850826,0.0,0,0.0,EXECUTE,
dynamic_normal_defensive_pause,2022-04-12 19:00:00,2022-04-12,NORMAL,proxy_hardened_no_worst_hours,True,True,34,2.099039031640618,0.0,0,0.0,EXECUTE,
dynamic_normal_defensive_pause,2022-04-13 13:15:00,2022-04-13,NORMAL,proxy_hardened_no_worst_hours,True,False,35,1.9875326808194957,0.4808421848779976,1,0.0,EXECUTE,
dynamic_normal_defensive_pause,2022-04-18 13:45:00,2022-04-18,NORMAL,proxy_hardened_no_worst_hours,True,True,36,1.891830514337885,0.9387341430100721,2,0.0,EXECUTE,
dynamic_normal_defensive_pause,2022-04-21 14:00:00,2022-04-21,NORMAL,proxy_hardened_no_worst_hours,True,True,37,1.8232906478753597,1.2962068383148582,3,0.36086021333591606,EXECUTE,
dynamic_normal_defensive_pause,2022-04-22 14:30:00,2022-04-22,NORMAL,proxy_hardened_no_worst_hours,True,True,38,1.7378480869677466,1.7813213804923789,4,0.8505718458097673,EXECUTE,
dynamic_normal_defensive_pause,2022-04-25 10:00:00,2022-04-25,NORMAL,proxy_hardened_no_worst_hours,True,True,39,1.8493033274005994,0.6275322737359232,0,0.0,EXECUTE,
dynamic_normal_defensive_pause,2022-04-27 10:00:00,2022-04-27,NORMAL,proxy_hardened_no_worst_hours,True,True,40,1.9271646509408829,0.0,0,0.0,EXECUTE,
dynamic_normal_defensive_pause,2022-04-27 13:00:00,2022-04-27,NORMAL,proxy_hardened_no_worst_hours,True,True,41,1.8462417632849935,0.45293330418991984,1,0.0,EXECUTE,
dynamic_normal_defensive_pause,2022-04-28 22:15:00,2022-04-28,NORMAL,proxy_hardened_no_worst_hours,True,False,42,1.9398835794282034,0.0,0,0.0,EXECUTE,
dynamic_normal_defensive_pause,2022-05-03 10:30:00,2022-05-03,NORMAL,proxy_hardened_no_worst_hours,True,True,43,1.995217594979229,0.0,0,0.0,EXECUTE,
dynamic_normal_defensive_pause,2022-05-05 10:15:00,2022-05-05,NORMAL,proxy_hardened_no_worst_hours,True,False,44,1.926689616380653,0.37927552096104866,1,0.37927552096105516,EXECUTE,
dynamic_normal_defensive_pause,2022-05-09 13:30:00,2022-05-09,NORMAL,proxy_hardened_no_worst_hours,True,True,45,1.988904458782859,0.0,0,0.0,EXECUTE,
dynamic_normal_defensive_pause,2022-05-10 14:15:00,2022-05-10,NORMAL,proxy_hardened_no_worst_hours,True,True,46,2.0772985805375677,0.0,0,0.0,EXECUTE,
dynamic_normal_defensive_pause,2022-05-12 10:00:00,2022-05-12,NORMAL,proxy_hardened_no_worst_hours,True,False,47,2.150602576929063,0.0,0,0.0,EXECUTE,
dynamic_normal_defensive_pause,2022-05-12 13:00:00,2022-05-12,NORMAL,proxy_hardened_no_worst_hours,True,False,48,2.2222364479272403,0.0,0,0.0,EXECUTE,
dynamic_normal_defensive_pause,2022-05-12 14:45:00,2022-05-12,NORMAL,,False,True,49,2.308902520098664,0.0,0,0.0,SKIP,daily_trade_limit
dynamic_normal_defensive_pause,2022-05-13 15:15:00,2022-05-13,NORMAL,proxy_hardened_no_worst_hours,True,True,49,2.308902520098664,0.0,0,0.0,EXECUTE,
dynamic_normal_defensive_pause,2022-05-18 13:45:00,2022-05-18,NORMAL,proxy_hardened_no_worst_hours,True,False,50,2.4125107255921336,0.0,0,0.0,EXECUTE,
dynamic_normal_defensive_pause,2022-05-19 19:00:00,2022-05-19,NORMAL,proxy_hardened_no_worst_hours,True,True,51,2.2720722320108027,0.41514719043955667,1,0.0,EXECUTE,
dynamic_normal_defensive_pause,2022-05-24 10:45:00,2022-05-24,NORMAL,proxy_hardened_no_worst_hours,True,True,52,2.1361663318222326,0.7637899807958684,2,0.0,EXECUTE,
dynamic_normal_defensive_pause,2022-05-24 13:30:00,2022-05-24,NORMAL,proxy_hardened_no_worst_hours,True,True,53,2.153782566927544,1.018034768717324,3,0.25620163030436227,EXECUTE,
dynamic_normal_defensive_pause,2022-05-26 15:00:00,2022-05-26,NORMAL,proxy_hardened_no_worst_hours,True,True,54,2.1502914675019817,0.3921124744925675,0,0.0,EXECUTE,
dynamic_normal_defensive_pause,2022-05-27 10:45:00,2022-05-27,NORMAL,proxy_hardened_no_worst_hours,True,True,55,2.127626455114039,0.8116888476686053,1,0.048267529426492845,EXECUTE,
dynamic_normal_defensive_pause,2022-05-31 14:45:00,2022-05-31,NORMAL,proxy_hardened_no_worst_hours,True,True,56,2.035117053169421,1.0571786003802666,2,0.0,EXECUTE,
dynamic_normal_defensive_pause,2022-06-01 22:30:00,2022-06-01,NORMAL,proxy_hardened_no_worst_hours,True,False,57,2.2182928695053463,0.20800707927468481,0,0.0,EXECUTE,
dynamic_normal_defensive_pause,2022-06-02 22:00:00,2022-06-02,NORMAL,proxy_hardened_no_worst_hours,True,True,58,2.2612217308664926,0.4246982129795743,1,0.0,EXECUTE,
dynamic_normal_defensive_pause,2022-06-07 13:00:00,2022-06-07,NORMAL,proxy_hardened_no_worst_hours,True,False,59,2.197269633702155,0.047426648624511035,0,0.0,EXECUTE,
dynamic_normal_defensive_pause,2022-06-07 14:30:00,2022-06-07,NORMAL,proxy_hardened_no_worst_hours,True,True,60,2.2267048135030842,0.32101152671189764,1,0.2737146917925029,EXECUTE,
dynamic_normal_defensive_pause,2022-06-09 15:30:00,2022-06-09,NORMAL,proxy_hardened_no_worst_hours,True,True,61,2.0872125464064553,0.7155153959744376,2,0.6684057497962809,EXECUTE,
dynamic_normal_defensive_pause,2022-06-10 10:15:00,2022-06-10,NORMAL,proxy_hardened_no_worst_hours,True,True,62,1.9529598053698312,1.0717766939591487,3,1.0248360907463916,EXECUTE,
dynamic_normal_defensive_pause,2022-06-10 14:00:00,2022-06-10,NORMAL,proxy_hardened_no_worst_hours,True,True,63,1.8809450259067393,0.6776427158441939,0,0.6305150994004248,EXECUTE,
dynamic_normal_defensive_pause,2022-06-15 19:30:00,2022-06-15,NORMAL,proxy_hardened_no_worst_hours,True,False,64,1.6828138242941195,1.2516799387559157,1,0.0,EXECUTE,
dynamic_normal_defensive_pause,2022-06-22 14:45:00,2022-06-22,NORMAL,proxy_hardened_no_worst_hours,True,True,65,1.8006524100293313,2.0421223712829417,2,0.0,EXECUTE,
dynamic_normal_defensive_pause,2022-06-24 13:45:00,2022-06-24,NORMAL,proxy_hardened_no_worst_hours,True,False,66,1.8556789477124742,2.538911492140167,3,0.5071456557482563,EXECUTE,
dynamic_normal_defensive_pause,2022-06-27 10:00:00,2022-06-27,NORMAL,proxy_hardened_no_worst_hours,True,True,67,1.9454174884085313,2.9707043281022965,4,0.0,EXECUTE,
dynamic_normal_defensive_pause,2022-06-28 13:00:00,2022-06-28,DEFENSIVE,proxy_hardened_no_worst_hours_high_margin,True,True,68,1.7819055470931238,3.2546753032290736,5,0.2926651926723502,EXECUTE,
dynamic_normal_defensive_pause,2022-06-29 10:00:00,2022-06-29,NORMAL,proxy_hardened_no_worst_hours,True,True,69,1.7374125792496293,2.6831334952036916,0,0.0,EXECUTE,
dynamic_normal_defensive_pause,2022-06-29 14:00:00,2022-06-29,NORMAL,proxy_hardened_no_worst_hours,True,True,70,1.5739731623718354,2.936391884395883,1,0.0,EXECUTE,
dynamic_normal_defensive_pause,2022-06-30 14:30:00,2022-06-30,NORMAL,proxy_hardened_no_worst_hours,True,True,71,1.7101118622984015,2.0455280354962975,0,0.0,EXECUTE,
dynamic_normal_defensive_pause,2022-07-06 13:45:00,2022-07-06,NORMAL,proxy_hardened_no_worst_hours,True,True,72,1.728355411522663,0.9692972319777063,0,0.0,EXECUTE,
dynamic_normal_defensive_pause,2022-07-11 10:30:00,2022-07-11,NORMAL,proxy_hardened_no_worst_hours,True,True,73,1.891292106477928,0.045396958387401286,0,0.0,EXECUTE,
dynamic_normal_defensive_pause,2022-07-12 14:00:00,2022-07-12,NORMAL,proxy_hardened_no_worst_hours,True,True,74,1.7874982185940262,0.27374806706671956,1,0.22845482021899327,EXECUTE,
dynamic_normal_defensive_pause,2022-07-13 13:00:00,2022-07-13,NORMAL,proxy_hardened_no_worst_hours,True,True,75,1.9334146982698361,0.0,0,0.0,EXECUTE,
dynamic_normal_defensive_pause,2022-07-13 14:00:00,2022-07-13,NORMAL,proxy_hardened_no_worst_hours,True,True,76,1.7778379626409015,0.5598982915530677,1,0.05495883435596995,EXECUTE,
dynamic_normal_defensive_pause,2022-07-14 14:30:00,2022-07-14,NORMAL,proxy_hardened_no_worst_hours,True,True,77,1.579719415589269,1.2065402437738044,2,0.7048843213956187,EXECUTE,
dynamic_normal_defensive_pause,2022-07-15 10:30:00,2022-07-15,NORMAL,proxy_hardened_no_worst_hours,True,True,78,1.546351850613536,1.7985786233837313,3,1.2999289684258788,EXECUTE,
dynamic_normal_defensive_pause,2022-07-20 10:45:00,2022-07-20,NORMAL,proxy_hardened_no_worst_hours,True,False,79,1.556132632269662,2.0614896970126444,4,0.0,EXECUTE,
dynamic_normal_defensive_pause,2022-07-20 15:15:00,2022-07-20,DEFENSIVE,,True,False,80,1.5886069083894367,2.320841503307543,5,0.26481085478282346,SKIP,no_candidate_for_mode
dynamic_normal_defensive_pause,2022-07-22 13:30:00,2022-07-22,DEFENSIVE,proxy_hardened_no_worst_hours_high_margin,True,True,80,1.5886069083894367,2.320841503307543,5,0.26481085478282346,EXECUTE,
dynamic_normal_defensive_pause,2022-07-25 10:15:00,2022-07-25,NORMAL,proxy_hardened_no_worst_hours,True,True,81,1.7040264089941417,1.5847150985993028,0,0.0,EXECUTE,
dynamic_normal_defensive_pause,2022-07-27 18:30:00,2022-07-27,NORMAL,proxy_hardened_no_worst_hours,True,True,82,1.5785119170174349,1.8877241281157013,1,0.30788817999153323,EXECUTE,
dynamic_normal_defensive_pause,2022-07-28 13:00:00,2022-07-28,NORMAL,proxy_hardened_no_worst_hours,True,True,83,1.5878703427419563,1.0416323122774587,0,0.0,EXECUTE,
dynamic_normal_defensive_pause,2022-07-28 18:15:00,2022-07-28,NORMAL,proxy_hardened_no_worst_hours,True,True,84,1.56715855425679,0.1798962453924228,0,0.0,EXECUTE,
dynamic_normal_defensive_pause,2022-07-29 18:45:00,2022-07-29,NORMAL,proxy_hardened_no_worst_hours,True,True,85,1.7005765010819471,0.0,0,0.0,EXECUTE,
dynamic_normal_defensive_pause,2022-08-01 13:00:00,2022-08-01,NORMAL,proxy_hardened_no_worst_hours,True,True,86,1.7205038758092486,0.30428029892582464,1,0.30428029892583075,EXECUTE,
dynamic_normal_defensive_pause,2022-08-04 13:45:00,2022-08-04,NORMAL,proxy_hardened_no_worst_hours,True,True,87,1.7153452701518428,0.6682796797351501,2,0.6682796797351624,EXECUTE,
dynamic_normal_defensive_pause,2022-08-08 18:00:00,2022-08-08,NORMAL,proxy_hardened_no_worst_hours,True,True,88,1.868434372896991,0.0,0,0.0,EXECUTE,
dynamic_normal_defensive_pause,2022-08-09 10:45:00,2022-08-09,NORMAL,proxy_hardened_no_worst_hours,True,True,89,1.7191920561787104,0.2417262304509346,1,0.24172623045094077,EXECUTE,
dynamic_normal_defensive_pause,2022-08-09 14:30:00,2022-08-09,NORMAL,proxy_hardened_no_worst_hours,True,True,90,1.7005158663635642,0.0,0,0.0,EXECUTE,
dynamic_normal_defensive_pause,2022-08-10 13:00:00,2022-08-10,NORMAL,proxy_hardened_no_worst_hours,True,True,91,1.712541874048996,0.3491116060049997,1,0.03317487923952429,EXECUTE,
dynamic_normal_defensive_pause,2022-08-11 13:30:00,2022-08-11,NORMAL,proxy_hardened_no_worst_hours,True,True,92,1.5490133210611077,0.8110625190409778,2,0.49659037790784,EXECUTE,
dynamic_normal_defensive_pause,2022-08-12 14:15:00,2022-08-12,NORMAL,proxy_hardened_no_worst_hours,True,True,93,1.4509438520792035,1.1437338677828517,3,0.8303164397456496,EXECUTE,
dynamic_normal_defensive_pause,2022-08-15 13:30:00,2022-08-15,NORMAL,proxy_hardened_no_worst_hours,True,True,94,1.5685328787356951,0.4200902966856949,0,0.0,EXECUTE,
dynamic_normal_defensive_pause,2022-08-16 13:00:00,2022-08-16,NORMAL,proxy_hardened_no_worst_hours,True,True,95,1.4439272312473177,0.8835782312222302,1,0.4654432163249041,EXECUTE,
dynamic_normal_defensive_pause,2022-08-17 13:00:00,2022-08-17,NORMAL,proxy_hardened_no_worst_hours,True,True,96,1.3215807868484553,1.2093602396775915,2,0.7925995769060631,EXECUTE,
dynamic_normal_defensive_pause,2022-08-19 15:30:00,2022-08-19,NORMAL,proxy_hardened_no_worst_hours,True,True,97,1.3107910233065478,0.5713034530412655,0,0.15185106795749195,EXECUTE,
dynamic_normal_defensive_pause,2022-08-22 13:45:00,2022-08-22,NORMAL,proxy_hardened_no_worst_hours,True,True,98,1.3001868188621422,0.0,0,0.0,EXECUTE,
dynamic_normal_defensive_pause,2022-08-23 10:00:00,2022-08-23,NORMAL,proxy_hardened_no_worst_hours,True,False,99,1.1830610780394037,0.3625425231133758,1,0.0,EXECUTE,
dynamic_normal_defensive_pause,2022-08-23 18:00:00,2022-08-23,DEFENSIVE,,True,False,100,1.0660706423088617,0.6384477381817241,2,0.016032185420246873,SKIP,no_candidate_for_mode
dynamic_normal_defensive_pause,2022-08-24 13:00:00,2022-08-24,DEFENSIVE,,True,False,100,1.0660706423088617,0.6384477381817241,2,0.016032185420246873,SKIP,no_candidate_for_mode
dynamic_normal_defensive_pause,2022-08-24 22:00:00,2022-08-24,DEFENSIVE,,True,False,100,1.0660706423088617,0.6384477381817241,2,0.016032185420246873,SKIP,no_candidate_for_mode
dynamic_normal_defensive_pause,2022-08-26 14:15:00,2022-08-26,DEFENSIVE,proxy_hardened_no_worst_hours_high_margin,True,True,100,1.0660706423088617,0.6384477381817241,2,0.016032185420246873,EXECUTE,
dynamic_normal_defensive_pause,2022-08-30 13:45:00,2022-08-30,NORMAL,proxy_hardened_no_worst_hours,True,True,101,1.1872661956893094,0.0,0,0.0,EXECUTE,
dynamic_normal_defensive_pause,2022-09-01 13:45:00,2022-09-01,NORMAL,proxy_hardened_no_worst_hours,True,True,102,1.275967765226812,0.0,0,0.0,EXECUTE,
dynamic_normal_defensive_pause,2022-09-01 15:00:00,2022-09-01,NORMAL,proxy_hardened_no_worst_hours,True,True,103,1.3772659664378117,0.0,0,0.0,EXECUTE,
dynamic_normal_defensive_pause,2022-09-06 13:45:00,2022-09-06,NORMAL,proxy_hardened_no_worst_hours,True,True,104,1.2636470540304903,0.4896291363750004,1,0.0,EXECUTE,
dynamic_normal_defensive_pause,2022-09-12 14:30:00,2022-09-12,NORMAL,proxy_hardened_no_worst_hours,True,True,105,1.3664654960059819,0.0,0,0.0,EXECUTE,
dynamic_normal_defensive_pause,2022-09-13 10:15:00,2022-09-13,NORMAL,proxy_hardened_no_worst_hours,True,True,106,1.3492431871506263,0.3762151586565394,1,0.3762151586565453,EXECUTE,
dynamic_normal_defensive_pause,2022-09-14 14:15:00,2022-09-14,NORMAL,proxy_hardened_no_worst_hours,True,True,107,1.313144934895116,0.0,0,0.0,EXECUTE,
dynamic_normal_defensive_pause,2022-09-15 10:30:00,2022-09-15,NORMAL,proxy_hardened_no_worst_hours,True,True,108,1.3016646893112231,0.30658605367781544,1,0.2577492742626015,EXECUTE,
dynamic_normal_defensive_pause,2022-09-15 13:00:00,2022-09-15,NORMAL,proxy_hardened_no_worst_hours,True,True,109,1.2410085442656227,0.5542485981763742,2,0.5055331411291776,EXECUTE,
dynamic_normal_defensive_pause,2022-09-16 13:15:00,2022-09-16,NORMAL,proxy_hardened_no_worst_hours,True,True,110,1.2331253731567184,0.8914207719692455,3,0.842870485342293,EXECUTE,
dynamic_normal_defensive_pause,2022-09-19 10:15:00,2022-09-19,NORMAL,proxy_hardened_no_worst_hours,True,True,111,1.2358418607255497,1.2480733613804746,4,0.0,EXECUTE,
dynamic_normal_defensive_pause,2022-09-20 10:15:00,2022-09-20,DEFENSIVE,proxy_hardened_no_worst_hours_high_margin,True,True,112,1.2427748744533873,1.5293049174061764,5,0.28478589289186074,EXECUTE,
dynamic_normal_defensive_pause,2022-09-20 13:45:00,2022-09-20,NORMAL,proxy_hardened_no_worst_hours,True,True,113,1.2520637166194497,1.0428180132425948,0,0.0,EXECUTE,
dynamic_normal_defensive_pause,2022-09-22 14:00:00,2022-09-22,NORMAL,proxy_hardened_no_worst_hours,True,False,114,1.2787452460242126,1.3621242588160178,1,0.11549232639574515,EXECUTE,
dynamic_normal_defensive_pause,2022-09-23 13:15:00,2022-09-23,NORMAL,proxy_hardened_no_worst_hours,True,True,115,1.3030845224024201,1.9199878132187622,2,0.6804064231548285,EXECUTE,
dynamic_normal_defensive_pause,2022-09-26 10:00:00,2022-09-26,NORMAL,proxy_hardened_no_worst_hours,True,True,116,1.4643570525938034,0.870235637430011,0,0.0,EXECUTE,
dynamic_normal_defensive_pause,2022-09-29 14:00:00,2022-09-29,NORMAL,proxy_hardened_no_worst_hours,True,False,117,1.4622628122447359,1.3029245871409856,1,0.4364874187821211,EXECUTE,
dynamic_normal_defensive_pause,2022-09-29 14:45:00,2022-09-29,NORMAL,proxy_hardened_no_worst_hours,True,False,118,1.4356602616474834,1.7705557825523621,2,0.908223832581117,EXECUTE,
dynamic_normal_defensive_pause,2022-09-30 13:30:00,2022-09-30,NORMAL,proxy_hardened_no_worst_hours,True,True,119,1.4796589396743816,0.7511028226523908,0,0.0,EXECUTE,
dynamic_normal_defensive_pause,2022-10-04 13:15:00,2022-10-04,NORMAL,proxy_hardened_no_worst_hours,True,True,120,1.4548778361086383,1.1767234519700853,1,0.0,EXECUTE,
dynamic_normal_defensive_pause,2022-10-05 22:00:00,2022-10-05,NORMAL,proxy_hardened_no_worst_hours,True,True,121,1.4475525961071463,0.3936983891835613,0,0.0,EXECUTE,
dynamic_normal_defensive_pause,2022-10-11 10:15:00,2022-10-11,NORMAL,proxy_hardened_no_worst_hours,True,True,122,1.4009080931397706,0.0,0,0.0,EXECUTE,
dynamic_normal_defensive_pause,2022-10-12 22:15:00,2022-10-12,NORMAL,proxy_hardened_no_worst_hours,True,False,123,1.2788573680422657,0.32944498361403907,1,0.32944498361404506,EXECUTE,
dynamic_normal_defensive_pause,2022-10-18 10:00:00,2022-10-18,NORMAL,proxy_hardened_no_worst_hours,True,False,124,1.2747733315886196,0.585625355060917,2,0.0,EXECUTE,
dynamic_normal_defensive_pause,2022-10-18 14:30:00,2022-10-18,NORMAL,proxy_hardened_no_worst_hours,True,True,125,1.1779589214177684,0.8968423695707847,3,0.3130503165376165,EXECUTE,
dynamic_normal_defensive_pause,2022-10-19 14:00:00,2022-10-19,NORMAL,proxy_hardened_no_worst_hours,True,True,126,1.2933834493669247,0.27906220893600614,0,0.0,EXECUTE,
dynamic_normal_defensive_pause,2022-10-25 18:30:00,2022-10-25,NORMAL,proxy_hardened_no_worst_hours,True,True,127,1.4466646175223312,0.0,0,0.0,EXECUTE,
dynamic_normal_defensive_pause,2022-10-26 14:15:00,2022-10-26,NORMAL,proxy_hardened_no_worst_hours,True,True,128,1.4854674046029666,0.3049048163901176,1,0.30490481639012357,EXECUTE,
dynamic_normal_defensive_pause,2022-10-28 13:30:00,2022-10-28,NORMAL,proxy_hardened_no_worst_hours,True,True,129,1.465541671746119,0.694220453800236,2,0.6942204538002479,EXECUTE,
dynamic_normal_defensive_pause,2022-10-31 13:45:00,2022-10-31,NORMAL,proxy_hardened_no_worst_hours,True,True,130,1.5980970939181491,0.0,0,0.0,EXECUTE,
dynamic_normal_defensive_pause,2022-10-31 15:30:00,2022-10-31,NORMAL,proxy_hardened_no_worst_hours,True,True,131,1.4806503298733855,0.299482041930044,1,0.0,EXECUTE,
dynamic_normal_defensive_pause,2022-11-01 18:15:00,2022-11-01,NORMAL,proxy_hardened_no_worst_hours,True,True,132,1.4812759079138995,0.5872074766105903,2,0.0,EXECUTE,
dynamic_normal_defensive_pause,2022-11-02 13:15:00,2022-11-02,NORMAL,proxy_hardened_no_worst_hours,True,True,133,1.4618992034966816,0.0,0,0.0,EXECUTE,
dynamic_normal_defensive_pause,2022-11-03 13:45:00,2022-11-03,NORMAL,proxy_hardened_no_worst_hours,True,True,134,1.3438040400661546,0.2704959233018296,1,0.0,EXECUTE,
dynamic_normal_defensive_pause,2022-11-04 10:00:00,2022-11-04,NORMAL,proxy_hardened_no_worst_hours,True,True,135,1.2276266838691738,0.6982107068707679,2,0.0,EXECUTE,
dynamic_normal_defensive_pause,2022-11-07 13:00:00,2022-11-07,NORMAL,proxy_hardened_no_worst_hours,True,True,136,1.3183906346056276,0.10593502552932697,0,0.0,EXECUTE,
dynamic_normal_defensive_pause,2022-11-09 15:15:00,2022-11-09,NORMAL,proxy_hardened_no_worst_hours,True,True,137,1.3284461390702218,0.378877877109237,1,0.2732323002869793,EXECUTE,
dynamic_normal_defensive_pause,2022-11-11 13:00:00,2022-11-11,NORMAL,proxy_hardened_no_worst_hours,True,True,138,1.2074492947784132,0.8197018002439235,2,0.7145237055845325,EXECUTE,
dynamic_normal_defensive_pause,2022-11-11 14:45:00,2022-11-11,NORMAL,proxy_hardened_no_worst_hours,True,True,139,1.1919764816648308,1.1951256313845482,3,1.0903456638125566,EXECUTE,
dynamic_normal_defensive_pause,2022-11-14 14:00:00,2022-11-14,NORMAL,proxy_hardened_no_worst_hours,True,True,140,1.2170287862826639,0.377627309444454,0,0.0,EXECUTE,
dynamic_normal_defensive_pause,2022-11-14 21:00:00,2022-11-14,NORMAL,proxy_hardened_no_worst_hours,True,True,141,1.3162604717827153,0.0,0,0.0,EXECUTE,
dynamic_normal_defensive_pause,2022-11-15 10:00:00,2022-11-15,NORMAL,proxy_hardened_no_worst_hours,True,True,142,1.3395654202147584,0.2627601120046667,1,0.0,EXECUTE,
dynamic_normal_defensive_pause,2022-11-15 19:30:00,2022-11-15,NORMAL,proxy_hardened_no_worst_hours,True,True,143,1.4434215740236052,0.0,0,0.0,EXECUTE,
dynamic_normal_defensive_pause,2022-11-21 10:45:00,2022-11-21,NORMAL,proxy_hardened_no_worst_hours,True,True,144,1.305459143396278,0.5319133315160571,1,0.0,EXECUTE,
dynamic_normal_defensive_pause,2022-11-24 10:15:00,2022-11-24,NORMAL,proxy_hardened_no_worst_hours,True,True,145,1.328565538418509,0.7948278801286852,2,0.2643205046146097,EXECUTE,
dynamic_normal_defensive_pause,2022-11-29 15:30:00,2022-11-29,NORMAL,proxy_hardened_no_worst_hours,True,False,146,1.3415943881747967,1.0081484120931792,3,0.0,EXECUTE,
dynamic_normal_defensive_pause,2022-11-30 10:45:00,2022-11-30,NORMAL,proxy_hardened_no_worst_hours,True,True,147,1.2412328334153038,1.3480580411508338,4,0.3433713215837909,EXECUTE,
dynamic_normal_defensive_pause,2022-11-30 14:30:00,2022-11-30,NORMAL,proxy_hardened_no_worst_hours,True,True,148,1.2247867953713878,0.9219931009482467,0,0.0,EXECUTE,
dynamic_normal_defensive_pause,2022-12-01 10:00:00,2022-12-01,NORMAL,proxy_hardened_no_worst_hours,True,True,149,1.2238437302160499,1.2807188177187196,1,0.2753463050274496,EXECUTE,
dynamic_normal_defensive_pause,2022-12-02 13:00:00,2022-12-02,NORMAL,proxy_hardened_no_worst_hours,True,False,150,1.3065815361655806,0.7443395785863047,0,0.0,EXECUTE,
dynamic_normal_defensive_pause,2022-12-02 21:00:00,2022-12-02,NORMAL,proxy_hardened_no_worst_hours,True,True,151,1.194245837352527,0.9439951345347182,1,0.0,EXECUTE,
dynamic_normal_defensive_pause,2022-12-07 21:30:00,2022-12-07,NORMAL,proxy_hardened_no_worst_hours,True,True,152,1.1895808569417523,0.42594374707744453,0,0.0,EXECUTE,
dynamic_normal_defensive_pause,2022-12-08 13:00:00,2022-12-08,DEFENSIVE,proxy_hardened_no_worst_hours_high_margin,True,True,153,1.0920741689498152,0.6743487483233274,1,0.0,EXECUTE,
dynamic_normal_defensive_pause,2022-12-08 15:45:00,2022-12-08,NORMAL,proxy_hardened_no_worst_hours,True,True,154,1.1843444816197415,0.240950290639531,0,0.0,EXECUTE,
dynamic_normal_defensive_pause,2022-12-09 13:45:00,2022-12-09,NORMAL,proxy_hardened_no_worst_hours,True,False,155,1.1951880451401875,0.0,0,0.0,EXECUTE,
dynamic_normal_defensive_pause,2022-12-09 15:45:00,2022-12-09,NORMAL,proxy_hardened_no_worst_hours,True,False,156,1.1927921803249675,0.38940007560455514,1,0.0,EXECUTE,
dynamic_normal_defensive_pause,2022-12-13 10:45:00,2022-12-13,NORMAL,proxy_hardened_no_worst_hours,True,False,157,1.1062108836015752,0.8242439446761711,2,0.4365437708453406,EXECUTE,
dynamic_normal_defensive_pause,2022-12-13 18:00:00,2022-12-13,NORMAL,proxy_hardened_no_worst_hours,True,True,158,1.178638420111984,0.39607624603512404,0,0.006702269071411921,EXECUTE,
dynamic_normal_defensive_pause,2022-12-15 13:45:00,2022-12-15,NORMAL,proxy_hardened_no_worst_hours,True,True,159,1.1491620248958927,0.908234328191541,1,0.5208624915227891,EXECUTE,
dynamic_normal_defensive_pause,2022-12-15 15:15:00,2022-12-15,NORMAL,proxy_hardened_no_worst_hours,True,True,160,1.1410823228220686,1.3150277478070438,2,0.9292461574421442,EXECUTE,
dynamic_normal_defensive_pause,2022-12-16 18:00:00,2022-12-16,NORMAL,proxy_hardened_no_worst_hours,True,True,161,1.1245220418374795,1.82439574602589,3,1.4406053888948838,EXECUTE,
dynamic_normal_defensive_pause,2022-12-19 10:00:00,2022-12-19,NORMAL,proxy_hardened_no_worst_hours,True,True,162,1.2120816332016835,1.1947526582756893,0,0.0,EXECUTE,
dynamic_normal_defensive_pause,2022-12-20 13:30:00,2022-12-20,NORMAL,proxy_hardened_no_worst_hours,True,False,163,1.1437914594468266,1.4185442746042016,1,0.0,EXECUTE,
dynamic_normal_defensive_pause,2022-12-21 14:15:00,2022-12-21,NORMAL,proxy_hardened_no_worst_hours,True,True,164,1.2390406364210755,0.7628805070754234,0,0.0,EXECUTE,
dynamic_normal_defensive_pause,2022-12-21 15:45:00,2022-12-21,NORMAL,proxy_hardened_no_worst_hours,True,True,165,1.3479361738461941,0.341105980186295,0,0.0,EXECUTE,
dynamic_normal_defensive_pause,2022-12-22 13:00:00,2022-12-22,NORMAL,proxy_hardened_no_worst_hours,True,False,166,1.2104875883857282,0.6373221848443897,1,0.0,EXECUTE,
dynamic_normal_defensive_pause,2022-12-23 14:45:00,2022-12-23,NORMAL,proxy_hardened_no_worst_hours,True,True,167,1.236827129463848,0.8401762866817297,2,0.0,EXECUTE,
dynamic_normal_defensive_pause,2022-12-27 13:00:00,2022-12-27,NORMAL,proxy_hardened_no_worst_hours,True,True,168,1.2583317407140293,1.1247764864361631,3,0.0,EXECUTE,
dynamic_normal_defensive_pause,2022-12-27 14:30:00,2022-12-27,NORMAL,proxy_hardened_no_worst_hours,True,True,169,1.1393683839815714,1.2914334228958835,4,0.16855277847929634,EXECUTE,
dynamic_normal_defensive_pause,2022-12-28 18:15:00,2022-12-28,NORMAL,proxy_hardened_no_worst_hours,True,False,170,1.2395596858150935,0.7903370758888466,0,0.0,EXECUTE,
dynamic_normal_defensive_pause,2022-12-29 13:15:00,2022-12-29,NORMAL,proxy_hardened_no_worst_hours,True,False,171,1.1247053716052142,1.1031248840365269,1,0.0,EXECUTE,
dynamic_normal_defensive_pause,2022-12-30 13:30:00,2022-12-30,NORMAL,proxy_hardened_no_worst_hours,True,True,172,1.1116576227585504,0.7065214898533592,0,0.0,EXECUTE,
dynamic_normal_defensive_pause,2022-12-30 18:00:00,2022-12-30,NORMAL,proxy_hardened_no_worst_hours,True,True,173,1.119754200354373,0.9572061986397613,1,0.0,EXECUTE,
dynamic_normal_defensive_pause,2023-01-03 13:15:00,2023-01-03,NORMAL,proxy_hardened_no_worst_hours,True,True,174,1.110377722691334,1.2930264010849255,2,0.0,EXECUTE,
dynamic_normal_defensive_pause,2023-01-03 18:15:00,2023-01-03,NORMAL,proxy_hardened_no_worst_hours,True,True,175,1.2155796661401006,0.6049797508011672,0,0.0,EXECUTE,
dynamic_normal_defensive_pause,2023-01-04 13:15:00,2023-01-04,NORMAL,proxy_hardened_no_worst_hours,True,True,176,1.2412146994212703,0.0,0,0.0,EXECUTE,
dynamic_normal_defensive_pause,2023-01-04 15:30:00,2023-01-04,NORMAL,proxy_hardened_no_worst_hours,True,False,177,1.1251766649253783,0.3408963861456214,1,0.0,EXECUTE,
dynamic_normal_defensive_pause,2023-01-04 21:00:00,2023-01-04,NORMAL,,False,True,178,1.1062481347349966,0.8134111957397602,2,0.0,SKIP,daily_trade_limit
dynamic_normal_defensive_pause,2023-01-06 13:30:00,2023-01-06,NORMAL,proxy_hardened_no_worst_hours,True,True,178,1.1062481347349966,0.8134111957397602,2,0.0,EXECUTE,
dynamic_normal_defensive_pause,2023-01-06 14:45:00,2023-01-06,NORMAL,proxy_hardened_no_worst_hours,True,True,179,1.1069127437317061,1.1903301491861438,3,0.0,EXECUTE,
dynamic_normal_defensive_pause,2023-01-09 15:00:00,2023-01-09,NORMAL,proxy_hardened_no_worst_hours,True,True,180,1.108064759661492,0.2564499718156626,0,0.0,EXECUTE,
dynamic_normal_defensive_pause,2023-01-10 10:00:00,2023-01-10,NORMAL,proxy_hardened_no_worst_hours,True,True,181,1.105721700310061,0.5735626192873096,1,0.31792797367052505,EXECUTE,
dynamic_normal_defensive_pause,2023-01-10 14:30:00,2023-01-10,NORMAL,proxy_hardened_no_worst_hours,True,True,182,1.1105257249492104,0.8129395572737407,2,0.5579203720950816,EXECUTE,
dynamic_normal_defensive_pause,2023-01-11 10:30:00,2023-01-11,DEFENSIVE,proxy_hardened_no_worst_hours_high_margin,True,True,183,1.0196359274084799,1.1251701568174268,3,0.8709537456369953,EXECUTE,
dynamic_normal_defensive_pause,2023-01-12 10:15:00,2023-01-12,DEFENSIVE,proxy_hardened_no_worst_hours_high_margin,True,True,184,1.0216475663954274,1.3713149923034553,4,1.1177314424569718,EXECUTE,
dynamic_normal_defensive_pause,2023-01-13 14:00:00,2023-01-13,DEFENSIVE,proxy_hardened_no_worst_hours_high_margin,True,True,185,1.0997724327655598,1.0138426875050197,0,0.7593400430156853,EXECUTE,
dynamic_normal_defensive_pause,2023-01-17 14:30:00,2023-01-17,NORMAL,proxy_hardened_no_worst_hours,True,True,186,1.107770870527498,0.34871698452516875,0,0.0,EXECUTE,
dynamic_normal_defensive_pause,2023-01-18 15:15:00,2023-01-18,NORMAL,proxy_hardened_no_worst_hours,True,True,187,1.100263579010338,0.6869000276040926,1,0.3393664716052008,EXECUTE,
dynamic_normal_defensive_pause,2023-01-19 14:00:00,2023-01-19,NORMAL,proxy_hardened_no_worst_hours,True,True,188,1.1017302564340496,1.1083219548858325,2,0.7622631112965365,EXECUTE,
dynamic_normal_defensive_pause,2023-01-23 19:45:00,2023-01-23,NORMAL,proxy_hardened_no_worst_hours,True,True,189,1.211653531886953,0.44145058461098186,0,0.0,EXECUTE,
dynamic_normal_defensive_pause,2023-01-24 10:15:00,2023-01-24,NORMAL,proxy_hardened_no_worst_hours,True,True,190,1.1925286425093942,0.0,0,0.0,EXECUTE,
dynamic_normal_defensive_pause,2023-02-01 14:30:00,2023-02-01,DEFENSIVE,proxy_hardened_no_worst_hours_high_margin,True,True,191,1.0999636888983857,0.24298744107552925,1,0.0,EXECUTE,
dynamic_normal_defensive_pause,2023-02-01 19:30:00,2023-02-01,DEFENSIVE,proxy_hardened_no_worst_hours_high_margin,True,True,192,1.0961660924587349,0.5371426080547291,2,0.29487166809997856,EXECUTE,
dynamic_normal_defensive_pause,2023-02-02 10:15:00,2023-02-02,NORMAL,proxy_hardened_no_worst_hours,True,True,193,1.1341338787713071,0.0,0,0.0,EXECUTE,
dynamic_normal_defensive_pause,2023-02-03 13:15:00,2023-02-03,NORMAL,proxy_hardened_no_worst_hours,True,True,194,1.162478131611228,0.2811048385397864,1,0.0,EXECUTE,
dynamic_normal_defensive_pause,2023-02-06 10:00:00,2023-02-06,NORMAL,proxy_hardened_no_worst_hours,True,True,195,1.2521494106759168,0.0,0,0.0,EXECUTE,
dynamic_normal_defensive_pause,2023-02-07 13:00:00,2023-02-07,NORMAL,proxy_hardened_no_worst_hours,True,True,196,1.3508221500302984,0.0,0,0.0,EXECUTE,
dynamic_normal_defensive_pause,2023-02-14 14:45:00,2023-02-14,NORMAL,proxy_hardened_no_worst_hours,True,True,197,1.3525273984032196,0.32070005480905145,1,0.0,EXECUTE,
dynamic_normal_defensive_pause,2023-02-14 15:45:00,2023-02-14,NORMAL,proxy_hardened_no_worst_hours,True,False,198,1.219000749145223,0.9850225283862011,2,0.6664598105548852,EXECUTE,
dynamic_normal_defensive_pause,2023-02-15 14:45:00,2023-02-15,NORMAL,proxy_hardened_no_worst_hours,True,True,199,1.412256095848818,0.0,0,0.0,EXECUTE,
dynamic_normal_defensive_pause,2023-02-16 15:00:00,2023-02-16,NORMAL,proxy_hardened_no_worst_hours,True,True,200,1.3041919281638117,0.3832977421932818,1,0.0,EXECUTE,
dynamic_normal_defensive_pause,2023-02-17 14:30:00,2023-02-17,NORMAL,proxy_hardened_no_worst_hours,True,True,201,1.2763754712636732,0.79212755770678,2,0.05195955019560425,EXECUTE,
dynamic_normal_defensive_pause,2023-02-20 14:45:00,2023-02-20,NORMAL,proxy_hardened_no_worst_hours,True,False,202,1.1887919358872159,1.108742169734512,3,0.0,EXECUTE,
dynamic_normal_defensive_pause,2023-02-21 10:00:00,2023-02-21,NORMAL,proxy_hardened_no_worst_hours,True,True,203,1.1936501179353323,1.3083438717411353,4,0.20183958257384152,EXECUTE,
dynamic_normal_defensive_pause,2023-02-23 10:45:00,2023-02-23,DEFENSIVE,,True,False,204,1.12535191906942,1.5603655192418016,5,0.4566868289636445,SKIP,no_candidate_for_mode
dynamic_normal_defensive_pause,2023-02-23 15:00:00,2023-02-23,DEFENSIVE,,True,False,204,1.12535191906942,1.5603655192418016,5,0.4566868289636445,SKIP,no_candidate_for_mode
dynamic_normal_defensive_pause,2023-02-27 10:00:00,2023-02-27,DEFENSIVE,proxy_hardened_no_worst_hours_high_margin,True,True,204,1.12535191906942,1.5603655192418016,5,0.0,EXECUTE,
dynamic_normal_defensive_pause,2023-02-27 19:30:00,2023-02-27,DEFENSIVE,,True,False,205,1.0395708749357047,1.7722899187307837,6,0.21528361071922936,SKIP,no_candidate_for_mode
dynamic_normal_defensive_pause,2023-02-28 10:00:00,2023-02-28,DEFENSIVE,proxy_hardened_no_worst_hours_high_margin,True,True,205,1.0395708749357047,1.7722899187307837,6,0.21528361071922936,EXECUTE,
dynamic_normal_defensive_pause,2023-02-28 21:00:00,2023-02-28,DEFENSIVE,proxy_hardened_no_worst_hours_high_margin,True,True,206,1.051425909050153,2.0314222390520205,7,0.4785234344834006,EXECUTE,
dynamic_normal_defensive_pause,2023-03-01 10:15:00,2023-03-01,DEFENSIVE,,True,False,207,1.070628405449116,2.2652886848130027,8,0.7160968945989009,SKIP,no_candidate_for_mode
dynamic_normal_defensive_pause,2023-03-01 13:15:00,2023-03-01,DEFENSIVE,proxy_hardened_no_worst_hours_high_margin,True,True,207,1.070628405449116,2.2652886848130027,8,0.7160968945989009,EXECUTE,
dynamic_normal_defensive_pause,2023-03-01 15:15:00,2023-03-01,DEFENSIVE,proxy_hardened_no_worst_hours_high_margin,False,True,208,1.085477420180627,1.690909003695334,0,0.13261272773119925,EXECUTE,
dynamic_normal_defensive_pause,2023-03-02 15:00:00,2023-03-02,DEFENSIVE,proxy_hardened_no_worst_hours_high_margin,True,True,209,1.0936414194754063,2.113563961577078,1,0.5619671845118824,EXECUTE,
dynamic_normal_defensive_pause,2023-03-02 19:00:00,2023-03-02,NORMAL,proxy_hardened_no_worst_hours,True,True,210,1.1018597732089765,2.433821752735165,2,0.8873013782513897,EXECUTE,
dynamic_normal_defensive_pause,2023-03-03 13:00:00,2023-03-03,NORMAL,proxy_hardened_no_worst_hours,True,True,211,1.2117499436451997,1.9028629142844298,0,0.3479263173306638,EXECUTE,
dynamic_normal_defensive_pause,2023-03-10 10:00:00,2023-03-10,NORMAL,proxy_hardened_no_worst_hours,True,True,212,1.1249370001762704,2.113805564327477,1,0.0,EXECUTE,
dynamic_normal_defensive_pause,2023-03-13 10:15:00,2023-03-13,NORMAL,proxy_hardened_no_worst_hours,True,True,213,1.2019867494057033,1.6034796928281403,0,0.0,EXECUTE,
dynamic_normal_defensive_pause,2023-03-15 10:00:00,2023-03-15,NORMAL,proxy_hardened_no_worst_hours,True,True,214,1.2301464998603493,0.6857401879540228,0,0.0,EXECUTE,
dynamic_normal_defensive_pause,2023-03-15 14:15:00,2023-03-15,NORMAL,proxy_hardened_no_worst_hours,True,True,215,1.2749845243941278,0.0,0,0.0,EXECUTE,
dynamic_normal_defensive_pause,2023-03-16 14:00:00,2023-03-16,NORMAL,proxy_hardened_no_worst_hours,True,True,216,1.2220841231291306,0.7135385903263309,1,0.0,EXECUTE,
dynamic_normal_defensive_pause,2023-03-17 10:15:00,2023-03-17,NORMAL,proxy_hardened_no_worst_hours,True,True,217,1.189125352311054,1.1950547430345995,2,0.0,EXECUTE,
dynamic_normal_defensive_pause,2023-03-20 18:15:00,2023-03-20,NORMAL,proxy_hardened_no_worst_hours,True,True,218,1.273700092944864,0.6600838242307583,0,0.0,EXECUTE,
dynamic_normal_defensive_pause,2023-03-22 18:00:00,2023-03-22,NORMAL,proxy_hardened_no_worst_hours,True,True,219,1.2307952848035908,1.179498379199476,1,0.5228659082515089,EXECUTE,
dynamic_normal_defensive_pause,2023-03-23 10:15:00,2023-03-23,NORMAL,proxy_hardened_no_worst_hours,True,True,220,1.2791894969556108,0.17779035670916155,0,0.0,EXECUTE,
dynamic_normal_defensive_pause,2023-03-23 13:15:00,2023-03-23,NORMAL,proxy_hardened_no_worst_hours,True,False,221,1.2699309570954027,0.5603891655065998,1,0.0,EXECUTE,
dynamic_normal_defensive_pause,2023-03-23 19:00:00,2023-03-23,NORMAL,,False,True,222,1.316341782990527,0.0,0,0.0,SKIP,daily_trade_limit
dynamic_normal_defensive_pause,2023-03-24 14:30:00,2023-03-24,NORMAL,proxy_hardened_no_worst_hours,True,True,222,1.316341782990527,0.0,0,0.0,EXECUTE,
dynamic_normal_defensive_pause,2023-03-27 14:45:00,2023-03-27,NORMAL,proxy_hardened_no_worst_hours,True,True,223,1.2767104292679168,0.5740148369865197,1,0.0,EXECUTE,
dynamic_normal_defensive_pause,2023-03-30 13:00:00,2023-03-30,NORMAL,proxy_hardened_no_worst_hours,True,True,224,1.2568759571296877,1.0738396184634151,2,0.5027104138394158,EXECUTE,
dynamic_normal_defensive_pause,2023-03-30 14:15:00,2023-03-30,NORMAL,proxy_hardened_no_worst_hours,True,True,225,1.1633712959310087,1.3932096066976036,3,0.823924216961982,EXECUTE,
dynamic_normal_defensive_pause,2023-04-03 13:30:00,2023-04-03,NORMAL,proxy_hardened_no_worst_hours,True,True,226,1.153393598359953,0.673622743325323,0,0.0,EXECUTE,
dynamic_normal_defensive_pause,2023-04-03 19:00:00,2023-04-03,NORMAL,proxy_hardened_no_worst_hours,True,True,227,1.2519771441175926,0.0,0,0.0,EXECUTE,
dynamic_normal_defensive_pause,2023-04-04 10:00:00,2023-04-04,NORMAL,proxy_hardened_no_worst_hours,True,True,228,1.2663623896844656,0.3345599112436161,1,0.0,EXECUTE,
dynamic_normal_defensive_pause,2023-04-05 10:00:00,2023-04-05,NORMAL,proxy_hardened_no_worst_hours,True,True,229,1.2820841628997066,0.5673918000711081,2,0.0,EXECUTE,
dynamic_normal_defensive_pause,2023-04-05 14:00:00,2023-04-05,NORMAL,proxy_hardened_no_worst_hours,True,False,230,1.2412981215942993,0.09935818067151649,0,0.0,EXECUTE,
dynamic_normal_defensive_pause,2023-04-06 10:00:00,2023-04-06,NORMAL,proxy_hardened_no_worst_hours,True,True,231,1.2232743204970298,0.5686008457929377,1,0.0,EXECUTE,
dynamic_normal_defensive_pause,2023-04-11 10:00:00,2023-04-11,NORMAL,proxy_hardened_no_worst_hours,True,True,232,1.2219204749966324,0.8142736342834326,2,0.0,EXECUTE,
dynamic_normal_defensive_pause,2023-04-11 14:15:00,2023-04-11,NORMAL,proxy_hardened_no_worst_hours,True,True,233,1.2280063467189408,1.0641391567615617,3,0.251916814680404,EXECUTE,
dynamic_normal_defensive_pause,2023-04-12 19:30:00,2023-04-12,NORMAL,proxy_hardened_no_worst_hours,True,True,234,1.311438320602918,0.46339710835416786,0,0.0,EXECUTE,
dynamic_normal_defensive_pause,2023-04-13 15:00:00,2023-04-13,NORMAL,proxy_hardened_no_worst_hours,True,True,235,1.3455027669200594,0.0,0,0.0,EXECUTE,
dynamic_normal_defensive_pause,2023-04-20 14:15:00,2023-04-20,NORMAL,proxy_hardened_no_worst_hours,True,True,236,1.2307089608348927,0.47291071983919536,1,0.0,EXECUTE,
dynamic_normal_defensive_pause,2023-04-20 18:30:00,2023-04-20,NORMAL,proxy_hardened_no_worst_hours,True,True,237,1.2168387681058388,0.9293536548640471,2,0.45861175919654096,EXECUTE,
dynamic_normal_defensive_pause,2023-04-21 10:45:00,2023-04-21,NORMAL,proxy_hardened_no_worst_hours,True,True,238,1.2255989712872029,1.2585212091694902,3,0.789343378784921,EXECUTE,
dynamic_normal_defensive_pause,2023-04-21 14:15:00,2023-04-21,NORMAL,proxy_hardened_no_worst_hours,True,True,239,1.132639874607442,1.6071117396932926,4,1.1395902643765954,EXECUTE,
dynamic_normal_defensive_pause,2023-04-25 18:45:00,2023-04-25,DEFENSIVE,,True,False,240,1.0227916684418148,2.2609439053668234,5,0.6645116097657061,SKIP,no_candidate_for_mode
dynamic_normal_defensive_pause,2023-04-26 13:45:00,2023-04-26,DEFENSIVE,,True,False,240,1.0227916684418148,2.2609439053668234,5,0.6645116097657061,SKIP,no_candidate_for_mode
dynamic_normal_defensive_pause,2023-04-27 10:00:00,2023-04-27,DEFENSIVE,,True,False,240,1.0227916684418148,2.2609439053668234,5,0.6645116097657061,SKIP,no_candidate_for_mode
dynamic_normal_defensive_pause,2023-04-28 10:15:00,2023-04-28,DEFENSIVE,proxy_hardened_no_worst_hours_high_margin,True,True,240,1.0227916684418148,2.2609439053668234,5,0.6645116097657061,EXECUTE,
dynamic_normal_defensive_pause,2023-04-28 14:00:00,2023-04-28,DEFENSIVE,proxy_hardened_no_worst_hours_high_margin,True,True,241,1.0226372396309855,2.4996069837036043,6,0.9070729193853435,EXECUTE,
dynamic_normal_defensive_pause,2023-05-02 14:00:00,2023-05-02,DEFENSIVE,proxy_hardened_no_worst_hours_high_margin,True,True,242,1.01274003674463,2.9058193987771483,7,0.0,EXECUTE,
dynamic_normal_defensive_pause,2023-05-03 14:30:00,2023-05-03,PAUSE,,True,True,243,0.9910112602337635,2.2052489315709756,0,0.0,SKIP,pause_mode
dynamic_normal_defensive_pause,2023-05-03 18:00:00,2023-05-03,PAUSE,,True,True,243,0.9910112602337635,2.2052489315709756,0,0.0,SKIP,pause_mode
dynamic_normal_defensive_pause,2023-05-04 15:00:00,2023-05-04,PAUSE,,True,True,243,0.9910112602337635,2.2052489315709756,0,0.0,SKIP,pause_mode
dynamic_normal_defensive_pause,2023-05-08 15:15:00,2023-05-08,PAUSE,,True,False,243,0.9910112602337635,2.2052489315709756,0,0.0,SKIP,pause_mode
dynamic_normal_defensive_pause,2023-05-09 13:45:00,2023-05-09,PAUSE,,True,False,243,0.9910112602337635,2.2052489315709756,0,0.0,SKIP,pause_mode
dynamic_normal_defensive_pause,2023-05-10 13:45:00,2023-05-10,PAUSE,,True,False,243,0.9910112602337635,2.2052489315709756,0,0.0,SKIP,pause_mode
dynamic_normal_defensive_pause,2023-05-11 13:00:00,2023-05-11,PAUSE,,True,True,243,0.9910112602337635,2.2052489315709756,0,0.0,SKIP,pause_mode
dynamic_normal_defensive_pause,2023-05-12 10:30:00,2023-05-12,PAUSE,,True,True,243,0.9910112602337635,2.2052489315709756,0,0.0,SKIP,pause_mode
dynamic_normal_defensive_pause,2023-05-16 10:00:00,2023-05-16,PAUSE,,True,True,243,0.9910112602337635,2.2052489315709756,0,0.0,SKIP,pause_mode
dynamic_normal_defensive_pause,2023-05-16 14:00:00,2023-05-16,PAUSE,,True,True,243,0.9910112602337635,2.2052489315709756,0,0.0,SKIP,pause_mode
dynamic_normal_defensive_pause,2023-05-17 13:00:00,2023-05-17,PAUSE,,True,True,243,0.9910112602337635,2.2052489315709756,0,0.0,SKIP,pause_mode
dynamic_normal_defensive_pause,2023-05-17 14:45:00,2023-05-17,PAUSE,,True,True,243,0.9910112602337635,2.2052489315709756,0,0.0,SKIP,pause_mode
dynamic_normal_defensive_pause,2023-05-18 10:30:00,2023-05-18,PAUSE,,True,True,243,0.9910112602337635,2.2052489315709756,0,0.0,SKIP,pause_mode
dynamic_normal_defensive_pause,2023-05-19 13:45:00,2023-05-19,PAUSE,,True,True,243,0.9910112602337635,2.2052489315709756,0,0.0,SKIP,pause_mode
dynamic_normal_defensive_pause,2023-05-22 13:00:00,2023-05-22,PAUSE,,True,False,243,0.9910112602337635,2.2052489315709756,0,0.0,SKIP,pause_mode
dynamic_normal_defensive_pause,2023-05-26 13:00:00,2023-05-26,PAUSE,,True,False,243,0.9910112602337635,2.2052489315709756,0,0.0,SKIP,pause_mode
dynamic_normal_defensive_pause,2023-05-26 15:45:00,2023-05-26,PAUSE,,True,True,243,0.9910112602337635,2.2052489315709756,0,0.0,SKIP,pause_mode
dynamic_normal_defensive_pause,2023-05-30 14:00:00,2023-05-30,PAUSE,,True,False,243,0.9910112602337635,2.2052489315709756,0,0.0,SKIP,pause_mode
dynamic_normal_defensive_pause,2023-05-31 15:45:00,2023-05-31,PAUSE,,True,True,243,0.9910112602337635,2.2052489315709756,0,0.0,SKIP,pause_mode
dynamic_normal_defensive_pause,2023-05-31 18:00:00,2023-05-31,PAUSE,,True,True,243,0.9910112602337635,2.2052489315709756,0,0.0,SKIP,pause_mode
dynamic_normal_defensive_pause,2023-06-01 19:00:00,2023-06-01,PAUSE,,True,True,243,0.9910112602337635,2.2052489315709756,0,0.0,SKIP,pause_mode
dynamic_normal_defensive_pause,2023-06-02 10:15:00,2023-06-02,PAUSE,,True,True,243,0.9910112602337635,2.2052489315709756,0,0.0,SKIP,pause_mode
dynamic_normal_defensive_pause,2023-06-05 10:00:00,2023-06-05,PAUSE,,True,True,243,0.9910112602337635,2.2052489315709756,0,0.0,SKIP,pause_mode
dynamic_normal_defensive_pause,2023-06-06 13:00:00,2023-06-06,PAUSE,,True,True,243,0.9910112602337635,2.2052489315709756,0,0.0,SKIP,pause_mode
dynamic_normal_defensive_pause,2023-06-06 18:15:00,2023-06-06,PAUSE,,True,True,243,0.9910112602337635,2.2052489315709756,0,0.0,SKIP,pause_mode
dynamic_normal_defensive_pause,2023-06-07 13:00:00,2023-06-07,PAUSE,,True,False,243,0.9910112602337635,2.2052489315709756,0,0.0,SKIP,pause_mode
dynamic_normal_defensive_pause,2023-06-07 15:00:00,2023-06-07,PAUSE,,True,False,243,0.9910112602337635,2.2052489315709756,0,0.0,SKIP,pause_mode
dynamic_normal_defensive_pause,2023-06-08 18:30:00,2023-06-08,PAUSE,,True,True,243,0.9910112602337635,2.2052489315709756,0,0.0,SKIP,pause_mode
dynamic_normal_defensive_pause,2023-06-14 15:45:00,2023-06-14,PAUSE,,True,False,243,0.9910112602337635,2.2052489315709756,0,0.0,SKIP,pause_mode
dynamic_normal_defensive_pause,2023-06-15 10:15:00,2023-06-15,PAUSE,,True,True,243,0.9910112602337635,2.2052489315709756,0,0.0,SKIP,pause_mode
dynamic_normal_defensive_pause,2023-06-19 14:00:00,2023-06-19,PAUSE,,True,True,243,0.9910112602337635,2.2052489315709756,0,0.0,SKIP,pause_mode
dynamic_normal_defensive_pause,2023-06-21 10:00:00,2023-06-21,PAUSE,,True,True,243,0.9910112602337635,2.2052489315709756,0,0.0,SKIP,pause_mode
dynamic_normal_defensive_pause,2023-06-21 13:45:00,2023-06-21,PAUSE,,True,True,243,0.9910112602337635,2.2052489315709756,0,0.0,SKIP,pause_mode
dynamic_normal_defensive_pause,2023-06-22 10:15:00,2023-06-22,PAUSE,,True,True,243,0.9910112602337635,2.2052489315709756,0,0.0,SKIP,pause_mode
dynamic_normal_defensive_pause,2023-06-22 13:30:00,2023-06-22,PAUSE,,True,True,243,0.9910112602337635,2.2052489315709756,0,0.0,SKIP,pause_mode
dynamic_normal_defensive_pause,2023-06-23 14:45:00,2023-06-23,PAUSE,,True,False,243,0.9910112602337635,2.2052489315709756,0,0.0,SKIP,pause_mode
dynamic_normal_defensive_pause,2023-06-27 13:45:00,2023-06-27,PAUSE,,True,False,243,0.9910112602337635,2.2052489315709756,0,0.0,SKIP,pause_mode
dynamic_normal_defensive_pause,2023-06-28 14:45:00,2023-06-28,PAUSE,,True,True,243,0.9910112602337635,2.2052489315709756,0,0.0,SKIP,pause_mode
dynamic_normal_defensive_pause,2023-07-02 22:00:00,2023-07-02,PAUSE,,True,False,243,0.9910112602337635,2.2052489315709756,0,0.0,SKIP,pause_mode
dynamic_normal_defensive_pause,2023-07-03 10:00:00,2023-07-03,PAUSE,,True,True,243,0.9910112602337635,2.2052489315709756,0,0.0,SKIP,pause_mode
dynamic_normal_defensive_pause,2023-07-04 13:15:00,2023-07-04,PAUSE,,True,True,243,0.9910112602337635,2.2052489315709756,0,0.0,SKIP,pause_mode
dynamic_normal_defensive_pause,2023-07-06 10:00:00,2023-07-06,PAUSE,,True,False,243,0.9910112602337635,2.2052489315709756,0,0.0,SKIP,pause_mode
dynamic_normal_defensive_pause,2023-07-06 13:30:00,2023-07-06,PAUSE,,True,False,243,0.9910112602337635,2.2052489315709756,0,0.0,SKIP,pause_mode
dynamic_normal_defensive_pause,2023-07-07 18:30:00,2023-07-07,PAUSE,,True,True,243,0.9910112602337635,2.2052489315709756,0,0.0,SKIP,pause_mode
dynamic_normal_defensive_pause,2023-07-11 22:15:00,2023-07-11,PAUSE,,True,True,243,0.9910112602337635,2.2052489315709756,0,0.0,SKIP,pause_mode
dynamic_normal_defensive_pause,2023-07-12 22:00:00,2023-07-12,PAUSE,,True,True,243,0.9910112602337635,2.2052489315709756,0,0.0,SKIP,pause_mode
dynamic_normal_defensive_pause,2023-07-18 18:15:00,2023-07-18,PAUSE,,True,True,243,0.9910112602337635,2.2052489315709756,0,0.0,SKIP,pause_mode
dynamic_normal_defensive_pause,2023-07-19 13:00:00,2023-07-19,PAUSE,,True,True,243,0.9910112602337635,2.2052489315709756,0,0.0,SKIP,pause_mode
dynamic_normal_defensive_pause,2023-07-21 14:45:00,2023-07-21,PAUSE,,True,True,243,0.9910112602337635,2.2052489315709756,0,0.0,SKIP,pause_mode
dynamic_normal_defensive_pause,2023-07-25 22:30:00,2023-07-25,PAUSE,,True,True,243,0.9910112602337635,2.2052489315709756,0,0.0,SKIP,pause_mode
dynamic_normal_defensive_pause,2023-07-26 10:30:00,2023-07-26,PAUSE,,True,True,243,0.9910112602337635,2.2052489315709756,0,0.0,SKIP,pause_mode
dynamic_normal_defensive_pause,2023-07-26 15:00:00,2023-07-26,PAUSE,,True,False,243,0.9910112602337635,2.2052489315709756,0,0.0,SKIP,pause_mode
dynamic_normal_defensive_pause,2023-07-26 19:15:00,2023-07-26,PAUSE,,False,True,243,0.9910112602337635,2.2052489315709756,0,0.0,SKIP,pause_mode
dynamic_normal_defensive_pause,2023-07-28 18:00:00,2023-07-28,PAUSE,,True,True,243,0.9910112602337635,2.2052489315709756,0,0.0,SKIP,pause_mode
dynamic_normal_defensive_pause,2023-08-02 13:30:00,2023-08-02,PAUSE,,True,True,243,0.9910112602337635,2.2052489315709756,0,0.0,SKIP,pause_mode
dynamic_normal_defensive_pause,2023-08-04 10:00:00,2023-08-04,PAUSE,,True,True,243,0.9910112602337635,2.2052489315709756,0,0.0,SKIP,pause_mode
dynamic_normal_defensive_pause,2023-08-04 14:45:00,2023-08-04,PAUSE,,True,False,243,0.9910112602337635,2.2052489315709756,0,0.0,SKIP,pause_mode
dynamic_normal_defensive_pause,2023-08-07 13:45:00,2023-08-07,PAUSE,,True,False,243,0.9910112602337635,2.2052489315709756,0,0.0,SKIP,pause_mode
dynamic_normal_defensive_pause,2023-08-07 15:00:00,2023-08-07,PAUSE,,True,False,243,0.9910112602337635,2.2052489315709756,0,0.0,SKIP,pause_mode
dynamic_normal_defensive_pause,2023-08-08 10:15:00,2023-08-08,PAUSE,,True,False,243,0.9910112602337635,2.2052489315709756,0,0.0,SKIP,pause_mode
dynamic_normal_defensive_pause,2023-08-08 13:30:00,2023-08-08,PAUSE,,True,True,243,0.9910112602337635,2.2052489315709756,0,0.0,SKIP,pause_mode
dynamic_normal_defensive_pause,2023-08-08 14:45:00,2023-08-08,PAUSE,,False,True,243,0.9910112602337635,2.2052489315709756,0,0.0,SKIP,pause_mode
dynamic_normal_defensive_pause,2023-08-09 13:15:00,2023-08-09,PAUSE,,True,True,243,0.9910112602337635,2.2052489315709756,0,0.0,SKIP,pause_mode
dynamic_normal_defensive_pause,2023-08-10 15:15:00,2023-08-10,PAUSE,,True,True,243,0.9910112602337635,2.2052489315709756,0,0.0,SKIP,pause_mode
dynamic_normal_defensive_pause,2023-08-15 10:00:00,2023-08-15,PAUSE,,True,True,243,0.9910112602337635,2.2052489315709756,0,0.0,SKIP,pause_mode
dynamic_normal_defensive_pause,2023-08-15 13:30:00,2023-08-15,PAUSE,,True,True,243,0.9910112602337635,2.2052489315709756,0,0.0,SKIP,pause_mode
dynamic_normal_defensive_pause,2023-08-21 15:00:00,2023-08-21,PAUSE,,True,False,243,0.9910112602337635,2.2052489315709756,0,0.0,SKIP,pause_mode
dynamic_normal_defensive_pause,2023-08-22 14:45:00,2023-08-22,PAUSE,,True,True,243,0.9910112602337635,2.2052489315709756,0,0.0,SKIP,pause_mode
dynamic_normal_defensive_pause,2023-08-23 10:45:00,2023-08-23,PAUSE,,True,True,243,0.9910112602337635,2.2052489315709756,0,0.0,SKIP,pause_mode
dynamic_normal_defensive_pause,2023-08-23 13:00:00,2023-08-23,PAUSE,,True,True,243,0.9910112602337635,2.2052489315709756,0,0.0,SKIP,pause_mode
dynamic_normal_defensive_pause,2023-08-25 14:00:00,2023-08-25,PAUSE,,True,False,243,0.9910112602337635,2.2052489315709756,0,0.0,SKIP,pause_mode
dynamic_normal_defensive_pause,2023-08-30 10:00:00,2023-08-30,PAUSE,,True,True,243,0.9910112602337635,2.2052489315709756,0,0.0,SKIP,pause_mode
dynamic_normal_defensive_pause,2023-08-30 18:00:00,2023-08-30,PAUSE,,True,True,243,0.9910112602337635,2.2052489315709756,0,0.0,SKIP,pause_mode
dynamic_normal_defensive_pause,2023-09-05 13:00:00,2023-09-05,PAUSE,,True,True,243,0.9910112602337635,2.2052489315709756,0,0.0,SKIP,pause_mode
dynamic_normal_defensive_pause,2023-09-05 15:00:00,2023-09-05,PAUSE,,True,True,243,0.9910112602337635,2.2052489315709756,0,0.0,SKIP,pause_mode
dynamic_normal_defensive_pause,2023-09-08 13:15:00,2023-09-08,PAUSE,,True,True,243,0.9910112602337635,2.2052489315709756,0,0.0,SKIP,pause_mode
dynamic_normal_defensive_pause,2023-09-11 15:30:00,2023-09-11,PAUSE,,True,False,243,0.9910112602337635,2.2052489315709756,0,0.0,SKIP,pause_mode
dynamic_normal_defensive_pause,2023-09-12 14:45:00,2023-09-12,PAUSE,,True,True,243,0.9910112602337635,2.2052489315709756,0,0.0,SKIP,pause_mode
dynamic_normal_defensive_pause,2023-09-13 14:00:00,2023-09-13,PAUSE,,True,True,243,0.9910112602337635,2.2052489315709756,0,0.0,SKIP,pause_mode
dynamic_normal_defensive_pause,2023-09-14 13:15:00,2023-09-14,PAUSE,,True,True,243,0.9910112602337635,2.2052489315709756,0,0.0,SKIP,pause_mode
dynamic_normal_defensive_pause,2023-09-14 15:30:00,2023-09-14,PAUSE,,True,False,243,0.9910112602337635,2.2052489315709756,0,0.0,SKIP,pause_mode
dynamic_normal_defensive_pause,2023-09-19 14:30:00,2023-09-19,PAUSE,,True,False,243,0.9910112602337635,2.2052489315709756,0,0.0,SKIP,pause_mode
dynamic_normal_defensive_pause,2023-09-22 14:00:00,2023-09-22,PAUSE,,True,False,243,0.9910112602337635,2.2052489315709756,0,0.0,SKIP,pause_mode
dynamic_normal_defensive_pause,2023-09-26 10:30:00,2023-09-26,PAUSE,,True,True,243,0.9910112602337635,2.2052489315709756,0,0.0,SKIP,pause_mode
dynamic_normal_defensive_pause,2023-10-02 14:00:00,2023-10-02,PAUSE,,True,True,243,0.9910112602337635,2.2052489315709756,0,0.0,SKIP,pause_mode
dynamic_normal_defensive_pause,2023-10-02 15:30:00,2023-10-02,PAUSE,,True,True,243,0.9910112602337635,2.2052489315709756,0,0.0,SKIP,pause_mode
dynamic_normal_defensive_pause,2023-10-04 14:00:00,2023-10-04,PAUSE,,True,True,243,0.9910112602337635,2.2052489315709756,0,0.0,SKIP,pause_mode
dynamic_normal_defensive_pause,2023-10-05 10:00:00,2023-10-05,PAUSE,,True,False,243,0.9910112602337635,2.2052489315709756,0,0.0,SKIP,pause_mode
dynamic_normal_defensive_pause,2023-10-05 13:15:00,2023-10-05,PAUSE,,True,False,243,0.9910112602337635,2.2052489315709756,0,0.0,SKIP,pause_mode
dynamic_normal_defensive_pause,2023-10-06 13:00:00,2023-10-06,PAUSE,,True,False,243,0.9910112602337635,2.2052489315709756,0,0.0,SKIP,pause_mode
dynamic_normal_defensive_pause,2023-10-09 14:15:00,2023-10-09,PAUSE,,True,True,243,0.9910112602337635,2.2052489315709756,0,0.0,SKIP,pause_mode
dynamic_normal_defensive_pause,2023-10-11 18:45:00,2023-10-11,PAUSE,,True,True,243,0.9910112602337635,2.2052489315709756,0,0.0,SKIP,pause_mode
dynamic_normal_defensive_pause,2023-10-16 13:00:00,2023-10-16,PAUSE,,True,True,243,0.9910112602337635,2.2052489315709756,0,0.0,SKIP,pause_mode
dynamic_normal_defensive_pause,2023-10-16 13:45:00,2023-10-16,PAUSE,,True,True,243,0.9910112602337635,2.2052489315709756,0,0.0,SKIP,pause_mode
dynamic_normal_defensive_pause,2023-10-17 13:00:00,2023-10-17,PAUSE,,True,True,243,0.9910112602337635,2.2052489315709756,0,0.0,SKIP,pause_mode
dynamic_normal_defensive_pause,2023-10-18 18:00:00,2023-10-18,PAUSE,,True,True,243,0.9910112602337635,2.2052489315709756,0,0.0,SKIP,pause_mode
dynamic_normal_defensive_pause,2023-10-19 10:30:00,2023-10-19,PAUSE,,True,True,243,0.9910112602337635,2.2052489315709756,0,0.0,SKIP,pause_mode
dynamic_normal_defensive_pause,2023-10-19 13:00:00,2023-10-19,PAUSE,,True,True,243,0.9910112602337635,2.2052489315709756,0,0.0,SKIP,pause_mode
dynamic_normal_defensive_pause,2023-10-20 13:45:00,2023-10-20,PAUSE,,True,True,243,0.9910112602337635,2.2052489315709756,0,0.0,SKIP,pause_mode
dynamic_normal_defensive_pause,2023-10-23 13:00:00,2023-10-23,PAUSE,,True,False,243,0.9910112602337635,2.2052489315709756,0,0.0,SKIP,pause_mode
dynamic_normal_defensive_pause,2023-10-24 18:30:00,2023-10-24,PAUSE,,True,True,243,0.9910112602337635,2.2052489315709756,0,0.0,SKIP,pause_mode
dynamic_normal_defensive_pause,2023-10-25 14:00:00,2023-10-25,PAUSE,,True,True,243,0.9910112602337635,2.2052489315709756,0,0.0,SKIP,pause_mode
dynamic_normal_defensive_pause,2023-10-26 18:00:00,2023-10-26,PAUSE,,True,False,243,0.9910112602337635,2.2052489315709756,0,0.0,SKIP,pause_mode
dynamic_normal_defensive_pause,2023-10-30 14:00:00,2023-10-30,PAUSE,,True,True,243,0.9910112602337635,2.2052489315709756,0,0.0,SKIP,pause_mode
dynamic_normal_defensive_pause,2023-11-01 14:45:00,2023-11-01,PAUSE,,True,True,243,0.9910112602337635,2.2052489315709756,0,0.0,SKIP,pause_mode
dynamic_normal_defensive_pause,2023-11-02 10:00:00,2023-11-02,PAUSE,,True,True,243,0.9910112602337635,2.2052489315709756,0,0.0,SKIP,pause_mode
dynamic_normal_defensive_pause,2023-11-03 10:15:00,2023-11-03,PAUSE,,True,False,243,0.9910112602337635,2.2052489315709756,0,0.0,SKIP,pause_mode
dynamic_normal_defensive_pause,2023-11-03 13:45:00,2023-11-03,PAUSE,,True,False,243,0.9910112602337635,2.2052489315709756,0,0.0,SKIP,pause_mode
dynamic_normal_defensive_pause,2023-11-07 14:30:00,2023-11-07,PAUSE,,True,True,243,0.9910112602337635,2.2052489315709756,0,0.0,SKIP,pause_mode
dynamic_normal_defensive_pause,2023-11-08 14:30:00,2023-11-08,PAUSE,,True,True,243,0.9910112602337635,2.2052489315709756,0,0.0,SKIP,pause_mode
dynamic_normal_defensive_pause,2023-11-09 10:45:00,2023-11-09,PAUSE,,True,True,243,0.9910112602337635,2.2052489315709756,0,0.0,SKIP,pause_mode
dynamic_normal_defensive_pause,2023-11-10 10:45:00,2023-11-10,PAUSE,,True,True,243,0.9910112602337635,2.2052489315709756,0,0.0,SKIP,pause_mode
dynamic_normal_defensive_pause,2023-11-10 15:00:00,2023-11-10,PAUSE,,True,True,243,0.9910112602337635,2.2052489315709756,0,0.0,SKIP,pause_mode
dynamic_normal_defensive_pause,2023-11-14 21:30:00,2023-11-14,PAUSE,,True,True,243,0.9910112602337635,2.2052489315709756,0,0.0,SKIP,pause_mode
dynamic_normal_defensive_pause,2023-11-15 13:00:00,2023-11-15,PAUSE,,True,True,243,0.9910112602337635,2.2052489315709756,0,0.0,SKIP,pause_mode
dynamic_normal_defensive_pause,2023-11-16 10:00:00,2023-11-16,PAUSE,,True,True,243,0.9910112602337635,2.2052489315709756,0,0.0,SKIP,pause_mode
dynamic_normal_defensive_pause,2023-11-16 13:30:00,2023-11-16,PAUSE,,True,True,243,0.9910112602337635,2.2052489315709756,0,0.0,SKIP,pause_mode
dynamic_normal_defensive_pause,2023-11-17 13:00:00,2023-11-17,PAUSE,,True,True,243,0.9910112602337635,2.2052489315709756,0,0.0,SKIP,pause_mode
dynamic_normal_defensive_pause,2023-11-20 21:00:00,2023-11-20,PAUSE,,True,True,243,0.9910112602337635,2.2052489315709756,0,0.0,SKIP,pause_mode
dynamic_normal_defensive_pause,2023-11-21 19:15:00,2023-11-21,PAUSE,,True,True,243,0.9910112602337635,2.2052489315709756,0,0.0,SKIP,pause_mode
dynamic_normal_defensive_pause,2023-11-22 10:45:00,2023-11-22,PAUSE,,True,True,243,0.9910112602337635,2.2052489315709756,0,0.0,SKIP,pause_mode
dynamic_normal_defensive_pause,2023-11-24 13:00:00,2023-11-24,PAUSE,,True,False,243,0.9910112602337635,2.2052489315709756,0,0.0,SKIP,pause_mode
dynamic_normal_defensive_pause,2023-11-24 15:30:00,2023-11-24,PAUSE,,True,True,243,0.9910112602337635,2.2052489315709756,0,0.0,SKIP,pause_mode
dynamic_normal_defensive_pause,2023-11-27 10:15:00,2023-11-27,PAUSE,,True,True,243,0.9910112602337635,2.2052489315709756,0,0.0,SKIP,pause_mode
dynamic_normal_defensive_pause,2023-11-27 15:15:00,2023-11-27,PAUSE,,True,True,243,0.9910112602337635,2.2052489315709756,0,0.0,SKIP,pause_mode
dynamic_normal_defensive_pause,2023-12-01 10:15:00,2023-12-01,PAUSE,,True,True,243,0.9910112602337635,2.2052489315709756,0,0.0,SKIP,pause_mode
dynamic_normal_defensive_pause,2023-12-11 13:00:00,2023-12-11,PAUSE,,True,True,243,0.9910112602337635,2.2052489315709756,0,0.0,SKIP,pause_mode
dynamic_normal_defensive_pause,2023-12-12 15:15:00,2023-12-12,PAUSE,,True,True,243,0.9910112602337635,2.2052489315709756,0,0.0,SKIP,pause_mode
dynamic_normal_defensive_pause,2023-12-14 10:30:00,2023-12-14,PAUSE,,True,True,243,0.9910112602337635,2.2052489315709756,0,0.0,SKIP,pause_mode
dynamic_normal_defensive_pause,2023-12-14 13:45:00,2023-12-14,PAUSE,,True,False,243,0.9910112602337635,2.2052489315709756,0,0.0,SKIP,pause_mode
dynamic_normal_defensive_pause,2023-12-14 15:30:00,2023-12-14,PAUSE,,False,True,243,0.9910112602337635,2.2052489315709756,0,0.0,SKIP,pause_mode
dynamic_normal_defensive_pause,2023-12-18 18:00:00,2023-12-18,PAUSE,,True,True,243,0.9910112602337635,2.2052489315709756,0,0.0,SKIP,pause_mode
dynamic_normal_defensive_pause,2023-12-19 18:30:00,2023-12-19,PAUSE,,True,True,243,0.9910112602337635,2.2052489315709756,0,0.0,SKIP,pause_mode
dynamic_normal_defensive_pause,2023-12-20 14:00:00,2023-12-20,PAUSE,,True,True,243,0.9910112602337635,2.2052489315709756,0,0.0,SKIP,pause_mode
dynamic_normal_defensive_pause,2023-12-21 13:00:00,2023-12-21,PAUSE,,True,False,243,0.9910112602337635,2.2052489315709756,0,0.0,SKIP,pause_mode
dynamic_normal_defensive_pause,2023-12-21 14:00:00,2023-12-21,PAUSE,,True,True,243,0.9910112602337635,2.2052489315709756,0,0.0,SKIP,pause_mode
dynamic_normal_defensive_pause,2023-12-26 10:30:00,2023-12-26,PAUSE,,True,False,243,0.9910112602337635,2.2052489315709756,0,0.0,SKIP,pause_mode
dynamic_normal_defensive_pause,2023-12-27 18:45:00,2023-12-27,PAUSE,,True,True,243,0.9910112602337635,2.2052489315709756,0,0.0,SKIP,pause_mode
dynamic_normal_defensive_pause,2024-01-02 10:00:00,2024-01-02,PAUSE,,True,True,243,0.9910112602337635,2.2052489315709756,0,0.0,SKIP,pause_mode
dynamic_normal_defensive_pause,2024-01-08 13:00:00,2024-01-08,PAUSE,,True,True,243,0.9910112602337635,2.2052489315709756,0,0.0,SKIP,pause_mode
dynamic_normal_defensive_pause,2024-01-12 15:45:00,2024-01-12,PAUSE,,True,True,243,0.9910112602337635,2.2052489315709756,0,0.0,SKIP,pause_mode
dynamic_normal_defensive_pause,2024-01-12 19:00:00,2024-01-12,PAUSE,,True,True,243,0.9910112602337635,2.2052489315709756,0,0.0,SKIP,pause_mode
dynamic_normal_defensive_pause,2024-01-16 14:45:00,2024-01-16,PAUSE,,True,True,243,0.9910112602337635,2.2052489315709756,0,0.0,SKIP,pause_mode
dynamic_normal_defensive_pause,2024-01-17 14:00:00,2024-01-17,PAUSE,,True,True,243,0.9910112602337635,2.2052489315709756,0,0.0,SKIP,pause_mode
dynamic_normal_defensive_pause,2024-01-19 19:45:00,2024-01-19,PAUSE,,True,False,243,0.9910112602337635,2.2052489315709756,0,0.0,SKIP,pause_mode
dynamic_normal_defensive_pause,2024-01-22 10:00:00,2024-01-22,PAUSE,,True,True,243,0.9910112602337635,2.2052489315709756,0,0.0,SKIP,pause_mode
dynamic_normal_defensive_pause,2024-01-22 14:00:00,2024-01-22,PAUSE,,True,True,243,0.9910112602337635,2.2052489315709756,0,0.0,SKIP,pause_mode
dynamic_normal_defensive_pause,2024-01-23 14:30:00,2024-01-23,PAUSE,,True,True,243,0.9910112602337635,2.2052489315709756,0,0.0,SKIP,pause_mode
dynamic_normal_defensive_pause,2024-01-23 21:00:00,2024-01-23,PAUSE,,True,True,243,0.9910112602337635,2.2052489315709756,0,0.0,SKIP,pause_mode
dynamic_normal_defensive_pause,2024-01-24 10:30:00,2024-01-24,PAUSE,,True,True,243,0.9910112602337635,2.2052489315709756,0,0.0,SKIP,pause_mode
dynamic_normal_defensive_pause,2024-01-24 13:30:00,2024-01-24,PAUSE,,True,True,243,0.9910112602337635,2.2052489315709756,0,0.0,SKIP,pause_mode
dynamic_normal_defensive_pause,2024-01-26 15:30:00,2024-01-26,PAUSE,,True,False,243,0.9910112602337635,2.2052489315709756,0,0.0,SKIP,pause_mode
dynamic_normal_defensive_pause,2024-01-29 13:00:00,2024-01-29,PAUSE,,True,False,243,0.9910112602337635,2.2052489315709756,0,0.0,SKIP,pause_mode
dynamic_normal_defensive_pause,2024-01-30 10:00:00,2024-01-30,PAUSE,,True,True,243,0.9910112602337635,2.2052489315709756,0,0.0,SKIP,pause_mode
dynamic_normal_defensive_pause,2024-01-31 10:00:00,2024-01-31,PAUSE,,True,True,243,0.9910112602337635,2.2052489315709756,0,0.0,SKIP,pause_mode
dynamic_normal_defensive_pause,2024-01-31 19:30:00,2024-01-31,PAUSE,,True,True,243,0.9910112602337635,2.2052489315709756,0,0.0,SKIP,pause_mode
dynamic_normal_defensive_pause,2024-02-01 15:00:00,2024-02-01,PAUSE,,True,False,243,0.9910112602337635,2.2052489315709756,0,0.0,SKIP,pause_mode
dynamic_normal_defensive_pause,2024-02-01 18:15:00,2024-02-01,PAUSE,,True,True,243,0.9910112602337635,2.2052489315709756,0,0.0,SKIP,pause_mode
dynamic_normal_defensive_pause,2024-02-05 15:00:00,2024-02-05,PAUSE,,True,True,243,0.9910112602337635,2.2052489315709756,0,0.0,SKIP,pause_mode
dynamic_normal_defensive_pause,2024-02-06 10:15:00,2024-02-06,PAUSE,,True,True,243,0.9910112602337635,2.2052489315709756,0,0.0,SKIP,pause_mode
dynamic_normal_defensive_pause,2024-02-07 15:15:00,2024-02-07,PAUSE,,True,True,243,0.9910112602337635,2.2052489315709756,0,0.0,SKIP,pause_mode
dynamic_normal_defensive_pause,2024-02-14 14:00:00,2024-02-14,PAUSE,,True,True,243,0.9910112602337635,2.2052489315709756,0,0.0,SKIP,pause_mode
dynamic_normal_defensive_pause,2024-02-14 15:15:00,2024-02-14,PAUSE,,True,True,243,0.9910112602337635,2.2052489315709756,0,0.0,SKIP,pause_mode
dynamic_normal_defensive_pause,2024-02-15 13:30:00,2024-02-15,PAUSE,,True,False,243,0.9910112602337635,2.2052489315709756,0,0.0,SKIP,pause_mode
dynamic_normal_defensive_pause,2024-02-15 19:15:00,2024-02-15,PAUSE,,True,False,243,0.9910112602337635,2.2052489315709756,0,0.0,SKIP,pause_mode
dynamic_normal_defensive_pause,2024-02-20 14:45:00,2024-02-20,PAUSE,,True,True,243,0.9910112602337635,2.2052489315709756,0,0.0,SKIP,pause_mode
dynamic_normal_defensive_pause,2024-02-21 13:30:00,2024-02-21,PAUSE,,True,True,243,0.9910112602337635,2.2052489315709756,0,0.0,SKIP,pause_mode
dynamic_normal_defensive_pause,2024-02-23 13:45:00,2024-02-23,PAUSE,,True,True,243,0.9910112602337635,2.2052489315709756,0,0.0,SKIP,pause_mode
dynamic_normal_defensive_pause,2024-02-23 21:30:00,2024-02-23,PAUSE,,True,True,243,0.9910112602337635,2.2052489315709756,0,0.0,SKIP,pause_mode
dynamic_normal_defensive_pause,2024-02-26 10:00:00,2024-02-26,PAUSE,,True,True,243,0.9910112602337635,2.2052489315709756,0,0.0,SKIP,pause_mode
dynamic_normal_defensive_pause,2024-02-27 10:30:00,2024-02-27,PAUSE,,True,True,243,0.9910112602337635,2.2052489315709756,0,0.0,SKIP,pause_mode
dynamic_normal_defensive_pause,2024-02-27 14:15:00,2024-02-27,PAUSE,,True,True,243,0.9910112602337635,2.2052489315709756,0,0.0,SKIP,pause_mode
dynamic_normal_defensive_pause,2024-02-28 14:45:00,2024-02-28,PAUSE,,True,True,243,0.9910112602337635,2.2052489315709756,0,0.0,SKIP,pause_mode
dynamic_normal_defensive_pause,2024-03-01 13:15:00,2024-03-01,PAUSE,,True,True,243,0.9910112602337635,2.2052489315709756,0,0.0,SKIP,pause_mode
dynamic_normal_defensive_pause,2024-03-01 15:00:00,2024-03-01,PAUSE,,True,True,243,0.9910112602337635,2.2052489315709756,0,0.0,SKIP,pause_mode
dynamic_normal_defensive_pause,2024-03-04 10:00:00,2024-03-04,PAUSE,,True,True,243,0.9910112602337635,2.2052489315709756,0,0.0,SKIP,pause_mode
dynamic_normal_defensive_pause,2024-03-05 14:00:00,2024-03-05,PAUSE,,True,True,243,0.9910112602337635,2.2052489315709756,0,0.0,SKIP,pause_mode
dynamic_normal_defensive_pause,2024-03-05 18:00:00,2024-03-05,PAUSE,,True,True,243,0.9910112602337635,2.2052489315709756,0,0.0,SKIP,pause_mode
dynamic_normal_defensive_pause,2024-03-06 10:15:00,2024-03-06,PAUSE,,True,True,243,0.9910112602337635,2.2052489315709756,0,0.0,SKIP,pause_mode
dynamic_normal_defensive_pause,2024-03-06 19:45:00,2024-03-06,PAUSE,,True,True,243,0.9910112602337635,2.2052489315709756,0,0.0,SKIP,pause_mode
dynamic_normal_defensive_pause,2024-03-07 13:00:00,2024-03-07,PAUSE,,True,True,243,0.9910112602337635,2.2052489315709756,0,0.0,SKIP,pause_mode
dynamic_normal_defensive_pause,2024-03-08 13:30:00,2024-03-08,PAUSE,,True,True,243,0.9910112602337635,2.2052489315709756,0,0.0,SKIP,pause_mode
dynamic_normal_defensive_pause,2024-03-08 14:15:00,2024-03-08,PAUSE,,True,True,243,0.9910112602337635,2.2052489315709756,0,0.0,SKIP,pause_mode
dynamic_normal_defensive_pause,2024-03-15 10:30:00,2024-03-15,PAUSE,,True,True,243,0.9910112602337635,2.2052489315709756,0,0.0,SKIP,pause_mode
dynamic_normal_defensive_pause,2024-03-18 14:15:00,2024-03-18,PAUSE,,True,True,243,0.9910112602337635,2.2052489315709756,0,0.0,SKIP,pause_mode
dynamic_normal_defensive_pause,2024-03-19 10:45:00,2024-03-19,PAUSE,,True,True,243,0.9910112602337635,2.2052489315709756,0,0.0,SKIP,pause_mode
dynamic_normal_defensive_pause,2024-03-19 14:00:00,2024-03-19,PAUSE,,True,True,243,0.9910112602337635,2.2052489315709756,0,0.0,SKIP,pause_mode
dynamic_normal_defensive_pause,2024-03-20 13:15:00,2024-03-20,PAUSE,,True,True,243,0.9910112602337635,2.2052489315709756,0,0.0,SKIP,pause_mode
dynamic_normal_defensive_pause,2024-03-20 14:30:00,2024-03-20,PAUSE,,True,True,243,0.9910112602337635,2.2052489315709756,0,0.0,SKIP,pause_mode
dynamic_normal_defensive_pause,2024-03-25 13:15:00,2024-03-25,PAUSE,,True,False,243,0.9910112602337635,2.2052489315709756,0,0.0,SKIP,pause_mode
dynamic_normal_defensive_pause,2024-03-25 15:15:00,2024-03-25,PAUSE,,True,True,243,0.9910112602337635,2.2052489315709756,0,0.0,SKIP,pause_mode
dynamic_normal_defensive_pause,2024-03-27 13:30:00,2024-03-27,PAUSE,,True,False,243,0.9910112602337635,2.2052489315709756,0,0.0,SKIP,pause_mode
dynamic_normal_defensive_pause,2024-03-28 13:30:00,2024-03-28,PAUSE,,True,True,243,0.9910112602337635,2.2052489315709756,0,0.0,SKIP,pause_mode
dynamic_normal_defensive_pause,2024-04-02 10:15:00,2024-04-02,PAUSE,,True,True,243,0.9910112602337635,2.2052489315709756,0,0.0,SKIP,pause_mode
dynamic_normal_defensive_pause,2024-04-02 13:00:00,2024-04-02,PAUSE,,True,False,243,0.9910112602337635,2.2052489315709756,0,0.0,SKIP,pause_mode
dynamic_normal_defensive_pause,2024-04-03 14:00:00,2024-04-03,PAUSE,,True,True,243,0.9910112602337635,2.2052489315709756,0,0.0,SKIP,pause_mode
dynamic_normal_defensive_pause,2024-04-04 19:00:00,2024-04-04,PAUSE,,True,True,243,0.9910112602337635,2.2052489315709756,0,0.0,SKIP,pause_mode
dynamic_normal_defensive_pause,2024-04-05 13:30:00,2024-04-05,PAUSE,,True,False,243,0.9910112602337635,2.2052489315709756,0,0.0,SKIP,pause_mode
dynamic_normal_defensive_pause,2024-04-08 10:15:00,2024-04-08,PAUSE,,True,True,243,0.9910112602337635,2.2052489315709756,0,0.0,SKIP,pause_mode
dynamic_normal_defensive_pause,2024-04-08 19:00:00,2024-04-08,PAUSE,,True,True,243,0.9910112602337635,2.2052489315709756,0,0.0,SKIP,pause_mode
dynamic_normal_defensive_pause,2024-04-09 13:30:00,2024-04-09,PAUSE,,True,True,243,0.9910112602337635,2.2052489315709756,0,0.0,SKIP,pause_mode
dynamic_normal_defensive_pause,2024-04-09 22:00:00,2024-04-09,PAUSE,,True,True,243,0.9910112602337635,2.2052489315709756,0,0.0,SKIP,pause_mode
dynamic_normal_defensive_pause,2024-04-11 14:00:00,2024-04-11,PAUSE,,True,True,243,0.9910112602337635,2.2052489315709756,0,0.0,SKIP,pause_mode
dynamic_normal_defensive_pause,2024-04-12 13:00:00,2024-04-12,PAUSE,,True,True,243,0.9910112602337635,2.2052489315709756,0,0.0,SKIP,pause_mode
dynamic_normal_defensive_pause,2024-04-16 15:15:00,2024-04-16,PAUSE,,True,False,243,0.9910112602337635,2.2052489315709756,0,0.0,SKIP,pause_mode
dynamic_normal_defensive_pause,2024-04-18 15:15:00,2024-04-18,PAUSE,,True,False,243,0.9910112602337635,2.2052489315709756,0,0.0,SKIP,pause_mode
dynamic_normal_defensive_pause,2024-04-19 14:15:00,2024-04-19,PAUSE,,True,True,243,0.9910112602337635,2.2052489315709756,0,0.0,SKIP,pause_mode
dynamic_normal_defensive_pause,2024-04-23 10:30:00,2024-04-23,PAUSE,,True,True,243,0.9910112602337635,2.2052489315709756,0,0.0,SKIP,pause_mode
dynamic_normal_defensive_pause,2024-04-24 10:00:00,2024-04-24,PAUSE,,True,True,243,0.9910112602337635,2.2052489315709756,0,0.0,SKIP,pause_mode
dynamic_normal_defensive_pause,2024-04-26 13:00:00,2024-04-26,PAUSE,,True,True,243,0.9910112602337635,2.2052489315709756,0,0.0,SKIP,pause_mode
dynamic_normal_defensive_pause,2024-04-30 13:45:00,2024-04-30,PAUSE,,True,True,243,0.9910112602337635,2.2052489315709756,0,0.0,SKIP,pause_mode
dynamic_normal_defensive_pause,2024-05-02 14:15:00,2024-05-02,PAUSE,,True,True,243,0.9910112602337635,2.2052489315709756,0,0.0,SKIP,pause_mode
dynamic_normal_defensive_pause,2024-05-06 14:15:00,2024-05-06,PAUSE,,True,True,243,0.9910112602337635,2.2052489315709756,0,0.0,SKIP,pause_mode
dynamic_normal_defensive_pause,2024-05-10 14:30:00,2024-05-10,PAUSE,,True,False,243,0.9910112602337635,2.2052489315709756,0,0.0,SKIP,pause_mode
dynamic_normal_defensive_pause,2024-05-10 18:00:00,2024-05-10,PAUSE,,True,True,243,0.9910112602337635,2.2052489315709756,0,0.0,SKIP,pause_mode
dynamic_normal_defensive_pause,2024-05-14 10:15:00,2024-05-14,PAUSE,,True,True,243,0.9910112602337635,2.2052489315709756,0,0.0,SKIP,pause_mode
dynamic_normal_defensive_pause,2024-05-14 15:00:00,2024-05-14,PAUSE,,True,False,243,0.9910112602337635,2.2052489315709756,0,0.0,SKIP,pause_mode
dynamic_normal_defensive_pause,2024-05-15 14:15:00,2024-05-15,PAUSE,,True,True,243,0.9910112602337635,2.2052489315709756,0,0.0,SKIP,pause_mode
dynamic_normal_defensive_pause,2024-05-17 10:00:00,2024-05-17,PAUSE,,True,True,243,0.9910112602337635,2.2052489315709756,0,0.0,SKIP,pause_mode
dynamic_normal_defensive_pause,2024-05-20 10:00:00,2024-05-20,PAUSE,,True,True,243,0.9910112602337635,2.2052489315709756,0,0.0,SKIP,pause_mode
dynamic_normal_defensive_pause,2024-05-20 19:00:00,2024-05-20,PAUSE,,True,True,243,0.9910112602337635,2.2052489315709756,0,0.0,SKIP,pause_mode
dynamic_normal_defensive_pause,2024-05-21 13:00:00,2024-05-21,PAUSE,,True,True,243,0.9910112602337635,2.2052489315709756,0,0.0,SKIP,pause_mode
dynamic_normal_defensive_pause,2024-05-22 14:00:00,2024-05-22,PAUSE,,True,False,243,0.9910112602337635,2.2052489315709756,0,0.0,SKIP,pause_mode
dynamic_normal_defensive_pause,2024-05-23 14:00:00,2024-05-23,PAUSE,,True,True,243,0.9910112602337635,2.2052489315709756,0,0.0,SKIP,pause_mode
dynamic_normal_defensive_pause,2024-05-28 10:00:00,2024-05-28,PAUSE,,True,True,243,0.9910112602337635,2.2052489315709756,0,0.0,SKIP,pause_mode
dynamic_normal_defensive_pause,2024-05-28 14:15:00,2024-05-28,PAUSE,,True,False,243,0.9910112602337635,2.2052489315709756,0,0.0,SKIP,pause_mode
dynamic_normal_defensive_pause,2024-05-29 13:15:00,2024-05-29,PAUSE,,True,True,243,0.9910112602337635,2.2052489315709756,0,0.0,SKIP,pause_mode
dynamic_normal_defensive_pause,2024-05-30 14:45:00,2024-05-30,PAUSE,,True,False,243,0.9910112602337635,2.2052489315709756,0,0.0,SKIP,pause_mode
dynamic_normal_defensive_pause,2024-06-04 14:00:00,2024-06-04,PAUSE,,True,True,243,0.9910112602337635,2.2052489315709756,0,0.0,SKIP,pause_mode
dynamic_normal_defensive_pause,2024-06-06 14:45:00,2024-06-06,PAUSE,,True,True,243,0.9910112602337635,2.2052489315709756,0,0.0,SKIP,pause_mode
dynamic_normal_defensive_pause,2024-06-06 18:00:00,2024-06-06,PAUSE,,True,True,243,0.9910112602337635,2.2052489315709756,0,0.0,SKIP,pause_mode
dynamic_normal_defensive_pause,2024-06-11 18:45:00,2024-06-11,PAUSE,,True,False,243,0.9910112602337635,2.2052489315709756,0,0.0,SKIP,pause_mode
dynamic_normal_defensive_pause,2024-06-13 14:00:00,2024-06-13,PAUSE,,True,True,243,0.9910112602337635,2.2052489315709756,0,0.0,SKIP,pause_mode
dynamic_normal_defensive_pause,2024-06-14 13:30:00,2024-06-14,PAUSE,,True,True,243,0.9910112602337635,2.2052489315709756,0,0.0,SKIP,pause_mode
dynamic_normal_defensive_pause,2024-06-17 13:30:00,2024-06-17,PAUSE,,True,False,243,0.9910112602337635,2.2052489315709756,0,0.0,SKIP,pause_mode
dynamic_normal_defensive_pause,2024-06-17 15:15:00,2024-06-17,PAUSE,,True,False,243,0.9910112602337635,2.2052489315709756,0,0.0,SKIP,pause_mode
dynamic_normal_defensive_pause,2024-06-18 18:00:00,2024-06-18,PAUSE,,True,True,243,0.9910112602337635,2.2052489315709756,0,0.0,SKIP,pause_mode
dynamic_normal_defensive_pause,2024-06-20 10:30:00,2024-06-20,PAUSE,,True,True,243,0.9910112602337635,2.2052489315709756,0,0.0,SKIP,pause_mode
dynamic_normal_defensive_pause,2024-06-20 13:00:00,2024-06-20,PAUSE,,True,True,243,0.9910112602337635,2.2052489315709756,0,0.0,SKIP,pause_mode
dynamic_normal_defensive_pause,2024-06-21 10:45:00,2024-06-21,PAUSE,,True,True,243,0.9910112602337635,2.2052489315709756,0,0.0,SKIP,pause_mode
dynamic_normal_defensive_pause,2024-06-24 10:15:00,2024-06-24,PAUSE,,True,True,243,0.9910112602337635,2.2052489315709756,0,0.0,SKIP,pause_mode
dynamic_normal_defensive_pause,2024-06-25 13:45:00,2024-06-25,PAUSE,,True,True,243,0.9910112602337635,2.2052489315709756,0,0.0,SKIP,pause_mode
dynamic_normal_defensive_pause,2024-06-26 10:00:00,2024-06-26,PAUSE,,True,True,243,0.9910112602337635,2.2052489315709756,0,0.0,SKIP,pause_mode
dynamic_normal_defensive_pause,2024-06-27 18:45:00,2024-06-27,PAUSE,,True,True,243,0.9910112602337635,2.2052489315709756,0,0.0,SKIP,pause_mode
dynamic_normal_defensive_pause,2024-06-28 14:00:00,2024-06-28,PAUSE,,True,True,243,0.9910112602337635,2.2052489315709756,0,0.0,SKIP,pause_mode
dynamic_normal_defensive_pause,2024-07-03 18:00:00,2024-07-03,PAUSE,,True,True,243,0.9910112602337635,2.2052489315709756,0,0.0,SKIP,pause_mode
dynamic_normal_defensive_pause,2024-07-04 10:15:00,2024-07-04,PAUSE,,True,False,243,0.9910112602337635,2.2052489315709756,0,0.0,SKIP,pause_mode
dynamic_normal_defensive_pause,2024-07-05 10:45:00,2024-07-05,PAUSE,,True,True,243,0.9910112602337635,2.2052489315709756,0,0.0,SKIP,pause_mode
dynamic_normal_defensive_pause,2024-07-10 15:15:00,2024-07-10,PAUSE,,True,True,243,0.9910112602337635,2.2052489315709756,0,0.0,SKIP,pause_mode
dynamic_normal_defensive_pause,2024-07-11 10:15:00,2024-07-11,PAUSE,,True,True,243,0.9910112602337635,2.2052489315709756,0,0.0,SKIP,pause_mode
dynamic_normal_defensive_pause,2024-07-12 19:15:00,2024-07-12,PAUSE,,True,True,243,0.9910112602337635,2.2052489315709756,0,0.0,SKIP,pause_mode
dynamic_normal_defensive_pause,2024-07-15 10:00:00,2024-07-15,PAUSE,,True,False,243,0.9910112602337635,2.2052489315709756,0,0.0,SKIP,pause_mode
dynamic_normal_defensive_pause,2024-07-15 13:30:00,2024-07-15,PAUSE,,True,False,243,0.9910112602337635,2.2052489315709756,0,0.0,SKIP,pause_mode
dynamic_normal_defensive_pause,2024-07-16 13:15:00,2024-07-16,PAUSE,,True,False,243,0.9910112602337635,2.2052489315709756,0,0.0,SKIP,pause_mode
dynamic_normal_defensive_pause,2024-07-17 10:00:00,2024-07-17,PAUSE,,True,True,243,0.9910112602337635,2.2052489315709756,0,0.0,SKIP,pause_mode
dynamic_normal_defensive_pause,2024-07-17 13:30:00,2024-07-17,PAUSE,,True,True,243,0.9910112602337635,2.2052489315709756,0,0.0,SKIP,pause_mode
dynamic_normal_defensive_pause,2024-07-19 15:15:00,2024-07-19,PAUSE,,True,True,243,0.9910112602337635,2.2052489315709756,0,0.0,SKIP,pause_mode
dynamic_normal_defensive_pause,2024-07-22 13:00:00,2024-07-22,PAUSE,,True,True,243,0.9910112602337635,2.2052489315709756,0,0.0,SKIP,pause_mode
dynamic_normal_defensive_pause,2024-07-23 19:00:00,2024-07-23,PAUSE,,True,False,243,0.9910112602337635,2.2052489315709756,0,0.0,SKIP,pause_mode
dynamic_normal_defensive_pause,2024-07-24 10:15:00,2024-07-24,PAUSE,,True,False,243,0.9910112602337635,2.2052489315709756,0,0.0,SKIP,pause_mode
dynamic_normal_defensive_pause,2024-07-24 13:00:00,2024-07-24,PAUSE,,True,True,243,0.9910112602337635,2.2052489315709756,0,0.0,SKIP,pause_mode
dynamic_normal_defensive_pause,2024-07-24 15:30:00,2024-07-24,PAUSE,,False,True,243,0.9910112602337635,2.2052489315709756,0,0.0,SKIP,pause_mode
dynamic_normal_defensive_pause,2024-07-25 13:30:00,2024-07-25,PAUSE,,True,True,243,0.9910112602337635,2.2052489315709756,0,0.0,SKIP,pause_mode
dynamic_normal_defensive_pause,2024-07-26 14:45:00,2024-07-26,PAUSE,,True,False,243,0.9910112602337635,2.2052489315709756,0,0.0,SKIP,pause_mode
dynamic_normal_defensive_pause,2024-07-31 10:15:00,2024-07-31,PAUSE,,True,True,243,0.9910112602337635,2.2052489315709756,0,0.0,SKIP,pause_mode
dynamic_normal_defensive_pause,2024-07-31 14:15:00,2024-07-31,PAUSE,,True,True,243,0.9910112602337635,2.2052489315709756,0,0.0,SKIP,pause_mode
dynamic_normal_defensive_pause,2024-08-01 14:45:00,2024-08-01,PAUSE,,True,True,243,0.9910112602337635,2.2052489315709756,0,0.0,SKIP,pause_mode
dynamic_normal_defensive_pause,2024-08-01 22:00:00,2024-08-01,PAUSE,,True,True,243,0.9910112602337635,2.2052489315709756,0,0.0,SKIP,pause_mode
dynamic_normal_defensive_pause,2024-08-02 13:15:00,2024-08-02,PAUSE,,True,True,243,0.9910112602337635,2.2052489315709756,0,0.0,SKIP,pause_mode
dynamic_normal_defensive_pause,2024-08-05 14:45:00,2024-08-05,PAUSE,,True,True,243,0.9910112602337635,2.2052489315709756,0,0.0,SKIP,pause_mode
dynamic_normal_defensive_pause,2024-08-08 13:00:00,2024-08-08,PAUSE,,True,True,243,0.9910112602337635,2.2052489315709756,0,0.0,SKIP,pause_mode
dynamic_normal_defensive_pause,2024-08-08 15:00:00,2024-08-08,PAUSE,,True,True,243,0.9910112602337635,2.2052489315709756,0,0.0,SKIP,pause_mode
dynamic_normal_defensive_pause,2024-08-09 13:00:00,2024-08-09,PAUSE,,True,True,243,0.9910112602337635,2.2052489315709756,0,0.0,SKIP,pause_mode
dynamic_normal_defensive_pause,2024-08-09 14:00:00,2024-08-09,PAUSE,,True,True,243,0.9910112602337635,2.2052489315709756,0,0.0,SKIP,pause_mode
dynamic_normal_defensive_pause,2024-08-13 14:30:00,2024-08-13,PAUSE,,True,True,243,0.9910112602337635,2.2052489315709756,0,0.0,SKIP,pause_mode
dynamic_normal_defensive_pause,2024-08-19 14:45:00,2024-08-19,PAUSE,,True,True,243,0.9910112602337635,2.2052489315709756,0,0.0,SKIP,pause_mode
dynamic_normal_defensive_pause,2024-08-20 14:30:00,2024-08-20,PAUSE,,True,True,243,0.9910112602337635,2.2052489315709756,0,0.0,SKIP,pause_mode
dynamic_normal_defensive_pause,2024-08-20 22:15:00,2024-08-20,PAUSE,,True,True,243,0.9910112602337635,2.2052489315709756,0,0.0,SKIP,pause_mode
dynamic_normal_defensive_pause,2024-08-21 19:00:00,2024-08-21,PAUSE,,True,True,243,0.9910112602337635,2.2052489315709756,0,0.0,SKIP,pause_mode
dynamic_normal_defensive_pause,2024-08-23 10:15:00,2024-08-23,PAUSE,,True,True,243,0.9910112602337635,2.2052489315709756,0,0.0,SKIP,pause_mode
dynamic_normal_defensive_pause,2024-08-23 14:00:00,2024-08-23,PAUSE,,True,True,243,0.9910112602337635,2.2052489315709756,0,0.0,SKIP,pause_mode
dynamic_normal_defensive_pause,2024-08-26 13:00:00,2024-08-26,PAUSE,,True,False,243,0.9910112602337635,2.2052489315709756,0,0.0,SKIP,pause_mode
dynamic_normal_defensive_pause,2024-08-26 19:00:00,2024-08-26,PAUSE,,True,True,243,0.9910112602337635,2.2052489315709756,0,0.0,SKIP,pause_mode
dynamic_normal_defensive_pause,2024-08-28 13:30:00,2024-08-28,PAUSE,,True,True,243,0.9910112602337635,2.2052489315709756,0,0.0,SKIP,pause_mode
dynamic_normal_defensive_pause,2024-08-29 13:45:00,2024-08-29,PAUSE,,True,False,243,0.9910112602337635,2.2052489315709756,0,0.0,SKIP,pause_mode
dynamic_normal_defensive_pause,2024-09-03 13:00:00,2024-09-03,PAUSE,,True,True,243,0.9910112602337635,2.2052489315709756,0,0.0,SKIP,pause_mode
dynamic_normal_defensive_pause,2024-09-03 15:30:00,2024-09-03,PAUSE,,True,True,243,0.9910112602337635,2.2052489315709756,0,0.0,SKIP,pause_mode
dynamic_normal_defensive_pause,2024-09-04 10:00:00,2024-09-04,PAUSE,,True,True,243,0.9910112602337635,2.2052489315709756,0,0.0,SKIP,pause_mode
dynamic_normal_defensive_pause,2024-09-05 13:15:00,2024-09-05,PAUSE,,True,True,243,0.9910112602337635,2.2052489315709756,0,0.0,SKIP,pause_mode
dynamic_normal_defensive_pause,2024-09-05 14:15:00,2024-09-05,PAUSE,,True,True,243,0.9910112602337635,2.2052489315709756,0,0.0,SKIP,pause_mode
dynamic_normal_defensive_pause,2024-09-10 10:45:00,2024-09-10,PAUSE,,True,False,243,0.9910112602337635,2.2052489315709756,0,0.0,SKIP,pause_mode
dynamic_normal_defensive_pause,2024-09-10 15:00:00,2024-09-10,PAUSE,,True,False,243,0.9910112602337635,2.2052489315709756,0,0.0,SKIP,pause_mode
dynamic_normal_defensive_pause,2024-09-11 14:45:00,2024-09-11,PAUSE,,True,True,243,0.9910112602337635,2.2052489315709756,0,0.0,SKIP,pause_mode
dynamic_normal_defensive_pause,2024-09-12 10:15:00,2024-09-12,PAUSE,,True,True,243,0.9910112602337635,2.2052489315709756,0,0.0,SKIP,pause_mode
dynamic_normal_defensive_pause,2024-09-13 15:15:00,2024-09-13,PAUSE,,True,True,243,0.9910112602337635,2.2052489315709756,0,0.0,SKIP,pause_mode
dynamic_normal_defensive_pause,2024-09-16 13:45:00,2024-09-16,PAUSE,,True,True,243,0.9910112602337635,2.2052489315709756,0,0.0,SKIP,pause_mode
dynamic_normal_defensive_pause,2024-09-18 18:30:00,2024-09-18,PAUSE,,True,True,243,0.9910112602337635,2.2052489315709756,0,0.0,SKIP,pause_mode
dynamic_normal_defensive_pause,2024-09-19 14:30:00,2024-09-19,PAUSE,,True,True,243,0.9910112602337635,2.2052489315709756,0,0.0,SKIP,pause_mode
dynamic_normal_defensive_pause,2024-09-20 14:15:00,2024-09-20,PAUSE,,True,True,243,0.9910112602337635,2.2052489315709756,0,0.0,SKIP,pause_mode
dynamic_normal_defensive_pause,2024-09-23 10:00:00,2024-09-23,PAUSE,,True,False,243,0.9910112602337635,2.2052489315709756,0,0.0,SKIP,pause_mode
dynamic_normal_defensive_pause,2024-09-23 15:30:00,2024-09-23,PAUSE,,True,True,243,0.9910112602337635,2.2052489315709756,0,0.0,SKIP,pause_mode
dynamic_normal_defensive_pause,2024-09-24 13:00:00,2024-09-24,PAUSE,,True,True,243,0.9910112602337635,2.2052489315709756,0,0.0,SKIP,pause_mode
dynamic_normal_defensive_pause,2024-09-25 14:00:00,2024-09-25,PAUSE,,True,True,243,0.9910112602337635,2.2052489315709756,0,0.0,SKIP,pause_mode
dynamic_normal_defensive_pause,2024-09-25 19:15:00,2024-09-25,PAUSE,,True,True,243,0.9910112602337635,2.2052489315709756,0,0.0,SKIP,pause_mode
dynamic_normal_defensive_pause,2024-09-26 15:15:00,2024-09-26,PAUSE,,True,False,243,0.9910112602337635,2.2052489315709756,0,0.0,SKIP,pause_mode
dynamic_normal_defensive_pause,2024-10-01 13:00:00,2024-10-01,PAUSE,,True,True,243,0.9910112602337635,2.2052489315709756,0,0.0,SKIP,pause_mode
dynamic_normal_defensive_pause,2024-10-01 15:30:00,2024-10-01,PAUSE,,True,True,243,0.9910112602337635,2.2052489315709756,0,0.0,SKIP,pause_mode
dynamic_normal_defensive_pause,2024-10-11 10:45:00,2024-10-11,PAUSE,,True,True,243,0.9910112602337635,2.2052489315709756,0,0.0,SKIP,pause_mode
dynamic_normal_defensive_pause,2024-10-11 19:45:00,2024-10-11,PAUSE,,True,True,243,0.9910112602337635,2.2052489315709756,0,0.0,SKIP,pause_mode
dynamic_normal_defensive_pause,2024-10-14 10:30:00,2024-10-14,PAUSE,,True,False,243,0.9910112602337635,2.2052489315709756,0,0.0,SKIP,pause_mode
dynamic_normal_defensive_pause,2024-10-15 10:45:00,2024-10-15,PAUSE,,True,False,243,0.9910112602337635,2.2052489315709756,0,0.0,SKIP,pause_mode
dynamic_normal_defensive_pause,2024-10-15 14:15:00,2024-10-15,PAUSE,,True,True,243,0.9910112602337635,2.2052489315709756,0,0.0,SKIP,pause_mode
dynamic_normal_defensive_pause,2024-10-16 14:15:00,2024-10-16,PAUSE,,True,True,243,0.9910112602337635,2.2052489315709756,0,0.0,SKIP,pause_mode
dynamic_normal_defensive_pause,2024-10-16 19:45:00,2024-10-16,PAUSE,,True,True,243,0.9910112602337635,2.2052489315709756,0,0.0,SKIP,pause_mode
dynamic_normal_defensive_pause,2024-10-17 13:00:00,2024-10-17,PAUSE,,True,False,243,0.9910112602337635,2.2052489315709756,0,0.0,SKIP,pause_mode
dynamic_normal_defensive_pause,2024-10-18 13:30:00,2024-10-18,PAUSE,,True,True,243,0.9910112602337635,2.2052489315709756,0,0.0,SKIP,pause_mode
dynamic_normal_defensive_pause,2024-10-21 10:45:00,2024-10-21,PAUSE,,True,True,243,0.9910112602337635,2.2052489315709756,0,0.0,SKIP,pause_mode
dynamic_normal_defensive_pause,2024-10-22 10:00:00,2024-10-22,PAUSE,,True,True,243,0.9910112602337635,2.2052489315709756,0,0.0,SKIP,pause_mode
dynamic_normal_defensive_pause,2024-10-22 13:00:00,2024-10-22,PAUSE,,True,True,243,0.9910112602337635,2.2052489315709756,0,0.0,SKIP,pause_mode
dynamic_normal_defensive_pause,2024-10-24 13:30:00,2024-10-24,PAUSE,,True,True,243,0.9910112602337635,2.2052489315709756,0,0.0,SKIP,pause_mode
dynamic_normal_defensive_pause,2024-10-28 15:45:00,2024-10-28,PAUSE,,True,False,243,0.9910112602337635,2.2052489315709756,0,0.0,SKIP,pause_mode
dynamic_normal_defensive_pause,2024-10-29 13:00:00,2024-10-29,PAUSE,,True,True,243,0.9910112602337635,2.2052489315709756,0,0.0,SKIP,pause_mode
dynamic_normal_defensive_pause,2024-10-30 13:00:00,2024-10-30,PAUSE,,True,True,243,0.9910112602337635,2.2052489315709756,0,0.0,SKIP,pause_mode
dynamic_normal_defensive_pause,2024-11-06 10:00:00,2024-11-06,PAUSE,,True,True,243,0.9910112602337635,2.2052489315709756,0,0.0,SKIP,pause_mode
dynamic_normal_defensive_pause,2024-11-08 10:00:00,2024-11-08,PAUSE,,True,True,243,0.9910112602337635,2.2052489315709756,0,0.0,SKIP,pause_mode
dynamic_normal_defensive_pause,2024-11-08 15:45:00,2024-11-08,PAUSE,,True,True,243,0.9910112602337635,2.2052489315709756,0,0.0,SKIP,pause_mode
dynamic_normal_defensive_pause,2024-11-12 15:15:00,2024-11-12,PAUSE,,True,True,243,0.9910112602337635,2.2052489315709756,0,0.0,SKIP,pause_mode
dynamic_normal_defensive_pause,2024-11-13 15:45:00,2024-11-13,PAUSE,,True,True,243,0.9910112602337635,2.2052489315709756,0,0.0,SKIP,pause_mode
dynamic_normal_defensive_pause,2024-11-18 18:45:00,2024-11-18,PAUSE,,True,False,243,0.9910112602337635,2.2052489315709756,0,0.0,SKIP,pause_mode
dynamic_normal_defensive_pause,2024-11-19 13:30:00,2024-11-19,PAUSE,,True,True,243,0.9910112602337635,2.2052489315709756,0,0.0,SKIP,pause_mode
dynamic_normal_defensive_pause,2024-11-19 18:45:00,2024-11-19,PAUSE,,True,True,243,0.9910112602337635,2.2052489315709756,0,0.0,SKIP,pause_mode
dynamic_normal_defensive_pause,2024-11-21 18:00:00,2024-11-21,PAUSE,,True,True,243,0.9910112602337635,2.2052489315709756,0,0.0,SKIP,pause_mode
dynamic_normal_defensive_pause,2024-11-22 21:00:00,2024-11-22,PAUSE,,True,True,243,0.9910112602337635,2.2052489315709756,0,0.0,SKIP,pause_mode
dynamic_normal_defensive_pause,2024-11-26 14:30:00,2024-11-26,PAUSE,,True,True,243,0.9910112602337635,2.2052489315709756,0,0.0,SKIP,pause_mode
dynamic_normal_defensive_pause,2024-11-27 13:30:00,2024-11-27,PAUSE,,True,True,243,0.9910112602337635,2.2052489315709756,0,0.0,SKIP,pause_mode
dynamic_normal_defensive_pause,2024-11-28 13:00:00,2024-11-28,PAUSE,,True,True,243,0.9910112602337635,2.2052489315709756,0,0.0,SKIP,pause_mode
dynamic_normal_defensive_pause,2024-11-29 10:30:00,2024-11-29,PAUSE,,True,True,243,0.9910112602337635,2.2052489315709756,0,0.0,SKIP,pause_mode
dynamic_normal_defensive_pause,2024-12-04 10:00:00,2024-12-04,PAUSE,,True,False,243,0.9910112602337635,2.2052489315709756,0,0.0,SKIP,pause_mode
dynamic_normal_defensive_pause,2024-12-10 13:15:00,2024-12-10,PAUSE,,True,True,243,0.9910112602337635,2.2052489315709756,0,0.0,SKIP,pause_mode
dynamic_normal_defensive_pause,2024-12-11 10:45:00,2024-12-11,PAUSE,,True,False,243,0.9910112602337635,2.2052489315709756,0,0.0,SKIP,pause_mode
dynamic_normal_defensive_pause,2024-12-17 13:45:00,2024-12-17,PAUSE,,True,True,243,0.9910112602337635,2.2052489315709756,0,0.0,SKIP,pause_mode
dynamic_normal_defensive_pause,2024-12-17 15:30:00,2024-12-17,PAUSE,,True,True,243,0.9910112602337635,2.2052489315709756,0,0.0,SKIP,pause_mode
dynamic_normal_defensive_pause,2024-12-23 13:30:00,2024-12-23,PAUSE,,True,True,243,0.9910112602337635,2.2052489315709756,0,0.0,SKIP,pause_mode
dynamic_normal_defensive_pause,2024-12-24 10:45:00,2024-12-24,PAUSE,,True,False,243,0.9910112602337635,2.2052489315709756,0,0.0,SKIP,pause_mode
dynamic_normal_defensive_pause,2024-12-26 13:15:00,2024-12-26,PAUSE,,True,False,243,0.9910112602337635,2.2052489315709756,0,0.0,SKIP,pause_mode
dynamic_normal_defensive_pause,2024-12-26 14:45:00,2024-12-26,PAUSE,,True,False,243,0.9910112602337635,2.2052489315709756,0,0.0,SKIP,pause_mode
dynamic_normal_defensive_pause,2024-12-26 18:00:00,2024-12-26,PAUSE,,False,True,243,0.9910112602337635,2.2052489315709756,0,0.0,SKIP,pause_mode
dynamic_normal_defensive_pause,2024-12-30 13:30:00,2024-12-30,PAUSE,,True,True,243,0.9910112602337635,2.2052489315709756,0,0.0,SKIP,pause_mode
dynamic_normal_defensive_pause,2024-12-31 19:30:00,2024-12-31,PAUSE,,True,True,243,0.9910112602337635,2.2052489315709756,0,0.0,SKIP,pause_mode
dynamic_normal_defensive_pause,2025-01-02 10:00:00,2025-01-02,PAUSE,,True,True,243,0.9910112602337635,2.2052489315709756,0,0.0,SKIP,pause_mode
dynamic_normal_defensive_pause,2025-01-02 14:00:00,2025-01-02,PAUSE,,True,True,243,0.9910112602337635,2.2052489315709756,0,0.0,SKIP,pause_mode
dynamic_normal_defensive_pause,2025-01-06 10:00:00,2025-01-06,PAUSE,,True,True,243,0.9910112602337635,2.2052489315709756,0,0.0,SKIP,pause_mode
dynamic_normal_defensive_pause,2025-01-06 13:15:00,2025-01-06,PAUSE,,True,True,243,0.9910112602337635,2.2052489315709756,0,0.0,SKIP,pause_mode
dynamic_normal_defensive_pause,2025-01-07 10:00:00,2025-01-07,PAUSE,,True,True,243,0.9910112602337635,2.2052489315709756,0,0.0,SKIP,pause_mode
dynamic_normal_defensive_pause,2025-01-08 10:45:00,2025-01-08,PAUSE,,True,True,243,0.9910112602337635,2.2052489315709756,0,0.0,SKIP,pause_mode
dynamic_normal_defensive_pause,2025-01-08 13:00:00,2025-01-08,PAUSE,,True,True,243,0.9910112602337635,2.2052489315709756,0,0.0,SKIP,pause_mode
dynamic_normal_defensive_pause,2025-01-09 14:45:00,2025-01-09,PAUSE,,True,True,243,0.9910112602337635,2.2052489315709756,0,0.0,SKIP,pause_mode
dynamic_normal_defensive_pause,2025-01-09 18:15:00,2025-01-09,PAUSE,,True,True,243,0.9910112602337635,2.2052489315709756,0,0.0,SKIP,pause_mode
dynamic_normal_defensive_pause,2025-01-10 13:00:00,2025-01-10,PAUSE,,True,False,243,0.9910112602337635,2.2052489315709756,0,0.0,SKIP,pause_mode
dynamic_normal_defensive_pause,2025-01-10 13:45:00,2025-01-10,PAUSE,,True,False,243,0.9910112602337635,2.2052489315709756,0,0.0,SKIP,pause_mode
dynamic_normal_defensive_pause,2025-01-15 13:00:00,2025-01-15,PAUSE,,True,True,243,0.9910112602337635,2.2052489315709756,0,0.0,SKIP,pause_mode
dynamic_normal_defensive_pause,2025-01-15 13:30:00,2025-01-15,PAUSE,,True,True,243,0.9910112602337635,2.2052489315709756,0,0.0,SKIP,pause_mode
dynamic_normal_defensive_pause,2025-01-23 19:45:00,2025-01-23,PAUSE,,True,True,243,0.9910112602337635,2.2052489315709756,0,0.0,SKIP,pause_mode
dynamic_normal_defensive_pause,2025-01-24 10:00:00,2025-01-24,PAUSE,,True,True,243,0.9910112602337635,2.2052489315709756,0,0.0,SKIP,pause_mode
dynamic_normal_defensive_pause,2025-01-24 14:30:00,2025-01-24,PAUSE,,True,True,243,0.9910112602337635,2.2052489315709756,0,0.0,SKIP,pause_mode
dynamic_normal_defensive_pause,2025-01-30 19:30:00,2025-01-30,PAUSE,,True,True,243,0.9910112602337635,2.2052489315709756,0,0.0,SKIP,pause_mode
dynamic_normal_defensive_pause,2025-02-03 10:00:00,2025-02-03,PAUSE,,True,True,243,0.9910112602337635,2.2052489315709756,0,0.0,SKIP,pause_mode
dynamic_normal_defensive_pause,2025-02-04 21:30:00,2025-02-04,PAUSE,,True,True,243,0.9910112602337635,2.2052489315709756,0,0.0,SKIP,pause_mode
dynamic_normal_defensive_pause,2025-02-05 14:30:00,2025-02-05,PAUSE,,True,True,243,0.9910112602337635,2.2052489315709756,0,0.0,SKIP,pause_mode
dynamic_normal_defensive_pause,2025-02-07 10:00:00,2025-02-07,PAUSE,,True,True,243,0.9910112602337635,2.2052489315709756,0,0.0,SKIP,pause_mode
dynamic_normal_defensive_pause,2025-02-10 13:45:00,2025-02-10,PAUSE,,True,True,243,0.9910112602337635,2.2052489315709756,0,0.0,SKIP,pause_mode
dynamic_normal_defensive_pause,2025-02-12 18:45:00,2025-02-12,PAUSE,,True,True,243,0.9910112602337635,2.2052489315709756,0,0.0,SKIP,pause_mode
dynamic_normal_defensive_pause,2025-02-12 19:45:00,2025-02-12,PAUSE,,True,True,243,0.9910112602337635,2.2052489315709756,0,0.0,SKIP,pause_mode
dynamic_normal_defensive_pause,2025-02-13 10:15:00,2025-02-13,PAUSE,,True,True,243,0.9910112602337635,2.2052489315709756,0,0.0,SKIP,pause_mode
dynamic_normal_defensive_pause,2025-02-13 14:45:00,2025-02-13,PAUSE,,True,True,243,0.9910112602337635,2.2052489315709756,0,0.0,SKIP,pause_mode
dynamic_normal_defensive_pause,2025-02-14 10:45:00,2025-02-14,PAUSE,,True,True,243,0.9910112602337635,2.2052489315709756,0,0.0,SKIP,pause_mode
dynamic_normal_defensive_pause,2025-02-18 10:00:00,2025-02-18,PAUSE,,True,True,243,0.9910112602337635,2.2052489315709756,0,0.0,SKIP,pause_mode
dynamic_normal_defensive_pause,2025-02-18 13:00:00,2025-02-18,PAUSE,,True,True,243,0.9910112602337635,2.2052489315709756,0,0.0,SKIP,pause_mode
dynamic_normal_defensive_pause,2025-02-19 13:00:00,2025-02-19,PAUSE,,True,True,243,0.9910112602337635,2.2052489315709756,0,0.0,SKIP,pause_mode
dynamic_normal_defensive_pause,2025-02-19 14:00:00,2025-02-19,PAUSE,,True,True,243,0.9910112602337635,2.2052489315709756,0,0.0,SKIP,pause_mode
dynamic_normal_defensive_pause,2025-02-26 15:00:00,2025-02-26,PAUSE,,True,True,243,0.9910112602337635,2.2052489315709756,0,0.0,SKIP,pause_mode
dynamic_normal_defensive_pause,2025-02-27 10:15:00,2025-02-27,PAUSE,,True,True,243,0.9910112602337635,2.2052489315709756,0,0.0,SKIP,pause_mode
dynamic_normal_defensive_pause,2025-02-28 10:15:00,2025-02-28,PAUSE,,True,False,243,0.9910112602337635,2.2052489315709756,0,0.0,SKIP,pause_mode
dynamic_normal_defensive_pause,2025-02-28 15:45:00,2025-02-28,PAUSE,,True,True,243,0.9910112602337635,2.2052489315709756,0,0.0,SKIP,pause_mode
dynamic_normal_defensive_pause,2025-03-04 18:00:00,2025-03-04,PAUSE,,True,True,243,0.9910112602337635,2.2052489315709756,0,0.0,SKIP,pause_mode
dynamic_normal_defensive_pause,2025-03-06 18:45:00,2025-03-06,PAUSE,,True,True,243,0.9910112602337635,2.2052489315709756,0,0.0,SKIP,pause_mode
dynamic_normal_defensive_pause,2025-03-07 10:45:00,2025-03-07,PAUSE,,True,False,243,0.9910112602337635,2.2052489315709756,0,0.0,SKIP,pause_mode
dynamic_normal_defensive_pause,2025-03-07 13:30:00,2025-03-07,PAUSE,,True,False,243,0.9910112602337635,2.2052489315709756,0,0.0,SKIP,pause_mode
dynamic_normal_defensive_pause,2025-03-07 14:45:00,2025-03-07,PAUSE,,False,True,243,0.9910112602337635,2.2052489315709756,0,0.0,SKIP,pause_mode
dynamic_normal_defensive_pause,2025-03-10 13:15:00,2025-03-10,PAUSE,,True,True,243,0.9910112602337635,2.2052489315709756,0,0.0,SKIP,pause_mode
dynamic_normal_defensive_pause,2025-03-10 14:15:00,2025-03-10,PAUSE,,True,True,243,0.9910112602337635,2.2052489315709756,0,0.0,SKIP,pause_mode
dynamic_normal_defensive_pause,2025-03-11 13:15:00,2025-03-11,PAUSE,,True,False,243,0.9910112602337635,2.2052489315709756,0,0.0,SKIP,pause_mode
dynamic_normal_defensive_pause,2025-03-11 14:45:00,2025-03-11,PAUSE,,True,True,243,0.9910112602337635,2.2052489315709756,0,0.0,SKIP,pause_mode
dynamic_normal_defensive_pause,2025-03-13 10:15:00,2025-03-13,PAUSE,,True,True,243,0.9910112602337635,2.2052489315709756,0,0.0,SKIP,pause_mode
dynamic_normal_defensive_pause,2025-03-16 22:00:00,2025-03-16,PAUSE,,True,True,243,0.9910112602337635,2.2052489315709756,0,0.0,SKIP,pause_mode
dynamic_normal_defensive_pause,2025-03-17 14:15:00,2025-03-17,PAUSE,,True,True,243,0.9910112602337635,2.2052489315709756,0,0.0,SKIP,pause_mode
dynamic_normal_defensive_pause,2025-03-18 14:15:00,2025-03-18,PAUSE,,True,True,243,0.9910112602337635,2.2052489315709756,0,0.0,SKIP,pause_mode
dynamic_normal_defensive_pause,2025-03-19 10:45:00,2025-03-19,PAUSE,,True,False,243,0.9910112602337635,2.2052489315709756,0,0.0,SKIP,pause_mode
dynamic_normal_defensive_pause,2025-03-19 19:15:00,2025-03-19,PAUSE,,True,True,243,0.9910112602337635,2.2052489315709756,0,0.0,SKIP,pause_mode
dynamic_normal_defensive_pause,2025-03-24 10:30:00,2025-03-24,PAUSE,,True,False,243,0.9910112602337635,2.2052489315709756,0,0.0,SKIP,pause_mode
dynamic_normal_defensive_pause,2025-03-26 10:30:00,2025-03-26,PAUSE,,True,False,243,0.9910112602337635,2.2052489315709756,0,0.0,SKIP,pause_mode
dynamic_normal_defensive_pause,2025-03-27 15:45:00,2025-03-27,PAUSE,,True,True,243,0.9910112602337635,2.2052489315709756,0,0.0,SKIP,pause_mode
dynamic_normal_defensive_pause,2025-03-28 10:45:00,2025-03-28,PAUSE,,True,False,243,0.9910112602337635,2.2052489315709756,0,0.0,SKIP,pause_mode
dynamic_normal_defensive_pause,2025-03-31 14:30:00,2025-03-31,PAUSE,,True,True,243,0.9910112602337635,2.2052489315709756,0,0.0,SKIP,pause_mode
dynamic_normal_defensive_pause,2025-04-01 10:15:00,2025-04-01,PAUSE,,True,False,243,0.9910112602337635,2.2052489315709756,0,0.0,SKIP,pause_mode
dynamic_normal_defensive_pause,2025-04-02 13:00:00,2025-04-02,PAUSE,,True,False,243,0.9910112602337635,2.2052489315709756,0,0.0,SKIP,pause_mode
dynamic_normal_defensive_pause,2025-04-07 13:45:00,2025-04-07,PAUSE,,True,True,243,0.9910112602337635,2.2052489315709756,0,0.0,SKIP,pause_mode
dynamic_normal_defensive_pause,2025-04-07 14:30:00,2025-04-07,PAUSE,,True,True,243,0.9910112602337635,2.2052489315709756,0,0.0,SKIP,pause_mode
dynamic_normal_defensive_pause,2025-04-09 13:00:00,2025-04-09,PAUSE,,True,True,243,0.9910112602337635,2.2052489315709756,0,0.0,SKIP,pause_mode
dynamic_normal_defensive_pause,2025-04-09 18:15:00,2025-04-09,PAUSE,,True,False,243,0.9910112602337635,2.2052489315709756,0,0.0,SKIP,pause_mode
dynamic_normal_defensive_pause,2025-04-10 10:00:00,2025-04-10,PAUSE,,True,True,243,0.9910112602337635,2.2052489315709756,0,0.0,SKIP,pause_mode
dynamic_normal_defensive_pause,2025-04-11 14:15:00,2025-04-11,PAUSE,,True,True,243,0.9910112602337635,2.2052489315709756,0,0.0,SKIP,pause_mode
dynamic_normal_defensive_pause,2025-04-22 10:00:00,2025-04-22,PAUSE,,True,True,243,0.9910112602337635,2.2052489315709756,0,0.0,SKIP,pause_mode
dynamic_normal_defensive_pause,2025-04-25 10:15:00,2025-04-25,PAUSE,,True,True,243,0.9910112602337635,2.2052489315709756,0,0.0,SKIP,pause_mode
dynamic_normal_defensive_pause,2025-04-28 10:00:00,2025-04-28,PAUSE,,True,True,243,0.9910112602337635,2.2052489315709756,0,0.0,SKIP,pause_mode
dynamic_normal_defensive_pause,2025-05-01 14:15:00,2025-05-01,PAUSE,,True,True,243,0.9910112602337635,2.2052489315709756,0,0.0,SKIP,pause_mode
dynamic_normal_defensive_pause,2025-05-06 14:45:00,2025-05-06,PAUSE,,True,True,243,0.9910112602337635,2.2052489315709756,0,0.0,SKIP,pause_mode
dynamic_normal_defensive_pause,2025-05-09 18:00:00,2025-05-09,PAUSE,,True,True,243,0.9910112602337635,2.2052489315709756,0,0.0,SKIP,pause_mode
dynamic_normal_defensive_pause,2025-05-13 14:15:00,2025-05-13,PAUSE,,True,True,243,0.9910112602337635,2.2052489315709756,0,0.0,SKIP,pause_mode
dynamic_normal_defensive_pause,2025-05-16 13:30:00,2025-05-16,PAUSE,,True,True,243,0.9910112602337635,2.2052489315709756,0,0.0,SKIP,pause_mode
dynamic_normal_defensive_pause,2025-05-21 10:00:00,2025-05-21,PAUSE,,True,True,243,0.9910112602337635,2.2052489315709756,0,0.0,SKIP,pause_mode
dynamic_normal_defensive_pause,2025-05-21 14:15:00,2025-05-21,PAUSE,,True,True,243,0.9910112602337635,2.2052489315709756,0,0.0,SKIP,pause_mode
dynamic_normal_defensive_pause,2025-05-23 14:00:00,2025-05-23,PAUSE,,True,True,243,0.9910112602337635,2.2052489315709756,0,0.0,SKIP,pause_mode
dynamic_normal_defensive_pause,2025-05-26 18:00:00,2025-05-26,PAUSE,,True,True,243,0.9910112602337635,2.2052489315709756,0,0.0,SKIP,pause_mode
dynamic_normal_defensive_pause,2025-05-27 13:15:00,2025-05-27,PAUSE,,True,True,243,0.9910112602337635,2.2052489315709756,0,0.0,SKIP,pause_mode
dynamic_normal_defensive_pause,2025-05-30 14:45:00,2025-05-30,PAUSE,,True,True,243,0.9910112602337635,2.2052489315709756,0,0.0,SKIP,pause_mode
dynamic_normal_defensive_pause,2025-06-02 13:30:00,2025-06-02,PAUSE,,True,True,243,0.9910112602337635,2.2052489315709756,0,0.0,SKIP,pause_mode
dynamic_normal_defensive_pause,2025-06-04 19:00:00,2025-06-04,PAUSE,,True,True,243,0.9910112602337635,2.2052489315709756,0,0.0,SKIP,pause_mode
dynamic_normal_defensive_pause,2025-06-10 14:00:00,2025-06-10,PAUSE,,True,True,243,0.9910112602337635,2.2052489315709756,0,0.0,SKIP,pause_mode
dynamic_normal_defensive_pause,2025-06-11 14:30:00,2025-06-11,PAUSE,,True,True,243,0.9910112602337635,2.2052489315709756,0,0.0,SKIP,pause_mode
dynamic_normal_defensive_pause,2025-06-11 18:00:00,2025-06-11,PAUSE,,True,False,243,0.9910112602337635,2.2052489315709756,0,0.0,SKIP,pause_mode
dynamic_normal_defensive_pause,2025-06-12 14:30:00,2025-06-12,PAUSE,,True,True,243,0.9910112602337635,2.2052489315709756,0,0.0,SKIP,pause_mode
dynamic_normal_defensive_pause,2025-06-13 14:00:00,2025-06-13,PAUSE,,True,True,243,0.9910112602337635,2.2052489315709756,0,0.0,SKIP,pause_mode
dynamic_normal_defensive_pause,2025-06-19 15:00:00,2025-06-19,PAUSE,,True,True,243,0.9910112602337635,2.2052489315709756,0,0.0,SKIP,pause_mode
dynamic_normal_defensive_pause,2025-06-24 15:15:00,2025-06-24,PAUSE,,True,True,243,0.9910112602337635,2.2052489315709756,0,0.0,SKIP,pause_mode
dynamic_normal_defensive_pause,2025-06-25 14:00:00,2025-06-25,PAUSE,,True,True,243,0.9910112602337635,2.2052489315709756,0,0.0,SKIP,pause_mode
dynamic_normal_defensive_pause,2025-06-26 15:00:00,2025-06-26,PAUSE,,True,True,243,0.9910112602337635,2.2052489315709756,0,0.0,SKIP,pause_mode
dynamic_normal_defensive_pause,2025-06-27 10:15:00,2025-06-27,PAUSE,,True,True,243,0.9910112602337635,2.2052489315709756,0,0.0,SKIP,pause_mode
dynamic_normal_defensive_pause,2025-06-27 14:00:00,2025-06-27,PAUSE,,True,True,243,0.9910112602337635,2.2052489315709756,0,0.0,SKIP,pause_mode
dynamic_normal_defensive_pause,2025-07-01 13:15:00,2025-07-01,PAUSE,,True,True,243,0.9910112602337635,2.2052489315709756,0,0.0,SKIP,pause_mode
dynamic_normal_defensive_pause,2025-07-01 19:00:00,2025-07-01,PAUSE,,True,False,243,0.9910112602337635,2.2052489315709756,0,0.0,SKIP,pause_mode
dynamic_normal_defensive_pause,2025-07-02 13:00:00,2025-07-02,PAUSE,,True,True,243,0.9910112602337635,2.2052489315709756,0,0.0,SKIP,pause_mode
dynamic_normal_defensive_pause,2025-07-03 10:30:00,2025-07-03,PAUSE,,True,False,243,0.9910112602337635,2.2052489315709756,0,0.0,SKIP,pause_mode
dynamic_normal_defensive_pause,2025-07-06 22:00:00,2025-07-06,PAUSE,,True,False,243,0.9910112602337635,2.2052489315709756,0,0.0,SKIP,pause_mode
dynamic_normal_defensive_pause,2025-07-07 10:15:00,2025-07-07,PAUSE,,True,True,243,0.9910112602337635,2.2052489315709756,0,0.0,SKIP,pause_mode
dynamic_normal_defensive_pause,2025-07-08 10:30:00,2025-07-08,PAUSE,,True,True,243,0.9910112602337635,2.2052489315709756,0,0.0,SKIP,pause_mode
dynamic_normal_defensive_pause,2025-07-09 10:00:00,2025-07-09,PAUSE,,True,True,243,0.9910112602337635,2.2052489315709756,0,0.0,SKIP,pause_mode
dynamic_normal_defensive_pause,2025-07-10 10:30:00,2025-07-10,PAUSE,,True,False,243,0.9910112602337635,2.2052489315709756,0,0.0,SKIP,pause_mode
dynamic_normal_defensive_pause,2025-07-10 13:00:00,2025-07-10,PAUSE,,True,False,243,0.9910112602337635,2.2052489315709756,0,0.0,SKIP,pause_mode
dynamic_normal_defensive_pause,2025-07-10 14:45:00,2025-07-10,PAUSE,,False,True,243,0.9910112602337635,2.2052489315709756,0,0.0,SKIP,pause_mode
dynamic_normal_defensive_pause,2025-07-11 18:00:00,2025-07-11,PAUSE,,True,True,243,0.9910112602337635,2.2052489315709756,0,0.0,SKIP,pause_mode
dynamic_normal_defensive_pause,2025-07-14 10:15:00,2025-07-14,PAUSE,,True,True,243,0.9910112602337635,2.2052489315709756,0,0.0,SKIP,pause_mode
dynamic_normal_defensive_pause,2025-07-15 10:15:00,2025-07-15,PAUSE,,True,True,243,0.9910112602337635,2.2052489315709756,0,0.0,SKIP,pause_mode
dynamic_normal_defensive_pause,2025-07-16 15:45:00,2025-07-16,PAUSE,,True,True,243,0.9910112602337635,2.2052489315709756,0,0.0,SKIP,pause_mode
dynamic_normal_defensive_pause,2025-07-17 10:30:00,2025-07-17,PAUSE,,True,True,243,0.9910112602337635,2.2052489315709756,0,0.0,SKIP,pause_mode
dynamic_normal_defensive_pause,2025-07-17 22:30:00,2025-07-17,PAUSE,,True,False,243,0.9910112602337635,2.2052489315709756,0,0.0,SKIP,pause_mode
dynamic_normal_defensive_pause,2025-07-18 14:00:00,2025-07-18,PAUSE,,True,True,243,0.9910112602337635,2.2052489315709756,0,0.0,SKIP,pause_mode
dynamic_normal_defensive_pause,2025-07-25 13:30:00,2025-07-25,PAUSE,,True,True,243,0.9910112602337635,2.2052489315709756,0,0.0,SKIP,pause_mode
dynamic_normal_defensive_pause,2025-07-31 15:00:00,2025-07-31,PAUSE,,True,False,243,0.9910112602337635,2.2052489315709756,0,0.0,SKIP,pause_mode
dynamic_normal_defensive_pause,2025-08-04 15:30:00,2025-08-04,PAUSE,,True,True,243,0.9910112602337635,2.2052489315709756,0,0.0,SKIP,pause_mode
dynamic_normal_defensive_pause,2025-08-05 13:00:00,2025-08-05,PAUSE,,True,False,243,0.9910112602337635,2.2052489315709756,0,0.0,SKIP,pause_mode
dynamic_normal_defensive_pause,2025-08-05 18:00:00,2025-08-05,PAUSE,,True,True,243,0.9910112602337635,2.2052489315709756,0,0.0,SKIP,pause_mode
dynamic_normal_defensive_pause,2025-08-07 13:45:00,2025-08-07,PAUSE,,True,True,243,0.9910112602337635,2.2052489315709756,0,0.0,SKIP,pause_mode
dynamic_normal_defensive_pause,2025-08-08 13:30:00,2025-08-08,PAUSE,,True,False,243,0.9910112602337635,2.2052489315709756,0,0.0,SKIP,pause_mode
dynamic_normal_defensive_pause,2025-08-11 13:00:00,2025-08-11,PAUSE,,True,True,243,0.9910112602337635,2.2052489315709756,0,0.0,SKIP,pause_mode
dynamic_normal_defensive_pause,2025-08-11 14:15:00,2025-08-11,PAUSE,,True,True,243,0.9910112602337635,2.2052489315709756,0,0.0,SKIP,pause_mode
dynamic_normal_defensive_pause,2025-08-12 14:30:00,2025-08-12,PAUSE,,True,True,243,0.9910112602337635,2.2052489315709756,0,0.0,SKIP,pause_mode
dynamic_normal_defensive_pause,2025-08-13 14:15:00,2025-08-13,PAUSE,,True,False,243,0.9910112602337635,2.2052489315709756,0,0.0,SKIP,pause_mode
dynamic_normal_defensive_pause,2025-08-14 13:30:00,2025-08-14,PAUSE,,True,True,243,0.9910112602337635,2.2052489315709756,0,0.0,SKIP,pause_mode
dynamic_normal_defensive_pause,2025-08-19 14:00:00,2025-08-19,PAUSE,,True,True,243,0.9910112602337635,2.2052489315709756,0,0.0,SKIP,pause_mode
dynamic_normal_defensive_pause,2025-08-26 18:00:00,2025-08-26,PAUSE,,True,True,243,0.9910112602337635,2.2052489315709756,0,0.0,SKIP,pause_mode
dynamic_normal_defensive_pause,2025-08-28 10:30:00,2025-08-28,PAUSE,,True,False,243,0.9910112602337635,2.2052489315709756,0,0.0,SKIP,pause_mode
dynamic_normal_defensive_pause,2025-08-28 15:15:00,2025-08-28,PAUSE,,True,True,243,0.9910112602337635,2.2052489315709756,0,0.0,SKIP,pause_mode
dynamic_normal_defensive_pause,2025-08-31 22:00:00,2025-08-31,PAUSE,,True,True,243,0.9910112602337635,2.2052489315709756,0,0.0,SKIP,pause_mode
dynamic_normal_defensive_pause,2025-09-01 13:45:00,2025-09-01,PAUSE,,True,True,243,0.9910112602337635,2.2052489315709756,0,0.0,SKIP,pause_mode
dynamic_normal_defensive_pause,2025-09-02 13:30:00,2025-09-02,PAUSE,,True,False,243,0.9910112602337635,2.2052489315709756,0,0.0,SKIP,pause_mode
dynamic_normal_defensive_pause,2025-09-04 13:15:00,2025-09-04,PAUSE,,True,True,243,0.9910112602337635,2.2052489315709756,0,0.0,SKIP,pause_mode
dynamic_normal_defensive_pause,2025-09-07 22:15:00,2025-09-07,PAUSE,,True,True,243,0.9910112602337635,2.2052489315709756,0,0.0,SKIP,pause_mode
dynamic_normal_defensive_pause,2025-09-08 18:00:00,2025-09-08,PAUSE,,True,True,243,0.9910112602337635,2.2052489315709756,0,0.0,SKIP,pause_mode
dynamic_normal_defensive_pause,2025-09-09 10:15:00,2025-09-09,PAUSE,,True,True,243,0.9910112602337635,2.2052489315709756,0,0.0,SKIP,pause_mode
dynamic_normal_defensive_pause,2025-09-11 19:00:00,2025-09-11,PAUSE,,True,True,243,0.9910112602337635,2.2052489315709756,0,0.0,SKIP,pause_mode
dynamic_normal_defensive_pause,2025-09-12 10:00:00,2025-09-12,PAUSE,,True,False,243,0.9910112602337635,2.2052489315709756,0,0.0,SKIP,pause_mode
dynamic_normal_defensive_pause,2025-09-12 13:30:00,2025-09-12,PAUSE,,True,False,243,0.9910112602337635,2.2052489315709756,0,0.0,SKIP,pause_mode
dynamic_normal_defensive_pause,2025-09-15 22:15:00,2025-09-15,PAUSE,,True,True,243,0.9910112602337635,2.2052489315709756,0,0.0,SKIP,pause_mode
dynamic_normal_defensive_pause,2025-09-16 13:15:00,2025-09-16,PAUSE,,True,True,243,0.9910112602337635,2.2052489315709756,0,0.0,SKIP,pause_mode
dynamic_normal_defensive_pause,2025-09-22 13:00:00,2025-09-22,PAUSE,,True,True,243,0.9910112602337635,2.2052489315709756,0,0.0,SKIP,pause_mode
dynamic_normal_defensive_pause,2025-09-22 14:15:00,2025-09-22,PAUSE,,True,True,243,0.9910112602337635,2.2052489315709756,0,0.0,SKIP,pause_mode
dynamic_normal_defensive_pause,2025-09-23 15:00:00,2025-09-23,PAUSE,,True,True,243,0.9910112602337635,2.2052489315709756,0,0.0,SKIP,pause_mode
dynamic_normal_defensive_pause,2025-09-25 19:30:00,2025-09-25,PAUSE,,True,True,243,0.9910112602337635,2.2052489315709756,0,0.0,SKIP,pause_mode
dynamic_normal_defensive_pause,2025-09-26 13:30:00,2025-09-26,PAUSE,,True,False,243,0.9910112602337635,2.2052489315709756,0,0.0,SKIP,pause_mode
dynamic_normal_defensive_pause,2025-09-28 22:00:00,2025-09-28,PAUSE,,True,False,243,0.9910112602337635,2.2052489315709756,0,0.0,SKIP,pause_mode
dynamic_normal_defensive_pause,2025-09-29 10:15:00,2025-09-29,PAUSE,,True,True,243,0.9910112602337635,2.2052489315709756,0,0.0,SKIP,pause_mode
dynamic_normal_defensive_pause,2025-09-30 14:00:00,2025-09-30,PAUSE,,True,True,243,0.9910112602337635,2.2052489315709756,0,0.0,SKIP,pause_mode
dynamic_normal_defensive_pause,2025-10-01 14:30:00,2025-10-01,PAUSE,,True,True,243,0.9910112602337635,2.2052489315709756,0,0.0,SKIP,pause_mode
dynamic_normal_defensive_pause,2025-10-02 10:00:00,2025-10-02,PAUSE,,True,False,243,0.9910112602337635,2.2052489315709756,0,0.0,SKIP,pause_mode
dynamic_normal_defensive_pause,2025-10-03 14:15:00,2025-10-03,PAUSE,,True,True,243,0.9910112602337635,2.2052489315709756,0,0.0,SKIP,pause_mode
dynamic_normal_defensive_pause,2025-10-06 13:30:00,2025-10-06,PAUSE,,True,True,243,0.9910112602337635,2.2052489315709756,0,0.0,SKIP,pause_mode
dynamic_normal_defensive_pause,2025-10-07 13:30:00,2025-10-07,PAUSE,,True,True,243,0.9910112602337635,2.2052489315709756,0,0.0,SKIP,pause_mode
dynamic_normal_defensive_pause,2025-10-08 13:45:00,2025-10-08,PAUSE,,True,False,243,0.9910112602337635,2.2052489315709756,0,0.0,SKIP,pause_mode
dynamic_normal_defensive_pause,2025-10-10 15:30:00,2025-10-10,PAUSE,,True,False,243,0.9910112602337635,2.2052489315709756,0,0.0,SKIP,pause_mode
dynamic_normal_defensive_pause,2025-10-12 22:00:00,2025-10-12,PAUSE,,True,True,243,0.9910112602337635,2.2052489315709756,0,0.0,SKIP,pause_mode
dynamic_normal_defensive_pause,2025-10-13 19:15:00,2025-10-13,PAUSE,,True,True,243,0.9910112602337635,2.2052489315709756,0,0.0,SKIP,pause_mode
dynamic_normal_defensive_pause,2025-10-14 10:15:00,2025-10-14,PAUSE,,True,False,243,0.9910112602337635,2.2052489315709756,0,0.0,SKIP,pause_mode
dynamic_normal_defensive_pause,2025-10-14 15:00:00,2025-10-14,PAUSE,,True,False,243,0.9910112602337635,2.2052489315709756,0,0.0,SKIP,pause_mode
dynamic_normal_defensive_pause,2025-10-15 19:00:00,2025-10-15,PAUSE,,True,True,243,0.9910112602337635,2.2052489315709756,0,0.0,SKIP,pause_mode
dynamic_normal_defensive_pause,2025-10-22 10:15:00,2025-10-22,PAUSE,,True,True,243,0.9910112602337635,2.2052489315709756,0,0.0,SKIP,pause_mode
dynamic_normal_defensive_pause,2025-10-22 15:30:00,2025-10-22,PAUSE,,True,True,243,0.9910112602337635,2.2052489315709756,0,0.0,SKIP,pause_mode
dynamic_normal_defensive_pause,2025-10-27 13:15:00,2025-10-27,PAUSE,,True,True,243,0.9910112602337635,2.2052489315709756,0,0.0,SKIP,pause_mode
dynamic_normal_defensive_pause,2025-10-29 14:00:00,2025-10-29,PAUSE,,True,False,243,0.9910112602337635,2.2052489315709756,0,0.0,SKIP,pause_mode
dynamic_normal_defensive_pause,2025-10-30 14:15:00,2025-10-30,PAUSE,,True,False,243,0.9910112602337635,2.2052489315709756,0,0.0,SKIP,pause_mode
dynamic_normal_defensive_pause,2025-10-31 14:00:00,2025-10-31,PAUSE,,True,False,243,0.9910112602337635,2.2052489315709756,0,0.0,SKIP,pause_mode
dynamic_normal_defensive_pause,2025-11-04 15:30:00,2025-11-04,PAUSE,,True,True,243,0.9910112602337635,2.2052489315709756,0,0.0,SKIP,pause_mode
dynamic_normal_defensive_pause,2025-11-06 13:00:00,2025-11-06,PAUSE,,True,True,243,0.9910112602337635,2.2052489315709756,0,0.0,SKIP,pause_mode
dynamic_normal_defensive_pause,2025-11-10 15:00:00,2025-11-10,PAUSE,,True,True,243,0.9910112602337635,2.2052489315709756,0,0.0,SKIP,pause_mode
dynamic_normal_defensive_pause,2025-11-13 10:45:00,2025-11-13,PAUSE,,True,True,243,0.9910112602337635,2.2052489315709756,0,0.0,SKIP,pause_mode
dynamic_normal_defensive_pause,2025-11-19 13:15:00,2025-11-19,PAUSE,,True,True,243,0.9910112602337635,2.2052489315709756,0,0.0,SKIP,pause_mode
dynamic_normal_defensive_pause,2025-11-20 10:00:00,2025-11-20,PAUSE,,True,True,243,0.9910112602337635,2.2052489315709756,0,0.0,SKIP,pause_mode
dynamic_normal_defensive_pause,2025-11-21 10:00:00,2025-11-21,PAUSE,,True,True,243,0.9910112602337635,2.2052489315709756,0,0.0,SKIP,pause_mode
dynamic_normal_defensive_pause,2025-11-21 18:00:00,2025-11-21,PAUSE,,True,True,243,0.9910112602337635,2.2052489315709756,0,0.0,SKIP,pause_mode
dynamic_normal_defensive_pause,2025-11-24 18:00:00,2025-11-24,PAUSE,,True,True,243,0.9910112602337635,2.2052489315709756,0,0.0,SKIP,pause_mode
dynamic_normal_defensive_pause,2025-11-28 13:45:00,2025-11-28,PAUSE,,True,True,243,0.9910112602337635,2.2052489315709756,0,0.0,SKIP,pause_mode
dynamic_normal_defensive_pause,2025-12-03 15:00:00,2025-12-03,PAUSE,,True,True,243,0.9910112602337635,2.2052489315709756,0,0.0,SKIP,pause_mode
dynamic_normal_defensive_pause,2025-12-05 10:15:00,2025-12-05,PAUSE,,True,False,243,0.9910112602337635,2.2052489315709756,0,0.0,SKIP,pause_mode
dynamic_normal_defensive_pause,2025-12-05 14:30:00,2025-12-05,PAUSE,,True,True,243,0.9910112602337635,2.2052489315709756,0,0.0,SKIP,pause_mode
dynamic_normal_defensive_pause,2025-12-09 13:45:00,2025-12-09,PAUSE,,True,True,243,0.9910112602337635,2.2052489315709756,0,0.0,SKIP,pause_mode
dynamic_normal_defensive_pause,2025-12-09 14:45:00,2025-12-09,PAUSE,,True,True,243,0.9910112602337635,2.2052489315709756,0,0.0,SKIP,pause_mode
dynamic_normal_defensive_pause,2025-12-16 18:45:00,2025-12-16,PAUSE,,True,True,243,0.9910112602337635,2.2052489315709756,0,0.0,SKIP,pause_mode
dynamic_normal_defensive_pause,2025-12-16 19:45:00,2025-12-16,PAUSE,,True,True,243,0.9910112602337635,2.2052489315709756,0,0.0,SKIP,pause_mode
dynamic_normal_defensive_pause,2025-12-17 13:00:00,2025-12-17,PAUSE,,True,False,243,0.9910112602337635,2.2052489315709756,0,0.0,SKIP,pause_mode
dynamic_normal_defensive_pause,2025-12-17 14:00:00,2025-12-17,PAUSE,,True,True,243,0.9910112602337635,2.2052489315709756,0,0.0,SKIP,pause_mode
dynamic_normal_defensive_pause,2025-12-18 18:00:00,2025-12-18,PAUSE,,True,False,243,0.9910112602337635,2.2052489315709756,0,0.0,SKIP,pause_mode
dynamic_normal_defensive_pause,2025-12-19 18:30:00,2025-12-19,PAUSE,,True,True,243,0.9910112602337635,2.2052489315709756,0,0.0,SKIP,pause_mode
dynamic_normal_defensive_pause,2025-12-22 15:15:00,2025-12-22,PAUSE,,True,False,243,0.9910112602337635,2.2052489315709756,0,0.0,SKIP,pause_mode
dynamic_normal_defensive_pause,2025-12-22 18:45:00,2025-12-22,PAUSE,,True,True,243,0.9910112602337635,2.2052489315709756,0,0.0,SKIP,pause_mode
dynamic_normal_defensive_pause,2025-12-23 10:00:00,2025-12-23,PAUSE,,True,True,243,0.9910112602337635,2.2052489315709756,0,0.0,SKIP,pause_mode
dynamic_normal_defensive_pause,2025-12-23 21:30:00,2025-12-23,PAUSE,,True,True,243,0.9910112602337635,2.2052489315709756,0,0.0,SKIP,pause_mode
dynamic_normal_defensive_pause,2025-12-26 10:45:00,2025-12-26,PAUSE,,True,True,243,0.9910112602337635,2.2052489315709756,0,0.0,SKIP,pause_mode
dynamic_normal_defensive_pause,2025-12-31 10:15:00,2025-12-31,PAUSE,,True,False,243,0.9910112602337635,2.2052489315709756,0,0.0,SKIP,pause_mode
dynamic_normal_defensive_pause,2026-01-05 14:00:00,2026-01-05,PAUSE,,True,True,243,0.9910112602337635,2.2052489315709756,0,0.0,SKIP,pause_mode
dynamic_normal_defensive_pause,2026-01-05 18:30:00,2026-01-05,PAUSE,,True,True,243,0.9910112602337635,2.2052489315709756,0,0.0,SKIP,pause_mode
dynamic_normal_defensive_pause,2026-01-06 15:30:00,2026-01-06,PAUSE,,True,True,243,0.9910112602337635,2.2052489315709756,0,0.0,SKIP,pause_mode
dynamic_normal_defensive_pause,2026-01-08 13:00:00,2026-01-08,PAUSE,,True,True,243,0.9910112602337635,2.2052489315709756,0,0.0,SKIP,pause_mode
dynamic_normal_defensive_pause,2026-01-08 13:45:00,2026-01-08,PAUSE,,True,True,243,0.9910112602337635,2.2052489315709756,0,0.0,SKIP,pause_mode
dynamic_normal_defensive_pause,2026-01-09 14:30:00,2026-01-09,PAUSE,,True,True,243,0.9910112602337635,2.2052489315709756,0,0.0,SKIP,pause_mode
dynamic_normal_defensive_pause,2026-01-09 18:30:00,2026-01-09,PAUSE,,True,True,243,0.9910112602337635,2.2052489315709756,0,0.0,SKIP,pause_mode
dynamic_normal_defensive_pause,2026-01-12 14:00:00,2026-01-12,PAUSE,,True,True,243,0.9910112602337635,2.2052489315709756,0,0.0,SKIP,pause_mode
dynamic_normal_defensive_pause,2026-01-12 18:45:00,2026-01-12,PAUSE,,True,True,243,0.9910112602337635,2.2052489315709756,0,0.0,SKIP,pause_mode
dynamic_normal_defensive_pause,2026-01-13 13:15:00,2026-01-13,PAUSE,,True,False,243,0.9910112602337635,2.2052489315709756,0,0.0,SKIP,pause_mode
dynamic_normal_defensive_pause,2026-01-13 15:15:00,2026-01-13,PAUSE,,True,True,243,0.9910112602337635,2.2052489315709756,0,0.0,SKIP,pause_mode
dynamic_normal_defensive_pause,2026-01-14 19:15:00,2026-01-14,PAUSE,,True,True,243,0.9910112602337635,2.2052489315709756,0,0.0,SKIP,pause_mode
dynamic_normal_defensive_pause,2026-01-20 13:30:00,2026-01-20,PAUSE,,True,True,243,0.9910112602337635,2.2052489315709756,0,0.0,SKIP,pause_mode
dynamic_normal_defensive_pause,2026-01-20 15:30:00,2026-01-20,PAUSE,,True,False,243,0.9910112602337635,2.2052489315709756,0,0.0,SKIP,pause_mode
dynamic_normal_defensive_pause,2026-01-21 13:00:00,2026-01-21,PAUSE,,True,True,243,0.9910112602337635,2.2052489315709756,0,0.0,SKIP,pause_mode
dynamic_normal_defensive_pause,2026-01-22 10:30:00,2026-01-22,PAUSE,,True,False,243,0.9910112602337635,2.2052489315709756,0,0.0,SKIP,pause_mode
dynamic_normal_defensive_pause,2026-01-23 14:30:00,2026-01-23,PAUSE,,True,True,243,0.9910112602337635,2.2052489315709756,0,0.0,SKIP,pause_mode
dynamic_normal_defensive_pause,2026-01-23 18:45:00,2026-01-23,PAUSE,,True,True,243,0.9910112602337635,2.2052489315709756,0,0.0,SKIP,pause_mode
dynamic_normal_defensive_pause,2026-01-26 10:00:00,2026-01-26,PAUSE,,True,False,243,0.9910112602337635,2.2052489315709756,0,0.0,SKIP,pause_mode
dynamic_normal_defensive_pause,2026-01-26 14:45:00,2026-01-26,PAUSE,,True,True,243,0.9910112602337635,2.2052489315709756,0,0.0,SKIP,pause_mode
dynamic_normal_defensive_pause,2026-01-28 15:15:00,2026-01-28,PAUSE,,True,False,243,0.9910112602337635,2.2052489315709756,0,0.0,SKIP,pause_mode
dynamic_normal_defensive_pause,2026-01-29 14:15:00,2026-01-29,PAUSE,,True,True,243,0.9910112602337635,2.2052489315709756,0,0.0,SKIP,pause_mode
dynamic_normal_defensive_pause,2026-01-30 14:45:00,2026-01-30,PAUSE,,True,True,243,0.9910112602337635,2.2052489315709756,0,0.0,SKIP,pause_mode
dynamic_normal_defensive_pause,2026-02-03 18:00:00,2026-02-03,PAUSE,,True,False,243,0.9910112602337635,2.2052489315709756,0,0.0,SKIP,pause_mode
dynamic_normal_defensive_pause,2026-02-05 10:15:00,2026-02-05,PAUSE,,True,True,243,0.9910112602337635,2.2052489315709756,0,0.0,SKIP,pause_mode
dynamic_normal_defensive_pause,2026-02-06 14:15:00,2026-02-06,PAUSE,,True,False,243,0.9910112602337635,2.2052489315709756,0,0.0,SKIP,pause_mode
dynamic_normal_defensive_pause,2026-02-09 18:00:00,2026-02-09,PAUSE,,True,True,243,0.9910112602337635,2.2052489315709756,0,0.0,SKIP,pause_mode
dynamic_normal_defensive_pause,2026-02-10 10:00:00,2026-02-10,PAUSE,,True,False,243,0.9910112602337635,2.2052489315709756,0,0.0,SKIP,pause_mode
dynamic_normal_defensive_pause,2026-02-10 13:30:00,2026-02-10,PAUSE,,True,False,243,0.9910112602337635,2.2052489315709756,0,0.0,SKIP,pause_mode
dynamic_normal_defensive_pause,2026-02-11 18:30:00,2026-02-11,PAUSE,,True,False,243,0.9910112602337635,2.2052489315709756,0,0.0,SKIP,pause_mode
dynamic_normal_defensive_pause,2026-02-13 19:45:00,2026-02-13,PAUSE,,True,True,243,0.9910112602337635,2.2052489315709756,0,0.0,SKIP,pause_mode
dynamic_normal_defensive_pause,2026-02-17 13:15:00,2026-02-17,PAUSE,,True,True,243,0.9910112602337635,2.2052489315709756,0,0.0,SKIP,pause_mode
dynamic_normal_defensive_pause,2026-02-18 19:00:00,2026-02-18,PAUSE,,True,True,243,0.9910112602337635,2.2052489315709756,0,0.0,SKIP,pause_mode
dynamic_normal_defensive_pause,2026-02-19 13:45:00,2026-02-19,PAUSE,,True,False,243,0.9910112602337635,2.2052489315709756,0,0.0,SKIP,pause_mode
dynamic_normal_defensive_pause,2026-02-19 14:45:00,2026-02-19,PAUSE,,True,True,243,0.9910112602337635,2.2052489315709756,0,0.0,SKIP,pause_mode
dynamic_normal_defensive_pause,2026-02-20 13:30:00,2026-02-20,PAUSE,,True,False,243,0.9910112602337635,2.2052489315709756,0,0.0,SKIP,pause_mode
dynamic_normal_defensive_pause,2026-02-20 15:30:00,2026-02-20,PAUSE,,True,False,243,0.9910112602337635,2.2052489315709756,0,0.0,SKIP,pause_mode
dynamic_normal_defensive_pause,2026-02-27 18:00:00,2026-02-27,PAUSE,,True,True,243,0.9910112602337635,2.2052489315709756,0,0.0,SKIP,pause_mode
dynamic_normal_defensive_pause,2026-03-02 13:15:00,2026-03-02,PAUSE,,True,True,243,0.9910112602337635,2.2052489315709756,0,0.0,SKIP,pause_mode
dynamic_normal_defensive_pause,2026-03-06 13:15:00,2026-03-06,PAUSE,,True,True,243,0.9910112602337635,2.2052489315709756,0,0.0,SKIP,pause_mode
dynamic_normal_defensive_pause,2026-03-10 14:00:00,2026-03-10,PAUSE,,True,True,243,0.9910112602337635,2.2052489315709756,0,0.0,SKIP,pause_mode
dynamic_normal_defensive_pause,2026-03-12 10:15:00,2026-03-12,PAUSE,,True,True,243,0.9910112602337635,2.2052489315709756,0,0.0,SKIP,pause_mode
dynamic_normal_defensive_pause,2026-03-13 10:15:00,2026-03-13,PAUSE,,True,True,243,0.9910112602337635,2.2052489315709756,0,0.0,SKIP,pause_mode
dynamic_normal_defensive_pause,2026-03-13 14:00:00,2026-03-13,PAUSE,,True,True,243,0.9910112602337635,2.2052489315709756,0,0.0,SKIP,pause_mode
dynamic_normal_defensive_pause,2026-03-16 15:00:00,2026-03-16,PAUSE,,True,True,243,0.9910112602337635,2.2052489315709756,0,0.0,SKIP,pause_mode
dynamic_normal_defensive_pause,2026-03-18 10:00:00,2026-03-18,PAUSE,,True,True,243,0.9910112602337635,2.2052489315709756,0,0.0,SKIP,pause_mode
dynamic_normal_defensive_pause,2026-03-19 15:15:00,2026-03-19,PAUSE,,True,True,243,0.9910112602337635,2.2052489315709756,0,0.0,SKIP,pause_mode
dynamic_normal_defensive_pause,2026-03-20 13:00:00,2026-03-20,PAUSE,,True,True,243,0.9910112602337635,2.2052489315709756,0,0.0,SKIP,pause_mode
dynamic_normal_defensive_pause,2026-03-23 10:00:00,2026-03-23,PAUSE,,True,True,243,0.9910112602337635,2.2052489315709756,0,0.0,SKIP,pause_mode
dynamic_normal_defensive_pause,2026-03-24 13:00:00,2026-03-24,PAUSE,,True,False,243,0.9910112602337635,2.2052489315709756,0,0.0,SKIP,pause_mode
dynamic_normal_defensive_pause,2026-03-26 10:45:00,2026-03-26,PAUSE,,True,True,243,0.9910112602337635,2.2052489315709756,0,0.0,SKIP,pause_mode
dynamic_normal_defensive_pause,2026-03-26 15:30:00,2026-03-26,PAUSE,,True,True,243,0.9910112602337635,2.2052489315709756,0,0.0,SKIP,pause_mode
dynamic_normal_defensive_pause,2026-03-27 13:00:00,2026-03-27,PAUSE,,True,True,243,0.9910112602337635,2.2052489315709756,0,0.0,SKIP,pause_mode
dynamic_normal_defensive_pause,2026-03-27 18:00:00,2026-03-27,PAUSE,,True,False,243,0.9910112602337635,2.2052489315709756,0,0.0,SKIP,pause_mode
dynamic_normal_defensive_pause,2026-04-01 10:00:00,2026-04-01,PAUSE,,True,True,243,0.9910112602337635,2.2052489315709756,0,0.0,SKIP,pause_mode
dynamic_normal_defensive_pause,2026-04-01 13:00:00,2026-04-01,PAUSE,,True,True,243,0.9910112602337635,2.2052489315709756,0,0.0,SKIP,pause_mode
dynamic_normal_defensive_pause,2026-04-09 18:15:00,2026-04-09,PAUSE,,True,True,243,0.9910112602337635,2.2052489315709756,0,0.0,SKIP,pause_mode
dynamic_normal_defensive_pause,2026-04-14 10:15:00,2026-04-14,PAUSE,,True,True,243,0.9910112602337635,2.2052489315709756,0,0.0,SKIP,pause_mode
dynamic_normal_defensive_pause,2026-04-14 15:00:00,2026-04-14,PAUSE,,True,True,243,0.9910112602337635,2.2052489315709756,0,0.0,SKIP,pause_mode
dynamic_normal_defensive_pause,2026-04-15 14:30:00,2026-04-15,PAUSE,,True,True,243,0.9910112602337635,2.2052489315709756,0,0.0,SKIP,pause_mode
dynamic_normal_defensive_pause,2026-04-17 18:45:00,2026-04-17,PAUSE,,True,True,243,0.9910112602337635,2.2052489315709756,0,0.0,SKIP,pause_mode
dynamic_normal_defensive_pause,2026-04-20 13:00:00,2026-04-20,PAUSE,,True,True,243,0.9910112602337635,2.2052489315709756,0,0.0,SKIP,pause_mode
dynamic_normal_defensive_pause,2026-04-21 10:15:00,2026-04-21,PAUSE,,True,True,243,0.9910112602337635,2.2052489315709756,0,0.0,SKIP,pause_mode
dynamic_normal_defensive_pause,2026-04-21 14:00:00,2026-04-21,PAUSE,,True,True,243,0.9910112602337635,2.2052489315709756,0,0.0,SKIP,pause_mode
dynamic_normal_defensive_pause,2026-04-22 10:00:00,2026-04-22,PAUSE,,True,True,243,0.9910112602337635,2.2052489315709756,0,0.0,SKIP,pause_mode
dynamic_normal_defensive_pause,2026-04-22 13:15:00,2026-04-22,PAUSE,,True,True,243,0.9910112602337635,2.2052489315709756,0,0.0,SKIP,pause_mode
dynamic_normal_defensive_pause,2026-04-23 10:45:00,2026-04-23,PAUSE,,True,True,243,0.9910112602337635,2.2052489315709756,0,0.0,SKIP,pause_mode
dynamic_normal_defensive_pause,2026-04-24 18:00:00,2026-04-24,PAUSE,,True,False,243,0.9910112602337635,2.2052489315709756,0,0.0,SKIP,pause_mode
dynamic_normal_defensive_pause,2026-04-27 14:30:00,2026-04-27,PAUSE,,True,True,243,0.9910112602337635,2.2052489315709756,0,0.0,SKIP,pause_mode
dynamic_normal_defensive_pause,2026-04-29 10:15:00,2026-04-29,PAUSE,,True,True,243,0.9910112602337635,2.2052489315709756,0,0.0,SKIP,pause_mode
dynamic_normal_defensive_pause,2026-04-29 15:15:00,2026-04-29,PAUSE,,True,True,243,0.9910112602337635,2.2052489315709756,0,0.0,SKIP,pause_mode
dynamic_normal_defensive_pause,2026-05-01 19:00:00,2026-05-01,PAUSE,,True,False,243,0.9910112602337635,2.2052489315709756,0,0.0,SKIP,pause_mode
dynamic_normal_defensive_pause,2026-05-03 22:30:00,2026-05-03,PAUSE,,True,False,243,0.9910112602337635,2.2052489315709756,0,0.0,SKIP,pause_mode
dynamic_normal_defensive_pause,2026-05-04 13:00:00,2026-05-04,PAUSE,,True,True,243,0.9910112602337635,2.2052489315709756,0,0.0,SKIP,pause_mode
dynamic_normal_defensive_pause,2026-05-06 19:00:00,2026-05-06,PAUSE,,True,True,243,0.9910112602337635,2.2052489315709756,0,0.0,SKIP,pause_mode
dynamic_normal_defensive_pause,2026-05-07 10:15:00,2026-05-07,PAUSE,,True,True,243,0.9910112602337635,2.2052489315709756,0,0.0,SKIP,pause_mode
dynamic_plus_no_new_york_18,2022-02-16 13:30:00,2022-02-16,NORMAL,proxy_hardened_no_worst_hours,True,False,0,inf,0.0,0,0.0,EXECUTE,
dynamic_plus_no_new_york_18,2022-02-16 19:30:00,2022-02-16,NORMAL,proxy_hardened_no_worst_hours,True,True,1,inf,0.0,0,0.0,EXECUTE,
dynamic_plus_no_new_york_18,2022-02-18 14:30:00,2022-02-18,NORMAL,proxy_hardened_no_worst_hours,True,True,2,inf,0.0,0,0.0,EXECUTE,
dynamic_plus_no_new_york_18,2022-02-18 18:00:00,2022-02-18,NORMAL,,True,True,3,3.6797053517746607,0.40098648813850685,1,0.0,SKIP,research_filter_new_york_18
dynamic_plus_no_new_york_18,2022-02-21 13:00:00,2022-02-21,NORMAL,proxy_hardened_no_worst_hours,True,False,3,3.6797053517746607,0.40098648813850685,1,0.0,EXECUTE,
dynamic_plus_no_new_york_18,2022-02-23 19:30:00,2022-02-23,NORMAL,proxy_hardened_no_worst_hours,True,True,4,1.9711084248532262,0.7485697426829585,2,0.3489826277275859,EXECUTE,
dynamic_plus_no_new_york_18,2022-02-28 14:45:00,2022-02-28,NORMAL,proxy_hardened_no_worst_hours,True,True,5,2.816055976019743,0.11606757172565388,0,0.0,EXECUTE,
dynamic_plus_no_new_york_18,2022-02-28 21:15:00,2022-02-28,NORMAL,proxy_hardened_no_worst_hours,True,True,6,1.4953876629844822,0.7771752989923568,1,0.6618759506104085,EXECUTE,
dynamic_plus_no_new_york_18,2022-03-01 15:00:00,2022-03-01,NORMAL,proxy_hardened_no_worst_hours,True,True,7,1.1084821695864093,1.2692102383062849,2,1.1544826465544726,EXECUTE,
dynamic_plus_no_new_york_18,2022-03-03 10:30:00,2022-03-03,NORMAL,proxy_hardened_no_worst_hours,True,False,8,1.7573357576828215,0.03527731802814674,0,0.0,EXECUTE,
dynamic_plus_no_new_york_18,2022-03-03 21:45:00,2022-03-03,NORMAL,proxy_hardened_no_worst_hours,True,True,9,1.4023439786995315,0.5166800847766656,1,0.40107803458646507,EXECUTE,
dynamic_plus_no_new_york_18,2022-03-04 10:00:00,2022-03-04,NORMAL,proxy_hardened_no_worst_hours,True,False,10,1.7226788957867472,0.0,0,0.0,EXECUTE,
dynamic_plus_no_new_york_18,2022-03-04 15:00:00,2022-03-04,NORMAL,proxy_hardened_no_worst_hours,True,True,11,2.103663654312383,0.0,0,0.0,EXECUTE,
dynamic_plus_no_new_york_18,2022-03-08 10:30:00,2022-03-08,NORMAL,proxy_hardened_no_worst_hours,True,True,12,2.6930883065809654,0.0,0,0.0,EXECUTE,
dynamic_plus_no_new_york_18,2022-03-08 18:15:00,2022-03-08,NORMAL,,True,True,13,3.3191535176997324,0.0,0,0.0,SKIP,research_filter_new_york_18
dynamic_plus_no_new_york_18,2022-03-10 14:15:00,2022-03-10,NORMAL,proxy_hardened_no_worst_hours,True,True,13,3.3191535176997324,0.0,0,0.0,EXECUTE,
dynamic_plus_no_new_york_18,2022-03-11 14:30:00,2022-03-11,NORMAL,proxy_hardened_no_worst_hours,True,True,14,2.367231443921064,0.9209969830345295,1,0.0,EXECUTE,
dynamic_plus_no_new_york_18,2022-03-14 13:00:00,2022-03-14,NORMAL,proxy_hardened_no_worst_hours,True,True,15,1.7896273420384983,1.9574552316929381,2,0.0,EXECUTE,
dynamic_plus_no_new_york_18,2022-03-15 10:00:00,2022-03-15,NORMAL,proxy_hardened_no_worst_hours,True,True,16,2.0999261230418123,0.6393735211256485,0,0.0,EXECUTE,
dynamic_plus_no_new_york_18,2022-03-15 13:30:00,2022-03-15,NORMAL,proxy_hardened_no_worst_hours,True,True,17,2.373353042216934,0.0,0,0.0,EXECUTE,
dynamic_plus_no_new_york_18,2022-03-18 10:00:00,2022-03-18,NORMAL,proxy_hardened_no_worst_hours,True,True,18,2.7237217707336403,0.0,0,0.0,EXECUTE,
dynamic_plus_no_new_york_18,2022-03-18 13:00:00,2022-03-18,NORMAL,proxy_hardened_no_worst_hours,True,True,19,2.497951598088833,0.376357407142823,1,0.0,EXECUTE,
dynamic_plus_no_new_york_18,2022-03-21 19:00:00,2022-03-21,NORMAL,proxy_hardened_no_worst_hours,True,False,20,2.7102159508612984,0.0,0,0.0,EXECUTE,
dynamic_plus_no_new_york_18,2022-03-22 10:00:00,2022-03-22,NORMAL,proxy_hardened_no_worst_hours,True,True,21,2.462420846207171,0.4542379846109436,1,0.4542379846109504,EXECUTE,
dynamic_plus_no_new_york_18,2022-03-23 14:15:00,2022-03-23,NORMAL,proxy_hardened_no_worst_hours,True,False,22,2.6024327419383786,0.0,0,0.0,EXECUTE,
dynamic_plus_no_new_york_18,2022-03-24 10:00:00,2022-03-24,NORMAL,proxy_hardened_no_worst_hours,True,True,23,2.3935307826516654,0.4325647843456294,1,0.19224683922829028,EXECUTE,
dynamic_plus_no_new_york_18,2022-03-24 13:45:00,2022-03-24,NORMAL,proxy_hardened_no_worst_hours,True,True,24,2.503299925944783,0.0,0,0.0,EXECUTE,
dynamic_plus_no_new_york_18,2022-03-30 18:30:00,2022-03-30,NORMAL,,True,True,25,2.715048364499893,0.0,0,0.0,SKIP,research_filter_new_york_18
dynamic_plus_no_new_york_18,2022-03-31 10:00:00,2022-03-31,NORMAL,proxy_hardened_no_worst_hours,True,True,25,2.715048364499893,0.0,0,0.0,EXECUTE,
dynamic_plus_no_new_york_18,2022-04-06 14:00:00,2022-04-06,NORMAL,proxy_hardened_no_worst_hours,True,False,26,2.543684639596289,0.35837217613146466,1,0.0,EXECUTE,
dynamic_plus_no_new_york_18,2022-04-07 18:15:00,2022-04-07,NORMAL,,True,True,27,2.3283187329916593,0.8835755189430781,2,0.527092294939215,SKIP,research_filter_new_york_18
dynamic_plus_no_new_york_18,2022-04-08 15:45:00,2022-04-08,NORMAL,proxy_hardened_no_worst_hours,True,False,27,2.3283187329916593,0.8835755189430781,2,0.527092294939215,EXECUTE,
dynamic_plus_no_new_york_18,2022-04-11 19:15:00,2022-04-11,NORMAL,proxy_hardened_no_worst_hours,True,True,28,2.478374959522018,0.0,0,0.0,EXECUTE,
dynamic_plus_no_new_york_18,2022-04-12 13:45:00,2022-04-12,NORMAL,proxy_hardened_no_worst_hours,True,False,29,2.6067869741019902,0.0,0,0.0,EXECUTE,
dynamic_plus_no_new_york_18,2022-04-12 19:00:00,2022-04-12,NORMAL,proxy_hardened_no_worst_hours,True,True,30,2.79523603120208,0.0,0,0.0,EXECUTE,
dynamic_plus_no_new_york_18,2022-04-13 13:15:00,2022-04-13,NORMAL,proxy_hardened_no_worst_hours,True,False,31,2.593539073313523,0.4728960773233667,1,0.0,EXECUTE,
dynamic_plus_no_new_york_18,2022-04-18 13:45:00,2022-04-18,NORMAL,proxy_hardened_no_worst_hours,True,True,32,2.426786377071501,0.9232211894877955,2,0.0,EXECUTE,
dynamic_plus_no_new_york_18,2022-04-21 14:00:00,2022-04-21,NORMAL,proxy_hardened_no_worst_hours,True,True,33,2.310796108077687,1.2747865069167068,3,0.35484128738308984,EXECUTE,
dynamic_plus_no_new_york_18,2022-04-22 14:30:00,2022-04-22,NORMAL,proxy_hardened_no_worst_hours,True,True,34,2.1700424606921134,1.7518843391430488,4,0.8363848316466902,EXECUTE,
dynamic_plus_no_new_york_18,2022-04-25 10:00:00,2022-04-25,NORMAL,proxy_hardened_no_worst_hours,True,True,35,2.314913031403589,0.6171620543626524,0,0.0,EXECUTE,
dynamic_plus_no_new_york_18,2022-04-27 10:00:00,2022-04-27,NORMAL,proxy_hardened_no_worst_hours,True,True,36,2.4161179126978634,0.0,0,0.0,EXECUTE,
dynamic_plus_no_new_york_18,2022-04-27 13:00:00,2022-04-27,NORMAL,proxy_hardened_no_worst_hours,True,True,37,2.28588610563314,0.44546151803734013,1,0.0,EXECUTE,
dynamic_plus_no_new_york_18,2022-04-28 22:15:00,2022-04-28,NORMAL,proxy_hardened_no_worst_hours,True,False,38,2.4060893580841545,0.0,0,0.0,EXECUTE,
dynamic_plus_no_new_york_18,2022-05-03 10:30:00,2022-05-03,NORMAL,proxy_hardened_no_worst_hours,True,True,39,2.4771188288308155,0.0,0,0.0,EXECUTE,
dynamic_plus_no_new_york_18,2022-05-05 10:15:00,2022-05-05,NORMAL,proxy_hardened_no_worst_hours,True,False,40,2.368960403175906,0.37308904006191507,1,0.37308904006192145,EXECUTE,
dynamic_plus_no_new_york_18,2022-05-09 13:30:00,2022-05-09,NORMAL,proxy_hardened_no_worst_hours,True,True,41,2.4480519130824305,0.0,0,0.0,EXECUTE,
dynamic_plus_no_new_york_18,2022-05-10 14:15:00,2022-05-10,NORMAL,proxy_hardened_no_worst_hours,True,True,42,2.5604242069997634,0.0,0,0.0,EXECUTE,
dynamic_plus_no_new_york_18,2022-05-12 10:00:00,2022-05-12,NORMAL,proxy_hardened_no_worst_hours,True,False,43,2.653612962816338,0.0,0,0.0,EXECUTE,
dynamic_plus_no_new_york_18,2022-05-12 13:00:00,2022-05-12,NORMAL,proxy_hardened_no_worst_hours,True,False,44,2.7446785477947273,0.0,0,0.0,EXECUTE,
dynamic_plus_no_new_york_18,2022-05-12 14:45:00,2022-05-12,NORMAL,,False,True,45,2.8548540339173565,0.0,0,0.0,SKIP,daily_trade_limit
dynamic_plus_no_new_york_18,2022-05-13 15:15:00,2022-05-13,NORMAL,proxy_hardened_no_worst_hours,True,True,45,2.8548540339173565,0.0,0,0.0,EXECUTE,
dynamic_plus_no_new_york_18,2022-05-18 13:45:00,2022-05-18,NORMAL,proxy_hardened_no_worst_hours,True,False,46,2.9865674497966124,0.0,0,0.0,EXECUTE,
dynamic_plus_no_new_york_18,2022-05-19 19:00:00,2022-05-19,NORMAL,proxy_hardened_no_worst_hours,True,True,47,2.843875082009872,0.4086921632953967,1,0.0,EXECUTE,
dynamic_plus_no_new_york_18,2022-05-24 10:45:00,2022-05-24,NORMAL,proxy_hardened_no_worst_hours,True,True,48,2.73416859865666,0.7519139879624482,2,0.0,EXECUTE,
dynamic_plus_no_new_york_18,2022-05-24 13:30:00,2022-05-24,NORMAL,proxy_hardened_no_worst_hours,True,True,49,2.6593568568073436,1.0022055827873626,3,0.25218783039761916,EXECUTE,
dynamic_plus_no_new_york_18,2022-05-26 15:00:00,2022-05-26,NORMAL,proxy_hardened_no_worst_hours,True,True,50,2.726718525563538,0.38601560879119223,0,0.0,EXECUTE,
dynamic_plus_no_new_york_18,2022-05-27 10:45:00,2022-05-27,NORMAL,proxy_hardened_no_worst_hours,True,True,51,2.5539340246118396,0.799068086490467,1,0.0475113429616346,EXECUTE,
dynamic_plus_no_new_york_18,2022-05-31 14:45:00,2022-05-31,NORMAL,proxy_hardened_no_worst_hours,True,True,52,2.416530340984899,1.040740776112555,2,0.0,EXECUTE,
dynamic_plus_no_new_york_18,2022-06-01 22:30:00,2022-06-01,NORMAL,proxy_hardened_no_worst_hours,True,False,53,2.5920212507678326,0.20477282555981835,0,0.0,EXECUTE,
dynamic_plus_no_new_york_18,2022-06-02 22:00:00,2022-06-02,NORMAL,proxy_hardened_no_worst_hours,True,True,54,2.6147893216383222,0.4180946792065124,1,0.0,EXECUTE,
dynamic_plus_no_new_york_18,2022-06-07 13:00:00,2022-06-07,NORMAL,proxy_hardened_no_worst_hours,True,False,55,2.5970160322034044,0.04668922269154588,0,0.0,EXECUTE,
dynamic_plus_no_new_york_18,2022-06-07 14:30:00,2022-06-07,NORMAL,proxy_hardened_no_worst_hours,True,True,56,2.6807955999314417,0.3160201931168912,1,0.2694567777003494,EXECUTE,
dynamic_plus_no_new_york_18,2022-06-09 15:30:00,2022-06-09,NORMAL,proxy_hardened_no_worst_hours,True,True,57,2.68974344254154,0.704390013436767,2,0.6580080095701496,EXECUTE,
dynamic_plus_no_new_york_18,2022-06-10 10:15:00,2022-06-10,NORMAL,proxy_hardened_no_worst_hours,True,True,58,2.477847821094877,1.055111887328375,3,1.0088937092674883,EXECUTE,
dynamic_plus_no_new_york_18,2022-06-10 14:00:00,2022-06-10,NORMAL,proxy_hardened_no_worst_hours,True,True,59,2.6337750981493486,0.6671062068046287,0,0.6207067872872853,EXECUTE,
dynamic_plus_no_new_york_18,2022-06-15 19:30:00,2022-06-15,NORMAL,proxy_hardened_no_worst_hours,True,False,60,2.4101915296735408,1.2322178583985486,1,0.0,EXECUTE,
dynamic_plus_no_new_york_18,2022-06-22 14:45:00,2022-06-22,NORMAL,proxy_hardened_no_worst_hours,True,True,61,2.1541026319553,2.0103698853167704,2,0.0,EXECUTE,
dynamic_plus_no_new_york_18,2022-06-24 13:45:00,2022-06-24,NORMAL,proxy_hardened_no_worst_hours,True,False,62,1.9464629173418933,2.499434547635179,3,0.4990983859680176,EXECUTE,
dynamic_plus_no_new_york_18,2022-06-27 10:00:00,2022-06-27,NORMAL,proxy_hardened_no_worst_hours,True,True,63,1.7601555066396954,2.9245135371809607,4,0.0,EXECUTE,
dynamic_plus_no_new_york_18,2022-06-28 13:00:00,2022-06-28,DEFENSIVE,proxy_hardened_no_worst_hours_high_margin,True,True,64,1.8481314464008722,3.2040691136375554,5,0.28797751795317944,EXECUTE,
dynamic_plus_no_new_york_18,2022-06-29 10:00:00,2022-06-29,NORMAL,proxy_hardened_no_worst_hours,True,True,65,2.0785504716885916,2.641414076304081,0,0.0,EXECUTE,
dynamic_plus_no_new_york_18,2022-06-29 14:00:00,2022-06-29,NORMAL,proxy_hardened_no_worst_hours,True,True,66,1.9108898833820738,2.890734609684239,1,0.0,EXECUTE,
dynamic_plus_no_new_york_18,2022-06-30 14:30:00,2022-06-30,NORMAL,proxy_hardened_no_worst_hours,True,True,67,1.895853254333722,2.0137225956490754,0,0.0,EXECUTE,
dynamic_plus_no_new_york_18,2022-07-06 13:45:00,2022-07-06,NORMAL,proxy_hardened_no_worst_hours,True,True,68,1.8701869080758968,0.954225854675236,0,0.0,EXECUTE,
dynamic_plus_no_new_york_18,2022-07-11 10:30:00,2022-07-11,NORMAL,proxy_hardened_no_worst_hours,True,True,69,2.0293101372519105,0.044691091636038474,0,0.0,EXECUTE,
dynamic_plus_no_new_york_18,2022-07-12 14:00:00,2022-07-12,NORMAL,proxy_hardened_no_worst_hours,True,True,70,1.8957947436909541,0.26949162201717936,1,0.22490104111152054,EXECUTE,
dynamic_plus_no_new_york_18,2022-07-13 13:00:00,2022-07-13,NORMAL,proxy_hardened_no_worst_hours,True,True,71,2.054015097643399,0.0,0,0.0,EXECUTE,
dynamic_plus_no_new_york_18,2022-07-13 14:00:00,2022-07-13,NORMAL,proxy_hardened_no_worst_hours,True,True,72,1.8784316584913985,0.5512319921764546,1,0.054103910143304706,EXECUTE,
dynamic_plus_no_new_york_18,2022-07-14 14:30:00,2022-07-14,NORMAL,proxy_hardened_no_worst_hours,True,True,73,1.8337214939059672,1.1878649966437023,2,0.693919338594382,EXECUTE,
dynamic_plus_no_new_york_18,2022-07-15 10:30:00,2022-07-15,NORMAL,proxy_hardened_no_worst_hours,True,True,74,1.6859068443526561,1.7707396014796206,3,1.279707637990556,EXECUTE,
dynamic_plus_no_new_york_18,2022-07-20 10:45:00,2022-07-20,NORMAL,proxy_hardened_no_worst_hours,True,False,75,1.5536196916907796,2.02958124659291,4,0.0,EXECUTE,
dynamic_plus_no_new_york_18,2022-07-20 15:15:00,2022-07-20,DEFENSIVE,,True,False,76,1.5639890461125743,2.284918715942821,5,0.26062710826275487,SKIP,no_candidate_for_mode
dynamic_plus_no_new_york_18,2022-07-22 13:30:00,2022-07-22,DEFENSIVE,proxy_hardened_no_worst_hours_high_margin,True,True,76,1.5639890461125743,2.284918715942821,5,0.26062710826275487,EXECUTE,
dynamic_plus_no_new_york_18,2022-07-25 10:15:00,2022-07-25,NORMAL,proxy_hardened_no_worst_hours,True,True,77,1.7040264089941417,1.5601863302885337,0,0.0,EXECUTE,
dynamic_plus_no_new_york_18,2022-07-27 18:30:00,2022-07-27,NORMAL,,True,True,78,1.5785119170174349,1.858505281261699,1,0.3030470496156168,SKIP,research_filter_new_york_18
dynamic_plus_no_new_york_18,2022-07-28 13:00:00,2022-07-28,NORMAL,proxy_hardened_no_worst_hours,True,True,78,1.5785119170174349,1.858505281261699,1,0.3030470496156168,EXECUTE,
dynamic_plus_no_new_york_18,2022-07-28 18:15:00,2022-07-28,NORMAL,,True,True,79,1.589288687193157,1.0101074632192084,0,0.0,SKIP,research_filter_new_york_18
dynamic_plus_no_new_york_18,2022-07-29 18:45:00,2022-07-29,NORMAL,,True,True,79,1.589288687193157,1.0101074632192084,0,0.0,SKIP,research_filter_new_york_18
dynamic_plus_no_new_york_18,2022-08-01 13:00:00,2022-08-01,NORMAL,proxy_hardened_no_worst_hours,True,True,79,1.589288687193157,1.0101074632192084,0,0.0,EXECUTE,
dynamic_plus_no_new_york_18,2022-08-04 13:45:00,2022-08-04,NORMAL,proxy_hardened_no_worst_hours,True,True,80,1.4425921477378303,1.3703599271253206,1,0.3639285331805594,EXECUTE,
dynamic_plus_no_new_york_18,2022-08-08 18:00:00,2022-08-08,NORMAL,,True,True,81,1.5711044127722562,0.62441559913322,0,0.0,SKIP,research_filter_new_york_18
dynamic_plus_no_new_york_18,2022-08-09 10:45:00,2022-08-09,NORMAL,proxy_hardened_no_worst_hours,True,True,81,1.5711044127722562,0.62441559913322,0,0.0,EXECUTE,
dynamic_plus_no_new_york_18,2022-08-09 14:30:00,2022-08-09,NORMAL,proxy_hardened_no_worst_hours,True,True,82,1.6885550183890086,0.07092523502458574,0,0.0,EXECUTE,
dynamic_plus_no_new_york_18,2022-08-10 13:00:00,2022-08-10,NORMAL,proxy_hardened_no_worst_hours,True,True,83,1.6856866975499178,0.417834705275143,1,0.0,EXECUTE,
dynamic_plus_no_new_york_18,2022-08-11 13:30:00,2022-08-11,NORMAL,proxy_hardened_no_worst_hours,True,True,84,1.6837114848520318,0.8768717116838538,2,0.25404239288020725,EXECUTE,
dynamic_plus_no_new_york_18,2022-08-12 14:15:00,2022-08-12,NORMAL,proxy_hardened_no_worst_hours,True,True,85,1.5325775083042754,1.2074446269765327,3,0.586692426875682,EXECUTE,
dynamic_plus_no_new_york_18,2022-08-15 13:30:00,2022-08-15,NORMAL,proxy_hardened_no_worst_hours,True,True,86,1.530393770887398,0.48836567462585967,0,0.0,EXECUTE,
dynamic_plus_no_new_york_18,2022-08-16 13:00:00,2022-08-16,NORMAL,proxy_hardened_no_worst_hours,True,True,87,1.5243342092075844,0.9489300072687902,1,0.4628246091678336,EXECUTE,
dynamic_plus_no_new_york_18,2022-08-17 13:00:00,2022-08-17,NORMAL,proxy_hardened_no_worst_hours,True,True,88,1.3956894547872012,1.272657039044392,2,0.788140371460627,EXECUTE,
dynamic_plus_no_new_york_18,2022-08-19 15:30:00,2022-08-19,NORMAL,proxy_hardened_no_worst_hours,True,True,89,1.4032015217461877,0.6386250044903455,0,0.15099674614246583,EXECUTE,
dynamic_plus_no_new_york_18,2022-08-22 13:45:00,2022-08-22,NORMAL,proxy_hardened_no_worst_hours,True,True,90,1.5072056319355207,0.01971759289488053,0,0.0,EXECUTE,
dynamic_plus_no_new_york_18,2022-08-23 10:00:00,2022-08-23,NORMAL,proxy_hardened_no_worst_hours,True,False,91,1.400370982096928,0.380158909824658,1,0.0,EXECUTE,
dynamic_plus_no_new_york_18,2022-08-23 18:00:00,2022-08-23,NORMAL,,True,False,92,1.2863704796993818,0.6544650469724078,2,0.015941851129572603,SKIP,research_filter_new_york_18
dynamic_plus_no_new_york_18,2022-08-24 13:00:00,2022-08-24,NORMAL,proxy_hardened_no_worst_hours,True,False,92,1.2863704796993818,0.6544650469724078,2,0.015941851129572603,EXECUTE,
dynamic_plus_no_new_york_18,2022-08-24 22:00:00,2022-08-24,NORMAL,proxy_hardened_no_worst_hours,True,False,93,1.189091984205923,0.9485384424849475,3,0.3119053435086137,EXECUTE,
dynamic_plus_no_new_york_18,2022-08-26 14:15:00,2022-08-26,NORMAL,proxy_hardened_no_worst_hours,True,True,94,1.1592499678309023,0.5579877996433736,0,0.0,EXECUTE,
dynamic_plus_no_new_york_18,2022-08-30 13:45:00,2022-08-30,NORMAL,proxy_hardened_no_worst_hours,True,True,95,1.164927840423889,0.0,0,0.0,EXECUTE,
dynamic_plus_no_new_york_18,2022-09-01 13:45:00,2022-09-01,NORMAL,proxy_hardened_no_worst_hours,True,True,96,1.123384511896992,0.0,0,0.0,EXECUTE,
dynamic_plus_no_new_york_18,2022-09-01 15:00:00,2022-09-01,NORMAL,proxy_hardened_no_worst_hours,True,True,97,1.23394934033426,0.0,0,0.0,EXECUTE,
dynamic_plus_no_new_york_18,2022-09-06 13:45:00,2022-09-06,NORMAL,proxy_hardened_no_worst_hours,True,True,98,1.217346547419481,0.4864714847837968,1,0.0,EXECUTE,
dynamic_plus_no_new_york_18,2022-09-12 14:30:00,2022-09-12,NORMAL,proxy_hardened_no_worst_hours,True,True,99,1.2992563268092099,0.0,0,0.0,EXECUTE,
dynamic_plus_no_new_york_18,2022-09-13 10:15:00,2022-09-13,NORMAL,proxy_hardened_no_worst_hours,True,True,100,1.2031777895903353,0.373791664485127,1,0.37379166448513296,EXECUTE,
dynamic_plus_no_new_york_18,2022-09-14 14:15:00,2022-09-14,NORMAL,proxy_hardened_no_worst_hours,True,True,101,1.2863510369115918,0.0,0,0.0,EXECUTE,
dynamic_plus_no_new_york_18,2022-09-15 10:30:00,2022-09-15,NORMAL,proxy_hardened_no_worst_hours,True,True,102,1.2783141015189818,0.3046120554488656,1,0.2560889109053891,EXECUTE,
dynamic_plus_no_new_york_18,2022-09-15 13:00:00,2022-09-15,NORMAL,proxy_hardened_no_worst_hours,True,True,103,1.1775783592206737,0.5506799891738661,2,0.502276609347318,EXECUTE,
dynamic_plus_no_new_york_18,2022-09-16 13:15:00,2022-09-16,NORMAL,proxy_hardened_no_worst_hours,True,True,104,1.1644389247423865,0.8856812316215767,3,0.837440901601497,EXECUTE,
dynamic_plus_no_new_york_18,2022-09-19 10:15:00,2022-09-19,DEFENSIVE,proxy_hardened_no_worst_hours_high_margin,True,True,105,1.0982152158612355,1.2400374622408692,4,0.0,EXECUTE,
dynamic_plus_no_new_york_18,2022-09-20 10:15:00,2022-09-20,DEFENSIVE,proxy_hardened_no_worst_hours_high_margin,True,True,106,1.096678641279352,1.5194582686031082,5,0.2829292348662174,EXECUTE,
dynamic_plus_no_new_york_18,2022-09-20 13:45:00,2022-09-20,NORMAL,proxy_hardened_no_worst_hours,True,True,107,1.175947264629311,1.0361036800674102,0,0.0,EXECUTE,
dynamic_plus_no_new_york_18,2022-09-22 14:00:00,2022-09-22,NORMAL,proxy_hardened_no_worst_hours,True,False,108,1.1785703450106646,1.3533540266340345,1,0.11473937563499838,EXECUTE,
dynamic_plus_no_new_york_18,2022-09-23 13:15:00,2022-09-23,DEFENSIVE,proxy_hardened_no_worst_hours_high_margin,True,True,109,1.091643171708067,1.9076256966207188,2,0.6759705220874629,EXECUTE,
dynamic_plus_no_new_york_18,2022-09-26 10:00:00,2022-09-26,NORMAL,proxy_hardened_no_worst_hours,True,True,110,1.2369741628032225,0.8646325006061124,0,0.0,EXECUTE,
dynamic_plus_no_new_york_18,2022-09-29 14:00:00,2022-09-29,NORMAL,proxy_hardened_no_worst_hours,True,False,111,1.274111312293404,1.2945355205261866,1,0.43365252055247455,EXECUTE,
dynamic_plus_no_new_york_18,2022-09-29 14:45:00,2022-09-29,NORMAL,proxy_hardened_no_worst_hours,True,False,112,1.2756175468072488,1.7591558054918004,2,0.9023251009698119,EXECUTE,
dynamic_plus_no_new_york_18,2022-09-30 13:30:00,2022-09-30,NORMAL,proxy_hardened_no_worst_hours,True,True,113,1.4216262732083398,0.7462667395237264,0,0.0,EXECUTE,
dynamic_plus_no_new_york_18,2022-10-04 13:15:00,2022-10-04,NORMAL,proxy_hardened_no_worst_hours,True,True,114,1.401738635294199,1.1691469494439992,1,0.0,EXECUTE,
dynamic_plus_no_new_york_18,2022-10-05 22:00:00,2022-10-05,NORMAL,proxy_hardened_no_worst_hours,True,True,115,1.4230681497259134,0.3911635057025094,0,0.0,EXECUTE,
dynamic_plus_no_new_york_18,2022-10-11 10:15:00,2022-10-11,NORMAL,proxy_hardened_no_worst_hours,True,True,116,1.5072571667919858,0.0,0,0.0,EXECUTE,
dynamic_plus_no_new_york_18,2022-10-12 22:15:00,2022-10-12,NORMAL,proxy_hardened_no_worst_hours,True,False,117,1.3821858449660207,0.3273268515051676,1,0.32732685150517354,EXECUTE,
dynamic_plus_no_new_york_18,2022-10-18 10:00:00,2022-10-18,NORMAL,proxy_hardened_no_worst_hours,True,False,118,1.256701143431671,0.5818601380140033,2,0.0,EXECUTE,
dynamic_plus_no_new_york_18,2022-10-18 14:30:00,2022-10-18,NORMAL,proxy_hardened_no_worst_hours,True,True,119,1.144283086396992,0.8910762152382914,3,0.31102581244585076,EXECUTE,
dynamic_plus_no_new_york_18,2022-10-19 14:00:00,2022-10-19,NORMAL,proxy_hardened_no_worst_hours,True,True,120,1.2219900991768835,0.2772680076140262,0,0.0,EXECUTE,
dynamic_plus_no_new_york_18,2022-10-25 18:30:00,2022-10-25,NORMAL,,True,True,121,1.2265878766483471,0.0,0,0.0,SKIP,research_filter_new_york_18
dynamic_plus_no_new_york_18,2022-10-26 14:15:00,2022-10-26,NORMAL,proxy_hardened_no_worst_hours,True,True,121,1.2265878766483471,0.0,0,0.0,EXECUTE,
dynamic_plus_no_new_york_18,2022-10-28 13:30:00,2022-10-28,NORMAL,proxy_hardened_no_worst_hours,True,True,122,1.2434961662264572,0.3868245392466378,1,0.3868245392466437,EXECUTE,
dynamic_plus_no_new_york_18,2022-10-31 13:45:00,2022-10-31,NORMAL,proxy_hardened_no_worst_hours,True,True,123,1.4087822144837974,0.0,0,0.0,EXECUTE,
dynamic_plus_no_new_york_18,2022-10-31 15:30:00,2022-10-31,NORMAL,proxy_hardened_no_worst_hours,True,True,124,1.4466898433029238,0.29667375082093633,1,0.0,EXECUTE,
dynamic_plus_no_new_york_18,2022-11-01 18:15:00,2022-11-01,NORMAL,,True,True,125,1.4417704656484045,0.5817011379829397,2,0.0,SKIP,research_filter_new_york_18
dynamic_plus_no_new_york_18,2022-11-02 13:15:00,2022-11-02,NORMAL,proxy_hardened_no_worst_hours,True,True,125,1.4417704656484045,0.5817011379829397,2,0.0,EXECUTE,
dynamic_plus_no_new_york_18,2022-11-03 13:45:00,2022-11-03,NORMAL,proxy_hardened_no_worst_hours,True,True,126,1.4388298729848814,0.8497469228880543,3,0.0,EXECUTE,
dynamic_plus_no_new_york_18,2022-11-04 10:00:00,2022-11-04,NORMAL,proxy_hardened_no_worst_hours,True,True,127,1.3133072289917322,1.2735874875731261,4,0.35077747651758495,EXECUTE,
dynamic_plus_no_new_york_18,2022-11-07 13:00:00,2022-11-07,NORMAL,proxy_hardened_no_worst_hours,True,True,128,1.4083944448381747,0.6866766094072062,0,0.0,EXECUTE,
dynamic_plus_no_new_york_18,2022-11-09 15:15:00,2022-11-09,NORMAL,proxy_hardened_no_worst_hours,True,True,129,1.2930880901509307,0.9571471584377776,1,0.2723406485621616,EXECUTE,
dynamic_plus_no_new_york_18,2022-11-11 13:00:00,2022-11-11,NORMAL,proxy_hardened_no_worst_hours,True,True,130,1.2823360686695797,1.3939781207652227,2,0.71219196700956,EXECUTE,
dynamic_plus_no_new_york_18,2022-11-11 14:45:00,2022-11-11,NORMAL,proxy_hardened_no_worst_hours,True,True,131,1.1721869169414658,1.766001381825192,3,1.0867874878913173,EXECUTE,
dynamic_plus_no_new_york_18,2022-11-14 14:00:00,2022-11-14,NORMAL,proxy_hardened_no_worst_hours,True,True,132,1.197276397950093,0.9559079183516722,0,0.0,EXECUTE,
dynamic_plus_no_new_york_18,2022-11-14 21:00:00,2022-11-14,NORMAL,proxy_hardened_no_worst_hours,True,True,133,1.296030910317784,0.31568277702198266,0,0.0,EXECUTE,
dynamic_plus_no_new_york_18,2022-11-15 10:00:00,2022-11-15,NORMAL,proxy_hardened_no_worst_hours,True,True,134,1.31901344533165,0.5767618113607476,1,0.0,EXECUTE,
dynamic_plus_no_new_york_18,2022-11-15 19:30:00,2022-11-15,NORMAL,proxy_hardened_no_worst_hours,True,True,135,1.4223815492900602,0.0,0,0.0,EXECUTE,
dynamic_plus_no_new_york_18,2022-11-21 10:45:00,2022-11-21,NORMAL,proxy_hardened_no_worst_hours,True,True,136,1.2852624797612053,0.5301901222620221,1,0.0,EXECUTE,
dynamic_plus_no_new_york_18,2022-11-24 10:15:00,2022-11-24,NORMAL,proxy_hardened_no_worst_hours,True,True,137,1.308046761850763,0.7922529216208791,2,0.2634596363268151,EXECUTE,
dynamic_plus_no_new_york_18,2022-11-29 15:30:00,2022-11-29,NORMAL,proxy_hardened_no_worst_hours,True,False,138,1.3208945271359513,1.0048823712360941,3,0.0,EXECUTE,
dynamic_plus_no_new_york_18,2022-11-30 10:45:00,2022-11-30,NORMAL,proxy_hardened_no_worst_hours,True,True,139,1.2210398284616555,1.3436908144733852,4,0.34224762933041186,EXECUTE,
dynamic_plus_no_new_york_18,2022-11-30 14:30:00,2022-11-30,NORMAL,proxy_hardened_no_worst_hours,True,True,140,1.2045687954485738,0.9190061725342095,0,0.0,EXECUTE,
dynamic_plus_no_new_york_18,2022-12-01 10:00:00,2022-12-01,NORMAL,proxy_hardened_no_worst_hours,True,True,141,1.2036398892721591,1.2765697460791359,1,0.2744452265432921,EXECUTE,
dynamic_plus_no_new_york_18,2022-12-02 13:00:00,2022-12-02,NORMAL,proxy_hardened_no_worst_hours,True,False,142,1.2859889906053257,0.7419281841467094,0,0.0,EXECUTE,
dynamic_plus_no_new_york_18,2022-12-02 21:00:00,2022-12-02,NORMAL,proxy_hardened_no_worst_hours,True,True,143,1.2967367944504127,0.9409369273885316,1,0.0,EXECUTE,
dynamic_plus_no_new_york_18,2022-12-07 21:30:00,2022-12-07,NORMAL,proxy_hardened_no_worst_hours,True,True,144,1.310128694986448,0.42456384143648196,0,0.0,EXECUTE,
dynamic_plus_no_new_york_18,2022-12-08 13:00:00,2022-12-08,NORMAL,proxy_hardened_no_worst_hours,True,True,145,1.1911148587229943,0.6721640991808709,1,0.0,EXECUTE,
dynamic_plus_no_new_york_18,2022-12-08 15:45:00,2022-12-08,NORMAL,proxy_hardened_no_worst_hours,True,True,146,1.1784205803720558,0.24016969773841113,0,0.0,EXECUTE,
dynamic_plus_no_new_york_18,2022-12-09 13:45:00,2022-12-09,NORMAL,proxy_hardened_no_worst_hours,True,False,147,1.1728528277108283,0.0,0,0.0,EXECUTE,
dynamic_plus_no_new_york_18,2022-12-09 15:45:00,2022-12-09,NORMAL,proxy_hardened_no_worst_hours,True,False,148,1.1829449293204097,0.3881443809820779,1,0.0,EXECUTE,
dynamic_plus_no_new_york_18,2022-12-13 10:45:00,2022-12-13,DEFENSIVE,,True,False,149,1.0812846753332461,0.8215860132740458,2,0.4351305671382564,SKIP,no_candidate_for_mode
dynamic_plus_no_new_york_18,2022-12-13 18:00:00,2022-12-13,DEFENSIVE,,True,True,149,1.0812846753332461,0.8215860132740458,2,0.4351305671382564,SKIP,research_filter_new_york_18
dynamic_plus_no_new_york_18,2022-12-15 13:45:00,2022-12-15,DEFENSIVE,proxy_hardened_no_worst_hours_high_margin,True,True,149,1.0812846753332461,0.8215860132740458,2,0.4351305671382564,EXECUTE,
dynamic_plus_no_new_york_18,2022-12-15 15:15:00,2022-12-15,DEFENSIVE,proxy_hardened_no_worst_hours_high_margin,True,True,150,1.0775005289321842,1.227067650120433,3,0.8421921908040425,EXECUTE,
dynamic_plus_no_new_york_18,2022-12-16 18:00:00,2022-12-16,PAUSE,,True,True,151,0.9929437064376205,1.7347930943278744,4,1.351896021791117,SKIP,pause_mode
dynamic_plus_no_new_york_18,2022-12-19 10:00:00,2022-12-19,PAUSE,,True,True,151,0.9929437064376205,1.7347930943278744,4,0.0,SKIP,pause_mode
dynamic_plus_no_new_york_18,2022-12-20 13:30:00,2022-12-20,PAUSE,,True,False,151,0.9929437064376205,1.7347930943278744,4,0.0,SKIP,pause_mode
dynamic_plus_no_new_york_18,2022-12-21 14:15:00,2022-12-21,PAUSE,,True,True,151,0.9929437064376205,1.7347930943278744,4,0.0,SKIP,pause_mode
dynamic_plus_no_new_york_18,2022-12-21 15:45:00,2022-12-21,PAUSE,,True,True,151,0.9929437064376205,1.7347930943278744,4,0.0,SKIP,pause_mode
dynamic_plus_no_new_york_18,2022-12-22 13:00:00,2022-12-22,PAUSE,,True,False,151,0.9929437064376205,1.7347930943278744,4,0.0,SKIP,pause_mode
dynamic_plus_no_new_york_18,2022-12-23 14:45:00,2022-12-23,PAUSE,,True,True,151,0.9929437064376205,1.7347930943278744,4,0.0,SKIP,pause_mode
dynamic_plus_no_new_york_18,2022-12-27 13:00:00,2022-12-27,PAUSE,,True,True,151,0.9929437064376205,1.7347930943278744,4,0.0,SKIP,pause_mode
dynamic_plus_no_new_york_18,2022-12-27 14:30:00,2022-12-27,PAUSE,,True,True,151,0.9929437064376205,1.7347930943278744,4,0.0,SKIP,pause_mode
dynamic_plus_no_new_york_18,2022-12-28 18:15:00,2022-12-28,PAUSE,,True,False,151,0.9929437064376205,1.7347930943278744,4,0.0,SKIP,pause_mode
dynamic_plus_no_new_york_18,2022-12-29 13:15:00,2022-12-29,PAUSE,,True,False,151,0.9929437064376205,1.7347930943278744,4,0.0,SKIP,pause_mode
dynamic_plus_no_new_york_18,2022-12-30 13:30:00,2022-12-30,PAUSE,,True,True,151,0.9929437064376205,1.7347930943278744,4,0.0,SKIP,pause_mode
dynamic_plus_no_new_york_18,2022-12-30 18:00:00,2022-12-30,PAUSE,,True,True,151,0.9929437064376205,1.7347930943278744,4,0.0,SKIP,pause_mode
dynamic_plus_no_new_york_18,2023-01-03 13:15:00,2023-01-03,PAUSE,,True,True,151,0.9929437064376205,1.7347930943278744,4,0.0,SKIP,pause_mode
dynamic_plus_no_new_york_18,2023-01-03 18:15:00,2023-01-03,PAUSE,,True,True,151,0.9929437064376205,1.7347930943278744,4,0.0,SKIP,pause_mode
dynamic_plus_no_new_york_18,2023-01-04 13:15:00,2023-01-04,PAUSE,,True,True,151,0.9929437064376205,1.7347930943278744,4,0.0,SKIP,pause_mode
dynamic_plus_no_new_york_18,2023-01-04 15:30:00,2023-01-04,PAUSE,,True,False,151,0.9929437064376205,1.7347930943278744,4,0.0,SKIP,pause_mode
dynamic_plus_no_new_york_18,2023-01-04 21:00:00,2023-01-04,PAUSE,,False,True,151,0.9929437064376205,1.7347930943278744,4,0.0,SKIP,pause_mode
dynamic_plus_no_new_york_18,2023-01-06 13:30:00,2023-01-06,PAUSE,,True,True,151,0.9929437064376205,1.7347930943278744,4,0.0,SKIP,pause_mode
dynamic_plus_no_new_york_18,2023-01-06 14:45:00,2023-01-06,PAUSE,,True,True,151,0.9929437064376205,1.7347930943278744,4,0.0,SKIP,pause_mode
dynamic_plus_no_new_york_18,2023-01-09 15:00:00,2023-01-09,PAUSE,,True,True,151,0.9929437064376205,1.7347930943278744,4,0.0,SKIP,pause_mode
dynamic_plus_no_new_york_18,2023-01-10 10:00:00,2023-01-10,PAUSE,,True,True,151,0.9929437064376205,1.7347930943278744,4,0.0,SKIP,pause_mode
dynamic_plus_no_new_york_18,2023-01-10 14:30:00,2023-01-10,PAUSE,,True,True,151,0.9929437064376205,1.7347930943278744,4,0.0,SKIP,pause_mode
dynamic_plus_no_new_york_18,2023-01-11 10:30:00,2023-01-11,PAUSE,,True,True,151,0.9929437064376205,1.7347930943278744,4,0.0,SKIP,pause_mode
dynamic_plus_no_new_york_18,2023-01-12 10:15:00,2023-01-12,PAUSE,,True,True,151,0.9929437064376205,1.7347930943278744,4,0.0,SKIP,pause_mode
dynamic_plus_no_new_york_18,2023-01-13 14:00:00,2023-01-13,PAUSE,,True,True,151,0.9929437064376205,1.7347930943278744,4,0.0,SKIP,pause_mode
dynamic_plus_no_new_york_18,2023-01-17 14:30:00,2023-01-17,PAUSE,,True,True,151,0.9929437064376205,1.7347930943278744,4,0.0,SKIP,pause_mode
dynamic_plus_no_new_york_18,2023-01-18 15:15:00,2023-01-18,PAUSE,,True,True,151,0.9929437064376205,1.7347930943278744,4,0.0,SKIP,pause_mode
dynamic_plus_no_new_york_18,2023-01-19 14:00:00,2023-01-19,PAUSE,,True,True,151,0.9929437064376205,1.7347930943278744,4,0.0,SKIP,pause_mode
dynamic_plus_no_new_york_18,2023-01-23 19:45:00,2023-01-23,PAUSE,,True,True,151,0.9929437064376205,1.7347930943278744,4,0.0,SKIP,pause_mode
dynamic_plus_no_new_york_18,2023-01-24 10:15:00,2023-01-24,PAUSE,,True,True,151,0.9929437064376205,1.7347930943278744,4,0.0,SKIP,pause_mode
dynamic_plus_no_new_york_18,2023-02-01 14:30:00,2023-02-01,PAUSE,,True,True,151,0.9929437064376205,1.7347930943278744,4,0.0,SKIP,pause_mode
dynamic_plus_no_new_york_18,2023-02-01 19:30:00,2023-02-01,PAUSE,,True,True,151,0.9929437064376205,1.7347930943278744,4,0.0,SKIP,pause_mode
dynamic_plus_no_new_york_18,2023-02-02 10:15:00,2023-02-02,PAUSE,,True,True,151,0.9929437064376205,1.7347930943278744,4,0.0,SKIP,pause_mode
dynamic_plus_no_new_york_18,2023-02-03 13:15:00,2023-02-03,PAUSE,,True,True,151,0.9929437064376205,1.7347930943278744,4,0.0,SKIP,pause_mode
dynamic_plus_no_new_york_18,2023-02-06 10:00:00,2023-02-06,PAUSE,,True,True,151,0.9929437064376205,1.7347930943278744,4,0.0,SKIP,pause_mode
dynamic_plus_no_new_york_18,2023-02-07 13:00:00,2023-02-07,PAUSE,,True,True,151,0.9929437064376205,1.7347930943278744,4,0.0,SKIP,pause_mode
dynamic_plus_no_new_york_18,2023-02-14 14:45:00,2023-02-14,PAUSE,,True,True,151,0.9929437064376205,1.7347930943278744,4,0.0,SKIP,pause_mode
dynamic_plus_no_new_york_18,2023-02-14 15:45:00,2023-02-14,PAUSE,,True,False,151,0.9929437064376205,1.7347930943278744,4,0.0,SKIP,pause_mode
dynamic_plus_no_new_york_18,2023-02-15 14:45:00,2023-02-15,PAUSE,,True,True,151,0.9929437064376205,1.7347930943278744,4,0.0,SKIP,pause_mode
dynamic_plus_no_new_york_18,2023-02-16 15:00:00,2023-02-16,PAUSE,,True,True,151,0.9929437064376205,1.7347930943278744,4,0.0,SKIP,pause_mode
dynamic_plus_no_new_york_18,2023-02-17 14:30:00,2023-02-17,PAUSE,,True,True,151,0.9929437064376205,1.7347930943278744,4,0.0,SKIP,pause_mode
dynamic_plus_no_new_york_18,2023-02-20 14:45:00,2023-02-20,PAUSE,,True,False,151,0.9929437064376205,1.7347930943278744,4,0.0,SKIP,pause_mode
dynamic_plus_no_new_york_18,2023-02-21 10:00:00,2023-02-21,PAUSE,,True,True,151,0.9929437064376205,1.7347930943278744,4,0.0,SKIP,pause_mode
dynamic_plus_no_new_york_18,2023-02-23 10:45:00,2023-02-23,PAUSE,,True,False,151,0.9929437064376205,1.7347930943278744,4,0.0,SKIP,pause_mode
dynamic_plus_no_new_york_18,2023-02-23 15:00:00,2023-02-23,PAUSE,,True,False,151,0.9929437064376205,1.7347930943278744,4,0.0,SKIP,pause_mode
dynamic_plus_no_new_york_18,2023-02-27 10:00:00,2023-02-27,PAUSE,,True,True,151,0.9929437064376205,1.7347930943278744,4,0.0,SKIP,pause_mode
dynamic_plus_no_new_york_18,2023-02-27 19:30:00,2023-02-27,PAUSE,,True,False,151,0.9929437064376205,1.7347930943278744,4,0.0,SKIP,pause_mode
dynamic_plus_no_new_york_18,2023-02-28 10:00:00,2023-02-28,PAUSE,,True,True,151,0.9929437064376205,1.7347930943278744,4,0.0,SKIP,pause_mode
dynamic_plus_no_new_york_18,2023-02-28 21:00:00,2023-02-28,PAUSE,,True,True,151,0.9929437064376205,1.7347930943278744,4,0.0,SKIP,pause_mode
dynamic_plus_no_new_york_18,2023-03-01 10:15:00,2023-03-01,PAUSE,,True,False,151,0.9929437064376205,1.7347930943278744,4,0.0,SKIP,pause_mode
dynamic_plus_no_new_york_18,2023-03-01 13:15:00,2023-03-01,PAUSE,,True,True,151,0.9929437064376205,1.7347930943278744,4,0.0,SKIP,pause_mode
dynamic_plus_no_new_york_18,2023-03-01 15:15:00,2023-03-01,PAUSE,,False,True,151,0.9929437064376205,1.7347930943278744,4,0.0,SKIP,pause_mode
dynamic_plus_no_new_york_18,2023-03-02 15:00:00,2023-03-02,PAUSE,,True,True,151,0.9929437064376205,1.7347930943278744,4,0.0,SKIP,pause_mode
dynamic_plus_no_new_york_18,2023-03-02 19:00:00,2023-03-02,PAUSE,,True,True,151,0.9929437064376205,1.7347930943278744,4,0.0,SKIP,pause_mode
dynamic_plus_no_new_york_18,2023-03-03 13:00:00,2023-03-03,PAUSE,,True,True,151,0.9929437064376205,1.7347930943278744,4,0.0,SKIP,pause_mode
dynamic_plus_no_new_york_18,2023-03-10 10:00:00,2023-03-10,PAUSE,,True,True,151,0.9929437064376205,1.7347930943278744,4,0.0,SKIP,pause_mode
dynamic_plus_no_new_york_18,2023-03-13 10:15:00,2023-03-13,PAUSE,,True,True,151,0.9929437064376205,1.7347930943278744,4,0.0,SKIP,pause_mode
dynamic_plus_no_new_york_18,2023-03-15 10:00:00,2023-03-15,PAUSE,,True,True,151,0.9929437064376205,1.7347930943278744,4,0.0,SKIP,pause_mode
dynamic_plus_no_new_york_18,2023-03-15 14:15:00,2023-03-15,PAUSE,,True,True,151,0.9929437064376205,1.7347930943278744,4,0.0,SKIP,pause_mode
dynamic_plus_no_new_york_18,2023-03-16 14:00:00,2023-03-16,PAUSE,,True,True,151,0.9929437064376205,1.7347930943278744,4,0.0,SKIP,pause_mode
dynamic_plus_no_new_york_18,2023-03-17 10:15:00,2023-03-17,PAUSE,,True,True,151,0.9929437064376205,1.7347930943278744,4,0.0,SKIP,pause_mode
dynamic_plus_no_new_york_18,2023-03-20 18:15:00,2023-03-20,PAUSE,,True,True,151,0.9929437064376205,1.7347930943278744,4,0.0,SKIP,pause_mode
dynamic_plus_no_new_york_18,2023-03-22 18:00:00,2023-03-22,PAUSE,,True,True,151,0.9929437064376205,1.7347930943278744,4,0.0,SKIP,pause_mode
dynamic_plus_no_new_york_18,2023-03-23 10:15:00,2023-03-23,PAUSE,,True,True,151,0.9929437064376205,1.7347930943278744,4,0.0,SKIP,pause_mode
dynamic_plus_no_new_york_18,2023-03-23 13:15:00,2023-03-23,PAUSE,,True,False,151,0.9929437064376205,1.7347930943278744,4,0.0,SKIP,pause_mode
dynamic_plus_no_new_york_18,2023-03-23 19:00:00,2023-03-23,PAUSE,,False,True,151,0.9929437064376205,1.7347930943278744,4,0.0,SKIP,pause_mode
dynamic_plus_no_new_york_18,2023-03-24 14:30:00,2023-03-24,PAUSE,,True,True,151,0.9929437064376205,1.7347930943278744,4,0.0,SKIP,pause_mode
dynamic_plus_no_new_york_18,2023-03-27 14:45:00,2023-03-27,PAUSE,,True,True,151,0.9929437064376205,1.7347930943278744,4,0.0,SKIP,pause_mode
dynamic_plus_no_new_york_18,2023-03-30 13:00:00,2023-03-30,PAUSE,,True,True,151,0.9929437064376205,1.7347930943278744,4,0.0,SKIP,pause_mode
dynamic_plus_no_new_york_18,2023-03-30 14:15:00,2023-03-30,PAUSE,,True,True,151,0.9929437064376205,1.7347930943278744,4,0.0,SKIP,pause_mode
dynamic_plus_no_new_york_18,2023-04-03 13:30:00,2023-04-03,PAUSE,,True,True,151,0.9929437064376205,1.7347930943278744,4,0.0,SKIP,pause_mode
dynamic_plus_no_new_york_18,2023-04-03 19:00:00,2023-04-03,PAUSE,,True,True,151,0.9929437064376205,1.7347930943278744,4,0.0,SKIP,pause_mode
dynamic_plus_no_new_york_18,2023-04-04 10:00:00,2023-04-04,PAUSE,,True,True,151,0.9929437064376205,1.7347930943278744,4,0.0,SKIP,pause_mode
dynamic_plus_no_new_york_18,2023-04-05 10:00:00,2023-04-05,PAUSE,,True,True,151,0.9929437064376205,1.7347930943278744,4,0.0,SKIP,pause_mode
dynamic_plus_no_new_york_18,2023-04-05 14:00:00,2023-04-05,PAUSE,,True,False,151,0.9929437064376205,1.7347930943278744,4,0.0,SKIP,pause_mode
dynamic_plus_no_new_york_18,2023-04-06 10:00:00,2023-04-06,PAUSE,,True,True,151,0.9929437064376205,1.7347930943278744,4,0.0,SKIP,pause_mode
dynamic_plus_no_new_york_18,2023-04-11 10:00:00,2023-04-11,PAUSE,,True,True,151,0.9929437064376205,1.7347930943278744,4,0.0,SKIP,pause_mode
dynamic_plus_no_new_york_18,2023-04-11 14:15:00,2023-04-11,PAUSE,,True,True,151,0.9929437064376205,1.7347930943278744,4,0.0,SKIP,pause_mode
dynamic_plus_no_new_york_18,2023-04-12 19:30:00,2023-04-12,PAUSE,,True,True,151,0.9929437064376205,1.7347930943278744,4,0.0,SKIP,pause_mode
dynamic_plus_no_new_york_18,2023-04-13 15:00:00,2023-04-13,PAUSE,,True,True,151,0.9929437064376205,1.7347930943278744,4,0.0,SKIP,pause_mode
dynamic_plus_no_new_york_18,2023-04-20 14:15:00,2023-04-20,PAUSE,,True,True,151,0.9929437064376205,1.7347930943278744,4,0.0,SKIP,pause_mode
dynamic_plus_no_new_york_18,2023-04-20 18:30:00,2023-04-20,PAUSE,,True,True,151,0.9929437064376205,1.7347930943278744,4,0.0,SKIP,pause_mode
dynamic_plus_no_new_york_18,2023-04-21 10:45:00,2023-04-21,PAUSE,,True,True,151,0.9929437064376205,1.7347930943278744,4,0.0,SKIP,pause_mode
dynamic_plus_no_new_york_18,2023-04-21 14:15:00,2023-04-21,PAUSE,,True,True,151,0.9929437064376205,1.7347930943278744,4,0.0,SKIP,pause_mode
dynamic_plus_no_new_york_18,2023-04-25 18:45:00,2023-04-25,PAUSE,,True,False,151,0.9929437064376205,1.7347930943278744,4,0.0,SKIP,pause_mode
dynamic_plus_no_new_york_18,2023-04-26 13:45:00,2023-04-26,PAUSE,,True,False,151,0.9929437064376205,1.7347930943278744,4,0.0,SKIP,pause_mode
dynamic_plus_no_new_york_18,2023-04-27 10:00:00,2023-04-27,PAUSE,,True,False,151,0.9929437064376205,1.7347930943278744,4,0.0,SKIP,pause_mode
dynamic_plus_no_new_york_18,2023-04-28 10:15:00,2023-04-28,PAUSE,,True,True,151,0.9929437064376205,1.7347930943278744,4,0.0,SKIP,pause_mode
dynamic_plus_no_new_york_18,2023-04-28 14:00:00,2023-04-28,PAUSE,,True,True,151,0.9929437064376205,1.7347930943278744,4,0.0,SKIP,pause_mode
dynamic_plus_no_new_york_18,2023-05-02 14:00:00,2023-05-02,PAUSE,,True,True,151,0.9929437064376205,1.7347930943278744,4,0.0,SKIP,pause_mode
dynamic_plus_no_new_york_18,2023-05-03 14:30:00,2023-05-03,PAUSE,,True,True,151,0.9929437064376205,1.7347930943278744,4,0.0,SKIP,pause_mode
dynamic_plus_no_new_york_18,2023-05-03 18:00:00,2023-05-03,PAUSE,,True,True,151,0.9929437064376205,1.7347930943278744,4,0.0,SKIP,pause_mode
dynamic_plus_no_new_york_18,2023-05-04 15:00:00,2023-05-04,PAUSE,,True,True,151,0.9929437064376205,1.7347930943278744,4,0.0,SKIP,pause_mode
dynamic_plus_no_new_york_18,2023-05-08 15:15:00,2023-05-08,PAUSE,,True,False,151,0.9929437064376205,1.7347930943278744,4,0.0,SKIP,pause_mode
dynamic_plus_no_new_york_18,2023-05-09 13:45:00,2023-05-09,PAUSE,,True,False,151,0.9929437064376205,1.7347930943278744,4,0.0,SKIP,pause_mode
dynamic_plus_no_new_york_18,2023-05-10 13:45:00,2023-05-10,PAUSE,,True,False,151,0.9929437064376205,1.7347930943278744,4,0.0,SKIP,pause_mode
dynamic_plus_no_new_york_18,2023-05-11 13:00:00,2023-05-11,PAUSE,,True,True,151,0.9929437064376205,1.7347930943278744,4,0.0,SKIP,pause_mode
dynamic_plus_no_new_york_18,2023-05-12 10:30:00,2023-05-12,PAUSE,,True,True,151,0.9929437064376205,1.7347930943278744,4,0.0,SKIP,pause_mode
dynamic_plus_no_new_york_18,2023-05-16 10:00:00,2023-05-16,PAUSE,,True,True,151,0.9929437064376205,1.7347930943278744,4,0.0,SKIP,pause_mode
dynamic_plus_no_new_york_18,2023-05-16 14:00:00,2023-05-16,PAUSE,,True,True,151,0.9929437064376205,1.7347930943278744,4,0.0,SKIP,pause_mode
dynamic_plus_no_new_york_18,2023-05-17 13:00:00,2023-05-17,PAUSE,,True,True,151,0.9929437064376205,1.7347930943278744,4,0.0,SKIP,pause_mode
dynamic_plus_no_new_york_18,2023-05-17 14:45:00,2023-05-17,PAUSE,,True,True,151,0.9929437064376205,1.7347930943278744,4,0.0,SKIP,pause_mode
dynamic_plus_no_new_york_18,2023-05-18 10:30:00,2023-05-18,PAUSE,,True,True,151,0.9929437064376205,1.7347930943278744,4,0.0,SKIP,pause_mode
dynamic_plus_no_new_york_18,2023-05-19 13:45:00,2023-05-19,PAUSE,,True,True,151,0.9929437064376205,1.7347930943278744,4,0.0,SKIP,pause_mode
dynamic_plus_no_new_york_18,2023-05-22 13:00:00,2023-05-22,PAUSE,,True,False,151,0.9929437064376205,1.7347930943278744,4,0.0,SKIP,pause_mode
dynamic_plus_no_new_york_18,2023-05-26 13:00:00,2023-05-26,PAUSE,,True,False,151,0.9929437064376205,1.7347930943278744,4,0.0,SKIP,pause_mode
dynamic_plus_no_new_york_18,2023-05-26 15:45:00,2023-05-26,PAUSE,,True,True,151,0.9929437064376205,1.7347930943278744,4,0.0,SKIP,pause_mode
dynamic_plus_no_new_york_18,2023-05-30 14:00:00,2023-05-30,PAUSE,,True,False,151,0.9929437064376205,1.7347930943278744,4,0.0,SKIP,pause_mode
dynamic_plus_no_new_york_18,2023-05-31 15:45:00,2023-05-31,PAUSE,,True,True,151,0.9929437064376205,1.7347930943278744,4,0.0,SKIP,pause_mode
dynamic_plus_no_new_york_18,2023-05-31 18:00:00,2023-05-31,PAUSE,,True,True,151,0.9929437064376205,1.7347930943278744,4,0.0,SKIP,pause_mode
dynamic_plus_no_new_york_18,2023-06-01 19:00:00,2023-06-01,PAUSE,,True,True,151,0.9929437064376205,1.7347930943278744,4,0.0,SKIP,pause_mode
dynamic_plus_no_new_york_18,2023-06-02 10:15:00,2023-06-02,PAUSE,,True,True,151,0.9929437064376205,1.7347930943278744,4,0.0,SKIP,pause_mode
dynamic_plus_no_new_york_18,2023-06-05 10:00:00,2023-06-05,PAUSE,,True,True,151,0.9929437064376205,1.7347930943278744,4,0.0,SKIP,pause_mode
dynamic_plus_no_new_york_18,2023-06-06 13:00:00,2023-06-06,PAUSE,,True,True,151,0.9929437064376205,1.7347930943278744,4,0.0,SKIP,pause_mode
dynamic_plus_no_new_york_18,2023-06-06 18:15:00,2023-06-06,PAUSE,,True,True,151,0.9929437064376205,1.7347930943278744,4,0.0,SKIP,pause_mode
dynamic_plus_no_new_york_18,2023-06-07 13:00:00,2023-06-07,PAUSE,,True,False,151,0.9929437064376205,1.7347930943278744,4,0.0,SKIP,pause_mode
dynamic_plus_no_new_york_18,2023-06-07 15:00:00,2023-06-07,PAUSE,,True,False,151,0.9929437064376205,1.7347930943278744,4,0.0,SKIP,pause_mode
dynamic_plus_no_new_york_18,2023-06-08 18:30:00,2023-06-08,PAUSE,,True,True,151,0.9929437064376205,1.7347930943278744,4,0.0,SKIP,pause_mode
dynamic_plus_no_new_york_18,2023-06-14 15:45:00,2023-06-14,PAUSE,,True,False,151,0.9929437064376205,1.7347930943278744,4,0.0,SKIP,pause_mode
dynamic_plus_no_new_york_18,2023-06-15 10:15:00,2023-06-15,PAUSE,,True,True,151,0.9929437064376205,1.7347930943278744,4,0.0,SKIP,pause_mode
dynamic_plus_no_new_york_18,2023-06-19 14:00:00,2023-06-19,PAUSE,,True,True,151,0.9929437064376205,1.7347930943278744,4,0.0,SKIP,pause_mode
dynamic_plus_no_new_york_18,2023-06-21 10:00:00,2023-06-21,PAUSE,,True,True,151,0.9929437064376205,1.7347930943278744,4,0.0,SKIP,pause_mode
dynamic_plus_no_new_york_18,2023-06-21 13:45:00,2023-06-21,PAUSE,,True,True,151,0.9929437064376205,1.7347930943278744,4,0.0,SKIP,pause_mode
dynamic_plus_no_new_york_18,2023-06-22 10:15:00,2023-06-22,PAUSE,,True,True,151,0.9929437064376205,1.7347930943278744,4,0.0,SKIP,pause_mode
dynamic_plus_no_new_york_18,2023-06-22 13:30:00,2023-06-22,PAUSE,,True,True,151,0.9929437064376205,1.7347930943278744,4,0.0,SKIP,pause_mode
dynamic_plus_no_new_york_18,2023-06-23 14:45:00,2023-06-23,PAUSE,,True,False,151,0.9929437064376205,1.7347930943278744,4,0.0,SKIP,pause_mode
dynamic_plus_no_new_york_18,2023-06-27 13:45:00,2023-06-27,PAUSE,,True,False,151,0.9929437064376205,1.7347930943278744,4,0.0,SKIP,pause_mode
dynamic_plus_no_new_york_18,2023-06-28 14:45:00,2023-06-28,PAUSE,,True,True,151,0.9929437064376205,1.7347930943278744,4,0.0,SKIP,pause_mode
dynamic_plus_no_new_york_18,2023-07-02 22:00:00,2023-07-02,PAUSE,,True,False,151,0.9929437064376205,1.7347930943278744,4,0.0,SKIP,pause_mode
dynamic_plus_no_new_york_18,2023-07-03 10:00:00,2023-07-03,PAUSE,,True,True,151,0.9929437064376205,1.7347930943278744,4,0.0,SKIP,pause_mode
dynamic_plus_no_new_york_18,2023-07-04 13:15:00,2023-07-04,PAUSE,,True,True,151,0.9929437064376205,1.7347930943278744,4,0.0,SKIP,pause_mode
dynamic_plus_no_new_york_18,2023-07-06 10:00:00,2023-07-06,PAUSE,,True,False,151,0.9929437064376205,1.7347930943278744,4,0.0,SKIP,pause_mode
dynamic_plus_no_new_york_18,2023-07-06 13:30:00,2023-07-06,PAUSE,,True,False,151,0.9929437064376205,1.7347930943278744,4,0.0,SKIP,pause_mode
dynamic_plus_no_new_york_18,2023-07-07 18:30:00,2023-07-07,PAUSE,,True,True,151,0.9929437064376205,1.7347930943278744,4,0.0,SKIP,pause_mode
dynamic_plus_no_new_york_18,2023-07-11 22:15:00,2023-07-11,PAUSE,,True,True,151,0.9929437064376205,1.7347930943278744,4,0.0,SKIP,pause_mode
dynamic_plus_no_new_york_18,2023-07-12 22:00:00,2023-07-12,PAUSE,,True,True,151,0.9929437064376205,1.7347930943278744,4,0.0,SKIP,pause_mode
dynamic_plus_no_new_york_18,2023-07-18 18:15:00,2023-07-18,PAUSE,,True,True,151,0.9929437064376205,1.7347930943278744,4,0.0,SKIP,pause_mode
dynamic_plus_no_new_york_18,2023-07-19 13:00:00,2023-07-19,PAUSE,,True,True,151,0.9929437064376205,1.7347930943278744,4,0.0,SKIP,pause_mode
dynamic_plus_no_new_york_18,2023-07-21 14:45:00,2023-07-21,PAUSE,,True,True,151,0.9929437064376205,1.7347930943278744,4,0.0,SKIP,pause_mode
dynamic_plus_no_new_york_18,2023-07-25 22:30:00,2023-07-25,PAUSE,,True,True,151,0.9929437064376205,1.7347930943278744,4,0.0,SKIP,pause_mode
dynamic_plus_no_new_york_18,2023-07-26 10:30:00,2023-07-26,PAUSE,,True,True,151,0.9929437064376205,1.7347930943278744,4,0.0,SKIP,pause_mode
dynamic_plus_no_new_york_18,2023-07-26 15:00:00,2023-07-26,PAUSE,,True,False,151,0.9929437064376205,1.7347930943278744,4,0.0,SKIP,pause_mode
dynamic_plus_no_new_york_18,2023-07-26 19:15:00,2023-07-26,PAUSE,,False,True,151,0.9929437064376205,1.7347930943278744,4,0.0,SKIP,pause_mode
dynamic_plus_no_new_york_18,2023-07-28 18:00:00,2023-07-28,PAUSE,,True,True,151,0.9929437064376205,1.7347930943278744,4,0.0,SKIP,pause_mode
dynamic_plus_no_new_york_18,2023-08-02 13:30:00,2023-08-02,PAUSE,,True,True,151,0.9929437064376205,1.7347930943278744,4,0.0,SKIP,pause_mode
dynamic_plus_no_new_york_18,2023-08-04 10:00:00,2023-08-04,PAUSE,,True,True,151,0.9929437064376205,1.7347930943278744,4,0.0,SKIP,pause_mode
dynamic_plus_no_new_york_18,2023-08-04 14:45:00,2023-08-04,PAUSE,,True,False,151,0.9929437064376205,1.7347930943278744,4,0.0,SKIP,pause_mode
dynamic_plus_no_new_york_18,2023-08-07 13:45:00,2023-08-07,PAUSE,,True,False,151,0.9929437064376205,1.7347930943278744,4,0.0,SKIP,pause_mode
dynamic_plus_no_new_york_18,2023-08-07 15:00:00,2023-08-07,PAUSE,,True,False,151,0.9929437064376205,1.7347930943278744,4,0.0,SKIP,pause_mode
dynamic_plus_no_new_york_18,2023-08-08 10:15:00,2023-08-08,PAUSE,,True,False,151,0.9929437064376205,1.7347930943278744,4,0.0,SKIP,pause_mode
dynamic_plus_no_new_york_18,2023-08-08 13:30:00,2023-08-08,PAUSE,,True,True,151,0.9929437064376205,1.7347930943278744,4,0.0,SKIP,pause_mode
dynamic_plus_no_new_york_18,2023-08-08 14:45:00,2023-08-08,PAUSE,,False,True,151,0.9929437064376205,1.7347930943278744,4,0.0,SKIP,pause_mode
dynamic_plus_no_new_york_18,2023-08-09 13:15:00,2023-08-09,PAUSE,,True,True,151,0.9929437064376205,1.7347930943278744,4,0.0,SKIP,pause_mode
dynamic_plus_no_new_york_18,2023-08-10 15:15:00,2023-08-10,PAUSE,,True,True,151,0.9929437064376205,1.7347930943278744,4,0.0,SKIP,pause_mode
dynamic_plus_no_new_york_18,2023-08-15 10:00:00,2023-08-15,PAUSE,,True,True,151,0.9929437064376205,1.7347930943278744,4,0.0,SKIP,pause_mode
dynamic_plus_no_new_york_18,2023-08-15 13:30:00,2023-08-15,PAUSE,,True,True,151,0.9929437064376205,1.7347930943278744,4,0.0,SKIP,pause_mode
dynamic_plus_no_new_york_18,2023-08-21 15:00:00,2023-08-21,PAUSE,,True,False,151,0.9929437064376205,1.7347930943278744,4,0.0,SKIP,pause_mode
dynamic_plus_no_new_york_18,2023-08-22 14:45:00,2023-08-22,PAUSE,,True,True,151,0.9929437064376205,1.7347930943278744,4,0.0,SKIP,pause_mode
dynamic_plus_no_new_york_18,2023-08-23 10:45:00,2023-08-23,PAUSE,,True,True,151,0.9929437064376205,1.7347930943278744,4,0.0,SKIP,pause_mode
dynamic_plus_no_new_york_18,2023-08-23 13:00:00,2023-08-23,PAUSE,,True,True,151,0.9929437064376205,1.7347930943278744,4,0.0,SKIP,pause_mode
dynamic_plus_no_new_york_18,2023-08-25 14:00:00,2023-08-25,PAUSE,,True,False,151,0.9929437064376205,1.7347930943278744,4,0.0,SKIP,pause_mode
dynamic_plus_no_new_york_18,2023-08-30 10:00:00,2023-08-30,PAUSE,,True,True,151,0.9929437064376205,1.7347930943278744,4,0.0,SKIP,pause_mode
dynamic_plus_no_new_york_18,2023-08-30 18:00:00,2023-08-30,PAUSE,,True,True,151,0.9929437064376205,1.7347930943278744,4,0.0,SKIP,pause_mode
dynamic_plus_no_new_york_18,2023-09-05 13:00:00,2023-09-05,PAUSE,,True,True,151,0.9929437064376205,1.7347930943278744,4,0.0,SKIP,pause_mode
dynamic_plus_no_new_york_18,2023-09-05 15:00:00,2023-09-05,PAUSE,,True,True,151,0.9929437064376205,1.7347930943278744,4,0.0,SKIP,pause_mode
dynamic_plus_no_new_york_18,2023-09-08 13:15:00,2023-09-08,PAUSE,,True,True,151,0.9929437064376205,1.7347930943278744,4,0.0,SKIP,pause_mode
dynamic_plus_no_new_york_18,2023-09-11 15:30:00,2023-09-11,PAUSE,,True,False,151,0.9929437064376205,1.7347930943278744,4,0.0,SKIP,pause_mode
dynamic_plus_no_new_york_18,2023-09-12 14:45:00,2023-09-12,PAUSE,,True,True,151,0.9929437064376205,1.7347930943278744,4,0.0,SKIP,pause_mode
dynamic_plus_no_new_york_18,2023-09-13 14:00:00,2023-09-13,PAUSE,,True,True,151,0.9929437064376205,1.7347930943278744,4,0.0,SKIP,pause_mode
dynamic_plus_no_new_york_18,2023-09-14 13:15:00,2023-09-14,PAUSE,,True,True,151,0.9929437064376205,1.7347930943278744,4,0.0,SKIP,pause_mode
dynamic_plus_no_new_york_18,2023-09-14 15:30:00,2023-09-14,PAUSE,,True,False,151,0.9929437064376205,1.7347930943278744,4,0.0,SKIP,pause_mode
dynamic_plus_no_new_york_18,2023-09-19 14:30:00,2023-09-19,PAUSE,,True,False,151,0.9929437064376205,1.7347930943278744,4,0.0,SKIP,pause_mode
dynamic_plus_no_new_york_18,2023-09-22 14:00:00,2023-09-22,PAUSE,,True,False,151,0.9929437064376205,1.7347930943278744,4,0.0,SKIP,pause_mode
dynamic_plus_no_new_york_18,2023-09-26 10:30:00,2023-09-26,PAUSE,,True,True,151,0.9929437064376205,1.7347930943278744,4,0.0,SKIP,pause_mode
dynamic_plus_no_new_york_18,2023-10-02 14:00:00,2023-10-02,PAUSE,,True,True,151,0.9929437064376205,1.7347930943278744,4,0.0,SKIP,pause_mode
dynamic_plus_no_new_york_18,2023-10-02 15:30:00,2023-10-02,PAUSE,,True,True,151,0.9929437064376205,1.7347930943278744,4,0.0,SKIP,pause_mode
dynamic_plus_no_new_york_18,2023-10-04 14:00:00,2023-10-04,PAUSE,,True,True,151,0.9929437064376205,1.7347930943278744,4,0.0,SKIP,pause_mode
dynamic_plus_no_new_york_18,2023-10-05 10:00:00,2023-10-05,PAUSE,,True,False,151,0.9929437064376205,1.7347930943278744,4,0.0,SKIP,pause_mode
dynamic_plus_no_new_york_18,2023-10-05 13:15:00,2023-10-05,PAUSE,,True,False,151,0.9929437064376205,1.7347930943278744,4,0.0,SKIP,pause_mode
dynamic_plus_no_new_york_18,2023-10-06 13:00:00,2023-10-06,PAUSE,,True,False,151,0.9929437064376205,1.7347930943278744,4,0.0,SKIP,pause_mode
dynamic_plus_no_new_york_18,2023-10-09 14:15:00,2023-10-09,PAUSE,,True,True,151,0.9929437064376205,1.7347930943278744,4,0.0,SKIP,pause_mode
dynamic_plus_no_new_york_18,2023-10-11 18:45:00,2023-10-11,PAUSE,,True,True,151,0.9929437064376205,1.7347930943278744,4,0.0,SKIP,pause_mode
dynamic_plus_no_new_york_18,2023-10-16 13:00:00,2023-10-16,PAUSE,,True,True,151,0.9929437064376205,1.7347930943278744,4,0.0,SKIP,pause_mode
dynamic_plus_no_new_york_18,2023-10-16 13:45:00,2023-10-16,PAUSE,,True,True,151,0.9929437064376205,1.7347930943278744,4,0.0,SKIP,pause_mode
dynamic_plus_no_new_york_18,2023-10-17 13:00:00,2023-10-17,PAUSE,,True,True,151,0.9929437064376205,1.7347930943278744,4,0.0,SKIP,pause_mode
dynamic_plus_no_new_york_18,2023-10-18 18:00:00,2023-10-18,PAUSE,,True,True,151,0.9929437064376205,1.7347930943278744,4,0.0,SKIP,pause_mode
dynamic_plus_no_new_york_18,2023-10-19 10:30:00,2023-10-19,PAUSE,,True,True,151,0.9929437064376205,1.7347930943278744,4,0.0,SKIP,pause_mode
dynamic_plus_no_new_york_18,2023-10-19 13:00:00,2023-10-19,PAUSE,,True,True,151,0.9929437064376205,1.7347930943278744,4,0.0,SKIP,pause_mode
dynamic_plus_no_new_york_18,2023-10-20 13:45:00,2023-10-20,PAUSE,,True,True,151,0.9929437064376205,1.7347930943278744,4,0.0,SKIP,pause_mode
dynamic_plus_no_new_york_18,2023-10-23 13:00:00,2023-10-23,PAUSE,,True,False,151,0.9929437064376205,1.7347930943278744,4,0.0,SKIP,pause_mode
dynamic_plus_no_new_york_18,2023-10-24 18:30:00,2023-10-24,PAUSE,,True,True,151,0.9929437064376205,1.7347930943278744,4,0.0,SKIP,pause_mode
dynamic_plus_no_new_york_18,2023-10-25 14:00:00,2023-10-25,PAUSE,,True,True,151,0.9929437064376205,1.7347930943278744,4,0.0,SKIP,pause_mode
dynamic_plus_no_new_york_18,2023-10-26 18:00:00,2023-10-26,PAUSE,,True,False,151,0.9929437064376205,1.7347930943278744,4,0.0,SKIP,pause_mode
dynamic_plus_no_new_york_18,2023-10-30 14:00:00,2023-10-30,PAUSE,,True,True,151,0.9929437064376205,1.7347930943278744,4,0.0,SKIP,pause_mode
dynamic_plus_no_new_york_18,2023-11-01 14:45:00,2023-11-01,PAUSE,,True,True,151,0.9929437064376205,1.7347930943278744,4,0.0,SKIP,pause_mode
dynamic_plus_no_new_york_18,2023-11-02 10:00:00,2023-11-02,PAUSE,,True,True,151,0.9929437064376205,1.7347930943278744,4,0.0,SKIP,pause_mode
dynamic_plus_no_new_york_18,2023-11-03 10:15:00,2023-11-03,PAUSE,,True,False,151,0.9929437064376205,1.7347930943278744,4,0.0,SKIP,pause_mode
dynamic_plus_no_new_york_18,2023-11-03 13:45:00,2023-11-03,PAUSE,,True,False,151,0.9929437064376205,1.7347930943278744,4,0.0,SKIP,pause_mode
dynamic_plus_no_new_york_18,2023-11-07 14:30:00,2023-11-07,PAUSE,,True,True,151,0.9929437064376205,1.7347930943278744,4,0.0,SKIP,pause_mode
dynamic_plus_no_new_york_18,2023-11-08 14:30:00,2023-11-08,PAUSE,,True,True,151,0.9929437064376205,1.7347930943278744,4,0.0,SKIP,pause_mode
dynamic_plus_no_new_york_18,2023-11-09 10:45:00,2023-11-09,PAUSE,,True,True,151,0.9929437064376205,1.7347930943278744,4,0.0,SKIP,pause_mode
dynamic_plus_no_new_york_18,2023-11-10 10:45:00,2023-11-10,PAUSE,,True,True,151,0.9929437064376205,1.7347930943278744,4,0.0,SKIP,pause_mode
dynamic_plus_no_new_york_18,2023-11-10 15:00:00,2023-11-10,PAUSE,,True,True,151,0.9929437064376205,1.7347930943278744,4,0.0,SKIP,pause_mode
dynamic_plus_no_new_york_18,2023-11-14 21:30:00,2023-11-14,PAUSE,,True,True,151,0.9929437064376205,1.7347930943278744,4,0.0,SKIP,pause_mode
dynamic_plus_no_new_york_18,2023-11-15 13:00:00,2023-11-15,PAUSE,,True,True,151,0.9929437064376205,1.7347930943278744,4,0.0,SKIP,pause_mode
dynamic_plus_no_new_york_18,2023-11-16 10:00:00,2023-11-16,PAUSE,,True,True,151,0.9929437064376205,1.7347930943278744,4,0.0,SKIP,pause_mode
dynamic_plus_no_new_york_18,2023-11-16 13:30:00,2023-11-16,PAUSE,,True,True,151,0.9929437064376205,1.7347930943278744,4,0.0,SKIP,pause_mode
dynamic_plus_no_new_york_18,2023-11-17 13:00:00,2023-11-17,PAUSE,,True,True,151,0.9929437064376205,1.7347930943278744,4,0.0,SKIP,pause_mode
dynamic_plus_no_new_york_18,2023-11-20 21:00:00,2023-11-20,PAUSE,,True,True,151,0.9929437064376205,1.7347930943278744,4,0.0,SKIP,pause_mode
dynamic_plus_no_new_york_18,2023-11-21 19:15:00,2023-11-21,PAUSE,,True,True,151,0.9929437064376205,1.7347930943278744,4,0.0,SKIP,pause_mode
dynamic_plus_no_new_york_18,2023-11-22 10:45:00,2023-11-22,PAUSE,,True,True,151,0.9929437064376205,1.7347930943278744,4,0.0,SKIP,pause_mode
dynamic_plus_no_new_york_18,2023-11-24 13:00:00,2023-11-24,PAUSE,,True,False,151,0.9929437064376205,1.7347930943278744,4,0.0,SKIP,pause_mode
dynamic_plus_no_new_york_18,2023-11-24 15:30:00,2023-11-24,PAUSE,,True,True,151,0.9929437064376205,1.7347930943278744,4,0.0,SKIP,pause_mode
dynamic_plus_no_new_york_18,2023-11-27 10:15:00,2023-11-27,PAUSE,,True,True,151,0.9929437064376205,1.7347930943278744,4,0.0,SKIP,pause_mode
dynamic_plus_no_new_york_18,2023-11-27 15:15:00,2023-11-27,PAUSE,,True,True,151,0.9929437064376205,1.7347930943278744,4,0.0,SKIP,pause_mode
dynamic_plus_no_new_york_18,2023-12-01 10:15:00,2023-12-01,PAUSE,,True,True,151,0.9929437064376205,1.7347930943278744,4,0.0,SKIP,pause_mode
dynamic_plus_no_new_york_18,2023-12-11 13:00:00,2023-12-11,PAUSE,,True,True,151,0.9929437064376205,1.7347930943278744,4,0.0,SKIP,pause_mode
dynamic_plus_no_new_york_18,2023-12-12 15:15:00,2023-12-12,PAUSE,,True,True,151,0.9929437064376205,1.7347930943278744,4,0.0,SKIP,pause_mode
dynamic_plus_no_new_york_18,2023-12-14 10:30:00,2023-12-14,PAUSE,,True,True,151,0.9929437064376205,1.7347930943278744,4,0.0,SKIP,pause_mode
dynamic_plus_no_new_york_18,2023-12-14 13:45:00,2023-12-14,PAUSE,,True,False,151,0.9929437064376205,1.7347930943278744,4,0.0,SKIP,pause_mode
dynamic_plus_no_new_york_18,2023-12-14 15:30:00,2023-12-14,PAUSE,,False,True,151,0.9929437064376205,1.7347930943278744,4,0.0,SKIP,pause_mode
dynamic_plus_no_new_york_18,2023-12-18 18:00:00,2023-12-18,PAUSE,,True,True,151,0.9929437064376205,1.7347930943278744,4,0.0,SKIP,pause_mode
dynamic_plus_no_new_york_18,2023-12-19 18:30:00,2023-12-19,PAUSE,,True,True,151,0.9929437064376205,1.7347930943278744,4,0.0,SKIP,pause_mode
dynamic_plus_no_new_york_18,2023-12-20 14:00:00,2023-12-20,PAUSE,,True,True,151,0.9929437064376205,1.7347930943278744,4,0.0,SKIP,pause_mode
dynamic_plus_no_new_york_18,2023-12-21 13:00:00,2023-12-21,PAUSE,,True,False,151,0.9929437064376205,1.7347930943278744,4,0.0,SKIP,pause_mode
dynamic_plus_no_new_york_18,2023-12-21 14:00:00,2023-12-21,PAUSE,,True,True,151,0.9929437064376205,1.7347930943278744,4,0.0,SKIP,pause_mode
dynamic_plus_no_new_york_18,2023-12-26 10:30:00,2023-12-26,PAUSE,,True,False,151,0.9929437064376205,1.7347930943278744,4,0.0,SKIP,pause_mode
dynamic_plus_no_new_york_18,2023-12-27 18:45:00,2023-12-27,PAUSE,,True,True,151,0.9929437064376205,1.7347930943278744,4,0.0,SKIP,pause_mode
dynamic_plus_no_new_york_18,2024-01-02 10:00:00,2024-01-02,PAUSE,,True,True,151,0.9929437064376205,1.7347930943278744,4,0.0,SKIP,pause_mode
dynamic_plus_no_new_york_18,2024-01-08 13:00:00,2024-01-08,PAUSE,,True,True,151,0.9929437064376205,1.7347930943278744,4,0.0,SKIP,pause_mode
dynamic_plus_no_new_york_18,2024-01-12 15:45:00,2024-01-12,PAUSE,,True,True,151,0.9929437064376205,1.7347930943278744,4,0.0,SKIP,pause_mode
dynamic_plus_no_new_york_18,2024-01-12 19:00:00,2024-01-12,PAUSE,,True,True,151,0.9929437064376205,1.7347930943278744,4,0.0,SKIP,pause_mode
dynamic_plus_no_new_york_18,2024-01-16 14:45:00,2024-01-16,PAUSE,,True,True,151,0.9929437064376205,1.7347930943278744,4,0.0,SKIP,pause_mode
dynamic_plus_no_new_york_18,2024-01-17 14:00:00,2024-01-17,PAUSE,,True,True,151,0.9929437064376205,1.7347930943278744,4,0.0,SKIP,pause_mode
dynamic_plus_no_new_york_18,2024-01-19 19:45:00,2024-01-19,PAUSE,,True,False,151,0.9929437064376205,1.7347930943278744,4,0.0,SKIP,pause_mode
dynamic_plus_no_new_york_18,2024-01-22 10:00:00,2024-01-22,PAUSE,,True,True,151,0.9929437064376205,1.7347930943278744,4,0.0,SKIP,pause_mode
dynamic_plus_no_new_york_18,2024-01-22 14:00:00,2024-01-22,PAUSE,,True,True,151,0.9929437064376205,1.7347930943278744,4,0.0,SKIP,pause_mode
dynamic_plus_no_new_york_18,2024-01-23 14:30:00,2024-01-23,PAUSE,,True,True,151,0.9929437064376205,1.7347930943278744,4,0.0,SKIP,pause_mode
dynamic_plus_no_new_york_18,2024-01-23 21:00:00,2024-01-23,PAUSE,,True,True,151,0.9929437064376205,1.7347930943278744,4,0.0,SKIP,pause_mode
dynamic_plus_no_new_york_18,2024-01-24 10:30:00,2024-01-24,PAUSE,,True,True,151,0.9929437064376205,1.7347930943278744,4,0.0,SKIP,pause_mode
dynamic_plus_no_new_york_18,2024-01-24 13:30:00,2024-01-24,PAUSE,,True,True,151,0.9929437064376205,1.7347930943278744,4,0.0,SKIP,pause_mode
dynamic_plus_no_new_york_18,2024-01-26 15:30:00,2024-01-26,PAUSE,,True,False,151,0.9929437064376205,1.7347930943278744,4,0.0,SKIP,pause_mode
dynamic_plus_no_new_york_18,2024-01-29 13:00:00,2024-01-29,PAUSE,,True,False,151,0.9929437064376205,1.7347930943278744,4,0.0,SKIP,pause_mode
dynamic_plus_no_new_york_18,2024-01-30 10:00:00,2024-01-30,PAUSE,,True,True,151,0.9929437064376205,1.7347930943278744,4,0.0,SKIP,pause_mode
dynamic_plus_no_new_york_18,2024-01-31 10:00:00,2024-01-31,PAUSE,,True,True,151,0.9929437064376205,1.7347930943278744,4,0.0,SKIP,pause_mode
dynamic_plus_no_new_york_18,2024-01-31 19:30:00,2024-01-31,PAUSE,,True,True,151,0.9929437064376205,1.7347930943278744,4,0.0,SKIP,pause_mode
dynamic_plus_no_new_york_18,2024-02-01 15:00:00,2024-02-01,PAUSE,,True,False,151,0.9929437064376205,1.7347930943278744,4,0.0,SKIP,pause_mode
dynamic_plus_no_new_york_18,2024-02-01 18:15:00,2024-02-01,PAUSE,,True,True,151,0.9929437064376205,1.7347930943278744,4,0.0,SKIP,pause_mode
dynamic_plus_no_new_york_18,2024-02-05 15:00:00,2024-02-05,PAUSE,,True,True,151,0.9929437064376205,1.7347930943278744,4,0.0,SKIP,pause_mode
dynamic_plus_no_new_york_18,2024-02-06 10:15:00,2024-02-06,PAUSE,,True,True,151,0.9929437064376205,1.7347930943278744,4,0.0,SKIP,pause_mode
dynamic_plus_no_new_york_18,2024-02-07 15:15:00,2024-02-07,PAUSE,,True,True,151,0.9929437064376205,1.7347930943278744,4,0.0,SKIP,pause_mode
dynamic_plus_no_new_york_18,2024-02-14 14:00:00,2024-02-14,PAUSE,,True,True,151,0.9929437064376205,1.7347930943278744,4,0.0,SKIP,pause_mode
dynamic_plus_no_new_york_18,2024-02-14 15:15:00,2024-02-14,PAUSE,,True,True,151,0.9929437064376205,1.7347930943278744,4,0.0,SKIP,pause_mode
dynamic_plus_no_new_york_18,2024-02-15 13:30:00,2024-02-15,PAUSE,,True,False,151,0.9929437064376205,1.7347930943278744,4,0.0,SKIP,pause_mode
dynamic_plus_no_new_york_18,2024-02-15 19:15:00,2024-02-15,PAUSE,,True,False,151,0.9929437064376205,1.7347930943278744,4,0.0,SKIP,pause_mode
dynamic_plus_no_new_york_18,2024-02-20 14:45:00,2024-02-20,PAUSE,,True,True,151,0.9929437064376205,1.7347930943278744,4,0.0,SKIP,pause_mode
dynamic_plus_no_new_york_18,2024-02-21 13:30:00,2024-02-21,PAUSE,,True,True,151,0.9929437064376205,1.7347930943278744,4,0.0,SKIP,pause_mode
dynamic_plus_no_new_york_18,2024-02-23 13:45:00,2024-02-23,PAUSE,,True,True,151,0.9929437064376205,1.7347930943278744,4,0.0,SKIP,pause_mode
dynamic_plus_no_new_york_18,2024-02-23 21:30:00,2024-02-23,PAUSE,,True,True,151,0.9929437064376205,1.7347930943278744,4,0.0,SKIP,pause_mode
dynamic_plus_no_new_york_18,2024-02-26 10:00:00,2024-02-26,PAUSE,,True,True,151,0.9929437064376205,1.7347930943278744,4,0.0,SKIP,pause_mode
dynamic_plus_no_new_york_18,2024-02-27 10:30:00,2024-02-27,PAUSE,,True,True,151,0.9929437064376205,1.7347930943278744,4,0.0,SKIP,pause_mode
dynamic_plus_no_new_york_18,2024-02-27 14:15:00,2024-02-27,PAUSE,,True,True,151,0.9929437064376205,1.7347930943278744,4,0.0,SKIP,pause_mode
dynamic_plus_no_new_york_18,2024-02-28 14:45:00,2024-02-28,PAUSE,,True,True,151,0.9929437064376205,1.7347930943278744,4,0.0,SKIP,pause_mode
dynamic_plus_no_new_york_18,2024-03-01 13:15:00,2024-03-01,PAUSE,,True,True,151,0.9929437064376205,1.7347930943278744,4,0.0,SKIP,pause_mode
dynamic_plus_no_new_york_18,2024-03-01 15:00:00,2024-03-01,PAUSE,,True,True,151,0.9929437064376205,1.7347930943278744,4,0.0,SKIP,pause_mode
dynamic_plus_no_new_york_18,2024-03-04 10:00:00,2024-03-04,PAUSE,,True,True,151,0.9929437064376205,1.7347930943278744,4,0.0,SKIP,pause_mode
dynamic_plus_no_new_york_18,2024-03-05 14:00:00,2024-03-05,PAUSE,,True,True,151,0.9929437064376205,1.7347930943278744,4,0.0,SKIP,pause_mode
dynamic_plus_no_new_york_18,2024-03-05 18:00:00,2024-03-05,PAUSE,,True,True,151,0.9929437064376205,1.7347930943278744,4,0.0,SKIP,pause_mode
dynamic_plus_no_new_york_18,2024-03-06 10:15:00,2024-03-06,PAUSE,,True,True,151,0.9929437064376205,1.7347930943278744,4,0.0,SKIP,pause_mode
dynamic_plus_no_new_york_18,2024-03-06 19:45:00,2024-03-06,PAUSE,,True,True,151,0.9929437064376205,1.7347930943278744,4,0.0,SKIP,pause_mode
dynamic_plus_no_new_york_18,2024-03-07 13:00:00,2024-03-07,PAUSE,,True,True,151,0.9929437064376205,1.7347930943278744,4,0.0,SKIP,pause_mode
dynamic_plus_no_new_york_18,2024-03-08 13:30:00,2024-03-08,PAUSE,,True,True,151,0.9929437064376205,1.7347930943278744,4,0.0,SKIP,pause_mode
dynamic_plus_no_new_york_18,2024-03-08 14:15:00,2024-03-08,PAUSE,,True,True,151,0.9929437064376205,1.7347930943278744,4,0.0,SKIP,pause_mode
dynamic_plus_no_new_york_18,2024-03-15 10:30:00,2024-03-15,PAUSE,,True,True,151,0.9929437064376205,1.7347930943278744,4,0.0,SKIP,pause_mode
dynamic_plus_no_new_york_18,2024-03-18 14:15:00,2024-03-18,PAUSE,,True,True,151,0.9929437064376205,1.7347930943278744,4,0.0,SKIP,pause_mode
dynamic_plus_no_new_york_18,2024-03-19 10:45:00,2024-03-19,PAUSE,,True,True,151,0.9929437064376205,1.7347930943278744,4,0.0,SKIP,pause_mode
dynamic_plus_no_new_york_18,2024-03-19 14:00:00,2024-03-19,PAUSE,,True,True,151,0.9929437064376205,1.7347930943278744,4,0.0,SKIP,pause_mode
dynamic_plus_no_new_york_18,2024-03-20 13:15:00,2024-03-20,PAUSE,,True,True,151,0.9929437064376205,1.7347930943278744,4,0.0,SKIP,pause_mode
dynamic_plus_no_new_york_18,2024-03-20 14:30:00,2024-03-20,PAUSE,,True,True,151,0.9929437064376205,1.7347930943278744,4,0.0,SKIP,pause_mode
dynamic_plus_no_new_york_18,2024-03-25 13:15:00,2024-03-25,PAUSE,,True,False,151,0.9929437064376205,1.7347930943278744,4,0.0,SKIP,pause_mode
dynamic_plus_no_new_york_18,2024-03-25 15:15:00,2024-03-25,PAUSE,,True,True,151,0.9929437064376205,1.7347930943278744,4,0.0,SKIP,pause_mode
dynamic_plus_no_new_york_18,2024-03-27 13:30:00,2024-03-27,PAUSE,,True,False,151,0.9929437064376205,1.7347930943278744,4,0.0,SKIP,pause_mode
dynamic_plus_no_new_york_18,2024-03-28 13:30:00,2024-03-28,PAUSE,,True,True,151,0.9929437064376205,1.7347930943278744,4,0.0,SKIP,pause_mode
dynamic_plus_no_new_york_18,2024-04-02 10:15:00,2024-04-02,PAUSE,,True,True,151,0.9929437064376205,1.7347930943278744,4,0.0,SKIP,pause_mode
dynamic_plus_no_new_york_18,2024-04-02 13:00:00,2024-04-02,PAUSE,,True,False,151,0.9929437064376205,1.7347930943278744,4,0.0,SKIP,pause_mode
dynamic_plus_no_new_york_18,2024-04-03 14:00:00,2024-04-03,PAUSE,,True,True,151,0.9929437064376205,1.7347930943278744,4,0.0,SKIP,pause_mode
dynamic_plus_no_new_york_18,2024-04-04 19:00:00,2024-04-04,PAUSE,,True,True,151,0.9929437064376205,1.7347930943278744,4,0.0,SKIP,pause_mode
dynamic_plus_no_new_york_18,2024-04-05 13:30:00,2024-04-05,PAUSE,,True,False,151,0.9929437064376205,1.7347930943278744,4,0.0,SKIP,pause_mode
dynamic_plus_no_new_york_18,2024-04-08 10:15:00,2024-04-08,PAUSE,,True,True,151,0.9929437064376205,1.7347930943278744,4,0.0,SKIP,pause_mode
dynamic_plus_no_new_york_18,2024-04-08 19:00:00,2024-04-08,PAUSE,,True,True,151,0.9929437064376205,1.7347930943278744,4,0.0,SKIP,pause_mode
dynamic_plus_no_new_york_18,2024-04-09 13:30:00,2024-04-09,PAUSE,,True,True,151,0.9929437064376205,1.7347930943278744,4,0.0,SKIP,pause_mode
dynamic_plus_no_new_york_18,2024-04-09 22:00:00,2024-04-09,PAUSE,,True,True,151,0.9929437064376205,1.7347930943278744,4,0.0,SKIP,pause_mode
dynamic_plus_no_new_york_18,2024-04-11 14:00:00,2024-04-11,PAUSE,,True,True,151,0.9929437064376205,1.7347930943278744,4,0.0,SKIP,pause_mode
dynamic_plus_no_new_york_18,2024-04-12 13:00:00,2024-04-12,PAUSE,,True,True,151,0.9929437064376205,1.7347930943278744,4,0.0,SKIP,pause_mode
dynamic_plus_no_new_york_18,2024-04-16 15:15:00,2024-04-16,PAUSE,,True,False,151,0.9929437064376205,1.7347930943278744,4,0.0,SKIP,pause_mode
dynamic_plus_no_new_york_18,2024-04-18 15:15:00,2024-04-18,PAUSE,,True,False,151,0.9929437064376205,1.7347930943278744,4,0.0,SKIP,pause_mode
dynamic_plus_no_new_york_18,2024-04-19 14:15:00,2024-04-19,PAUSE,,True,True,151,0.9929437064376205,1.7347930943278744,4,0.0,SKIP,pause_mode
dynamic_plus_no_new_york_18,2024-04-23 10:30:00,2024-04-23,PAUSE,,True,True,151,0.9929437064376205,1.7347930943278744,4,0.0,SKIP,pause_mode
dynamic_plus_no_new_york_18,2024-04-24 10:00:00,2024-04-24,PAUSE,,True,True,151,0.9929437064376205,1.7347930943278744,4,0.0,SKIP,pause_mode
dynamic_plus_no_new_york_18,2024-04-26 13:00:00,2024-04-26,PAUSE,,True,True,151,0.9929437064376205,1.7347930943278744,4,0.0,SKIP,pause_mode
dynamic_plus_no_new_york_18,2024-04-30 13:45:00,2024-04-30,PAUSE,,True,True,151,0.9929437064376205,1.7347930943278744,4,0.0,SKIP,pause_mode
dynamic_plus_no_new_york_18,2024-05-02 14:15:00,2024-05-02,PAUSE,,True,True,151,0.9929437064376205,1.7347930943278744,4,0.0,SKIP,pause_mode
dynamic_plus_no_new_york_18,2024-05-06 14:15:00,2024-05-06,PAUSE,,True,True,151,0.9929437064376205,1.7347930943278744,4,0.0,SKIP,pause_mode
dynamic_plus_no_new_york_18,2024-05-10 14:30:00,2024-05-10,PAUSE,,True,False,151,0.9929437064376205,1.7347930943278744,4,0.0,SKIP,pause_mode
dynamic_plus_no_new_york_18,2024-05-10 18:00:00,2024-05-10,PAUSE,,True,True,151,0.9929437064376205,1.7347930943278744,4,0.0,SKIP,pause_mode
dynamic_plus_no_new_york_18,2024-05-14 10:15:00,2024-05-14,PAUSE,,True,True,151,0.9929437064376205,1.7347930943278744,4,0.0,SKIP,pause_mode
dynamic_plus_no_new_york_18,2024-05-14 15:00:00,2024-05-14,PAUSE,,True,False,151,0.9929437064376205,1.7347930943278744,4,0.0,SKIP,pause_mode
dynamic_plus_no_new_york_18,2024-05-15 14:15:00,2024-05-15,PAUSE,,True,True,151,0.9929437064376205,1.7347930943278744,4,0.0,SKIP,pause_mode
dynamic_plus_no_new_york_18,2024-05-17 10:00:00,2024-05-17,PAUSE,,True,True,151,0.9929437064376205,1.7347930943278744,4,0.0,SKIP,pause_mode
dynamic_plus_no_new_york_18,2024-05-20 10:00:00,2024-05-20,PAUSE,,True,True,151,0.9929437064376205,1.7347930943278744,4,0.0,SKIP,pause_mode
dynamic_plus_no_new_york_18,2024-05-20 19:00:00,2024-05-20,PAUSE,,True,True,151,0.9929437064376205,1.7347930943278744,4,0.0,SKIP,pause_mode
dynamic_plus_no_new_york_18,2024-05-21 13:00:00,2024-05-21,PAUSE,,True,True,151,0.9929437064376205,1.7347930943278744,4,0.0,SKIP,pause_mode
dynamic_plus_no_new_york_18,2024-05-22 14:00:00,2024-05-22,PAUSE,,True,False,151,0.9929437064376205,1.7347930943278744,4,0.0,SKIP,pause_mode
dynamic_plus_no_new_york_18,2024-05-23 14:00:00,2024-05-23,PAUSE,,True,True,151,0.9929437064376205,1.7347930943278744,4,0.0,SKIP,pause_mode
dynamic_plus_no_new_york_18,2024-05-28 10:00:00,2024-05-28,PAUSE,,True,True,151,0.9929437064376205,1.7347930943278744,4,0.0,SKIP,pause_mode
dynamic_plus_no_new_york_18,2024-05-28 14:15:00,2024-05-28,PAUSE,,True,False,151,0.9929437064376205,1.7347930943278744,4,0.0,SKIP,pause_mode
dynamic_plus_no_new_york_18,2024-05-29 13:15:00,2024-05-29,PAUSE,,True,True,151,0.9929437064376205,1.7347930943278744,4,0.0,SKIP,pause_mode
dynamic_plus_no_new_york_18,2024-05-30 14:45:00,2024-05-30,PAUSE,,True,False,151,0.9929437064376205,1.7347930943278744,4,0.0,SKIP,pause_mode
dynamic_plus_no_new_york_18,2024-06-04 14:00:00,2024-06-04,PAUSE,,True,True,151,0.9929437064376205,1.7347930943278744,4,0.0,SKIP,pause_mode
dynamic_plus_no_new_york_18,2024-06-06 14:45:00,2024-06-06,PAUSE,,True,True,151,0.9929437064376205,1.7347930943278744,4,0.0,SKIP,pause_mode
dynamic_plus_no_new_york_18,2024-06-06 18:00:00,2024-06-06,PAUSE,,True,True,151,0.9929437064376205,1.7347930943278744,4,0.0,SKIP,pause_mode
dynamic_plus_no_new_york_18,2024-06-11 18:45:00,2024-06-11,PAUSE,,True,False,151,0.9929437064376205,1.7347930943278744,4,0.0,SKIP,pause_mode
dynamic_plus_no_new_york_18,2024-06-13 14:00:00,2024-06-13,PAUSE,,True,True,151,0.9929437064376205,1.7347930943278744,4,0.0,SKIP,pause_mode
dynamic_plus_no_new_york_18,2024-06-14 13:30:00,2024-06-14,PAUSE,,True,True,151,0.9929437064376205,1.7347930943278744,4,0.0,SKIP,pause_mode
dynamic_plus_no_new_york_18,2024-06-17 13:30:00,2024-06-17,PAUSE,,True,False,151,0.9929437064376205,1.7347930943278744,4,0.0,SKIP,pause_mode
dynamic_plus_no_new_york_18,2024-06-17 15:15:00,2024-06-17,PAUSE,,True,False,151,0.9929437064376205,1.7347930943278744,4,0.0,SKIP,pause_mode
dynamic_plus_no_new_york_18,2024-06-18 18:00:00,2024-06-18,PAUSE,,True,True,151,0.9929437064376205,1.7347930943278744,4,0.0,SKIP,pause_mode
dynamic_plus_no_new_york_18,2024-06-20 10:30:00,2024-06-20,PAUSE,,True,True,151,0.9929437064376205,1.7347930943278744,4,0.0,SKIP,pause_mode
dynamic_plus_no_new_york_18,2024-06-20 13:00:00,2024-06-20,PAUSE,,True,True,151,0.9929437064376205,1.7347930943278744,4,0.0,SKIP,pause_mode
dynamic_plus_no_new_york_18,2024-06-21 10:45:00,2024-06-21,PAUSE,,True,True,151,0.9929437064376205,1.7347930943278744,4,0.0,SKIP,pause_mode
dynamic_plus_no_new_york_18,2024-06-24 10:15:00,2024-06-24,PAUSE,,True,True,151,0.9929437064376205,1.7347930943278744,4,0.0,SKIP,pause_mode
dynamic_plus_no_new_york_18,2024-06-25 13:45:00,2024-06-25,PAUSE,,True,True,151,0.9929437064376205,1.7347930943278744,4,0.0,SKIP,pause_mode
dynamic_plus_no_new_york_18,2024-06-26 10:00:00,2024-06-26,PAUSE,,True,True,151,0.9929437064376205,1.7347930943278744,4,0.0,SKIP,pause_mode
dynamic_plus_no_new_york_18,2024-06-27 18:45:00,2024-06-27,PAUSE,,True,True,151,0.9929437064376205,1.7347930943278744,4,0.0,SKIP,pause_mode
dynamic_plus_no_new_york_18,2024-06-28 14:00:00,2024-06-28,PAUSE,,True,True,151,0.9929437064376205,1.7347930943278744,4,0.0,SKIP,pause_mode
dynamic_plus_no_new_york_18,2024-07-03 18:00:00,2024-07-03,PAUSE,,True,True,151,0.9929437064376205,1.7347930943278744,4,0.0,SKIP,pause_mode
dynamic_plus_no_new_york_18,2024-07-04 10:15:00,2024-07-04,PAUSE,,True,False,151,0.9929437064376205,1.7347930943278744,4,0.0,SKIP,pause_mode
dynamic_plus_no_new_york_18,2024-07-05 10:45:00,2024-07-05,PAUSE,,True,True,151,0.9929437064376205,1.7347930943278744,4,0.0,SKIP,pause_mode
dynamic_plus_no_new_york_18,2024-07-10 15:15:00,2024-07-10,PAUSE,,True,True,151,0.9929437064376205,1.7347930943278744,4,0.0,SKIP,pause_mode
dynamic_plus_no_new_york_18,2024-07-11 10:15:00,2024-07-11,PAUSE,,True,True,151,0.9929437064376205,1.7347930943278744,4,0.0,SKIP,pause_mode
dynamic_plus_no_new_york_18,2024-07-12 19:15:00,2024-07-12,PAUSE,,True,True,151,0.9929437064376205,1.7347930943278744,4,0.0,SKIP,pause_mode
dynamic_plus_no_new_york_18,2024-07-15 10:00:00,2024-07-15,PAUSE,,True,False,151,0.9929437064376205,1.7347930943278744,4,0.0,SKIP,pause_mode
dynamic_plus_no_new_york_18,2024-07-15 13:30:00,2024-07-15,PAUSE,,True,False,151,0.9929437064376205,1.7347930943278744,4,0.0,SKIP,pause_mode
dynamic_plus_no_new_york_18,2024-07-16 13:15:00,2024-07-16,PAUSE,,True,False,151,0.9929437064376205,1.7347930943278744,4,0.0,SKIP,pause_mode
dynamic_plus_no_new_york_18,2024-07-17 10:00:00,2024-07-17,PAUSE,,True,True,151,0.9929437064376205,1.7347930943278744,4,0.0,SKIP,pause_mode
dynamic_plus_no_new_york_18,2024-07-17 13:30:00,2024-07-17,PAUSE,,True,True,151,0.9929437064376205,1.7347930943278744,4,0.0,SKIP,pause_mode
dynamic_plus_no_new_york_18,2024-07-19 15:15:00,2024-07-19,PAUSE,,True,True,151,0.9929437064376205,1.7347930943278744,4,0.0,SKIP,pause_mode
dynamic_plus_no_new_york_18,2024-07-22 13:00:00,2024-07-22,PAUSE,,True,True,151,0.9929437064376205,1.7347930943278744,4,0.0,SKIP,pause_mode
dynamic_plus_no_new_york_18,2024-07-23 19:00:00,2024-07-23,PAUSE,,True,False,151,0.9929437064376205,1.7347930943278744,4,0.0,SKIP,pause_mode
dynamic_plus_no_new_york_18,2024-07-24 10:15:00,2024-07-24,PAUSE,,True,False,151,0.9929437064376205,1.7347930943278744,4,0.0,SKIP,pause_mode
dynamic_plus_no_new_york_18,2024-07-24 13:00:00,2024-07-24,PAUSE,,True,True,151,0.9929437064376205,1.7347930943278744,4,0.0,SKIP,pause_mode
dynamic_plus_no_new_york_18,2024-07-24 15:30:00,2024-07-24,PAUSE,,False,True,151,0.9929437064376205,1.7347930943278744,4,0.0,SKIP,pause_mode
dynamic_plus_no_new_york_18,2024-07-25 13:30:00,2024-07-25,PAUSE,,True,True,151,0.9929437064376205,1.7347930943278744,4,0.0,SKIP,pause_mode
dynamic_plus_no_new_york_18,2024-07-26 14:45:00,2024-07-26,PAUSE,,True,False,151,0.9929437064376205,1.7347930943278744,4,0.0,SKIP,pause_mode
dynamic_plus_no_new_york_18,2024-07-31 10:15:00,2024-07-31,PAUSE,,True,True,151,0.9929437064376205,1.7347930943278744,4,0.0,SKIP,pause_mode
dynamic_plus_no_new_york_18,2024-07-31 14:15:00,2024-07-31,PAUSE,,True,True,151,0.9929437064376205,1.7347930943278744,4,0.0,SKIP,pause_mode
dynamic_plus_no_new_york_18,2024-08-01 14:45:00,2024-08-01,PAUSE,,True,True,151,0.9929437064376205,1.7347930943278744,4,0.0,SKIP,pause_mode
dynamic_plus_no_new_york_18,2024-08-01 22:00:00,2024-08-01,PAUSE,,True,True,151,0.9929437064376205,1.7347930943278744,4,0.0,SKIP,pause_mode
dynamic_plus_no_new_york_18,2024-08-02 13:15:00,2024-08-02,PAUSE,,True,True,151,0.9929437064376205,1.7347930943278744,4,0.0,SKIP,pause_mode
dynamic_plus_no_new_york_18,2024-08-05 14:45:00,2024-08-05,PAUSE,,True,True,151,0.9929437064376205,1.7347930943278744,4,0.0,SKIP,pause_mode
dynamic_plus_no_new_york_18,2024-08-08 13:00:00,2024-08-08,PAUSE,,True,True,151,0.9929437064376205,1.7347930943278744,4,0.0,SKIP,pause_mode
dynamic_plus_no_new_york_18,2024-08-08 15:00:00,2024-08-08,PAUSE,,True,True,151,0.9929437064376205,1.7347930943278744,4,0.0,SKIP,pause_mode
dynamic_plus_no_new_york_18,2024-08-09 13:00:00,2024-08-09,PAUSE,,True,True,151,0.9929437064376205,1.7347930943278744,4,0.0,SKIP,pause_mode
dynamic_plus_no_new_york_18,2024-08-09 14:00:00,2024-08-09,PAUSE,,True,True,151,0.9929437064376205,1.7347930943278744,4,0.0,SKIP,pause_mode
dynamic_plus_no_new_york_18,2024-08-13 14:30:00,2024-08-13,PAUSE,,True,True,151,0.9929437064376205,1.7347930943278744,4,0.0,SKIP,pause_mode
dynamic_plus_no_new_york_18,2024-08-19 14:45:00,2024-08-19,PAUSE,,True,True,151,0.9929437064376205,1.7347930943278744,4,0.0,SKIP,pause_mode
dynamic_plus_no_new_york_18,2024-08-20 14:30:00,2024-08-20,PAUSE,,True,True,151,0.9929437064376205,1.7347930943278744,4,0.0,SKIP,pause_mode
dynamic_plus_no_new_york_18,2024-08-20 22:15:00,2024-08-20,PAUSE,,True,True,151,0.9929437064376205,1.7347930943278744,4,0.0,SKIP,pause_mode
dynamic_plus_no_new_york_18,2024-08-21 19:00:00,2024-08-21,PAUSE,,True,True,151,0.9929437064376205,1.7347930943278744,4,0.0,SKIP,pause_mode
dynamic_plus_no_new_york_18,2024-08-23 10:15:00,2024-08-23,PAUSE,,True,True,151,0.9929437064376205,1.7347930943278744,4,0.0,SKIP,pause_mode
dynamic_plus_no_new_york_18,2024-08-23 14:00:00,2024-08-23,PAUSE,,True,True,151,0.9929437064376205,1.7347930943278744,4,0.0,SKIP,pause_mode
dynamic_plus_no_new_york_18,2024-08-26 13:00:00,2024-08-26,PAUSE,,True,False,151,0.9929437064376205,1.7347930943278744,4,0.0,SKIP,pause_mode
dynamic_plus_no_new_york_18,2024-08-26 19:00:00,2024-08-26,PAUSE,,True,True,151,0.9929437064376205,1.7347930943278744,4,0.0,SKIP,pause_mode
dynamic_plus_no_new_york_18,2024-08-28 13:30:00,2024-08-28,PAUSE,,True,True,151,0.9929437064376205,1.7347930943278744,4,0.0,SKIP,pause_mode
dynamic_plus_no_new_york_18,2024-08-29 13:45:00,2024-08-29,PAUSE,,True,False,151,0.9929437064376205,1.7347930943278744,4,0.0,SKIP,pause_mode
dynamic_plus_no_new_york_18,2024-09-03 13:00:00,2024-09-03,PAUSE,,True,True,151,0.9929437064376205,1.7347930943278744,4,0.0,SKIP,pause_mode
dynamic_plus_no_new_york_18,2024-09-03 15:30:00,2024-09-03,PAUSE,,True,True,151,0.9929437064376205,1.7347930943278744,4,0.0,SKIP,pause_mode
dynamic_plus_no_new_york_18,2024-09-04 10:00:00,2024-09-04,PAUSE,,True,True,151,0.9929437064376205,1.7347930943278744,4,0.0,SKIP,pause_mode
dynamic_plus_no_new_york_18,2024-09-05 13:15:00,2024-09-05,PAUSE,,True,True,151,0.9929437064376205,1.7347930943278744,4,0.0,SKIP,pause_mode
dynamic_plus_no_new_york_18,2024-09-05 14:15:00,2024-09-05,PAUSE,,True,True,151,0.9929437064376205,1.7347930943278744,4,0.0,SKIP,pause_mode
dynamic_plus_no_new_york_18,2024-09-10 10:45:00,2024-09-10,PAUSE,,True,False,151,0.9929437064376205,1.7347930943278744,4,0.0,SKIP,pause_mode
dynamic_plus_no_new_york_18,2024-09-10 15:00:00,2024-09-10,PAUSE,,True,False,151,0.9929437064376205,1.7347930943278744,4,0.0,SKIP,pause_mode
dynamic_plus_no_new_york_18,2024-09-11 14:45:00,2024-09-11,PAUSE,,True,True,151,0.9929437064376205,1.7347930943278744,4,0.0,SKIP,pause_mode
dynamic_plus_no_new_york_18,2024-09-12 10:15:00,2024-09-12,PAUSE,,True,True,151,0.9929437064376205,1.7347930943278744,4,0.0,SKIP,pause_mode
dynamic_plus_no_new_york_18,2024-09-13 15:15:00,2024-09-13,PAUSE,,True,True,151,0.9929437064376205,1.7347930943278744,4,0.0,SKIP,pause_mode
dynamic_plus_no_new_york_18,2024-09-16 13:45:00,2024-09-16,PAUSE,,True,True,151,0.9929437064376205,1.7347930943278744,4,0.0,SKIP,pause_mode
dynamic_plus_no_new_york_18,2024-09-18 18:30:00,2024-09-18,PAUSE,,True,True,151,0.9929437064376205,1.7347930943278744,4,0.0,SKIP,pause_mode
dynamic_plus_no_new_york_18,2024-09-19 14:30:00,2024-09-19,PAUSE,,True,True,151,0.9929437064376205,1.7347930943278744,4,0.0,SKIP,pause_mode
dynamic_plus_no_new_york_18,2024-09-20 14:15:00,2024-09-20,PAUSE,,True,True,151,0.9929437064376205,1.7347930943278744,4,0.0,SKIP,pause_mode
dynamic_plus_no_new_york_18,2024-09-23 10:00:00,2024-09-23,PAUSE,,True,False,151,0.9929437064376205,1.7347930943278744,4,0.0,SKIP,pause_mode
dynamic_plus_no_new_york_18,2024-09-23 15:30:00,2024-09-23,PAUSE,,True,True,151,0.9929437064376205,1.7347930943278744,4,0.0,SKIP,pause_mode
dynamic_plus_no_new_york_18,2024-09-24 13:00:00,2024-09-24,PAUSE,,True,True,151,0.9929437064376205,1.7347930943278744,4,0.0,SKIP,pause_mode
dynamic_plus_no_new_york_18,2024-09-25 14:00:00,2024-09-25,PAUSE,,True,True,151,0.9929437064376205,1.7347930943278744,4,0.0,SKIP,pause_mode
dynamic_plus_no_new_york_18,2024-09-25 19:15:00,2024-09-25,PAUSE,,True,True,151,0.9929437064376205,1.7347930943278744,4,0.0,SKIP,pause_mode
dynamic_plus_no_new_york_18,2024-09-26 15:15:00,2024-09-26,PAUSE,,True,False,151,0.9929437064376205,1.7347930943278744,4,0.0,SKIP,pause_mode
dynamic_plus_no_new_york_18,2024-10-01 13:00:00,2024-10-01,PAUSE,,True,True,151,0.9929437064376205,1.7347930943278744,4,0.0,SKIP,pause_mode
dynamic_plus_no_new_york_18,2024-10-01 15:30:00,2024-10-01,PAUSE,,True,True,151,0.9929437064376205,1.7347930943278744,4,0.0,SKIP,pause_mode
dynamic_plus_no_new_york_18,2024-10-11 10:45:00,2024-10-11,PAUSE,,True,True,151,0.9929437064376205,1.7347930943278744,4,0.0,SKIP,pause_mode
dynamic_plus_no_new_york_18,2024-10-11 19:45:00,2024-10-11,PAUSE,,True,True,151,0.9929437064376205,1.7347930943278744,4,0.0,SKIP,pause_mode
dynamic_plus_no_new_york_18,2024-10-14 10:30:00,2024-10-14,PAUSE,,True,False,151,0.9929437064376205,1.7347930943278744,4,0.0,SKIP,pause_mode
dynamic_plus_no_new_york_18,2024-10-15 10:45:00,2024-10-15,PAUSE,,True,False,151,0.9929437064376205,1.7347930943278744,4,0.0,SKIP,pause_mode
dynamic_plus_no_new_york_18,2024-10-15 14:15:00,2024-10-15,PAUSE,,True,True,151,0.9929437064376205,1.7347930943278744,4,0.0,SKIP,pause_mode
dynamic_plus_no_new_york_18,2024-10-16 14:15:00,2024-10-16,PAUSE,,True,True,151,0.9929437064376205,1.7347930943278744,4,0.0,SKIP,pause_mode
dynamic_plus_no_new_york_18,2024-10-16 19:45:00,2024-10-16,PAUSE,,True,True,151,0.9929437064376205,1.7347930943278744,4,0.0,SKIP,pause_mode
dynamic_plus_no_new_york_18,2024-10-17 13:00:00,2024-10-17,PAUSE,,True,False,151,0.9929437064376205,1.7347930943278744,4,0.0,SKIP,pause_mode
dynamic_plus_no_new_york_18,2024-10-18 13:30:00,2024-10-18,PAUSE,,True,True,151,0.9929437064376205,1.7347930943278744,4,0.0,SKIP,pause_mode
dynamic_plus_no_new_york_18,2024-10-21 10:45:00,2024-10-21,PAUSE,,True,True,151,0.9929437064376205,1.7347930943278744,4,0.0,SKIP,pause_mode
dynamic_plus_no_new_york_18,2024-10-22 10:00:00,2024-10-22,PAUSE,,True,True,151,0.9929437064376205,1.7347930943278744,4,0.0,SKIP,pause_mode
dynamic_plus_no_new_york_18,2024-10-22 13:00:00,2024-10-22,PAUSE,,True,True,151,0.9929437064376205,1.7347930943278744,4,0.0,SKIP,pause_mode
dynamic_plus_no_new_york_18,2024-10-24 13:30:00,2024-10-24,PAUSE,,True,True,151,0.9929437064376205,1.7347930943278744,4,0.0,SKIP,pause_mode
dynamic_plus_no_new_york_18,2024-10-28 15:45:00,2024-10-28,PAUSE,,True,False,151,0.9929437064376205,1.7347930943278744,4,0.0,SKIP,pause_mode
dynamic_plus_no_new_york_18,2024-10-29 13:00:00,2024-10-29,PAUSE,,True,True,151,0.9929437064376205,1.7347930943278744,4,0.0,SKIP,pause_mode
dynamic_plus_no_new_york_18,2024-10-30 13:00:00,2024-10-30,PAUSE,,True,True,151,0.9929437064376205,1.7347930943278744,4,0.0,SKIP,pause_mode
dynamic_plus_no_new_york_18,2024-11-06 10:00:00,2024-11-06,PAUSE,,True,True,151,0.9929437064376205,1.7347930943278744,4,0.0,SKIP,pause_mode
dynamic_plus_no_new_york_18,2024-11-08 10:00:00,2024-11-08,PAUSE,,True,True,151,0.9929437064376205,1.7347930943278744,4,0.0,SKIP,pause_mode
dynamic_plus_no_new_york_18,2024-11-08 15:45:00,2024-11-08,PAUSE,,True,True,151,0.9929437064376205,1.7347930943278744,4,0.0,SKIP,pause_mode
dynamic_plus_no_new_york_18,2024-11-12 15:15:00,2024-11-12,PAUSE,,True,True,151,0.9929437064376205,1.7347930943278744,4,0.0,SKIP,pause_mode
dynamic_plus_no_new_york_18,2024-11-13 15:45:00,2024-11-13,PAUSE,,True,True,151,0.9929437064376205,1.7347930943278744,4,0.0,SKIP,pause_mode
dynamic_plus_no_new_york_18,2024-11-18 18:45:00,2024-11-18,PAUSE,,True,False,151,0.9929437064376205,1.7347930943278744,4,0.0,SKIP,pause_mode
dynamic_plus_no_new_york_18,2024-11-19 13:30:00,2024-11-19,PAUSE,,True,True,151,0.9929437064376205,1.7347930943278744,4,0.0,SKIP,pause_mode
dynamic_plus_no_new_york_18,2024-11-19 18:45:00,2024-11-19,PAUSE,,True,True,151,0.9929437064376205,1.7347930943278744,4,0.0,SKIP,pause_mode
dynamic_plus_no_new_york_18,2024-11-21 18:00:00,2024-11-21,PAUSE,,True,True,151,0.9929437064376205,1.7347930943278744,4,0.0,SKIP,pause_mode
dynamic_plus_no_new_york_18,2024-11-22 21:00:00,2024-11-22,PAUSE,,True,True,151,0.9929437064376205,1.7347930943278744,4,0.0,SKIP,pause_mode
dynamic_plus_no_new_york_18,2024-11-26 14:30:00,2024-11-26,PAUSE,,True,True,151,0.9929437064376205,1.7347930943278744,4,0.0,SKIP,pause_mode
dynamic_plus_no_new_york_18,2024-11-27 13:30:00,2024-11-27,PAUSE,,True,True,151,0.9929437064376205,1.7347930943278744,4,0.0,SKIP,pause_mode
dynamic_plus_no_new_york_18,2024-11-28 13:00:00,2024-11-28,PAUSE,,True,True,151,0.9929437064376205,1.7347930943278744,4,0.0,SKIP,pause_mode
dynamic_plus_no_new_york_18,2024-11-29 10:30:00,2024-11-29,PAUSE,,True,True,151,0.9929437064376205,1.7347930943278744,4,0.0,SKIP,pause_mode
dynamic_plus_no_new_york_18,2024-12-04 10:00:00,2024-12-04,PAUSE,,True,False,151,0.9929437064376205,1.7347930943278744,4,0.0,SKIP,pause_mode
dynamic_plus_no_new_york_18,2024-12-10 13:15:00,2024-12-10,PAUSE,,True,True,151,0.9929437064376205,1.7347930943278744,4,0.0,SKIP,pause_mode
dynamic_plus_no_new_york_18,2024-12-11 10:45:00,2024-12-11,PAUSE,,True,False,151,0.9929437064376205,1.7347930943278744,4,0.0,SKIP,pause_mode
dynamic_plus_no_new_york_18,2024-12-17 13:45:00,2024-12-17,PAUSE,,True,True,151,0.9929437064376205,1.7347930943278744,4,0.0,SKIP,pause_mode
dynamic_plus_no_new_york_18,2024-12-17 15:30:00,2024-12-17,PAUSE,,True,True,151,0.9929437064376205,1.7347930943278744,4,0.0,SKIP,pause_mode
dynamic_plus_no_new_york_18,2024-12-23 13:30:00,2024-12-23,PAUSE,,True,True,151,0.9929437064376205,1.7347930943278744,4,0.0,SKIP,pause_mode
dynamic_plus_no_new_york_18,2024-12-24 10:45:00,2024-12-24,PAUSE,,True,False,151,0.9929437064376205,1.7347930943278744,4,0.0,SKIP,pause_mode
dynamic_plus_no_new_york_18,2024-12-26 13:15:00,2024-12-26,PAUSE,,True,False,151,0.9929437064376205,1.7347930943278744,4,0.0,SKIP,pause_mode
dynamic_plus_no_new_york_18,2024-12-26 14:45:00,2024-12-26,PAUSE,,True,False,151,0.9929437064376205,1.7347930943278744,4,0.0,SKIP,pause_mode
dynamic_plus_no_new_york_18,2024-12-26 18:00:00,2024-12-26,PAUSE,,False,True,151,0.9929437064376205,1.7347930943278744,4,0.0,SKIP,pause_mode
dynamic_plus_no_new_york_18,2024-12-30 13:30:00,2024-12-30,PAUSE,,True,True,151,0.9929437064376205,1.7347930943278744,4,0.0,SKIP,pause_mode
dynamic_plus_no_new_york_18,2024-12-31 19:30:00,2024-12-31,PAUSE,,True,True,151,0.9929437064376205,1.7347930943278744,4,0.0,SKIP,pause_mode
dynamic_plus_no_new_york_18,2025-01-02 10:00:00,2025-01-02,PAUSE,,True,True,151,0.9929437064376205,1.7347930943278744,4,0.0,SKIP,pause_mode
dynamic_plus_no_new_york_18,2025-01-02 14:00:00,2025-01-02,PAUSE,,True,True,151,0.9929437064376205,1.7347930943278744,4,0.0,SKIP,pause_mode
dynamic_plus_no_new_york_18,2025-01-06 10:00:00,2025-01-06,PAUSE,,True,True,151,0.9929437064376205,1.7347930943278744,4,0.0,SKIP,pause_mode
dynamic_plus_no_new_york_18,2025-01-06 13:15:00,2025-01-06,PAUSE,,True,True,151,0.9929437064376205,1.7347930943278744,4,0.0,SKIP,pause_mode
dynamic_plus_no_new_york_18,2025-01-07 10:00:00,2025-01-07,PAUSE,,True,True,151,0.9929437064376205,1.7347930943278744,4,0.0,SKIP,pause_mode
dynamic_plus_no_new_york_18,2025-01-08 10:45:00,2025-01-08,PAUSE,,True,True,151,0.9929437064376205,1.7347930943278744,4,0.0,SKIP,pause_mode
dynamic_plus_no_new_york_18,2025-01-08 13:00:00,2025-01-08,PAUSE,,True,True,151,0.9929437064376205,1.7347930943278744,4,0.0,SKIP,pause_mode
dynamic_plus_no_new_york_18,2025-01-09 14:45:00,2025-01-09,PAUSE,,True,True,151,0.9929437064376205,1.7347930943278744,4,0.0,SKIP,pause_mode
dynamic_plus_no_new_york_18,2025-01-09 18:15:00,2025-01-09,PAUSE,,True,True,151,0.9929437064376205,1.7347930943278744,4,0.0,SKIP,pause_mode
dynamic_plus_no_new_york_18,2025-01-10 13:00:00,2025-01-10,PAUSE,,True,False,151,0.9929437064376205,1.7347930943278744,4,0.0,SKIP,pause_mode
dynamic_plus_no_new_york_18,2025-01-10 13:45:00,2025-01-10,PAUSE,,True,False,151,0.9929437064376205,1.7347930943278744,4,0.0,SKIP,pause_mode
dynamic_plus_no_new_york_18,2025-01-15 13:00:00,2025-01-15,PAUSE,,True,True,151,0.9929437064376205,1.7347930943278744,4,0.0,SKIP,pause_mode
dynamic_plus_no_new_york_18,2025-01-15 13:30:00,2025-01-15,PAUSE,,True,True,151,0.9929437064376205,1.7347930943278744,4,0.0,SKIP,pause_mode
dynamic_plus_no_new_york_18,2025-01-23 19:45:00,2025-01-23,PAUSE,,True,True,151,0.9929437064376205,1.7347930943278744,4,0.0,SKIP,pause_mode
dynamic_plus_no_new_york_18,2025-01-24 10:00:00,2025-01-24,PAUSE,,True,True,151,0.9929437064376205,1.7347930943278744,4,0.0,SKIP,pause_mode
dynamic_plus_no_new_york_18,2025-01-24 14:30:00,2025-01-24,PAUSE,,True,True,151,0.9929437064376205,1.7347930943278744,4,0.0,SKIP,pause_mode
dynamic_plus_no_new_york_18,2025-01-30 19:30:00,2025-01-30,PAUSE,,True,True,151,0.9929437064376205,1.7347930943278744,4,0.0,SKIP,pause_mode
dynamic_plus_no_new_york_18,2025-02-03 10:00:00,2025-02-03,PAUSE,,True,True,151,0.9929437064376205,1.7347930943278744,4,0.0,SKIP,pause_mode
dynamic_plus_no_new_york_18,2025-02-04 21:30:00,2025-02-04,PAUSE,,True,True,151,0.9929437064376205,1.7347930943278744,4,0.0,SKIP,pause_mode
dynamic_plus_no_new_york_18,2025-02-05 14:30:00,2025-02-05,PAUSE,,True,True,151,0.9929437064376205,1.7347930943278744,4,0.0,SKIP,pause_mode
dynamic_plus_no_new_york_18,2025-02-07 10:00:00,2025-02-07,PAUSE,,True,True,151,0.9929437064376205,1.7347930943278744,4,0.0,SKIP,pause_mode
dynamic_plus_no_new_york_18,2025-02-10 13:45:00,2025-02-10,PAUSE,,True,True,151,0.9929437064376205,1.7347930943278744,4,0.0,SKIP,pause_mode
dynamic_plus_no_new_york_18,2025-02-12 18:45:00,2025-02-12,PAUSE,,True,True,151,0.9929437064376205,1.7347930943278744,4,0.0,SKIP,pause_mode
dynamic_plus_no_new_york_18,2025-02-12 19:45:00,2025-02-12,PAUSE,,True,True,151,0.9929437064376205,1.7347930943278744,4,0.0,SKIP,pause_mode
dynamic_plus_no_new_york_18,2025-02-13 10:15:00,2025-02-13,PAUSE,,True,True,151,0.9929437064376205,1.7347930943278744,4,0.0,SKIP,pause_mode
dynamic_plus_no_new_york_18,2025-02-13 14:45:00,2025-02-13,PAUSE,,True,True,151,0.9929437064376205,1.7347930943278744,4,0.0,SKIP,pause_mode
dynamic_plus_no_new_york_18,2025-02-14 10:45:00,2025-02-14,PAUSE,,True,True,151,0.9929437064376205,1.7347930943278744,4,0.0,SKIP,pause_mode
dynamic_plus_no_new_york_18,2025-02-18 10:00:00,2025-02-18,PAUSE,,True,True,151,0.9929437064376205,1.7347930943278744,4,0.0,SKIP,pause_mode
dynamic_plus_no_new_york_18,2025-02-18 13:00:00,2025-02-18,PAUSE,,True,True,151,0.9929437064376205,1.7347930943278744,4,0.0,SKIP,pause_mode
dynamic_plus_no_new_york_18,2025-02-19 13:00:00,2025-02-19,PAUSE,,True,True,151,0.9929437064376205,1.7347930943278744,4,0.0,SKIP,pause_mode
dynamic_plus_no_new_york_18,2025-02-19 14:00:00,2025-02-19,PAUSE,,True,True,151,0.9929437064376205,1.7347930943278744,4,0.0,SKIP,pause_mode
dynamic_plus_no_new_york_18,2025-02-26 15:00:00,2025-02-26,PAUSE,,True,True,151,0.9929437064376205,1.7347930943278744,4,0.0,SKIP,pause_mode
dynamic_plus_no_new_york_18,2025-02-27 10:15:00,2025-02-27,PAUSE,,True,True,151,0.9929437064376205,1.7347930943278744,4,0.0,SKIP,pause_mode
dynamic_plus_no_new_york_18,2025-02-28 10:15:00,2025-02-28,PAUSE,,True,False,151,0.9929437064376205,1.7347930943278744,4,0.0,SKIP,pause_mode
dynamic_plus_no_new_york_18,2025-02-28 15:45:00,2025-02-28,PAUSE,,True,True,151,0.9929437064376205,1.7347930943278744,4,0.0,SKIP,pause_mode
dynamic_plus_no_new_york_18,2025-03-04 18:00:00,2025-03-04,PAUSE,,True,True,151,0.9929437064376205,1.7347930943278744,4,0.0,SKIP,pause_mode
dynamic_plus_no_new_york_18,2025-03-06 18:45:00,2025-03-06,PAUSE,,True,True,151,0.9929437064376205,1.7347930943278744,4,0.0,SKIP,pause_mode
dynamic_plus_no_new_york_18,2025-03-07 10:45:00,2025-03-07,PAUSE,,True,False,151,0.9929437064376205,1.7347930943278744,4,0.0,SKIP,pause_mode
dynamic_plus_no_new_york_18,2025-03-07 13:30:00,2025-03-07,PAUSE,,True,False,151,0.9929437064376205,1.7347930943278744,4,0.0,SKIP,pause_mode
dynamic_plus_no_new_york_18,2025-03-07 14:45:00,2025-03-07,PAUSE,,False,True,151,0.9929437064376205,1.7347930943278744,4,0.0,SKIP,pause_mode
dynamic_plus_no_new_york_18,2025-03-10 13:15:00,2025-03-10,PAUSE,,True,True,151,0.9929437064376205,1.7347930943278744,4,0.0,SKIP,pause_mode
dynamic_plus_no_new_york_18,2025-03-10 14:15:00,2025-03-10,PAUSE,,True,True,151,0.9929437064376205,1.7347930943278744,4,0.0,SKIP,pause_mode
dynamic_plus_no_new_york_18,2025-03-11 13:15:00,2025-03-11,PAUSE,,True,False,151,0.9929437064376205,1.7347930943278744,4,0.0,SKIP,pause_mode
dynamic_plus_no_new_york_18,2025-03-11 14:45:00,2025-03-11,PAUSE,,True,True,151,0.9929437064376205,1.7347930943278744,4,0.0,SKIP,pause_mode
dynamic_plus_no_new_york_18,2025-03-13 10:15:00,2025-03-13,PAUSE,,True,True,151,0.9929437064376205,1.7347930943278744,4,0.0,SKIP,pause_mode
dynamic_plus_no_new_york_18,2025-03-16 22:00:00,2025-03-16,PAUSE,,True,True,151,0.9929437064376205,1.7347930943278744,4,0.0,SKIP,pause_mode
dynamic_plus_no_new_york_18,2025-03-17 14:15:00,2025-03-17,PAUSE,,True,True,151,0.9929437064376205,1.7347930943278744,4,0.0,SKIP,pause_mode
dynamic_plus_no_new_york_18,2025-03-18 14:15:00,2025-03-18,PAUSE,,True,True,151,0.9929437064376205,1.7347930943278744,4,0.0,SKIP,pause_mode
dynamic_plus_no_new_york_18,2025-03-19 10:45:00,2025-03-19,PAUSE,,True,False,151,0.9929437064376205,1.7347930943278744,4,0.0,SKIP,pause_mode
dynamic_plus_no_new_york_18,2025-03-19 19:15:00,2025-03-19,PAUSE,,True,True,151,0.9929437064376205,1.7347930943278744,4,0.0,SKIP,pause_mode
dynamic_plus_no_new_york_18,2025-03-24 10:30:00,2025-03-24,PAUSE,,True,False,151,0.9929437064376205,1.7347930943278744,4,0.0,SKIP,pause_mode
dynamic_plus_no_new_york_18,2025-03-26 10:30:00,2025-03-26,PAUSE,,True,False,151,0.9929437064376205,1.7347930943278744,4,0.0,SKIP,pause_mode
dynamic_plus_no_new_york_18,2025-03-27 15:45:00,2025-03-27,PAUSE,,True,True,151,0.9929437064376205,1.7347930943278744,4,0.0,SKIP,pause_mode
dynamic_plus_no_new_york_18,2025-03-28 10:45:00,2025-03-28,PAUSE,,True,False,151,0.9929437064376205,1.7347930943278744,4,0.0,SKIP,pause_mode
dynamic_plus_no_new_york_18,2025-03-31 14:30:00,2025-03-31,PAUSE,,True,True,151,0.9929437064376205,1.7347930943278744,4,0.0,SKIP,pause_mode
dynamic_plus_no_new_york_18,2025-04-01 10:15:00,2025-04-01,PAUSE,,True,False,151,0.9929437064376205,1.7347930943278744,4,0.0,SKIP,pause_mode
dynamic_plus_no_new_york_18,2025-04-02 13:00:00,2025-04-02,PAUSE,,True,False,151,0.9929437064376205,1.7347930943278744,4,0.0,SKIP,pause_mode
dynamic_plus_no_new_york_18,2025-04-07 13:45:00,2025-04-07,PAUSE,,True,True,151,0.9929437064376205,1.7347930943278744,4,0.0,SKIP,pause_mode
dynamic_plus_no_new_york_18,2025-04-07 14:30:00,2025-04-07,PAUSE,,True,True,151,0.9929437064376205,1.7347930943278744,4,0.0,SKIP,pause_mode
dynamic_plus_no_new_york_18,2025-04-09 13:00:00,2025-04-09,PAUSE,,True,True,151,0.9929437064376205,1.7347930943278744,4,0.0,SKIP,pause_mode
dynamic_plus_no_new_york_18,2025-04-09 18:15:00,2025-04-09,PAUSE,,True,False,151,0.9929437064376205,1.7347930943278744,4,0.0,SKIP,pause_mode
dynamic_plus_no_new_york_18,2025-04-10 10:00:00,2025-04-10,PAUSE,,True,True,151,0.9929437064376205,1.7347930943278744,4,0.0,SKIP,pause_mode
dynamic_plus_no_new_york_18,2025-04-11 14:15:00,2025-04-11,PAUSE,,True,True,151,0.9929437064376205,1.7347930943278744,4,0.0,SKIP,pause_mode
dynamic_plus_no_new_york_18,2025-04-22 10:00:00,2025-04-22,PAUSE,,True,True,151,0.9929437064376205,1.7347930943278744,4,0.0,SKIP,pause_mode
dynamic_plus_no_new_york_18,2025-04-25 10:15:00,2025-04-25,PAUSE,,True,True,151,0.9929437064376205,1.7347930943278744,4,0.0,SKIP,pause_mode
dynamic_plus_no_new_york_18,2025-04-28 10:00:00,2025-04-28,PAUSE,,True,True,151,0.9929437064376205,1.7347930943278744,4,0.0,SKIP,pause_mode
dynamic_plus_no_new_york_18,2025-05-01 14:15:00,2025-05-01,PAUSE,,True,True,151,0.9929437064376205,1.7347930943278744,4,0.0,SKIP,pause_mode
dynamic_plus_no_new_york_18,2025-05-06 14:45:00,2025-05-06,PAUSE,,True,True,151,0.9929437064376205,1.7347930943278744,4,0.0,SKIP,pause_mode
dynamic_plus_no_new_york_18,2025-05-09 18:00:00,2025-05-09,PAUSE,,True,True,151,0.9929437064376205,1.7347930943278744,4,0.0,SKIP,pause_mode
dynamic_plus_no_new_york_18,2025-05-13 14:15:00,2025-05-13,PAUSE,,True,True,151,0.9929437064376205,1.7347930943278744,4,0.0,SKIP,pause_mode
dynamic_plus_no_new_york_18,2025-05-16 13:30:00,2025-05-16,PAUSE,,True,True,151,0.9929437064376205,1.7347930943278744,4,0.0,SKIP,pause_mode
dynamic_plus_no_new_york_18,2025-05-21 10:00:00,2025-05-21,PAUSE,,True,True,151,0.9929437064376205,1.7347930943278744,4,0.0,SKIP,pause_mode
dynamic_plus_no_new_york_18,2025-05-21 14:15:00,2025-05-21,PAUSE,,True,True,151,0.9929437064376205,1.7347930943278744,4,0.0,SKIP,pause_mode
dynamic_plus_no_new_york_18,2025-05-23 14:00:00,2025-05-23,PAUSE,,True,True,151,0.9929437064376205,1.7347930943278744,4,0.0,SKIP,pause_mode
dynamic_plus_no_new_york_18,2025-05-26 18:00:00,2025-05-26,PAUSE,,True,True,151,0.9929437064376205,1.7347930943278744,4,0.0,SKIP,pause_mode
dynamic_plus_no_new_york_18,2025-05-27 13:15:00,2025-05-27,PAUSE,,True,True,151,0.9929437064376205,1.7347930943278744,4,0.0,SKIP,pause_mode
dynamic_plus_no_new_york_18,2025-05-30 14:45:00,2025-05-30,PAUSE,,True,True,151,0.9929437064376205,1.7347930943278744,4,0.0,SKIP,pause_mode
dynamic_plus_no_new_york_18,2025-06-02 13:30:00,2025-06-02,PAUSE,,True,True,151,0.9929437064376205,1.7347930943278744,4,0.0,SKIP,pause_mode
dynamic_plus_no_new_york_18,2025-06-04 19:00:00,2025-06-04,PAUSE,,True,True,151,0.9929437064376205,1.7347930943278744,4,0.0,SKIP,pause_mode
dynamic_plus_no_new_york_18,2025-06-10 14:00:00,2025-06-10,PAUSE,,True,True,151,0.9929437064376205,1.7347930943278744,4,0.0,SKIP,pause_mode
dynamic_plus_no_new_york_18,2025-06-11 14:30:00,2025-06-11,PAUSE,,True,True,151,0.9929437064376205,1.7347930943278744,4,0.0,SKIP,pause_mode
dynamic_plus_no_new_york_18,2025-06-11 18:00:00,2025-06-11,PAUSE,,True,False,151,0.9929437064376205,1.7347930943278744,4,0.0,SKIP,pause_mode
dynamic_plus_no_new_york_18,2025-06-12 14:30:00,2025-06-12,PAUSE,,True,True,151,0.9929437064376205,1.7347930943278744,4,0.0,SKIP,pause_mode
dynamic_plus_no_new_york_18,2025-06-13 14:00:00,2025-06-13,PAUSE,,True,True,151,0.9929437064376205,1.7347930943278744,4,0.0,SKIP,pause_mode
dynamic_plus_no_new_york_18,2025-06-19 15:00:00,2025-06-19,PAUSE,,True,True,151,0.9929437064376205,1.7347930943278744,4,0.0,SKIP,pause_mode
dynamic_plus_no_new_york_18,2025-06-24 15:15:00,2025-06-24,PAUSE,,True,True,151,0.9929437064376205,1.7347930943278744,4,0.0,SKIP,pause_mode
dynamic_plus_no_new_york_18,2025-06-25 14:00:00,2025-06-25,PAUSE,,True,True,151,0.9929437064376205,1.7347930943278744,4,0.0,SKIP,pause_mode
dynamic_plus_no_new_york_18,2025-06-26 15:00:00,2025-06-26,PAUSE,,True,True,151,0.9929437064376205,1.7347930943278744,4,0.0,SKIP,pause_mode
dynamic_plus_no_new_york_18,2025-06-27 10:15:00,2025-06-27,PAUSE,,True,True,151,0.9929437064376205,1.7347930943278744,4,0.0,SKIP,pause_mode
dynamic_plus_no_new_york_18,2025-06-27 14:00:00,2025-06-27,PAUSE,,True,True,151,0.9929437064376205,1.7347930943278744,4,0.0,SKIP,pause_mode
dynamic_plus_no_new_york_18,2025-07-01 13:15:00,2025-07-01,PAUSE,,True,True,151,0.9929437064376205,1.7347930943278744,4,0.0,SKIP,pause_mode
dynamic_plus_no_new_york_18,2025-07-01 19:00:00,2025-07-01,PAUSE,,True,False,151,0.9929437064376205,1.7347930943278744,4,0.0,SKIP,pause_mode
dynamic_plus_no_new_york_18,2025-07-02 13:00:00,2025-07-02,PAUSE,,True,True,151,0.9929437064376205,1.7347930943278744,4,0.0,SKIP,pause_mode
dynamic_plus_no_new_york_18,2025-07-03 10:30:00,2025-07-03,PAUSE,,True,False,151,0.9929437064376205,1.7347930943278744,4,0.0,SKIP,pause_mode
dynamic_plus_no_new_york_18,2025-07-06 22:00:00,2025-07-06,PAUSE,,True,False,151,0.9929437064376205,1.7347930943278744,4,0.0,SKIP,pause_mode
dynamic_plus_no_new_york_18,2025-07-07 10:15:00,2025-07-07,PAUSE,,True,True,151,0.9929437064376205,1.7347930943278744,4,0.0,SKIP,pause_mode
dynamic_plus_no_new_york_18,2025-07-08 10:30:00,2025-07-08,PAUSE,,True,True,151,0.9929437064376205,1.7347930943278744,4,0.0,SKIP,pause_mode
dynamic_plus_no_new_york_18,2025-07-09 10:00:00,2025-07-09,PAUSE,,True,True,151,0.9929437064376205,1.7347930943278744,4,0.0,SKIP,pause_mode
dynamic_plus_no_new_york_18,2025-07-10 10:30:00,2025-07-10,PAUSE,,True,False,151,0.9929437064376205,1.7347930943278744,4,0.0,SKIP,pause_mode
dynamic_plus_no_new_york_18,2025-07-10 13:00:00,2025-07-10,PAUSE,,True,False,151,0.9929437064376205,1.7347930943278744,4,0.0,SKIP,pause_mode
dynamic_plus_no_new_york_18,2025-07-10 14:45:00,2025-07-10,PAUSE,,False,True,151,0.9929437064376205,1.7347930943278744,4,0.0,SKIP,pause_mode
dynamic_plus_no_new_york_18,2025-07-11 18:00:00,2025-07-11,PAUSE,,True,True,151,0.9929437064376205,1.7347930943278744,4,0.0,SKIP,pause_mode
dynamic_plus_no_new_york_18,2025-07-14 10:15:00,2025-07-14,PAUSE,,True,True,151,0.9929437064376205,1.7347930943278744,4,0.0,SKIP,pause_mode
dynamic_plus_no_new_york_18,2025-07-15 10:15:00,2025-07-15,PAUSE,,True,True,151,0.9929437064376205,1.7347930943278744,4,0.0,SKIP,pause_mode
dynamic_plus_no_new_york_18,2025-07-16 15:45:00,2025-07-16,PAUSE,,True,True,151,0.9929437064376205,1.7347930943278744,4,0.0,SKIP,pause_mode
dynamic_plus_no_new_york_18,2025-07-17 10:30:00,2025-07-17,PAUSE,,True,True,151,0.9929437064376205,1.7347930943278744,4,0.0,SKIP,pause_mode
dynamic_plus_no_new_york_18,2025-07-17 22:30:00,2025-07-17,PAUSE,,True,False,151,0.9929437064376205,1.7347930943278744,4,0.0,SKIP,pause_mode
dynamic_plus_no_new_york_18,2025-07-18 14:00:00,2025-07-18,PAUSE,,True,True,151,0.9929437064376205,1.7347930943278744,4,0.0,SKIP,pause_mode
dynamic_plus_no_new_york_18,2025-07-25 13:30:00,2025-07-25,PAUSE,,True,True,151,0.9929437064376205,1.7347930943278744,4,0.0,SKIP,pause_mode
dynamic_plus_no_new_york_18,2025-07-31 15:00:00,2025-07-31,PAUSE,,True,False,151,0.9929437064376205,1.7347930943278744,4,0.0,SKIP,pause_mode
dynamic_plus_no_new_york_18,2025-08-04 15:30:00,2025-08-04,PAUSE,,True,True,151,0.9929437064376205,1.7347930943278744,4,0.0,SKIP,pause_mode
dynamic_plus_no_new_york_18,2025-08-05 13:00:00,2025-08-05,PAUSE,,True,False,151,0.9929437064376205,1.7347930943278744,4,0.0,SKIP,pause_mode
dynamic_plus_no_new_york_18,2025-08-05 18:00:00,2025-08-05,PAUSE,,True,True,151,0.9929437064376205,1.7347930943278744,4,0.0,SKIP,pause_mode
dynamic_plus_no_new_york_18,2025-08-07 13:45:00,2025-08-07,PAUSE,,True,True,151,0.9929437064376205,1.7347930943278744,4,0.0,SKIP,pause_mode
dynamic_plus_no_new_york_18,2025-08-08 13:30:00,2025-08-08,PAUSE,,True,False,151,0.9929437064376205,1.7347930943278744,4,0.0,SKIP,pause_mode
dynamic_plus_no_new_york_18,2025-08-11 13:00:00,2025-08-11,PAUSE,,True,True,151,0.9929437064376205,1.7347930943278744,4,0.0,SKIP,pause_mode
dynamic_plus_no_new_york_18,2025-08-11 14:15:00,2025-08-11,PAUSE,,True,True,151,0.9929437064376205,1.7347930943278744,4,0.0,SKIP,pause_mode
dynamic_plus_no_new_york_18,2025-08-12 14:30:00,2025-08-12,PAUSE,,True,True,151,0.9929437064376205,1.7347930943278744,4,0.0,SKIP,pause_mode
dynamic_plus_no_new_york_18,2025-08-13 14:15:00,2025-08-13,PAUSE,,True,False,151,0.9929437064376205,1.7347930943278744,4,0.0,SKIP,pause_mode
dynamic_plus_no_new_york_18,2025-08-14 13:30:00,2025-08-14,PAUSE,,True,True,151,0.9929437064376205,1.7347930943278744,4,0.0,SKIP,pause_mode
dynamic_plus_no_new_york_18,2025-08-19 14:00:00,2025-08-19,PAUSE,,True,True,151,0.9929437064376205,1.7347930943278744,4,0.0,SKIP,pause_mode
dynamic_plus_no_new_york_18,2025-08-26 18:00:00,2025-08-26,PAUSE,,True,True,151,0.9929437064376205,1.7347930943278744,4,0.0,SKIP,pause_mode
dynamic_plus_no_new_york_18,2025-08-28 10:30:00,2025-08-28,PAUSE,,True,False,151,0.9929437064376205,1.7347930943278744,4,0.0,SKIP,pause_mode
dynamic_plus_no_new_york_18,2025-08-28 15:15:00,2025-08-28,PAUSE,,True,True,151,0.9929437064376205,1.7347930943278744,4,0.0,SKIP,pause_mode
dynamic_plus_no_new_york_18,2025-08-31 22:00:00,2025-08-31,PAUSE,,True,True,151,0.9929437064376205,1.7347930943278744,4,0.0,SKIP,pause_mode
dynamic_plus_no_new_york_18,2025-09-01 13:45:00,2025-09-01,PAUSE,,True,True,151,0.9929437064376205,1.7347930943278744,4,0.0,SKIP,pause_mode
dynamic_plus_no_new_york_18,2025-09-02 13:30:00,2025-09-02,PAUSE,,True,False,151,0.9929437064376205,1.7347930943278744,4,0.0,SKIP,pause_mode
dynamic_plus_no_new_york_18,2025-09-04 13:15:00,2025-09-04,PAUSE,,True,True,151,0.9929437064376205,1.7347930943278744,4,0.0,SKIP,pause_mode
dynamic_plus_no_new_york_18,2025-09-07 22:15:00,2025-09-07,PAUSE,,True,True,151,0.9929437064376205,1.7347930943278744,4,0.0,SKIP,pause_mode
dynamic_plus_no_new_york_18,2025-09-08 18:00:00,2025-09-08,PAUSE,,True,True,151,0.9929437064376205,1.7347930943278744,4,0.0,SKIP,pause_mode
dynamic_plus_no_new_york_18,2025-09-09 10:15:00,2025-09-09,PAUSE,,True,True,151,0.9929437064376205,1.7347930943278744,4,0.0,SKIP,pause_mode
dynamic_plus_no_new_york_18,2025-09-11 19:00:00,2025-09-11,PAUSE,,True,True,151,0.9929437064376205,1.7347930943278744,4,0.0,SKIP,pause_mode
dynamic_plus_no_new_york_18,2025-09-12 10:00:00,2025-09-12,PAUSE,,True,False,151,0.9929437064376205,1.7347930943278744,4,0.0,SKIP,pause_mode
dynamic_plus_no_new_york_18,2025-09-12 13:30:00,2025-09-12,PAUSE,,True,False,151,0.9929437064376205,1.7347930943278744,4,0.0,SKIP,pause_mode
dynamic_plus_no_new_york_18,2025-09-15 22:15:00,2025-09-15,PAUSE,,True,True,151,0.9929437064376205,1.7347930943278744,4,0.0,SKIP,pause_mode
dynamic_plus_no_new_york_18,2025-09-16 13:15:00,2025-09-16,PAUSE,,True,True,151,0.9929437064376205,1.7347930943278744,4,0.0,SKIP,pause_mode
dynamic_plus_no_new_york_18,2025-09-22 13:00:00,2025-09-22,PAUSE,,True,True,151,0.9929437064376205,1.7347930943278744,4,0.0,SKIP,pause_mode
dynamic_plus_no_new_york_18,2025-09-22 14:15:00,2025-09-22,PAUSE,,True,True,151,0.9929437064376205,1.7347930943278744,4,0.0,SKIP,pause_mode
dynamic_plus_no_new_york_18,2025-09-23 15:00:00,2025-09-23,PAUSE,,True,True,151,0.9929437064376205,1.7347930943278744,4,0.0,SKIP,pause_mode
dynamic_plus_no_new_york_18,2025-09-25 19:30:00,2025-09-25,PAUSE,,True,True,151,0.9929437064376205,1.7347930943278744,4,0.0,SKIP,pause_mode
dynamic_plus_no_new_york_18,2025-09-26 13:30:00,2025-09-26,PAUSE,,True,False,151,0.9929437064376205,1.7347930943278744,4,0.0,SKIP,pause_mode
dynamic_plus_no_new_york_18,2025-09-28 22:00:00,2025-09-28,PAUSE,,True,False,151,0.9929437064376205,1.7347930943278744,4,0.0,SKIP,pause_mode
dynamic_plus_no_new_york_18,2025-09-29 10:15:00,2025-09-29,PAUSE,,True,True,151,0.9929437064376205,1.7347930943278744,4,0.0,SKIP,pause_mode
dynamic_plus_no_new_york_18,2025-09-30 14:00:00,2025-09-30,PAUSE,,True,True,151,0.9929437064376205,1.7347930943278744,4,0.0,SKIP,pause_mode
dynamic_plus_no_new_york_18,2025-10-01 14:30:00,2025-10-01,PAUSE,,True,True,151,0.9929437064376205,1.7347930943278744,4,0.0,SKIP,pause_mode
dynamic_plus_no_new_york_18,2025-10-02 10:00:00,2025-10-02,PAUSE,,True,False,151,0.9929437064376205,1.7347930943278744,4,0.0,SKIP,pause_mode
dynamic_plus_no_new_york_18,2025-10-03 14:15:00,2025-10-03,PAUSE,,True,True,151,0.9929437064376205,1.7347930943278744,4,0.0,SKIP,pause_mode
dynamic_plus_no_new_york_18,2025-10-06 13:30:00,2025-10-06,PAUSE,,True,True,151,0.9929437064376205,1.7347930943278744,4,0.0,SKIP,pause_mode
dynamic_plus_no_new_york_18,2025-10-07 13:30:00,2025-10-07,PAUSE,,True,True,151,0.9929437064376205,1.7347930943278744,4,0.0,SKIP,pause_mode
dynamic_plus_no_new_york_18,2025-10-08 13:45:00,2025-10-08,PAUSE,,True,False,151,0.9929437064376205,1.7347930943278744,4,0.0,SKIP,pause_mode
dynamic_plus_no_new_york_18,2025-10-10 15:30:00,2025-10-10,PAUSE,,True,False,151,0.9929437064376205,1.7347930943278744,4,0.0,SKIP,pause_mode
dynamic_plus_no_new_york_18,2025-10-12 22:00:00,2025-10-12,PAUSE,,True,True,151,0.9929437064376205,1.7347930943278744,4,0.0,SKIP,pause_mode
dynamic_plus_no_new_york_18,2025-10-13 19:15:00,2025-10-13,PAUSE,,True,True,151,0.9929437064376205,1.7347930943278744,4,0.0,SKIP,pause_mode
dynamic_plus_no_new_york_18,2025-10-14 10:15:00,2025-10-14,PAUSE,,True,False,151,0.9929437064376205,1.7347930943278744,4,0.0,SKIP,pause_mode
dynamic_plus_no_new_york_18,2025-10-14 15:00:00,2025-10-14,PAUSE,,True,False,151,0.9929437064376205,1.7347930943278744,4,0.0,SKIP,pause_mode
dynamic_plus_no_new_york_18,2025-10-15 19:00:00,2025-10-15,PAUSE,,True,True,151,0.9929437064376205,1.7347930943278744,4,0.0,SKIP,pause_mode
dynamic_plus_no_new_york_18,2025-10-22 10:15:00,2025-10-22,PAUSE,,True,True,151,0.9929437064376205,1.7347930943278744,4,0.0,SKIP,pause_mode
dynamic_plus_no_new_york_18,2025-10-22 15:30:00,2025-10-22,PAUSE,,True,True,151,0.9929437064376205,1.7347930943278744,4,0.0,SKIP,pause_mode
dynamic_plus_no_new_york_18,2025-10-27 13:15:00,2025-10-27,PAUSE,,True,True,151,0.9929437064376205,1.7347930943278744,4,0.0,SKIP,pause_mode
dynamic_plus_no_new_york_18,2025-10-29 14:00:00,2025-10-29,PAUSE,,True,False,151,0.9929437064376205,1.7347930943278744,4,0.0,SKIP,pause_mode
dynamic_plus_no_new_york_18,2025-10-30 14:15:00,2025-10-30,PAUSE,,True,False,151,0.9929437064376205,1.7347930943278744,4,0.0,SKIP,pause_mode
dynamic_plus_no_new_york_18,2025-10-31 14:00:00,2025-10-31,PAUSE,,True,False,151,0.9929437064376205,1.7347930943278744,4,0.0,SKIP,pause_mode
dynamic_plus_no_new_york_18,2025-11-04 15:30:00,2025-11-04,PAUSE,,True,True,151,0.9929437064376205,1.7347930943278744,4,0.0,SKIP,pause_mode
dynamic_plus_no_new_york_18,2025-11-06 13:00:00,2025-11-06,PAUSE,,True,True,151,0.9929437064376205,1.7347930943278744,4,0.0,SKIP,pause_mode
dynamic_plus_no_new_york_18,2025-11-10 15:00:00,2025-11-10,PAUSE,,True,True,151,0.9929437064376205,1.7347930943278744,4,0.0,SKIP,pause_mode
dynamic_plus_no_new_york_18,2025-11-13 10:45:00,2025-11-13,PAUSE,,True,True,151,0.9929437064376205,1.7347930943278744,4,0.0,SKIP,pause_mode
dynamic_plus_no_new_york_18,2025-11-19 13:15:00,2025-11-19,PAUSE,,True,True,151,0.9929437064376205,1.7347930943278744,4,0.0,SKIP,pause_mode
dynamic_plus_no_new_york_18,2025-11-20 10:00:00,2025-11-20,PAUSE,,True,True,151,0.9929437064376205,1.7347930943278744,4,0.0,SKIP,pause_mode
dynamic_plus_no_new_york_18,2025-11-21 10:00:00,2025-11-21,PAUSE,,True,True,151,0.9929437064376205,1.7347930943278744,4,0.0,SKIP,pause_mode
dynamic_plus_no_new_york_18,2025-11-21 18:00:00,2025-11-21,PAUSE,,True,True,151,0.9929437064376205,1.7347930943278744,4,0.0,SKIP,pause_mode
dynamic_plus_no_new_york_18,2025-11-24 18:00:00,2025-11-24,PAUSE,,True,True,151,0.9929437064376205,1.7347930943278744,4,0.0,SKIP,pause_mode
dynamic_plus_no_new_york_18,2025-11-28 13:45:00,2025-11-28,PAUSE,,True,True,151,0.9929437064376205,1.7347930943278744,4,0.0,SKIP,pause_mode
dynamic_plus_no_new_york_18,2025-12-03 15:00:00,2025-12-03,PAUSE,,True,True,151,0.9929437064376205,1.7347930943278744,4,0.0,SKIP,pause_mode
dynamic_plus_no_new_york_18,2025-12-05 10:15:00,2025-12-05,PAUSE,,True,False,151,0.9929437064376205,1.7347930943278744,4,0.0,SKIP,pause_mode
dynamic_plus_no_new_york_18,2025-12-05 14:30:00,2025-12-05,PAUSE,,True,True,151,0.9929437064376205,1.7347930943278744,4,0.0,SKIP,pause_mode
dynamic_plus_no_new_york_18,2025-12-09 13:45:00,2025-12-09,PAUSE,,True,True,151,0.9929437064376205,1.7347930943278744,4,0.0,SKIP,pause_mode
dynamic_plus_no_new_york_18,2025-12-09 14:45:00,2025-12-09,PAUSE,,True,True,151,0.9929437064376205,1.7347930943278744,4,0.0,SKIP,pause_mode
dynamic_plus_no_new_york_18,2025-12-16 18:45:00,2025-12-16,PAUSE,,True,True,151,0.9929437064376205,1.7347930943278744,4,0.0,SKIP,pause_mode
dynamic_plus_no_new_york_18,2025-12-16 19:45:00,2025-12-16,PAUSE,,True,True,151,0.9929437064376205,1.7347930943278744,4,0.0,SKIP,pause_mode
dynamic_plus_no_new_york_18,2025-12-17 13:00:00,2025-12-17,PAUSE,,True,False,151,0.9929437064376205,1.7347930943278744,4,0.0,SKIP,pause_mode
dynamic_plus_no_new_york_18,2025-12-17 14:00:00,2025-12-17,PAUSE,,True,True,151,0.9929437064376205,1.7347930943278744,4,0.0,SKIP,pause_mode
dynamic_plus_no_new_york_18,2025-12-18 18:00:00,2025-12-18,PAUSE,,True,False,151,0.9929437064376205,1.7347930943278744,4,0.0,SKIP,pause_mode
dynamic_plus_no_new_york_18,2025-12-19 18:30:00,2025-12-19,PAUSE,,True,True,151,0.9929437064376205,1.7347930943278744,4,0.0,SKIP,pause_mode
dynamic_plus_no_new_york_18,2025-12-22 15:15:00,2025-12-22,PAUSE,,True,False,151,0.9929437064376205,1.7347930943278744,4,0.0,SKIP,pause_mode
dynamic_plus_no_new_york_18,2025-12-22 18:45:00,2025-12-22,PAUSE,,True,True,151,0.9929437064376205,1.7347930943278744,4,0.0,SKIP,pause_mode
dynamic_plus_no_new_york_18,2025-12-23 10:00:00,2025-12-23,PAUSE,,True,True,151,0.9929437064376205,1.7347930943278744,4,0.0,SKIP,pause_mode
dynamic_plus_no_new_york_18,2025-12-23 21:30:00,2025-12-23,PAUSE,,True,True,151,0.9929437064376205,1.7347930943278744,4,0.0,SKIP,pause_mode
dynamic_plus_no_new_york_18,2025-12-26 10:45:00,2025-12-26,PAUSE,,True,True,151,0.9929437064376205,1.7347930943278744,4,0.0,SKIP,pause_mode
dynamic_plus_no_new_york_18,2025-12-31 10:15:00,2025-12-31,PAUSE,,True,False,151,0.9929437064376205,1.7347930943278744,4,0.0,SKIP,pause_mode
dynamic_plus_no_new_york_18,2026-01-05 14:00:00,2026-01-05,PAUSE,,True,True,151,0.9929437064376205,1.7347930943278744,4,0.0,SKIP,pause_mode
dynamic_plus_no_new_york_18,2026-01-05 18:30:00,2026-01-05,PAUSE,,True,True,151,0.9929437064376205,1.7347930943278744,4,0.0,SKIP,pause_mode
dynamic_plus_no_new_york_18,2026-01-06 15:30:00,2026-01-06,PAUSE,,True,True,151,0.9929437064376205,1.7347930943278744,4,0.0,SKIP,pause_mode
dynamic_plus_no_new_york_18,2026-01-08 13:00:00,2026-01-08,PAUSE,,True,True,151,0.9929437064376205,1.7347930943278744,4,0.0,SKIP,pause_mode
dynamic_plus_no_new_york_18,2026-01-08 13:45:00,2026-01-08,PAUSE,,True,True,151,0.9929437064376205,1.7347930943278744,4,0.0,SKIP,pause_mode
dynamic_plus_no_new_york_18,2026-01-09 14:30:00,2026-01-09,PAUSE,,True,True,151,0.9929437064376205,1.7347930943278744,4,0.0,SKIP,pause_mode
dynamic_plus_no_new_york_18,2026-01-09 18:30:00,2026-01-09,PAUSE,,True,True,151,0.9929437064376205,1.7347930943278744,4,0.0,SKIP,pause_mode
dynamic_plus_no_new_york_18,2026-01-12 14:00:00,2026-01-12,PAUSE,,True,True,151,0.9929437064376205,1.7347930943278744,4,0.0,SKIP,pause_mode
dynamic_plus_no_new_york_18,2026-01-12 18:45:00,2026-01-12,PAUSE,,True,True,151,0.9929437064376205,1.7347930943278744,4,0.0,SKIP,pause_mode
dynamic_plus_no_new_york_18,2026-01-13 13:15:00,2026-01-13,PAUSE,,True,False,151,0.9929437064376205,1.7347930943278744,4,0.0,SKIP,pause_mode
dynamic_plus_no_new_york_18,2026-01-13 15:15:00,2026-01-13,PAUSE,,True,True,151,0.9929437064376205,1.7347930943278744,4,0.0,SKIP,pause_mode
dynamic_plus_no_new_york_18,2026-01-14 19:15:00,2026-01-14,PAUSE,,True,True,151,0.9929437064376205,1.7347930943278744,4,0.0,SKIP,pause_mode
dynamic_plus_no_new_york_18,2026-01-20 13:30:00,2026-01-20,PAUSE,,True,True,151,0.9929437064376205,1.7347930943278744,4,0.0,SKIP,pause_mode
dynamic_plus_no_new_york_18,2026-01-20 15:30:00,2026-01-20,PAUSE,,True,False,151,0.9929437064376205,1.7347930943278744,4,0.0,SKIP,pause_mode
dynamic_plus_no_new_york_18,2026-01-21 13:00:00,2026-01-21,PAUSE,,True,True,151,0.9929437064376205,1.7347930943278744,4,0.0,SKIP,pause_mode
dynamic_plus_no_new_york_18,2026-01-22 10:30:00,2026-01-22,PAUSE,,True,False,151,0.9929437064376205,1.7347930943278744,4,0.0,SKIP,pause_mode
dynamic_plus_no_new_york_18,2026-01-23 14:30:00,2026-01-23,PAUSE,,True,True,151,0.9929437064376205,1.7347930943278744,4,0.0,SKIP,pause_mode
dynamic_plus_no_new_york_18,2026-01-23 18:45:00,2026-01-23,PAUSE,,True,True,151,0.9929437064376205,1.7347930943278744,4,0.0,SKIP,pause_mode
dynamic_plus_no_new_york_18,2026-01-26 10:00:00,2026-01-26,PAUSE,,True,False,151,0.9929437064376205,1.7347930943278744,4,0.0,SKIP,pause_mode
dynamic_plus_no_new_york_18,2026-01-26 14:45:00,2026-01-26,PAUSE,,True,True,151,0.9929437064376205,1.7347930943278744,4,0.0,SKIP,pause_mode
dynamic_plus_no_new_york_18,2026-01-28 15:15:00,2026-01-28,PAUSE,,True,False,151,0.9929437064376205,1.7347930943278744,4,0.0,SKIP,pause_mode
dynamic_plus_no_new_york_18,2026-01-29 14:15:00,2026-01-29,PAUSE,,True,True,151,0.9929437064376205,1.7347930943278744,4,0.0,SKIP,pause_mode
dynamic_plus_no_new_york_18,2026-01-30 14:45:00,2026-01-30,PAUSE,,True,True,151,0.9929437064376205,1.7347930943278744,4,0.0,SKIP,pause_mode
dynamic_plus_no_new_york_18,2026-02-03 18:00:00,2026-02-03,PAUSE,,True,False,151,0.9929437064376205,1.7347930943278744,4,0.0,SKIP,pause_mode
dynamic_plus_no_new_york_18,2026-02-05 10:15:00,2026-02-05,PAUSE,,True,True,151,0.9929437064376205,1.7347930943278744,4,0.0,SKIP,pause_mode
dynamic_plus_no_new_york_18,2026-02-06 14:15:00,2026-02-06,PAUSE,,True,False,151,0.9929437064376205,1.7347930943278744,4,0.0,SKIP,pause_mode
dynamic_plus_no_new_york_18,2026-02-09 18:00:00,2026-02-09,PAUSE,,True,True,151,0.9929437064376205,1.7347930943278744,4,0.0,SKIP,pause_mode
dynamic_plus_no_new_york_18,2026-02-10 10:00:00,2026-02-10,PAUSE,,True,False,151,0.9929437064376205,1.7347930943278744,4,0.0,SKIP,pause_mode
dynamic_plus_no_new_york_18,2026-02-10 13:30:00,2026-02-10,PAUSE,,True,False,151,0.9929437064376205,1.7347930943278744,4,0.0,SKIP,pause_mode
dynamic_plus_no_new_york_18,2026-02-11 18:30:00,2026-02-11,PAUSE,,True,False,151,0.9929437064376205,1.7347930943278744,4,0.0,SKIP,pause_mode
dynamic_plus_no_new_york_18,2026-02-13 19:45:00,2026-02-13,PAUSE,,True,True,151,0.9929437064376205,1.7347930943278744,4,0.0,SKIP,pause_mode
dynamic_plus_no_new_york_18,2026-02-17 13:15:00,2026-02-17,PAUSE,,True,True,151,0.9929437064376205,1.7347930943278744,4,0.0,SKIP,pause_mode
dynamic_plus_no_new_york_18,2026-02-18 19:00:00,2026-02-18,PAUSE,,True,True,151,0.9929437064376205,1.7347930943278744,4,0.0,SKIP,pause_mode
dynamic_plus_no_new_york_18,2026-02-19 13:45:00,2026-02-19,PAUSE,,True,False,151,0.9929437064376205,1.7347930943278744,4,0.0,SKIP,pause_mode
dynamic_plus_no_new_york_18,2026-02-19 14:45:00,2026-02-19,PAUSE,,True,True,151,0.9929437064376205,1.7347930943278744,4,0.0,SKIP,pause_mode
dynamic_plus_no_new_york_18,2026-02-20 13:30:00,2026-02-20,PAUSE,,True,False,151,0.9929437064376205,1.7347930943278744,4,0.0,SKIP,pause_mode
dynamic_plus_no_new_york_18,2026-02-20 15:30:00,2026-02-20,PAUSE,,True,False,151,0.9929437064376205,1.7347930943278744,4,0.0,SKIP,pause_mode
dynamic_plus_no_new_york_18,2026-02-27 18:00:00,2026-02-27,PAUSE,,True,True,151,0.9929437064376205,1.7347930943278744,4,0.0,SKIP,pause_mode
dynamic_plus_no_new_york_18,2026-03-02 13:15:00,2026-03-02,PAUSE,,True,True,151,0.9929437064376205,1.7347930943278744,4,0.0,SKIP,pause_mode
dynamic_plus_no_new_york_18,2026-03-06 13:15:00,2026-03-06,PAUSE,,True,True,151,0.9929437064376205,1.7347930943278744,4,0.0,SKIP,pause_mode
dynamic_plus_no_new_york_18,2026-03-10 14:00:00,2026-03-10,PAUSE,,True,True,151,0.9929437064376205,1.7347930943278744,4,0.0,SKIP,pause_mode
dynamic_plus_no_new_york_18,2026-03-12 10:15:00,2026-03-12,PAUSE,,True,True,151,0.9929437064376205,1.7347930943278744,4,0.0,SKIP,pause_mode
dynamic_plus_no_new_york_18,2026-03-13 10:15:00,2026-03-13,PAUSE,,True,True,151,0.9929437064376205,1.7347930943278744,4,0.0,SKIP,pause_mode
dynamic_plus_no_new_york_18,2026-03-13 14:00:00,2026-03-13,PAUSE,,True,True,151,0.9929437064376205,1.7347930943278744,4,0.0,SKIP,pause_mode
dynamic_plus_no_new_york_18,2026-03-16 15:00:00,2026-03-16,PAUSE,,True,True,151,0.9929437064376205,1.7347930943278744,4,0.0,SKIP,pause_mode
dynamic_plus_no_new_york_18,2026-03-18 10:00:00,2026-03-18,PAUSE,,True,True,151,0.9929437064376205,1.7347930943278744,4,0.0,SKIP,pause_mode
dynamic_plus_no_new_york_18,2026-03-19 15:15:00,2026-03-19,PAUSE,,True,True,151,0.9929437064376205,1.7347930943278744,4,0.0,SKIP,pause_mode
dynamic_plus_no_new_york_18,2026-03-20 13:00:00,2026-03-20,PAUSE,,True,True,151,0.9929437064376205,1.7347930943278744,4,0.0,SKIP,pause_mode
dynamic_plus_no_new_york_18,2026-03-23 10:00:00,2026-03-23,PAUSE,,True,True,151,0.9929437064376205,1.7347930943278744,4,0.0,SKIP,pause_mode
dynamic_plus_no_new_york_18,2026-03-24 13:00:00,2026-03-24,PAUSE,,True,False,151,0.9929437064376205,1.7347930943278744,4,0.0,SKIP,pause_mode
dynamic_plus_no_new_york_18,2026-03-26 10:45:00,2026-03-26,PAUSE,,True,True,151,0.9929437064376205,1.7347930943278744,4,0.0,SKIP,pause_mode
dynamic_plus_no_new_york_18,2026-03-26 15:30:00,2026-03-26,PAUSE,,True,True,151,0.9929437064376205,1.7347930943278744,4,0.0,SKIP,pause_mode
dynamic_plus_no_new_york_18,2026-03-27 13:00:00,2026-03-27,PAUSE,,True,True,151,0.9929437064376205,1.7347930943278744,4,0.0,SKIP,pause_mode
dynamic_plus_no_new_york_18,2026-03-27 18:00:00,2026-03-27,PAUSE,,True,False,151,0.9929437064376205,1.7347930943278744,4,0.0,SKIP,pause_mode
dynamic_plus_no_new_york_18,2026-04-01 10:00:00,2026-04-01,PAUSE,,True,True,151,0.9929437064376205,1.7347930943278744,4,0.0,SKIP,pause_mode
dynamic_plus_no_new_york_18,2026-04-01 13:00:00,2026-04-01,PAUSE,,True,True,151,0.9929437064376205,1.7347930943278744,4,0.0,SKIP,pause_mode
dynamic_plus_no_new_york_18,2026-04-09 18:15:00,2026-04-09,PAUSE,,True,True,151,0.9929437064376205,1.7347930943278744,4,0.0,SKIP,pause_mode
dynamic_plus_no_new_york_18,2026-04-14 10:15:00,2026-04-14,PAUSE,,True,True,151,0.9929437064376205,1.7347930943278744,4,0.0,SKIP,pause_mode
dynamic_plus_no_new_york_18,2026-04-14 15:00:00,2026-04-14,PAUSE,,True,True,151,0.9929437064376205,1.7347930943278744,4,0.0,SKIP,pause_mode
dynamic_plus_no_new_york_18,2026-04-15 14:30:00,2026-04-15,PAUSE,,True,True,151,0.9929437064376205,1.7347930943278744,4,0.0,SKIP,pause_mode
dynamic_plus_no_new_york_18,2026-04-17 18:45:00,2026-04-17,PAUSE,,True,True,151,0.9929437064376205,1.7347930943278744,4,0.0,SKIP,pause_mode
dynamic_plus_no_new_york_18,2026-04-20 13:00:00,2026-04-20,PAUSE,,True,True,151,0.9929437064376205,1.7347930943278744,4,0.0,SKIP,pause_mode
dynamic_plus_no_new_york_18,2026-04-21 10:15:00,2026-04-21,PAUSE,,True,True,151,0.9929437064376205,1.7347930943278744,4,0.0,SKIP,pause_mode
dynamic_plus_no_new_york_18,2026-04-21 14:00:00,2026-04-21,PAUSE,,True,True,151,0.9929437064376205,1.7347930943278744,4,0.0,SKIP,pause_mode
dynamic_plus_no_new_york_18,2026-04-22 10:00:00,2026-04-22,PAUSE,,True,True,151,0.9929437064376205,1.7347930943278744,4,0.0,SKIP,pause_mode
dynamic_plus_no_new_york_18,2026-04-22 13:15:00,2026-04-22,PAUSE,,True,True,151,0.9929437064376205,1.7347930943278744,4,0.0,SKIP,pause_mode
dynamic_plus_no_new_york_18,2026-04-23 10:45:00,2026-04-23,PAUSE,,True,True,151,0.9929437064376205,1.7347930943278744,4,0.0,SKIP,pause_mode
dynamic_plus_no_new_york_18,2026-04-24 18:00:00,2026-04-24,PAUSE,,True,False,151,0.9929437064376205,1.7347930943278744,4,0.0,SKIP,pause_mode
dynamic_plus_no_new_york_18,2026-04-27 14:30:00,2026-04-27,PAUSE,,True,True,151,0.9929437064376205,1.7347930943278744,4,0.0,SKIP,pause_mode
dynamic_plus_no_new_york_18,2026-04-29 10:15:00,2026-04-29,PAUSE,,True,True,151,0.9929437064376205,1.7347930943278744,4,0.0,SKIP,pause_mode
dynamic_plus_no_new_york_18,2026-04-29 15:15:00,2026-04-29,PAUSE,,True,True,151,0.9929437064376205,1.7347930943278744,4,0.0,SKIP,pause_mode
dynamic_plus_no_new_york_18,2026-05-01 19:00:00,2026-05-01,PAUSE,,True,False,151,0.9929437064376205,1.7347930943278744,4,0.0,SKIP,pause_mode
dynamic_plus_no_new_york_18,2026-05-03 22:30:00,2026-05-03,PAUSE,,True,False,151,0.9929437064376205,1.7347930943278744,4,0.0,SKIP,pause_mode
dynamic_plus_no_new_york_18,2026-05-04 13:00:00,2026-05-04,PAUSE,,True,True,151,0.9929437064376205,1.7347930943278744,4,0.0,SKIP,pause_mode
dynamic_plus_no_new_york_18,2026-05-06 19:00:00,2026-05-06,PAUSE,,True,True,151,0.9929437064376205,1.7347930943278744,4,0.0,SKIP,pause_mode
dynamic_plus_no_new_york_18,2026-05-07 10:15:00,2026-05-07,PAUSE,,True,True,151,0.9929437064376205,1.7347930943278744,4,0.0,SKIP,pause_mode
