strategy_name,date,trades,skipped_trades,net_profit,gross_profit,gross_loss,ending_equity,max_drawdown_eur,max_drawdown_percent,daily_stopped,positive_day,negative_day
proxy_hardened_no_worst_hours,2022-02-11,0,0,0.0,0.0,0.0,1000.0,0.0,0.0,False,False,False
proxy_hardened_no_worst_hours,2022-02-13,0,0,0.0,0.0,0.0,1000.0,0.0,0.0,False,False,False
proxy_hardened_no_worst_hours,2022-02-14,0,0,0.0,0.0,0.0,1000.0,0.0,0.0,False,False,False
proxy_hardened_no_worst_hours,2022-02-15,0,0,0.0,0.0,0.0,1000.0,0.0,0.0,False,False,False
proxy_hardened_no_worst_hours,2022-02-16,2,0,14.976095367127837,14.976095367127837,0.0,1014.9760953671278,0.0,0.0,False,True,False
proxy_hardened_no_worst_hours,2022-02-17,0,0,0.0,0.0,0.0,1014.9760953671278,0.0,0.0,False,False,False
proxy_hardened_no_worst_hours,2022-02-18,2,0,3.7403487518755263,7.810265752133473,4.069917000257947,1018.7164441190032,4.069917000257988,0.40098648813850685,False,True,False
proxy_hardened_no_worst_hours,2022-02-20,0,0,0.0,0.0,0.0,1018.7164441190032,0.0,0.0,False,False,False
proxy_hardened_no_worst_hours,2022-02-21,1,0,-3.5278869451252195,0.0,3.5278869451252195,1015.1885571738779,3.5278869451252604,0.34630705781688004,False,False,True
proxy_hardened_no_worst_hours,2022-02-22,0,0,0.0,0.0,0.0,1015.1885571738779,0.0,0.0,False,False,False
proxy_hardened_no_worst_hours,2022-02-23,1,0,6.419745837894807,6.419745837894807,0.0,1021.6083030117727,0.0,0.0,False,True,False
proxy_hardened_no_worst_hours,2022-02-24,0,0,0.0,0.0,0.0,1021.6083030117727,0.0,0.0,False,False,False
proxy_hardened_no_worst_hours,2022-02-25,0,0,0.0,0.0,0.0,1021.6083030117727,0.0,0.0,False,False,False
proxy_hardened_no_worst_hours,2022-02-27,0,0,0.0,0.0,0.0,1021.6083030117727,0.0,0.0,False,False,False
proxy_hardened_no_worst_hours,2022-02-28,2,0,-11.704122411272383,0.0,11.704122411272383,1009.9041806005002,11.704122411272465,1.1456565473056448,False,False,True
proxy_hardened_no_worst_hours,2022-03-01,1,0,12.52412417368866,12.52412417368866,0.0,1022.4283047741889,0.0,0.0,False,True,False
proxy_hardened_no_worst_hours,2022-03-02,0,0,0.0,0.0,0.0,1022.4283047741889,0.0,0.0,False,False,False
proxy_hardened_no_worst_hours,2022-03-03,2,0,2.862153781812676,7.748276786746073,4.886123004933397,1025.2904585560016,4.886123004933438,0.47789394934763424,False,True,False
proxy_hardened_no_worst_hours,2022-03-04,2,0,23.472310729241,23.472310729241,0.0,1048.7627692852427,0.0,0.0,False,True,False
proxy_hardened_no_worst_hours,2022-03-06,0,0,0.0,0.0,0.0,1048.7627692852427,0.0,0.0,False,False,False
proxy_hardened_no_worst_hours,2022-03-07,0,0,0.0,0.0,0.0,1048.7627692852427,0.0,0.0,False,False,False
proxy_hardened_no_worst_hours,2022-03-08,2,0,-3.3308698940537926,15.143296230114329,18.47416612416812,1045.431899391189,18.47416612416805,1.7364471096627452,False,False,True
proxy_hardened_no_worst_hours,2022-03-09,0,0,0.0,0.0,0.0,1045.431899391189,0.0,0.0,False,False,False
proxy_hardened_no_worst_hours,2022-03-10,1,0,-9.726610453773747,0.0,9.726610453773747,1035.7052889374154,28.200776577941724,2.650682940159876,False,False,True
proxy_hardened_no_worst_hours,2022-03-11,1,0,-10.945992030380994,0.0,10.945992030380994,1024.7592969070345,39.146768608322645,3.6795324208777695,False,False,True
proxy_hardened_no_worst_hours,2022-03-13,0,0,0.0,0.0,0.0,1024.7592969070345,0.0,0.0,False,False,False
proxy_hardened_no_worst_hours,2022-03-14,1,0,13.920205582748322,13.920205582748322,0.0,1038.6795024897829,25.22656302557425,2.3711269108475737,False,True,False
proxy_hardened_no_worst_hours,2022-03-15,2,1,27.983879373993286,27.983879373993286,0.0,1066.6633818637763,12.960453199204721,1.218195254195366,True,True,False
proxy_hardened_no_worst_hours,2022-03-16,0,0,0.0,0.0,0.0,1066.6633818637763,0.0,0.0,False,False,False
proxy_hardened_no_worst_hours,2022-03-17,0,0,0.0,0.0,0.0,1066.6633818637763,0.0,0.0,False,False,False
proxy_hardened_no_worst_hours,2022-03-18,2,1,6.328363465628481,10.382964491493494,4.054601025865013,1072.991745329405,4.05460102586494,0.38012001675545976,True,True,False
proxy_hardened_no_worst_hours,2022-03-20,0,0,0.0,0.0,0.0,1072.991745329405,0.0,0.0,False,False,False
proxy_hardened_no_worst_hours,2022-03-21,1,0,-4.922375565156999,0.0,4.922375565156999,1068.069369764248,4.922375565156926,0.45875241692989666,False,False,True
proxy_hardened_no_worst_hours,2022-03-22,1,0,7.537908419103969,7.537908419103969,0.0,1075.607278183352,0.0,0.0,False,True,False
proxy_hardened_no_worst_hours,2022-03-23,1,0,-4.698826580926907,0.0,4.698826580926907,1070.9084516024252,4.698826580926834,0.43685336425604354,False,False,True
proxy_hardened_no_worst_hours,2022-03-24,2,1,18.820499467256095,18.820499467256095,0.0,1089.7289510696814,0.0,0.0,True,True,False
proxy_hardened_no_worst_hours,2022-03-25,0,0,0.0,0.0,0.0,1089.7289510696814,0.0,0.0,False,False,False
proxy_hardened_no_worst_hours,2022-03-27,0,0,0.0,0.0,0.0,1089.7289510696814,0.0,0.0,False,False,False
proxy_hardened_no_worst_hours,2022-03-28,0,0,0.0,0.0,0.0,1089.7289510696814,0.0,0.0,False,False,False
proxy_hardened_no_worst_hours,2022-03-29,0,0,0.0,0.0,0.0,1089.7289510696814,0.0,0.0,False,False,False
proxy_hardened_no_worst_hours,2022-03-30,1,0,-4.158192589672426,0.0,4.158192589672426,1085.570758480009,4.158192589672353,0.3815804458155084,False,False,True
proxy_hardened_no_worst_hours,2022-03-31,1,0,-3.9435018077068253,0.0,3.9435018077068253,1081.6272566723023,8.101694397379106,0.7434595905180326,False,False,True
proxy_hardened_no_worst_hours,2022-04-01,0,0,0.0,0.0,0.0,1081.6272566723023,0.0,0.0,False,False,False
proxy_hardened_no_worst_hours,2022-04-03,0,0,0.0,0.0,0.0,1081.6272566723023,0.0,0.0,False,False,False
proxy_hardened_no_worst_hours,2022-04-04,0,0,0.0,0.0,0.0,1081.6272566723023,0.0,0.0,False,False,False
proxy_hardened_no_worst_hours,2022-04-05,0,0,0.0,0.0,0.0,1081.6272566723023,0.0,0.0,False,False,False
proxy_hardened_no_worst_hours,2022-04-06,1,0,-5.7793000398319965,0.0,5.7793000398319965,1075.8479566324704,13.88099443721103,1.273802483047312,False,False,True
proxy_hardened_no_worst_hours,2022-04-07,1,0,-3.728349562629619,0.0,3.728349562629619,1072.1196070698409,17.609343999840576,1.6159379800412925,False,False,True
proxy_hardened_no_worst_hours,2022-04-08,1,0,10.242726510963093,10.242726510963093,0.0,1082.362333580804,7.366617488877409,0.676004568075971,False,True,False
proxy_hardened_no_worst_hours,2022-04-10,0,0,0.0,0.0,0.0,1082.362333580804,0.0,0.0,False,False,False
proxy_hardened_no_worst_hours,2022-04-11,1,0,8.765308687796205,8.765308687796205,0.0,1091.1276422686003,0.0,0.0,False,True,False
proxy_hardened_no_worst_hours,2022-04-12,2,0,7.5549379817121824,12.863392594605711,5.308454612893529,1098.6825802503126,5.308454612893456,0.4808421848779976,False,True,False
proxy_hardened_no_worst_hours,2022-04-13,1,0,-5.055086167137761,0.0,5.055086167137761,1093.627494083175,10.363540780031144,0.9387341430100721,False,False,True
proxy_hardened_no_worst_hours,2022-04-14,0,0,0.0,0.0,0.0,1093.627494083175,0.0,0.0,False,False,False
proxy_hardened_no_worst_hours,2022-04-17,0,0,0.0,0.0,0.0,1093.627494083175,0.0,0.0,False,False,False
proxy_hardened_no_worst_hours,2022-04-18,1,0,-3.9464665082487773,0.0,3.9464665082487773,1089.6810275749262,14.310007288279849,1.2962068383148582,False,False,True
proxy_hardened_no_worst_hours,2022-04-19,0,0,0.0,0.0,0.0,1089.6810275749262,0.0,0.0,False,False,False
proxy_hardened_no_worst_hours,2022-04-20,0,0,0.0,0.0,0.0,1089.6810275749262,0.0,0.0,False,False,False
proxy_hardened_no_worst_hours,2022-04-21,1,0,-5.355621054457588,0.0,5.355621054457588,1084.3254065204687,19.665628342737364,1.7813213804923789,False,False,True
proxy_hardened_no_worst_hours,2022-04-22,1,0,12.737728299819464,12.737728299819464,0.0,1097.0631348202883,6.927900042917827,0.6275322737359232,False,True,False
proxy_hardened_no_worst_hours,2022-04-24,0,0,0.0,0.0,0.0,1097.0631348202883,0.0,0.0,False,False,False
proxy_hardened_no_worst_hours,2022-04-25,1,0,8.898427570285248,8.898427570285248,0.0,1105.9615623905736,0.0,0.0,False,True,False
proxy_hardened_no_worst_hours,2022-04-26,0,0,0.0,0.0,0.0,1105.9615623905736,0.0,0.0,False,False,False
proxy_hardened_no_worst_hours,2022-04-27,2,0,6.161719261535691,11.17098750914185,5.00926824760616,1112.1232816521094,5.009268247606087,0.45293330418991984,False,True,False
proxy_hardened_no_worst_hours,2022-04-28,1,0,6.601063734238478,6.601063734238478,0.0,1118.724345386348,0.0,0.0,False,True,False
proxy_hardened_no_worst_hours,2022-04-29,0,0,0.0,0.0,0.0,1118.724345386348,0.0,0.0,False,False,False
proxy_hardened_no_worst_hours,2022-05-01,0,0,0.0,0.0,0.0,1118.724345386348,0.0,0.0,False,False,False
proxy_hardened_no_worst_hours,2022-05-02,0,0,0.0,0.0,0.0,1118.724345386348,0.0,0.0,False,False,False
proxy_hardened_no_worst_hours,2022-05-03,1,0,-4.2430475890822255,0.0,4.2430475890822255,1114.4812977972658,4.243047589082153,0.37927552096104866,False,False,True
proxy_hardened_no_worst_hours,2022-05-04,0,0,0.0,0.0,0.0,1114.4812977972658,0.0,0.0,False,False,False
proxy_hardened_no_worst_hours,2022-05-05,1,0,7.685891559111878,7.685891559111878,0.0,1122.1671893563778,0.0,0.0,False,True,False
proxy_hardened_no_worst_hours,2022-05-06,0,0,0.0,0.0,0.0,1122.1671893563778,0.0,0.0,False,False,False
proxy_hardened_no_worst_hours,2022-05-08,0,0,0.0,0.0,0.0,1122.1671893563778,0.0,0.0,False,False,False
proxy_hardened_no_worst_hours,2022-05-09,1,0,10.92002499785387,10.92002499785387,0.0,1133.0872143542317,0.0,0.0,False,True,False
proxy_hardened_no_worst_hours,2022-05-10,1,0,9.055822459088786,9.055822459088786,0.0,1142.1430368133206,0.0,0.0,False,True,False
proxy_hardened_no_worst_hours,2022-05-11,0,0,0.0,0.0,0.0,1142.1430368133206,0.0,0.0,False,False,False
proxy_hardened_no_worst_hours,2022-05-12,2,1,19.556044024825805,19.556044024825805,0.0,1161.6990808381465,0.0,0.0,True,True,False
proxy_hardened_no_worst_hours,2022-05-13,1,0,12.799541095177046,12.799541095177046,0.0,1174.4986219333236,0.0,0.0,False,True,False
proxy_hardened_no_worst_hours,2022-05-15,0,0,0.0,0.0,0.0,1174.4986219333236,0.0,0.0,False,False,False
proxy_hardened_no_worst_hours,2022-05-16,0,0,0.0,0.0,0.0,1174.4986219333236,0.0,0.0,False,False,False
proxy_hardened_no_worst_hours,2022-05-17,0,0,0.0,0.0,0.0,1174.4986219333236,0.0,0.0,False,False,False
proxy_hardened_no_worst_hours,2022-05-18,1,0,-4.875898030707576,0.0,4.875898030707576,1169.6227239026161,4.8758980307075035,0.41514719043955667,False,False,True
proxy_hardened_no_worst_hours,2022-05-19,1,0,-4.09480476820484,0.0,4.09480476820484,1165.5279191344114,8.97070279891227,0.7637899807958684,False,False,True
proxy_hardened_no_worst_hours,2022-05-20,0,0,0.0,0.0,0.0,1165.5279191344114,0.0,0.0,False,False,False
proxy_hardened_no_worst_hours,2022-05-22,0,0,0.0,0.0,0.0,1165.5279191344114,0.0,0.0,False,False,False
proxy_hardened_no_worst_hours,2022-05-23,0,0,0.0,0.0,0.0,1165.5279191344114,0.0,0.0,False,False,False
proxy_hardened_no_worst_hours,2022-05-24,2,1,4.365347189568265,7.351448720043136,2.986101530474871,1169.8932663239798,11.956804329387069,1.018034768717324,True,True,False
proxy_hardened_no_worst_hours,2022-05-25,0,0,0.0,0.0,0.0,1169.8932663239798,0.0,0.0,False,False,False
proxy_hardened_no_worst_hours,2022-05-26,1,0,-4.927918720910457,0.0,4.927918720910457,1164.9653476030694,9.533274330254244,0.8116888476686053,False,False,True
proxy_hardened_no_worst_hours,2022-05-27,1,0,-2.883273762586059,0.0,2.883273762586059,1162.0820738404834,12.41654809284023,1.0571786003802666,False,False,True
proxy_hardened_no_worst_hours,2022-05-29,0,0,0.0,0.0,0.0,1162.0820738404834,0.0,0.0,False,False,False
proxy_hardened_no_worst_hours,2022-05-30,0,0,0.0,0.0,0.0,1162.0820738404834,0.0,0.0,False,False,False
proxy_hardened_no_worst_hours,2022-05-31,1,0,9.973507813235228,9.973507813235228,0.0,1172.0555816537187,2.4430402796049293,0.20800707927468481,False,True,False
proxy_hardened_no_worst_hours,2022-06-01,1,0,-2.5450343792156946,0.0,2.5450343792156946,1169.510547274503,4.988074658820551,0.4246982129795743,False,False,True
proxy_hardened_no_worst_hours,2022-06-02,1,0,4.431049324296437,4.431049324296437,0.0,1173.9415965987996,0.5570253345240417,0.047426648624511035,False,True,False
proxy_hardened_no_worst_hours,2022-06-03,0,0,0.0,0.0,0.0,1173.9415965987996,0.0,0.0,False,False,False
proxy_hardened_no_worst_hours,2022-06-05,0,0,0.0,0.0,0.0,1173.9415965987996,0.0,0.0,False,False,False
proxy_hardened_no_worst_hours,2022-06-06,0,0,0.0,0.0,0.0,1173.9415965987996,0.0,0.0,False,False,False
proxy_hardened_no_worst_hours,2022-06-07,2,0,-7.846693130916638,0.0,7.846693130916638,1166.0949034678831,8.403718465440534,0.7155153959744376,False,False,True
proxy_hardened_no_worst_hours,2022-06-08,0,0,0.0,0.0,0.0,1166.0949034678831,0.0,0.0,False,False,False
proxy_hardened_no_worst_hours,2022-06-09,1,0,-4.184284035312276,0.0,4.184284035312276,1161.910619432571,12.588002500752737,1.0717766939591487,False,False,True
proxy_hardened_no_worst_hours,2022-06-10,2,0,-2.1129611309515077,4.629098141531058,6.742059272482566,1159.7976583016195,14.700963631704099,1.2516799387559157,False,False,True
proxy_hardened_no_worst_hours,2022-06-12,0,0,0.0,0.0,0.0,1159.7976583016195,0.0,0.0,False,False,False
proxy_hardened_no_worst_hours,2022-06-13,0,0,0.0,0.0,0.0,1159.7976583016195,0.0,0.0,False,False,False
proxy_hardened_no_worst_hours,2022-06-14,0,0,0.0,0.0,0.0,1159.7976583016195,0.0,0.0,False,False,False
proxy_hardened_no_worst_hours,2022-06-15,1,0,-9.283735477206237,0.0,9.283735477206237,1150.5139228244134,23.984699108910263,2.0421223712829417,False,False,True
proxy_hardened_no_worst_hours,2022-06-16,0,0,0.0,0.0,0.0,1150.5139228244134,0.0,0.0,False,False,False
proxy_hardened_no_worst_hours,2022-06-17,0,0,0.0,0.0,0.0,1150.5139228244134,0.0,0.0,False,False,False
proxy_hardened_no_worst_hours,2022-06-19,0,0,0.0,0.0,0.0,1150.5139228244134,0.0,0.0,False,False,False
proxy_hardened_no_worst_hours,2022-06-20,0,0,0.0,0.0,0.0,1150.5139228244134,0.0,0.0,False,False,False
proxy_hardened_no_worst_hours,2022-06-21,0,0,0.0,0.0,0.0,1150.5139228244134,0.0,0.0,False,False,False
proxy_hardened_no_worst_hours,2022-06-22,1,0,-5.834781378382859,0.0,5.834781378382859,1144.6791414460306,29.81948048729305,2.538911492140167,False,False,True
proxy_hardened_no_worst_hours,2022-06-23,0,0,0.0,0.0,0.0,1144.6791414460306,0.0,0.0,False,False,False
proxy_hardened_no_worst_hours,2022-06-24,1,0,-5.071400907982097,0.0,5.071400907982097,1139.6077405380486,34.89088139527507,2.9707043281022965,False,False,True
proxy_hardened_no_worst_hours,2022-06-26,0,0,0.0,0.0,0.0,1139.6077405380486,0.0,0.0,False,False,False
proxy_hardened_no_worst_hours,2022-06-27,1,0,-3.3352351895546963,0.0,3.3352351895546963,1136.272505348494,38.2261165848297,3.2546753032290736,False,False,True
proxy_hardened_no_worst_hours,2022-06-28,1,0,6.712750659030844,6.712750659030844,0.0,1142.9852560075249,31.51336592579878,2.6831334952036916,False,True,False
proxy_hardened_no_worst_hours,2022-06-29,2,0,7.488667337634833,10.46318362862773,2.974516290992897,1150.4739233451598,34.487882216791604,2.936391884395883,False,True,False
proxy_hardened_no_worst_hours,2022-06-30,1,0,12.640315956147715,12.640315956147715,0.0,1163.1142393013076,11.384382632016013,0.9692972319777063,False,True,False
proxy_hardened_no_worst_hours,2022-07-01,0,0,0.0,0.0,0.0,1163.1142393013076,0.0,0.0,False,False,False
proxy_hardened_no_worst_hours,2022-07-03,0,0,0.0,0.0,0.0,1163.1142393013076,0.0,0.0,False,False,False
proxy_hardened_no_worst_hours,2022-07-04,0,0,0.0,0.0,0.0,1163.1142393013076,0.0,0.0,False,False,False
proxy_hardened_no_worst_hours,2022-07-05,0,0,0.0,0.0,0.0,1163.1142393013076,0.0,0.0,False,False,False
proxy_hardened_no_worst_hours,2022-07-06,1,0,10.851195981356268,10.851195981356268,0.0,1173.965435282664,0.5331866506596725,0.045396958387401286,False,True,False
proxy_hardened_no_worst_hours,2022-07-07,0,0,0.0,0.0,0.0,1173.965435282664,0.0,0.0,False,False,False
proxy_hardened_no_worst_hours,2022-07-08,0,0,0.0,0.0,0.0,1173.965435282664,0.0,0.0,False,False,False
proxy_hardened_no_worst_hours,2022-07-10,0,0,0.0,0.0,0.0,1173.965435282664,0.0,0.0,False,False,False
proxy_hardened_no_worst_hours,2022-07-11,1,0,-2.6819806246081317,0.0,2.6819806246081317,1171.283454658056,3.2151672752677314,0.27374806706671956,False,False,True
proxy_hardened_no_worst_hours,2022-07-12,1,0,8.643171929478212,8.643171929478212,0.0,1179.9266265875342,0.0,0.0,False,True,False
proxy_hardened_no_worst_hours,2022-07-13,2,0,-14.236289596781408,0.0,14.236289596781408,1165.690336990753,14.236289596781262,1.2065402437738044,False,False,True
proxy_hardened_no_worst_hours,2022-07-14,1,0,-6.985618480634985,0.0,6.985618480634985,1158.704718510118,21.221908077416174,1.7985786233837313,False,False,True
proxy_hardened_no_worst_hours,2022-07-15,1,0,-3.1021577619947767,0.0,3.1021577619947767,1155.6025607481233,24.324065839410878,2.0614896970126444,False,False,True
proxy_hardened_no_worst_hours,2022-07-17,0,0,0.0,0.0,0.0,1155.6025607481233,0.0,0.0,False,False,False
proxy_hardened_no_worst_hours,2022-07-18,0,0,0.0,0.0,0.0,1155.6025607481233,0.0,0.0,False,False,False
proxy_hardened_no_worst_hours,2022-07-19,0,0,0.0,0.0,0.0,1155.6025607481233,0.0,0.0,False,False,False
proxy_hardened_no_worst_hours,2022-07-20,2,0,3.9216757666830198,6.981836785692321,3.0601610190093016,1159.5242365148065,27.384226858420107,2.320841503307543,False,True,False
proxy_hardened_no_worst_hours,2022-07-21,0,0,0.0,0.0,0.0,1159.5242365148065,0.0,0.0,False,False,False
proxy_hardened_no_worst_hours,2022-07-22,1,0,8.685751454493966,8.685751454493966,0.0,1168.2099879693005,11.716638618233674,0.9929972215407465,False,True,False
proxy_hardened_no_worst_hours,2022-07-24,0,0,0.0,0.0,0.0,1168.2099879693005,0.0,0.0,False,False,False
proxy_hardened_no_worst_hours,2022-07-25,1,0,-3.575284220228541,0.0,3.575284220228541,1164.634703749072,15.291922838462142,1.296006251057145,False,False,True
proxy_hardened_no_worst_hours,2022-07-26,0,0,0.0,0.0,0.0,1164.634703749072,0.0,0.0,False,False,False
proxy_hardened_no_worst_hours,2022-07-27,1,0,9.983262620453315,9.983262620453315,0.0,1174.6179663695254,5.308660218008754,0.44991443521890256,False,True,False
proxy_hardened_no_worst_hours,2022-07-28,2,0,18.504121870863937,18.504121870863937,0.0,1193.1220882403895,0.0,0.0,False,True,False
proxy_hardened_no_worst_hours,2022-07-29,1,0,-3.609191102805953,0.0,3.609191102805953,1189.5128971375836,3.6091911028058803,0.30249973061253915,False,False,True
proxy_hardened_no_worst_hours,2022-07-31,0,0,0.0,0.0,0.0,1189.5128971375836,0.0,0.0,False,False,False
proxy_hardened_no_worst_hours,2022-08-01,1,0,-4.317543170825347,0.0,4.317543170825347,1185.1953539667584,7.926734273631155,0.6643690827416885,False,False,True
proxy_hardened_no_worst_hours,2022-08-02,0,0,0.0,0.0,0.0,1185.1953539667584,0.0,0.0,False,False,False
proxy_hardened_no_worst_hours,2022-08-03,0,0,0.0,0.0,0.0,1185.1953539667584,0.0,0.0,False,False,False
proxy_hardened_no_worst_hours,2022-08-04,1,0,8.939971719325895,8.939971719325895,0.0,1194.1353256860843,0.0,0.0,False,True,False
proxy_hardened_no_worst_hours,2022-08-05,0,0,0.0,0.0,0.0,1194.1353256860843,0.0,0.0,False,False,False
proxy_hardened_no_worst_hours,2022-08-07,0,0,0.0,0.0,0.0,1194.1353256860843,0.0,0.0,False,False,False
proxy_hardened_no_worst_hours,2022-08-08,1,0,-2.8696613783857448,0.0,2.8696613783857448,1191.2656643076987,2.869661378385672,0.2403129123357039,False,False,True
proxy_hardened_no_worst_hours,2022-08-09,2,1,2.4758246420552403,6.633455093585708,4.157630451530467,1193.741488949754,4.157630451530395,0.3470768434664513,True,True,False
proxy_hardened_no_worst_hours,2022-08-10,1,0,-5.501453260546059,0.0,5.501453260546059,1188.240035689208,9.65908371207638,0.8063353212000052,False,False,True
proxy_hardened_no_worst_hours,2022-08-11,1,0,-3.9618405864774378,0.0,3.9618405864774378,1184.2781951027307,13.620924298553746,1.1370677278201478,False,False,True
proxy_hardened_no_worst_hours,2022-08-12,1,0,8.617996352732616,8.617996352732616,0.0,1192.8961914554634,5.002927945821057,0.4176418418540572,False,True,False
proxy_hardened_no_worst_hours,2022-08-14,0,0,0.0,0.0,0.0,1192.8961914554634,0.0,0.0,False,False,False
proxy_hardened_no_worst_hours,2022-08-15,1,0,-5.519757915233713,0.0,5.519757915233713,1187.3764335402298,10.522685861054697,0.8784283827100553,False,False,True
proxy_hardened_no_worst_hours,2022-08-16,1,0,-3.8797942423471614,0.0,3.8797942423471614,1183.4966392978827,14.402480103401786,1.2023116028835727,False,False,True
proxy_hardened_no_worst_hours,2022-08-17,1,0,7.598728544953628,7.598728544953628,0.0,1191.0953678428364,6.803751558448084,0.5679736672524337,False,True,False
proxy_hardened_no_worst_hours,2022-08-18,0,0,0.0,0.0,0.0,1191.0953678428364,0.0,0.0,False,False,False
proxy_hardened_no_worst_hours,2022-08-19,1,0,7.417463407005398,7.417463407005398,0.0,1198.5128312498418,0.0,0.0,False,True,False
proxy_hardened_no_worst_hours,2022-08-21,0,0,0.0,0.0,0.0,1198.5128312498418,0.0,0.0,False,False,False
proxy_hardened_no_worst_hours,2022-08-22,1,0,-4.3198065310082985,0.0,4.3198065310082985,1194.1930247188336,4.319806531008226,0.3604305618074538,False,False,True
proxy_hardened_no_worst_hours,2022-08-23,2,0,-6.902199206902569,0.0,6.902199206902569,1187.2908255119312,11.22200573791065,0.9363275423766667,False,False,True
proxy_hardened_no_worst_hours,2022-08-24,2,0,1.156257686148674,4.6806598977251905,3.5244022115765166,1188.44708319808,14.746407949487093,1.2303921631034302,False,True,False
proxy_hardened_no_worst_hours,2022-08-25,0,0,0.0,0.0,0.0,1188.44708319808,0.0,0.0,False,False,False
proxy_hardened_no_worst_hours,2022-08-26,1,0,11.499726866465307,11.499726866465307,0.0,1199.9468100645454,0.0,0.0,False,True,False
proxy_hardened_no_worst_hours,2022-08-28,0,0,0.0,0.0,0.0,1199.9468100645454,0.0,0.0,False,False,False
proxy_hardened_no_worst_hours,2022-08-29,0,0,0.0,0.0,0.0,1199.9468100645454,0.0,0.0,False,False,False
proxy_hardened_no_worst_hours,2022-08-30,1,0,6.996064678311695,6.996064678311695,0.0,1206.9428747428572,0.0,0.0,False,True,False
proxy_hardened_no_worst_hours,2022-08-31,0,0,0.0,0.0,0.0,1206.9428747428572,0.0,0.0,False,False,False
proxy_hardened_no_worst_hours,2022-09-01,2,0,3.495395434396041,9.428958494249782,5.933563059853741,1210.4382701772533,5.933563059853668,0.48780832453697903,False,True,False
proxy_hardened_no_worst_hours,2022-09-02,0,0,0.0,0.0,0.0,1210.4382701772533,0.0,0.0,False,False,False
proxy_hardened_no_worst_hours,2022-09-04,0,0,0.0,0.0,0.0,1210.4382701772533,0.0,0.0,False,False,False
proxy_hardened_no_worst_hours,2022-09-05,0,0,0.0,0.0,0.0,1210.4382701772533,0.0,0.0,False,False,False
proxy_hardened_no_worst_hours,2022-09-06,1,0,7.314063857922447,7.314063857922447,0.0,1217.7523340351759,0.0,0.0,False,True,False
proxy_hardened_no_worst_hours,2022-09-07,0,0,0.0,0.0,0.0,1217.7523340351759,0.0,0.0,False,False,False
proxy_hardened_no_worst_hours,2022-09-08,0,0,0.0,0.0,0.0,1217.7523340351759,0.0,0.0,False,False,False
proxy_hardened_no_worst_hours,2022-09-09,0,0,0.0,0.0,0.0,1217.7523340351759,0.0,0.0,False,False,False
proxy_hardened_no_worst_hours,2022-09-11,0,0,0.0,0.0,0.0,1217.7523340351759,0.0,0.0,False,False,False
proxy_hardened_no_worst_hours,2022-09-12,1,0,-4.5643511913350086,0.0,4.5643511913350086,1213.187982843841,4.564351191334936,0.3748176918873465,False,False,True
proxy_hardened_no_worst_hours,2022-09-13,1,0,5.158675248515619,5.158675248515619,0.0,1218.3466580923566,0.0,0.0,False,True,False
proxy_hardened_no_worst_hours,2022-09-14,1,0,-3.721412851920677,0.0,3.721412851920677,1214.625245240436,3.7214128519206042,0.3054477826325275,False,False,True
proxy_hardened_no_worst_hours,2022-09-15,2,1,-7.098859882212,0.0,7.098859882212,1207.5263853582242,10.820272734132459,0.8881111678899709,True,False,True
proxy_hardened_no_worst_hours,2022-09-16,1,0,-4.329132111470772,0.0,4.329132111470772,1203.1972532467535,15.149404845603158,1.2434396027583439,False,False,True
proxy_hardened_no_worst_hours,2022-09-18,0,0,0.0,0.0,0.0,1203.1972532467535,0.0,0.0,False,False,False
proxy_hardened_no_worst_hours,2022-09-19,1,0,-3.413654060270874,0.0,3.413654060270874,1199.7835991864827,18.56305890587396,1.5236270221268,False,False,True
proxy_hardened_no_worst_hours,2022-09-20,2,0,2.0292777313469195,5.905091232062132,3.8758135007152124,1201.8128769178297,16.533781174526894,1.3570670600775392,False,True,False
proxy_hardened_no_worst_hours,2022-09-21,0,0,0.0,0.0,0.0,1201.8128769178297,0.0,0.0,False,False,False
proxy_hardened_no_worst_hours,2022-09-22,1,0,-6.771477619638135,0.0,6.771477619638135,1195.0413992981917,23.305258794164956,1.9128594180785534,False,False,True
proxy_hardened_no_worst_hours,2022-09-23,1,0,12.742136152145958,12.742136152145958,0.0,1207.7835354503377,10.563122642018925,0.8670046880219036,False,True,False
proxy_hardened_no_worst_hours,2022-09-25,0,0,0.0,0.0,0.0,1207.7835354503377,0.0,0.0,False,False,False
proxy_hardened_no_worst_hours,2022-09-26,1,0,-5.252079143921565,0.0,5.252079143921565,1202.5314563064162,15.815201785940417,1.2980871807621068,False,False,True
proxy_hardened_no_worst_hours,2022-09-27,0,0,0.0,0.0,0.0,1202.5314563064162,0.0,0.0,False,False,False
proxy_hardened_no_worst_hours,2022-09-28,0,0,0.0,0.0,0.0,1202.5314563064162,0.0,0.0,False,False,False
proxy_hardened_no_worst_hours,2022-09-29,2,0,6.698140967936379,12.374357220068005,5.676216252131626,1209.2295972743527,21.49141803807197,1.7639821881009186,False,True,False
proxy_hardened_no_worst_hours,2022-09-30,1,0,-5.166282226424828,0.0,5.166282226424828,1204.063315047928,14.283343044428648,1.1723545962520219,False,False,True
proxy_hardened_no_worst_hours,2022-10-02,0,0,0.0,0.0,0.0,1204.063315047928,0.0,0.0,False,False,False
proxy_hardened_no_worst_hours,2022-10-03,0,0,0.0,0.0,0.0,1204.063315047928,0.0,0.0,False,False,False
proxy_hardened_no_worst_hours,2022-10-04,1,0,9.504540395995646,9.504540395995646,0.0,1213.5678554439237,4.778802648432929,0.39223669361193203,False,True,False
proxy_hardened_no_worst_hours,2022-10-05,1,0,6.536019427972105,6.536019427972105,0.0,1220.1038748718959,0.0,0.0,False,True,False
proxy_hardened_no_worst_hours,2022-10-06,0,0,0.0,0.0,0.0,1220.1038748718959,0.0,0.0,False,False,False
proxy_hardened_no_worst_hours,2022-10-07,0,0,0.0,0.0,0.0,1220.1038748718959,0.0,0.0,False,False,False
proxy_hardened_no_worst_hours,2022-10-09,0,0,0.0,0.0,0.0,1220.1038748718959,0.0,0.0,False,False,False
proxy_hardened_no_worst_hours,2022-10-10,0,0,0.0,0.0,0.0,1220.1038748718959,0.0,0.0,False,False,False
proxy_hardened_no_worst_hours,2022-10-11,1,0,-4.004668924530806,0.0,4.004668924530806,1216.0992059473651,4.004668924530733,0.3282236051378168,False,False,True
proxy_hardened_no_worst_hours,2022-10-12,1,0,-3.1140785977484757,0.0,3.1140785977484757,1212.9851273496167,7.118747522279136,0.5834542180293104,False,False,True
proxy_hardened_no_worst_hours,2022-10-13,0,0,0.0,0.0,0.0,1212.9851273496167,0.0,0.0,False,False,False
proxy_hardened_no_worst_hours,2022-10-14,0,0,0.0,0.0,0.0,1212.9851273496167,0.0,0.0,False,False,False
proxy_hardened_no_worst_hours,2022-10-16,0,0,0.0,0.0,0.0,1212.9851273496167,0.0,0.0,False,False,False
proxy_hardened_no_worst_hours,2022-10-17,0,0,0.0,0.0,0.0,1212.9851273496167,0.0,0.0,False,False,False
proxy_hardened_no_worst_hours,2022-10-18,2,0,3.7265217737570673,7.509615063327528,3.783093289570461,1216.711649123374,10.901840811849524,0.8935174321116025,False,True,False
proxy_hardened_no_worst_hours,2022-10-19,1,0,9.269085392198958,9.269085392198958,0.0,1225.980734515573,0.0,0.0,False,True,False
proxy_hardened_no_worst_hours,2022-10-20,0,0,0.0,0.0,0.0,1225.980734515573,0.0,0.0,False,False,False
proxy_hardened_no_worst_hours,2022-10-21,0,0,0.0,0.0,0.0,1225.980734515573,0.0,0.0,False,False,False
proxy_hardened_no_worst_hours,2022-10-23,0,0,0.0,0.0,0.0,1225.980734515573,0.0,0.0,False,False,False
proxy_hardened_no_worst_hours,2022-10-24,0,0,0.0,0.0,0.0,1225.980734515573,0.0,0.0,False,False,False
proxy_hardened_no_worst_hours,2022-10-25,1,0,-3.724282269255882,0.0,3.724282269255882,1222.2564522463172,3.7242822692558093,0.30377983637136036,False,False,True
proxy_hardened_no_worst_hours,2022-10-26,1,0,-4.755324440973782,0.0,4.755324440973782,1217.5011278053435,8.479606710229518,0.6916590507093165,False,False,True
proxy_hardened_no_worst_hours,2022-10-27,0,0,0.0,0.0,0.0,1217.5011278053435,0.0,0.0,False,False,False
proxy_hardened_no_worst_hours,2022-10-28,1,0,11.446214016307222,11.446214016307222,0.0,1228.9473418216508,0.0,0.0,False,True,False
proxy_hardened_no_worst_hours,2022-10-30,0,0,0.0,0.0,0.0,1228.9473418216508,0.0,0.0,False,False,False
proxy_hardened_no_worst_hours,2022-10-31,2,0,-7.189908982182178,0.0,7.189908982182178,1221.7574328394687,7.189908982182033,0.585046139692571,False,False,True
proxy_hardened_no_worst_hours,2022-11-01,1,0,7.584458135698169,7.584458135698169,0.0,1229.341890975167,0.0,0.0,False,True,False
proxy_hardened_no_worst_hours,2022-11-02,1,0,-3.3130841091493313,0.0,3.3130841091493313,1226.0288068660177,3.3130841091492584,0.26950062740652053,False,False,True
proxy_hardened_no_worst_hours,2022-11-03,1,0,-5.238729794494093,0.0,5.238729794494093,1220.7900770715237,8.551813903643279,0.6956416247118702,False,False,True
proxy_hardened_no_worst_hours,2022-11-04,1,0,7.254302113449212,7.254302113449212,0.0,1228.044379184973,1.2975117901939939,0.10554523519610574,False,True,False
proxy_hardened_no_worst_hours,2022-11-06,0,0,0.0,0.0,0.0,1228.044379184973,0.0,0.0,False,False,False
proxy_hardened_no_worst_hours,2022-11-07,1,0,-3.3430545393701596,0.0,3.3430545393701596,1224.7013246456029,4.640566329564081,0.37748378735251453,False,False,True
proxy_hardened_no_worst_hours,2022-11-08,0,0,0.0,0.0,0.0,1224.7013246456029,0.0,0.0,False,False,False
proxy_hardened_no_worst_hours,2022-11-09,1,0,-5.399292961028168,0.0,5.399292961028168,1219.3020316845748,10.039859290592176,0.8166856888467476,False,False,True
proxy_hardened_no_worst_hours,2022-11-10,0,0,0.0,0.0,0.0,1219.3020316845748,0.0,0.0,False,False,False
proxy_hardened_no_worst_hours,2022-11-11,2,0,5.414610145135693,10.012870680693068,4.598260535557374,1224.7166418297106,14.638119826149477,1.1907281394712654,False,True,False
proxy_hardened_no_worst_hours,2022-11-13,0,0,0.0,0.0,0.0,1224.7166418297106,0.0,0.0,False,False,False
proxy_hardened_no_worst_hours,2022-11-14,2,0,4.686299926566871,7.9132740056631246,3.2269740790962533,1229.4029417562776,3.2269740790961805,0.26179585921449966,False,True,False
proxy_hardened_no_worst_hours,2022-11-15,2,0,1.0671478178852247,7.622993158017534,6.55584534013231,1230.470089574163,6.555845340132237,0.5299683018033445,False,True,False
proxy_hardened_no_worst_hours,2022-11-16,0,0,0.0,0.0,0.0,1230.470089574163,0.0,0.0,False,False,False
proxy_hardened_no_worst_hours,2022-11-17,0,0,0.0,0.0,0.0,1230.470089574163,0.0,0.0,False,False,False
proxy_hardened_no_worst_hours,2022-11-18,0,0,0.0,0.0,0.0,1230.470089574163,0.0,0.0,False,False,False
proxy_hardened_no_worst_hours,2022-11-20,0,0,0.0,0.0,0.0,1230.470089574163,0.0,0.0,False,False,False
proxy_hardened_no_worst_hours,2022-11-21,1,0,-3.240428498872989,0.0,3.240428498872989,1227.22966107529,9.796273839005153,0.7919214595677712,False,False,True
proxy_hardened_no_worst_hours,2022-11-22,0,0,0.0,0.0,0.0,1227.22966107529,0.0,0.0,False,False,False
proxy_hardened_no_worst_hours,2022-11-23,0,0,0.0,0.0,0.0,1227.22966107529,0.0,0.0,False,False,False
proxy_hardened_no_worst_hours,2022-11-24,1,0,-2.6291809822626693,0.0,2.6291809822626693,1224.6004800930275,12.42545482126775,1.0044619494682316,False,False,True
proxy_hardened_no_worst_hours,2022-11-25,0,0,0.0,0.0,0.0,1224.6004800930275,0.0,0.0,False,False,False
proxy_hardened_no_worst_hours,2022-11-27,0,0,0.0,0.0,0.0,1224.6004800930275,0.0,0.0,False,False,False
proxy_hardened_no_worst_hours,2022-11-28,0,0,0.0,0.0,0.0,1224.6004800930275,0.0,0.0,False,False,False
proxy_hardened_no_worst_hours,2022-11-29,1,0,-4.189394823725097,0.0,4.189394823725097,1220.4110852693025,16.614849644992773,1.3431286423387638,False,False,True
proxy_hardened_no_worst_hours,2022-11-30,2,1,0.8299576415714363,5.251261224943546,4.42130358337211,1221.241042910874,15.784892003421191,1.2760356559957504,True,True,False
proxy_hardened_no_worst_hours,2022-12-01,1,0,6.610887765093976,6.610887765093976,0.0,1227.851930675968,9.174004238327143,0.7416177769112613,False,True,False
proxy_hardened_no_worst_hours,2022-12-02,2,0,3.9242367217333047,6.384996527029598,2.460759805296293,1231.7761673977016,11.634764043623363,0.9405432590570103,False,True,False
proxy_hardened_no_worst_hours,2022-12-04,0,0,0.0,0.0,0.0,1231.7761673977016,0.0,0.0,False,False,False
proxy_hardened_no_worst_hours,2022-12-05,0,0,0.0,0.0,0.0,1231.7761673977016,0.0,0.0,False,False,False
proxy_hardened_no_worst_hours,2022-12-06,0,0,0.0,0.0,0.0,1231.7761673977016,0.0,0.0,False,False,False
proxy_hardened_no_worst_hours,2022-12-07,1,0,-3.0615979585280275,0.0,3.0615979585280275,1228.7145694391736,8.311365475121647,0.671882879779516,False,False,True
proxy_hardened_no_worst_hours,2022-12-08,2,0,14.044972424525067,14.044972424525067,0.0,1242.7595418636988,2.9697184606943665,0.24006921575982296,False,True,False
proxy_hardened_no_worst_hours,2022-12-09,2,0,-10.206086490841617,0.0,10.206086490841617,1232.5534553728573,10.206086490841471,0.8212438647251068,False,False,True
proxy_hardened_no_worst_hours,2022-12-11,0,0,0.0,0.0,0.0,1232.5534553728573,0.0,0.0,False,False,False
proxy_hardened_no_worst_hours,2022-12-12,0,0,0.0,0.0,0.0,1232.5534553728573,0.0,0.0,False,False,False
proxy_hardened_no_worst_hours,2022-12-13,2,0,-1.0399992915855911,5.301727229105536,6.341726520691127,1231.513456081272,11.246085782426917,0.9049285403644356,False,False,True
proxy_hardened_no_worst_hours,2022-12-14,0,0,0.0,0.0,0.0,1231.513456081272,0.0,0.0,False,False,False
proxy_hardened_no_worst_hours,2022-12-15,2,0,-11.344241872062558,0.0,11.344241872062558,1220.1692142092095,22.59032765448933,1.8177553173811762,False,False,True
proxy_hardened_no_worst_hours,2022-12-16,1,0,7.796468331306569,7.796468331306569,0.0,1227.9656825405161,14.793859323182687,1.190404002128774,False,True,False
proxy_hardened_no_worst_hours,2022-12-18,0,0,0.0,0.0,0.0,1227.9656825405161,0.0,0.0,False,False,False
proxy_hardened_no_worst_hours,2022-12-19,1,0,-2.7710686950468517,0.0,2.7710686950468517,1225.1946138454693,17.564928018229466,1.4133810625898153,False,False,True
proxy_hardened_no_worst_hours,2022-12-20,1,0,8.118665794916678,8.118665794916678,0.0,1233.313279640386,9.446262223312715,0.7601037775293739,False,True,False
proxy_hardened_no_worst_hours,2022-12-21,2,0,1.554708535757836,5.222564665313184,3.6678561295553482,1234.867988176144,7.891553687554733,0.6350024619984168,False,True,False
proxy_hardened_no_worst_hours,2022-12-22,1,0,-2.5118128216123115,0.0,2.5118128216123115,1232.3561753545318,10.403366509166972,0.8371182162532914,False,False,True
proxy_hardened_no_worst_hours,2022-12-23,1,0,-3.524022557600647,0.0,3.524022557600647,1228.8321527969313,13.927389066767546,1.120682529291338,False,False,True
proxy_hardened_no_worst_hours,2022-12-26,0,0,0.0,0.0,0.0,1228.8321527969313,0.0,0.0,False,False,False
proxy_hardened_no_worst_hours,2022-12-27,2,1,4.141149682734831,6.204756117204779,2.063606434469948,1232.9733024796662,15.990995501237421,1.2867328684724155,True,True,False
proxy_hardened_no_worst_hours,2022-12-28,1,0,-3.8730517146719468,0.0,3.8730517146719468,1229.1002507649944,13.659291098704443,1.0991097343111402,False,False,True
proxy_hardened_no_worst_hours,2022-12-29,1,0,4.910886600671274,4.910886600671274,0.0,1234.0111373656657,8.748404498033096,0.7039498956422084,False,True,False
proxy_hardened_no_worst_hours,2022-12-30,2,1,-7.262315835009904,0.0,7.262315835009904,1226.748821530656,16.010720333042855,1.2883200485455497,True,False,True
proxy_hardened_no_worst_hours,2023-01-02,0,0,0.0,0.0,0.0,1226.748821530656,0.0,0.0,False,False,False
proxy_hardened_no_worst_hours,2023-01-03,2,0,19.128871627054505,19.128871627054505,0.0,1245.8776931577106,7.4910779772974365,0.6027777478226781,False,True,False
proxy_hardened_no_worst_hours,2023-01-04,2,1,-10.097314869149532,0.0,10.097314869149532,1235.7803782885612,10.097314869149386,0.8104579546293561,True,False,True
proxy_hardened_no_worst_hours,2023-01-05,0,0,0.0,0.0,0.0,1235.7803782885612,0.0,0.0,False,False,False
proxy_hardened_no_worst_hours,2023-01-06,2,0,6.913862112204779,11.592761754884505,4.678899642679726,1242.6942404007661,14.776214511829039,1.1860084334906362,False,True,False
proxy_hardened_no_worst_hours,2023-01-08,0,0,0.0,0.0,0.0,1242.6942404007661,0.0,0.0,False,False,False
proxy_hardened_no_worst_hours,2023-01-09,1,0,-3.9364914907506137,0.0,3.9364914907506137,1238.7577489100156,7.119944247695003,0.5714801931840767,False,False,True
proxy_hardened_no_worst_hours,2023-01-10,2,1,-6.8474038958517305,0.0,6.8474038958517305,1231.910345014164,13.967348143546587,1.1210850166316058,True,False,True
proxy_hardened_no_worst_hours,2023-01-11,1,0,-3.0555295038164605,0.0,3.0555295038164605,1228.8548155103476,17.022877647362975,1.366336177367301,False,False,True
proxy_hardened_no_worst_hours,2023-01-12,1,0,4.437497833144034,4.437497833144034,0.0,1233.2923133434917,12.585379814218868,1.0101617424677445,False,True,False
proxy_hardened_no_worst_hours,2023-01-13,1,0,8.256566525917988,8.256566525917988,0.0,1241.5488798694098,4.3288132883008075,0.3474509024500883,False,True,False
proxy_hardened_no_worst_hours,2023-01-15,0,0,0.0,0.0,0.0,1241.5488798694098,0.0,0.0,False,False,False
proxy_hardened_no_worst_hours,2023-01-16,0,0,0.0,0.0,0.0,1241.5488798694098,0.0,0.0,False,False,False
proxy_hardened_no_worst_hours,2023-01-17,1,0,-4.198049753015157,0.0,4.198049753015157,1237.3508301163947,8.526863041315892,0.6844061088937492,False,False,True
proxy_hardened_no_worst_hours,2023-01-18,1,0,-5.231339222787101,0.0,5.231339222787101,1232.1194908936077,13.75820226410292,1.1042979852406205,False,False,True
proxy_hardened_no_worst_hours,2023-01-19,1,0,8.278236441978533,8.278236441978533,0.0,1240.3977273355863,5.4799658221243135,0.4398478158987816,False,True,False
proxy_hardened_no_worst_hours,2023-01-20,0,0,0.0,0.0,0.0,1240.3977273355863,0.0,0.0,False,False,False
proxy_hardened_no_worst_hours,2023-01-22,0,0,0.0,0.0,0.0,1240.3977273355863,0.0,0.0,False,False,False
proxy_hardened_no_worst_hours,2023-01-23,1,0,7.6911798241361975,7.6911798241361975,0.0,1248.0889071597226,0.0,0.0,False,True,False
proxy_hardened_no_worst_hours,2023-01-24,1,0,-3.021708024799027,0.0,3.021708024799027,1245.0671991349236,3.0217080247989543,0.2421067928306052,False,False,True
proxy_hardened_no_worst_hours,2023-01-25,0,0,0.0,0.0,0.0,1245.0671991349236,0.0,0.0,False,False,False
proxy_hardened_no_worst_hours,2023-01-26,0,0,0.0,0.0,0.0,1245.0671991349236,0.0,0.0,False,False,False
proxy_hardened_no_worst_hours,2023-01-27,0,0,0.0,0.0,0.0,1245.0671991349236,0.0,0.0,False,False,False
proxy_hardened_no_worst_hours,2023-01-29,0,0,0.0,0.0,0.0,1245.0671991349236,0.0,0.0,False,False,False
proxy_hardened_no_worst_hours,2023-01-30,0,0,0.0,0.0,0.0,1245.0671991349236,0.0,0.0,False,False,False
proxy_hardened_no_worst_hours,2023-01-31,0,0,0.0,0.0,0.0,1245.0671991349236,0.0,0.0,False,False,False
proxy_hardened_no_worst_hours,2023-02-01,2,0,8.705222940526337,12.363235159852747,3.6580122193264106,1253.77242207545,6.679720244125292,0.5351958667212531,False,True,False
proxy_hardened_no_worst_hours,2023-02-02,1,0,-3.511699470590047,0.0,3.511699470590047,1250.2607226048601,3.5116994705899742,0.28009066149156736,False,False,True
proxy_hardened_no_worst_hours,2023-02-03,1,0,6.864900796694128,6.864900796694128,0.0,1257.1256234015543,0.0,0.0,False,True,False
proxy_hardened_no_worst_hours,2023-02-05,0,0,0.0,0.0,0.0,1257.1256234015543,0.0,0.0,False,False,False
proxy_hardened_no_worst_hours,2023-02-06,1,0,8.147525563742347,8.147525563742347,0.0,1265.2731489652967,0.0,0.0,False,True,False
proxy_hardened_no_worst_hours,2023-02-07,1,0,-4.043225163459811,0.0,4.043225163459811,1261.229923801837,4.043225163459738,0.31955354199732827,False,False,True
proxy_hardened_no_worst_hours,2023-02-08,0,0,0.0,0.0,0.0,1261.229923801837,0.0,0.0,False,False,False
proxy_hardened_no_worst_hours,2023-02-09,0,0,0.0,0.0,0.0,1261.229923801837,0.0,0.0,False,False,False
proxy_hardened_no_worst_hours,2023-02-10,0,0,0.0,0.0,0.0,1261.229923801837,0.0,0.0,False,False,False
proxy_hardened_no_worst_hours,2023-02-12,0,0,0.0,0.0,0.0,1261.229923801837,0.0,0.0,False,False,False
proxy_hardened_no_worst_hours,2023-02-13,0,0,0.0,0.0,0.0,1261.229923801837,0.0,0.0,False,False,False
proxy_hardened_no_worst_hours,2023-02-14,2,0,9.376009657318574,17.751453632275954,8.37544397495738,1270.6059334591557,12.418669138417044,0.9815010417768423,False,True,False
proxy_hardened_no_worst_hours,2023-02-15,1,0,-4.852865797947816,0.0,4.852865797947816,1265.753067661208,4.852865797947743,0.3819331918855502,False,False,True
proxy_hardened_no_worst_hours,2023-02-16,1,0,-5.176122920876269,0.0,5.176122920876269,1260.5769447403318,10.028988718823939,0.7893075622211649,False,False,True
proxy_hardened_no_worst_hours,2023-02-17,1,0,-4.0086023284350905,0.0,4.0086023284350905,1256.5683424118968,14.037591047258957,1.1047950176843875,False,False,True
proxy_hardened_no_worst_hours,2023-02-19,0,0,0.0,0.0,0.0,1256.5683424118968,0.0,0.0,False,False,False
proxy_hardened_no_worst_hours,2023-02-20,1,0,-2.527122302723301,0.0,2.527122302723301,1254.0412201091735,16.564713349982185,1.3036861322444522,False,False,True
proxy_hardened_no_worst_hours,2023-02-21,1,0,-3.1908020811709594,0.0,3.1908020811709594,1250.8504180280027,19.75551543115307,1.554810575877743,False,False,True
proxy_hardened_no_worst_hours,2023-02-22,0,0,0.0,0.0,0.0,1250.8504180280027,0.0,0.0,False,False,False
proxy_hardened_no_worst_hours,2023-02-23,2,0,15.367288760620195,15.367288760620195,0.0,1266.217706788623,14.751077502020507,1.160948262051752,False,True,False
proxy_hardened_no_worst_hours,2023-02-24,0,0,0.0,0.0,0.0,1266.217706788623,0.0,0.0,False,False,False
proxy_hardened_no_worst_hours,2023-02-26,0,0,0.0,0.0,0.0,1266.217706788623,0.0,0.0,False,False,False
proxy_hardened_no_worst_hours,2023-02-27,2,0,-5.728292700309712,0.0,5.728292700309712,1260.4894140883134,10.116519370842298,0.7961964527664862,False,False,True
proxy_hardened_no_worst_hours,2023-02-28,2,0,-6.2417713098463175,0.0,6.2417713098463175,1254.2476427784673,16.35829068068847,1.2874401299350076,False,False,True
proxy_hardened_no_worst_hours,2023-03-01,2,1,13.25236157220169,13.25236157220169,0.0,1267.500004350669,10.378049976150123,0.8167795933312263,True,True,False
proxy_hardened_no_worst_hours,2023-03-02,2,0,2.6676491756703307,6.722377159050138,4.0547279833798076,1270.1676535263396,7.160657091866369,0.5635623841588611,False,True,False
proxy_hardened_no_worst_hours,2023-03-03,1,0,-2.6707080659144413,0.0,2.6707080659144413,1267.4969454604252,3.1089879987305267,0.2446854620194064,False,False,True
proxy_hardened_no_worst_hours,2023-03-05,0,0,0.0,0.0,0.0,1267.4969454604252,0.0,0.0,False,False,False
proxy_hardened_no_worst_hours,2023-03-06,0,0,0.0,0.0,0.0,1267.4969454604252,0.0,0.0,False,False,False
proxy_hardened_no_worst_hours,2023-03-07,0,0,0.0,0.0,0.0,1267.4969454604252,0.0,0.0,False,False,False
proxy_hardened_no_worst_hours,2023-03-08,0,0,0.0,0.0,0.0,1267.4969454604252,0.0,0.0,False,False,False
proxy_hardened_no_worst_hours,2023-03-09,0,0,0.0,0.0,0.0,1267.4969454604252,0.0,0.0,False,False,False
proxy_hardened_no_worst_hours,2023-03-10,1,0,6.46114676657332,6.46114676657332,0.0,1273.9580922269986,0.0,0.0,False,True,False
proxy_hardened_no_worst_hours,2023-03-12,0,0,0.0,0.0,0.0,1273.9580922269986,0.0,0.0,False,False,False
proxy_hardened_no_worst_hours,2023-03-13,1,0,11.619339652627714,11.619339652627714,0.0,1285.5774318796264,0.0,0.0,False,True,False
proxy_hardened_no_worst_hours,2023-03-14,0,0,0.0,0.0,0.0,1285.5774318796264,0.0,0.0,False,False,False
proxy_hardened_no_worst_hours,2023-03-15,2,1,1.747519184934017,10.79659489578732,9.049075710853304,1287.3249510645605,9.04907571085323,0.6980296985247229,True,True,False
proxy_hardened_no_worst_hours,2023-03-16,1,0,-6.106573885321568,0.0,6.106573885321568,1281.218377179239,15.155649596174726,1.1690800095611849,False,False,True
proxy_hardened_no_worst_hours,2023-03-17,1,0,6.784485678828714,6.784485678828714,0.0,1288.0028628580678,8.371163917345939,0.6457367815497105,False,True,False
proxy_hardened_no_worst_hours,2023-03-19,0,0,0.0,0.0,0.0,1288.0028628580678,0.0,0.0,False,False,False
proxy_hardened_no_worst_hours,2023-03-20,1,0,-6.5872003237855825,0.0,6.5872003237855825,1281.4156625342823,14.958364241131449,1.1538617661400326,False,False,True
proxy_hardened_no_worst_hours,2023-03-21,0,0,0.0,0.0,0.0,1281.4156625342823,0.0,0.0,False,False,False
proxy_hardened_no_worst_hours,2023-03-22,1,0,12.703632093028473,12.703632093028473,0.0,1294.1192946273109,2.254732148102903,0.17392605077959628,False,True,False
proxy_hardened_no_worst_hours,2023-03-23,2,1,6.336744696065434,11.1888516943806,4.852106998315167,1300.4560393233764,7.106839146417997,0.5482090044719169,True,True,False
proxy_hardened_no_worst_hours,2023-03-24,1,0,-7.3030708746731126,0.0,7.3030708746731126,1293.1529684487034,7.30307087467304,0.5615776815087734,False,False,True
proxy_hardened_no_worst_hours,2023-03-26,0,0,0.0,0.0,0.0,1293.1529684487034,0.0,0.0,False,False,False
proxy_hardened_no_worst_hours,2023-03-27,1,0,-6.359166294737252,0.0,6.359166294737252,1286.7938021539662,13.662237169410218,1.0505727803393217,False,False,True
proxy_hardened_no_worst_hours,2023-03-28,0,0,0.0,0.0,0.0,1286.7938021539662,0.0,0.0,False,False,False
proxy_hardened_no_worst_hours,2023-03-29,0,0,0.0,0.0,0.0,1286.7938021539662,0.0,0.0,False,False,False
proxy_hardened_no_worst_hours,2023-03-30,2,0,5.091875707808949,9.155153360286404,4.0632776524774545,1291.8856778617753,17.7255148218876,1.3630229923888957,False,True,False
proxy_hardened_no_worst_hours,2023-03-31,0,0,0.0,0.0,0.0,1291.8856778617753,0.0,0.0,False,False,False
proxy_hardened_no_worst_hours,2023-04-02,0,0,0.0,0.0,0.0,1291.8856778617753,0.0,0.0,False,False,False
proxy_hardened_no_worst_hours,2023-04-03,2,0,4.810602296798461,9.068805761765516,4.258203464967055,1296.696280158574,4.258203464966982,0.32731379295504887,False,True,False
proxy_hardened_no_worst_hours,2023-04-04,1,0,-2.9634320264932104,0.0,2.9634320264932104,1293.7328481320808,7.22163549146012,0.5551028558159653,False,False,True
proxy_hardened_no_worst_hours,2023-04-05,2,0,-0.015388462601240604,5.957026866847555,5.972415329448795,1293.7174596694797,7.237023954061215,0.5562857152314794,False,False,True
proxy_hardened_no_worst_hours,2023-04-06,1,0,-3.126868115518464,0.0,3.126868115518464,1290.5905915539613,10.363892069579606,0.7966375611169054,False,False,True
proxy_hardened_no_worst_hours,2023-04-09,0,0,0.0,0.0,0.0,1290.5905915539613,0.0,0.0,False,False,False
proxy_hardened_no_worst_hours,2023-04-10,0,0,0.0,0.0,0.0,1290.5905915539613,0.0,0.0,False,False,False
proxy_hardened_no_worst_hours,2023-04-11,2,0,4.46587767474497,7.646109967481989,3.180232292737019,1295.0564692287064,13.544124362316552,1.0410913320035748,False,True,False
proxy_hardened_no_worst_hours,2023-04-12,1,0,9.09131851758404,9.09131851758404,0.0,1304.1477877462905,0.0,0.0,False,True,False
proxy_hardened_no_worst_hours,2023-04-13,1,0,-6.034202984187987,0.0,6.034202984187987,1298.1135847621026,6.034202984187914,0.46269318867731046,False,False,True
proxy_hardened_no_worst_hours,2023-04-14,0,0,0.0,0.0,0.0,1298.1135847621026,0.0,0.0,False,False,False
proxy_hardened_no_worst_hours,2023-04-16,0,0,0.0,0.0,0.0,1298.1135847621026,0.0,0.0,False,False,False
proxy_hardened_no_worst_hours,2023-04-17,0,0,0.0,0.0,0.0,1298.1135847621026,0.0,0.0,False,False,False
proxy_hardened_no_worst_hours,2023-04-18,0,0,0.0,0.0,0.0,1298.1135847621026,0.0,0.0,False,False,False
proxy_hardened_no_worst_hours,2023-04-19,0,0,0.0,0.0,0.0,1298.1135847621026,0.0,0.0,False,False,False
proxy_hardened_no_worst_hours,2023-04-20,2,0,-10.024160925635588,0.0,10.024160925635588,1288.0894238364672,16.058363909823356,1.2313300732253634,False,False,True
proxy_hardened_no_worst_hours,2023-04-21,2,0,-12.790621508576724,0.0,12.790621508576724,1275.2988023278906,28.848985418399934,2.2120948016370234,False,False,True
proxy_hardened_no_worst_hours,2023-04-23,0,0,0.0,0.0,0.0,1275.2988023278906,0.0,0.0,False,False,False
proxy_hardened_no_worst_hours,2023-04-24,0,0,0.0,0.0,0.0,1275.2988023278906,0.0,0.0,False,False,False
proxy_hardened_no_worst_hours,2023-04-25,1,0,9.921061382086846,9.921061382086846,0.0,1285.2198637099775,18.927924036313016,1.451363427838384,False,True,False
proxy_hardened_no_worst_hours,2023-04-26,1,0,-5.639835242010877,0.0,5.639835242010877,1279.5800284679667,24.56775927832382,1.883817118670238,False,False,True
proxy_hardened_no_worst_hours,2023-04-27,1,0,-3.3457354043230954,0.0,3.3457354043230954,1276.2342930636437,27.913494682646842,2.1403628442206233,False,False,True
proxy_hardened_no_worst_hours,2023-04-28,2,0,-8.228423386320092,0.0,8.228423386320092,1268.0058696773237,36.14191806896679,2.7713054002433237,False,False,True
proxy_hardened_no_worst_hours,2023-04-30,0,0,0.0,0.0,0.0,1268.0058696773237,0.0,0.0,False,False,False
proxy_hardened_no_worst_hours,2023-05-01,0,0,0.0,0.0,0.0,1268.0058696773237,0.0,0.0,False,False,False
proxy_hardened_no_worst_hours,2023-05-02,1,0,8.939075023054711,8.939075023054711,0.0,1276.9449447003785,27.202843045912005,2.085871195082996,False,True,False
proxy_hardened_no_worst_hours,2023-05-03,2,1,3.208746833735713,9.219418792584674,6.010671958848961,1280.1536915341144,23.994096212176146,1.8398295375434834,True,True,False
proxy_hardened_no_worst_hours,2023-05-04,1,0,-7.805660992342455,0.0,7.805660992342455,1272.348030541772,31.799757204518528,2.43835533850592,False,False,True
proxy_hardened_no_worst_hours,2023-05-05,0,0,0.0,0.0,0.0,1272.348030541772,0.0,0.0,False,False,False
proxy_hardened_no_worst_hours,2023-05-07,0,0,0.0,0.0,0.0,1272.348030541772,0.0,0.0,False,False,False
proxy_hardened_no_worst_hours,2023-05-08,1,0,-3.83274206011386,0.0,3.83274206011386,1268.5152884816582,35.632499264632315,2.7322439680098802,False,False,True
proxy_hardened_no_worst_hours,2023-05-09,1,0,-3.4633402270486204,0.0,3.4633402270486204,1265.0519482546097,39.09583949168086,2.9978074462897135,False,False,True
proxy_hardened_no_worst_hours,2023-05-10,1,0,-6.183687567467432,0.0,6.183687567467432,1258.8682606871423,45.27952705914822,3.4719628775659066,False,False,True
proxy_hardened_no_worst_hours,2023-05-11,1,0,-5.384020887011802,0.0,5.384020887011802,1253.4842398001306,50.66354794615995,3.88480112623678,False,False,True
proxy_hardened_no_worst_hours,2023-05-12,1,0,-3.619248027581607,0.0,3.619248027581607,1249.864991772549,54.282795973741486,4.162319369306148,False,False,True
proxy_hardened_no_worst_hours,2023-05-14,0,0,0.0,0.0,0.0,1249.864991772549,0.0,0.0,False,False,False
proxy_hardened_no_worst_hours,2023-05-15,0,0,0.0,0.0,0.0,1249.864991772549,0.0,0.0,False,False,False
proxy_hardened_no_worst_hours,2023-05-16,2,0,13.754108775706836,13.754108775706836,0.0,1263.619100548256,49.695289670328975,3.810556605414165,False,True,False
proxy_hardened_no_worst_hours,2023-05-17,2,0,15.233716491652867,15.233716491652867,0.0,1278.852817039909,34.15288102734917,2.6187891700808748,False,True,False
proxy_hardened_no_worst_hours,2023-05-18,1,0,5.4042259636084236,5.4042259636084236,0.0,1284.2570430035175,19.890744742772995,1.5251910043988472,False,True,False
proxy_hardened_no_worst_hours,2023-05-19,1,0,-3.602263998016115,0.0,3.602263998016115,1280.6547790055015,23.493008740789037,1.8014069388092524,False,False,True
proxy_hardened_no_worst_hours,2023-05-21,0,0,0.0,0.0,0.0,1280.6547790055015,0.0,0.0,False,False,False
proxy_hardened_no_worst_hours,2023-05-22,1,0,-3.9106296370458313,0.0,3.9106296370458313,1276.7441493684557,27.403638377834795,2.101267865139063,False,False,True
proxy_hardened_no_worst_hours,2023-05-23,0,0,0.0,0.0,0.0,1276.7441493684557,0.0,0.0,False,False,False
proxy_hardened_no_worst_hours,2023-05-24,0,0,0.0,0.0,0.0,1276.7441493684557,0.0,0.0,False,False,False
proxy_hardened_no_worst_hours,2023-05-25,0,0,0.0,0.0,0.0,1276.7441493684557,0.0,0.0,False,False,False
proxy_hardened_no_worst_hours,2023-05-26,2,0,2.538136689674129,7.341089736644262,4.802953046970133,1279.28228605813,24.86550168816052,1.906647538093119,False,True,False
proxy_hardened_no_worst_hours,2023-05-28,0,0,0.0,0.0,0.0,1279.28228605813,0.0,0.0,False,False,False
proxy_hardened_no_worst_hours,2023-05-29,0,0,0.0,0.0,0.0,1279.28228605813,0.0,0.0,False,False,False
proxy_hardened_no_worst_hours,2023-05-30,1,0,9.509349185002902,9.509349185002902,0.0,1288.791635243133,15.356152503157546,1.1774856076468643,False,True,False
proxy_hardened_no_worst_hours,2023-05-31,2,0,-10.122845387225798,0.0,10.122845387225798,1278.6687898559073,25.478997890383198,1.953689461407873,False,False,True
proxy_hardened_no_worst_hours,2023-06-01,1,0,6.294716013025136,6.294716013025136,0.0,1284.9635058689325,19.18428187735799,1.4710205436540684,False,True,False
proxy_hardened_no_worst_hours,2023-06-02,1,0,-2.4392302890581323,0.0,2.4392302890581323,1282.5242755798745,21.62351216641605,1.6580568835518124,False,False,True
proxy_hardened_no_worst_hours,2023-06-04,0,0,0.0,0.0,0.0,1282.5242755798745,0.0,0.0,False,False,False
proxy_hardened_no_worst_hours,2023-06-05,1,0,-3.3282697814987205,0.0,3.3282697814987205,1279.1960057983758,24.951781947914697,1.913263372630037,False,False,True
proxy_hardened_no_worst_hours,2023-06-06,2,0,-6.5851979709833905,0.0,6.5851979709833905,1272.6108078273926,31.53697991889794,2.4182059897825905,False,False,True
proxy_hardened_no_worst_hours,2023-06-07,2,0,6.081083100149353,8.960652141968849,2.8795690418194955,1278.691890927542,34.416548960717364,2.6390068122718597,False,True,False
proxy_hardened_no_worst_hours,2023-06-08,1,0,-3.4649589311764704,0.0,3.4649589311764704,1275.2269319963657,28.92085574992484,2.217605705554524,False,False,True
proxy_hardened_no_worst_hours,2023-06-09,0,0,0.0,0.0,0.0,1275.2269319963657,0.0,0.0,False,False,False
proxy_hardened_no_worst_hours,2023-06-11,0,0,0.0,0.0,0.0,1275.2269319963657,0.0,0.0,False,False,False
proxy_hardened_no_worst_hours,2023-06-12,0,0,0.0,0.0,0.0,1275.2269319963657,0.0,0.0,False,False,False
proxy_hardened_no_worst_hours,2023-06-13,0,0,0.0,0.0,0.0,1275.2269319963657,0.0,0.0,False,False,False
proxy_hardened_no_worst_hours,2023-06-14,1,0,-3.5891819766828394,0.0,3.5891819766828394,1271.637750019683,32.51003772660761,2.492818531156541,False,False,True
proxy_hardened_no_worst_hours,2023-06-15,1,0,7.078166148658665,7.078166148658665,0.0,1278.7159161683417,25.43187157794887,1.950075889934063,False,True,False
proxy_hardened_no_worst_hours,2023-06-16,0,0,0.0,0.0,0.0,1278.7159161683417,0.0,0.0,False,False,False
proxy_hardened_no_worst_hours,2023-06-18,0,0,0.0,0.0,0.0,1278.7159161683417,0.0,0.0,False,False,False
proxy_hardened_no_worst_hours,2023-06-19,1,0,-2.3191947089502083,0.0,2.3191947089502083,1276.3967214593915,27.751066286899004,2.1279080904516094,False,False,True
proxy_hardened_no_worst_hours,2023-06-20,0,0,0.0,0.0,0.0,1276.3967214593915,0.0,0.0,False,False,False
proxy_hardened_no_worst_hours,2023-06-21,2,0,-0.17048380658699003,5.351144703561131,5.521628510148121,1276.2262376528047,27.92155009348585,2.1409805204467913,False,False,True
proxy_hardened_no_worst_hours,2023-06-22,2,0,5.437462376149906,8.286359772054693,2.848897395904787,1281.6637000289547,30.770447489390563,2.3594294893959256,False,True,False
proxy_hardened_no_worst_hours,2023-06-23,1,0,-4.584310377631782,0.0,4.584310377631782,1277.079389651323,27.068398094967506,2.0755621678233758,False,False,True
proxy_hardened_no_worst_hours,2023-06-25,0,0,0.0,0.0,0.0,1277.079389651323,0.0,0.0,False,False,False
proxy_hardened_no_worst_hours,2023-06-26,0,0,0.0,0.0,0.0,1277.079389651323,0.0,0.0,False,False,False
proxy_hardened_no_worst_hours,2023-06-27,1,0,7.920249303070177,7.920249303070177,0.0,1284.9996389543933,19.148148791897256,1.4682499155243243,False,True,False
proxy_hardened_no_worst_hours,2023-06-28,1,0,-4.286317574533841,0.0,4.286317574533841,1280.7133213798595,23.434466366431025,1.796918001672827,False,False,True
proxy_hardened_no_worst_hours,2023-06-29,0,0,0.0,0.0,0.0,1280.7133213798595,0.0,0.0,False,False,False
proxy_hardened_no_worst_hours,2023-06-30,0,0,0.0,0.0,0.0,1280.7133213798595,0.0,0.0,False,False,False
proxy_hardened_no_worst_hours,2023-07-02,1,0,-2.520200236522742,0.0,2.520200236522742,1278.1931211433368,25.954666602953694,1.9901629897180737,False,False,True
proxy_hardened_no_worst_hours,2023-07-03,1,0,-2.3549494484476146,0.0,2.3549494484476146,1275.8381716948893,28.309616051401235,2.170736807392308,False,False,True
proxy_hardened_no_worst_hours,2023-07-04,1,0,-2.073759108938548,0.0,2.073759108938548,1273.7644125859508,30.38337516033971,2.329749392348048,False,False,True
proxy_hardened_no_worst_hours,2023-07-05,0,0,0.0,0.0,0.0,1273.7644125859508,0.0,0.0,False,False,False
proxy_hardened_no_worst_hours,2023-07-06,2,0,-7.994363699610776,0.0,7.994363699610776,1265.7700488863402,38.37773885995034,2.9427446199384546,False,False,True
proxy_hardened_no_worst_hours,2023-07-07,1,0,-3.594829013661256,0.0,3.594829013661256,1262.175219872679,41.972567873611524,3.218390451449118,False,False,True
proxy_hardened_no_worst_hours,2023-07-09,0,0,0.0,0.0,0.0,1262.175219872679,0.0,0.0,False,False,False
proxy_hardened_no_worst_hours,2023-07-10,0,0,0.0,0.0,0.0,1262.175219872679,0.0,0.0,False,False,False
proxy_hardened_no_worst_hours,2023-07-11,1,0,3.3530722470974705,3.3530722470974705,0.0,1265.5282921197766,38.61949562651398,2.9612821483409237,False,True,False
proxy_hardened_no_worst_hours,2023-07-12,1,0,4.699528068525224,4.699528068525224,0.0,1270.2278201883018,33.919967557988684,2.6009297317910636,False,True,False
proxy_hardened_no_worst_hours,2023-07-13,0,0,0.0,0.0,0.0,1270.2278201883018,0.0,0.0,False,False,False
proxy_hardened_no_worst_hours,2023-07-14,0,0,0.0,0.0,0.0,1270.2278201883018,0.0,0.0,False,False,False
proxy_hardened_no_worst_hours,2023-07-16,0,0,0.0,0.0,0.0,1270.2278201883018,0.0,0.0,False,False,False
proxy_hardened_no_worst_hours,2023-07-17,0,0,0.0,0.0,0.0,1270.2278201883018,0.0,0.0,False,False,False
proxy_hardened_no_worst_hours,2023-07-18,1,0,-4.206922999953877,0.0,4.206922999953877,1266.020897188348,38.12689055794249,2.923509966905661,False,False,True
proxy_hardened_no_worst_hours,2023-07-19,1,0,-3.120932069557357,0.0,3.120932069557357,1262.8999651187908,41.24782262749977,3.1628181265238737,False,False,True
proxy_hardened_no_worst_hours,2023-07-20,0,0,0.0,0.0,0.0,1262.8999651187908,0.0,0.0,False,False,False
proxy_hardened_no_worst_hours,2023-07-21,1,0,-4.37226760532697,0.0,4.37226760532697,1258.5276975134639,45.62009023282667,3.49807672577225,False,False,True
proxy_hardened_no_worst_hours,2023-07-23,0,0,0.0,0.0,0.0,1258.5276975134639,0.0,0.0,False,False,False
proxy_hardened_no_worst_hours,2023-07-24,0,0,0.0,0.0,0.0,1258.5276975134639,0.0,0.0,False,False,False
proxy_hardened_no_worst_hours,2023-07-25,1,0,-2.2036284808039728,0.0,2.2036284808039728,1256.32406903266,47.82371871363057,3.6670474897845105,False,False,True
proxy_hardened_no_worst_hours,2023-07-26,2,1,-5.510548326313856,0.0,5.510548326313856,1250.8135207063463,53.33426703994428,4.089587663382208,True,False,True
proxy_hardened_no_worst_hours,2023-07-27,0,0,0.0,0.0,0.0,1250.8135207063463,0.0,0.0,False,False,False
proxy_hardened_no_worst_hours,2023-07-28,1,0,-3.2467880666441307,0.0,3.2467880666441307,1247.5667326397022,56.58105510658834,4.338546262794845,False,False,True
proxy_hardened_no_worst_hours,2023-07-30,0,0,0.0,0.0,0.0,1247.5667326397022,0.0,0.0,False,False,False
proxy_hardened_no_worst_hours,2023-07-31,0,0,0.0,0.0,0.0,1247.5667326397022,0.0,0.0,False,False,False
proxy_hardened_no_worst_hours,2023-08-01,0,0,0.0,0.0,0.0,1247.5667326397022,0.0,0.0,False,False,False
proxy_hardened_no_worst_hours,2023-08-02,1,0,7.083662803937768,7.083662803937768,0.0,1254.65039544364,49.497392302650496,3.7953821466957653,False,True,False
proxy_hardened_no_worst_hours,2023-08-03,0,0,0.0,0.0,0.0,1254.65039544364,0.0,0.0,False,False,False
proxy_hardened_no_worst_hours,2023-08-04,2,0,-6.982381329914606,0.0,6.982381329914606,1247.6680141137256,56.47977363256496,4.330780158755486,False,False,True
proxy_hardened_no_worst_hours,2023-08-06,0,0,0.0,0.0,0.0,1247.6680141137256,0.0,0.0,False,False,False
proxy_hardened_no_worst_hours,2023-08-07,2,0,-6.696226950708851,0.0,6.696226950708851,1240.9717871630169,63.17600058327366,4.844236303344783,False,False,True
proxy_hardened_no_worst_hours,2023-08-08,2,1,0.5144836671271058,4.87070823415881,4.356224567031704,1241.4862708301441,62.66151691614641,4.804786505403068,True,True,False
proxy_hardened_no_worst_hours,2023-08-09,1,0,-2.585634075069338,0.0,2.585634075069338,1238.9006367550749,65.24715099121568,5.00304885721348,False,False,True
proxy_hardened_no_worst_hours,2023-08-10,1,0,-4.471138912476663,0.0,4.471138912476663,1234.4294978425983,69.71828990369227,5.345888752698271,False,False,True
proxy_hardened_no_worst_hours,2023-08-11,0,0,0.0,0.0,0.0,1234.4294978425983,0.0,0.0,False,False,False
proxy_hardened_no_worst_hours,2023-08-13,0,0,0.0,0.0,0.0,1234.4294978425983,0.0,0.0,False,False,False
proxy_hardened_no_worst_hours,2023-08-14,0,0,0.0,0.0,0.0,1234.4294978425983,0.0,0.0,False,False,False
proxy_hardened_no_worst_hours,2023-08-15,2,0,-0.2599202294451608,3.7046455866897485,3.9645658161349093,1234.1695776131533,69.97821013313728,5.365819026850266,False,False,True
proxy_hardened_no_worst_hours,2023-08-16,0,0,0.0,0.0,0.0,1234.1695776131533,0.0,0.0,False,False,False
proxy_hardened_no_worst_hours,2023-08-17,0,0,0.0,0.0,0.0,1234.1695776131533,0.0,0.0,False,False,False
proxy_hardened_no_worst_hours,2023-08-18,0,0,0.0,0.0,0.0,1234.1695776131533,0.0,0.0,False,False,False
proxy_hardened_no_worst_hours,2023-08-20,0,0,0.0,0.0,0.0,1234.1695776131533,0.0,0.0,False,False,False
proxy_hardened_no_worst_hours,2023-08-21,1,0,-3.6196311386330127,0.0,3.6196311386330127,1230.5499464745203,73.59784127177022,5.6433666462721455,False,False,True
proxy_hardened_no_worst_hours,2023-08-22,1,0,-3.6881413217666523,0.0,3.6881413217666523,1226.8618051527537,77.2859825935368,5.92616751872082,False,False,True
proxy_hardened_no_worst_hours,2023-08-23,2,0,10.515324689316312,10.515324689316312,0.0,1237.3771298420702,72.89658731709119,5.589595596605231,False,True,False
proxy_hardened_no_worst_hours,2023-08-24,0,0,0.0,0.0,0.0,1237.3771298420702,0.0,0.0,False,False,False
proxy_hardened_no_worst_hours,2023-08-25,1,0,-3.55646162432261,0.0,3.55646162432261,1233.8206682177477,70.32711952854288,5.392572850204025,False,False,True
proxy_hardened_no_worst_hours,2023-08-27,0,0,0.0,0.0,0.0,1233.8206682177477,0.0,0.0,False,False,False
proxy_hardened_no_worst_hours,2023-08-28,0,0,0.0,0.0,0.0,1233.8206682177477,0.0,0.0,False,False,False
proxy_hardened_no_worst_hours,2023-08-29,0,0,0.0,0.0,0.0,1233.8206682177477,0.0,0.0,False,False,False
proxy_hardened_no_worst_hours,2023-08-30,2,1,0.8391194228371113,3.2010816010301095,2.3619621781929983,1234.659787640585,69.48800010570562,5.32823049340048,True,True,False
proxy_hardened_no_worst_hours,2023-08-31,0,0,0.0,0.0,0.0,1234.659787640585,0.0,0.0,False,False,False
proxy_hardened_no_worst_hours,2023-09-01,0,0,0.0,0.0,0.0,1234.659787640585,0.0,0.0,False,False,False
proxy_hardened_no_worst_hours,2023-09-03,0,0,0.0,0.0,0.0,1234.659787640585,0.0,0.0,False,False,False
proxy_hardened_no_worst_hours,2023-09-04,0,0,0.0,0.0,0.0,1234.659787640585,0.0,0.0,False,False,False
proxy_hardened_no_worst_hours,2023-09-05,2,0,4.105963301023021,7.125975572887837,3.0200122718648164,1238.765750941608,72.50801237757037,5.5598002817512056,False,True,False
proxy_hardened_no_worst_hours,2023-09-06,0,0,0.0,0.0,0.0,1238.765750941608,0.0,0.0,False,False,False
proxy_hardened_no_worst_hours,2023-09-07,0,0,0.0,0.0,0.0,1238.765750941608,0.0,0.0,False,False,False
proxy_hardened_no_worst_hours,2023-09-08,1,0,-2.376648765507598,0.0,2.376648765507598,1236.3891021761006,67.75868557018998,5.195629376275244,False,False,True
proxy_hardened_no_worst_hours,2023-09-10,0,0,0.0,0.0,0.0,1236.3891021761006,0.0,0.0,False,False,False
proxy_hardened_no_worst_hours,2023-09-11,1,0,5.458336321620136,5.458336321620136,0.0,1241.8474384977208,62.30034924856977,4.777092737030331,False,True,False
proxy_hardened_no_worst_hours,2023-09-12,1,0,-3.275966619399087,0.0,3.275966619399087,1238.5714718783217,65.57631586796879,5.028288701949324,False,False,True
proxy_hardened_no_worst_hours,2023-09-13,1,0,7.397336053917952,7.397336053917952,0.0,1245.9688079322398,58.17897981405076,4.461072614675856,False,True,False
proxy_hardened_no_worst_hours,2023-09-14,2,0,-7.5751683005065935,0.0,7.5751683005065935,1238.3936396317333,65.75414811455721,5.041924598759436,False,False,True
proxy_hardened_no_worst_hours,2023-09-15,0,0,0.0,0.0,0.0,1238.3936396317333,0.0,0.0,False,False,False
proxy_hardened_no_worst_hours,2023-09-17,0,0,0.0,0.0,0.0,1238.3936396317333,0.0,0.0,False,False,False
proxy_hardened_no_worst_hours,2023-09-18,0,0,0.0,0.0,0.0,1238.3936396317333,0.0,0.0,False,False,False
proxy_hardened_no_worst_hours,2023-09-19,1,0,-2.7466567604252123,0.0,2.7466567604252123,1235.6469828713082,68.50080487498235,5.2525339166782015,False,False,True
proxy_hardened_no_worst_hours,2023-09-20,0,0,0.0,0.0,0.0,1235.6469828713082,0.0,0.0,False,False,False
proxy_hardened_no_worst_hours,2023-09-21,0,0,0.0,0.0,0.0,1235.6469828713082,0.0,0.0,False,False,False
proxy_hardened_no_worst_hours,2023-09-22,1,0,-2.4609828290422957,0.0,2.4609828290422957,1233.186000042266,70.96178770402457,5.4412382071095085,False,False,True
proxy_hardened_no_worst_hours,2023-09-24,0,0,0.0,0.0,0.0,1233.186000042266,0.0,0.0,False,False,False
proxy_hardened_no_worst_hours,2023-09-25,0,0,0.0,0.0,0.0,1233.186000042266,0.0,0.0,False,False,False
proxy_hardened_no_worst_hours,2023-09-26,1,0,3.4904710802071985,3.4904710802071985,0.0,1236.6764711224732,67.4713166238173,5.173594377705849,False,True,False
proxy_hardened_no_worst_hours,2023-09-27,0,0,0.0,0.0,0.0,1236.6764711224732,0.0,0.0,False,False,False
proxy_hardened_no_worst_hours,2023-09-28,0,0,0.0,0.0,0.0,1236.6764711224732,0.0,0.0,False,False,False
proxy_hardened_no_worst_hours,2023-09-29,0,0,0.0,0.0,0.0,1236.6764711224732,0.0,0.0,False,False,False
proxy_hardened_no_worst_hours,2023-10-01,0,0,0.0,0.0,0.0,1236.6764711224732,0.0,0.0,False,False,False
proxy_hardened_no_worst_hours,2023-10-02,2,0,4.944338433552129,9.712329811763238,4.767991378211109,1241.6208095560255,72.23930800202834,5.539196453100283,False,True,False
proxy_hardened_no_worst_hours,2023-10-03,0,0,0.0,0.0,0.0,1241.6208095560255,0.0,0.0,False,False,False
proxy_hardened_no_worst_hours,2023-10-04,1,0,-4.200136620475478,0.0,4.200136620475478,1237.42067293555,66.72711481074043,5.116530153844923,False,False,True
proxy_hardened_no_worst_hours,2023-10-05,2,0,0.58350785466072,4.120034951107682,3.536527096446962,1238.004180790211,66.14360695607957,5.071787689827924,False,True,False
proxy_hardened_no_worst_hours,2023-10-06,1,0,-3.8677375755483627,0.0,3.8677375755483627,1234.1364432146627,70.01134453162786,5.368359720382234,False,False,True
proxy_hardened_no_worst_hours,2023-10-08,0,0,0.0,0.0,0.0,1234.1364432146627,0.0,0.0,False,False,False
proxy_hardened_no_worst_hours,2023-10-09,1,0,6.804927996741908,6.804927996741908,0.0,1240.9413712114047,63.206416534885875,4.846568550648193,False,True,False
proxy_hardened_no_worst_hours,2023-10-10,0,0,0.0,0.0,0.0,1240.9413712114047,0.0,0.0,False,False,False
proxy_hardened_no_worst_hours,2023-10-11,1,0,6.213849456018734,6.213849456018734,0.0,1247.1552206674235,56.99256707886707,4.370100353224264,False,True,False
proxy_hardened_no_worst_hours,2023-10-12,0,0,0.0,0.0,0.0,1247.1552206674235,0.0,0.0,False,False,False
proxy_hardened_no_worst_hours,2023-10-13,0,0,0.0,0.0,0.0,1247.1552206674235,0.0,0.0,False,False,False
proxy_hardened_no_worst_hours,2023-10-15,0,0,0.0,0.0,0.0,1247.1552206674235,0.0,0.0,False,False,False
proxy_hardened_no_worst_hours,2023-10-16,2,0,-8.214071456280553,0.0,8.214071456280553,1238.941149211143,65.20663853514748,4.999942425837462,False,False,True
proxy_hardened_no_worst_hours,2023-10-17,1,0,-4.1056928734734175,0.0,4.1056928734734175,1234.8354563376697,69.31233140862082,5.314760494161485,False,False,True
proxy_hardened_no_worst_hours,2023-10-18,1,0,-5.044290890763778,0.0,5.044290890763778,1229.791165446906,74.35662229938453,5.7015487813601915,False,False,True
proxy_hardened_no_worst_hours,2023-10-19,2,0,13.19426754602463,13.19426754602463,0.0,1242.9854329929308,68.31314151999504,5.238144185947483,False,True,False
proxy_hardened_no_worst_hours,2023-10-20,1,0,9.466023964367123,9.466023964367123,0.0,1252.451456957298,51.696330788992555,3.963993289313433,False,True,False
proxy_hardened_no_worst_hours,2023-10-22,0,0,0.0,0.0,0.0,1252.451456957298,0.0,0.0,False,False,False
proxy_hardened_no_worst_hours,2023-10-23,1,0,-4.161614578286917,0.0,4.161614578286917,1248.2898423790111,55.8579453672794,4.28309934595741,False,False,True
proxy_hardened_no_worst_hours,2023-10-24,1,0,-4.010215909355638,0.0,4.010215909355638,1244.2796264696556,59.868161276634964,4.590596390926957,False,False,True
proxy_hardened_no_worst_hours,2023-10-25,1,0,-5.212633597276026,0.0,5.212633597276026,1239.0669928723796,65.08079487391092,4.99029293193662,False,False,True
proxy_hardened_no_worst_hours,2023-10-26,1,0,-4.508151303214463,0.0,4.508151303214463,1234.5588415691652,69.58894617712531,5.335970879296018,False,False,True
proxy_hardened_no_worst_hours,2023-10-27,0,0,0.0,0.0,0.0,1234.5588415691652,0.0,0.0,False,False,False
proxy_hardened_no_worst_hours,2023-10-29,0,0,0.0,0.0,0.0,1234.5588415691652,0.0,0.0,False,False,False
proxy_hardened_no_worst_hours,2023-10-30,1,0,-4.232853340164484,0.0,4.232853340164484,1230.3259882290008,73.82179951728972,5.660539412090851,False,False,True
proxy_hardened_no_worst_hours,2023-10-31,0,0,0.0,0.0,0.0,1230.3259882290008,0.0,0.0,False,False,False
proxy_hardened_no_worst_hours,2023-11-01,1,0,-4.220582115019242,0.0,4.220582115019242,1226.1054061139816,78.04238163230889,5.984167006653029,False,False,True
proxy_hardened_no_worst_hours,2023-11-02,1,0,-2.4307056447090236,0.0,2.4307056447090236,1223.6747004692727,80.47308727701784,6.170549690237492,False,False,True
proxy_hardened_no_worst_hours,2023-11-03,2,0,-9.019994213281198,0.0,9.019994213281198,1214.6547062559916,89.49308149029889,6.8621886515601656,False,False,True
proxy_hardened_no_worst_hours,2023-11-05,0,0,0.0,0.0,0.0,1214.6547062559916,0.0,0.0,False,False,False
proxy_hardened_no_worst_hours,2023-11-06,0,0,0.0,0.0,0.0,1214.6547062559916,0.0,0.0,False,False,False
proxy_hardened_no_worst_hours,2023-11-07,1,0,-3.879768662287761,0.0,3.879768662287761,1210.774937593704,93.37285015258658,7.1596832069120815,False,False,True
proxy_hardened_no_worst_hours,2023-11-08,1,0,6.007629732764071,6.007629732764071,0.0,1216.782567326468,87.36522041982244,6.699027613335069,False,True,False
proxy_hardened_no_worst_hours,2023-11-09,1,0,-2.472513035650154,0.0,2.472513035650154,1214.310054290818,89.83773345547252,6.888616021863742,False,False,True
proxy_hardened_no_worst_hours,2023-11-10,2,0,12.841867051301815,12.841867051301815,0.0,1227.15192134212,85.32569592089544,6.542640084399295,False,True,False
proxy_hardened_no_worst_hours,2023-11-12,0,0,0.0,0.0,0.0,1227.15192134212,0.0,0.0,False,False,False
proxy_hardened_no_worst_hours,2023-11-13,0,0,0.0,0.0,0.0,1227.15192134212,0.0,0.0,False,False,False
proxy_hardened_no_worst_hours,2023-11-14,1,0,4.903863152680669,4.903863152680669,0.0,1232.0557844948007,72.09200325148981,5.527901356645526,False,True,False
proxy_hardened_no_worst_hours,2023-11-15,1,0,-2.3694404305952776,0.0,2.3694404305952776,1229.6863440642055,74.46144368208502,5.709586320026085,False,False,True
proxy_hardened_no_worst_hours,2023-11-16,2,0,3.445125619257933,5.491877579892543,2.0467519606346105,1233.1314696834636,76.50819564271956,5.8665280393515875,False,True,False
proxy_hardened_no_worst_hours,2023-11-17,1,0,-3.279503369611648,0.0,3.279503369611648,1229.851966313852,74.29582143243852,5.696886666566355,False,False,True
proxy_hardened_no_worst_hours,2023-11-19,0,0,0.0,0.0,0.0,1229.851966313852,0.0,0.0,False,False,False
proxy_hardened_no_worst_hours,2023-11-20,1,0,5.253775083523733,5.253775083523733,0.0,1235.1057413973758,69.04204634891471,5.294035461136417,False,True,False
proxy_hardened_no_worst_hours,2023-11-21,1,0,-3.75549049959689,0.0,3.75549049959689,1231.350250897779,72.79753684851153,5.582000562552317,False,False,True
proxy_hardened_no_worst_hours,2023-11-22,1,0,-2.8133130733939016,0.0,2.8133130733939016,1228.5369378243852,75.61084992190536,5.797720981651102,False,False,True
proxy_hardened_no_worst_hours,2023-11-23,0,0,0.0,0.0,0.0,1228.5369378243852,0.0,0.0,False,False,False
proxy_hardened_no_worst_hours,2023-11-24,2,0,10.047902303425271,10.047902303425271,0.0,1238.5848401278106,71.83304978861634,5.508045212632815,False,True,False
proxy_hardened_no_worst_hours,2023-11-26,0,0,0.0,0.0,0.0,1238.5848401278106,0.0,0.0,False,False,False
proxy_hardened_no_worst_hours,2023-11-27,2,1,-6.34279064698686,0.0,6.34279064698686,1232.2420494808239,71.90573826546665,5.513618850646337,True,False,True
proxy_hardened_no_worst_hours,2023-11-28,0,0,0.0,0.0,0.0,1232.2420494808239,0.0,0.0,False,False,False
proxy_hardened_no_worst_hours,2023-11-29,0,0,0.0,0.0,0.0,1232.2420494808239,0.0,0.0,False,False,False
proxy_hardened_no_worst_hours,2023-11-30,0,0,0.0,0.0,0.0,1232.2420494808239,0.0,0.0,False,False,False
proxy_hardened_no_worst_hours,2023-12-01,1,0,-2.8309857742400073,0.0,2.8309857742400073,1229.411063706584,74.73672403970659,5.730694384634106,False,False,True
proxy_hardened_no_worst_hours,2023-12-03,0,0,0.0,0.0,0.0,1229.411063706584,0.0,0.0,False,False,False
proxy_hardened_no_worst_hours,2023-12-04,0,0,0.0,0.0,0.0,1229.411063706584,0.0,0.0,False,False,False
proxy_hardened_no_worst_hours,2023-12-05,0,0,0.0,0.0,0.0,1229.411063706584,0.0,0.0,False,False,False
proxy_hardened_no_worst_hours,2023-12-06,0,0,0.0,0.0,0.0,1229.411063706584,0.0,0.0,False,False,False
proxy_hardened_no_worst_hours,2023-12-07,0,0,0.0,0.0,0.0,1229.411063706584,0.0,0.0,False,False,False
proxy_hardened_no_worst_hours,2023-12-08,0,0,0.0,0.0,0.0,1229.411063706584,0.0,0.0,False,False,False
proxy_hardened_no_worst_hours,2023-12-10,0,0,0.0,0.0,0.0,1229.411063706584,0.0,0.0,False,False,False
proxy_hardened_no_worst_hours,2023-12-11,1,0,6.2698172391234674,6.2698172391234674,0.0,1235.6808809457075,68.46690680058305,5.249934665679365,False,True,False
proxy_hardened_no_worst_hours,2023-12-12,1,0,9.94316756269147,9.94316756269147,0.0,1245.624048508399,58.523739237891505,4.4875082247409175,False,True,False
proxy_hardened_no_worst_hours,2023-12-13,0,0,0.0,0.0,0.0,1245.624048508399,0.0,0.0,False,False,False
proxy_hardened_no_worst_hours,2023-12-14,2,1,5.147083287767227,9.523380423858425,4.376297136091198,1250.7711317961664,62.90003637398263,4.823075802066938,True,True,False
proxy_hardened_no_worst_hours,2023-12-15,0,0,0.0,0.0,0.0,1250.7711317961664,0.0,0.0,False,False,False
proxy_hardened_no_worst_hours,2023-12-17,0,0,0.0,0.0,0.0,1250.7711317961664,0.0,0.0,False,False,False
proxy_hardened_no_worst_hours,2023-12-18,1,0,-4.375568862091841,0.0,4.375568862091841,1246.3955629340746,57.7522248122159,4.428349712728343,False,False,True
proxy_hardened_no_worst_hours,2023-12-19,1,0,-3.7287487512799817,0.0,3.7287487512799817,1242.6668141827947,61.48097356349581,4.714264298967345,False,False,True
proxy_hardened_no_worst_hours,2023-12-20,1,0,-3.5041881160182857,0.0,3.5041881160182857,1239.1626260667765,64.98516167951402,4.982959929090204,False,False,True
proxy_hardened_no_worst_hours,2023-12-21,2,0,5.793084467096232,8.285734306076774,2.492649838980542,1244.955710533873,67.47781151849449,5.174092396008546,False,True,False
proxy_hardened_no_worst_hours,2023-12-22,0,0,0.0,0.0,0.0,1244.955710533873,0.0,0.0,False,False,False
proxy_hardened_no_worst_hours,2023-12-25,0,0,0.0,0.0,0.0,1244.955710533873,0.0,0.0,False,False,False
proxy_hardened_no_worst_hours,2023-12-26,1,0,-1.886503673311454,0.0,1.886503673311454,1243.0692068605615,61.078580885729025,4.68340946168988,False,False,True
proxy_hardened_no_worst_hours,2023-12-27,1,0,7.833042062147269,7.833042062147269,0.0,1250.9022489227088,53.24553882358168,4.082784123384956,False,True,False
proxy_hardened_no_worst_hours,2023-12-28,0,0,0.0,0.0,0.0,1250.9022489227088,0.0,0.0,False,False,False
proxy_hardened_no_worst_hours,2023-12-29,0,0,0.0,0.0,0.0,1250.9022489227088,0.0,0.0,False,False,False
proxy_hardened_no_worst_hours,2024-01-01,0,0,0.0,0.0,0.0,1250.9022489227088,0.0,0.0,False,False,False
proxy_hardened_no_worst_hours,2024-01-02,1,0,-3.331246166774763,0.0,3.331246166774763,1247.5710027559342,56.57678499035637,4.338218837002149,False,False,True
proxy_hardened_no_worst_hours,2024-01-03,0,0,0.0,0.0,0.0,1247.5710027559342,0.0,0.0,False,False,False
proxy_hardened_no_worst_hours,2024-01-04,0,0,0.0,0.0,0.0,1247.5710027559342,0.0,0.0,False,False,False
proxy_hardened_no_worst_hours,2024-01-05,0,0,0.0,0.0,0.0,1247.5710027559342,0.0,0.0,False,False,False
proxy_hardened_no_worst_hours,2024-01-07,0,0,0.0,0.0,0.0,1247.5710027559342,0.0,0.0,False,False,False
proxy_hardened_no_worst_hours,2024-01-08,1,0,-4.31162647332083,0.0,4.31162647332083,1243.2593762826134,60.88841146367713,4.668827569680499,False,False,True
proxy_hardened_no_worst_hours,2024-01-09,0,0,0.0,0.0,0.0,1243.2593762826134,0.0,0.0,False,False,False
proxy_hardened_no_worst_hours,2024-01-10,0,0,0.0,0.0,0.0,1243.2593762826134,0.0,0.0,False,False,False
proxy_hardened_no_worst_hours,2024-01-11,0,0,0.0,0.0,0.0,1243.2593762826134,0.0,0.0,False,False,False
proxy_hardened_no_worst_hours,2024-01-12,2,0,3.861195945531872,9.627210408833362,5.76601446330149,1247.1205722281454,66.65442592697855,5.110956484630063,False,True,False
proxy_hardened_no_worst_hours,2024-01-14,0,0,0.0,0.0,0.0,1247.1205722281454,0.0,0.0,False,False,False
proxy_hardened_no_worst_hours,2024-01-15,0,0,0.0,0.0,0.0,1247.1205722281454,0.0,0.0,False,False,False
proxy_hardened_no_worst_hours,2024-01-16,1,0,10.288829664461828,10.288829664461828,0.0,1257.4094018926073,46.73838585368321,3.5838258740945483,False,True,False
proxy_hardened_no_worst_hours,2024-01-17,1,0,9.27144846308367,9.27144846308367,0.0,1266.680850355691,37.46693739059947,2.872905796615767,False,True,False
proxy_hardened_no_worst_hours,2024-01-18,0,0,0.0,0.0,0.0,1266.680850355691,0.0,0.0,False,False,False
proxy_hardened_no_worst_hours,2024-01-19,1,0,-3.3441023807364036,0.0,3.3441023807364036,1263.3367479749547,40.8110397713358,3.129326304487448,False,False,True
proxy_hardened_no_worst_hours,2024-01-21,0,0,0.0,0.0,0.0,1263.3367479749547,0.0,0.0,False,False,False
proxy_hardened_no_worst_hours,2024-01-22,2,0,-7.02046507651281,0.0,7.02046507651281,1256.316282898442,47.831504847848464,3.667644518303138,False,False,True
proxy_hardened_no_worst_hours,2024-01-23,2,0,-6.4144831611153315,0.0,6.4144831611153315,1249.9017997373269,54.24598800896365,4.15949699249244,False,False,True
proxy_hardened_no_worst_hours,2024-01-24,2,0,2.223312850545053,5.86072750454643,3.637414654001377,1252.125112587872,52.02267515841845,3.9890168619861175,False,True,False
proxy_hardened_no_worst_hours,2024-01-25,0,0,0.0,0.0,0.0,1252.125112587872,0.0,0.0,False,False,False
proxy_hardened_no_worst_hours,2024-01-26,1,0,-3.8241420284010292,0.0,3.8241420284010292,1248.3009705594711,55.84681718681941,4.2822460545923855,False,False,True
proxy_hardened_no_worst_hours,2024-01-28,0,0,0.0,0.0,0.0,1248.3009705594711,0.0,0.0,False,False,False
proxy_hardened_no_worst_hours,2024-01-29,1,0,4.598819983201265,4.598819983201265,0.0,1252.8997905426725,51.24799720361807,3.9296157755387675,False,True,False
proxy_hardened_no_worst_hours,2024-01-30,1,0,-2.4230105498912327,0.0,2.4230105498912327,1250.4767799927813,53.67100775350923,4.115408411362533,False,False,True
proxy_hardened_no_worst_hours,2024-01-31,2,0,-1.3857684893636453,4.046396060253683,5.432164549617328,1249.0910115034178,55.05677624287273,4.221666958314351,False,False,True
proxy_hardened_no_worst_hours,2024-02-01,2,0,4.691909065203472,11.230306350260816,6.538397285057345,1253.7829205686214,50.36486717766911,3.861898754949015,False,True,False
proxy_hardened_no_worst_hours,2024-02-02,0,0,0.0,0.0,0.0,1253.7829205686214,0.0,0.0,False,False,False
proxy_hardened_no_worst_hours,2024-02-04,0,0,0.0,0.0,0.0,1253.7829205686214,0.0,0.0,False,False,False
proxy_hardened_no_worst_hours,2024-02-05,1,0,-4.344075304543894,0.0,4.344075304543894,1249.4388452640776,54.70894248221293,4.194995612940152,False,False,True
proxy_hardened_no_worst_hours,2024-02-06,1,0,-2.506034745764355,0.0,2.506034745764355,1246.9328105183133,57.214977227977215,4.387154413446572,False,False,True
proxy_hardened_no_worst_hours,2024-02-07,1,0,-4.081366392840737,0.0,4.081366392840737,1242.8514441254727,61.29634362081788,4.700107165518767,False,False,True
proxy_hardened_no_worst_hours,2024-02-08,0,0,0.0,0.0,0.0,1242.8514441254727,0.0,0.0,False,False,False
proxy_hardened_no_worst_hours,2024-02-09,0,0,0.0,0.0,0.0,1242.8514441254727,0.0,0.0,False,False,False
proxy_hardened_no_worst_hours,2024-02-11,0,0,0.0,0.0,0.0,1242.8514441254727,0.0,0.0,False,False,False
proxy_hardened_no_worst_hours,2024-02-12,0,0,0.0,0.0,0.0,1242.8514441254727,0.0,0.0,False,False,False
proxy_hardened_no_worst_hours,2024-02-13,0,0,0.0,0.0,0.0,1242.8514441254727,0.0,0.0,False,False,False
proxy_hardened_no_worst_hours,2024-02-14,2,0,1.9493424483019588,5.792110665546415,3.8427682172444566,1244.8007865737748,59.347001172515775,4.550634654303548,False,True,False
proxy_hardened_no_worst_hours,2024-02-15,2,0,-6.295349131685189,0.0,6.295349131685189,1238.5054374420897,65.64235030420082,5.0333521185998364,False,False,True
proxy_hardened_no_worst_hours,2024-02-16,0,0,0.0,0.0,0.0,1238.5054374420897,0.0,0.0,False,False,False
proxy_hardened_no_worst_hours,2024-02-18,0,0,0.0,0.0,0.0,1238.5054374420897,0.0,0.0,False,False,False
proxy_hardened_no_worst_hours,2024-02-19,0,0,0.0,0.0,0.0,1238.5054374420897,0.0,0.0,False,False,False
proxy_hardened_no_worst_hours,2024-02-20,1,0,-2.899268715330509,0.0,2.899268715330509,1235.6061687267593,68.54161901953125,5.255663481052147,False,False,True
proxy_hardened_no_worst_hours,2024-02-21,1,0,-2.3642911780087434,0.0,2.3642911780087434,1233.2418775487506,70.90591019753992,5.436953607847855,False,False,True
proxy_hardened_no_worst_hours,2024-02-22,0,0,0.0,0.0,0.0,1233.2418775487506,0.0,0.0,False,False,False
proxy_hardened_no_worst_hours,2024-02-23,2,0,3.4088928414197106,5.7510734344968295,2.342180593077119,1236.6507703901705,67.49701735612007,5.175565069413051,False,True,False
proxy_hardened_no_worst_hours,2024-02-25,0,0,0.0,0.0,0.0,1236.6507703901705,0.0,0.0,False,False,False
proxy_hardened_no_worst_hours,2024-02-26,1,0,-2.2985726320515187,0.0,2.2985726320515187,1234.352197758119,69.79558998817151,5.3518160015273954,False,False,True
proxy_hardened_no_worst_hours,2024-02-27,2,0,-4.440469387024368,0.0,4.440469387024368,1229.9117283710948,74.23605937519574,5.692304206065766,False,False,True
proxy_hardened_no_worst_hours,2024-02-28,1,0,5.221265300526438,5.221265300526438,0.0,1235.1329936716213,69.01479407466923,5.291945799634742,False,True,False
proxy_hardened_no_worst_hours,2024-02-29,0,0,0.0,0.0,0.0,1235.1329936716213,0.0,0.0,False,False,False
proxy_hardened_no_worst_hours,2024-03-01,2,0,5.964382182661975,9.00538498687767,3.0410028042156956,1241.0973758542834,72.05579687888485,5.5251251089728965,False,True,False
proxy_hardened_no_worst_hours,2024-03-03,0,0,0.0,0.0,0.0,1241.0973758542834,0.0,0.0,False,False,False
proxy_hardened_no_worst_hours,2024-03-04,1,0,-2.424614175858169,0.0,2.424614175858169,1238.6727616784253,65.4750260678652,5.020521959479239,False,False,True
proxy_hardened_no_worst_hours,2024-03-05,2,0,-12.792255585837811,0.0,12.792255585837811,1225.8805060925877,78.26728165370287,6.001411986363697,False,False,True
proxy_hardened_no_worst_hours,2024-03-06,2,0,17.57225095770931,17.57225095770931,0.0,1243.4527570502971,72.45076384811182,5.55541055460552,False,True,False
proxy_hardened_no_worst_hours,2024-03-07,1,0,-4.06757105037339,0.0,4.06757105037339,1239.3851859999238,64.76260174636673,4.965894383663646,False,False,True
proxy_hardened_no_worst_hours,2024-03-08,2,2,9.343999990907232,15.71971815760382,6.375718166696588,1248.7291859908312,71.13831991306324,5.454774419086199,True,True,False
proxy_hardened_no_worst_hours,2024-03-10,0,0,0.0,0.0,0.0,1248.7291859908312,0.0,0.0,False,False,False
proxy_hardened_no_worst_hours,2024-03-11,0,0,0.0,0.0,0.0,1248.7291859908312,0.0,0.0,False,False,False
proxy_hardened_no_worst_hours,2024-03-12,0,0,0.0,0.0,0.0,1248.7291859908312,0.0,0.0,False,False,False
proxy_hardened_no_worst_hours,2024-03-13,0,0,0.0,0.0,0.0,1248.7291859908312,0.0,0.0,False,False,False
proxy_hardened_no_worst_hours,2024-03-14,0,0,0.0,0.0,0.0,1248.7291859908312,0.0,0.0,False,False,False
proxy_hardened_no_worst_hours,2024-03-15,1,0,-3.1652266377278284,0.0,3.1652266377278284,1245.5639593531034,58.583828393187105,4.492115766605435,False,False,True
proxy_hardened_no_worst_hours,2024-03-17,0,0,0.0,0.0,0.0,1245.5639593531034,0.0,0.0,False,False,False
proxy_hardened_no_worst_hours,2024-03-18,1,0,-3.767140854655354,0.0,3.767140854655354,1241.7968184984481,62.350969247842386,4.780974198912813,False,False,True
proxy_hardened_no_worst_hours,2024-03-19,2,0,-7.784537150145898,0.0,7.784537150145898,1234.0122813483024,70.13550639798814,5.37788025689864,False,False,True
proxy_hardened_no_worst_hours,2024-03-20,2,0,5.403716670173562,8.748179419216212,3.34446274904265,1239.415998018476,73.47996914703072,5.634328397244925,False,True,False
proxy_hardened_no_worst_hours,2024-03-21,0,0,0.0,0.0,0.0,1239.415998018476,0.0,0.0,False,False,False
proxy_hardened_no_worst_hours,2024-03-22,0,0,0.0,0.0,0.0,1239.415998018476,0.0,0.0,False,False,False
proxy_hardened_no_worst_hours,2024-03-24,0,0,0.0,0.0,0.0,1239.415998018476,0.0,0.0,False,False,False
proxy_hardened_no_worst_hours,2024-03-25,2,0,3.0711107604159587,7.228932228996127,4.157821468580169,1242.4871087788922,61.660678967398326,4.728043826532474,False,True,False
proxy_hardened_no_worst_hours,2024-03-26,0,0,0.0,0.0,0.0,1242.4871087788922,0.0,0.0,False,False,False
proxy_hardened_no_worst_hours,2024-03-27,1,0,10.747675968962467,10.747675968962467,0.0,1253.2347847478547,50.913002998435786,3.9039289470727088,False,True,False
proxy_hardened_no_worst_hours,2024-03-28,1,0,13.042053249562668,13.042053249562668,0.0,1266.2768379974175,37.870949748873045,2.9038848284455683,False,True,False
proxy_hardened_no_worst_hours,2024-03-31,0,0,0.0,0.0,0.0,1266.2768379974175,0.0,0.0,False,False,False
proxy_hardened_no_worst_hours,2024-04-01,0,0,0.0,0.0,0.0,1266.2768379974175,0.0,0.0,False,False,False
proxy_hardened_no_worst_hours,2024-04-02,2,0,5.900704779608386,10.533742744056708,4.633037964448322,1272.177542777026,42.503987713321294,3.259138888451654,False,True,False
proxy_hardened_no_worst_hours,2024-04-03,1,0,12.15338443172588,12.15338443172588,0.0,1284.330927208752,19.81686053753856,1.5195256798145749,False,True,False
proxy_hardened_no_worst_hours,2024-04-04,1,0,-7.156957139085607,0.0,7.156957139085607,1277.1739700696664,26.973817676624094,2.068309890187966,False,False,True
proxy_hardened_no_worst_hours,2024-04-05,1,0,14.333501211300172,14.333501211300172,0.0,1291.5074712809667,12.64031646532385,0.9692395742332004,False,True,False
proxy_hardened_no_worst_hours,2024-04-07,0,0,0.0,0.0,0.0,1291.5074712809667,0.0,0.0,False,False,False
proxy_hardened_no_worst_hours,2024-04-08,2,0,5.742690334187355,11.991392236850443,6.248701902663088,1297.2501616151542,18.889018367986864,1.4483802024177908,False,True,False
proxy_hardened_no_worst_hours,2024-04-09,2,0,-11.795285693411333,0.0,11.795285693411333,1285.454875921743,18.692911824547537,1.4333430612837923,False,False,True
proxy_hardened_no_worst_hours,2024-04-10,0,0,0.0,0.0,0.0,1285.454875921743,0.0,0.0,False,False,False
proxy_hardened_no_worst_hours,2024-04-11,1,0,-6.515655222146124,0.0,6.515655222146124,1278.939220699597,25.208567046693588,1.9329532498963737,False,False,True
proxy_hardened_no_worst_hours,2024-04-12,1,0,11.572535166356756,11.572535166356756,0.0,1290.5117558659538,13.636031880336759,1.0455894652784181,False,True,False
proxy_hardened_no_worst_hours,2024-04-14,0,0,0.0,0.0,0.0,1290.5117558659538,0.0,0.0,False,False,False
proxy_hardened_no_worst_hours,2024-04-15,0,0,0.0,0.0,0.0,1290.5117558659538,0.0,0.0,False,False,False
proxy_hardened_no_worst_hours,2024-04-16,1,0,-10.053541171093984,0.0,10.053541171093984,1280.4582146948599,23.68957305143067,1.8164791808119258,False,False,True
proxy_hardened_no_worst_hours,2024-04-17,0,0,0.0,0.0,0.0,1280.4582146948599,0.0,0.0,False,False,False
proxy_hardened_no_worst_hours,2024-04-18,1,0,-8.441507477507075,0.0,8.441507477507075,1272.0167072173529,32.13108052893767,2.463760689612002,False,False,True
proxy_hardened_no_worst_hours,2024-04-19,1,0,-8.302879869734243,0.0,8.302879869734243,1263.7138273476187,40.43396039867184,3.100412451609195,False,False,True
proxy_hardened_no_worst_hours,2024-04-21,0,0,0.0,0.0,0.0,1263.7138273476187,0.0,0.0,False,False,False
proxy_hardened_no_worst_hours,2024-04-22,0,0,0.0,0.0,0.0,1263.7138273476187,0.0,0.0,False,False,False
proxy_hardened_no_worst_hours,2024-04-23,1,0,-7.168847940159667,0.0,7.168847940159667,1256.544979407459,47.60280833883144,3.650108429896145,False,False,True
proxy_hardened_no_worst_hours,2024-04-24,1,0,-4.635409320896615,0.0,4.635409320896615,1251.9095700865626,52.23821765972798,4.005544321782834,False,False,True
proxy_hardened_no_worst_hours,2024-04-25,0,0,0.0,0.0,0.0,1251.9095700865626,0.0,0.0,False,False,False
proxy_hardened_no_worst_hours,2024-04-26,1,0,-5.640909569940122,0.0,5.640909569940122,1246.2686605166225,57.87912722966803,4.43808039038961,False,False,True
proxy_hardened_no_worst_hours,2024-04-28,0,0,0.0,0.0,0.0,1246.2686605166225,0.0,0.0,False,False,False
proxy_hardened_no_worst_hours,2024-04-29,0,0,0.0,0.0,0.0,1246.2686605166225,0.0,0.0,False,False,False
proxy_hardened_no_worst_hours,2024-04-30,1,0,11.67179233529434,11.67179233529434,0.0,1257.940452851917,46.207334894373616,3.5431057222605826,False,True,False
proxy_hardened_no_worst_hours,2024-05-01,0,0,0.0,0.0,0.0,1257.940452851917,0.0,0.0,False,False,False
proxy_hardened_no_worst_hours,2024-05-02,1,0,-8.129432927122325,0.0,8.129432927122325,1249.8110199247947,54.33676782149587,4.16645784565534,False,False,True
proxy_hardened_no_worst_hours,2024-05-03,0,0,0.0,0.0,0.0,1249.8110199247947,0.0,0.0,False,False,False
proxy_hardened_no_worst_hours,2024-05-05,0,0,0.0,0.0,0.0,1249.8110199247947,0.0,0.0,False,False,False
proxy_hardened_no_worst_hours,2024-05-06,1,0,-6.728080560340077,0.0,6.728080560340077,1243.0829393644547,61.06484838183587,4.6823564749024795,False,False,True
proxy_hardened_no_worst_hours,2024-05-07,0,0,0.0,0.0,0.0,1243.0829393644547,0.0,0.0,False,False,False
proxy_hardened_no_worst_hours,2024-05-08,0,0,0.0,0.0,0.0,1243.0829393644547,0.0,0.0,False,False,False
proxy_hardened_no_worst_hours,2024-05-09,0,0,0.0,0.0,0.0,1243.0829393644547,0.0,0.0,False,False,False
proxy_hardened_no_worst_hours,2024-05-10,2,0,-13.088995888808459,0.0,13.088995888808459,1229.9939434756463,74.15384427064419,5.686000081232366,False,False,True
proxy_hardened_no_worst_hours,2024-05-12,0,0,0.0,0.0,0.0,1229.9939434756463,0.0,0.0,False,False,False
proxy_hardened_no_worst_hours,2024-05-13,0,0,0.0,0.0,0.0,1229.9939434756463,0.0,0.0,False,False,False
proxy_hardened_no_worst_hours,2024-05-14,2,0,8.352237290126904,12.133718629742743,3.781481339615839,1238.3461807657734,77.93532561025995,5.975958119358595,False,True,False
proxy_hardened_no_worst_hours,2024-05-15,1,0,16.87543038502001,16.87543038502001,0.0,1255.2216111507935,48.926176595497054,3.751582225205229,False,True,False
proxy_hardened_no_worst_hours,2024-05-16,0,0,0.0,0.0,0.0,1255.2216111507935,0.0,0.0,False,False,False
proxy_hardened_no_worst_hours,2024-05-17,1,0,7.192659363530693,7.192659363530693,0.0,1262.4142705143242,41.73351723196629,3.2000604244467072,False,True,False
proxy_hardened_no_worst_hours,2024-05-19,0,0,0.0,0.0,0.0,1262.4142705143242,0.0,0.0,False,False,False
proxy_hardened_no_worst_hours,2024-05-20,2,0,-13.240514689327629,0.0,13.240514689327629,1249.1737558249968,54.97403192129377,4.21532225395213,False,False,True
proxy_hardened_no_worst_hours,2024-05-21,1,0,-6.037785187765694,0.0,6.037785187765694,1243.1359706372311,61.01181710905939,4.678290120362391,False,False,True
proxy_hardened_no_worst_hours,2024-05-22,1,0,14.622733563477523,14.622733563477523,0.0,1257.7587042007087,46.3890835455818,3.5570419228136094,False,True,False
proxy_hardened_no_worst_hours,2024-05-23,1,0,15.876312129231264,15.876312129231264,0.0,1273.63501632994,30.51277141635046,2.3396712936253836,False,True,False
proxy_hardened_no_worst_hours,2024-05-24,0,0,0.0,0.0,0.0,1273.63501632994,0.0,0.0,False,False,False
proxy_hardened_no_worst_hours,2024-05-26,0,0,0.0,0.0,0.0,1273.63501632994,0.0,0.0,False,False,False
proxy_hardened_no_worst_hours,2024-05-27,0,0,0.0,0.0,0.0,1273.63501632994,0.0,0.0,False,False,False
proxy_hardened_no_worst_hours,2024-05-28,2,0,-9.43008731582282,0.0,9.43008731582282,1264.2049290141174,39.942858732173136,3.0627555486789384,False,False,True
proxy_hardened_no_worst_hours,2024-05-29,1,0,11.327539906561396,11.327539906561396,0.0,1275.5324689206789,28.615318825611666,2.194177615027976,False,True,False
proxy_hardened_no_worst_hours,2024-05-30,1,0,-6.07225331446587,0.0,6.07225331446587,1269.460215606213,34.687572140077464,2.6597884431504015,False,False,True
proxy_hardened_no_worst_hours,2024-05-31,0,0,0.0,0.0,0.0,1269.460215606213,0.0,0.0,False,False,False
proxy_hardened_no_worst_hours,2024-06-02,0,0,0.0,0.0,0.0,1269.460215606213,0.0,0.0,False,False,False
proxy_hardened_no_worst_hours,2024-06-03,0,0,0.0,0.0,0.0,1269.460215606213,0.0,0.0,False,False,False
proxy_hardened_no_worst_hours,2024-06-04,1,0,-6.9251762833910835,0.0,6.9251762833910835,1262.535039322822,41.612748423468474,3.19080006226747,False,False,True
proxy_hardened_no_worst_hours,2024-06-05,0,0,0.0,0.0,0.0,1262.535039322822,0.0,0.0,False,False,False
proxy_hardened_no_worst_hours,2024-06-06,2,0,23.383787975552732,23.383787975552732,0.0,1285.918827298375,29.574672457375073,2.2677393417569127,False,True,False
proxy_hardened_no_worst_hours,2024-06-07,0,0,0.0,0.0,0.0,1285.918827298375,0.0,0.0,False,False,False
proxy_hardened_no_worst_hours,2024-06-09,0,0,0.0,0.0,0.0,1285.918827298375,0.0,0.0,False,False,False
proxy_hardened_no_worst_hours,2024-06-10,0,0,0.0,0.0,0.0,1285.918827298375,0.0,0.0,False,False,False
proxy_hardened_no_worst_hours,2024-06-11,1,0,8.339231650841084,8.339231650841084,0.0,1294.258058949216,9.88972879707444,0.7583288404886205,False,True,False
proxy_hardened_no_worst_hours,2024-06-12,0,0,0.0,0.0,0.0,1294.258058949216,0.0,0.0,False,False,False
proxy_hardened_no_worst_hours,2024-06-13,1,0,-8.479024001673752,0.0,8.479024001673752,1285.7790349475424,18.36875279874812,1.408487057321266,False,False,True
proxy_hardened_no_worst_hours,2024-06-14,1,0,-6.384488902965204,0.0,6.384488902965204,1279.3945460445773,24.75324170171325,1.8980396189982078,False,False,True
proxy_hardened_no_worst_hours,2024-06-16,0,0,0.0,0.0,0.0,1279.3945460445773,0.0,0.0,False,False,False
proxy_hardened_no_worst_hours,2024-06-17,2,0,-9.579951751795452,0.0,9.579951751795452,1269.814594292782,34.33319345350856,2.632615243157377,False,False,True
proxy_hardened_no_worst_hours,2024-06-18,1,0,10.749270316768088,10.749270316768088,0.0,1280.5638646095501,23.583923136740395,1.8083781116169346,False,True,False
proxy_hardened_no_worst_hours,2024-06-19,0,0,0.0,0.0,0.0,1280.5638646095501,0.0,0.0,False,False,False
proxy_hardened_no_worst_hours,2024-06-20,2,0,6.0314290319455175,9.656717347851481,3.625288315905964,1286.5952936414958,27.209211452646286,2.086359514489287,False,True,False
proxy_hardened_no_worst_hours,2024-06-21,1,0,-3.4644420353993883,0.0,3.4644420353993883,1283.1308516060965,21.016936140194048,1.6115455884423653,False,False,True
proxy_hardened_no_worst_hours,2024-06-23,0,0,0.0,0.0,0.0,1283.1308516060965,0.0,0.0,False,False,False
proxy_hardened_no_worst_hours,2024-06-24,1,0,-4.318316203006889,0.0,4.318316203006889,1278.8125354030897,25.335252343200864,1.9426672790652768,False,False,True
proxy_hardened_no_worst_hours,2024-06-25,1,0,9.584347937954062,9.584347937954062,0.0,1288.3968833410438,15.750904405246729,1.2077545622698183,False,True,False
proxy_hardened_no_worst_hours,2024-06-26,1,0,7.620968608282892,7.620968608282892,0.0,1296.0178519493268,8.129935796963764,0.6233906826628275,False,True,False
proxy_hardened_no_worst_hours,2024-06-27,1,0,-4.288199609161056,0.0,4.288199609161056,1291.7296523401658,12.418135406124748,0.9522030802647481,False,False,True
proxy_hardened_no_worst_hours,2024-06-28,1,0,-5.242656671165223,0.0,5.242656671165223,1286.4869956690006,17.660792077289898,1.3542017433323006,False,False,True
proxy_hardened_no_worst_hours,2024-06-30,0,0,0.0,0.0,0.0,1286.4869956690006,0.0,0.0,False,False,False
proxy_hardened_no_worst_hours,2024-07-01,0,0,0.0,0.0,0.0,1286.4869956690006,0.0,0.0,False,False,False
proxy_hardened_no_worst_hours,2024-07-02,0,0,0.0,0.0,0.0,1286.4869956690006,0.0,0.0,False,False,False
proxy_hardened_no_worst_hours,2024-07-03,1,0,-5.289990049466796,0.0,5.289990049466796,1281.197005619534,22.95078212675662,1.7598298553585,False,False,True
proxy_hardened_no_worst_hours,2024-07-04,1,0,-3.149422068162112,0.0,3.149422068162112,1278.0475835513719,26.10020419491866,2.0013225832344244,False,False,True
proxy_hardened_no_worst_hours,2024-07-05,1,0,-3.0703638593932556,0.0,3.0703638593932556,1274.9772196919787,29.170568054311843,2.2367532520774938,False,False,True
proxy_hardened_no_worst_hours,2024-07-07,0,0,0.0,0.0,0.0,1274.9772196919787,0.0,0.0,False,False,False
proxy_hardened_no_worst_hours,2024-07-08,0,0,0.0,0.0,0.0,1274.9772196919787,0.0,0.0,False,False,False
proxy_hardened_no_worst_hours,2024-07-09,0,0,0.0,0.0,0.0,1274.9772196919787,0.0,0.0,False,False,False
proxy_hardened_no_worst_hours,2024-07-10,1,0,-4.941813081943637,0.0,4.941813081943637,1270.0354066100351,34.11238113625541,2.6156837021673223,False,False,True
proxy_hardened_no_worst_hours,2024-07-11,1,0,-3.178598087305163,0.0,3.178598087305163,1266.85680852273,37.2909792235605,2.8594136012762306,False,False,True
proxy_hardened_no_worst_hours,2024-07-12,1,0,-3.7078640128743974,0.0,3.7078640128743974,1263.1489445098557,40.99884323643482,3.143726778641038,False,False,True
proxy_hardened_no_worst_hours,2024-07-14,0,0,0.0,0.0,0.0,1263.1489445098557,0.0,0.0,False,False,False
proxy_hardened_no_worst_hours,2024-07-15,2,0,15.89309427733846,15.89309427733846,0.0,1279.0420387871943,34.326090013888916,2.632070562586173,False,True,False
proxy_hardened_no_worst_hours,2024-07-16,1,0,11.266029611128415,11.266029611128415,0.0,1290.3080683983228,13.83971934796773,1.0612078997491745,False,True,False
proxy_hardened_no_worst_hours,2024-07-17,2,0,-11.747227663963859,0.0,11.747227663963859,1278.560840734359,25.586947011931443,1.9619668301664241,False,False,True
proxy_hardened_no_worst_hours,2024-07-18,0,0,0.0,0.0,0.0,1278.560840734359,0.0,0.0,False,False,False
proxy_hardened_no_worst_hours,2024-07-19,1,0,-7.422670673502653,0.0,7.422670673502653,1271.1381700608565,33.00961768543402,2.5311255362000225,False,False,True
proxy_hardened_no_worst_hours,2024-07-21,0,0,0.0,0.0,0.0,1271.1381700608565,0.0,0.0,False,False,False
proxy_hardened_no_worst_hours,2024-07-22,1,0,11.432151598120909,11.432151598120909,0.0,1282.5703216589775,21.57746608731304,1.6545261426698619,False,True,False
proxy_hardened_no_worst_hours,2024-07-23,1,0,8.162433283383434,8.162433283383434,0.0,1290.732754942361,13.415032803929535,1.0286436038903362,False,True,False
proxy_hardened_no_worst_hours,2024-07-24,2,1,16.775195409092102,16.775195409092102,0.0,1307.5079503514532,5.884109001346587,0.45118421827904714,True,True,False
proxy_hardened_no_worst_hours,2024-07-25,1,0,16.959628864959015,16.959628864959015,0.0,1324.4675792164123,0.0,0.0,False,True,False
proxy_hardened_no_worst_hours,2024-07-26,1,0,13.323873144520276,13.323873144520276,0.0,1337.7914523609327,0.0,0.0,False,True,False
proxy_hardened_no_worst_hours,2024-07-28,0,0,0.0,0.0,0.0,1337.7914523609327,0.0,0.0,False,False,False
proxy_hardened_no_worst_hours,2024-07-29,0,0,0.0,0.0,0.0,1337.7914523609327,0.0,0.0,False,False,False
proxy_hardened_no_worst_hours,2024-07-30,0,0,0.0,0.0,0.0,1337.7914523609327,0.0,0.0,False,False,False
proxy_hardened_no_worst_hours,2024-07-31,2,0,19.180426348147503,19.180426348147503,0.0,1356.9718787090803,0.0,0.0,False,True,False
proxy_hardened_no_worst_hours,2024-08-01,2,0,-13.763452505641599,0.0,13.763452505641599,1343.2084262034389,13.763452505641453,1.0142769147681199,False,False,True
proxy_hardened_no_worst_hours,2024-08-02,1,0,-8.568687256234698,0.0,8.568687256234698,1334.6397389472043,22.33213976187608,1.6457334239764185,False,False,True
proxy_hardened_no_worst_hours,2024-08-04,0,0,0.0,0.0,0.0,1334.6397389472043,0.0,0.0,False,False,False
proxy_hardened_no_worst_hours,2024-08-05,1,0,-13.210587901620402,0.0,13.210587901620402,1321.429151045584,35.54272766349641,2.61926781395861,False,False,True
proxy_hardened_no_worst_hours,2024-08-06,0,0,0.0,0.0,0.0,1321.429151045584,0.0,0.0,False,False,False
proxy_hardened_no_worst_hours,2024-08-07,0,0,0.0,0.0,0.0,1321.429151045584,0.0,0.0,False,False,False
proxy_hardened_no_worst_hours,2024-08-08,2,0,27.248319252713685,27.248319252713685,0.0,1348.6774702982977,24.365560758495576,1.7955833234860485,False,True,False
proxy_hardened_no_worst_hours,2024-08-09,2,0,-9.914426013265857,0.0,9.914426013265857,1338.763044285032,18.20883442404829,1.3418726437699497,False,False,True
proxy_hardened_no_worst_hours,2024-08-11,0,0,0.0,0.0,0.0,1338.763044285032,0.0,0.0,False,False,False
proxy_hardened_no_worst_hours,2024-08-12,0,0,0.0,0.0,0.0,1338.763044285032,0.0,0.0,False,False,False
proxy_hardened_no_worst_hours,2024-08-13,1,0,-6.36477737017829,0.0,6.36477737017829,1332.3982669148538,24.573611794226508,1.8109153313924213,False,False,True
proxy_hardened_no_worst_hours,2024-08-14,0,0,0.0,0.0,0.0,1332.3982669148538,0.0,0.0,False,False,False
proxy_hardened_no_worst_hours,2024-08-15,0,0,0.0,0.0,0.0,1332.3982669148538,0.0,0.0,False,False,False
proxy_hardened_no_worst_hours,2024-08-16,0,0,0.0,0.0,0.0,1332.3982669148538,0.0,0.0,False,False,False
proxy_hardened_no_worst_hours,2024-08-18,0,0,0.0,0.0,0.0,1332.3982669148538,0.0,0.0,False,False,False
proxy_hardened_no_worst_hours,2024-08-19,1,0,12.92815879833317,12.92815879833317,0.0,1345.326425713187,11.645452995893265,0.8581941290464961,False,True,False
proxy_hardened_no_worst_hours,2024-08-20,2,0,-11.582568343192325,0.0,11.582568343192325,1333.7438573699949,23.228021339085444,1.7117540682702146,False,False,True
proxy_hardened_no_worst_hours,2024-08-21,1,0,-6.0342739124003675,0.0,6.0342739124003675,1327.7095834575946,29.26229525148574,2.1564408010668323,False,False,True
proxy_hardened_no_worst_hours,2024-08-22,0,0,0.0,0.0,0.0,1327.7095834575946,0.0,0.0,False,False,False
proxy_hardened_no_worst_hours,2024-08-23,2,1,0.5905465334497784,6.85942442489697,6.268877891447191,1328.3001299910445,28.671748718035815,2.112921363212916,True,True,False
proxy_hardened_no_worst_hours,2024-08-25,0,0,0.0,0.0,0.0,1328.3001299910445,0.0,0.0,False,False,False
proxy_hardened_no_worst_hours,2024-08-26,2,0,-8.745589155456091,0.0,8.745589155456091,1319.5545408355886,37.41733787349176,2.757414391600198,False,False,True
proxy_hardened_no_worst_hours,2024-08-27,0,0,0.0,0.0,0.0,1319.5545408355886,0.0,0.0,False,False,False
proxy_hardened_no_worst_hours,2024-08-28,1,0,-6.1353203870422295,0.0,6.1353203870422295,1313.4192204485464,43.55265826053392,3.2095475922438865,False,False,True
proxy_hardened_no_worst_hours,2024-08-29,1,0,-6.100656804141709,0.0,6.100656804141709,1307.3185636444048,49.65331506467555,3.659126312323578,False,False,True
proxy_hardened_no_worst_hours,2024-08-30,0,0,0.0,0.0,0.0,1307.3185636444048,0.0,0.0,False,False,False
proxy_hardened_no_worst_hours,2024-09-01,0,0,0.0,0.0,0.0,1307.3185636444048,0.0,0.0,False,False,False
proxy_hardened_no_worst_hours,2024-09-02,0,0,0.0,0.0,0.0,1307.3185636444048,0.0,0.0,False,False,False
proxy_hardened_no_worst_hours,2024-09-03,2,0,4.6943565327381656,12.6728725748316,7.978516042093434,1312.012920177143,44.95895853193724,3.313182773891215,False,True,False
proxy_hardened_no_worst_hours,2024-09-04,1,0,-4.971573326179696,0.0,4.971573326179696,1307.0413468509635,49.930531858116865,3.6795553866316646,False,False,True
proxy_hardened_no_worst_hours,2024-09-05,2,1,-11.665949247121862,0.0,11.665949247121862,1295.3753976038417,61.59648110523858,4.539259956060164,True,False,True
proxy_hardened_no_worst_hours,2024-09-06,0,0,0.0,0.0,0.0,1295.3753976038417,0.0,0.0,False,False,False
proxy_hardened_no_worst_hours,2024-09-08,0,0,0.0,0.0,0.0,1295.3753976038417,0.0,0.0,False,False,False
proxy_hardened_no_worst_hours,2024-09-09,0,0,0.0,0.0,0.0,1295.3753976038417,0.0,0.0,False,False,False
proxy_hardened_no_worst_hours,2024-09-10,2,0,16.71423785187866,16.71423785187866,0.0,1312.0896354557206,55.19286631298655,4.067355203078551,False,True,False
proxy_hardened_no_worst_hours,2024-09-11,1,0,-7.246734375336546,0.0,7.246734375336546,1304.842901080384,52.12897762869625,3.8415665384523505,False,False,True
proxy_hardened_no_worst_hours,2024-09-12,1,0,-3.016412706283136,0.0,3.016412706283136,1301.826488374101,55.14539033497931,4.063856532343207,False,False,True
proxy_hardened_no_worst_hours,2024-09-13,1,0,11.719896266373253,11.719896266373253,0.0,1313.5463846404743,43.425494068605985,3.200176418535489,False,True,False
proxy_hardened_no_worst_hours,2024-09-15,0,0,0.0,0.0,0.0,1313.5463846404743,0.0,0.0,False,False,False
proxy_hardened_no_worst_hours,2024-09-16,1,0,-5.010603952101137,0.0,5.010603952101137,1308.5357806883733,48.43609802070705,3.569425334501807,False,False,True
proxy_hardened_no_worst_hours,2024-09-17,0,0,0.0,0.0,0.0,1308.5357806883733,0.0,0.0,False,False,False
proxy_hardened_no_worst_hours,2024-09-18,1,0,-9.386798367105785,0.0,9.386798367105785,1299.1489823212676,57.82289638781276,4.261171310552217,False,False,True
proxy_hardened_no_worst_hours,2024-09-19,1,0,14.821384423742002,14.821384423742002,0.0,1313.9703667450096,43.00151196407069,3.1689316955469296,False,True,False
proxy_hardened_no_worst_hours,2024-09-20,1,0,12.627400430495,12.627400430495,0.0,1326.5977671755047,30.374111533575615,2.2383744283979734,False,True,False
proxy_hardened_no_worst_hours,2024-09-22,0,0,0.0,0.0,0.0,1326.5977671755047,0.0,0.0,False,False,False
proxy_hardened_no_worst_hours,2024-09-23,2,0,2.587432835532436,8.33982832965732,5.752395494124885,1329.1852000110373,27.786678698043033,2.0476974603539437,False,True,False
proxy_hardened_no_worst_hours,2024-09-24,1,0,11.236539758176077,11.236539758176077,0.0,1340.4217397692134,16.550138939866883,1.2196375768384695,False,True,False
proxy_hardened_no_worst_hours,2024-09-25,2,0,-9.976366108964758,0.0,9.976366108964758,1330.4453736602488,26.526505048831496,1.9548308601698359,False,False,True
proxy_hardened_no_worst_hours,2024-09-26,1,0,-8.927240157421311,0.0,8.927240157421311,1321.5181335028276,35.453745206252734,2.6127103857141627,False,False,True
proxy_hardened_no_worst_hours,2024-09-27,0,0,0.0,0.0,0.0,1321.5181335028276,0.0,0.0,False,False,False
proxy_hardened_no_worst_hours,2024-09-29,0,0,0.0,0.0,0.0,1321.5181335028276,0.0,0.0,False,False,False
proxy_hardened_no_worst_hours,2024-09-30,0,0,0.0,0.0,0.0,1321.5181335028276,0.0,0.0,False,False,False
proxy_hardened_no_worst_hours,2024-10-01,2,0,0.36241547874109514,8.286071102759179,7.9236556240180835,1321.8805489815688,35.09132972751149,2.5860027225394466,False,True,False
proxy_hardened_no_worst_hours,2024-10-02,0,0,0.0,0.0,0.0,1321.8805489815688,0.0,0.0,False,False,False
proxy_hardened_no_worst_hours,2024-10-03,0,0,0.0,0.0,0.0,1321.8805489815688,0.0,0.0,False,False,False
proxy_hardened_no_worst_hours,2024-10-04,0,0,0.0,0.0,0.0,1321.8805489815688,0.0,0.0,False,False,False
proxy_hardened_no_worst_hours,2024-10-06,0,0,0.0,0.0,0.0,1321.8805489815688,0.0,0.0,False,False,False
proxy_hardened_no_worst_hours,2024-10-07,0,0,0.0,0.0,0.0,1321.8805489815688,0.0,0.0,False,False,False
proxy_hardened_no_worst_hours,2024-10-08,0,0,0.0,0.0,0.0,1321.8805489815688,0.0,0.0,False,False,False
proxy_hardened_no_worst_hours,2024-10-09,0,0,0.0,0.0,0.0,1321.8805489815688,0.0,0.0,False,False,False
proxy_hardened_no_worst_hours,2024-10-10,0,0,0.0,0.0,0.0,1321.8805489815688,0.0,0.0,False,False,False
proxy_hardened_no_worst_hours,2024-10-11,2,0,3.565041914357007,7.308550630791997,3.74350871643499,1325.445590895926,31.52628781315434,2.323282324991587,False,True,False
proxy_hardened_no_worst_hours,2024-10-13,0,0,0.0,0.0,0.0,1325.445590895926,0.0,0.0,False,False,False
proxy_hardened_no_worst_hours,2024-10-14,1,0,-4.153078855535641,0.0,4.153078855535641,1321.2925120403904,35.67936666868991,2.629337219768514,False,False,True
proxy_hardened_no_worst_hours,2024-10-15,2,0,8.98709011718105,12.983715961831349,3.996625844650298,1330.2796021575716,39.675992513340134,2.923862545411394,False,True,False
proxy_hardened_no_worst_hours,2024-10-16,2,0,2.0142712261589075,8.006520646243116,5.9922494200842085,1332.2938733837307,32.68452597159285,2.4086369426230423,False,True,False
proxy_hardened_no_worst_hours,2024-10-17,1,0,10.788044153290612,10.788044153290612,0.0,1343.0819175370214,13.889961172058975,1.0235997805107668,False,True,False
proxy_hardened_no_worst_hours,2024-10-18,1,0,11.166032307975838,11.166032307975838,0.0,1354.2479498449973,2.7239288640830637,0.2007358374054444,False,True,False
proxy_hardened_no_worst_hours,2024-10-20,0,0,0.0,0.0,0.0,1354.2479498449973,0.0,0.0,False,False,False
proxy_hardened_no_worst_hours,2024-10-21,1,0,-4.456373166425765,0.0,4.456373166425765,1349.7915766785716,7.180302030508756,0.5291415498852893,False,False,True
proxy_hardened_no_worst_hours,2024-10-22,2,0,5.026109225906875,9.058911876561906,4.0328026506550305,1354.8176859044786,11.213104681163713,0.8263328707910297,False,True,False
proxy_hardened_no_worst_hours,2024-10-23,0,0,0.0,0.0,0.0,1354.8176859044786,0.0,0.0,False,False,False
proxy_hardened_no_worst_hours,2024-10-24,1,0,-4.576931371622395,0.0,4.576931371622395,1350.2407545328563,6.731124176224057,0.49604006404521334,False,False,True
proxy_hardened_no_worst_hours,2024-10-25,0,0,0.0,0.0,0.0,1350.2407545328563,0.0,0.0,False,False,False
proxy_hardened_no_worst_hours,2024-10-27,0,0,0.0,0.0,0.0,1350.2407545328563,0.0,0.0,False,False,False
proxy_hardened_no_worst_hours,2024-10-28,1,0,9.68966290629798,9.68966290629798,0.0,1359.9304174391543,0.0,0.0,False,True,False
proxy_hardened_no_worst_hours,2024-10-29,1,0,10.33918764914044,10.33918764914044,0.0,1370.2696050882948,0.0,0.0,False,True,False
proxy_hardened_no_worst_hours,2024-10-30,1,0,-4.877088073485611,0.0,4.877088073485611,1365.3925170148093,4.877088073485538,0.3559217876084523,False,False,True
proxy_hardened_no_worst_hours,2024-10-31,0,0,0.0,0.0,0.0,1365.3925170148093,0.0,0.0,False,False,False
proxy_hardened_no_worst_hours,2024-11-01,0,0,0.0,0.0,0.0,1365.3925170148093,0.0,0.0,False,False,False
proxy_hardened_no_worst_hours,2024-11-03,0,0,0.0,0.0,0.0,1365.3925170148093,0.0,0.0,False,False,False
proxy_hardened_no_worst_hours,2024-11-04,0,0,0.0,0.0,0.0,1365.3925170148093,0.0,0.0,False,False,False
proxy_hardened_no_worst_hours,2024-11-05,0,0,0.0,0.0,0.0,1365.3925170148093,0.0,0.0,False,False,False
proxy_hardened_no_worst_hours,2024-11-06,1,0,22.35840444675152,22.35840444675152,0.0,1387.750921461561,0.0,0.0,False,True,False
proxy_hardened_no_worst_hours,2024-11-07,0,0,0.0,0.0,0.0,1387.750921461561,0.0,0.0,False,False,False
proxy_hardened_no_worst_hours,2024-11-08,2,0,9.58051583165965,15.156127904787281,5.5756120731276315,1397.3314372932207,5.575612073127559,0.40177325677834164,False,True,False
proxy_hardened_no_worst_hours,2024-11-10,0,0,0.0,0.0,0.0,1397.3314372932207,0.0,0.0,False,False,False
proxy_hardened_no_worst_hours,2024-11-11,0,0,0.0,0.0,0.0,1397.3314372932207,0.0,0.0,False,False,False
proxy_hardened_no_worst_hours,2024-11-12,1,0,-8.699415996484804,0.0,8.699415996484804,1388.632021296736,8.699415996484731,0.6225735544414877,False,False,True
proxy_hardened_no_worst_hours,2024-11-13,1,0,14.809747153878488,14.809747153878488,0.0,1403.4417684506145,0.0,0.0,False,True,False
proxy_hardened_no_worst_hours,2024-11-14,0,0,0.0,0.0,0.0,1403.4417684506145,0.0,0.0,False,False,False
proxy_hardened_no_worst_hours,2024-11-15,0,0,0.0,0.0,0.0,1403.4417684506145,0.0,0.0,False,False,False
proxy_hardened_no_worst_hours,2024-11-17,0,0,0.0,0.0,0.0,1403.4417684506145,0.0,0.0,False,False,False
proxy_hardened_no_worst_hours,2024-11-18,1,0,9.614354510108042,9.614354510108042,0.0,1413.0561229607226,0.0,0.0,False,True,False
proxy_hardened_no_worst_hours,2024-11-19,2,0,-12.075515110785691,0.0,12.075515110785691,1400.980607849937,12.075515110785545,0.8545672683887586,False,False,True
proxy_hardened_no_worst_hours,2024-11-20,0,0,0.0,0.0,0.0,1400.980607849937,0.0,0.0,False,False,False
proxy_hardened_no_worst_hours,2024-11-21,1,0,12.360897598781248,12.360897598781248,0.0,1413.3415054487184,0.0,0.0,False,True,False
proxy_hardened_no_worst_hours,2024-11-22,1,0,-4.9745007637107665,0.0,4.9745007637107665,1408.3670046850077,4.974500763710694,0.35196735852821015,False,False,True
proxy_hardened_no_worst_hours,2024-11-24,0,0,0.0,0.0,0.0,1408.3670046850077,0.0,0.0,False,False,False
proxy_hardened_no_worst_hours,2024-11-25,0,0,0.0,0.0,0.0,1408.3670046850077,0.0,0.0,False,False,False
proxy_hardened_no_worst_hours,2024-11-26,1,0,-8.28649742388514,0.0,8.28649742388514,1400.0805072611226,13.26099818759576,0.9382727484101981,False,False,True
proxy_hardened_no_worst_hours,2024-11-27,1,0,-5.448157367094682,0.0,5.448157367094682,1394.632349894028,18.70915555469037,1.3237533520782327,False,False,True
proxy_hardened_no_worst_hours,2024-11-28,1,0,-3.9775378991317485,0.0,3.9775378991317485,1390.6548119948964,22.686693453822045,1.6051812931524503,False,False,True
proxy_hardened_no_worst_hours,2024-11-29,1,0,-5.4704347823972785,0.0,5.4704347823972785,1385.1843772124992,28.15712823621925,1.9922381199213215,False,False,True
proxy_hardened_no_worst_hours,2024-12-01,0,0,0.0,0.0,0.0,1385.1843772124992,0.0,0.0,False,False,False
proxy_hardened_no_worst_hours,2024-12-02,0,0,0.0,0.0,0.0,1385.1843772124992,0.0,0.0,False,False,False
proxy_hardened_no_worst_hours,2024-12-03,0,0,0.0,0.0,0.0,1385.1843772124992,0.0,0.0,False,False,False
proxy_hardened_no_worst_hours,2024-12-04,1,0,-4.0123892717857235,0.0,4.0123892717857235,1381.1719879407135,32.1695175080049,2.276131945745942,False,False,True
proxy_hardened_no_worst_hours,2024-12-05,0,0,0.0,0.0,0.0,1381.1719879407135,0.0,0.0,False,False,False
proxy_hardened_no_worst_hours,2024-12-06,0,0,0.0,0.0,0.0,1381.1719879407135,0.0,0.0,False,False,False
proxy_hardened_no_worst_hours,2024-12-08,0,0,0.0,0.0,0.0,1381.1719879407135,0.0,0.0,False,False,False
proxy_hardened_no_worst_hours,2024-12-09,0,0,0.0,0.0,0.0,1381.1719879407135,0.0,0.0,False,False,False
proxy_hardened_no_worst_hours,2024-12-10,1,0,10.643525524362685,10.643525524362685,0.0,1391.8155134650763,21.525991983642143,1.5230566639877958,False,True,False
proxy_hardened_no_worst_hours,2024-12-11,1,0,13.896427049437007,13.896427049437007,0.0,1405.7119405145133,7.629564934205064,0.5398245862582781,False,True,False
proxy_hardened_no_worst_hours,2024-12-12,0,0,0.0,0.0,0.0,1405.7119405145133,0.0,0.0,False,False,False
proxy_hardened_no_worst_hours,2024-12-13,0,0,0.0,0.0,0.0,1405.7119405145133,0.0,0.0,False,False,False
proxy_hardened_no_worst_hours,2024-12-15,0,0,0.0,0.0,0.0,1405.7119405145133,0.0,0.0,False,False,False
proxy_hardened_no_worst_hours,2024-12-16,0,0,0.0,0.0,0.0,1405.7119405145133,0.0,0.0,False,False,False
proxy_hardened_no_worst_hours,2024-12-17,2,0,-11.948979728365575,0.0,11.948979728365575,1393.762960786148,19.578544662570494,1.3852663766747972,False,False,True
proxy_hardened_no_worst_hours,2024-12-18,0,0,0.0,0.0,0.0,1393.762960786148,0.0,0.0,False,False,False
proxy_hardened_no_worst_hours,2024-12-19,0,0,0.0,0.0,0.0,1393.762960786148,0.0,0.0,False,False,False
proxy_hardened_no_worst_hours,2024-12-20,0,0,0.0,0.0,0.0,1393.762960786148,0.0,0.0,False,False,False
proxy_hardened_no_worst_hours,2024-12-22,0,0,0.0,0.0,0.0,1393.762960786148,0.0,0.0,False,False,False
proxy_hardened_no_worst_hours,2024-12-23,1,0,8.851169291583956,8.851169291583956,0.0,1402.614130077732,10.727375370986465,0.7590080196208953,False,True,False
proxy_hardened_no_worst_hours,2024-12-24,1,0,-3.201284069578451,0.0,3.201284069578451,1399.4128460081536,13.928659440564843,0.9855126582547129,False,False,True
proxy_hardened_no_worst_hours,2024-12-25,0,0,0.0,0.0,0.0,1399.4128460081536,0.0,0.0,False,False,False
proxy_hardened_no_worst_hours,2024-12-26,2,1,3.9666108867553156,7.148075035415259,3.181464148659943,1403.379456894909,17.110123589224713,1.2106149521019312,True,True,False
proxy_hardened_no_worst_hours,2024-12-27,0,0,0.0,0.0,0.0,1403.379456894909,0.0,0.0,False,False,False
proxy_hardened_no_worst_hours,2024-12-29,0,0,0.0,0.0,0.0,1403.379456894909,0.0,0.0,False,False,False
proxy_hardened_no_worst_hours,2024-12-30,1,0,10.676818296159054,10.676818296159054,0.0,1414.0562751910682,0.0,0.0,False,True,False
proxy_hardened_no_worst_hours,2024-12-31,1,0,8.774380134634539,8.774380134634539,0.0,1422.8306553257028,0.0,0.0,False,True,False
proxy_hardened_no_worst_hours,2025-01-01,0,0,0.0,0.0,0.0,1422.8306553257028,0.0,0.0,False,False,False
proxy_hardened_no_worst_hours,2025-01-02,2,0,20.015078308643606,20.015078308643606,0.0,1442.8457336343465,0.0,0.0,False,True,False
proxy_hardened_no_worst_hours,2025-01-03,0,0,0.0,0.0,0.0,1442.8457336343465,0.0,0.0,False,False,False
proxy_hardened_no_worst_hours,2025-01-05,0,0,0.0,0.0,0.0,1442.8457336343465,0.0,0.0,False,False,False
proxy_hardened_no_worst_hours,2025-01-06,2,0,-10.257124929587153,0.0,10.257124929587153,1432.5886087047595,10.257124929587008,0.7108954679271638,False,False,True
proxy_hardened_no_worst_hours,2025-01-07,1,0,7.618131312386067,7.618131312386067,0.0,1440.2067400171456,2.6389936172008674,0.18290199400275284,False,True,False
proxy_hardened_no_worst_hours,2025-01-08,2,1,-6.990239522089869,0.0,6.990239522089869,1433.216500495056,9.62923313929059,0.6673778710240744,True,False,True
proxy_hardened_no_worst_hours,2025-01-09,2,0,5.424866344200691,11.084431073972992,5.659564729772301,1438.6413668392568,15.288797869062819,1.0596280331752628,False,True,False
proxy_hardened_no_worst_hours,2025-01-10,2,0,7.802402574029511,12.076259339566986,4.2738567655374755,1446.4437694132864,8.478223560627157,0.5876042991284717,False,True,False
proxy_hardened_no_worst_hours,2025-01-12,0,0,0.0,0.0,0.0,1446.4437694132864,0.0,0.0,False,False,False
proxy_hardened_no_worst_hours,2025-01-13,0,0,0.0,0.0,0.0,1446.4437694132864,0.0,0.0,False,False,False
proxy_hardened_no_worst_hours,2025-01-14,0,0,0.0,0.0,0.0,1446.4437694132864,0.0,0.0,False,False,False
proxy_hardened_no_worst_hours,2025-01-15,2,0,-8.425076499105817,0.0,8.425076499105817,1438.0186929141807,8.425076499105671,0.5824683044901975,False,False,True
proxy_hardened_no_worst_hours,2025-01-16,0,0,0.0,0.0,0.0,1438.0186929141807,0.0,0.0,False,False,False
proxy_hardened_no_worst_hours,2025-01-17,0,0,0.0,0.0,0.0,1438.0186929141807,0.0,0.0,False,False,False
proxy_hardened_no_worst_hours,2025-01-19,0,0,0.0,0.0,0.0,1438.0186929141807,0.0,0.0,False,False,False
proxy_hardened_no_worst_hours,2025-01-20,0,0,0.0,0.0,0.0,1438.0186929141807,0.0,0.0,False,False,False
proxy_hardened_no_worst_hours,2025-01-21,0,0,0.0,0.0,0.0,1438.0186929141807,0.0,0.0,False,False,False
proxy_hardened_no_worst_hours,2025-01-22,0,0,0.0,0.0,0.0,1438.0186929141807,0.0,0.0,False,False,False
proxy_hardened_no_worst_hours,2025-01-23,1,0,9.487439684857618,9.487439684857618,0.0,1447.5061325990384,0.0,0.0,False,True,False
proxy_hardened_no_worst_hours,2025-01-24,2,0,3.5316348006811857,8.75295768437165,5.221322883690464,1451.0377673997198,5.221322883690391,0.3585435393007052,False,True,False
proxy_hardened_no_worst_hours,2025-01-26,0,0,0.0,0.0,0.0,1451.0377673997198,0.0,0.0,False,False,False
proxy_hardened_no_worst_hours,2025-01-27,0,0,0.0,0.0,0.0,1451.0377673997198,0.0,0.0,False,False,False
proxy_hardened_no_worst_hours,2025-01-28,0,0,0.0,0.0,0.0,1451.0377673997198,0.0,0.0,False,False,False
proxy_hardened_no_worst_hours,2025-01-29,0,0,0.0,0.0,0.0,1451.0377673997198,0.0,0.0,False,False,False
proxy_hardened_no_worst_hours,2025-01-30,1,0,10.05415481716629,10.05415481716629,0.0,1461.0919222168861,0.0,0.0,False,True,False
proxy_hardened_no_worst_hours,2025-01-31,0,0,0.0,0.0,0.0,1461.0919222168861,0.0,0.0,False,False,False
proxy_hardened_no_worst_hours,2025-02-02,0,0,0.0,0.0,0.0,1461.0919222168861,0.0,0.0,False,False,False
proxy_hardened_no_worst_hours,2025-02-03,1,0,11.424396098519464,11.424396098519464,0.0,1472.5163183154057,0.0,0.0,False,True,False
proxy_hardened_no_worst_hours,2025-02-04,1,0,8.138055687483229,8.138055687483229,0.0,1480.654374002889,0.0,0.0,False,True,False
proxy_hardened_no_worst_hours,2025-02-05,1,0,11.275119714513421,11.275119714513421,0.0,1491.9294937174025,0.0,0.0,False,True,False
proxy_hardened_no_worst_hours,2025-02-06,0,0,0.0,0.0,0.0,1491.9294937174025,0.0,0.0,False,False,False
proxy_hardened_no_worst_hours,2025-02-07,1,0,-4.1101794422598505,0.0,4.1101794422598505,1487.8193142751427,4.110179442259778,0.27549421467756824,False,False,True
proxy_hardened_no_worst_hours,2025-02-09,0,0,0.0,0.0,0.0,1487.8193142751427,0.0,0.0,False,False,False
proxy_hardened_no_worst_hours,2025-02-10,1,0,11.842320593407676,11.842320593407676,0.0,1499.6616348685504,0.0,0.0,False,True,False
proxy_hardened_no_worst_hours,2025-02-11,0,0,0.0,0.0,0.0,1499.6616348685504,0.0,0.0,False,False,False
proxy_hardened_no_worst_hours,2025-02-12,2,0,6.450369895382973,13.535820547635849,7.0854506522528755,1506.1120047639336,7.085450652252803,0.4724699550558192,False,True,False
proxy_hardened_no_worst_hours,2025-02-13,2,0,8.340507581573856,13.97852886571256,5.638021284138704,1514.4525123455076,5.638021284138631,0.3743427624443063,False,True,False
proxy_hardened_no_worst_hours,2025-02-14,1,0,-4.651354909955062,0.0,4.651354909955062,1509.8011574355526,4.651354909954989,0.3071311164951092,False,False,True
proxy_hardened_no_worst_hours,2025-02-16,0,0,0.0,0.0,0.0,1509.8011574355526,0.0,0.0,False,False,False
proxy_hardened_no_worst_hours,2025-02-17,0,0,0.0,0.0,0.0,1509.8011574355526,0.0,0.0,False,False,False
proxy_hardened_no_worst_hours,2025-02-18,2,0,4.582183857569671,8.72661567545394,4.14443181788427,1514.3833412931224,8.795786727839186,0.5807898667100968,False,True,False
proxy_hardened_no_worst_hours,2025-02-19,2,1,-12.074063338289452,0.0,12.074063338289452,1502.309277954833,12.143234390674479,0.8018233844696557,True,False,True
proxy_hardened_no_worst_hours,2025-02-20,0,0,0.0,0.0,0.0,1502.309277954833,0.0,0.0,False,False,False
proxy_hardened_no_worst_hours,2025-02-21,0,0,0.0,0.0,0.0,1502.309277954833,0.0,0.0,False,False,False
proxy_hardened_no_worst_hours,2025-02-23,0,0,0.0,0.0,0.0,1502.309277954833,0.0,0.0,False,False,False
proxy_hardened_no_worst_hours,2025-02-24,0,0,0.0,0.0,0.0,1502.309277954833,0.0,0.0,False,False,False
proxy_hardened_no_worst_hours,2025-02-25,0,0,0.0,0.0,0.0,1502.309277954833,0.0,0.0,False,False,False
proxy_hardened_no_worst_hours,2025-02-26,1,0,-7.7907014350153805,0.0,7.7907014350153805,1494.5185765198178,19.933935825689787,1.3162470043261452,False,False,True
proxy_hardened_no_worst_hours,2025-02-27,1,0,15.241833702495041,15.241833702495041,0.0,1509.7604102223129,4.6921021231946725,0.30982167383563464,False,True,False
proxy_hardened_no_worst_hours,2025-02-28,2,0,2.3562027018996012,11.292999603576773,8.936796901677171,1512.1166129242126,8.936796901677099,0.5875399801181252,False,True,False
proxy_hardened_no_worst_hours,2025-03-02,0,0,0.0,0.0,0.0,1512.1166129242126,0.0,0.0,False,False,False
proxy_hardened_no_worst_hours,2025-03-03,0,0,0.0,0.0,0.0,1512.1166129242126,0.0,0.0,False,False,False
proxy_hardened_no_worst_hours,2025-03-04,1,0,-7.266795260106919,0.0,7.266795260106919,1504.8498176641058,16.203592161783945,1.0652875209450219,False,False,True
proxy_hardened_no_worst_hours,2025-03-05,0,0,0.0,0.0,0.0,1504.8498176641058,0.0,0.0,False,False,False
proxy_hardened_no_worst_hours,2025-03-06,1,0,-6.937207960254073,0.0,6.937207960254073,1497.9126097038518,23.140800122037945,1.5213667036640615,False,False,True
proxy_hardened_no_worst_hours,2025-03-07,2,1,-10.813563031266003,0.0,10.813563031266003,1487.099046672586,33.9543631533038,2.2322926291714142,True,False,True
proxy_hardened_no_worst_hours,2025-03-10,2,0,8.066955346720842,15.27950707341999,7.212551726699148,1495.166002019307,41.16691488000288,2.7064739879656905,False,True,False
proxy_hardened_no_worst_hours,2025-03-11,2,0,3.8208321858413363,10.202907594976677,6.382075409135341,1498.9868342051484,22.066575620741332,1.4507429836580967,False,True,False
proxy_hardened_no_worst_hours,2025-03-12,0,0,0.0,0.0,0.0,1498.9868342051484,0.0,0.0,False,False,False
proxy_hardened_no_worst_hours,2025-03-13,1,0,-4.566736676288274,0.0,4.566736676288274,1494.4200975288602,26.633312297029534,1.7509781132589004,False,False,True
proxy_hardened_no_worst_hours,2025-03-14,0,0,0.0,0.0,0.0,1494.4200975288602,0.0,0.0,False,False,False
proxy_hardened_no_worst_hours,2025-03-16,1,0,-5.692950682944302,0.0,5.692950682944302,1488.727146845916,32.32626297997376,2.125254956278889,False,False,True
proxy_hardened_no_worst_hours,2025-03-17,1,0,12.686923566978221,12.686923566978221,0.0,1501.4140704128943,19.63933941299547,1.2911669824430112,False,True,False
proxy_hardened_no_worst_hours,2025-03-18,1,0,15.205402115639954,15.205402115639954,0.0,1516.6194725285343,4.433937297355442,0.2915043790515535,False,True,False
proxy_hardened_no_worst_hours,2025-03-19,2,0,9.236763627602922,15.029453163327089,5.792689535724167,1525.8562361561374,10.226626833079536,0.672338444331823,False,True,False
proxy_hardened_no_worst_hours,2025-03-20,0,0,0.0,0.0,0.0,1525.8562361561374,0.0,0.0,False,False,False
proxy_hardened_no_worst_hours,2025-03-21,0,0,0.0,0.0,0.0,1525.8562361561374,0.0,0.0,False,False,False
proxy_hardened_no_worst_hours,2025-03-23,0,0,0.0,0.0,0.0,1525.8562361561374,0.0,0.0,False,False,False
proxy_hardened_no_worst_hours,2025-03-24,1,0,-5.467985749392101,0.0,5.467985749392101,1520.3882504067453,5.467985749392028,0.358355238181987,False,False,True
proxy_hardened_no_worst_hours,2025-03-25,0,0,0.0,0.0,0.0,1520.3882504067453,0.0,0.0,False,False,False
proxy_hardened_no_worst_hours,2025-03-26,1,0,-4.229418710923783,0.0,4.229418710923783,1516.1588316958216,9.697404460315738,0.6355385409535677,False,False,True
proxy_hardened_no_worst_hours,2025-03-27,1,0,16.44322836269059,16.44322836269059,0.0,1532.6020600585123,0.0,0.0,False,True,False
proxy_hardened_no_worst_hours,2025-03-28,1,0,11.624606750366565,11.624606750366565,0.0,1544.226666808879,0.0,0.0,False,True,False
proxy_hardened_no_worst_hours,2025-03-30,0,0,0.0,0.0,0.0,1544.226666808879,0.0,0.0,False,False,False
proxy_hardened_no_worst_hours,2025-03-31,1,0,20.225386701189947,20.225386701189947,0.0,1564.452053510069,0.0,0.0,False,True,False
proxy_hardened_no_worst_hours,2025-04-01,1,0,-6.865269665078886,0.0,6.865269665078886,1557.5867838449901,6.865269665078813,0.4388290232145889,False,False,True
proxy_hardened_no_worst_hours,2025-04-02,1,0,-7.715735011037468,0.0,7.715735011037468,1549.8710488339527,14.581004676116208,0.9320199135155128,False,False,True
proxy_hardened_no_worst_hours,2025-04-03,0,0,0.0,0.0,0.0,1549.8710488339527,0.0,0.0,False,False,False
proxy_hardened_no_worst_hours,2025-04-04,0,0,0.0,0.0,0.0,1549.8710488339527,0.0,0.0,False,False,False
proxy_hardened_no_worst_hours,2025-04-06,0,0,0.0,0.0,0.0,1549.8710488339527,0.0,0.0,False,False,False
proxy_hardened_no_worst_hours,2025-04-07,2,0,24.13723888255967,40.904737969676646,16.767499087116974,1574.0082877165125,31.34850376323311,2.003800863880636,False,True,False
proxy_hardened_no_worst_hours,2025-04-08,0,0,0.0,0.0,0.0,1574.0082877165125,0.0,0.0,False,False,False
proxy_hardened_no_worst_hours,2025-04-09,2,0,68.51374648497344,68.51374648497344,0.0,1642.5220342014861,0.0,0.0,False,True,False
proxy_hardened_no_worst_hours,2025-04-10,1,0,21.933195701761107,21.933195701761107,0.0,1664.4552299032473,0.0,0.0,False,True,False
proxy_hardened_no_worst_hours,2025-04-11,1,0,-16.132767573510662,0.0,16.132767573510662,1648.3224623297367,16.13276757351059,0.9692521182710556,False,False,True
proxy_hardened_no_worst_hours,2025-04-13,0,0,0.0,0.0,0.0,1648.3224623297367,0.0,0.0,False,False,False
proxy_hardened_no_worst_hours,2025-04-14,0,0,0.0,0.0,0.0,1648.3224623297367,0.0,0.0,False,False,False
proxy_hardened_no_worst_hours,2025-04-15,0,0,0.0,0.0,0.0,1648.3224623297367,0.0,0.0,False,False,False
proxy_hardened_no_worst_hours,2025-04-16,0,0,0.0,0.0,0.0,1648.3224623297367,0.0,0.0,False,False,False
proxy_hardened_no_worst_hours,2025-04-17,0,0,0.0,0.0,0.0,1648.3224623297367,0.0,0.0,False,False,False
proxy_hardened_no_worst_hours,2025-04-20,0,0,0.0,0.0,0.0,1648.3224623297367,0.0,0.0,False,False,False
proxy_hardened_no_worst_hours,2025-04-21,0,0,0.0,0.0,0.0,1648.3224623297367,0.0,0.0,False,False,False
proxy_hardened_no_worst_hours,2025-04-22,1,0,-15.243754902849178,0.0,15.243754902849178,1633.0787074268876,31.376522476359696,1.8850926064369766,False,False,True
proxy_hardened_no_worst_hours,2025-04-23,0,0,0.0,0.0,0.0,1633.0787074268876,0.0,0.0,False,False,False
proxy_hardened_no_worst_hours,2025-04-24,0,0,0.0,0.0,0.0,1633.0787074268876,0.0,0.0,False,False,False
proxy_hardened_no_worst_hours,2025-04-25,1,0,23.575188876600734,23.575188876600734,0.0,1656.6538963034884,7.801333599758891,0.46870191877809614,False,True,False
proxy_hardened_no_worst_hours,2025-04-27,0,0,0.0,0.0,0.0,1656.6538963034884,0.0,0.0,False,False,False
proxy_hardened_no_worst_hours,2025-04-28,1,0,-10.00587203193716,0.0,10.00587203193716,1646.6480242715513,17.80720563169598,1.0698518837740736,False,False,True
proxy_hardened_no_worst_hours,2025-04-29,0,0,0.0,0.0,0.0,1646.6480242715513,0.0,0.0,False,False,False
proxy_hardened_no_worst_hours,2025-04-30,0,0,0.0,0.0,0.0,1646.6480242715513,0.0,0.0,False,False,False
proxy_hardened_no_worst_hours,2025-05-01,1,0,-13.411816497675845,0.0,13.411816497675845,1633.2362077738755,31.21902212937175,1.875630030084166,False,False,True
proxy_hardened_no_worst_hours,2025-05-02,0,0,0.0,0.0,0.0,1633.2362077738755,0.0,0.0,False,False,False
proxy_hardened_no_worst_hours,2025-05-04,0,0,0.0,0.0,0.0,1633.2362077738755,0.0,0.0,False,False,False
proxy_hardened_no_worst_hours,2025-05-05,0,0,0.0,0.0,0.0,1633.2362077738755,0.0,0.0,False,False,False
proxy_hardened_no_worst_hours,2025-05-06,1,0,22.490118656469278,22.490118656469278,0.0,1655.726326430345,8.728903472902402,0.5244300547158486,False,True,False
proxy_hardened_no_worst_hours,2025-05-07,0,0,0.0,0.0,0.0,1655.726326430345,0.0,0.0,False,False,False
proxy_hardened_no_worst_hours,2025-05-08,0,0,0.0,0.0,0.0,1655.726326430345,0.0,0.0,False,False,False
proxy_hardened_no_worst_hours,2025-05-09,1,0,-9.141741239350795,0.0,9.141741239350795,1646.5845851909942,17.870644712253124,1.0736632858122548,False,False,True
proxy_hardened_no_worst_hours,2025-05-11,0,0,0.0,0.0,0.0,1646.5845851909942,0.0,0.0,False,False,False
proxy_hardened_no_worst_hours,2025-05-12,0,0,0.0,0.0,0.0,1646.5845851909942,0.0,0.0,False,False,False
proxy_hardened_no_worst_hours,2025-05-13,1,0,-11.334909158230476,0.0,11.334909158230476,1635.2496760327638,29.205553870483527,1.7546614258997648,False,False,True
proxy_hardened_no_worst_hours,2025-05-14,0,0,0.0,0.0,0.0,1635.2496760327638,0.0,0.0,False,False,False
proxy_hardened_no_worst_hours,2025-05-15,0,0,0.0,0.0,0.0,1635.2496760327638,0.0,0.0,False,False,False
proxy_hardened_no_worst_hours,2025-05-16,1,0,-15.21535996207429,0.0,15.21535996207429,1620.0343160706896,44.420913832557744,2.6687959540455695,False,False,True
proxy_hardened_no_worst_hours,2025-05-18,0,0,0.0,0.0,0.0,1620.0343160706896,0.0,0.0,False,False,False
proxy_hardened_no_worst_hours,2025-05-19,0,0,0.0,0.0,0.0,1620.0343160706896,0.0,0.0,False,False,False
proxy_hardened_no_worst_hours,2025-05-20,0,0,0.0,0.0,0.0,1620.0343160706896,0.0,0.0,False,False,False
proxy_hardened_no_worst_hours,2025-05-21,2,0,13.905523155369194,22.387183319140533,8.48166016377134,1633.939839226059,52.90257399632901,3.178371700595646,False,True,False
proxy_hardened_no_worst_hours,2025-05-22,0,0,0.0,0.0,0.0,1633.939839226059,0.0,0.0,False,False,False
proxy_hardened_no_worst_hours,2025-05-23,1,0,-13.535602802566318,0.0,13.535602802566318,1620.4042364234926,44.05099347975465,2.646571243752545,False,False,True
proxy_hardened_no_worst_hours,2025-05-25,0,0,0.0,0.0,0.0,1620.4042364234926,0.0,0.0,False,False,False
proxy_hardened_no_worst_hours,2025-05-26,1,0,8.378815281392162,8.378815281392162,0.0,1628.7830517048849,35.67217819836242,2.143174388681875,False,True,False
proxy_hardened_no_worst_hours,2025-05-27,1,0,-9.031894293224086,0.0,9.031894293224086,1619.7511574116609,44.70407249158643,2.685808046287014,False,False,True
proxy_hardened_no_worst_hours,2025-05-28,0,0,0.0,0.0,0.0,1619.7511574116609,0.0,0.0,False,False,False
proxy_hardened_no_worst_hours,2025-05-29,0,0,0.0,0.0,0.0,1619.7511574116609,0.0,0.0,False,False,False
proxy_hardened_no_worst_hours,2025-05-30,1,0,-12.590708224193877,0.0,12.590708224193877,1607.160449187467,57.294780715780234,3.4422542394913624,False,False,True
proxy_hardened_no_worst_hours,2025-06-01,0,0,0.0,0.0,0.0,1607.160449187467,0.0,0.0,False,False,False
proxy_hardened_no_worst_hours,2025-06-02,1,0,18.49012079484821,18.49012079484821,0.0,1625.6505699823153,38.804659920931954,2.331373005640267,False,True,False
proxy_hardened_no_worst_hours,2025-06-03,0,0,0.0,0.0,0.0,1625.6505699823153,0.0,0.0,False,False,False
proxy_hardened_no_worst_hours,2025-06-04,1,0,-6.867766456146983,0.0,6.867766456146983,1618.7828035261684,45.672426377078864,2.743986474165108,False,False,True
proxy_hardened_no_worst_hours,2025-06-05,0,0,0.0,0.0,0.0,1618.7828035261684,0.0,0.0,False,False,False
proxy_hardened_no_worst_hours,2025-06-06,0,0,0.0,0.0,0.0,1618.7828035261684,0.0,0.0,False,False,False
proxy_hardened_no_worst_hours,2025-06-08,0,0,0.0,0.0,0.0,1618.7828035261684,0.0,0.0,False,False,False
proxy_hardened_no_worst_hours,2025-06-09,0,0,0.0,0.0,0.0,1618.7828035261684,0.0,0.0,False,False,False
proxy_hardened_no_worst_hours,2025-06-10,1,0,-8.2545798296688,0.0,8.2545798296688,1610.5282236964997,53.92700620674759,3.2399192983930423,False,False,True
proxy_hardened_no_worst_hours,2025-06-11,2,0,9.141501492797799,20.188211801428153,11.046710308630354,1619.6697251892977,64.97371651537787,3.903602533013442,False,True,False
proxy_hardened_no_worst_hours,2025-06-12,1,0,23.79880661185409,23.79880661185409,0.0,1643.4685318011518,20.986698102095488,1.2608748931814417,False,True,False
proxy_hardened_no_worst_hours,2025-06-13,1,0,20.633293751486164,20.633293751486164,0.0,1664.101825552638,0.353404350609253,0.021232433547028837,False,True,False
proxy_hardened_no_worst_hours,2025-06-15,0,0,0.0,0.0,0.0,1664.101825552638,0.0,0.0,False,False,False
proxy_hardened_no_worst_hours,2025-06-16,0,0,0.0,0.0,0.0,1664.101825552638,0.0,0.0,False,False,False
proxy_hardened_no_worst_hours,2025-06-17,0,0,0.0,0.0,0.0,1664.101825552638,0.0,0.0,False,False,False
proxy_hardened_no_worst_hours,2025-06-18,0,0,0.0,0.0,0.0,1664.101825552638,0.0,0.0,False,False,False
proxy_hardened_no_worst_hours,2025-06-19,1,0,-7.697442951719113,0.0,7.697442951719113,1656.404382600919,8.050847302328293,0.4836926315402475,False,False,True
proxy_hardened_no_worst_hours,2025-06-20,0,0,0.0,0.0,0.0,1656.404382600919,0.0,0.0,False,False,False
proxy_hardened_no_worst_hours,2025-06-22,0,0,0.0,0.0,0.0,1656.404382600919,0.0,0.0,False,False,False
proxy_hardened_no_worst_hours,2025-06-23,0,0,0.0,0.0,0.0,1656.404382600919,0.0,0.0,False,False,False
proxy_hardened_no_worst_hours,2025-06-24,1,0,-11.286919251242198,0.0,11.286919251242198,1645.1174633496769,19.337766553570418,1.1618075515731654,False,False,True
proxy_hardened_no_worst_hours,2025-06-25,1,0,-7.342090853124391,0.0,7.342090853124391,1637.7753724965526,26.679857406694737,1.6029182958706318,False,False,True
proxy_hardened_no_worst_hours,2025-06-26,1,0,-9.84365528281076,0.0,9.84365528281076,1627.9317172137419,36.523512689505424,2.1943223244057153,False,False,True
proxy_hardened_no_worst_hours,2025-06-27,2,0,5.232474230101925,15.855327304043312,10.622853073941387,1633.164191443844,31.291038459403353,1.8799567508476789,False,True,False
proxy_hardened_no_worst_hours,2025-06-29,0,0,0.0,0.0,0.0,1633.164191443844,0.0,0.0,False,False,False
proxy_hardened_no_worst_hours,2025-06-30,0,0,0.0,0.0,0.0,1633.164191443844,0.0,0.0,False,False,False
proxy_hardened_no_worst_hours,2025-07-01,2,0,-12.069693130853157,0.0,12.069693130853157,1621.094498312991,43.360731590256364,2.605100504432124,False,False,True
proxy_hardened_no_worst_hours,2025-07-02,1,0,-6.76933877734753,0.0,6.76933877734753,1614.3251595356435,50.13007036760382,3.0118004658207487,False,False,True
proxy_hardened_no_worst_hours,2025-07-03,1,0,-5.662992406875292,0.0,5.662992406875292,1608.6621671287683,55.79306277447904,3.3520314498169004,False,False,True
proxy_hardened_no_worst_hours,2025-07-04,0,0,0.0,0.0,0.0,1608.6621671287683,0.0,0.0,False,False,False
proxy_hardened_no_worst_hours,2025-07-06,1,0,-4.675897960226921,0.0,4.675897960226921,1603.9862691685414,60.46896073470589,3.6329580783149615,False,False,True
proxy_hardened_no_worst_hours,2025-07-07,1,0,11.619057802245988,11.619057802245988,0.0,1615.6053269707875,48.84990293245983,2.934888367967663,False,True,False
proxy_hardened_no_worst_hours,2025-07-08,1,0,10.986629089033995,10.986629089033995,0.0,1626.5919560598215,37.86327384342576,2.2748147960475156,False,True,False
proxy_hardened_no_worst_hours,2025-07-09,1,0,-6.019640643820894,0.0,6.019640643820894,1620.5723154160007,43.88291448724658,2.636473105365378,False,False,True
proxy_hardened_no_worst_hours,2025-07-10,2,1,-11.201081354819653,0.0,11.201081354819653,1609.3712340611812,55.08399584206609,3.309430908830636,True,False,True
proxy_hardened_no_worst_hours,2025-07-11,1,0,12.524618149724047,12.524618149724047,0.0,1621.8958522109053,42.55937769234197,2.5569553886298215,False,True,False
proxy_hardened_no_worst_hours,2025-07-13,0,0,0.0,0.0,0.0,1621.8958522109053,0.0,0.0,False,False,False
proxy_hardened_no_worst_hours,2025-07-14,1,0,-6.183180605894977,0.0,6.183180605894977,1615.7126716050104,48.74255829823687,2.928439132668664,False,False,True
proxy_hardened_no_worst_hours,2025-07-15,1,0,-5.4292171215893905,0.0,5.4292171215893905,1610.283454483421,54.17177541982619,3.254624963566916,False,False,True
proxy_hardened_no_worst_hours,2025-07-16,1,0,-15.194313511424825,0.0,15.194313511424825,1595.0891409719964,69.36608893125094,4.1674950269033735,False,False,True
proxy_hardened_no_worst_hours,2025-07-17,2,0,6.276785198034158,10.436392286730479,4.159607088696321,1601.3659261700307,63.08930373321664,3.7903875454123175,False,True,False
proxy_hardened_no_worst_hours,2025-07-18,1,0,-5.6297972829480205,0.0,5.6297972829480205,1595.7361288870827,68.71910101616459,4.128624175740621,False,False,True
proxy_hardened_no_worst_hours,2025-07-20,0,0,0.0,0.0,0.0,1595.7361288870827,0.0,0.0,False,False,False
proxy_hardened_no_worst_hours,2025-07-21,0,0,0.0,0.0,0.0,1595.7361288870827,0.0,0.0,False,False,False
proxy_hardened_no_worst_hours,2025-07-22,0,0,0.0,0.0,0.0,1595.7361288870827,0.0,0.0,False,False,False
proxy_hardened_no_worst_hours,2025-07-23,0,0,0.0,0.0,0.0,1595.7361288870827,0.0,0.0,False,False,False
proxy_hardened_no_worst_hours,2025-07-24,0,0,0.0,0.0,0.0,1595.7361288870827,0.0,0.0,False,False,False
proxy_hardened_no_worst_hours,2025-07-25,1,0,12.506915397916528,12.506915397916528,0.0,1608.2430442849993,56.212185618247986,3.3772122318673317,False,True,False
proxy_hardened_no_worst_hours,2025-07-27,0,0,0.0,0.0,0.0,1608.2430442849993,0.0,0.0,False,False,False
proxy_hardened_no_worst_hours,2025-07-28,0,0,0.0,0.0,0.0,1608.2430442849993,0.0,0.0,False,False,False
proxy_hardened_no_worst_hours,2025-07-29,0,0,0.0,0.0,0.0,1608.2430442849993,0.0,0.0,False,False,False
proxy_hardened_no_worst_hours,2025-07-30,0,0,0.0,0.0,0.0,1608.2430442849993,0.0,0.0,False,False,False
proxy_hardened_no_worst_hours,2025-07-31,1,0,14.752561295262167,14.752561295262167,0.0,1622.9956055802616,41.459624322985746,2.490882516881859,False,True,False
proxy_hardened_no_worst_hours,2025-08-01,0,0,0.0,0.0,0.0,1622.9956055802616,0.0,0.0,False,False,False
proxy_hardened_no_worst_hours,2025-08-03,0,0,0.0,0.0,0.0,1622.9956055802616,0.0,0.0,False,False,False
proxy_hardened_no_worst_hours,2025-08-04,1,0,-6.88278213066822,0.0,6.88278213066822,1616.1128234495934,48.34240645365389,2.9043981228899725,False,False,True
proxy_hardened_no_worst_hours,2025-08-05,2,0,5.472466838723758,11.808700334793157,6.336233496069399,1621.5852902883173,42.86993961492999,2.575613861204423,False,True,False
proxy_hardened_no_worst_hours,2025-08-06,0,0,0.0,0.0,0.0,1621.5852902883173,0.0,0.0,False,False,False
proxy_hardened_no_worst_hours,2025-08-07,1,0,-8.568327166226554,0.0,8.568327166226554,1613.0169631220908,51.43826678115647,3.0903965367783734,False,False,True
proxy_hardened_no_worst_hours,2025-08-08,1,0,-9.940664368068683,0.0,9.940664368068683,1603.0762987540222,61.37893114922508,3.687628843750454,False,False,True
proxy_hardened_no_worst_hours,2025-08-10,0,0,0.0,0.0,0.0,1603.0762987540222,0.0,0.0,False,False,False
proxy_hardened_no_worst_hours,2025-08-11,2,0,8.883668984087164,17.823878020420054,8.94020903633289,1611.9599677381095,70.3191401855579,4.224754077022874,False,True,False
proxy_hardened_no_worst_hours,2025-08-12,1,0,-11.142070955886611,0.0,11.142070955886611,1600.817896782223,63.63733312102431,3.823312996212189,False,False,True
proxy_hardened_no_worst_hours,2025-08-13,1,0,-6.900357647823585,0.0,6.900357647823585,1593.9175391343995,70.53769076884782,4.237884534325871,False,False,True
proxy_hardened_no_worst_hours,2025-08-14,1,0,16.2723370795474,16.2723370795474,0.0,1610.189876213947,54.265353689300355,3.2602471195608382,False,True,False
proxy_hardened_no_worst_hours,2025-08-15,0,0,0.0,0.0,0.0,1610.189876213947,0.0,0.0,False,False,False
proxy_hardened_no_worst_hours,2025-08-17,0,0,0.0,0.0,0.0,1610.189876213947,0.0,0.0,False,False,False
proxy_hardened_no_worst_hours,2025-08-18,0,0,0.0,0.0,0.0,1610.189876213947,0.0,0.0,False,False,False
proxy_hardened_no_worst_hours,2025-08-19,1,0,11.569169535386136,11.569169535386136,0.0,1621.7590457493332,42.696184153914146,2.5651746821929255,False,True,False
proxy_hardened_no_worst_hours,2025-08-20,0,0,0.0,0.0,0.0,1621.7590457493332,0.0,0.0,False,False,False
proxy_hardened_no_worst_hours,2025-08-21,0,0,0.0,0.0,0.0,1621.7590457493332,0.0,0.0,False,False,False
proxy_hardened_no_worst_hours,2025-08-22,0,0,0.0,0.0,0.0,1621.7590457493332,0.0,0.0,False,False,False
proxy_hardened_no_worst_hours,2025-08-24,0,0,0.0,0.0,0.0,1621.7590457493332,0.0,0.0,False,False,False
proxy_hardened_no_worst_hours,2025-08-25,0,0,0.0,0.0,0.0,1621.7590457493332,0.0,0.0,False,False,False
proxy_hardened_no_worst_hours,2025-08-26,1,0,9.532534353808769,9.532534353808769,0.0,1631.291580103142,33.163649800105304,1.9924627111798654,False,True,False
proxy_hardened_no_worst_hours,2025-08-27,0,0,0.0,0.0,0.0,1631.291580103142,0.0,0.0,False,False,False
proxy_hardened_no_worst_hours,2025-08-28,2,0,20.883768538930635,20.883768538930635,0.0,1652.1753486420728,24.755952569891633,1.4873306367832235,False,True,False
proxy_hardened_no_worst_hours,2025-08-29,0,0,0.0,0.0,0.0,1652.1753486420728,0.0,0.0,False,False,False
proxy_hardened_no_worst_hours,2025-08-31,1,0,-6.084373142543955,0.0,6.084373142543955,1646.090975499529,18.364254403718405,1.1033192166295693,False,False,True
proxy_hardened_no_worst_hours,2025-09-01,1,0,12.750824778071474,12.750824778071474,0.0,1658.8418002776004,5.613429625646859,0.33725326610155565,False,True,False
proxy_hardened_no_worst_hours,2025-09-02,1,0,19.913114779465033,19.913114779465033,0.0,1678.7549150570655,0.0,0.0,False,True,False
proxy_hardened_no_worst_hours,2025-09-03,0,0,0.0,0.0,0.0,1678.7549150570655,0.0,0.0,False,False,False
proxy_hardened_no_worst_hours,2025-09-04,1,0,-9.256442259113628,0.0,9.256442259113628,1669.498472797952,9.256442259113555,0.5513873511905043,False,False,True
proxy_hardened_no_worst_hours,2025-09-05,0,0,0.0,0.0,0.0,1669.498472797952,0.0,0.0,False,False,False
proxy_hardened_no_worst_hours,2025-09-07,1,0,-9.068648921599179,0.0,9.068648921599179,1660.4298238763529,18.32509118071266,1.0915882369934709,False,False,True
proxy_hardened_no_worst_hours,2025-09-08,1,0,14.874852335510623,14.874852335510623,0.0,1675.3046762118636,3.450238845201966,0.20552367795061274,False,True,False
proxy_hardened_no_worst_hours,2025-09-09,1,0,-7.434409802644568,0.0,7.434409802644568,1667.870266409219,10.884648647846461,0.6483762787658889,False,False,True
proxy_hardened_no_worst_hours,2025-09-10,0,0,0.0,0.0,0.0,1667.870266409219,0.0,0.0,False,False,False
proxy_hardened_no_worst_hours,2025-09-11,1,0,13.951003311982204,13.951003311982204,0.0,1681.8212697212014,0.0,0.0,False,True,False
proxy_hardened_no_worst_hours,2025-09-12,2,0,-12.87848062126719,0.0,12.87848062126719,1668.9427890999343,12.878480621267045,0.7657460904512127,False,False,True
proxy_hardened_no_worst_hours,2025-09-14,0,0,0.0,0.0,0.0,1668.9427890999343,0.0,0.0,False,False,False
proxy_hardened_no_worst_hours,2025-09-15,1,0,10.540132999968973,10.540132999968973,0.0,1679.4829220999034,2.3383476212979986,0.13903663031242497,False,True,False
proxy_hardened_no_worst_hours,2025-09-16,1,0,-6.344574650982013,0.0,6.344574650982013,1673.1383474489214,8.682922272279939,0.5162809169204599,False,False,True
proxy_hardened_no_worst_hours,2025-09-17,0,0,0.0,0.0,0.0,1673.1383474489214,0.0,0.0,False,False,False
proxy_hardened_no_worst_hours,2025-09-18,0,0,0.0,0.0,0.0,1673.1383474489214,0.0,0.0,False,False,False
proxy_hardened_no_worst_hours,2025-09-19,0,0,0.0,0.0,0.0,1673.1383474489214,0.0,0.0,False,False,False
proxy_hardened_no_worst_hours,2025-09-21,0,0,0.0,0.0,0.0,1673.1383474489214,0.0,0.0,False,False,False
proxy_hardened_no_worst_hours,2025-09-22,2,0,9.003935832233166,16.517690127635362,7.513754295402196,1682.1422832811547,16.19667656768206,0.9630438655569515,False,True,False
proxy_hardened_no_worst_hours,2025-09-23,1,0,-9.901791146890973,0.0,9.901791146890973,1672.2404921342638,9.9017911468909,0.5886417127317349,False,False,True
proxy_hardened_no_worst_hours,2025-09-24,0,0,0.0,0.0,0.0,1672.2404921342638,0.0,0.0,False,False,False
proxy_hardened_no_worst_hours,2025-09-25,1,0,-10.803434128784447,0.0,10.803434128784447,1661.4370580054795,20.705225275675275,1.2308843004224386,False,False,True
proxy_hardened_no_worst_hours,2025-09-26,1,0,17.487694151069192,17.487694151069192,0.0,1678.9247521565487,3.217531124606012,0.19127580089895588,False,True,False
proxy_hardened_no_worst_hours,2025-09-28,1,0,16.488049178069488,16.488049178069488,0.0,1695.4128013346183,0.0,0.0,False,True,False
proxy_hardened_no_worst_hours,2025-09-29,1,0,18.595097053255742,18.595097053255742,0.0,1714.007898387874,0.0,0.0,False,True,False
proxy_hardened_no_worst_hours,2025-09-30,1,0,28.48447780289591,28.48447780289591,0.0,1742.49237619077,0.0,0.0,False,True,False
proxy_hardened_no_worst_hours,2025-10-01,1,0,-10.189628839258221,0.0,10.189628839258221,1732.302747351512,10.189628839258148,0.5847732236013281,False,False,True
proxy_hardened_no_worst_hours,2025-10-02,1,0,14.439714558619853,14.439714558619853,0.0,1746.7424619101319,0.0,0.0,False,True,False
proxy_hardened_no_worst_hours,2025-10-03,1,0,22.730204653549592,22.730204653549592,0.0,1769.4726665636815,0.0,0.0,False,True,False
proxy_hardened_no_worst_hours,2025-10-05,0,0,0.0,0.0,0.0,1769.4726665636815,0.0,0.0,False,False,False
proxy_hardened_no_worst_hours,2025-10-06,1,0,23.05337230375237,23.05337230375237,0.0,1792.526038867434,0.0,0.0,False,True,False
proxy_hardened_no_worst_hours,2025-10-07,1,0,-10.555229573414708,0.0,10.555229573414708,1781.9708092940193,10.555229573414636,0.5888466524081131,False,False,True
proxy_hardened_no_worst_hours,2025-10-08,1,0,-11.794839898451828,0.0,11.794839898451828,1770.1759693955676,22.35006947186639,1.2468476879693065,False,False,True
proxy_hardened_no_worst_hours,2025-10-09,0,0,0.0,0.0,0.0,1770.1759693955676,0.0,0.0,False,False,False
proxy_hardened_no_worst_hours,2025-10-10,1,0,-17.263960122177266,0.0,17.263960122177266,1752.9120092733904,39.614029594043586,2.2099556009279953,False,False,True
proxy_hardened_no_worst_hours,2025-10-12,1,0,35.24482783644582,35.24482783644582,0.0,1788.1568371098363,4.369201757597693,0.24374551124279747,False,True,False
proxy_hardened_no_worst_hours,2025-10-13,1,0,22.781597778860416,22.781597778860416,0.0,1810.9384348886967,0.0,0.0,False,True,False
proxy_hardened_no_worst_hours,2025-10-14,2,0,18.332956688478447,36.887829619409715,18.554872930931268,1829.2713915771753,18.554872930931197,1.0245998744883678,False,True,False
proxy_hardened_no_worst_hours,2025-10-15,1,0,26.937862845909805,26.937862845909805,0.0,1856.2092544230852,0.0,0.0,False,True,False
proxy_hardened_no_worst_hours,2025-10-16,0,0,0.0,0.0,0.0,1856.2092544230852,0.0,0.0,False,False,False
proxy_hardened_no_worst_hours,2025-10-17,0,0,0.0,0.0,0.0,1856.2092544230852,0.0,0.0,False,False,False
proxy_hardened_no_worst_hours,2025-10-19,0,0,0.0,0.0,0.0,1856.2092544230852,0.0,0.0,False,False,False
proxy_hardened_no_worst_hours,2025-10-20,0,0,0.0,0.0,0.0,1856.2092544230852,0.0,0.0,False,False,False
proxy_hardened_no_worst_hours,2025-10-21,0,0,0.0,0.0,0.0,1856.2092544230852,0.0,0.0,False,False,False
proxy_hardened_no_worst_hours,2025-10-22,2,0,24.437520996713687,59.305351661679126,34.86783066496544,1880.646775419799,34.86783066496537,1.8202852932682054,False,True,False
proxy_hardened_no_worst_hours,2025-10-23,0,0,0.0,0.0,0.0,1880.646775419799,0.0,0.0,False,False,False
proxy_hardened_no_worst_hours,2025-10-24,0,0,0.0,0.0,0.0,1880.646775419799,0.0,0.0,False,False,False
proxy_hardened_no_worst_hours,2025-10-26,0,0,0.0,0.0,0.0,1880.646775419799,0.0,0.0,False,False,False
proxy_hardened_no_worst_hours,2025-10-27,1,0,34.759911395489254,34.759911395489254,0.0,1915.4066868152884,0.10791926947604225,0.005633957012555751,False,True,False
proxy_hardened_no_worst_hours,2025-10-28,0,0,0.0,0.0,0.0,1915.4066868152884,0.0,0.0,False,False,False
proxy_hardened_no_worst_hours,2025-10-29,1,0,-14.348392677401153,0.0,14.348392677401153,1901.0582941378873,14.456311946877122,0.7546959914038582,False,False,True
proxy_hardened_no_worst_hours,2025-10-30,1,0,41.970769661716915,41.970769661716915,0.0,1943.0290637996043,0.0,0.0,False,True,False
proxy_hardened_no_worst_hours,2025-10-31,1,0,-15.221307507036345,0.0,15.221307507036345,1927.807756292568,15.221307507036272,0.7833803307744105,False,False,True
proxy_hardened_no_worst_hours,2025-11-02,0,0,0.0,0.0,0.0,1927.807756292568,0.0,0.0,False,False,False
proxy_hardened_no_worst_hours,2025-11-03,0,0,0.0,0.0,0.0,1927.807756292568,0.0,0.0,False,False,False
proxy_hardened_no_worst_hours,2025-11-04,1,0,-19.328217808858952,0.0,19.328217808858952,1908.4795384837091,34.54952531589515,1.7781270470722328,False,False,True
proxy_hardened_no_worst_hours,2025-11-05,0,0,0.0,0.0,0.0,1908.4795384837091,0.0,0.0,False,False,False
proxy_hardened_no_worst_hours,2025-11-06,1,0,-8.447839535281291,0.0,8.447839535281291,1900.031698948428,42.99736485117637,2.21290384442808,False,False,True
proxy_hardened_no_worst_hours,2025-11-07,0,0,0.0,0.0,0.0,1900.031698948428,0.0,0.0,False,False,False
proxy_hardened_no_worst_hours,2025-11-09,0,0,0.0,0.0,0.0,1900.031698948428,0.0,0.0,False,False,False
proxy_hardened_no_worst_hours,2025-11-10,1,0,21.890453424404697,21.890453424404697,0.0,1921.9221523728327,21.106911426771603,1.0862890226406041,False,True,False
proxy_hardened_no_worst_hours,2025-11-11,0,0,0.0,0.0,0.0,1921.9221523728327,0.0,0.0,False,False,False
proxy_hardened_no_worst_hours,2025-11-12,0,0,0.0,0.0,0.0,1921.9221523728327,0.0,0.0,False,False,False
proxy_hardened_no_worst_hours,2025-11-13,1,0,-12.464725497031468,0.0,12.464725497031468,1909.4574268758013,33.571636923803,1.7277990097664044,False,False,True
proxy_hardened_no_worst_hours,2025-11-14,0,0,0.0,0.0,0.0,1909.4574268758013,0.0,0.0,False,False,False
proxy_hardened_no_worst_hours,2025-11-16,0,0,0.0,0.0,0.0,1909.4574268758013,0.0,0.0,False,False,False
proxy_hardened_no_worst_hours,2025-11-17,0,0,0.0,0.0,0.0,1909.4574268758013,0.0,0.0,False,False,False
proxy_hardened_no_worst_hours,2025-11-18,0,0,0.0,0.0,0.0,1909.4574268758013,0.0,0.0,False,False,False
proxy_hardened_no_worst_hours,2025-11-19,1,0,22.939114226558488,22.939114226558488,0.0,1932.3965411023598,10.63252269724444,0.5472137754055248,False,True,False
proxy_hardened_no_worst_hours,2025-11-20,1,0,-16.79405198674165,0.0,16.79405198674165,1915.6024891156183,27.42657468398602,1.4115370271586776,False,False,True
proxy_hardened_no_worst_hours,2025-11-21,2,0,-32.3251384591787,0.0,32.3251384591787,1883.2773506564397,59.75171314316458,3.0751837044742794,False,False,True
proxy_hardened_no_worst_hours,2025-11-23,0,0,0.0,0.0,0.0,1883.2773506564397,0.0,0.0,False,False,False
proxy_hardened_no_worst_hours,2025-11-24,1,0,19.93456242090626,19.93456242090626,0.0,1903.211913077346,39.81715072225825,2.049230835713573,False,True,False
proxy_hardened_no_worst_hours,2025-11-25,0,0,0.0,0.0,0.0,1903.211913077346,0.0,0.0,False,False,False
proxy_hardened_no_worst_hours,2025-11-26,0,0,0.0,0.0,0.0,1903.211913077346,0.0,0.0,False,False,False
proxy_hardened_no_worst_hours,2025-11-27,0,0,0.0,0.0,0.0,1903.211913077346,0.0,0.0,False,False,False
proxy_hardened_no_worst_hours,2025-11-28,1,0,23.381412893911076,23.381412893911076,0.0,1926.5933259712572,16.4357378283471,0.8458822430688157,False,True,False
proxy_hardened_no_worst_hours,2025-11-30,0,0,0.0,0.0,0.0,1926.5933259712572,0.0,0.0,False,False,False
proxy_hardened_no_worst_hours,2025-12-01,0,0,0.0,0.0,0.0,1926.5933259712572,0.0,0.0,False,False,False
proxy_hardened_no_worst_hours,2025-12-02,0,0,0.0,0.0,0.0,1926.5933259712572,0.0,0.0,False,False,False
proxy_hardened_no_worst_hours,2025-12-03,1,0,-14.90649119582311,0.0,14.90649119582311,1911.6868347754341,31.342229024170138,1.6130602268439689,False,False,True
proxy_hardened_no_worst_hours,2025-12-04,0,0,0.0,0.0,0.0,1911.6868347754341,0.0,0.0,False,False,False
proxy_hardened_no_worst_hours,2025-12-05,2,0,31.19262190340291,31.19262190340291,0.0,1942.8794566788372,17.939682615224683,0.923284316712357,False,True,False
proxy_hardened_no_worst_hours,2025-12-07,0,0,0.0,0.0,0.0,1942.8794566788372,0.0,0.0,False,False,False
proxy_hardened_no_worst_hours,2025-12-08,0,0,0.0,0.0,0.0,1942.8794566788372,0.0,0.0,False,False,False
proxy_hardened_no_worst_hours,2025-12-09,2,1,-17.630328997808792,0.0,17.630328997808792,1925.2491276810285,17.779936118575733,0.9150627980729721,True,False,True
proxy_hardened_no_worst_hours,2025-12-10,0,0,0.0,0.0,0.0,1925.2491276810285,0.0,0.0,False,False,False
proxy_hardened_no_worst_hours,2025-12-11,0,0,0.0,0.0,0.0,1925.2491276810285,0.0,0.0,False,False,False
proxy_hardened_no_worst_hours,2025-12-12,0,0,0.0,0.0,0.0,1925.2491276810285,0.0,0.0,False,False,False
proxy_hardened_no_worst_hours,2025-12-14,0,0,0.0,0.0,0.0,1925.2491276810285,0.0,0.0,False,False,False
proxy_hardened_no_worst_hours,2025-12-15,0,0,0.0,0.0,0.0,1925.2491276810285,0.0,0.0,False,False,False
proxy_hardened_no_worst_hours,2025-12-16,2,0,12.25207360999215,24.97735393723626,12.725280327244109,1937.5012012910208,30.50521644581977,1.569982508968067,False,True,False
proxy_hardened_no_worst_hours,2025-12-17,2,0,6.08714728889103,17.696468946160095,11.609321657269065,1943.588348579912,11.609321657268993,0.5937671588909315,False,True,False
proxy_hardened_no_worst_hours,2025-12-18,1,0,-19.016437663376635,0.0,19.016437663376635,1924.5719109165354,30.625759320645557,1.5663766271228428,False,False,True
proxy_hardened_no_worst_hours,2025-12-19,1,0,20.53074898601419,20.53074898601419,0.0,1945.1026599025497,10.095010334631297,0.5163166102487576,False,True,False
proxy_hardened_no_worst_hours,2025-12-21,0,0,0.0,0.0,0.0,1945.1026599025497,0.0,0.0,False,False,False
proxy_hardened_no_worst_hours,2025-12-22,2,0,41.27176920871884,41.27176920871884,0.0,1986.3744291112687,0.0,0.0,False,True,False
proxy_hardened_no_worst_hours,2025-12-23,2,0,11.67442329667105,20.567664730282488,8.893241433611438,1998.0488524079399,8.893241433611365,0.44771223910641683,False,True,False
proxy_hardened_no_worst_hours,2025-12-24,0,0,0.0,0.0,0.0,1998.0488524079399,0.0,0.0,False,False,False
proxy_hardened_no_worst_hours,2025-12-25,0,0,0.0,0.0,0.0,1998.0488524079399,0.0,0.0,False,False,False
proxy_hardened_no_worst_hours,2025-12-26,1,0,-9.08307545079977,0.0,9.08307545079977,1988.9657769571402,9.083075450799697,0.45459726572016834,False,False,True
proxy_hardened_no_worst_hours,2025-12-28,0,0,0.0,0.0,0.0,1988.9657769571402,0.0,0.0,False,False,False
proxy_hardened_no_worst_hours,2025-12-29,0,0,0.0,0.0,0.0,1988.9657769571402,0.0,0.0,False,False,False
proxy_hardened_no_worst_hours,2025-12-30,0,0,0.0,0.0,0.0,1988.9657769571402,0.0,0.0,False,False,False
proxy_hardened_no_worst_hours,2025-12-31,1,0,-18.20527104683704,0.0,18.20527104683704,1970.7605059103032,27.288346497636667,1.36574971451525,False,False,True
proxy_hardened_no_worst_hours,2026-01-01,0,0,0.0,0.0,0.0,1970.7605059103032,0.0,0.0,False,False,False
proxy_hardened_no_worst_hours,2026-01-02,0,0,0.0,0.0,0.0,1970.7605059103032,0.0,0.0,False,False,False
proxy_hardened_no_worst_hours,2026-01-04,0,0,0.0,0.0,0.0,1970.7605059103032,0.0,0.0,False,False,False
proxy_hardened_no_worst_hours,2026-01-05,2,0,13.611646546402737,27.61756596742991,14.005919421027174,1984.372152456706,14.005919421027102,0.7008643468483788,False,True,False
proxy_hardened_no_worst_hours,2026-01-06,1,0,-14.304290725317587,0.0,14.304290725317587,1970.0678617313886,28.310210146344616,1.416659367150858,False,False,True
proxy_hardened_no_worst_hours,2026-01-07,0,0,0.0,0.0,0.0,1970.0678617313886,0.0,0.0,False,False,False
proxy_hardened_no_worst_hours,2026-01-08,2,1,-24.718437501688786,0.0,24.718437501688786,1945.3494242297,53.02864764803326,2.6535843439377826,True,False,True
proxy_hardened_no_worst_hours,2026-01-09,2,0,59.18314761995666,59.18314761995666,0.0,2004.5325718496567,24.197025273785584,1.2108332059032938,False,True,False
proxy_hardened_no_worst_hours,2026-01-11,0,0,0.0,0.0,0.0,2004.5325718496567,0.0,0.0,False,False,False
proxy_hardened_no_worst_hours,2026-01-12,2,0,28.008829826470613,56.39224863893091,28.383418812460295,2032.5414016761272,28.383418812460377,1.3772175738914854,False,True,False
proxy_hardened_no_worst_hours,2026-01-13,2,0,11.195228008240235,43.349573044802895,32.15434503656266,2043.7366296843672,32.154345036562745,1.548941896666099,False,True,False
proxy_hardened_no_worst_hours,2026-01-14,1,0,-27.535018564009224,0.0,27.535018564009224,2016.201611120358,59.68936360057205,2.875361198031911,False,False,True
proxy_hardened_no_worst_hours,2026-01-15,0,0,0.0,0.0,0.0,2016.201611120358,0.0,0.0,False,False,False
proxy_hardened_no_worst_hours,2026-01-16,0,0,0.0,0.0,0.0,2016.201611120358,0.0,0.0,False,False,False
proxy_hardened_no_worst_hours,2026-01-18,0,0,0.0,0.0,0.0,2016.201611120358,0.0,0.0,False,False,False
proxy_hardened_no_worst_hours,2026-01-19,0,0,0.0,0.0,0.0,2016.201611120358,0.0,0.0,False,False,False
proxy_hardened_no_worst_hours,2026-01-20,2,0,102.7205358353437,102.7205358353437,0.0,2118.922146955702,18.537085329768615,0.892970081545859,False,True,False
proxy_hardened_no_worst_hours,2026-01-21,1,0,-29.756274142038965,0.0,29.756274142038965,2089.165872813663,29.75627414203882,1.4043118188551786,False,False,True
proxy_hardened_no_worst_hours,2026-01-22,1,0,-25.549944742470107,0.0,25.549944742470107,2063.615928071193,55.30621888450878,2.610110945509175,False,False,True
proxy_hardened_no_worst_hours,2026-01-23,2,0,138.46721620245415,138.46721620245415,0.0,2202.0831442736476,0.0,0.0,False,True,False
proxy_hardened_no_worst_hours,2026-01-25,0,0,0.0,0.0,0.0,2202.0831442736476,0.0,0.0,False,False,False
proxy_hardened_no_worst_hours,2026-01-26,2,0,-75.16188821486168,0.0,75.16188821486168,2126.921256058786,75.16188821486139,3.41321754404752,False,False,True
proxy_hardened_no_worst_hours,2026-01-27,0,0,0.0,0.0,0.0,2126.921256058786,0.0,0.0,False,False,False
proxy_hardened_no_worst_hours,2026-01-28,1,0,121.9563481305266,121.9563481305266,0.0,2248.877604189313,0.0,0.0,False,True,False
proxy_hardened_no_worst_hours,2026-01-29,1,0,-68.38430291732962,0.0,68.38430291732962,2180.4933012719835,68.38430291732948,3.0408192420049915,False,False,True
proxy_hardened_no_worst_hours,2026-01-30,1,0,302.2861706576003,302.2861706576003,0.0,2482.779471929584,0.0,0.0,False,True,False
proxy_hardened_no_worst_hours,2026-02-01,0,0,0.0,0.0,0.0,2482.779471929584,0.0,0.0,False,False,False
proxy_hardened_no_worst_hours,2026-02-02,0,0,0.0,0.0,0.0,2482.779471929584,0.0,0.0,False,False,False
proxy_hardened_no_worst_hours,2026-02-03,1,0,-89.63025161950478,0.0,89.63025161950478,2393.1492203100793,89.63025161950463,3.61007703796766,False,False,True
proxy_hardened_no_worst_hours,2026-02-04,0,0,0.0,0.0,0.0,2393.1492203100793,0.0,0.0,False,False,False
proxy_hardened_no_worst_hours,2026-02-05,1,0,181.92585779775058,181.92585779775058,0.0,2575.07507810783,0.0,0.0,False,True,False
proxy_hardened_no_worst_hours,2026-02-06,1,0,131.9982096808379,131.9982096808379,0.0,2707.073287788668,0.0,0.0,False,True,False
proxy_hardened_no_worst_hours,2026-02-08,0,0,0.0,0.0,0.0,2707.073287788668,0.0,0.0,False,False,False
proxy_hardened_no_worst_hours,2026-02-09,1,0,-42.64302064797826,0.0,42.64302064797826,2664.43026714069,42.64302064797812,1.5752444102764578,False,False,True
proxy_hardened_no_worst_hours,2026-02-10,2,0,-79.86425854305736,0.0,79.86425854305736,2584.566008597633,122.5072791910352,4.525451148428565,False,False,True
proxy_hardened_no_worst_hours,2026-02-11,1,0,-54.207083178851605,0.0,54.207083178851605,2530.3589254187814,176.71436236988666,6.527875073313573,False,False,True
proxy_hardened_no_worst_hours,2026-02-12,0,0,0.0,0.0,0.0,2530.3589254187814,0.0,0.0,False,False,False
proxy_hardened_no_worst_hours,2026-02-13,1,0,-44.91438059146836,0.0,44.91438059146836,2485.444544827313,221.62874296135487,8.187024117932069,False,False,True
proxy_hardened_no_worst_hours,2026-02-15,0,0,0.0,0.0,0.0,2485.444544827313,0.0,0.0,False,False,False
proxy_hardened_no_worst_hours,2026-02-16,0,0,0.0,0.0,0.0,2485.444544827313,0.0,0.0,False,False,False
proxy_hardened_no_worst_hours,2026-02-17,1,0,69.84599019106267,69.84599019106267,0.0,2555.290535018376,151.78275277029206,5.606894850426422,False,True,False
proxy_hardened_no_worst_hours,2026-02-18,1,0,-27.665896364489672,0.0,27.665896364489672,2527.6246386538864,179.4486491347816,6.628880346322951,False,False,True
proxy_hardened_no_worst_hours,2026-02-19,2,0,-68.90143859936353,0.0,68.90143859936353,2458.723200054523,248.35008773414484,9.174117629338916,False,False,True
proxy_hardened_no_worst_hours,2026-02-20,2,0,161.39285716280182,161.39285716280182,0.0,2620.1160572173253,191.02762214557333,7.056610657985489,False,True,False
proxy_hardened_no_worst_hours,2026-02-22,0,0,0.0,0.0,0.0,2620.1160572173253,0.0,0.0,False,False,False
proxy_hardened_no_worst_hours,2026-02-23,0,0,0.0,0.0,0.0,2620.1160572173253,0.0,0.0,False,False,False
proxy_hardened_no_worst_hours,2026-02-24,0,0,0.0,0.0,0.0,2620.1160572173253,0.0,0.0,False,False,False
proxy_hardened_no_worst_hours,2026-02-25,0,0,0.0,0.0,0.0,2620.1160572173253,0.0,0.0,False,False,False
proxy_hardened_no_worst_hours,2026-02-26,0,0,0.0,0.0,0.0,2620.1160572173253,0.0,0.0,False,False,False
proxy_hardened_no_worst_hours,2026-02-27,1,0,76.91600444051787,76.91600444051787,0.0,2697.0320616578433,10.041226130824725,0.3709255370410426,False,True,False
proxy_hardened_no_worst_hours,2026-03-01,0,0,0.0,0.0,0.0,2697.0320616578433,0.0,0.0,False,False,False
proxy_hardened_no_worst_hours,2026-03-02,1,0,-46.283263552246495,0.0,46.283263552246495,2650.748798105597,56.32448968307108,2.08064147864578,False,False,True
proxy_hardened_no_worst_hours,2026-03-03,0,0,0.0,0.0,0.0,2650.748798105597,0.0,0.0,False,False,False
proxy_hardened_no_worst_hours,2026-03-04,0,0,0.0,0.0,0.0,2650.748798105597,0.0,0.0,False,False,False
proxy_hardened_no_worst_hours,2026-03-05,0,0,0.0,0.0,0.0,2650.748798105597,0.0,0.0,False,False,False
proxy_hardened_no_worst_hours,2026-03-06,1,0,-41.2440634541546,0.0,41.2440634541546,2609.5047346514425,97.56855313722554,3.6042080418490086,False,False,True
proxy_hardened_no_worst_hours,2026-03-08,0,0,0.0,0.0,0.0,2609.5047346514425,0.0,0.0,False,False,False
proxy_hardened_no_worst_hours,2026-03-09,0,0,0.0,0.0,0.0,2609.5047346514425,0.0,0.0,False,False,False
proxy_hardened_no_worst_hours,2026-03-10,1,0,82.40905190272665,82.40905190272665,0.0,2691.9137865541693,15.159501234498748,0.5599959669685234,False,True,False
proxy_hardened_no_worst_hours,2026-03-11,0,0,0.0,0.0,0.0,2691.9137865541693,0.0,0.0,False,False,False
proxy_hardened_no_worst_hours,2026-03-12,1,0,-23.424206452875442,0.0,23.424206452875442,2668.489580101294,38.583707687374044,1.4252923207295947,False,False,True
proxy_hardened_no_worst_hours,2026-03-13,2,0,38.65549336187513,69.64269594825768,30.987202586382555,2707.1450734631694,69.57091027375645,2.569967742934177,False,True,False
proxy_hardened_no_worst_hours,2026-03-15,0,0,0.0,0.0,0.0,2707.1450734631694,0.0,0.0,False,False,False
proxy_hardened_no_worst_hours,2026-03-16,1,0,-38.80486497892903,0.0,38.80486497892903,2668.3402084842405,38.80486497892889,1.4334239180350608,False,False,True
proxy_hardened_no_worst_hours,2026-03-17,0,0,0.0,0.0,0.0,2668.3402084842405,0.0,0.0,False,False,False
proxy_hardened_no_worst_hours,2026-03-18,1,0,47.02004776995804,47.02004776995804,0.0,2715.3602562541987,0.0,0.0,False,True,False
proxy_hardened_no_worst_hours,2026-03-19,1,0,-114.67257649684157,0.0,114.67257649684157,2600.6876797573573,114.67257649684143,4.223107273987674,False,False,True
proxy_hardened_no_worst_hours,2026-03-20,1,0,109.93831434327134,109.93831434327134,0.0,2710.6259941006288,4.734262153569944,0.17435116179025142,False,True,False
proxy_hardened_no_worst_hours,2026-03-22,0,0,0.0,0.0,0.0,2710.6259941006288,0.0,0.0,False,False,False
proxy_hardened_no_worst_hours,2026-03-23,1,0,-135.88002373607756,0.0,135.88002373607756,2574.7459703645513,140.61428588964736,5.178476246964843,False,False,True
proxy_hardened_no_worst_hours,2026-03-24,1,0,-78.23582799266856,0.0,78.23582799266856,2496.510142371883,218.85011388231578,8.059708223917825,False,False,True
proxy_hardened_no_worst_hours,2026-03-25,0,0,0.0,0.0,0.0,2496.510142371883,0.0,0.0,False,False,False
proxy_hardened_no_worst_hours,2026-03-26,2,0,59.38980173942008,112.97610899717787,53.586307257757795,2555.8999441113033,272.43642114007343,10.033159339081424,False,True,False
proxy_hardened_no_worst_hours,2026-03-27,2,0,-91.48552135935125,0.0,91.48552135935125,2464.4144227519523,250.9458335022464,9.241714167549269,False,False,True
proxy_hardened_no_worst_hours,2026-03-29,0,0,0.0,0.0,0.0,2464.4144227519523,0.0,0.0,False,False,False
proxy_hardened_no_worst_hours,2026-03-30,0,0,0.0,0.0,0.0,2464.4144227519523,0.0,0.0,False,False,False
proxy_hardened_no_worst_hours,2026-03-31,0,0,0.0,0.0,0.0,2464.4144227519523,0.0,0.0,False,False,False
proxy_hardened_no_worst_hours,2026-04-01,2,1,174.1806089755225,174.1806089755225,0.0,2638.595031727475,169.7126035970159,6.250095294210871,True,True,False
proxy_hardened_no_worst_hours,2026-04-02,0,0,0.0,0.0,0.0,2638.595031727475,0.0,0.0,False,False,False
proxy_hardened_no_worst_hours,2026-04-05,0,0,0.0,0.0,0.0,2638.595031727475,0.0,0.0,False,False,False
proxy_hardened_no_worst_hours,2026-04-06,0,0,0.0,0.0,0.0,2638.595031727475,0.0,0.0,False,False,False
proxy_hardened_no_worst_hours,2026-04-07,0,0,0.0,0.0,0.0,2638.595031727475,0.0,0.0,False,False,False
proxy_hardened_no_worst_hours,2026-04-08,0,0,0.0,0.0,0.0,2638.595031727475,0.0,0.0,False,False,False
proxy_hardened_no_worst_hours,2026-04-09,1,0,-35.48112065442925,0.0,35.48112065442925,2603.113911073046,112.24634518115272,4.133755177517218,False,False,True
proxy_hardened_no_worst_hours,2026-04-10,0,0,0.0,0.0,0.0,2603.113911073046,0.0,0.0,False,False,False
proxy_hardened_no_worst_hours,2026-04-12,0,0,0.0,0.0,0.0,2603.113911073046,0.0,0.0,False,False,False
proxy_hardened_no_worst_hours,2026-04-13,0,0,0.0,0.0,0.0,2603.113911073046,0.0,0.0,False,False,False
proxy_hardened_no_worst_hours,2026-04-14,2,0,44.007405545016525,70.31145056181035,26.304045016793825,2647.121316618063,138.5503901979464,5.102468075049265,False,True,False
proxy_hardened_no_worst_hours,2026-04-15,1,0,-27.424967220171457,0.0,27.424967220171457,2619.6963493978915,95.66390685630722,3.523065001631652,False,False,True
proxy_hardened_no_worst_hours,2026-04-16,0,0,0.0,0.0,0.0,2619.6963493978915,0.0,0.0,False,False,False
proxy_hardened_no_worst_hours,2026-04-17,1,0,-33.77362697159529,0.0,33.77362697159529,2585.9227224262963,129.43753382790237,4.766864121612343,False,False,True
proxy_hardened_no_worst_hours,2026-04-19,0,0,0.0,0.0,0.0,2585.9227224262963,0.0,0.0,False,False,False
proxy_hardened_no_worst_hours,2026-04-20,1,0,-28.50225553298529,0.0,28.50225553298529,2557.420466893311,157.93978936088752,5.816531673729483,False,False,True
proxy_hardened_no_worst_hours,2026-04-21,2,0,45.434600887883505,67.7827230839683,22.348122196084805,2602.855067781195,180.28791155697218,6.639557721363898,False,True,False
proxy_hardened_no_worst_hours,2026-04-22,2,0,26.529215648151588,46.911465948516565,20.382250300364976,2629.384283429347,132.88743877336856,4.893915585134361,False,True,False
proxy_hardened_no_worst_hours,2026-04-23,1,0,-27.474772926118167,0.0,27.474772926118167,2601.909510503229,113.45074575096987,4.178110270622933,False,False,True
proxy_hardened_no_worst_hours,2026-04-24,1,0,-27.74342103182804,0.0,27.74342103182804,2574.166089471401,141.19416678279777,5.19983182554101,False,False,True
proxy_hardened_no_worst_hours,2026-04-26,0,0,0.0,0.0,0.0,2574.166089471401,0.0,0.0,False,False,False
proxy_hardened_no_worst_hours,2026-04-27,1,0,48.48572421945559,48.48572421945559,0.0,2622.6518136908567,92.70844256334203,3.4142225640155766,False,True,False
proxy_hardened_no_worst_hours,2026-04-28,0,0,0.0,0.0,0.0,2622.6518136908567,0.0,0.0,False,False,False
proxy_hardened_no_worst_hours,2026-04-29,2,0,19.372383657964463,53.291897701726924,33.91951404376246,2642.0241973488214,73.33605890537729,2.700785604284543,False,True,False
proxy_hardened_no_worst_hours,2026-04-30,0,0,0.0,0.0,0.0,2642.0241973488214,0.0,0.0,False,False,False
proxy_hardened_no_worst_hours,2026-05-01,1,0,-29.949493127294918,0.0,29.949493127294918,2612.0747042215266,103.28555203267206,3.8037513363016155,False,False,True
proxy_hardened_no_worst_hours,2026-05-03,1,0,-29.058743967067276,0.0,29.058743967067276,2583.0159602544595,132.3442959997392,4.873912980604138,False,False,True
proxy_hardened_no_worst_hours,2026-05-04,1,0,68.905037707991,68.905037707991,0.0,2651.9209979624507,63.43925829174805,2.336310923960477,False,True,False
proxy_hardened_no_worst_hours,2026-05-05,0,0,0.0,0.0,0.0,2651.9209979624507,0.0,0.0,False,False,False
proxy_hardened_no_worst_hours,2026-05-06,1,0,50.759985362394076,50.759985362394076,0.0,2702.680983324845,12.679272929353829,0.4669462514283356,False,True,False
proxy_hardened_no_worst_hours,2026-05-07,1,0,56.76759457862485,56.76759457862485,0.0,2759.44857790347,0.0,0.0,False,True,False
proxy_hardened_no_worst_hours_high_margin,2022-02-11,0,0,0.0,0.0,0.0,1000.0,0.0,0.0,False,False,False
proxy_hardened_no_worst_hours_high_margin,2022-02-13,0,0,0.0,0.0,0.0,1000.0,0.0,0.0,False,False,False
proxy_hardened_no_worst_hours_high_margin,2022-02-14,0,0,0.0,0.0,0.0,1000.0,0.0,0.0,False,False,False
proxy_hardened_no_worst_hours_high_margin,2022-02-15,0,0,0.0,0.0,0.0,1000.0,0.0,0.0,False,False,False
proxy_hardened_no_worst_hours_high_margin,2022-02-16,1,0,8.705010003568459,8.705010003568459,0.0,1008.7050100035684,0.0,0.0,False,True,False
proxy_hardened_no_worst_hours_high_margin,2022-02-17,0,0,0.0,0.0,0.0,1008.7050100035684,0.0,0.0,False,False,False
proxy_hardened_no_worst_hours_high_margin,2022-02-18,2,0,3.7403487518755263,7.810265752133473,4.069917000257947,1012.4453587554439,4.069917000257988,0.40347940774514346,False,True,False
proxy_hardened_no_worst_hours_high_margin,2022-02-20,0,0,0.0,0.0,0.0,1012.4453587554439,0.0,0.0,False,False,False
proxy_hardened_no_worst_hours_high_margin,2022-02-21,0,0,0.0,0.0,0.0,1012.4453587554439,0.0,0.0,False,False,False
proxy_hardened_no_worst_hours_high_margin,2022-02-22,0,0,0.0,0.0,0.0,1012.4453587554439,0.0,0.0,False,False,False
proxy_hardened_no_worst_hours_high_margin,2022-02-23,1,0,6.419745837894807,6.419745837894807,0.0,1018.8651045933386,0.0,0.0,False,True,False
proxy_hardened_no_worst_hours_high_margin,2022-02-24,0,0,0.0,0.0,0.0,1018.8651045933386,0.0,0.0,False,False,False
proxy_hardened_no_worst_hours_high_margin,2022-02-25,0,0,0.0,0.0,0.0,1018.8651045933386,0.0,0.0,False,False,False
proxy_hardened_no_worst_hours_high_margin,2022-02-27,0,0,0.0,0.0,0.0,1018.8651045933386,0.0,0.0,False,False,False
proxy_hardened_no_worst_hours_high_margin,2022-02-28,2,0,-11.704122411272383,0.0,11.704122411272383,1007.1609821820662,11.704122411272465,1.1487411197524477,False,False,True
proxy_hardened_no_worst_hours_high_margin,2022-03-01,1,0,12.52412417368866,12.52412417368866,0.0,1019.6851063557548,0.0,0.0,False,True,False
proxy_hardened_no_worst_hours_high_margin,2022-03-02,0,0,0.0,0.0,0.0,1019.6851063557548,0.0,0.0,False,False,False
proxy_hardened_no_worst_hours_high_margin,2022-03-03,1,0,7.748276786746073,7.748276786746073,0.0,1027.4333831425008,0.0,0.0,False,True,False
proxy_hardened_no_worst_hours_high_margin,2022-03-04,1,0,14.257032584009876,14.257032584009876,0.0,1041.6904157265108,0.0,0.0,False,True,False
proxy_hardened_no_worst_hours_high_margin,2022-03-06,0,0,0.0,0.0,0.0,1041.6904157265108,0.0,0.0,False,False,False
proxy_hardened_no_worst_hours_high_margin,2022-03-07,0,0,0.0,0.0,0.0,1041.6904157265108,0.0,0.0,False,False,False
proxy_hardened_no_worst_hours_high_margin,2022-03-08,2,0,-3.3308698940537926,15.143296230114329,18.47416612416812,1038.3595458324571,18.47416612416805,1.7480674504567917,False,False,True
proxy_hardened_no_worst_hours_high_margin,2022-03-09,0,0,0.0,0.0,0.0,1038.3595458324571,0.0,0.0,False,False,False
proxy_hardened_no_worst_hours_high_margin,2022-03-10,1,0,-9.726610453773747,0.0,9.726610453773747,1028.6329353786834,28.200776577941724,2.668421366473134,False,False,True
proxy_hardened_no_worst_hours_high_margin,2022-03-11,1,0,-10.945992030380994,0.0,10.945992030380994,1017.6869433483024,39.14676860832276,3.7041559296822872,False,False,True
proxy_hardened_no_worst_hours_high_margin,2022-03-13,0,0,0.0,0.0,0.0,1017.6869433483024,0.0,0.0,False,False,False
proxy_hardened_no_worst_hours_high_margin,2022-03-14,1,0,13.920205582748322,13.920205582748322,0.0,1031.6071489310507,25.226563025574478,2.3869945422984227,False,True,False
proxy_hardened_no_worst_hours_high_margin,2022-03-15,2,1,27.983879373993286,27.983879373993286,0.0,1059.5910283050441,12.960453199204949,1.2263474426085375,True,True,False
proxy_hardened_no_worst_hours_high_margin,2022-03-16,0,0,0.0,0.0,0.0,1059.5910283050441,0.0,0.0,False,False,False
proxy_hardened_no_worst_hours_high_margin,2022-03-17,0,0,0.0,0.0,0.0,1059.5910283050441,0.0,0.0,False,False,False
proxy_hardened_no_worst_hours_high_margin,2022-03-18,2,1,6.328363465628481,10.382964491493494,4.054601025865013,1065.9193917706727,4.05460102586494,0.3826571684313721,True,True,False
proxy_hardened_no_worst_hours_high_margin,2022-03-20,0,0,0.0,0.0,0.0,1065.9193917706727,0.0,0.0,False,False,False
proxy_hardened_no_worst_hours_high_margin,2022-03-21,0,0,0.0,0.0,0.0,1065.9193917706727,0.0,0.0,False,False,False
proxy_hardened_no_worst_hours_high_margin,2022-03-22,1,0,7.537908419103969,7.537908419103969,0.0,1073.4573001897768,0.0,0.0,False,True,False
proxy_hardened_no_worst_hours_high_margin,2022-03-23,0,0,0.0,0.0,0.0,1073.4573001897768,0.0,0.0,False,False,False
proxy_hardened_no_worst_hours_high_margin,2022-03-24,2,1,18.820499467256095,18.820499467256095,0.0,1092.277799657033,0.0,0.0,True,True,False
proxy_hardened_no_worst_hours_high_margin,2022-03-25,0,0,0.0,0.0,0.0,1092.277799657033,0.0,0.0,False,False,False
proxy_hardened_no_worst_hours_high_margin,2022-03-27,0,0,0.0,0.0,0.0,1092.277799657033,0.0,0.0,False,False,False
proxy_hardened_no_worst_hours_high_margin,2022-03-28,0,0,0.0,0.0,0.0,1092.277799657033,0.0,0.0,False,False,False
proxy_hardened_no_worst_hours_high_margin,2022-03-29,0,0,0.0,0.0,0.0,1092.277799657033,0.0,0.0,False,False,False
proxy_hardened_no_worst_hours_high_margin,2022-03-30,1,0,-4.158192589672426,0.0,4.158192589672426,1088.1196070673607,4.158192589672353,0.3806900214375861,False,False,True
proxy_hardened_no_worst_hours_high_margin,2022-03-31,1,0,-3.9435018077068253,0.0,3.9435018077068253,1084.176105259654,8.101694397379106,0.7417247150791655,False,False,True
proxy_hardened_no_worst_hours_high_margin,2022-04-01,0,0,0.0,0.0,0.0,1084.176105259654,0.0,0.0,False,False,False
proxy_hardened_no_worst_hours_high_margin,2022-04-03,0,0,0.0,0.0,0.0,1084.176105259654,0.0,0.0,False,False,False
proxy_hardened_no_worst_hours_high_margin,2022-04-04,0,0,0.0,0.0,0.0,1084.176105259654,0.0,0.0,False,False,False
proxy_hardened_no_worst_hours_high_margin,2022-04-05,0,0,0.0,0.0,0.0,1084.176105259654,0.0,0.0,False,False,False
proxy_hardened_no_worst_hours_high_margin,2022-04-06,0,0,0.0,0.0,0.0,1084.176105259654,0.0,0.0,False,False,False
proxy_hardened_no_worst_hours_high_margin,2022-04-07,1,0,-3.728349562629619,0.0,3.728349562629619,1080.4477556970244,11.830043960008652,1.08306183314567,False,False,True
proxy_hardened_no_worst_hours_high_margin,2022-04-08,0,0,0.0,0.0,0.0,1080.4477556970244,0.0,0.0,False,False,False
proxy_hardened_no_worst_hours_high_margin,2022-04-10,0,0,0.0,0.0,0.0,1080.4477556970244,0.0,0.0,False,False,False
proxy_hardened_no_worst_hours_high_margin,2022-04-11,1,0,8.765308687796205,8.765308687796205,0.0,1089.2130643848207,3.064735272212374,0.2805820344581459,False,True,False
proxy_hardened_no_worst_hours_high_margin,2022-04-12,1,0,-5.308454612893529,0.0,5.308454612893529,1083.9046097719272,8.37318988510583,0.7665806160058319,False,False,True
proxy_hardened_no_worst_hours_high_margin,2022-04-13,0,0,0.0,0.0,0.0,1083.9046097719272,0.0,0.0,False,False,False
proxy_hardened_no_worst_hours_high_margin,2022-04-14,0,0,0.0,0.0,0.0,1083.9046097719272,0.0,0.0,False,False,False
proxy_hardened_no_worst_hours_high_margin,2022-04-17,0,0,0.0,0.0,0.0,1083.9046097719272,0.0,0.0,False,False,False
proxy_hardened_no_worst_hours_high_margin,2022-04-18,1,0,-3.9464665082487773,0.0,3.9464665082487773,1079.9581432636785,12.319656393354535,1.1278867333221287,False,False,True
proxy_hardened_no_worst_hours_high_margin,2022-04-19,0,0,0.0,0.0,0.0,1079.9581432636785,0.0,0.0,False,False,False
proxy_hardened_no_worst_hours_high_margin,2022-04-20,0,0,0.0,0.0,0.0,1079.9581432636785,0.0,0.0,False,False,False
proxy_hardened_no_worst_hours_high_margin,2022-04-21,1,0,-5.355621054457588,0.0,5.355621054457588,1074.602522209221,17.67527744781205,1.6182034875525213,False,False,True
proxy_hardened_no_worst_hours_high_margin,2022-04-22,1,0,12.737728299819464,12.737728299819464,0.0,1087.3402505090405,4.937549147992513,0.4520415181506816,False,True,False
proxy_hardened_no_worst_hours_high_margin,2022-04-24,0,0,0.0,0.0,0.0,1087.3402505090405,0.0,0.0,False,False,False
proxy_hardened_no_worst_hours_high_margin,2022-04-25,1,0,8.898427570285248,8.898427570285248,0.0,1096.2386780793258,0.0,0.0,False,True,False
proxy_hardened_no_worst_hours_high_margin,2022-04-26,0,0,0.0,0.0,0.0,1096.2386780793258,0.0,0.0,False,False,False
proxy_hardened_no_worst_hours_high_margin,2022-04-27,2,0,6.161719261535691,11.17098750914185,5.00926824760616,1102.4003973408617,5.009268247606087,0.4569505115786115,False,True,False
proxy_hardened_no_worst_hours_high_margin,2022-04-28,0,0,0.0,0.0,0.0,1102.4003973408617,0.0,0.0,False,False,False
proxy_hardened_no_worst_hours_high_margin,2022-04-29,0,0,0.0,0.0,0.0,1102.4003973408617,0.0,0.0,False,False,False
proxy_hardened_no_worst_hours_high_margin,2022-05-01,0,0,0.0,0.0,0.0,1102.4003973408617,0.0,0.0,False,False,False
proxy_hardened_no_worst_hours_high_margin,2022-05-02,0,0,0.0,0.0,0.0,1102.4003973408617,0.0,0.0,False,False,False
proxy_hardened_no_worst_hours_high_margin,2022-05-03,1,0,-4.2430475890822255,0.0,4.2430475890822255,1098.1573497517795,4.243047589082153,0.3848916962763217,False,False,True
proxy_hardened_no_worst_hours_high_margin,2022-05-04,0,0,0.0,0.0,0.0,1098.1573497517795,0.0,0.0,False,False,False
proxy_hardened_no_worst_hours_high_margin,2022-05-05,0,0,0.0,0.0,0.0,1098.1573497517795,0.0,0.0,False,False,False
proxy_hardened_no_worst_hours_high_margin,2022-05-06,0,0,0.0,0.0,0.0,1098.1573497517795,0.0,0.0,False,False,False
proxy_hardened_no_worst_hours_high_margin,2022-05-08,0,0,0.0,0.0,0.0,1098.1573497517795,0.0,0.0,False,False,False
proxy_hardened_no_worst_hours_high_margin,2022-05-09,1,0,10.92002499785387,10.92002499785387,0.0,1109.0773747496335,0.0,0.0,False,True,False
proxy_hardened_no_worst_hours_high_margin,2022-05-10,1,0,9.055822459088786,9.055822459088786,0.0,1118.1331972087223,0.0,0.0,False,True,False
proxy_hardened_no_worst_hours_high_margin,2022-05-11,0,0,0.0,0.0,0.0,1118.1331972087223,0.0,0.0,False,False,False
proxy_hardened_no_worst_hours_high_margin,2022-05-12,1,0,12.540560058104502,12.540560058104502,0.0,1130.673757266827,0.0,0.0,False,True,False
proxy_hardened_no_worst_hours_high_margin,2022-05-13,1,0,12.799541095177046,12.799541095177046,0.0,1143.473298362004,0.0,0.0,False,True,False
proxy_hardened_no_worst_hours_high_margin,2022-05-15,0,0,0.0,0.0,0.0,1143.473298362004,0.0,0.0,False,False,False
proxy_hardened_no_worst_hours_high_margin,2022-05-16,0,0,0.0,0.0,0.0,1143.473298362004,0.0,0.0,False,False,False
proxy_hardened_no_worst_hours_high_margin,2022-05-17,0,0,0.0,0.0,0.0,1143.473298362004,0.0,0.0,False,False,False
proxy_hardened_no_worst_hours_high_margin,2022-05-18,0,0,0.0,0.0,0.0,1143.473298362004,0.0,0.0,False,False,False
proxy_hardened_no_worst_hours_high_margin,2022-05-19,1,0,-4.09480476820484,0.0,4.09480476820484,1139.3784935937992,4.094804768204767,0.35810235132472873,False,False,True
proxy_hardened_no_worst_hours_high_margin,2022-05-20,0,0,0.0,0.0,0.0,1139.3784935937992,0.0,0.0,False,False,False
proxy_hardened_no_worst_hours_high_margin,2022-05-22,0,0,0.0,0.0,0.0,1139.3784935937992,0.0,0.0,False,False,False
proxy_hardened_no_worst_hours_high_margin,2022-05-23,0,0,0.0,0.0,0.0,1139.3784935937992,0.0,0.0,False,False,False
proxy_hardened_no_worst_hours_high_margin,2022-05-24,2,1,4.365347189568265,7.351448720043136,2.986101530474871,1143.7438407833677,7.080906298679565,0.6192454435816543,True,True,False
proxy_hardened_no_worst_hours_high_margin,2022-05-25,0,0,0.0,0.0,0.0,1143.7438407833677,0.0,0.0,False,False,False
proxy_hardened_no_worst_hours_high_margin,2022-05-26,1,0,-4.927918720910457,0.0,4.927918720910457,1138.8159220624573,4.927918720910384,0.4308586018295125,False,False,True
proxy_hardened_no_worst_hours_high_margin,2022-05-27,1,0,-2.883273762586059,0.0,2.883273762586059,1135.9326482998713,7.81119248349637,0.68294946866305,False,False,True
proxy_hardened_no_worst_hours_high_margin,2022-05-29,0,0,0.0,0.0,0.0,1135.9326482998713,0.0,0.0,False,False,False
proxy_hardened_no_worst_hours_high_margin,2022-05-30,0,0,0.0,0.0,0.0,1135.9326482998713,0.0,0.0,False,False,False
proxy_hardened_no_worst_hours_high_margin,2022-05-31,1,0,9.973507813235228,9.973507813235228,0.0,1145.9061561131066,0.0,0.0,False,True,False
proxy_hardened_no_worst_hours_high_margin,2022-06-01,0,0,0.0,0.0,0.0,1145.9061561131066,0.0,0.0,False,False,False
proxy_hardened_no_worst_hours_high_margin,2022-06-02,1,0,4.431049324296437,4.431049324296437,0.0,1150.337205437403,0.0,0.0,False,True,False
proxy_hardened_no_worst_hours_high_margin,2022-06-03,0,0,0.0,0.0,0.0,1150.337205437403,0.0,0.0,False,False,False
proxy_hardened_no_worst_hours_high_margin,2022-06-05,0,0,0.0,0.0,0.0,1150.337205437403,0.0,0.0,False,False,False
proxy_hardened_no_worst_hours_high_margin,2022-06-06,0,0,0.0,0.0,0.0,1150.337205437403,0.0,0.0,False,False,False
proxy_hardened_no_worst_hours_high_margin,2022-06-07,1,0,-4.633442507962245,0.0,4.633442507962245,1145.703762929441,4.633442507962172,0.4027899372515172,False,False,True
proxy_hardened_no_worst_hours_high_margin,2022-06-08,0,0,0.0,0.0,0.0,1145.703762929441,0.0,0.0,False,False,False
proxy_hardened_no_worst_hours_high_margin,2022-06-09,1,0,-4.184284035312276,0.0,4.184284035312276,1141.5194788941287,8.817726543274375,0.7665340651067207,False,False,True
proxy_hardened_no_worst_hours_high_margin,2022-06-10,2,0,-2.1129611309515077,4.629098141531058,6.742059272482566,1139.4065177631774,10.930687674225737,0.9502159560308634,False,False,True
proxy_hardened_no_worst_hours_high_margin,2022-06-12,0,0,0.0,0.0,0.0,1139.4065177631774,0.0,0.0,False,False,False
proxy_hardened_no_worst_hours_high_margin,2022-06-13,0,0,0.0,0.0,0.0,1139.4065177631774,0.0,0.0,False,False,False
proxy_hardened_no_worst_hours_high_margin,2022-06-14,0,0,0.0,0.0,0.0,1139.4065177631774,0.0,0.0,False,False,False
proxy_hardened_no_worst_hours_high_margin,2022-06-15,0,0,0.0,0.0,0.0,1139.4065177631774,0.0,0.0,False,False,False
proxy_hardened_no_worst_hours_high_margin,2022-06-16,0,0,0.0,0.0,0.0,1139.4065177631774,0.0,0.0,False,False,False
proxy_hardened_no_worst_hours_high_margin,2022-06-17,0,0,0.0,0.0,0.0,1139.4065177631774,0.0,0.0,False,False,False
proxy_hardened_no_worst_hours_high_margin,2022-06-19,0,0,0.0,0.0,0.0,1139.4065177631774,0.0,0.0,False,False,False
proxy_hardened_no_worst_hours_high_margin,2022-06-20,0,0,0.0,0.0,0.0,1139.4065177631774,0.0,0.0,False,False,False
proxy_hardened_no_worst_hours_high_margin,2022-06-21,0,0,0.0,0.0,0.0,1139.4065177631774,0.0,0.0,False,False,False
proxy_hardened_no_worst_hours_high_margin,2022-06-22,1,0,-5.834781378382859,0.0,5.834781378382859,1133.5717363847946,16.765469052608523,1.4574395206346158,False,False,True
proxy_hardened_no_worst_hours_high_margin,2022-06-23,0,0,0.0,0.0,0.0,1133.5717363847946,0.0,0.0,False,False,False
proxy_hardened_no_worst_hours_high_margin,2022-06-24,0,0,0.0,0.0,0.0,1133.5717363847946,0.0,0.0,False,False,False
proxy_hardened_no_worst_hours_high_margin,2022-06-26,0,0,0.0,0.0,0.0,1133.5717363847946,0.0,0.0,False,False,False
proxy_hardened_no_worst_hours_high_margin,2022-06-27,1,0,-3.3352351895546963,0.0,3.3352351895546963,1130.23650119524,20.100704242163147,1.7473749564172425,False,False,True
proxy_hardened_no_worst_hours_high_margin,2022-06-28,1,0,6.712750659030844,6.712750659030844,0.0,1136.9492518542709,13.38795358313223,1.163828616500464,False,True,False
proxy_hardened_no_worst_hours_high_margin,2022-06-29,2,0,7.488667337634833,10.46318362862773,2.974516290992897,1144.4379191919058,16.362469874125054,1.422406386299868,False,True,False
proxy_hardened_no_worst_hours_high_margin,2022-06-30,1,0,12.640315956147715,12.640315956147715,0.0,1157.0782351480536,0.0,0.0,False,True,False
proxy_hardened_no_worst_hours_high_margin,2022-07-01,0,0,0.0,0.0,0.0,1157.0782351480536,0.0,0.0,False,False,False
proxy_hardened_no_worst_hours_high_margin,2022-07-03,0,0,0.0,0.0,0.0,1157.0782351480536,0.0,0.0,False,False,False
proxy_hardened_no_worst_hours_high_margin,2022-07-04,0,0,0.0,0.0,0.0,1157.0782351480536,0.0,0.0,False,False,False
proxy_hardened_no_worst_hours_high_margin,2022-07-05,0,0,0.0,0.0,0.0,1157.0782351480536,0.0,0.0,False,False,False
proxy_hardened_no_worst_hours_high_margin,2022-07-06,1,0,10.851195981356268,10.851195981356268,0.0,1167.92943112941,0.0,0.0,False,True,False
proxy_hardened_no_worst_hours_high_margin,2022-07-07,0,0,0.0,0.0,0.0,1167.92943112941,0.0,0.0,False,False,False
proxy_hardened_no_worst_hours_high_margin,2022-07-08,0,0,0.0,0.0,0.0,1167.92943112941,0.0,0.0,False,False,False
proxy_hardened_no_worst_hours_high_margin,2022-07-10,0,0,0.0,0.0,0.0,1167.92943112941,0.0,0.0,False,False,False
proxy_hardened_no_worst_hours_high_margin,2022-07-11,1,0,-2.6819806246081317,0.0,2.6819806246081317,1165.247450504802,2.681980624608059,0.22963550306413055,False,False,True
proxy_hardened_no_worst_hours_high_margin,2022-07-12,1,0,8.643171929478212,8.643171929478212,0.0,1173.8906224342802,0.0,0.0,False,True,False
proxy_hardened_no_worst_hours_high_margin,2022-07-13,2,0,-14.236289596781408,0.0,14.236289596781408,1159.654332837499,14.236289596781262,1.2127441283464444,False,False,True
proxy_hardened_no_worst_hours_high_margin,2022-07-14,1,0,-6.985618480634985,0.0,6.985618480634985,1152.668714356864,21.221908077416174,1.8078266979770743,False,False,True
proxy_hardened_no_worst_hours_high_margin,2022-07-15,1,0,-3.1021577619947767,0.0,3.1021577619947767,1149.5665565948693,24.324065839410878,2.072089628671742,False,False,True
proxy_hardened_no_worst_hours_high_margin,2022-07-17,0,0,0.0,0.0,0.0,1149.5665565948693,0.0,0.0,False,False,False
proxy_hardened_no_worst_hours_high_margin,2022-07-18,0,0,0.0,0.0,0.0,1149.5665565948693,0.0,0.0,False,False,False
proxy_hardened_no_worst_hours_high_margin,2022-07-19,0,0,0.0,0.0,0.0,1149.5665565948693,0.0,0.0,False,False,False
proxy_hardened_no_worst_hours_high_margin,2022-07-20,0,0,0.0,0.0,0.0,1149.5665565948693,0.0,0.0,False,False,False
proxy_hardened_no_worst_hours_high_margin,2022-07-21,0,0,0.0,0.0,0.0,1149.5665565948693,0.0,0.0,False,False,False
proxy_hardened_no_worst_hours_high_margin,2022-07-22,1,0,8.685751454493966,8.685751454493966,0.0,1158.2523080493634,15.63831438491684,1.3321781506770956,False,True,False
proxy_hardened_no_worst_hours_high_margin,2022-07-24,0,0,0.0,0.0,0.0,1158.2523080493634,0.0,0.0,False,False,False
proxy_hardened_no_worst_hours_high_margin,2022-07-25,1,0,-3.575284220228541,0.0,3.575284220228541,1154.677023829135,19.213598605145307,1.636745216117524,False,False,True
proxy_hardened_no_worst_hours_high_margin,2022-07-26,0,0,0.0,0.0,0.0,1154.677023829135,0.0,0.0,False,False,False
proxy_hardened_no_worst_hours_high_margin,2022-07-27,1,0,9.983262620453315,9.983262620453315,0.0,1164.6602864495883,9.23033598469192,0.7863028980971927,False,True,False
proxy_hardened_no_worst_hours_high_margin,2022-07-28,2,0,18.504121870863937,18.504121870863937,0.0,1183.1644083204524,0.0,0.0,False,True,False
proxy_hardened_no_worst_hours_high_margin,2022-07-29,1,0,-3.609191102805953,0.0,3.609191102805953,1179.5552172176465,3.6091911028058803,0.3050456113642961,False,False,True
proxy_hardened_no_worst_hours_high_margin,2022-07-31,0,0,0.0,0.0,0.0,1179.5552172176465,0.0,0.0,False,False,False
proxy_hardened_no_worst_hours_high_margin,2022-08-01,1,0,-4.317543170825347,0.0,4.317543170825347,1175.2376740468212,7.926734273631155,0.6699605074229253,False,False,True
proxy_hardened_no_worst_hours_high_margin,2022-08-02,0,0,0.0,0.0,0.0,1175.2376740468212,0.0,0.0,False,False,False
proxy_hardened_no_worst_hours_high_margin,2022-08-03,0,0,0.0,0.0,0.0,1175.2376740468212,0.0,0.0,False,False,False
proxy_hardened_no_worst_hours_high_margin,2022-08-04,1,0,8.939971719325895,8.939971719325895,0.0,1184.1776457661472,0.0,0.0,False,True,False
proxy_hardened_no_worst_hours_high_margin,2022-08-05,0,0,0.0,0.0,0.0,1184.1776457661472,0.0,0.0,False,False,False
proxy_hardened_no_worst_hours_high_margin,2022-08-07,0,0,0.0,0.0,0.0,1184.1776457661472,0.0,0.0,False,False,False
proxy_hardened_no_worst_hours_high_margin,2022-08-08,1,0,-2.8696613783857448,0.0,2.8696613783857448,1181.3079843877615,2.869661378385672,0.24233368942959901,False,False,True
proxy_hardened_no_worst_hours_high_margin,2022-08-09,2,1,2.4758246420552403,6.633455093585708,4.157630451530467,1183.783809029817,4.157630451530395,0.34998614522156973,True,True,False
proxy_hardened_no_worst_hours_high_margin,2022-08-10,1,0,-5.501453260546059,0.0,5.501453260546059,1178.282355769271,9.65908371207638,0.8130942646712885,False,False,True
proxy_hardened_no_worst_hours_high_margin,2022-08-11,1,0,-3.9618405864774378,0.0,3.9618405864774378,1174.3205151827935,13.620924298553746,1.1465989690957,False,False,True
proxy_hardened_no_worst_hours_high_margin,2022-08-12,1,0,8.617996352732616,8.617996352732616,0.0,1182.9385115355262,5.002927945821057,0.4211426404996297,False,True,False
proxy_hardened_no_worst_hours_high_margin,2022-08-14,0,0,0.0,0.0,0.0,1182.9385115355262,0.0,0.0,False,False,False
proxy_hardened_no_worst_hours_high_margin,2022-08-15,1,0,-5.519757915233713,0.0,5.519757915233713,1177.4187536202926,10.522685861054697,0.8857916317532352,False,False,True
proxy_hardened_no_worst_hours_high_margin,2022-08-16,1,0,-3.8797942423471614,0.0,3.8797942423471614,1173.5389593779455,14.402480103401786,1.2123897378047421,False,False,True
proxy_hardened_no_worst_hours_high_margin,2022-08-17,1,0,7.598728544953628,7.598728544953628,0.0,1181.1376879228992,6.803751558448084,0.5727345921545247,False,True,False
proxy_hardened_no_worst_hours_high_margin,2022-08-18,0,0,0.0,0.0,0.0,1181.1376879228992,0.0,0.0,False,False,False
proxy_hardened_no_worst_hours_high_margin,2022-08-19,1,0,7.417463407005398,7.417463407005398,0.0,1188.5551513299047,0.0,0.0,False,True,False
proxy_hardened_no_worst_hours_high_margin,2022-08-21,0,0,0.0,0.0,0.0,1188.5551513299047,0.0,0.0,False,False,False
proxy_hardened_no_worst_hours_high_margin,2022-08-22,1,0,-4.3198065310082985,0.0,4.3198065310082985,1184.2353447988964,4.319806531008226,0.3634502383986712,False,False,True
proxy_hardened_no_worst_hours_high_margin,2022-08-23,0,0,0.0,0.0,0.0,1184.2353447988964,0.0,0.0,False,False,False
proxy_hardened_no_worst_hours_high_margin,2022-08-24,0,0,0.0,0.0,0.0,1184.2353447988964,0.0,0.0,False,False,False
proxy_hardened_no_worst_hours_high_margin,2022-08-25,0,0,0.0,0.0,0.0,1184.2353447988964,0.0,0.0,False,False,False
proxy_hardened_no_worst_hours_high_margin,2022-08-26,1,0,11.499726866465307,11.499726866465307,0.0,1195.7350716653618,0.0,0.0,False,True,False
proxy_hardened_no_worst_hours_high_margin,2022-08-28,0,0,0.0,0.0,0.0,1195.7350716653618,0.0,0.0,False,False,False
proxy_hardened_no_worst_hours_high_margin,2022-08-29,0,0,0.0,0.0,0.0,1195.7350716653618,0.0,0.0,False,False,False
proxy_hardened_no_worst_hours_high_margin,2022-08-30,1,0,6.996064678311695,6.996064678311695,0.0,1202.7311363436736,0.0,0.0,False,True,False
proxy_hardened_no_worst_hours_high_margin,2022-08-31,0,0,0.0,0.0,0.0,1202.7311363436736,0.0,0.0,False,False,False
proxy_hardened_no_worst_hours_high_margin,2022-09-01,2,0,3.495395434396041,9.428958494249782,5.933563059853741,1206.2265317780698,5.933563059853668,0.4895032500345623,False,True,False
proxy_hardened_no_worst_hours_high_margin,2022-09-02,0,0,0.0,0.0,0.0,1206.2265317780698,0.0,0.0,False,False,False
proxy_hardened_no_worst_hours_high_margin,2022-09-04,0,0,0.0,0.0,0.0,1206.2265317780698,0.0,0.0,False,False,False
proxy_hardened_no_worst_hours_high_margin,2022-09-05,0,0,0.0,0.0,0.0,1206.2265317780698,0.0,0.0,False,False,False
proxy_hardened_no_worst_hours_high_margin,2022-09-06,1,0,7.314063857922447,7.314063857922447,0.0,1213.5405956359923,0.0,0.0,False,True,False
proxy_hardened_no_worst_hours_high_margin,2022-09-07,0,0,0.0,0.0,0.0,1213.5405956359923,0.0,0.0,False,False,False
proxy_hardened_no_worst_hours_high_margin,2022-09-08,0,0,0.0,0.0,0.0,1213.5405956359923,0.0,0.0,False,False,False
proxy_hardened_no_worst_hours_high_margin,2022-09-09,0,0,0.0,0.0,0.0,1213.5405956359923,0.0,0.0,False,False,False
proxy_hardened_no_worst_hours_high_margin,2022-09-11,0,0,0.0,0.0,0.0,1213.5405956359923,0.0,0.0,False,False,False
proxy_hardened_no_worst_hours_high_margin,2022-09-12,1,0,-4.5643511913350086,0.0,4.5643511913350086,1208.9762444446574,4.564351191334936,0.3761185417075274,False,False,True
proxy_hardened_no_worst_hours_high_margin,2022-09-13,1,0,5.158675248515619,5.158675248515619,0.0,1214.134919693173,0.0,0.0,False,True,False
proxy_hardened_no_worst_hours_high_margin,2022-09-14,1,0,-3.721412851920677,0.0,3.721412851920677,1210.4135068412525,3.7214128519206042,0.30650735693040204,False,False,True
proxy_hardened_no_worst_hours_high_margin,2022-09-15,2,1,-7.098859882212,0.0,7.098859882212,1203.3146469590406,10.820272734132459,0.891191955574993,True,False,True
proxy_hardened_no_worst_hours_high_margin,2022-09-16,1,0,-4.329132111470772,0.0,4.329132111470772,1198.98551484757,15.149404845603158,1.247752996794755,False,False,True
proxy_hardened_no_worst_hours_high_margin,2022-09-18,0,0,0.0,0.0,0.0,1198.98551484757,0.0,0.0,False,False,False
proxy_hardened_no_worst_hours_high_margin,2022-09-19,1,0,-3.413654060270874,0.0,3.413654060270874,1195.571860787299,18.56305890587396,1.5289123642506777,False,False,True
proxy_hardened_no_worst_hours_high_margin,2022-09-20,2,0,2.0292777313469195,5.905091232062132,3.8758135007152124,1197.6011385186462,16.533781174526894,1.3617746188129722,False,True,False
proxy_hardened_no_worst_hours_high_margin,2022-09-21,0,0,0.0,0.0,0.0,1197.6011385186462,0.0,0.0,False,False,False
proxy_hardened_no_worst_hours_high_margin,2022-09-22,0,0,0.0,0.0,0.0,1197.6011385186462,0.0,0.0,False,False,False
proxy_hardened_no_worst_hours_high_margin,2022-09-23,1,0,12.742136152145958,12.742136152145958,0.0,1210.3432746707922,3.7916450223808624,0.31229190107958166,False,True,False
proxy_hardened_no_worst_hours_high_margin,2022-09-25,0,0,0.0,0.0,0.0,1210.3432746707922,0.0,0.0,False,False,False
proxy_hardened_no_worst_hours_high_margin,2022-09-26,1,0,-5.252079143921565,0.0,5.252079143921565,1205.0911955268707,9.043724166302354,0.744869785030795,False,False,True
proxy_hardened_no_worst_hours_high_margin,2022-09-27,0,0,0.0,0.0,0.0,1205.0911955268707,0.0,0.0,False,False,False
proxy_hardened_no_worst_hours_high_margin,2022-09-28,0,0,0.0,0.0,0.0,1205.0911955268707,0.0,0.0,False,False,False
proxy_hardened_no_worst_hours_high_margin,2022-09-29,0,0,0.0,0.0,0.0,1205.0911955268707,0.0,0.0,False,False,False
proxy_hardened_no_worst_hours_high_margin,2022-09-30,1,0,-5.166282226424828,0.0,5.166282226424828,1199.924913300446,14.21000639272711,1.1703811629368304,False,False,True
proxy_hardened_no_worst_hours_high_margin,2022-10-02,0,0,0.0,0.0,0.0,1199.924913300446,0.0,0.0,False,False,False
proxy_hardened_no_worst_hours_high_margin,2022-10-03,0,0,0.0,0.0,0.0,1199.924913300446,0.0,0.0,False,False,False
proxy_hardened_no_worst_hours_high_margin,2022-10-04,1,0,9.504540395995646,9.504540395995646,0.0,1209.4294536964417,4.705465996731391,0.3875570927422564,False,True,False
proxy_hardened_no_worst_hours_high_margin,2022-10-05,1,0,6.536019427972105,6.536019427972105,0.0,1215.9654731244138,0.0,0.0,False,True,False
proxy_hardened_no_worst_hours_high_margin,2022-10-06,0,0,0.0,0.0,0.0,1215.9654731244138,0.0,0.0,False,False,False
proxy_hardened_no_worst_hours_high_margin,2022-10-07,0,0,0.0,0.0,0.0,1215.9654731244138,0.0,0.0,False,False,False
proxy_hardened_no_worst_hours_high_margin,2022-10-09,0,0,0.0,0.0,0.0,1215.9654731244138,0.0,0.0,False,False,False
proxy_hardened_no_worst_hours_high_margin,2022-10-10,0,0,0.0,0.0,0.0,1215.9654731244138,0.0,0.0,False,False,False
proxy_hardened_no_worst_hours_high_margin,2022-10-11,1,0,-4.004668924530806,0.0,4.004668924530806,1211.9608041998831,4.004668924530733,0.3293406772678148,False,False,True
proxy_hardened_no_worst_hours_high_margin,2022-10-12,0,0,0.0,0.0,0.0,1211.9608041998831,0.0,0.0,False,False,False
proxy_hardened_no_worst_hours_high_margin,2022-10-13,0,0,0.0,0.0,0.0,1211.9608041998831,0.0,0.0,False,False,False
proxy_hardened_no_worst_hours_high_margin,2022-10-14,0,0,0.0,0.0,0.0,1211.9608041998831,0.0,0.0,False,False,False
proxy_hardened_no_worst_hours_high_margin,2022-10-16,0,0,0.0,0.0,0.0,1211.9608041998831,0.0,0.0,False,False,False
proxy_hardened_no_worst_hours_high_margin,2022-10-17,0,0,0.0,0.0,0.0,1211.9608041998831,0.0,0.0,False,False,False
proxy_hardened_no_worst_hours_high_margin,2022-10-18,1,0,7.509615063327528,7.509615063327528,0.0,1219.4704192632107,0.0,0.0,False,True,False
proxy_hardened_no_worst_hours_high_margin,2022-10-19,1,0,9.269085392198958,9.269085392198958,0.0,1228.7395046554097,0.0,0.0,False,True,False
proxy_hardened_no_worst_hours_high_margin,2022-10-20,0,0,0.0,0.0,0.0,1228.7395046554097,0.0,0.0,False,False,False
proxy_hardened_no_worst_hours_high_margin,2022-10-21,0,0,0.0,0.0,0.0,1228.7395046554097,0.0,0.0,False,False,False
proxy_hardened_no_worst_hours_high_margin,2022-10-23,0,0,0.0,0.0,0.0,1228.7395046554097,0.0,0.0,False,False,False
proxy_hardened_no_worst_hours_high_margin,2022-10-24,0,0,0.0,0.0,0.0,1228.7395046554097,0.0,0.0,False,False,False
proxy_hardened_no_worst_hours_high_margin,2022-10-25,1,0,-3.724282269255882,0.0,3.724282269255882,1225.015222386154,3.7242822692558093,0.3030977888433932,False,False,True
proxy_hardened_no_worst_hours_high_margin,2022-10-26,1,0,-4.755324440973782,0.0,4.755324440973782,1220.2598979451802,8.479606710229518,0.6901061354422356,False,False,True
proxy_hardened_no_worst_hours_high_margin,2022-10-27,0,0,0.0,0.0,0.0,1220.2598979451802,0.0,0.0,False,False,False
proxy_hardened_no_worst_hours_high_margin,2022-10-28,1,0,11.446214016307222,11.446214016307222,0.0,1231.7061119614875,0.0,0.0,False,True,False
proxy_hardened_no_worst_hours_high_margin,2022-10-30,0,0,0.0,0.0,0.0,1231.7061119614875,0.0,0.0,False,False,False
proxy_hardened_no_worst_hours_high_margin,2022-10-31,2,0,-7.189908982182178,0.0,7.189908982182178,1224.5162029793055,7.189908982182033,0.5837357558234512,False,False,True
proxy_hardened_no_worst_hours_high_margin,2022-11-01,1,0,7.584458135698169,7.584458135698169,0.0,1232.1006611150037,0.0,0.0,False,True,False
proxy_hardened_no_worst_hours_high_margin,2022-11-02,1,0,-3.3130841091493313,0.0,3.3130841091493313,1228.7875770058545,3.3130841091492584,0.2688971943372747,False,False,True
proxy_hardened_no_worst_hours_high_margin,2022-11-03,1,0,-5.238729794494093,0.0,5.238729794494093,1223.5488472113605,8.551813903643279,0.6940840284838591,False,False,True
proxy_hardened_no_worst_hours_high_margin,2022-11-04,1,0,7.254302113449212,7.254302113449212,0.0,1230.8031493248097,1.2975117901939939,0.10530891112580003,False,True,False
proxy_hardened_no_worst_hours_high_margin,2022-11-06,0,0,0.0,0.0,0.0,1230.8031493248097,0.0,0.0,False,False,False
proxy_hardened_no_worst_hours_high_margin,2022-11-07,1,0,-3.3430545393701596,0.0,3.3430545393701596,1227.4600947854397,4.640566329564081,0.3766385715079924,False,False,True
proxy_hardened_no_worst_hours_high_margin,2022-11-08,0,0,0.0,0.0,0.0,1227.4600947854397,0.0,0.0,False,False,False
proxy_hardened_no_worst_hours_high_margin,2022-11-09,1,0,-5.399292961028168,0.0,5.399292961028168,1222.0608018244116,10.039859290592176,0.8148570654532795,False,False,True
proxy_hardened_no_worst_hours_high_margin,2022-11-10,0,0,0.0,0.0,0.0,1222.0608018244116,0.0,0.0,False,False,False
proxy_hardened_no_worst_hours_high_margin,2022-11-11,2,0,5.414610145135693,10.012870680693068,4.598260535557374,1227.4754119695474,14.638119826149477,1.1880620056564648,False,True,False
proxy_hardened_no_worst_hours_high_margin,2022-11-13,0,0,0.0,0.0,0.0,1227.4754119695474,0.0,0.0,False,False,False
proxy_hardened_no_worst_hours_high_margin,2022-11-14,2,0,4.686299926566871,7.9132740056631246,3.2269740790962533,1232.1617118961144,3.2269740790961805,0.26121123786630934,False,True,False
proxy_hardened_no_worst_hours_high_margin,2022-11-15,2,0,1.0671478178852247,7.622993158017534,6.55584534013231,1233.2288597139998,6.555845340132237,0.5287890158191614,False,True,False
proxy_hardened_no_worst_hours_high_margin,2022-11-16,0,0,0.0,0.0,0.0,1233.2288597139998,0.0,0.0,False,False,False
proxy_hardened_no_worst_hours_high_margin,2022-11-17,0,0,0.0,0.0,0.0,1233.2288597139998,0.0,0.0,False,False,False
proxy_hardened_no_worst_hours_high_margin,2022-11-18,0,0,0.0,0.0,0.0,1233.2288597139998,0.0,0.0,False,False,False
proxy_hardened_no_worst_hours_high_margin,2022-11-20,0,0,0.0,0.0,0.0,1233.2288597139998,0.0,0.0,False,False,False
proxy_hardened_no_worst_hours_high_margin,2022-11-21,1,0,-3.240428498872989,0.0,3.240428498872989,1229.9884312151269,9.796273839005153,0.7901592751603936,False,False,True
proxy_hardened_no_worst_hours_high_margin,2022-11-22,0,0,0.0,0.0,0.0,1229.9884312151269,0.0,0.0,False,False,False
proxy_hardened_no_worst_hours_high_margin,2022-11-23,0,0,0.0,0.0,0.0,1229.9884312151269,0.0,0.0,False,False,False
proxy_hardened_no_worst_hours_high_margin,2022-11-24,1,0,-2.6291809822626693,0.0,2.6291809822626693,1227.3592502328643,12.42545482126775,1.0022268197545818,False,False,True
proxy_hardened_no_worst_hours_high_margin,2022-11-25,0,0,0.0,0.0,0.0,1227.3592502328643,0.0,0.0,False,False,False
proxy_hardened_no_worst_hours_high_margin,2022-11-27,0,0,0.0,0.0,0.0,1227.3592502328643,0.0,0.0,False,False,False
proxy_hardened_no_worst_hours_high_margin,2022-11-28,0,0,0.0,0.0,0.0,1227.3592502328643,0.0,0.0,False,False,False
proxy_hardened_no_worst_hours_high_margin,2022-11-29,0,0,0.0,0.0,0.0,1227.3592502328643,0.0,0.0,False,False,False
proxy_hardened_no_worst_hours_high_margin,2022-11-30,2,0,0.8299576415714363,5.251261224943546,4.42130358337211,1228.1892078744359,11.595497179696167,0.9352831287904847,False,True,False
proxy_hardened_no_worst_hours_high_margin,2022-12-01,1,0,6.610887765093976,6.610887765093976,0.0,1234.80009563953,4.984609414602119,0.40205443689390236,False,True,False
proxy_hardened_no_worst_hours_high_margin,2022-12-02,1,0,6.384996527029598,6.384996527029598,0.0,1241.1850921665596,0.0,0.0,False,True,False
proxy_hardened_no_worst_hours_high_margin,2022-12-04,0,0,0.0,0.0,0.0,1241.1850921665596,0.0,0.0,False,False,False
proxy_hardened_no_worst_hours_high_margin,2022-12-05,0,0,0.0,0.0,0.0,1241.1850921665596,0.0,0.0,False,False,False
proxy_hardened_no_worst_hours_high_margin,2022-12-06,0,0,0.0,0.0,0.0,1241.1850921665596,0.0,0.0,False,False,False
proxy_hardened_no_worst_hours_high_margin,2022-12-07,1,0,-3.0615979585280275,0.0,3.0615979585280275,1238.1234942080316,3.0615979585279547,0.2466673164099772,False,False,True
proxy_hardened_no_worst_hours_high_margin,2022-12-08,2,0,14.044972424525067,14.044972424525067,0.0,1252.1684666325568,0.0,0.0,False,True,False
proxy_hardened_no_worst_hours_high_margin,2022-12-09,0,0,0.0,0.0,0.0,1252.1684666325568,0.0,0.0,False,False,False
proxy_hardened_no_worst_hours_high_margin,2022-12-11,0,0,0.0,0.0,0.0,1252.1684666325568,0.0,0.0,False,False,False
proxy_hardened_no_worst_hours_high_margin,2022-12-12,0,0,0.0,0.0,0.0,1252.1684666325568,0.0,0.0,False,False,False
proxy_hardened_no_worst_hours_high_margin,2022-12-13,1,0,-6.341726520691127,0.0,6.341726520691127,1245.8267401118658,6.341726520691054,0.5064595291834645,False,False,True
proxy_hardened_no_worst_hours_high_margin,2022-12-14,0,0,0.0,0.0,0.0,1245.8267401118658,0.0,0.0,False,False,False
proxy_hardened_no_worst_hours_high_margin,2022-12-15,2,0,-11.344241872062558,0.0,11.344241872062558,1234.4824982398034,17.685968392753466,1.4124272303643095,False,False,True
proxy_hardened_no_worst_hours_high_margin,2022-12-16,1,0,7.796468331306569,7.796468331306569,0.0,1242.27896657111,9.889500061446824,0.7897898984824742,False,True,False
proxy_hardened_no_worst_hours_high_margin,2022-12-18,0,0,0.0,0.0,0.0,1242.27896657111,0.0,0.0,False,False,False
proxy_hardened_no_worst_hours_high_margin,2022-12-19,1,0,-2.7710686950468517,0.0,2.7710686950468517,1239.5078978760632,12.660568756493603,1.0110914859996063,False,False,True
proxy_hardened_no_worst_hours_high_margin,2022-12-20,0,0,0.0,0.0,0.0,1239.5078978760632,0.0,0.0,False,False,False
proxy_hardened_no_worst_hours_high_margin,2022-12-21,2,0,1.554708535757836,5.222564665313184,3.6678561295553482,1241.0626064118212,11.105860220735622,0.8869301948325286,False,True,False
proxy_hardened_no_worst_hours_high_margin,2022-12-22,0,0,0.0,0.0,0.0,1241.0626064118212,0.0,0.0,False,False,False
proxy_hardened_no_worst_hours_high_margin,2022-12-23,1,0,-3.524022557600647,0.0,3.524022557600647,1237.5385838542206,14.629882778336196,1.168363775976581,False,False,True
proxy_hardened_no_worst_hours_high_margin,2022-12-26,0,0,0.0,0.0,0.0,1237.5385838542206,0.0,0.0,False,False,False
proxy_hardened_no_worst_hours_high_margin,2022-12-27,2,1,4.141149682734831,6.204756117204779,2.063606434469948,1241.6797335369556,16.69348921280607,1.3331663955489705,True,True,False
proxy_hardened_no_worst_hours_high_margin,2022-12-28,0,0,0.0,0.0,0.0,1241.6797335369556,0.0,0.0,False,False,False
proxy_hardened_no_worst_hours_high_margin,2022-12-29,0,0,0.0,0.0,0.0,1241.6797335369556,0.0,0.0,False,False,False
proxy_hardened_no_worst_hours_high_margin,2022-12-30,2,1,-7.262315835009904,0.0,7.262315835009904,1234.4174177019459,17.751048930610978,1.4176246570358606,True,False,True
proxy_hardened_no_worst_hours_high_margin,2023-01-02,0,0,0.0,0.0,0.0,1234.4174177019459,0.0,0.0,False,False,False
proxy_hardened_no_worst_hours_high_margin,2023-01-03,2,0,19.128871627054505,19.128871627054505,0.0,1253.5462893290005,9.23140657486556,0.7372335928320797,False,True,False
proxy_hardened_no_worst_hours_high_margin,2023-01-04,2,0,-8.8718869396445,0.0,8.8718869396445,1244.6744023893561,8.871886939644355,0.7077430658259383,False,False,True
proxy_hardened_no_worst_hours_high_margin,2023-01-05,0,0,0.0,0.0,0.0,1244.6744023893561,0.0,0.0,False,False,False
proxy_hardened_no_worst_hours_high_margin,2023-01-06,2,0,6.913862112204779,11.592761754884505,4.678899642679726,1251.588264501561,13.550786582324008,1.080996106619843,False,True,False
proxy_hardened_no_worst_hours_high_margin,2023-01-08,0,0,0.0,0.0,0.0,1251.588264501561,0.0,0.0,False,False,False
proxy_hardened_no_worst_hours_high_margin,2023-01-09,1,0,-3.9364914907506137,0.0,3.9364914907506137,1247.6517730108105,5.894516318189972,0.470227255935255,False,False,True
proxy_hardened_no_worst_hours_high_margin,2023-01-10,2,1,-6.8474038958517305,0.0,6.8474038958517305,1240.804369114959,12.741920214041556,1.0164698601486877,True,False,True
proxy_hardened_no_worst_hours_high_margin,2023-01-11,1,0,-3.0555295038164605,0.0,3.0555295038164605,1237.7488396111426,15.797449717857944,1.2602206916757752,False,False,True
proxy_hardened_no_worst_hours_high_margin,2023-01-12,1,0,4.437497833144034,4.437497833144034,0.0,1242.1863374442867,11.359951884713837,0.9062251614812408,False,True,False
proxy_hardened_no_worst_hours_high_margin,2023-01-13,1,0,8.256566525917988,8.256566525917988,0.0,1250.4429039702047,3.1033853587957765,0.24756846916733802,False,True,False
proxy_hardened_no_worst_hours_high_margin,2023-01-15,0,0,0.0,0.0,0.0,1250.4429039702047,0.0,0.0,False,False,False
proxy_hardened_no_worst_hours_high_margin,2023-01-16,0,0,0.0,0.0,0.0,1250.4429039702047,0.0,0.0,False,False,False
proxy_hardened_no_worst_hours_high_margin,2023-01-17,1,0,-4.198049753015157,0.0,4.198049753015157,1246.2448542171896,7.301435111810861,0.5824623449461273,False,False,True
proxy_hardened_no_worst_hours_high_margin,2023-01-18,1,0,-5.231339222787101,0.0,5.231339222787101,1241.0135149944026,12.532774334597889,0.9997855237804137,False,False,True
proxy_hardened_no_worst_hours_high_margin,2023-01-19,1,0,8.278236441978533,8.278236441978533,0.0,1249.2917514363812,4.2545378926192825,0.33940014252657996,False,True,False
proxy_hardened_no_worst_hours_high_margin,2023-01-20,0,0,0.0,0.0,0.0,1249.2917514363812,0.0,0.0,False,False,False
proxy_hardened_no_worst_hours_high_margin,2023-01-22,0,0,0.0,0.0,0.0,1249.2917514363812,0.0,0.0,False,False,False
proxy_hardened_no_worst_hours_high_margin,2023-01-23,1,0,7.6911798241361975,7.6911798241361975,0.0,1256.9829312605175,0.0,0.0,False,True,False
proxy_hardened_no_worst_hours_high_margin,2023-01-24,1,0,-3.021708024799027,0.0,3.021708024799027,1253.9612232357185,3.0217080247989543,0.24039371972766166,False,False,True
proxy_hardened_no_worst_hours_high_margin,2023-01-25,0,0,0.0,0.0,0.0,1253.9612232357185,0.0,0.0,False,False,False
proxy_hardened_no_worst_hours_high_margin,2023-01-26,0,0,0.0,0.0,0.0,1253.9612232357185,0.0,0.0,False,False,False
proxy_hardened_no_worst_hours_high_margin,2023-01-27,0,0,0.0,0.0,0.0,1253.9612232357185,0.0,0.0,False,False,False
proxy_hardened_no_worst_hours_high_margin,2023-01-29,0,0,0.0,0.0,0.0,1253.9612232357185,0.0,0.0,False,False,False
proxy_hardened_no_worst_hours_high_margin,2023-01-30,0,0,0.0,0.0,0.0,1253.9612232357185,0.0,0.0,False,False,False
proxy_hardened_no_worst_hours_high_margin,2023-01-31,0,0,0.0,0.0,0.0,1253.9612232357185,0.0,0.0,False,False,False
proxy_hardened_no_worst_hours_high_margin,2023-02-01,2,0,8.705222940526337,12.363235159852747,3.6580122193264106,1262.666446176245,6.679720244125292,0.5314089855959133,False,True,False
proxy_hardened_no_worst_hours_high_margin,2023-02-02,1,0,-3.511699470590047,0.0,3.511699470590047,1259.154746705655,3.5116994705899742,0.2781177468700871,False,False,True
proxy_hardened_no_worst_hours_high_margin,2023-02-03,1,0,6.864900796694128,6.864900796694128,0.0,1266.0196475023492,0.0,0.0,False,True,False
proxy_hardened_no_worst_hours_high_margin,2023-02-05,0,0,0.0,0.0,0.0,1266.0196475023492,0.0,0.0,False,False,False
proxy_hardened_no_worst_hours_high_margin,2023-02-06,1,0,8.147525563742347,8.147525563742347,0.0,1274.1671730660917,0.0,0.0,False,True,False
proxy_hardened_no_worst_hours_high_margin,2023-02-07,1,0,-4.043225163459811,0.0,4.043225163459811,1270.123947902632,4.043225163459738,0.31732297369820983,False,False,True
proxy_hardened_no_worst_hours_high_margin,2023-02-08,0,0,0.0,0.0,0.0,1270.123947902632,0.0,0.0,False,False,False
proxy_hardened_no_worst_hours_high_margin,2023-02-09,0,0,0.0,0.0,0.0,1270.123947902632,0.0,0.0,False,False,False
proxy_hardened_no_worst_hours_high_margin,2023-02-10,0,0,0.0,0.0,0.0,1270.123947902632,0.0,0.0,False,False,False
proxy_hardened_no_worst_hours_high_margin,2023-02-12,0,0,0.0,0.0,0.0,1270.123947902632,0.0,0.0,False,False,False
proxy_hardened_no_worst_hours_high_margin,2023-02-13,0,0,0.0,0.0,0.0,1270.123947902632,0.0,0.0,False,False,False
proxy_hardened_no_worst_hours_high_margin,2023-02-14,1,0,-8.37544397495738,0.0,8.37544397495738,1261.7485039276746,12.418669138417044,0.9746499047321542,False,False,True
proxy_hardened_no_worst_hours_high_margin,2023-02-15,1,0,-4.852865797947816,0.0,4.852865797947816,1256.8956381297269,17.271534936364787,1.3555156106245805,False,False,True
proxy_hardened_no_worst_hours_high_margin,2023-02-16,1,0,-5.176122920876269,0.0,5.176122920876269,1251.7195152088507,22.447657857240984,1.7617513880242317,False,False,True
proxy_hardened_no_worst_hours_high_margin,2023-02-17,1,0,-4.0086023284350905,0.0,4.0086023284350905,1247.7109128804157,26.456260185676,2.076357070321706,False,False,True
proxy_hardened_no_worst_hours_high_margin,2023-02-19,0,0,0.0,0.0,0.0,1247.7109128804157,0.0,0.0,False,False,False
proxy_hardened_no_worst_hours_high_margin,2023-02-20,0,0,0.0,0.0,0.0,1247.7109128804157,0.0,0.0,False,False,False
proxy_hardened_no_worst_hours_high_margin,2023-02-21,1,0,-3.1908020811709594,0.0,3.1908020811709594,1244.5201107992448,29.647062266846888,2.3267796324956085,False,False,True
proxy_hardened_no_worst_hours_high_margin,2023-02-22,0,0,0.0,0.0,0.0,1244.5201107992448,0.0,0.0,False,False,False
proxy_hardened_no_worst_hours_high_margin,2023-02-23,0,0,0.0,0.0,0.0,1244.5201107992448,0.0,0.0,False,False,False
proxy_hardened_no_worst_hours_high_margin,2023-02-24,0,0,0.0,0.0,0.0,1244.5201107992448,0.0,0.0,False,False,False
proxy_hardened_no_worst_hours_high_margin,2023-02-26,0,0,0.0,0.0,0.0,1244.5201107992448,0.0,0.0,False,False,False
proxy_hardened_no_worst_hours_high_margin,2023-02-27,1,0,-2.6831378242560096,0.0,2.6831378242560096,1241.8369729749888,32.330200091102824,2.537359364965043,False,False,True
proxy_hardened_no_worst_hours_high_margin,2023-02-28,2,0,-6.2417713098463175,0.0,6.2417713098463175,1235.5952016651427,38.571971400948996,3.0272300382791486,False,False,True
proxy_hardened_no_worst_hours_high_margin,2023-03-01,2,0,1.9209602328504296,7.272120867663416,5.351160634812986,1237.5161618979932,36.65101116809842,2.8764680132123694,False,True,False
proxy_hardened_no_worst_hours_high_margin,2023-03-02,2,0,2.6676491756703307,6.722377159050138,4.0547279833798076,1240.1838110736637,40.705739151478156,3.194693758553355,False,True,False
proxy_hardened_no_worst_hours_high_margin,2023-03-03,1,0,-2.6707080659144413,0.0,2.6707080659144413,1237.5131030077494,36.65407005834231,2.8767080829856737,False,False,True
proxy_hardened_no_worst_hours_high_margin,2023-03-05,0,0,0.0,0.0,0.0,1237.5131030077494,0.0,0.0,False,False,False
proxy_hardened_no_worst_hours_high_margin,2023-03-06,0,0,0.0,0.0,0.0,1237.5131030077494,0.0,0.0,False,False,False
proxy_hardened_no_worst_hours_high_margin,2023-03-07,0,0,0.0,0.0,0.0,1237.5131030077494,0.0,0.0,False,False,False
proxy_hardened_no_worst_hours_high_margin,2023-03-08,0,0,0.0,0.0,0.0,1237.5131030077494,0.0,0.0,False,False,False
proxy_hardened_no_worst_hours_high_margin,2023-03-09,0,0,0.0,0.0,0.0,1237.5131030077494,0.0,0.0,False,False,False
proxy_hardened_no_worst_hours_high_margin,2023-03-10,1,0,6.46114676657332,6.46114676657332,0.0,1243.9742497743227,30.19292329176892,2.3696202452865105,False,True,False
proxy_hardened_no_worst_hours_high_margin,2023-03-12,0,0,0.0,0.0,0.0,1243.9742497743227,0.0,0.0,False,False,False
proxy_hardened_no_worst_hours_high_margin,2023-03-13,1,0,11.619339652627714,11.619339652627714,0.0,1255.5935894269505,18.573583639141134,1.4577038266059388,False,True,False
proxy_hardened_no_worst_hours_high_margin,2023-03-14,0,0,0.0,0.0,0.0,1255.5935894269505,0.0,0.0,False,False,False
proxy_hardened_no_worst_hours_high_margin,2023-03-15,2,1,1.747519184934017,10.79659489578732,9.049075710853304,1257.3411086118847,16.82606445420697,1.320553912381652,True,True,False
proxy_hardened_no_worst_hours_high_margin,2023-03-16,1,0,-6.106573885321568,0.0,6.106573885321568,1251.2345347265632,22.932638339528467,1.799813935273856,False,False,True
proxy_hardened_no_worst_hours_high_margin,2023-03-17,1,0,6.784485678828714,6.784485678828714,0.0,1258.019020405392,16.14815266069968,1.2673496070253936,False,True,False
proxy_hardened_no_worst_hours_high_margin,2023-03-19,0,0,0.0,0.0,0.0,1258.019020405392,0.0,0.0,False,False,False
proxy_hardened_no_worst_hours_high_margin,2023-03-20,1,0,-6.5872003237855825,0.0,6.5872003237855825,1251.4318200816065,22.73535298448519,1.784330460325389,False,False,True
proxy_hardened_no_worst_hours_high_margin,2023-03-21,0,0,0.0,0.0,0.0,1251.4318200816065,0.0,0.0,False,False,False
proxy_hardened_no_worst_hours_high_margin,2023-03-22,1,0,12.703632093028473,12.703632093028473,0.0,1264.135452174635,10.031720891456644,0.7873159114056295,False,True,False
proxy_hardened_no_worst_hours_high_margin,2023-03-23,2,0,-12.390371656610487,0.0,12.390371656610487,1251.7450805180247,22.422092548066985,1.7597449551389395,False,False,True
proxy_hardened_no_worst_hours_high_margin,2023-03-24,1,0,-7.3030708746731126,0.0,7.3030708746731126,1244.4420096433516,29.725163422740025,2.3329092171799473,False,False,True
proxy_hardened_no_worst_hours_high_margin,2023-03-26,0,0,0.0,0.0,0.0,1244.4420096433516,0.0,0.0,False,False,False
proxy_hardened_no_worst_hours_high_margin,2023-03-27,1,0,-6.359166294737252,0.0,6.359166294737252,1238.0828433486145,36.0843297174772,2.8319933585045747,False,False,True
proxy_hardened_no_worst_hours_high_margin,2023-03-28,0,0,0.0,0.0,0.0,1238.0828433486145,0.0,0.0,False,False,False
proxy_hardened_no_worst_hours_high_margin,2023-03-29,0,0,0.0,0.0,0.0,1238.0828433486145,0.0,0.0,False,False,False
proxy_hardened_no_worst_hours_high_margin,2023-03-30,2,0,5.091875707808949,9.155153360286404,4.0632776524774545,1243.1747190564236,40.147607369954585,3.1508901044236923,False,True,False
proxy_hardened_no_worst_hours_high_margin,2023-03-31,0,0,0.0,0.0,0.0,1243.1747190564236,0.0,0.0,False,False,False
proxy_hardened_no_worst_hours_high_margin,2023-04-02,0,0,0.0,0.0,0.0,1243.1747190564236,0.0,0.0,False,False,False
proxy_hardened_no_worst_hours_high_margin,2023-04-03,2,0,4.810602296798461,9.068805761765516,4.258203464967055,1247.9853213532222,26.181851712869502,2.054820769700636,False,True,False
proxy_hardened_no_worst_hours_high_margin,2023-04-04,1,0,-2.9634320264932104,0.0,2.9634320264932104,1245.021889326729,29.14528373936264,2.2873987303588192,False,False,True
proxy_hardened_no_worst_hours_high_margin,2023-04-05,1,0,5.957026866847555,5.957026866847555,0.0,1250.9789161935767,23.188256872515012,1.819875551864671,False,True,False
proxy_hardened_no_worst_hours_high_margin,2023-04-06,1,0,-3.126868115518464,0.0,3.126868115518464,1247.8520480780583,26.315124988033403,2.0652804078063016,False,False,True
proxy_hardened_no_worst_hours_high_margin,2023-04-09,0,0,0.0,0.0,0.0,1247.8520480780583,0.0,0.0,False,False,False
proxy_hardened_no_worst_hours_high_margin,2023-04-10,0,0,0.0,0.0,0.0,1247.8520480780583,0.0,0.0,False,False,False
proxy_hardened_no_worst_hours_high_margin,2023-04-11,2,0,4.46587767474497,7.646109967481989,3.180232292737019,1252.3179257528034,29.49535728077035,2.314873425109062,False,True,False
proxy_hardened_no_worst_hours_high_margin,2023-04-12,1,0,9.09131851758404,9.09131851758404,0.0,1261.4092442703875,12.757928795704174,1.0012758973380342,False,True,False
proxy_hardened_no_worst_hours_high_margin,2023-04-13,1,0,-6.034202984187987,0.0,6.034202984187987,1255.3750412861996,18.792131779892088,1.474856061051365,False,False,True
proxy_hardened_no_worst_hours_high_margin,2023-04-14,0,0,0.0,0.0,0.0,1255.3750412861996,0.0,0.0,False,False,False
proxy_hardened_no_worst_hours_high_margin,2023-04-16,0,0,0.0,0.0,0.0,1255.3750412861996,0.0,0.0,False,False,False
proxy_hardened_no_worst_hours_high_margin,2023-04-17,0,0,0.0,0.0,0.0,1255.3750412861996,0.0,0.0,False,False,False
proxy_hardened_no_worst_hours_high_margin,2023-04-18,0,0,0.0,0.0,0.0,1255.3750412861996,0.0,0.0,False,False,False
proxy_hardened_no_worst_hours_high_margin,2023-04-19,0,0,0.0,0.0,0.0,1255.3750412861996,0.0,0.0,False,False,False
proxy_hardened_no_worst_hours_high_margin,2023-04-20,2,0,-10.024160925635588,0.0,10.024160925635588,1245.3508803605641,28.81629270552753,2.2615786464020617,False,False,True
proxy_hardened_no_worst_hours_high_margin,2023-04-21,2,0,-12.790621508576724,0.0,12.790621508576724,1232.5602588519876,41.60691421410411,3.2654203540641626,False,False,True
proxy_hardened_no_worst_hours_high_margin,2023-04-23,0,0,0.0,0.0,0.0,1232.5602588519876,0.0,0.0,False,False,False
proxy_hardened_no_worst_hours_high_margin,2023-04-24,0,0,0.0,0.0,0.0,1232.5602588519876,0.0,0.0,False,False,False
proxy_hardened_no_worst_hours_high_margin,2023-04-25,0,0,0.0,0.0,0.0,1232.5602588519876,0.0,0.0,False,False,False
proxy_hardened_no_worst_hours_high_margin,2023-04-26,0,0,0.0,0.0,0.0,1232.5602588519876,0.0,0.0,False,False,False
proxy_hardened_no_worst_hours_high_margin,2023-04-27,0,0,0.0,0.0,0.0,1232.5602588519876,0.0,0.0,False,False,False
proxy_hardened_no_worst_hours_high_margin,2023-04-28,2,0,-8.228423386320092,0.0,8.228423386320092,1224.3318354656676,49.835337600424054,3.9112087215763696,False,False,True
proxy_hardened_no_worst_hours_high_margin,2023-04-30,0,0,0.0,0.0,0.0,1224.3318354656676,0.0,0.0,False,False,False
proxy_hardened_no_worst_hours_high_margin,2023-05-01,0,0,0.0,0.0,0.0,1224.3318354656676,0.0,0.0,False,False,False
proxy_hardened_no_worst_hours_high_margin,2023-05-02,1,0,8.939075023054711,8.939075023054711,0.0,1233.2709104887224,40.89626257736927,3.2096465394692726,False,True,False
proxy_hardened_no_worst_hours_high_margin,2023-05-03,2,1,3.208746833735713,9.219418792584674,6.010671958848961,1236.4796573224583,37.68751574363341,2.9578156257898303,True,True,False
proxy_hardened_no_worst_hours_high_margin,2023-05-04,1,0,-7.805660992342455,0.0,7.805660992342455,1228.6739963301159,45.493176735975794,3.570424485705695,False,False,True
proxy_hardened_no_worst_hours_high_margin,2023-05-05,0,0,0.0,0.0,0.0,1228.6739963301159,0.0,0.0,False,False,False
proxy_hardened_no_worst_hours_high_margin,2023-05-07,0,0,0.0,0.0,0.0,1228.6739963301159,0.0,0.0,False,False,False
proxy_hardened_no_worst_hours_high_margin,2023-05-08,0,0,0.0,0.0,0.0,1228.6739963301159,0.0,0.0,False,False,False
proxy_hardened_no_worst_hours_high_margin,2023-05-09,0,0,0.0,0.0,0.0,1228.6739963301159,0.0,0.0,False,False,False
proxy_hardened_no_worst_hours_high_margin,2023-05-10,0,0,0.0,0.0,0.0,1228.6739963301159,0.0,0.0,False,False,False
proxy_hardened_no_worst_hours_high_margin,2023-05-11,1,0,-5.384020887011802,0.0,5.384020887011802,1223.2899754431041,50.877197622987524,3.992976643760112,False,False,True
proxy_hardened_no_worst_hours_high_margin,2023-05-12,1,0,-3.619248027581607,0.0,3.619248027581607,1219.6707274155226,54.49644565056906,4.277024773714077,False,False,True
proxy_hardened_no_worst_hours_high_margin,2023-05-14,0,0,0.0,0.0,0.0,1219.6707274155226,0.0,0.0,False,False,False
proxy_hardened_no_worst_hours_high_margin,2023-05-15,0,0,0.0,0.0,0.0,1219.6707274155226,0.0,0.0,False,False,False
proxy_hardened_no_worst_hours_high_margin,2023-05-16,2,0,13.754108775706836,13.754108775706836,0.0,1233.4248361912296,49.90893934715655,3.9169851807638545,False,True,False
proxy_hardened_no_worst_hours_high_margin,2023-05-17,2,0,15.233716491652867,15.233716491652867,0.0,1248.6585526828826,34.36653070417674,2.6971759617286994,False,True,False
proxy_hardened_no_worst_hours_high_margin,2023-05-18,1,0,5.4042259636084236,5.4042259636084236,0.0,1254.062778646491,20.104394419600567,1.5778458937395448,False,True,False
proxy_hardened_no_worst_hours_high_margin,2023-05-19,1,0,-3.602263998016115,0.0,3.602263998016115,1250.460514648475,23.70665841761661,1.8605610722626058,False,False,True
proxy_hardened_no_worst_hours_high_margin,2023-05-21,0,0,0.0,0.0,0.0,1250.460514648475,0.0,0.0,False,False,False
proxy_hardened_no_worst_hours_high_margin,2023-05-22,0,0,0.0,0.0,0.0,1250.460514648475,0.0,0.0,False,False,False
proxy_hardened_no_worst_hours_high_margin,2023-05-23,0,0,0.0,0.0,0.0,1250.460514648475,0.0,0.0,False,False,False
proxy_hardened_no_worst_hours_high_margin,2023-05-24,0,0,0.0,0.0,0.0,1250.460514648475,0.0,0.0,False,False,False
proxy_hardened_no_worst_hours_high_margin,2023-05-25,0,0,0.0,0.0,0.0,1250.460514648475,0.0,0.0,False,False,False
proxy_hardened_no_worst_hours_high_margin,2023-05-26,1,0,-4.802953046970133,0.0,4.802953046970133,1245.657561601505,28.50961146458667,2.2375094938274525,False,False,True
proxy_hardened_no_worst_hours_high_margin,2023-05-28,0,0,0.0,0.0,0.0,1245.657561601505,0.0,0.0,False,False,False
proxy_hardened_no_worst_hours_high_margin,2023-05-29,0,0,0.0,0.0,0.0,1245.657561601505,0.0,0.0,False,False,False
proxy_hardened_no_worst_hours_high_margin,2023-05-30,0,0,0.0,0.0,0.0,1245.657561601505,0.0,0.0,False,False,False
proxy_hardened_no_worst_hours_high_margin,2023-05-31,2,0,-10.122845387225798,0.0,10.122845387225798,1235.5347162142793,38.63245685181232,3.031977095976278,False,False,True
proxy_hardened_no_worst_hours_high_margin,2023-06-01,1,0,6.294716013025136,6.294716013025136,0.0,1241.8294322273046,32.33774083878711,2.537951182729908,False,True,False
proxy_hardened_no_worst_hours_high_margin,2023-06-02,1,0,-2.4392302890581323,0.0,2.4392302890581323,1239.3902019382465,34.77697112784517,2.7293884085994478,False,False,True
proxy_hardened_no_worst_hours_high_margin,2023-06-04,0,0,0.0,0.0,0.0,1239.3902019382465,0.0,0.0,False,False,False
proxy_hardened_no_worst_hours_high_margin,2023-06-05,1,0,-3.3282697814987205,0.0,3.3282697814987205,1236.0619321567478,38.10524090934382,2.990599798427493,False,False,True
proxy_hardened_no_worst_hours_high_margin,2023-06-06,2,0,-6.5851979709833905,0.0,6.5851979709833905,1229.4767341857646,44.690438880327065,3.507423501798924,False,False,True
proxy_hardened_no_worst_hours_high_margin,2023-06-07,0,0,0.0,0.0,0.0,1229.4767341857646,0.0,0.0,False,False,False
proxy_hardened_no_worst_hours_high_margin,2023-06-08,1,0,-3.4649589311764704,0.0,3.4649589311764704,1226.0117752545882,48.15539781150346,3.77936261657289,False,False,True
proxy_hardened_no_worst_hours_high_margin,2023-06-09,0,0,0.0,0.0,0.0,1226.0117752545882,0.0,0.0,False,False,False
proxy_hardened_no_worst_hours_high_margin,2023-06-11,0,0,0.0,0.0,0.0,1226.0117752545882,0.0,0.0,False,False,False
proxy_hardened_no_worst_hours_high_margin,2023-06-12,0,0,0.0,0.0,0.0,1226.0117752545882,0.0,0.0,False,False,False
proxy_hardened_no_worst_hours_high_margin,2023-06-13,0,0,0.0,0.0,0.0,1226.0117752545882,0.0,0.0,False,False,False
proxy_hardened_no_worst_hours_high_margin,2023-06-14,0,0,0.0,0.0,0.0,1226.0117752545882,0.0,0.0,False,False,False
proxy_hardened_no_worst_hours_high_margin,2023-06-15,1,0,7.078166148658665,7.078166148658665,0.0,1233.089941403247,41.077231662844724,3.223849470552482,False,True,False
proxy_hardened_no_worst_hours_high_margin,2023-06-16,0,0,0.0,0.0,0.0,1233.089941403247,0.0,0.0,False,False,False
proxy_hardened_no_worst_hours_high_margin,2023-06-18,0,0,0.0,0.0,0.0,1233.089941403247,0.0,0.0,False,False,False
proxy_hardened_no_worst_hours_high_margin,2023-06-19,1,0,-2.3191947089502083,0.0,2.3191947089502083,1230.7707466942968,43.39642637179486,3.405865987535049,False,False,True
proxy_hardened_no_worst_hours_high_margin,2023-06-20,0,0,0.0,0.0,0.0,1230.7707466942968,0.0,0.0,False,False,False
proxy_hardened_no_worst_hours_high_margin,2023-06-21,2,0,-0.17048380658699003,5.351144703561131,5.521628510148121,1230.60026288771,43.566910178381704,3.4192460062791046,False,False,True
proxy_hardened_no_worst_hours_high_margin,2023-06-22,2,0,5.437462376149906,8.286359772054693,2.848897395904787,1236.03772526386,46.41580757428642,3.6428349870758137,False,True,False
proxy_hardened_no_worst_hours_high_margin,2023-06-23,0,0,0.0,0.0,0.0,1236.03772526386,0.0,0.0,False,False,False
proxy_hardened_no_worst_hours_high_margin,2023-06-25,0,0,0.0,0.0,0.0,1236.03772526386,0.0,0.0,False,False,False
proxy_hardened_no_worst_hours_high_margin,2023-06-26,0,0,0.0,0.0,0.0,1236.03772526386,0.0,0.0,False,False,False
proxy_hardened_no_worst_hours_high_margin,2023-06-27,0,0,0.0,0.0,0.0,1236.03772526386,0.0,0.0,False,False,False
proxy_hardened_no_worst_hours_high_margin,2023-06-28,1,0,-4.286317574533841,0.0,4.286317574533841,1231.7514076893262,42.41576537676542,3.328901126427411,False,False,True
proxy_hardened_no_worst_hours_high_margin,2023-06-29,0,0,0.0,0.0,0.0,1231.7514076893262,0.0,0.0,False,False,False
proxy_hardened_no_worst_hours_high_margin,2023-06-30,0,0,0.0,0.0,0.0,1231.7514076893262,0.0,0.0,False,False,False
proxy_hardened_no_worst_hours_high_margin,2023-07-02,0,0,0.0,0.0,0.0,1231.7514076893262,0.0,0.0,False,False,False
proxy_hardened_no_worst_hours_high_margin,2023-07-03,1,0,-2.3549494484476146,0.0,2.3549494484476146,1229.3964582408787,44.77071482521296,3.5137237696588093,False,False,True
proxy_hardened_no_worst_hours_high_margin,2023-07-04,1,0,-2.073759108938548,0.0,2.073759108938548,1227.3226991319402,46.84447393415144,3.6764778534850535,False,False,True
proxy_hardened_no_worst_hours_high_margin,2023-07-05,0,0,0.0,0.0,0.0,1227.3226991319402,0.0,0.0,False,False,False
proxy_hardened_no_worst_hours_high_margin,2023-07-06,0,0,0.0,0.0,0.0,1227.3226991319402,0.0,0.0,False,False,False
proxy_hardened_no_worst_hours_high_margin,2023-07-07,1,0,-3.594829013661256,0.0,3.594829013661256,1223.727870118279,50.43930294781262,3.9586095148282645,False,False,True
proxy_hardened_no_worst_hours_high_margin,2023-07-09,0,0,0.0,0.0,0.0,1223.727870118279,0.0,0.0,False,False,False
proxy_hardened_no_worst_hours_high_margin,2023-07-10,0,0,0.0,0.0,0.0,1223.727870118279,0.0,0.0,False,False,False
proxy_hardened_no_worst_hours_high_margin,2023-07-11,1,0,3.3530722470974705,3.3530722470974705,0.0,1227.0809423653766,47.08623070071508,3.6954515620904864,False,True,False
proxy_hardened_no_worst_hours_high_margin,2023-07-12,1,0,4.699528068525224,4.699528068525224,0.0,1231.7804704339019,42.38670263218978,3.3266202055882945,False,True,False
proxy_hardened_no_worst_hours_high_margin,2023-07-13,0,0,0.0,0.0,0.0,1231.7804704339019,0.0,0.0,False,False,False
proxy_hardened_no_worst_hours_high_margin,2023-07-14,0,0,0.0,0.0,0.0,1231.7804704339019,0.0,0.0,False,False,False
proxy_hardened_no_worst_hours_high_margin,2023-07-16,0,0,0.0,0.0,0.0,1231.7804704339019,0.0,0.0,False,False,False
proxy_hardened_no_worst_hours_high_margin,2023-07-17,0,0,0.0,0.0,0.0,1231.7804704339019,0.0,0.0,False,False,False
proxy_hardened_no_worst_hours_high_margin,2023-07-18,1,0,-4.206922999953877,0.0,4.206922999953877,1227.573547433948,46.593625632143585,3.65679061720159,False,False,True
proxy_hardened_no_worst_hours_high_margin,2023-07-19,1,0,-3.120932069557357,0.0,3.120932069557357,1224.4526153643908,49.71455770170087,3.9017295966015406,False,False,True
proxy_hardened_no_worst_hours_high_margin,2023-07-20,0,0,0.0,0.0,0.0,1224.4526153643908,0.0,0.0,False,False,False
proxy_hardened_no_worst_hours_high_margin,2023-07-21,1,0,-4.37226760532697,0.0,4.37226760532697,1220.080347759064,54.086825307027766,4.244876688894437,False,False,True
proxy_hardened_no_worst_hours_high_margin,2023-07-23,0,0,0.0,0.0,0.0,1220.080347759064,0.0,0.0,False,False,False
proxy_hardened_no_worst_hours_high_margin,2023-07-24,0,0,0.0,0.0,0.0,1220.080347759064,0.0,0.0,False,False,False
proxy_hardened_no_worst_hours_high_margin,2023-07-25,1,0,-2.2036284808039728,0.0,2.2036284808039728,1217.87671927826,56.290453787831666,4.4178232635186445,False,False,True
proxy_hardened_no_worst_hours_high_margin,2023-07-26,2,0,-7.073140332418834,0.0,7.073140332418834,1210.8035789458413,63.363594120250355,4.972941970226356,False,False,True
proxy_hardened_no_worst_hours_high_margin,2023-07-27,0,0,0.0,0.0,0.0,1210.8035789458413,0.0,0.0,False,False,False
proxy_hardened_no_worst_hours_high_margin,2023-07-28,1,0,-3.2467880666441307,0.0,3.2467880666441307,1207.5567908791973,66.61038218689441,5.227758460187492,False,False,True
proxy_hardened_no_worst_hours_high_margin,2023-07-30,0,0,0.0,0.0,0.0,1207.5567908791973,0.0,0.0,False,False,False
proxy_hardened_no_worst_hours_high_margin,2023-07-31,0,0,0.0,0.0,0.0,1207.5567908791973,0.0,0.0,False,False,False
proxy_hardened_no_worst_hours_high_margin,2023-08-01,0,0,0.0,0.0,0.0,1207.5567908791973,0.0,0.0,False,False,False
proxy_hardened_no_worst_hours_high_margin,2023-08-02,1,0,7.083662803937768,7.083662803937768,0.0,1214.640453683135,59.52671938295657,4.6718139221648975,False,True,False
proxy_hardened_no_worst_hours_high_margin,2023-08-03,0,0,0.0,0.0,0.0,1214.640453683135,0.0,0.0,False,False,False
proxy_hardened_no_worst_hours_high_margin,2023-08-04,1,0,-2.1136047181481263,0.0,2.1136047181481263,1212.526848964987,61.640324101104625,4.837695194483504,False,False,True
proxy_hardened_no_worst_hours_high_margin,2023-08-06,0,0,0.0,0.0,0.0,1212.526848964987,0.0,0.0,False,False,False
proxy_hardened_no_worst_hours_high_margin,2023-08-07,0,0,0.0,0.0,0.0,1212.526848964987,0.0,0.0,False,False,False
proxy_hardened_no_worst_hours_high_margin,2023-08-08,2,0,-9.048951334834701,0.0,9.048951334834701,1203.4778976301525,70.68927543593918,5.547880759306965,False,False,True
proxy_hardened_no_worst_hours_high_margin,2023-08-09,1,0,-2.585634075069338,0.0,2.585634075069338,1200.8922635550832,73.27490951100845,5.750808140401499,False,False,True
proxy_hardened_no_worst_hours_high_margin,2023-08-10,1,0,-4.471138912476663,0.0,4.471138912476663,1196.4211246426066,77.74604842348504,6.101714913624785,False,False,True
proxy_hardened_no_worst_hours_high_margin,2023-08-11,0,0,0.0,0.0,0.0,1196.4211246426066,0.0,0.0,False,False,False
proxy_hardened_no_worst_hours_high_margin,2023-08-13,0,0,0.0,0.0,0.0,1196.4211246426066,0.0,0.0,False,False,False
proxy_hardened_no_worst_hours_high_margin,2023-08-14,0,0,0.0,0.0,0.0,1196.4211246426066,0.0,0.0,False,False,False
proxy_hardened_no_worst_hours_high_margin,2023-08-15,2,0,-0.2599202294451608,3.7046455866897485,3.9645658161349093,1196.1612044131616,78.00596865293005,6.122114138698176,False,False,True
proxy_hardened_no_worst_hours_high_margin,2023-08-16,0,0,0.0,0.0,0.0,1196.1612044131616,0.0,0.0,False,False,False
proxy_hardened_no_worst_hours_high_margin,2023-08-17,0,0,0.0,0.0,0.0,1196.1612044131616,0.0,0.0,False,False,False
proxy_hardened_no_worst_hours_high_margin,2023-08-18,0,0,0.0,0.0,0.0,1196.1612044131616,0.0,0.0,False,False,False
proxy_hardened_no_worst_hours_high_margin,2023-08-20,0,0,0.0,0.0,0.0,1196.1612044131616,0.0,0.0,False,False,False
proxy_hardened_no_worst_hours_high_margin,2023-08-21,0,0,0.0,0.0,0.0,1196.1612044131616,0.0,0.0,False,False,False
proxy_hardened_no_worst_hours_high_margin,2023-08-22,1,0,-3.6881413217666523,0.0,3.6881413217666523,1192.473063091395,81.69410997469663,6.411569196066481,False,False,True
proxy_hardened_no_worst_hours_high_margin,2023-08-23,2,0,10.515324689316312,10.515324689316312,0.0,1202.9883877807115,77.30471469825102,6.06707787897477,False,True,False
proxy_hardened_no_worst_hours_high_margin,2023-08-24,0,0,0.0,0.0,0.0,1202.9883877807115,0.0,0.0,False,False,False
proxy_hardened_no_worst_hours_high_margin,2023-08-25,0,0,0.0,0.0,0.0,1202.9883877807115,0.0,0.0,False,False,False
proxy_hardened_no_worst_hours_high_margin,2023-08-27,0,0,0.0,0.0,0.0,1202.9883877807115,0.0,0.0,False,False,False
proxy_hardened_no_worst_hours_high_margin,2023-08-28,0,0,0.0,0.0,0.0,1202.9883877807115,0.0,0.0,False,False,False
proxy_hardened_no_worst_hours_high_margin,2023-08-29,0,0,0.0,0.0,0.0,1202.9883877807115,0.0,0.0,False,False,False
proxy_hardened_no_worst_hours_high_margin,2023-08-30,2,1,0.8391194228371113,3.2010816010301095,2.3619621781929983,1203.8275072035487,70.33966586254292,5.520442477989845,True,True,False
proxy_hardened_no_worst_hours_high_margin,2023-08-31,0,0,0.0,0.0,0.0,1203.8275072035487,0.0,0.0,False,False,False
proxy_hardened_no_worst_hours_high_margin,2023-09-01,0,0,0.0,0.0,0.0,1203.8275072035487,0.0,0.0,False,False,False
proxy_hardened_no_worst_hours_high_margin,2023-09-03,0,0,0.0,0.0,0.0,1203.8275072035487,0.0,0.0,False,False,False
proxy_hardened_no_worst_hours_high_margin,2023-09-04,0,0,0.0,0.0,0.0,1203.8275072035487,0.0,0.0,False,False,False
proxy_hardened_no_worst_hours_high_margin,2023-09-05,2,0,4.105963301023021,7.125975572887837,3.0200122718648164,1207.933470504572,73.35967813440766,5.757461005519286,False,True,False
proxy_hardened_no_worst_hours_high_margin,2023-09-06,0,0,0.0,0.0,0.0,1207.933470504572,0.0,0.0,False,False,False
proxy_hardened_no_worst_hours_high_margin,2023-09-07,0,0,0.0,0.0,0.0,1207.933470504572,0.0,0.0,False,False,False
proxy_hardened_no_worst_hours_high_margin,2023-09-08,1,0,-2.376648765507598,0.0,2.376648765507598,1205.5568217390644,68.61035132702727,5.38472131266157,False,False,True
proxy_hardened_no_worst_hours_high_margin,2023-09-10,0,0,0.0,0.0,0.0,1205.5568217390644,0.0,0.0,False,False,False
proxy_hardened_no_worst_hours_high_margin,2023-09-11,0,0,0.0,0.0,0.0,1205.5568217390644,0.0,0.0,False,False,False
proxy_hardened_no_worst_hours_high_margin,2023-09-12,1,0,-3.275966619399087,0.0,3.275966619399087,1202.2808551196654,71.88631794642629,5.641827812393148,False,False,True
proxy_hardened_no_worst_hours_high_margin,2023-09-13,1,0,7.397336053917952,7.397336053917952,0.0,1209.6781911735834,64.48898189250826,5.061265370487079,False,True,False
proxy_hardened_no_worst_hours_high_margin,2023-09-14,1,0,-3.3251575174814025,0.0,3.3251575174814025,1206.353033656102,67.8141394099896,5.322232501627323,False,False,True
proxy_hardened_no_worst_hours_high_margin,2023-09-15,0,0,0.0,0.0,0.0,1206.353033656102,0.0,0.0,False,False,False
proxy_hardened_no_worst_hours_high_margin,2023-09-17,0,0,0.0,0.0,0.0,1206.353033656102,0.0,0.0,False,False,False
proxy_hardened_no_worst_hours_high_margin,2023-09-18,0,0,0.0,0.0,0.0,1206.353033656102,0.0,0.0,False,False,False
proxy_hardened_no_worst_hours_high_margin,2023-09-19,0,0,0.0,0.0,0.0,1206.353033656102,0.0,0.0,False,False,False
proxy_hardened_no_worst_hours_high_margin,2023-09-20,0,0,0.0,0.0,0.0,1206.353033656102,0.0,0.0,False,False,False
proxy_hardened_no_worst_hours_high_margin,2023-09-21,0,0,0.0,0.0,0.0,1206.353033656102,0.0,0.0,False,False,False
proxy_hardened_no_worst_hours_high_margin,2023-09-22,0,0,0.0,0.0,0.0,1206.353033656102,0.0,0.0,False,False,False
proxy_hardened_no_worst_hours_high_margin,2023-09-24,0,0,0.0,0.0,0.0,1206.353033656102,0.0,0.0,False,False,False
proxy_hardened_no_worst_hours_high_margin,2023-09-25,0,0,0.0,0.0,0.0,1206.353033656102,0.0,0.0,False,False,False
proxy_hardened_no_worst_hours_high_margin,2023-09-26,1,0,3.4904710802071985,3.4904710802071985,0.0,1209.8435047363093,64.32366832978232,5.048291126116292,False,True,False
proxy_hardened_no_worst_hours_high_margin,2023-09-27,0,0,0.0,0.0,0.0,1209.8435047363093,0.0,0.0,False,False,False
proxy_hardened_no_worst_hours_high_margin,2023-09-28,0,0,0.0,0.0,0.0,1209.8435047363093,0.0,0.0,False,False,False
proxy_hardened_no_worst_hours_high_margin,2023-09-29,0,0,0.0,0.0,0.0,1209.8435047363093,0.0,0.0,False,False,False
proxy_hardened_no_worst_hours_high_margin,2023-10-01,0,0,0.0,0.0,0.0,1209.8435047363093,0.0,0.0,False,False,False
proxy_hardened_no_worst_hours_high_margin,2023-10-02,2,0,4.944338433552129,9.712329811763238,4.767991378211109,1214.7878431698616,69.09165970799336,5.422495663715356,False,True,False
proxy_hardened_no_worst_hours_high_margin,2023-10-03,0,0,0.0,0.0,0.0,1214.7878431698616,0.0,0.0,False,False,False
proxy_hardened_no_worst_hours_high_margin,2023-10-04,1,0,-4.200136620475478,0.0,4.200136620475478,1210.5877065493862,63.57946651670545,4.9898842052029195,False,False,True
proxy_hardened_no_worst_hours_high_margin,2023-10-05,0,0,0.0,0.0,0.0,1210.5877065493862,0.0,0.0,False,False,False
proxy_hardened_no_worst_hours_high_margin,2023-10-06,0,0,0.0,0.0,0.0,1210.5877065493862,0.0,0.0,False,False,False
proxy_hardened_no_worst_hours_high_margin,2023-10-08,0,0,0.0,0.0,0.0,1210.5877065493862,0.0,0.0,False,False,False
proxy_hardened_no_worst_hours_high_margin,2023-10-09,1,0,6.804927996741908,6.804927996741908,0.0,1217.3926345461282,56.77453851996347,4.455815509933761,False,True,False
proxy_hardened_no_worst_hours_high_margin,2023-10-10,0,0,0.0,0.0,0.0,1217.3926345461282,0.0,0.0,False,False,False
proxy_hardened_no_worst_hours_high_margin,2023-10-11,1,0,6.213849456018734,6.213849456018734,0.0,1223.606484002147,50.560689063944665,3.968136217344069,False,True,False
proxy_hardened_no_worst_hours_high_margin,2023-10-12,0,0,0.0,0.0,0.0,1223.606484002147,0.0,0.0,False,False,False
proxy_hardened_no_worst_hours_high_margin,2023-10-13,0,0,0.0,0.0,0.0,1223.606484002147,0.0,0.0,False,False,False
proxy_hardened_no_worst_hours_high_margin,2023-10-15,0,0,0.0,0.0,0.0,1223.606484002147,0.0,0.0,False,False,False
proxy_hardened_no_worst_hours_high_margin,2023-10-16,2,0,-8.214071456280553,0.0,8.214071456280553,1215.3924125458666,58.77476052022507,4.612798207537591,False,False,True
proxy_hardened_no_worst_hours_high_margin,2023-10-17,1,0,-4.1056928734734175,0.0,4.1056928734734175,1211.2867196723932,62.88045339369842,4.935023811858695,False,False,True
proxy_hardened_no_worst_hours_high_margin,2023-10-18,1,0,-5.044290890763778,0.0,5.044290890763778,1206.2424287816295,67.92474428446212,5.330913063865195,False,False,True
proxy_hardened_no_worst_hours_high_margin,2023-10-19,2,0,13.19426754602463,13.19426754602463,0.0,1219.4366963276543,61.88126350507264,4.856604754316868,False,True,False
proxy_hardened_no_worst_hours_high_margin,2023-10-20,1,0,9.466023964367123,9.466023964367123,0.0,1228.9027202920215,45.26445277407015,3.5524736259801806,False,True,False
proxy_hardened_no_worst_hours_high_margin,2023-10-22,0,0,0.0,0.0,0.0,1228.9027202920215,0.0,0.0,False,False,False
proxy_hardened_no_worst_hours_high_margin,2023-10-23,0,0,0.0,0.0,0.0,1228.9027202920215,0.0,0.0,False,False,False
proxy_hardened_no_worst_hours_high_margin,2023-10-24,1,0,-4.010215909355638,0.0,4.010215909355638,1224.892504382666,49.274668683425716,3.867205946363666,False,False,True
proxy_hardened_no_worst_hours_high_margin,2023-10-25,1,0,-5.212633597276026,0.0,5.212633597276026,1219.67987078539,54.48730228070167,4.276307177933816,False,False,True
proxy_hardened_no_worst_hours_high_margin,2023-10-26,0,0,0.0,0.0,0.0,1219.67987078539,0.0,0.0,False,False,False
proxy_hardened_no_worst_hours_high_margin,2023-10-27,0,0,0.0,0.0,0.0,1219.67987078539,0.0,0.0,False,False,False
proxy_hardened_no_worst_hours_high_margin,2023-10-29,0,0,0.0,0.0,0.0,1219.67987078539,0.0,0.0,False,False,False
proxy_hardened_no_worst_hours_high_margin,2023-10-30,1,0,-4.232853340164484,0.0,4.232853340164484,1215.4470174452256,58.72015562086608,4.608512671030824,False,False,True
proxy_hardened_no_worst_hours_high_margin,2023-10-31,0,0,0.0,0.0,0.0,1215.4470174452256,0.0,0.0,False,False,False
proxy_hardened_no_worst_hours_high_margin,2023-11-01,1,0,-4.220582115019242,0.0,4.220582115019242,1211.2264353302064,62.94073773588525,4.939755086016525,False,False,True
proxy_hardened_no_worst_hours_high_margin,2023-11-02,1,0,-2.4307056447090236,0.0,2.4307056447090236,1208.7957296854975,65.3714433805942,5.130523275316193,False,False,True
proxy_hardened_no_worst_hours_high_margin,2023-11-03,0,0,0.0,0.0,0.0,1208.7957296854975,0.0,0.0,False,False,False
proxy_hardened_no_worst_hours_high_margin,2023-11-05,0,0,0.0,0.0,0.0,1208.7957296854975,0.0,0.0,False,False,False
proxy_hardened_no_worst_hours_high_margin,2023-11-06,0,0,0.0,0.0,0.0,1208.7957296854975,0.0,0.0,False,False,False
proxy_hardened_no_worst_hours_high_margin,2023-11-07,1,0,-3.879768662287761,0.0,3.879768662287761,1204.9159610232098,69.25121204288189,5.435017751731844,False,False,True
proxy_hardened_no_worst_hours_high_margin,2023-11-08,1,0,6.007629732764071,6.007629732764071,0.0,1210.923590755974,63.243582310117745,4.963523126869732,False,True,False
proxy_hardened_no_worst_hours_high_margin,2023-11-09,1,0,-2.472513035650154,0.0,2.472513035650154,1208.4510777203238,65.71609534576783,5.157572470465702,False,False,True
proxy_hardened_no_worst_hours_high_margin,2023-11-10,2,0,12.841867051301815,12.841867051301815,0.0,1221.2929447716258,61.20405781119075,4.80345586552135,False,True,False
proxy_hardened_no_worst_hours_high_margin,2023-11-12,0,0,0.0,0.0,0.0,1221.2929447716258,0.0,0.0,False,False,False
proxy_hardened_no_worst_hours_high_margin,2023-11-13,0,0,0.0,0.0,0.0,1221.2929447716258,0.0,0.0,False,False,False
proxy_hardened_no_worst_hours_high_margin,2023-11-14,1,0,4.903863152680669,4.903863152680669,0.0,1226.1968079243065,47.97036514178512,3.764840764681737,False,True,False
proxy_hardened_no_worst_hours_high_margin,2023-11-15,1,0,-2.3694404305952776,0.0,2.3694404305952776,1223.8273674937113,50.33980557238033,3.9508006984079773,False,False,True
proxy_hardened_no_worst_hours_high_margin,2023-11-16,2,0,3.445125619257933,5.491877579892543,2.0467519606346105,1227.2724931129694,52.386557533014866,4.111435190011567,False,True,False
proxy_hardened_no_worst_hours_high_margin,2023-11-17,1,0,-3.279503369611648,0.0,3.279503369611648,1223.9929897433578,50.174183322733825,3.9378022274735893,False,False,True
proxy_hardened_no_worst_hours_high_margin,2023-11-19,0,0,0.0,0.0,0.0,1223.9929897433578,0.0,0.0,False,False,False
proxy_hardened_no_worst_hours_high_margin,2023-11-20,1,0,5.253775083523733,5.253775083523733,0.0,1229.2467648268816,44.92040823921002,3.525472103563602,False,True,False
proxy_hardened_no_worst_hours_high_margin,2023-11-21,1,0,-3.75549049959689,0.0,3.75549049959689,1225.4912743272848,48.675898738806836,3.820212902022551,False,False,True
proxy_hardened_no_worst_hours_high_margin,2023-11-22,1,0,-2.8133130733939016,0.0,2.8133130733939016,1222.677961253891,51.489211812200665,4.041009131344957,False,False,True
proxy_hardened_no_worst_hours_high_margin,2023-11-23,0,0,0.0,0.0,0.0,1222.677961253891,0.0,0.0,False,False,False
proxy_hardened_no_worst_hours_high_margin,2023-11-24,1,0,6.270102170136324,6.270102170136324,0.0,1228.9480634240274,45.21910964206427,3.5489149774005933,False,True,False
proxy_hardened_no_worst_hours_high_margin,2023-11-26,0,0,0.0,0.0,0.0,1228.9480634240274,0.0,0.0,False,False,False
proxy_hardened_no_worst_hours_high_margin,2023-11-27,2,1,-6.34279064698686,0.0,6.34279064698686,1222.6052727770407,51.56190028905098,4.046713914703596,True,False,True
proxy_hardened_no_worst_hours_high_margin,2023-11-28,0,0,0.0,0.0,0.0,1222.6052727770407,0.0,0.0,False,False,False
proxy_hardened_no_worst_hours_high_margin,2023-11-29,0,0,0.0,0.0,0.0,1222.6052727770407,0.0,0.0,False,False,False
proxy_hardened_no_worst_hours_high_margin,2023-11-30,0,0,0.0,0.0,0.0,1222.6052727770407,0.0,0.0,False,False,False
proxy_hardened_no_worst_hours_high_margin,2023-12-01,1,0,-2.8309857742400073,0.0,2.8309857742400073,1219.7742870028007,54.392886063290916,4.2688971441951855,False,False,True
proxy_hardened_no_worst_hours_high_margin,2023-12-03,0,0,0.0,0.0,0.0,1219.7742870028007,0.0,0.0,False,False,False
proxy_hardened_no_worst_hours_high_margin,2023-12-04,0,0,0.0,0.0,0.0,1219.7742870028007,0.0,0.0,False,False,False
proxy_hardened_no_worst_hours_high_margin,2023-12-05,0,0,0.0,0.0,0.0,1219.7742870028007,0.0,0.0,False,False,False
proxy_hardened_no_worst_hours_high_margin,2023-12-06,0,0,0.0,0.0,0.0,1219.7742870028007,0.0,0.0,False,False,False
proxy_hardened_no_worst_hours_high_margin,2023-12-07,0,0,0.0,0.0,0.0,1219.7742870028007,0.0,0.0,False,False,False
proxy_hardened_no_worst_hours_high_margin,2023-12-08,0,0,0.0,0.0,0.0,1219.7742870028007,0.0,0.0,False,False,False
proxy_hardened_no_worst_hours_high_margin,2023-12-10,0,0,0.0,0.0,0.0,1219.7742870028007,0.0,0.0,False,False,False
proxy_hardened_no_worst_hours_high_margin,2023-12-11,1,0,6.2698172391234674,6.2698172391234674,0.0,1226.0441042419243,48.123068824167376,3.7768253523881365,False,True,False
proxy_hardened_no_worst_hours_high_margin,2023-12-12,1,0,9.94316756269147,9.94316756269147,0.0,1235.9872718046158,38.179901261475834,2.9964593397585064,False,True,False
proxy_hardened_no_worst_hours_high_margin,2023-12-13,0,0,0.0,0.0,0.0,1235.9872718046158,0.0,0.0,False,False,False
proxy_hardened_no_worst_hours_high_margin,2023-12-14,2,0,-10.605772128697172,0.0,10.605772128697172,1225.3814996759188,48.78567339017286,3.8288283061615433,False,False,True
proxy_hardened_no_worst_hours_high_margin,2023-12-15,0,0,0.0,0.0,0.0,1225.3814996759188,0.0,0.0,False,False,False
proxy_hardened_no_worst_hours_high_margin,2023-12-17,0,0,0.0,0.0,0.0,1225.3814996759188,0.0,0.0,False,False,False
proxy_hardened_no_worst_hours_high_margin,2023-12-18,1,0,-4.375568862091841,0.0,4.375568862091841,1221.005930813827,53.16124225226463,4.172234489791484,False,False,True
proxy_hardened_no_worst_hours_high_margin,2023-12-19,1,0,-3.7287487512799817,0.0,3.7287487512799817,1217.2771820625471,56.88999100354454,4.464876525318678,False,False,True
proxy_hardened_no_worst_hours_high_margin,2023-12-20,1,0,-3.5041881160182857,0.0,3.5041881160182857,1213.772993946529,60.39417911956275,4.739894449974978,False,False,True
proxy_hardened_no_worst_hours_high_margin,2023-12-21,1,0,8.285734306076774,8.285734306076774,0.0,1222.0587282526058,52.1084448134859,4.089608170338808,False,True,False
proxy_hardened_no_worst_hours_high_margin,2023-12-22,0,0,0.0,0.0,0.0,1222.0587282526058,0.0,0.0,False,False,False
proxy_hardened_no_worst_hours_high_margin,2023-12-25,0,0,0.0,0.0,0.0,1222.0587282526058,0.0,0.0,False,False,False
proxy_hardened_no_worst_hours_high_margin,2023-12-26,0,0,0.0,0.0,0.0,1222.0587282526058,0.0,0.0,False,False,False
proxy_hardened_no_worst_hours_high_margin,2023-12-27,1,0,7.833042062147269,7.833042062147269,0.0,1229.891770314753,44.27540275133856,3.474850371854775,False,True,False
proxy_hardened_no_worst_hours_high_margin,2023-12-28,0,0,0.0,0.0,0.0,1229.891770314753,0.0,0.0,False,False,False
proxy_hardened_no_worst_hours_high_margin,2023-12-29,0,0,0.0,0.0,0.0,1229.891770314753,0.0,0.0,False,False,False
proxy_hardened_no_worst_hours_high_margin,2024-01-01,0,0,0.0,0.0,0.0,1229.891770314753,0.0,0.0,False,False,False
proxy_hardened_no_worst_hours_high_margin,2024-01-02,1,0,-3.331246166774763,0.0,3.331246166774763,1226.5605241479784,47.60664891811325,3.736295356248663,False,False,True
proxy_hardened_no_worst_hours_high_margin,2024-01-03,0,0,0.0,0.0,0.0,1226.5605241479784,0.0,0.0,False,False,False
proxy_hardened_no_worst_hours_high_margin,2024-01-04,0,0,0.0,0.0,0.0,1226.5605241479784,0.0,0.0,False,False,False
proxy_hardened_no_worst_hours_high_margin,2024-01-05,0,0,0.0,0.0,0.0,1226.5605241479784,0.0,0.0,False,False,False
proxy_hardened_no_worst_hours_high_margin,2024-01-07,0,0,0.0,0.0,0.0,1226.5605241479784,0.0,0.0,False,False,False
proxy_hardened_no_worst_hours_high_margin,2024-01-08,1,0,-4.31162647332083,0.0,4.31162647332083,1222.2488976746577,51.91827539143401,4.074683172577777,False,False,True
proxy_hardened_no_worst_hours_high_margin,2024-01-09,0,0,0.0,0.0,0.0,1222.2488976746577,0.0,0.0,False,False,False
proxy_hardened_no_worst_hours_high_margin,2024-01-10,0,0,0.0,0.0,0.0,1222.2488976746577,0.0,0.0,False,False,False
proxy_hardened_no_worst_hours_high_margin,2024-01-11,0,0,0.0,0.0,0.0,1222.2488976746577,0.0,0.0,False,False,False
proxy_hardened_no_worst_hours_high_margin,2024-01-12,2,0,3.861195945531872,9.627210408833362,5.76601446330149,1226.1100936201897,57.684289854735425,4.527215193900096,False,True,False
proxy_hardened_no_worst_hours_high_margin,2024-01-14,0,0,0.0,0.0,0.0,1226.1100936201897,0.0,0.0,False,False,False
proxy_hardened_no_worst_hours_high_margin,2024-01-15,0,0,0.0,0.0,0.0,1226.1100936201897,0.0,0.0,False,False,False
proxy_hardened_no_worst_hours_high_margin,2024-01-16,1,0,10.288829664461828,10.288829664461828,0.0,1236.3989232846516,37.76824978144009,2.9641518459902305,False,True,False
proxy_hardened_no_worst_hours_high_margin,2024-01-17,1,0,9.27144846308367,9.27144846308367,0.0,1245.6703717477353,28.496801318356347,2.236504119768137,False,True,False
proxy_hardened_no_worst_hours_high_margin,2024-01-18,0,0,0.0,0.0,0.0,1245.6703717477353,0.0,0.0,False,False,False
proxy_hardened_no_worst_hours_high_margin,2024-01-19,0,0,0.0,0.0,0.0,1245.6703717477353,0.0,0.0,False,False,False
proxy_hardened_no_worst_hours_high_margin,2024-01-21,0,0,0.0,0.0,0.0,1245.6703717477353,0.0,0.0,False,False,False
proxy_hardened_no_worst_hours_high_margin,2024-01-22,2,0,-7.02046507651281,0.0,7.02046507651281,1238.6499066712227,35.51726639486901,2.7874887334761613,False,False,True
proxy_hardened_no_worst_hours_high_margin,2024-01-23,2,0,-6.4144831611153315,0.0,6.4144831611153315,1232.2354235101075,41.9317495559842,3.2909142883568214,False,False,True
proxy_hardened_no_worst_hours_high_margin,2024-01-24,2,0,2.223312850545053,5.86072750454643,3.637414654001377,1234.4587363606527,39.708436705439,3.1164228324833245,False,True,False
proxy_hardened_no_worst_hours_high_margin,2024-01-25,0,0,0.0,0.0,0.0,1234.4587363606527,0.0,0.0,False,False,False
proxy_hardened_no_worst_hours_high_margin,2024-01-26,0,0,0.0,0.0,0.0,1234.4587363606527,0.0,0.0,False,False,False
proxy_hardened_no_worst_hours_high_margin,2024-01-28,0,0,0.0,0.0,0.0,1234.4587363606527,0.0,0.0,False,False,False
proxy_hardened_no_worst_hours_high_margin,2024-01-29,0,0,0.0,0.0,0.0,1234.4587363606527,0.0,0.0,False,False,False
proxy_hardened_no_worst_hours_high_margin,2024-01-30,1,0,-2.4230105498912327,0.0,2.4230105498912327,1232.0357258107615,42.13144725533016,3.3065870904480423,False,False,True
proxy_hardened_no_worst_hours_high_margin,2024-01-31,2,0,-1.3857684893636453,4.046396060253683,5.432164549617328,1230.649957321398,43.51721574469366,3.415345856068166,False,False,True
proxy_hardened_no_worst_hours_high_margin,2024-02-01,1,0,-6.538397285057345,0.0,6.538397285057345,1224.1115600363407,50.05561302975093,3.9284965181844727,False,False,True
proxy_hardened_no_worst_hours_high_margin,2024-02-02,0,0,0.0,0.0,0.0,1224.1115600363407,0.0,0.0,False,False,False
proxy_hardened_no_worst_hours_high_margin,2024-02-04,0,0,0.0,0.0,0.0,1224.1115600363407,0.0,0.0,False,False,False
proxy_hardened_no_worst_hours_high_margin,2024-02-05,1,0,-4.344075304543894,0.0,4.344075304543894,1219.767484731797,54.39968833429475,4.269431004362644,False,False,True
proxy_hardened_no_worst_hours_high_margin,2024-02-06,1,0,-2.506034745764355,0.0,2.506034745764355,1217.2614499860326,56.90572308005903,4.466111220172466,False,False,True
proxy_hardened_no_worst_hours_high_margin,2024-02-07,1,0,-4.081366392840737,0.0,4.081366392840737,1213.180083593192,60.9870894728997,4.786427618139262,False,False,True
proxy_hardened_no_worst_hours_high_margin,2024-02-08,0,0,0.0,0.0,0.0,1213.180083593192,0.0,0.0,False,False,False
proxy_hardened_no_worst_hours_high_margin,2024-02-09,0,0,0.0,0.0,0.0,1213.180083593192,0.0,0.0,False,False,False
proxy_hardened_no_worst_hours_high_margin,2024-02-11,0,0,0.0,0.0,0.0,1213.180083593192,0.0,0.0,False,False,False
proxy_hardened_no_worst_hours_high_margin,2024-02-12,0,0,0.0,0.0,0.0,1213.180083593192,0.0,0.0,False,False,False
proxy_hardened_no_worst_hours_high_margin,2024-02-13,0,0,0.0,0.0,0.0,1213.180083593192,0.0,0.0,False,False,False
proxy_hardened_no_worst_hours_high_margin,2024-02-14,2,0,1.9493424483019588,5.792110665546415,3.8427682172444566,1215.129426041494,59.03774702459759,4.633438081953731,False,True,False
proxy_hardened_no_worst_hours_high_margin,2024-02-15,0,0,0.0,0.0,0.0,1215.129426041494,0.0,0.0,False,False,False
proxy_hardened_no_worst_hours_high_margin,2024-02-16,0,0,0.0,0.0,0.0,1215.129426041494,0.0,0.0,False,False,False
proxy_hardened_no_worst_hours_high_margin,2024-02-18,0,0,0.0,0.0,0.0,1215.129426041494,0.0,0.0,False,False,False
proxy_hardened_no_worst_hours_high_margin,2024-02-19,0,0,0.0,0.0,0.0,1215.129426041494,0.0,0.0,False,False,False
proxy_hardened_no_worst_hours_high_margin,2024-02-20,1,0,-2.899268715330509,0.0,2.899268715330509,1212.2301573261636,61.93701573992803,4.860980336739167,False,False,True
proxy_hardened_no_worst_hours_high_margin,2024-02-21,1,0,-2.3642911780087434,0.0,2.3642911780087434,1209.865866148155,64.3013069179367,5.046536143542709,False,False,True
proxy_hardened_no_worst_hours_high_margin,2024-02-22,0,0,0.0,0.0,0.0,1209.865866148155,0.0,0.0,False,False,False
proxy_hardened_no_worst_hours_high_margin,2024-02-23,2,0,3.4088928414197106,5.7510734344968295,2.342180593077119,1213.2747589895748,60.89241407651684,4.778997243351389,False,True,False
proxy_hardened_no_worst_hours_high_margin,2024-02-25,0,0,0.0,0.0,0.0,1213.2747589895748,0.0,0.0,False,False,False
proxy_hardened_no_worst_hours_high_margin,2024-02-26,1,0,-2.2985726320515187,0.0,2.2985726320515187,1210.9761863575234,63.19098670856829,4.959395285354015,False,False,True
proxy_hardened_no_worst_hours_high_margin,2024-02-27,2,0,-4.440469387024368,0.0,4.440469387024368,1206.5357169704992,67.63145609559251,5.307895033337547,False,False,True
proxy_hardened_no_worst_hours_high_margin,2024-02-28,1,0,5.221265300526438,5.221265300526438,0.0,1211.7569822710257,62.410190795066,4.898116362932601,False,True,False
proxy_hardened_no_worst_hours_high_margin,2024-02-29,0,0,0.0,0.0,0.0,1211.7569822710257,0.0,0.0,False,False,False
proxy_hardened_no_worst_hours_high_margin,2024-03-01,2,0,5.964382182661975,9.00538498687767,3.0410028042156956,1217.7213644536878,65.45119359928162,5.136782282797568,False,True,False
proxy_hardened_no_worst_hours_high_margin,2024-03-03,0,0,0.0,0.0,0.0,1217.7213644536878,0.0,0.0,False,False,False
proxy_hardened_no_worst_hours_high_margin,2024-03-04,1,0,-2.424614175858169,0.0,2.424614175858169,1215.2967502778297,58.870422788261976,4.62030603461547,False,False,True
proxy_hardened_no_worst_hours_high_margin,2024-03-05,2,0,-12.792255585837811,0.0,12.792255585837811,1202.504494691992,71.66267837409964,5.6242759889704415,False,False,True
proxy_hardened_no_worst_hours_high_margin,2024-03-06,2,0,17.57225095770931,17.57225095770931,0.0,1220.0767456497015,65.8461605685086,5.167780332156864,False,True,False
proxy_hardened_no_worst_hours_high_margin,2024-03-07,1,0,-4.06757105037339,0.0,4.06757105037339,1216.0091745993282,58.1579984667635,4.564393095045372,False,False,True
proxy_hardened_no_worst_hours_high_margin,2024-03-08,2,2,9.343999990907232,15.71971815760382,6.375718166696588,1225.3531745902355,64.53371663346002,5.064776270932278,True,True,False
proxy_hardened_no_worst_hours_high_margin,2024-03-10,0,0,0.0,0.0,0.0,1225.3531745902355,0.0,0.0,False,False,False
proxy_hardened_no_worst_hours_high_margin,2024-03-11,0,0,0.0,0.0,0.0,1225.3531745902355,0.0,0.0,False,False,False
proxy_hardened_no_worst_hours_high_margin,2024-03-12,0,0,0.0,0.0,0.0,1225.3531745902355,0.0,0.0,False,False,False
proxy_hardened_no_worst_hours_high_margin,2024-03-13,0,0,0.0,0.0,0.0,1225.3531745902355,0.0,0.0,False,False,False
proxy_hardened_no_worst_hours_high_margin,2024-03-14,0,0,0.0,0.0,0.0,1225.3531745902355,0.0,0.0,False,False,False
proxy_hardened_no_worst_hours_high_margin,2024-03-15,1,0,-3.1652266377278284,0.0,3.1652266377278284,1222.1879479525078,51.97922511358388,4.07946666750986,False,False,True
proxy_hardened_no_worst_hours_high_margin,2024-03-17,0,0,0.0,0.0,0.0,1222.1879479525078,0.0,0.0,False,False,False
proxy_hardened_no_worst_hours_high_margin,2024-03-18,1,0,-3.767140854655354,0.0,3.767140854655354,1218.4208070978525,55.74636596823916,4.375121816558334,False,False,True
proxy_hardened_no_worst_hours_high_margin,2024-03-19,2,0,-7.784537150145898,0.0,7.784537150145898,1210.6362699477068,63.53090311838491,4.986072821630411,False,False,True
proxy_hardened_no_worst_hours_high_margin,2024-03-20,2,0,5.403716670173562,8.748179419216212,3.34446274904265,1216.0399866178805,66.87536586742749,5.248555078255703,False,True,False
proxy_hardened_no_worst_hours_high_margin,2024-03-21,0,0,0.0,0.0,0.0,1216.0399866178805,0.0,0.0,False,False,False
proxy_hardened_no_worst_hours_high_margin,2024-03-22,0,0,0.0,0.0,0.0,1216.0399866178805,0.0,0.0,False,False,False
proxy_hardened_no_worst_hours_high_margin,2024-03-24,0,0,0.0,0.0,0.0,1216.0399866178805,0.0,0.0,False,False,False
proxy_hardened_no_worst_hours_high_margin,2024-03-25,1,0,-4.157821468580169,0.0,4.157821468580169,1211.8821651493004,62.2850079167913,4.888291680510949,False,False,True
proxy_hardened_no_worst_hours_high_margin,2024-03-26,0,0,0.0,0.0,0.0,1211.8821651493004,0.0,0.0,False,False,False
proxy_hardened_no_worst_hours_high_margin,2024-03-27,0,0,0.0,0.0,0.0,1211.8821651493004,0.0,0.0,False,False,False
proxy_hardened_no_worst_hours_high_margin,2024-03-28,1,0,13.042053249562668,13.042053249562668,0.0,1224.924218398863,49.24295466722856,3.8647169467357094,False,True,False
proxy_hardened_no_worst_hours_high_margin,2024-03-31,0,0,0.0,0.0,0.0,1224.924218398863,0.0,0.0,False,False,False
proxy_hardened_no_worst_hours_high_margin,2024-04-01,0,0,0.0,0.0,0.0,1224.924218398863,0.0,0.0,False,False,False
proxy_hardened_no_worst_hours_high_margin,2024-04-02,1,0,-4.633037964448322,0.0,4.633037964448322,1220.2911804344149,53.87599263167681,4.2283299845209745,False,False,True
proxy_hardened_no_worst_hours_high_margin,2024-04-03,1,0,12.15338443172588,12.15338443172588,0.0,1232.4445648661408,41.722608199950855,3.2745003231837844,False,True,False
proxy_hardened_no_worst_hours_high_margin,2024-04-04,1,0,-7.156957139085607,0.0,7.156957139085607,1225.2876077270553,48.87956533903639,3.8361971939219774,False,False,True
proxy_hardened_no_worst_hours_high_margin,2024-04-05,0,0,0.0,0.0,0.0,1225.2876077270553,0.0,0.0,False,False,False
proxy_hardened_no_worst_hours_high_margin,2024-04-07,0,0,0.0,0.0,0.0,1225.2876077270553,0.0,0.0,False,False,False
proxy_hardened_no_worst_hours_high_margin,2024-04-08,2,0,5.742690334187355,11.991392236850443,6.248701902663088,1231.0302980612428,55.128267241699405,4.326611798437839,False,True,False
proxy_hardened_no_worst_hours_high_margin,2024-04-09,2,0,-11.795285693411333,0.0,11.795285693411333,1219.2350123678316,54.93216069826008,4.311220839732834,False,False,True
proxy_hardened_no_worst_hours_high_margin,2024-04-10,0,0,0.0,0.0,0.0,1219.2350123678316,0.0,0.0,False,False,False
proxy_hardened_no_worst_hours_high_margin,2024-04-11,1,0,-6.515655222146124,0.0,6.515655222146124,1212.7193571456855,61.44781592040613,4.822586644776069,False,False,True
proxy_hardened_no_worst_hours_high_margin,2024-04-12,1,0,11.572535166356756,11.572535166356756,0.0,1224.2918923120424,49.8752807540493,3.9143435656117194,False,True,False
proxy_hardened_no_worst_hours_high_margin,2024-04-14,0,0,0.0,0.0,0.0,1224.2918923120424,0.0,0.0,False,False,False
proxy_hardened_no_worst_hours_high_margin,2024-04-15,0,0,0.0,0.0,0.0,1224.2918923120424,0.0,0.0,False,False,False
proxy_hardened_no_worst_hours_high_margin,2024-04-16,0,0,0.0,0.0,0.0,1224.2918923120424,0.0,0.0,False,False,False
proxy_hardened_no_worst_hours_high_margin,2024-04-17,0,0,0.0,0.0,0.0,1224.2918923120424,0.0,0.0,False,False,False
proxy_hardened_no_worst_hours_high_margin,2024-04-18,0,0,0.0,0.0,0.0,1224.2918923120424,0.0,0.0,False,False,False
proxy_hardened_no_worst_hours_high_margin,2024-04-19,1,0,-8.302879869734243,0.0,8.302879869734243,1215.9890124423082,58.17816062378347,4.565975474300322,False,False,True
proxy_hardened_no_worst_hours_high_margin,2024-04-21,0,0,0.0,0.0,0.0,1215.9890124423082,0.0,0.0,False,False,False
proxy_hardened_no_worst_hours_high_margin,2024-04-22,0,0,0.0,0.0,0.0,1215.9890124423082,0.0,0.0,False,False,False
proxy_hardened_no_worst_hours_high_margin,2024-04-23,1,0,-7.168847940159667,0.0,7.168847940159667,1208.8201645021486,65.34700856394306,5.128605566465452,False,False,True
proxy_hardened_no_worst_hours_high_margin,2024-04-24,1,0,-4.635409320896615,0.0,4.635409320896615,1204.184755181252,69.9824178848396,5.492404714558565,False,False,True
proxy_hardened_no_worst_hours_high_margin,2024-04-25,0,0,0.0,0.0,0.0,1204.184755181252,0.0,0.0,False,False,False
proxy_hardened_no_worst_hours_high_margin,2024-04-26,1,0,-5.640909569940122,0.0,5.640909569940122,1198.543845611312,75.62332745477966,5.93511817392089,False,False,True
proxy_hardened_no_worst_hours_high_margin,2024-04-28,0,0,0.0,0.0,0.0,1198.543845611312,0.0,0.0,False,False,False
proxy_hardened_no_worst_hours_high_margin,2024-04-29,0,0,0.0,0.0,0.0,1198.543845611312,0.0,0.0,False,False,False
proxy_hardened_no_worst_hours_high_margin,2024-04-30,1,0,11.67179233529434,11.67179233529434,0.0,1210.2156379466064,63.95153511948524,5.019085130375435,False,True,False
proxy_hardened_no_worst_hours_high_margin,2024-05-01,0,0,0.0,0.0,0.0,1210.2156379466064,0.0,0.0,False,False,False
proxy_hardened_no_worst_hours_high_margin,2024-05-02,1,0,-8.129432927122325,0.0,8.129432927122325,1202.0862050194842,72.0809680466075,5.657104465590295,False,False,True
proxy_hardened_no_worst_hours_high_margin,2024-05-03,0,0,0.0,0.0,0.0,1202.0862050194842,0.0,0.0,False,False,False
proxy_hardened_no_worst_hours_high_margin,2024-05-05,0,0,0.0,0.0,0.0,1202.0862050194842,0.0,0.0,False,False,False
proxy_hardened_no_worst_hours_high_margin,2024-05-06,1,0,-6.728080560340077,0.0,6.728080560340077,1195.3581244591442,78.8090486069475,6.185141971387112,False,False,True
proxy_hardened_no_worst_hours_high_margin,2024-05-07,0,0,0.0,0.0,0.0,1195.3581244591442,0.0,0.0,False,False,False
proxy_hardened_no_worst_hours_high_margin,2024-05-08,0,0,0.0,0.0,0.0,1195.3581244591442,0.0,0.0,False,False,False
proxy_hardened_no_worst_hours_high_margin,2024-05-09,0,0,0.0,0.0,0.0,1195.3581244591442,0.0,0.0,False,False,False
proxy_hardened_no_worst_hours_high_margin,2024-05-10,1,0,-5.661538374632146,0.0,5.661538374632146,1189.696586084512,84.47058698157957,6.629474433744342,False,False,True
proxy_hardened_no_worst_hours_high_margin,2024-05-12,0,0,0.0,0.0,0.0,1189.696586084512,0.0,0.0,False,False,False
proxy_hardened_no_worst_hours_high_margin,2024-05-13,0,0,0.0,0.0,0.0,1189.696586084512,0.0,0.0,False,False,False
proxy_hardened_no_worst_hours_high_margin,2024-05-14,1,0,-3.781481339615839,0.0,3.781481339615839,1185.9151047448963,88.25206832119534,6.926255061871513,False,False,True
proxy_hardened_no_worst_hours_high_margin,2024-05-15,1,0,16.87543038502001,16.87543038502001,0.0,1202.7905351299164,71.37663793617526,5.601826781050882,False,True,False
proxy_hardened_no_worst_hours_high_margin,2024-05-16,0,0,0.0,0.0,0.0,1202.7905351299164,0.0,0.0,False,False,False
proxy_hardened_no_worst_hours_high_margin,2024-05-17,1,0,7.192659363530693,7.192659363530693,0.0,1209.9831944934472,64.18397857264449,5.037327905583645,False,True,False
proxy_hardened_no_worst_hours_high_margin,2024-05-19,0,0,0.0,0.0,0.0,1209.9831944934472,0.0,0.0,False,False,False
proxy_hardened_no_worst_hours_high_margin,2024-05-20,2,0,-13.240514689327629,0.0,13.240514689327629,1196.7426798041197,77.42449326197197,6.076478416537885,False,False,True
proxy_hardened_no_worst_hours_high_margin,2024-05-21,1,0,-6.037785187765694,0.0,6.037785187765694,1190.704894616354,83.4622784497376,6.55033972103505,False,False,True
proxy_hardened_no_worst_hours_high_margin,2024-05-22,0,0,0.0,0.0,0.0,1190.704894616354,0.0,0.0,False,False,False
proxy_hardened_no_worst_hours_high_margin,2024-05-23,1,0,15.876312129231264,15.876312129231264,0.0,1206.5812067455854,67.58596632050626,5.3043248758222825,False,True,False
proxy_hardened_no_worst_hours_high_margin,2024-05-24,0,0,0.0,0.0,0.0,1206.5812067455854,0.0,0.0,False,False,False
proxy_hardened_no_worst_hours_high_margin,2024-05-26,0,0,0.0,0.0,0.0,1206.5812067455854,0.0,0.0,False,False,False
proxy_hardened_no_worst_hours_high_margin,2024-05-27,0,0,0.0,0.0,0.0,1206.5812067455854,0.0,0.0,False,False,False
proxy_hardened_no_worst_hours_high_margin,2024-05-28,1,0,-3.5055750586644354,0.0,3.5055750586644354,1203.075631686921,71.09154137917062,5.579451651395124,False,False,True
proxy_hardened_no_worst_hours_high_margin,2024-05-29,1,0,11.327539906561396,11.327539906561396,0.0,1214.4031715934825,59.76400147260915,4.690436446325648,False,True,False
proxy_hardened_no_worst_hours_high_margin,2024-05-30,0,0,0.0,0.0,0.0,1214.4031715934825,0.0,0.0,False,False,False
proxy_hardened_no_worst_hours_high_margin,2024-05-31,0,0,0.0,0.0,0.0,1214.4031715934825,0.0,0.0,False,False,False
proxy_hardened_no_worst_hours_high_margin,2024-06-02,0,0,0.0,0.0,0.0,1214.4031715934825,0.0,0.0,False,False,False
proxy_hardened_no_worst_hours_high_margin,2024-06-03,0,0,0.0,0.0,0.0,1214.4031715934825,0.0,0.0,False,False,False
proxy_hardened_no_worst_hours_high_margin,2024-06-04,1,0,-6.9251762833910835,0.0,6.9251762833910835,1207.4779953100915,66.68917775600016,5.233942544252077,False,False,True
proxy_hardened_no_worst_hours_high_margin,2024-06-05,0,0,0.0,0.0,0.0,1207.4779953100915,0.0,0.0,False,False,False
proxy_hardened_no_worst_hours_high_margin,2024-06-06,2,0,23.383787975552732,23.383787975552732,0.0,1230.8617832856444,54.65110178990676,4.289162595391397,False,True,False
proxy_hardened_no_worst_hours_high_margin,2024-06-07,0,0,0.0,0.0,0.0,1230.8617832856444,0.0,0.0,False,False,False
proxy_hardened_no_worst_hours_high_margin,2024-06-09,0,0,0.0,0.0,0.0,1230.8617832856444,0.0,0.0,False,False,False
proxy_hardened_no_worst_hours_high_margin,2024-06-10,0,0,0.0,0.0,0.0,1230.8617832856444,0.0,0.0,False,False,False
proxy_hardened_no_worst_hours_high_margin,2024-06-11,0,0,0.0,0.0,0.0,1230.8617832856444,0.0,0.0,False,False,False
proxy_hardened_no_worst_hours_high_margin,2024-06-12,0,0,0.0,0.0,0.0,1230.8617832856444,0.0,0.0,False,False,False
proxy_hardened_no_worst_hours_high_margin,2024-06-13,1,0,-8.479024001673752,0.0,8.479024001673752,1222.3827592839707,51.784413782120964,4.0641773604565214,False,False,True
proxy_hardened_no_worst_hours_high_margin,2024-06-14,1,0,-6.384488902965204,0.0,6.384488902965204,1215.9982703810056,58.168902685086096,4.56524888685614,False,False,True
proxy_hardened_no_worst_hours_high_margin,2024-06-16,0,0,0.0,0.0,0.0,1215.9982703810056,0.0,0.0,False,False,False
proxy_hardened_no_worst_hours_high_margin,2024-06-17,0,0,0.0,0.0,0.0,1215.9982703810056,0.0,0.0,False,False,False
proxy_hardened_no_worst_hours_high_margin,2024-06-18,1,0,10.749270316768088,10.749270316768088,0.0,1226.7475406977737,47.419632368317934,3.7216178042171437,False,True,False
proxy_hardened_no_worst_hours_high_margin,2024-06-19,0,0,0.0,0.0,0.0,1226.7475406977737,0.0,0.0,False,False,False
proxy_hardened_no_worst_hours_high_margin,2024-06-20,2,0,6.0314290319455175,9.656717347851481,3.625288315905964,1232.7789697297194,51.044920684223825,4.006139991928367,False,True,False
proxy_hardened_no_worst_hours_high_margin,2024-06-21,1,0,-3.4644420353993883,0.0,3.4644420353993883,1229.31452769432,44.85264537177159,3.5201538950215174,False,False,True
proxy_hardened_no_worst_hours_high_margin,2024-06-23,0,0,0.0,0.0,0.0,1229.31452769432,0.0,0.0,False,False,False
proxy_hardened_no_worst_hours_high_margin,2024-06-24,1,0,-4.318316203006889,0.0,4.318316203006889,1224.9962114913133,49.1709615747784,3.859066738978676,False,False,True
proxy_hardened_no_worst_hours_high_margin,2024-06-25,1,0,9.584347937954062,9.584347937954062,0.0,1234.5805594292674,39.58661363682427,3.1068618367843395,False,True,False
proxy_hardened_no_worst_hours_high_margin,2024-06-26,1,0,7.620968608282892,7.620968608282892,0.0,1242.2015280375504,31.965645028541303,2.5087481222437074,False,True,False
proxy_hardened_no_worst_hours_high_margin,2024-06-27,1,0,-4.288199609161056,0.0,4.288199609161056,1237.9133284283894,36.25384463770229,2.8452973364917935,False,False,True
proxy_hardened_no_worst_hours_high_margin,2024-06-28,1,0,-5.242656671165223,0.0,5.242656671165223,1232.6706717572242,41.49650130886744,3.256754858078187,False,False,True
proxy_hardened_no_worst_hours_high_margin,2024-06-30,0,0,0.0,0.0,0.0,1232.6706717572242,0.0,0.0,False,False,False
proxy_hardened_no_worst_hours_high_margin,2024-07-01,0,0,0.0,0.0,0.0,1232.6706717572242,0.0,0.0,False,False,False
proxy_hardened_no_worst_hours_high_margin,2024-07-02,0,0,0.0,0.0,0.0,1232.6706717572242,0.0,0.0,False,False,False
proxy_hardened_no_worst_hours_high_margin,2024-07-03,1,0,-5.289990049466796,0.0,5.289990049466796,1227.3806817077575,46.78649135833416,3.6719272280221684,False,False,True
proxy_hardened_no_worst_hours_high_margin,2024-07-04,0,0,0.0,0.0,0.0,1227.3806817077575,0.0,0.0,False,False,False
proxy_hardened_no_worst_hours_high_margin,2024-07-05,1,0,-3.0703638593932556,0.0,3.0703638593932556,1224.3103178483643,49.85685521772734,3.9128974809289994,False,False,True
proxy_hardened_no_worst_hours_high_margin,2024-07-07,0,0,0.0,0.0,0.0,1224.3103178483643,0.0,0.0,False,False,False
proxy_hardened_no_worst_hours_high_margin,2024-07-08,0,0,0.0,0.0,0.0,1224.3103178483643,0.0,0.0,False,False,False
proxy_hardened_no_worst_hours_high_margin,2024-07-09,0,0,0.0,0.0,0.0,1224.3103178483643,0.0,0.0,False,False,False
proxy_hardened_no_worst_hours_high_margin,2024-07-10,1,0,-4.941813081943637,0.0,4.941813081943637,1219.3685047664208,54.79866829967091,4.300744004242878,False,False,True
proxy_hardened_no_worst_hours_high_margin,2024-07-11,1,0,-3.178598087305163,0.0,3.178598087305163,1216.1899066791157,57.977266386976,4.550208764793589,False,False,True
proxy_hardened_no_worst_hours_high_margin,2024-07-12,1,0,-3.7078640128743974,0.0,3.7078640128743974,1212.4820426662413,61.68513039985032,4.841211710973084,False,False,True
proxy_hardened_no_worst_hours_high_margin,2024-07-14,0,0,0.0,0.0,0.0,1212.4820426662413,0.0,0.0,False,False,False
proxy_hardened_no_worst_hours_high_margin,2024-07-15,0,0,0.0,0.0,0.0,1212.4820426662413,0.0,0.0,False,False,False
proxy_hardened_no_worst_hours_high_margin,2024-07-16,0,0,0.0,0.0,0.0,1212.4820426662413,0.0,0.0,False,False,False
proxy_hardened_no_worst_hours_high_margin,2024-07-17,2,0,-11.747227663963859,0.0,11.747227663963859,1200.7348150022776,73.43235806381404,5.763165118051983,False,False,True
proxy_hardened_no_worst_hours_high_margin,2024-07-18,0,0,0.0,0.0,0.0,1200.7348150022776,0.0,0.0,False,False,False
proxy_hardened_no_worst_hours_high_margin,2024-07-19,1,0,-7.422670673502653,0.0,7.422670673502653,1193.312144328775,80.85502873731662,6.345715887715986,False,False,True
proxy_hardened_no_worst_hours_high_margin,2024-07-21,0,0,0.0,0.0,0.0,1193.312144328775,0.0,0.0,False,False,False
proxy_hardened_no_worst_hours_high_margin,2024-07-22,1,0,11.432151598120909,11.432151598120909,0.0,1204.744295926896,69.42287713919563,5.448490481208986,False,True,False
proxy_hardened_no_worst_hours_high_margin,2024-07-23,0,0,0.0,0.0,0.0,1204.744295926896,0.0,0.0,False,False,False
proxy_hardened_no_worst_hours_high_margin,2024-07-24,2,0,2.1004351109152957,9.244271606509228,7.143836495593932,1206.8447310378115,67.3224420282802,5.2836427943971325,False,True,False
proxy_hardened_no_worst_hours_high_margin,2024-07-25,1,0,16.959628864959015,16.959628864959015,0.0,1223.8043599027706,50.36281316332111,3.9526063948210637,False,True,False
proxy_hardened_no_worst_hours_high_margin,2024-07-26,0,0,0.0,0.0,0.0,1223.8043599027706,0.0,0.0,False,False,False
proxy_hardened_no_worst_hours_high_margin,2024-07-28,0,0,0.0,0.0,0.0,1223.8043599027706,0.0,0.0,False,False,False
proxy_hardened_no_worst_hours_high_margin,2024-07-29,0,0,0.0,0.0,0.0,1223.8043599027706,0.0,0.0,False,False,False
proxy_hardened_no_worst_hours_high_margin,2024-07-30,0,0,0.0,0.0,0.0,1223.8043599027706,0.0,0.0,False,False,False
proxy_hardened_no_worst_hours_high_margin,2024-07-31,2,0,19.180426348147503,19.180426348147503,0.0,1242.9847862509182,41.68278784993959,3.2713751170999195,False,True,False
proxy_hardened_no_worst_hours_high_margin,2024-08-01,2,0,-13.763452505641599,0.0,13.763452505641599,1229.2213337452768,44.94583932081491,3.5274680019152833,False,False,True
proxy_hardened_no_worst_hours_high_margin,2024-08-02,1,0,-8.568687256234698,0.0,8.568687256234698,1220.6526464890421,53.51452657704954,4.199961175288709,False,False,True
proxy_hardened_no_worst_hours_high_margin,2024-08-04,0,0,0.0,0.0,0.0,1220.6526464890421,0.0,0.0,False,False,False
proxy_hardened_no_worst_hours_high_margin,2024-08-05,1,0,-13.210587901620402,0.0,13.210587901620402,1207.4420585874218,66.72511447866987,5.2367629530202,False,False,True
proxy_hardened_no_worst_hours_high_margin,2024-08-06,0,0,0.0,0.0,0.0,1207.4420585874218,0.0,0.0,False,False,False
proxy_hardened_no_worst_hours_high_margin,2024-08-07,0,0,0.0,0.0,0.0,1207.4420585874218,0.0,0.0,False,False,False
proxy_hardened_no_worst_hours_high_margin,2024-08-08,2,0,27.248319252713685,27.248319252713685,0.0,1234.6903778401356,55.547947573669035,4.359549417679727,False,True,False
proxy_hardened_no_worst_hours_high_margin,2024-08-09,2,0,-9.914426013265857,0.0,9.914426013265857,1224.77595182687,49.39122123922175,3.876353298317144,False,False,True
proxy_hardened_no_worst_hours_high_margin,2024-08-11,0,0,0.0,0.0,0.0,1224.77595182687,0.0,0.0,False,False,False
proxy_hardened_no_worst_hours_high_margin,2024-08-12,0,0,0.0,0.0,0.0,1224.77595182687,0.0,0.0,False,False,False
proxy_hardened_no_worst_hours_high_margin,2024-08-13,1,0,-6.36477737017829,0.0,6.36477737017829,1218.4111744566917,55.75599860939997,4.375877811640017,False,False,True
proxy_hardened_no_worst_hours_high_margin,2024-08-14,0,0,0.0,0.0,0.0,1218.4111744566917,0.0,0.0,False,False,False
proxy_hardened_no_worst_hours_high_margin,2024-08-15,0,0,0.0,0.0,0.0,1218.4111744566917,0.0,0.0,False,False,False
proxy_hardened_no_worst_hours_high_margin,2024-08-16,0,0,0.0,0.0,0.0,1218.4111744566917,0.0,0.0,False,False,False
proxy_hardened_no_worst_hours_high_margin,2024-08-18,0,0,0.0,0.0,0.0,1218.4111744566917,0.0,0.0,False,False,False
proxy_hardened_no_worst_hours_high_margin,2024-08-19,1,0,12.92815879833317,12.92815879833317,0.0,1231.339333255025,42.827839811066724,3.3612418147618706,False,True,False
proxy_hardened_no_worst_hours_high_margin,2024-08-20,2,0,-11.582568343192325,0.0,11.582568343192325,1219.7567649118328,54.4104081542589,4.270272324103943,False,False,True
proxy_hardened_no_worst_hours_high_margin,2024-08-21,1,0,-6.0342739124003675,0.0,6.0342739124003675,1213.7224909994325,60.4446820666592,4.743858054450435,False,False,True
proxy_hardened_no_worst_hours_high_margin,2024-08-22,0,0,0.0,0.0,0.0,1213.7224909994325,0.0,0.0,False,False,False
proxy_hardened_no_worst_hours_high_margin,2024-08-23,2,1,0.5905465334497784,6.85942442489697,6.268877891447191,1214.3130375328824,59.85413553320927,4.6975104051047945,True,True,False
proxy_hardened_no_worst_hours_high_margin,2024-08-25,0,0,0.0,0.0,0.0,1214.3130375328824,0.0,0.0,False,False,False
proxy_hardened_no_worst_hours_high_margin,2024-08-26,1,0,-4.341062538552778,0.0,4.341062538552778,1209.9719749943297,64.19519807176198,5.03820844146266,False,False,True
proxy_hardened_no_worst_hours_high_margin,2024-08-27,0,0,0.0,0.0,0.0,1209.9719749943297,0.0,0.0,False,False,False
proxy_hardened_no_worst_hours_high_margin,2024-08-28,1,0,-6.1353203870422295,0.0,6.1353203870422295,1203.8366546072875,70.33051845880414,5.51972456562072,False,False,True
proxy_hardened_no_worst_hours_high_margin,2024-08-29,0,0,0.0,0.0,0.0,1203.8366546072875,0.0,0.0,False,False,False
proxy_hardened_no_worst_hours_high_margin,2024-08-30,0,0,0.0,0.0,0.0,1203.8366546072875,0.0,0.0,False,False,False
proxy_hardened_no_worst_hours_high_margin,2024-09-01,0,0,0.0,0.0,0.0,1203.8366546072875,0.0,0.0,False,False,False
proxy_hardened_no_worst_hours_high_margin,2024-09-02,0,0,0.0,0.0,0.0,1203.8366546072875,0.0,0.0,False,False,False
proxy_hardened_no_worst_hours_high_margin,2024-09-03,2,0,4.6943565327381656,12.6728725748316,7.978516042093434,1208.5310111400258,65.63616192606582,5.151299084885562,False,True,False
proxy_hardened_no_worst_hours_high_margin,2024-09-04,1,0,-4.971573326179696,0.0,4.971573326179696,1203.5594378138462,70.60773525224545,5.541481270651366,False,False,True
proxy_hardened_no_worst_hours_high_margin,2024-09-05,2,1,-11.665949247121862,0.0,11.665949247121862,1191.8934885667245,82.27368449936716,6.457055733227526,True,False,True
proxy_hardened_no_worst_hours_high_margin,2024-09-06,0,0,0.0,0.0,0.0,1191.8934885667245,0.0,0.0,False,False,False
proxy_hardened_no_worst_hours_high_margin,2024-09-08,0,0,0.0,0.0,0.0,1191.8934885667245,0.0,0.0,False,False,False
proxy_hardened_no_worst_hours_high_margin,2024-09-09,0,0,0.0,0.0,0.0,1191.8934885667245,0.0,0.0,False,False,False
proxy_hardened_no_worst_hours_high_margin,2024-09-10,0,0,0.0,0.0,0.0,1191.8934885667245,0.0,0.0,False,False,False
proxy_hardened_no_worst_hours_high_margin,2024-09-11,1,0,-7.246734375336546,0.0,7.246734375336546,1184.646754191388,89.52041887470364,7.025798558228918,False,False,True
proxy_hardened_no_worst_hours_high_margin,2024-09-12,1,0,-3.016412706283136,0.0,3.016412706283136,1181.630341485105,92.5368315809867,7.262534582358667,False,False,True
proxy_hardened_no_worst_hours_high_margin,2024-09-13,1,0,11.719896266373253,11.719896266373253,0.0,1193.3502377514783,80.81693531461337,6.342726215441539,False,True,False
proxy_hardened_no_worst_hours_high_margin,2024-09-15,0,0,0.0,0.0,0.0,1193.3502377514783,0.0,0.0,False,False,False
proxy_hardened_no_worst_hours_high_margin,2024-09-16,1,0,-5.010603952101137,0.0,5.010603952101137,1188.3396337993772,85.82753926671444,6.735971627661963,False,False,True
proxy_hardened_no_worst_hours_high_margin,2024-09-17,0,0,0.0,0.0,0.0,1188.3396337993772,0.0,0.0,False,False,False
proxy_hardened_no_worst_hours_high_margin,2024-09-18,1,0,-9.386798367105785,0.0,9.386798367105785,1178.9528354322715,95.21433763382015,7.47267231855465,False,False,True
proxy_hardened_no_worst_hours_high_margin,2024-09-19,1,0,14.821384423742002,14.821384423742002,0.0,1193.7742198560136,80.39295321007808,6.309450981743983,False,True,False
proxy_hardened_no_worst_hours_high_margin,2024-09-20,1,0,12.627400430495,12.627400430495,0.0,1206.4016202865087,67.765552779583,5.318419294739432,False,True,False
proxy_hardened_no_worst_hours_high_margin,2024-09-22,0,0,0.0,0.0,0.0,1206.4016202865087,0.0,0.0,False,False,False
proxy_hardened_no_worst_hours_high_margin,2024-09-23,1,0,-5.752395494124885,0.0,5.752395494124885,1200.6492247923838,73.51794827370782,5.769882463444567,False,False,True
proxy_hardened_no_worst_hours_high_margin,2024-09-24,1,0,11.236539758176077,11.236539758176077,0.0,1211.88576455056,62.281408515531666,4.888009190007684,False,True,False
proxy_hardened_no_worst_hours_high_margin,2024-09-25,2,0,-9.976366108964758,0.0,9.976366108964758,1201.9093984415954,72.25777462449628,5.670980712100659,False,False,True
proxy_hardened_no_worst_hours_high_margin,2024-09-26,0,0,0.0,0.0,0.0,1201.9093984415954,0.0,0.0,False,False,False
proxy_hardened_no_worst_hours_high_margin,2024-09-27,0,0,0.0,0.0,0.0,1201.9093984415954,0.0,0.0,False,False,False
proxy_hardened_no_worst_hours_high_margin,2024-09-29,0,0,0.0,0.0,0.0,1201.9093984415954,0.0,0.0,False,False,False
proxy_hardened_no_worst_hours_high_margin,2024-09-30,0,0,0.0,0.0,0.0,1201.9093984415954,0.0,0.0,False,False,False
proxy_hardened_no_worst_hours_high_margin,2024-10-01,2,0,0.36241547874109514,8.286071102759179,7.9236556240180835,1202.2718139203366,71.89535914575504,5.642537389560089,False,True,False
proxy_hardened_no_worst_hours_high_margin,2024-10-02,0,0,0.0,0.0,0.0,1202.2718139203366,0.0,0.0,False,False,False
proxy_hardened_no_worst_hours_high_margin,2024-10-03,0,0,0.0,0.0,0.0,1202.2718139203366,0.0,0.0,False,False,False
proxy_hardened_no_worst_hours_high_margin,2024-10-04,0,0,0.0,0.0,0.0,1202.2718139203366,0.0,0.0,False,False,False
proxy_hardened_no_worst_hours_high_margin,2024-10-06,0,0,0.0,0.0,0.0,1202.2718139203366,0.0,0.0,False,False,False
proxy_hardened_no_worst_hours_high_margin,2024-10-07,0,0,0.0,0.0,0.0,1202.2718139203366,0.0,0.0,False,False,False
proxy_hardened_no_worst_hours_high_margin,2024-10-08,0,0,0.0,0.0,0.0,1202.2718139203366,0.0,0.0,False,False,False
proxy_hardened_no_worst_hours_high_margin,2024-10-09,0,0,0.0,0.0,0.0,1202.2718139203366,0.0,0.0,False,False,False
proxy_hardened_no_worst_hours_high_margin,2024-10-10,0,0,0.0,0.0,0.0,1202.2718139203366,0.0,0.0,False,False,False
proxy_hardened_no_worst_hours_high_margin,2024-10-11,2,0,3.565041914357007,7.308550630791997,3.74350871643499,1205.8368558346938,68.33031723139788,5.3627434983253615,False,True,False
proxy_hardened_no_worst_hours_high_margin,2024-10-13,0,0,0.0,0.0,0.0,1205.8368558346938,0.0,0.0,False,False,False
proxy_hardened_no_worst_hours_high_margin,2024-10-14,0,0,0.0,0.0,0.0,1205.8368558346938,0.0,0.0,False,False,False
proxy_hardened_no_worst_hours_high_margin,2024-10-15,1,0,12.983715961831349,12.983715961831349,0.0,1218.8205717965252,55.34660126956646,4.343747228739474,False,True,False
proxy_hardened_no_worst_hours_high_margin,2024-10-16,2,0,2.0142712261589075,8.006520646243116,5.9922494200842085,1220.8348430226843,61.3388506896506,4.814034766101208,False,True,False
proxy_hardened_no_worst_hours_high_margin,2024-10-17,0,0,0.0,0.0,0.0,1220.8348430226843,0.0,0.0,False,False,False
proxy_hardened_no_worst_hours_high_margin,2024-10-18,1,0,11.166032307975838,11.166032307975838,0.0,1232.0008753306602,42.1662977354315,3.3093222480347415,False,True,False
proxy_hardened_no_worst_hours_high_margin,2024-10-20,0,0,0.0,0.0,0.0,1232.0008753306602,0.0,0.0,False,False,False
proxy_hardened_no_worst_hours_high_margin,2024-10-21,1,0,-4.456373166425765,0.0,4.456373166425765,1227.5445021642345,46.62267090185719,3.6590701665674485,False,False,True
proxy_hardened_no_worst_hours_high_margin,2024-10-22,2,0,5.026109225906875,9.058911876561906,4.0328026506550305,1232.5706113901415,50.65547355251215,3.9755751539742916,False,True,False
proxy_hardened_no_worst_hours_high_margin,2024-10-23,0,0,0.0,0.0,0.0,1232.5706113901415,0.0,0.0,False,False,False
proxy_hardened_no_worst_hours_high_margin,2024-10-24,1,0,-4.576931371622395,0.0,4.576931371622395,1227.9936800185192,46.17349304757249,3.6238175039828504,False,False,True
proxy_hardened_no_worst_hours_high_margin,2024-10-25,0,0,0.0,0.0,0.0,1227.9936800185192,0.0,0.0,False,False,False
proxy_hardened_no_worst_hours_high_margin,2024-10-27,0,0,0.0,0.0,0.0,1227.9936800185192,0.0,0.0,False,False,False
proxy_hardened_no_worst_hours_high_margin,2024-10-28,0,0,0.0,0.0,0.0,1227.9936800185192,0.0,0.0,False,False,False
proxy_hardened_no_worst_hours_high_margin,2024-10-29,1,0,10.33918764914044,10.33918764914044,0.0,1238.3328676676597,35.83430539843198,2.812370790577041,False,True,False
proxy_hardened_no_worst_hours_high_margin,2024-10-30,1,0,-4.877088073485611,0.0,4.877088073485611,1233.4557795941741,40.71139347191752,3.195137524533117,False,False,True
proxy_hardened_no_worst_hours_high_margin,2024-10-31,0,0,0.0,0.0,0.0,1233.4557795941741,0.0,0.0,False,False,False
proxy_hardened_no_worst_hours_high_margin,2024-11-01,0,0,0.0,0.0,0.0,1233.4557795941741,0.0,0.0,False,False,False
proxy_hardened_no_worst_hours_high_margin,2024-11-03,0,0,0.0,0.0,0.0,1233.4557795941741,0.0,0.0,False,False,False
proxy_hardened_no_worst_hours_high_margin,2024-11-04,0,0,0.0,0.0,0.0,1233.4557795941741,0.0,0.0,False,False,False
proxy_hardened_no_worst_hours_high_margin,2024-11-05,0,0,0.0,0.0,0.0,1233.4557795941741,0.0,0.0,False,False,False
proxy_hardened_no_worst_hours_high_margin,2024-11-06,1,0,22.35840444675152,22.35840444675152,0.0,1255.8141840409257,18.352989025165925,1.4403909795448753,False,True,False
proxy_hardened_no_worst_hours_high_margin,2024-11-07,0,0,0.0,0.0,0.0,1255.8141840409257,0.0,0.0,False,False,False
proxy_hardened_no_worst_hours_high_margin,2024-11-08,2,0,9.58051583165965,15.156127904787281,5.5756120731276315,1265.3946998725855,23.928601098293484,1.8779797191535632,False,True,False
proxy_hardened_no_worst_hours_high_margin,2024-11-10,0,0,0.0,0.0,0.0,1265.3946998725855,0.0,0.0,False,False,False
proxy_hardened_no_worst_hours_high_margin,2024-11-11,0,0,0.0,0.0,0.0,1265.3946998725855,0.0,0.0,False,False,False
proxy_hardened_no_worst_hours_high_margin,2024-11-12,1,0,-8.699415996484804,0.0,8.699415996484804,1256.6952838761008,17.47188918999086,1.3712399408271827,False,False,True
proxy_hardened_no_worst_hours_high_margin,2024-11-13,1,0,14.809747153878488,14.809747153878488,0.0,1271.5050310299794,2.6621420361123,0.20893192764543256,False,True,False
proxy_hardened_no_worst_hours_high_margin,2024-11-14,0,0,0.0,0.0,0.0,1271.5050310299794,0.0,0.0,False,False,False
proxy_hardened_no_worst_hours_high_margin,2024-11-15,0,0,0.0,0.0,0.0,1271.5050310299794,0.0,0.0,False,False,False
proxy_hardened_no_worst_hours_high_margin,2024-11-17,0,0,0.0,0.0,0.0,1271.5050310299794,0.0,0.0,False,False,False
proxy_hardened_no_worst_hours_high_margin,2024-11-18,0,0,0.0,0.0,0.0,1271.5050310299794,0.0,0.0,False,False,False
proxy_hardened_no_worst_hours_high_margin,2024-11-19,2,0,-12.075515110785691,0.0,12.075515110785691,1259.4295159191938,14.737657146897845,1.1566501993167733,False,False,True
proxy_hardened_no_worst_hours_high_margin,2024-11-20,0,0,0.0,0.0,0.0,1259.4295159191938,0.0,0.0,False,False,False
proxy_hardened_no_worst_hours_high_margin,2024-11-21,1,0,12.360897598781248,12.360897598781248,0.0,1271.7904135179751,2.3767595481165245,0.18653435737142796,False,True,False
proxy_hardened_no_worst_hours_high_margin,2024-11-22,1,0,-4.9745007637107665,0.0,4.9745007637107665,1266.8159127542644,7.351260311827218,0.5769462961549634,False,False,True
proxy_hardened_no_worst_hours_high_margin,2024-11-24,0,0,0.0,0.0,0.0,1266.8159127542644,0.0,0.0,False,False,False
proxy_hardened_no_worst_hours_high_margin,2024-11-25,0,0,0.0,0.0,0.0,1266.8159127542644,0.0,0.0,False,False,False
proxy_hardened_no_worst_hours_high_margin,2024-11-26,1,0,-8.28649742388514,0.0,8.28649742388514,1258.5294153303794,15.637757735712285,1.2272924672892311,False,False,True
proxy_hardened_no_worst_hours_high_margin,2024-11-27,1,0,-5.448157367094682,0.0,5.448157367094682,1253.0812579632848,21.085915102806894,1.6548782254424914,False,False,True
proxy_hardened_no_worst_hours_high_margin,2024-11-28,1,0,-3.9775378991317485,0.0,3.9775378991317485,1249.103720064153,25.06345300193857,1.9670458894045384,False,False,True
proxy_hardened_no_worst_hours_high_margin,2024-11-29,1,0,-5.4704347823972785,0.0,5.4704347823972785,1243.633285281756,30.533887784335775,2.3963800378611673,False,False,True
proxy_hardened_no_worst_hours_high_margin,2024-12-01,0,0,0.0,0.0,0.0,1243.633285281756,0.0,0.0,False,False,False
proxy_hardened_no_worst_hours_high_margin,2024-12-02,0,0,0.0,0.0,0.0,1243.633285281756,0.0,0.0,False,False,False
proxy_hardened_no_worst_hours_high_margin,2024-12-03,0,0,0.0,0.0,0.0,1243.633285281756,0.0,0.0,False,False,False
proxy_hardened_no_worst_hours_high_margin,2024-12-04,0,0,0.0,0.0,0.0,1243.633285281756,0.0,0.0,False,False,False
proxy_hardened_no_worst_hours_high_margin,2024-12-05,0,0,0.0,0.0,0.0,1243.633285281756,0.0,0.0,False,False,False
proxy_hardened_no_worst_hours_high_margin,2024-12-06,0,0,0.0,0.0,0.0,1243.633285281756,0.0,0.0,False,False,False
proxy_hardened_no_worst_hours_high_margin,2024-12-08,0,0,0.0,0.0,0.0,1243.633285281756,0.0,0.0,False,False,False
proxy_hardened_no_worst_hours_high_margin,2024-12-09,0,0,0.0,0.0,0.0,1243.633285281756,0.0,0.0,False,False,False
proxy_hardened_no_worst_hours_high_margin,2024-12-10,1,0,10.643525524362685,10.643525524362685,0.0,1254.2768108061186,19.890362259973017,1.5610480854023143,False,True,False
proxy_hardened_no_worst_hours_high_margin,2024-12-11,0,0,0.0,0.0,0.0,1254.2768108061186,0.0,0.0,False,False,False
proxy_hardened_no_worst_hours_high_margin,2024-12-12,0,0,0.0,0.0,0.0,1254.2768108061186,0.0,0.0,False,False,False
proxy_hardened_no_worst_hours_high_margin,2024-12-13,0,0,0.0,0.0,0.0,1254.2768108061186,0.0,0.0,False,False,False
proxy_hardened_no_worst_hours_high_margin,2024-12-15,0,0,0.0,0.0,0.0,1254.2768108061186,0.0,0.0,False,False,False
proxy_hardened_no_worst_hours_high_margin,2024-12-16,0,0,0.0,0.0,0.0,1254.2768108061186,0.0,0.0,False,False,False
proxy_hardened_no_worst_hours_high_margin,2024-12-17,2,0,-11.948979728365575,0.0,11.948979728365575,1242.3278310777532,31.839341988338447,2.49883552655982,False,False,True
proxy_hardened_no_worst_hours_high_margin,2024-12-18,0,0,0.0,0.0,0.0,1242.3278310777532,0.0,0.0,False,False,False
proxy_hardened_no_worst_hours_high_margin,2024-12-19,0,0,0.0,0.0,0.0,1242.3278310777532,0.0,0.0,False,False,False
proxy_hardened_no_worst_hours_high_margin,2024-12-20,0,0,0.0,0.0,0.0,1242.3278310777532,0.0,0.0,False,False,False
proxy_hardened_no_worst_hours_high_margin,2024-12-22,0,0,0.0,0.0,0.0,1242.3278310777532,0.0,0.0,False,False,False
proxy_hardened_no_worst_hours_high_margin,2024-12-23,1,0,8.851169291583956,8.851169291583956,0.0,1251.1790003693372,22.988172696754418,1.8041724180852061,False,True,False
proxy_hardened_no_worst_hours_high_margin,2024-12-24,0,0,0.0,0.0,0.0,1251.1790003693372,0.0,0.0,False,False,False
proxy_hardened_no_worst_hours_high_margin,2024-12-25,0,0,0.0,0.0,0.0,1251.1790003693372,0.0,0.0,False,False,False
proxy_hardened_no_worst_hours_high_margin,2024-12-26,1,0,-4.1733826803129705,0.0,4.1733826803129705,1247.0056176890243,27.161555377067316,2.1317104969599177,False,False,True
proxy_hardened_no_worst_hours_high_margin,2024-12-27,0,0,0.0,0.0,0.0,1247.0056176890243,0.0,0.0,False,False,False
proxy_hardened_no_worst_hours_high_margin,2024-12-29,0,0,0.0,0.0,0.0,1247.0056176890243,0.0,0.0,False,False,False
proxy_hardened_no_worst_hours_high_margin,2024-12-30,1,0,10.676818296159054,10.676818296159054,0.0,1257.6824359851835,16.48473708090819,1.2937656399701578,False,True,False
proxy_hardened_no_worst_hours_high_margin,2024-12-31,1,0,8.774380134634539,8.774380134634539,0.0,1266.456816119818,7.710356946273578,0.6051291470427513,False,True,False
proxy_hardened_no_worst_hours_high_margin,2025-01-01,0,0,0.0,0.0,0.0,1266.456816119818,0.0,0.0,False,False,False
proxy_hardened_no_worst_hours_high_margin,2025-01-02,2,0,20.015078308643606,20.015078308643606,0.0,1286.4718944284618,0.0,0.0,False,True,False
proxy_hardened_no_worst_hours_high_margin,2025-01-03,0,0,0.0,0.0,0.0,1286.4718944284618,0.0,0.0,False,False,False
proxy_hardened_no_worst_hours_high_margin,2025-01-05,0,0,0.0,0.0,0.0,1286.4718944284618,0.0,0.0,False,False,False
proxy_hardened_no_worst_hours_high_margin,2025-01-06,2,0,-10.257124929587153,0.0,10.257124929587153,1276.2147694988748,10.257124929587008,0.7973065695418025,False,False,True
proxy_hardened_no_worst_hours_high_margin,2025-01-07,1,0,7.618131312386067,7.618131312386067,0.0,1283.832900811261,2.6389936172008674,0.2051341835472657,False,True,False
proxy_hardened_no_worst_hours_high_margin,2025-01-08,2,1,-6.990239522089869,0.0,6.990239522089869,1276.8426612891712,9.62923313929059,0.7484993011501856,True,False,True
proxy_hardened_no_worst_hours_high_margin,2025-01-09,2,0,5.424866344200691,11.084431073972992,5.659564729772301,1282.267527633372,15.288797869062819,1.1884284402384975,False,True,False
proxy_hardened_no_worst_hours_high_margin,2025-01-10,0,0,0.0,0.0,0.0,1282.267527633372,0.0,0.0,False,False,False
proxy_hardened_no_worst_hours_high_margin,2025-01-12,0,0,0.0,0.0,0.0,1282.267527633372,0.0,0.0,False,False,False
proxy_hardened_no_worst_hours_high_margin,2025-01-13,0,0,0.0,0.0,0.0,1282.267527633372,0.0,0.0,False,False,False
proxy_hardened_no_worst_hours_high_margin,2025-01-14,0,0,0.0,0.0,0.0,1282.267527633372,0.0,0.0,False,False,False
proxy_hardened_no_worst_hours_high_margin,2025-01-15,2,0,-8.425076499105817,0.0,8.425076499105817,1273.8424511342664,12.629443294195426,0.9817115592568993,False,False,True
proxy_hardened_no_worst_hours_high_margin,2025-01-16,0,0,0.0,0.0,0.0,1273.8424511342664,0.0,0.0,False,False,False
proxy_hardened_no_worst_hours_high_margin,2025-01-17,0,0,0.0,0.0,0.0,1273.8424511342664,0.0,0.0,False,False,False
proxy_hardened_no_worst_hours_high_margin,2025-01-19,0,0,0.0,0.0,0.0,1273.8424511342664,0.0,0.0,False,False,False
proxy_hardened_no_worst_hours_high_margin,2025-01-20,0,0,0.0,0.0,0.0,1273.8424511342664,0.0,0.0,False,False,False
proxy_hardened_no_worst_hours_high_margin,2025-01-21,0,0,0.0,0.0,0.0,1273.8424511342664,0.0,0.0,False,False,False
proxy_hardened_no_worst_hours_high_margin,2025-01-22,0,0,0.0,0.0,0.0,1273.8424511342664,0.0,0.0,False,False,False
proxy_hardened_no_worst_hours_high_margin,2025-01-23,1,0,9.487439684857618,9.487439684857618,0.0,1283.329890819124,3.142003609337735,0.24423414323665624,False,True,False
proxy_hardened_no_worst_hours_high_margin,2025-01-24,2,0,3.5316348006811857,8.75295768437165,5.221322883690464,1286.8615256198054,5.221322883690391,0.4041012454996816,False,True,False
proxy_hardened_no_worst_hours_high_margin,2025-01-26,0,0,0.0,0.0,0.0,1286.8615256198054,0.0,0.0,False,False,False
proxy_hardened_no_worst_hours_high_margin,2025-01-27,0,0,0.0,0.0,0.0,1286.8615256198054,0.0,0.0,False,False,False
proxy_hardened_no_worst_hours_high_margin,2025-01-28,0,0,0.0,0.0,0.0,1286.8615256198054,0.0,0.0,False,False,False
proxy_hardened_no_worst_hours_high_margin,2025-01-29,0,0,0.0,0.0,0.0,1286.8615256198054,0.0,0.0,False,False,False
proxy_hardened_no_worst_hours_high_margin,2025-01-30,1,0,10.05415481716629,10.05415481716629,0.0,1296.9156804369718,0.0,0.0,False,True,False
proxy_hardened_no_worst_hours_high_margin,2025-01-31,0,0,0.0,0.0,0.0,1296.9156804369718,0.0,0.0,False,False,False
proxy_hardened_no_worst_hours_high_margin,2025-02-02,0,0,0.0,0.0,0.0,1296.9156804369718,0.0,0.0,False,False,False
proxy_hardened_no_worst_hours_high_margin,2025-02-03,1,0,11.424396098519464,11.424396098519464,0.0,1308.3400765354913,0.0,0.0,False,True,False
proxy_hardened_no_worst_hours_high_margin,2025-02-04,1,0,8.138055687483229,8.138055687483229,0.0,1316.4781322229746,0.0,0.0,False,True,False
proxy_hardened_no_worst_hours_high_margin,2025-02-05,1,0,11.275119714513421,11.275119714513421,0.0,1327.7532519374881,0.0,0.0,False,True,False
proxy_hardened_no_worst_hours_high_margin,2025-02-06,0,0,0.0,0.0,0.0,1327.7532519374881,0.0,0.0,False,False,False
proxy_hardened_no_worst_hours_high_margin,2025-02-07,1,0,-4.1101794422598505,0.0,4.1101794422598505,1323.6430724952284,4.110179442259778,0.3095589814042714,False,False,True
proxy_hardened_no_worst_hours_high_margin,2025-02-09,0,0,0.0,0.0,0.0,1323.6430724952284,0.0,0.0,False,False,False
proxy_hardened_no_worst_hours_high_margin,2025-02-10,1,0,11.842320593407676,11.842320593407676,0.0,1335.485393088636,0.0,0.0,False,True,False
proxy_hardened_no_worst_hours_high_margin,2025-02-11,0,0,0.0,0.0,0.0,1335.485393088636,0.0,0.0,False,False,False
proxy_hardened_no_worst_hours_high_margin,2025-02-12,2,0,6.450369895382973,13.535820547635849,7.0854506522528755,1341.9357629840192,7.085450652252803,0.5305524634654347,False,True,False
proxy_hardened_no_worst_hours_high_margin,2025-02-13,2,0,8.340507581573856,13.97852886571256,5.638021284138704,1350.2762705655932,5.638021284138631,0.4201409217682332,False,True,False
proxy_hardened_no_worst_hours_high_margin,2025-02-14,1,0,-4.651354909955062,0.0,4.651354909955062,1345.6249156556382,4.651354909954989,0.34447431324603417,False,False,True
proxy_hardened_no_worst_hours_high_margin,2025-02-16,0,0,0.0,0.0,0.0,1345.6249156556382,0.0,0.0,False,False,False
proxy_hardened_no_worst_hours_high_margin,2025-02-17,0,0,0.0,0.0,0.0,1345.6249156556382,0.0,0.0,False,False,False
proxy_hardened_no_worst_hours_high_margin,2025-02-18,2,0,4.582183857569671,8.72661567545394,4.14443181788427,1350.207099513208,8.795786727839186,0.6514064506336081,False,True,False
proxy_hardened_no_worst_hours_high_margin,2025-02-19,2,1,-12.074063338289452,0.0,12.074063338289452,1338.1330361749187,12.143234390674479,0.899314803598527,True,False,True
proxy_hardened_no_worst_hours_high_margin,2025-02-20,0,0,0.0,0.0,0.0,1338.1330361749187,0.0,0.0,False,False,False
proxy_hardened_no_worst_hours_high_margin,2025-02-21,0,0,0.0,0.0,0.0,1338.1330361749187,0.0,0.0,False,False,False
proxy_hardened_no_worst_hours_high_margin,2025-02-23,0,0,0.0,0.0,0.0,1338.1330361749187,0.0,0.0,False,False,False
proxy_hardened_no_worst_hours_high_margin,2025-02-24,0,0,0.0,0.0,0.0,1338.1330361749187,0.0,0.0,False,False,False
proxy_hardened_no_worst_hours_high_margin,2025-02-25,0,0,0.0,0.0,0.0,1338.1330361749187,0.0,0.0,False,False,False
proxy_hardened_no_worst_hours_high_margin,2025-02-26,1,0,-7.7907014350153805,0.0,7.7907014350153805,1330.3423347399034,19.933935825689787,1.4762857246495202,False,False,True
proxy_hardened_no_worst_hours_high_margin,2025-02-27,1,0,15.241833702495041,15.241833702495041,0.0,1345.5841684423985,4.6921021231946725,0.3474920077821764,False,True,False
proxy_hardened_no_worst_hours_high_margin,2025-02-28,1,0,-8.936796901677171,0.0,8.936796901677171,1336.6473715407215,13.628899024871771,1.009341519359072,False,False,True
proxy_hardened_no_worst_hours_high_margin,2025-03-02,0,0,0.0,0.0,0.0,1336.6473715407215,0.0,0.0,False,False,False
proxy_hardened_no_worst_hours_high_margin,2025-03-03,0,0,0.0,0.0,0.0,1336.6473715407215,0.0,0.0,False,False,False
proxy_hardened_no_worst_hours_high_margin,2025-03-04,1,0,-7.266795260106919,0.0,7.266795260106919,1329.3805762806146,20.895694284978617,1.5475125158073015,False,False,True
proxy_hardened_no_worst_hours_high_margin,2025-03-05,0,0,0.0,0.0,0.0,1329.3805762806146,0.0,0.0,False,False,False
proxy_hardened_no_worst_hours_high_margin,2025-03-06,1,0,-6.937207960254073,0.0,6.937207960254073,1322.4433683203606,27.832902245232617,2.061274633344048,False,False,True
proxy_hardened_no_worst_hours_high_margin,2025-03-07,1,0,-8.563806200060826,0.0,8.563806200060826,1313.8795621202999,36.39670844529337,2.695500857024452,False,False,True
proxy_hardened_no_worst_hours_high_margin,2025-03-10,2,0,8.066955346720842,15.27950707341999,7.212551726699148,1321.9465174670208,43.609260171992446,3.229654636063903,False,True,False
proxy_hardened_no_worst_hours_high_margin,2025-03-11,1,0,-6.382075409135341,0.0,6.382075409135341,1315.5644420578856,34.71182850770765,2.57072047138678,False,False,True
proxy_hardened_no_worst_hours_high_margin,2025-03-12,0,0,0.0,0.0,0.0,1315.5644420578856,0.0,0.0,False,False,False
proxy_hardened_no_worst_hours_high_margin,2025-03-13,1,0,-4.566736676288274,0.0,4.566736676288274,1310.9977053815974,39.27856518399585,2.908928049779261,False,False,True
proxy_hardened_no_worst_hours_high_margin,2025-03-14,0,0,0.0,0.0,0.0,1310.9977053815974,0.0,0.0,False,False,False
proxy_hardened_no_worst_hours_high_margin,2025-03-16,1,0,-5.692950682944302,0.0,5.692950682944302,1305.3047546986531,44.97151586694008,3.3305418192754557,False,False,True
proxy_hardened_no_worst_hours_high_margin,2025-03-17,1,0,12.686923566978221,12.686923566978221,0.0,1317.9916782656314,32.28459229996179,2.39096198339016,False,True,False
proxy_hardened_no_worst_hours_high_margin,2025-03-18,1,0,15.205402115639954,15.205402115639954,0.0,1333.1970803812715,17.07919018432176,1.2648663504371414,False,True,False
proxy_hardened_no_worst_hours_high_margin,2025-03-19,1,0,15.029453163327089,15.029453163327089,0.0,1348.2265335445986,2.0497370209945984,0.1518013065678789,False,True,False
proxy_hardened_no_worst_hours_high_margin,2025-03-20,0,0,0.0,0.0,0.0,1348.2265335445986,0.0,0.0,False,False,False
proxy_hardened_no_worst_hours_high_margin,2025-03-21,0,0,0.0,0.0,0.0,1348.2265335445986,0.0,0.0,False,False,False
proxy_hardened_no_worst_hours_high_margin,2025-03-23,0,0,0.0,0.0,0.0,1348.2265335445986,0.0,0.0,False,False,False
proxy_hardened_no_worst_hours_high_margin,2025-03-24,0,0,0.0,0.0,0.0,1348.2265335445986,0.0,0.0,False,False,False
proxy_hardened_no_worst_hours_high_margin,2025-03-25,0,0,0.0,0.0,0.0,1348.2265335445986,0.0,0.0,False,False,False
proxy_hardened_no_worst_hours_high_margin,2025-03-26,0,0,0.0,0.0,0.0,1348.2265335445986,0.0,0.0,False,False,False
proxy_hardened_no_worst_hours_high_margin,2025-03-27,1,0,16.44322836269059,16.44322836269059,0.0,1364.6697619072893,0.0,0.0,False,True,False
proxy_hardened_no_worst_hours_high_margin,2025-03-28,0,0,0.0,0.0,0.0,1364.6697619072893,0.0,0.0,False,False,False
proxy_hardened_no_worst_hours_high_margin,2025-03-30,0,0,0.0,0.0,0.0,1364.6697619072893,0.0,0.0,False,False,False
proxy_hardened_no_worst_hours_high_margin,2025-03-31,1,0,20.225386701189947,20.225386701189947,0.0,1384.8951486084793,0.0,0.0,False,True,False
proxy_hardened_no_worst_hours_high_margin,2025-04-01,0,0,0.0,0.0,0.0,1384.8951486084793,0.0,0.0,False,False,False
proxy_hardened_no_worst_hours_high_margin,2025-04-02,0,0,0.0,0.0,0.0,1384.8951486084793,0.0,0.0,False,False,False
proxy_hardened_no_worst_hours_high_margin,2025-04-03,0,0,0.0,0.0,0.0,1384.8951486084793,0.0,0.0,False,False,False
proxy_hardened_no_worst_hours_high_margin,2025-04-04,0,0,0.0,0.0,0.0,1384.8951486084793,0.0,0.0,False,False,False
proxy_hardened_no_worst_hours_high_margin,2025-04-06,0,0,0.0,0.0,0.0,1384.8951486084793,0.0,0.0,False,False,False
proxy_hardened_no_worst_hours_high_margin,2025-04-07,2,0,24.13723888255967,40.904737969676646,16.767499087116974,1409.0323874910391,16.767499087116903,1.2107414127318317,False,True,False
proxy_hardened_no_worst_hours_high_margin,2025-04-08,0,0,0.0,0.0,0.0,1409.0323874910391,0.0,0.0,False,False,False
proxy_hardened_no_worst_hours_high_margin,2025-04-09,1,0,29.15857134573018,29.15857134573018,0.0,1438.1909588367694,0.0,0.0,False,True,False
proxy_hardened_no_worst_hours_high_margin,2025-04-10,1,0,21.933195701761107,21.933195701761107,0.0,1460.1241545385305,0.0,0.0,False,True,False
proxy_hardened_no_worst_hours_high_margin,2025-04-11,1,0,-16.132767573510662,0.0,16.132767573510662,1443.99138696502,16.13276757351059,1.1048901234436,False,False,True
proxy_hardened_no_worst_hours_high_margin,2025-04-13,0,0,0.0,0.0,0.0,1443.99138696502,0.0,0.0,False,False,False
proxy_hardened_no_worst_hours_high_margin,2025-04-14,0,0,0.0,0.0,0.0,1443.99138696502,0.0,0.0,False,False,False
proxy_hardened_no_worst_hours_high_margin,2025-04-15,0,0,0.0,0.0,0.0,1443.99138696502,0.0,0.0,False,False,False
proxy_hardened_no_worst_hours_high_margin,2025-04-16,0,0,0.0,0.0,0.0,1443.99138696502,0.0,0.0,False,False,False
proxy_hardened_no_worst_hours_high_margin,2025-04-17,0,0,0.0,0.0,0.0,1443.99138696502,0.0,0.0,False,False,False
proxy_hardened_no_worst_hours_high_margin,2025-04-20,0,0,0.0,0.0,0.0,1443.99138696502,0.0,0.0,False,False,False
proxy_hardened_no_worst_hours_high_margin,2025-04-21,0,0,0.0,0.0,0.0,1443.99138696502,0.0,0.0,False,False,False
proxy_hardened_no_worst_hours_high_margin,2025-04-22,1,0,-15.243754902849178,0.0,15.243754902849178,1428.7476320621709,31.376522476359696,2.148894145667783,False,False,True
proxy_hardened_no_worst_hours_high_margin,2025-04-23,0,0,0.0,0.0,0.0,1428.7476320621709,0.0,0.0,False,False,False
proxy_hardened_no_worst_hours_high_margin,2025-04-24,0,0,0.0,0.0,0.0,1428.7476320621709,0.0,0.0,False,False,False
proxy_hardened_no_worst_hours_high_margin,2025-04-25,1,0,23.575188876600734,23.575188876600734,0.0,1452.3228209387717,7.801333599758891,0.5342924829720721,False,True,False
proxy_hardened_no_worst_hours_high_margin,2025-04-27,0,0,0.0,0.0,0.0,1452.3228209387717,0.0,0.0,False,False,False
proxy_hardened_no_worst_hours_high_margin,2025-04-28,1,0,-10.00587203193716,0.0,10.00587203193716,1442.3169489068346,17.80720563169598,1.2195679097798304,False,False,True
proxy_hardened_no_worst_hours_high_margin,2025-04-29,0,0,0.0,0.0,0.0,1442.3169489068346,0.0,0.0,False,False,False
proxy_hardened_no_worst_hours_high_margin,2025-04-30,0,0,0.0,0.0,0.0,1442.3169489068346,0.0,0.0,False,False,False
proxy_hardened_no_worst_hours_high_margin,2025-05-01,1,0,-13.411816497675845,0.0,13.411816497675845,1428.9051324091588,31.21902212937175,2.1381073679476565,False,False,True
proxy_hardened_no_worst_hours_high_margin,2025-05-02,0,0,0.0,0.0,0.0,1428.9051324091588,0.0,0.0,False,False,False
proxy_hardened_no_worst_hours_high_margin,2025-05-04,0,0,0.0,0.0,0.0,1428.9051324091588,0.0,0.0,False,False,False
proxy_hardened_no_worst_hours_high_margin,2025-05-05,0,0,0.0,0.0,0.0,1428.9051324091588,0.0,0.0,False,False,False
proxy_hardened_no_worst_hours_high_margin,2025-05-06,1,0,22.490118656469278,22.490118656469278,0.0,1451.3952510656281,8.728903472902402,0.5978192639146604,False,True,False
proxy_hardened_no_worst_hours_high_margin,2025-05-07,0,0,0.0,0.0,0.0,1451.3952510656281,0.0,0.0,False,False,False
proxy_hardened_no_worst_hours_high_margin,2025-05-08,0,0,0.0,0.0,0.0,1451.3952510656281,0.0,0.0,False,False,False
proxy_hardened_no_worst_hours_high_margin,2025-05-09,1,0,-9.141741239350795,0.0,9.141741239350795,1442.2535098262774,17.870644712253124,1.223912682815737,False,False,True
proxy_hardened_no_worst_hours_high_margin,2025-05-11,0,0,0.0,0.0,0.0,1442.2535098262774,0.0,0.0,False,False,False
proxy_hardened_no_worst_hours_high_margin,2025-05-12,0,0,0.0,0.0,0.0,1442.2535098262774,0.0,0.0,False,False,False
proxy_hardened_no_worst_hours_high_margin,2025-05-13,1,0,-11.334909158230476,0.0,11.334909158230476,1430.918600668047,29.205553870483527,2.000210309493434,False,False,True
proxy_hardened_no_worst_hours_high_margin,2025-05-14,0,0,0.0,0.0,0.0,1430.918600668047,0.0,0.0,False,False,False
proxy_hardened_no_worst_hours_high_margin,2025-05-15,0,0,0.0,0.0,0.0,1430.918600668047,0.0,0.0,False,False,False
proxy_hardened_no_worst_hours_high_margin,2025-05-16,1,0,-15.21535996207429,0.0,15.21535996207429,1415.7032407059728,44.420913832557744,3.0422696381320318,False,False,True
proxy_hardened_no_worst_hours_high_margin,2025-05-18,0,0,0.0,0.0,0.0,1415.7032407059728,0.0,0.0,False,False,False
proxy_hardened_no_worst_hours_high_margin,2025-05-19,0,0,0.0,0.0,0.0,1415.7032407059728,0.0,0.0,False,False,False
proxy_hardened_no_worst_hours_high_margin,2025-05-20,0,0,0.0,0.0,0.0,1415.7032407059728,0.0,0.0,False,False,False
proxy_hardened_no_worst_hours_high_margin,2025-05-21,2,0,13.905523155369194,22.387183319140533,8.48166016377134,1429.6087638613421,52.90257399632901,3.6231558687588983,False,True,False
proxy_hardened_no_worst_hours_high_margin,2025-05-22,0,0,0.0,0.0,0.0,1429.6087638613421,0.0,0.0,False,False,False
proxy_hardened_no_worst_hours_high_margin,2025-05-23,1,0,-13.535602802566318,0.0,13.535602802566318,1416.073161058776,44.05099347975465,3.0169347820752193,False,False,True
proxy_hardened_no_worst_hours_high_margin,2025-05-25,0,0,0.0,0.0,0.0,1416.073161058776,0.0,0.0,False,False,False
proxy_hardened_no_worst_hours_high_margin,2025-05-26,1,0,8.378815281392162,8.378815281392162,0.0,1424.4519763401681,35.67217819836242,2.4430921225076605,False,True,False
proxy_hardened_no_worst_hours_high_margin,2025-05-27,1,0,-9.031894293224086,0.0,9.031894293224086,1415.4200820469441,44.70407249158643,3.0616624177219416,False,False,True
proxy_hardened_no_worst_hours_high_margin,2025-05-28,0,0,0.0,0.0,0.0,1415.4200820469441,0.0,0.0,False,False,False
proxy_hardened_no_worst_hours_high_margin,2025-05-29,0,0,0.0,0.0,0.0,1415.4200820469441,0.0,0.0,False,False,False
proxy_hardened_no_worst_hours_high_margin,2025-05-30,1,0,-12.590708224193877,0.0,12.590708224193877,1402.8293738227503,57.294780715780234,3.923966365304609,False,False,True
proxy_hardened_no_worst_hours_high_margin,2025-06-01,0,0,0.0,0.0,0.0,1402.8293738227503,0.0,0.0,False,False,False
proxy_hardened_no_worst_hours_high_margin,2025-06-02,1,0,18.49012079484821,18.49012079484821,0.0,1421.3194946175986,38.804659920931954,2.6576274216349836,False,True,False
proxy_hardened_no_worst_hours_high_margin,2025-06-03,0,0,0.0,0.0,0.0,1421.3194946175986,0.0,0.0,False,False,False
proxy_hardened_no_worst_hours_high_margin,2025-06-04,1,0,-6.867766456146983,0.0,6.867766456146983,1414.4517281614517,45.672426377078864,3.1279823866425622,False,False,True
proxy_hardened_no_worst_hours_high_margin,2025-06-05,0,0,0.0,0.0,0.0,1414.4517281614517,0.0,0.0,False,False,False
proxy_hardened_no_worst_hours_high_margin,2025-06-06,0,0,0.0,0.0,0.0,1414.4517281614517,0.0,0.0,False,False,False
proxy_hardened_no_worst_hours_high_margin,2025-06-08,0,0,0.0,0.0,0.0,1414.4517281614517,0.0,0.0,False,False,False
proxy_hardened_no_worst_hours_high_margin,2025-06-09,0,0,0.0,0.0,0.0,1414.4517281614517,0.0,0.0,False,False,False
proxy_hardened_no_worst_hours_high_margin,2025-06-10,1,0,-8.2545798296688,0.0,8.2545798296688,1406.197148331783,53.92700620674759,3.6933164922397386,False,False,True
proxy_hardened_no_worst_hours_high_margin,2025-06-11,1,0,-11.046710308630354,0.0,11.046710308630354,1395.1504380231527,64.97371651537787,4.44987615014921,False,False,True
proxy_hardened_no_worst_hours_high_margin,2025-06-12,1,0,23.79880661185409,23.79880661185409,0.0,1418.9492446350068,41.17490990352371,2.8199595065624377,False,True,False
proxy_hardened_no_worst_hours_high_margin,2025-06-13,1,0,20.633293751486164,20.633293751486164,0.0,1439.582538386493,20.541616152037477,1.4068403764287851,False,True,False
proxy_hardened_no_worst_hours_high_margin,2025-06-15,0,0,0.0,0.0,0.0,1439.582538386493,0.0,0.0,False,False,False
proxy_hardened_no_worst_hours_high_margin,2025-06-16,0,0,0.0,0.0,0.0,1439.582538386493,0.0,0.0,False,False,False
proxy_hardened_no_worst_hours_high_margin,2025-06-17,0,0,0.0,0.0,0.0,1439.582538386493,0.0,0.0,False,False,False
proxy_hardened_no_worst_hours_high_margin,2025-06-18,0,0,0.0,0.0,0.0,1439.582538386493,0.0,0.0,False,False,False
proxy_hardened_no_worst_hours_high_margin,2025-06-19,1,0,-7.697442951719113,0.0,7.697442951719113,1431.885095434774,28.239059103756517,1.9340176666470816,False,False,True
proxy_hardened_no_worst_hours_high_margin,2025-06-20,0,0,0.0,0.0,0.0,1431.885095434774,0.0,0.0,False,False,False
proxy_hardened_no_worst_hours_high_margin,2025-06-22,0,0,0.0,0.0,0.0,1431.885095434774,0.0,0.0,False,False,False
proxy_hardened_no_worst_hours_high_margin,2025-06-23,0,0,0.0,0.0,0.0,1431.885095434774,0.0,0.0,False,False,False
proxy_hardened_no_worst_hours_high_margin,2025-06-24,1,0,-11.286919251242198,0.0,11.286919251242198,1420.598176183532,39.52597835499864,2.7070285928863873,False,False,True
proxy_hardened_no_worst_hours_high_margin,2025-06-25,1,0,-7.342090853124391,0.0,7.342090853124391,1413.2560853304076,46.86806920812296,3.2098687678333437,False,False,True
proxy_hardened_no_worst_hours_high_margin,2025-06-26,1,0,-9.84365528281076,0.0,9.84365528281076,1403.412430047597,56.71172449093365,3.884034403146853,False,False,True
proxy_hardened_no_worst_hours_high_margin,2025-06-27,2,0,5.232474230101925,15.855327304043312,10.622853073941387,1408.644904277699,51.47925026083158,3.5256762310806025,False,True,False
proxy_hardened_no_worst_hours_high_margin,2025-06-29,0,0,0.0,0.0,0.0,1408.644904277699,0.0,0.0,False,False,False
proxy_hardened_no_worst_hours_high_margin,2025-06-30,0,0,0.0,0.0,0.0,1408.644904277699,0.0,0.0,False,False,False
proxy_hardened_no_worst_hours_high_margin,2025-07-01,1,0,-6.73394310407919,0.0,6.73394310407919,1401.9109611736199,58.213193364910694,3.986865992454516,False,False,True
proxy_hardened_no_worst_hours_high_margin,2025-07-02,1,0,-6.76933877734753,0.0,6.76933877734753,1395.1416223962724,64.98253214225815,4.450479908867459,False,False,True
proxy_hardened_no_worst_hours_high_margin,2025-07-03,0,0,0.0,0.0,0.0,1395.1416223962724,0.0,0.0,False,False,False
proxy_hardened_no_worst_hours_high_margin,2025-07-04,0,0,0.0,0.0,0.0,1395.1416223962724,0.0,0.0,False,False,False
proxy_hardened_no_worst_hours_high_margin,2025-07-06,0,0,0.0,0.0,0.0,1395.1416223962724,0.0,0.0,False,False,False
proxy_hardened_no_worst_hours_high_margin,2025-07-07,1,0,11.619057802245988,11.619057802245988,0.0,1406.7606801985185,53.36347434001209,3.6547217011746183,False,True,False
proxy_hardened_no_worst_hours_high_margin,2025-07-08,1,0,10.986629089033995,10.986629089033995,0.0,1417.7473092875525,42.37684525097802,2.9022768453803947,False,True,False
proxy_hardened_no_worst_hours_high_margin,2025-07-09,1,0,-6.019640643820894,0.0,6.019640643820894,1411.7276686437317,48.39648589479884,3.314545940793265,False,False,True
proxy_hardened_no_worst_hours_high_margin,2025-07-10,1,0,-8.014468842373462,0.0,8.014468842373462,1403.7131998013583,56.41095473717223,3.863435486758372,False,False,True
proxy_hardened_no_worst_hours_high_margin,2025-07-11,1,0,12.524618149724047,12.524618149724047,0.0,1416.2378179510824,43.88633658744811,3.0056578716977875,False,True,False
proxy_hardened_no_worst_hours_high_margin,2025-07-13,0,0,0.0,0.0,0.0,1416.2378179510824,0.0,0.0,False,False,False
proxy_hardened_no_worst_hours_high_margin,2025-07-14,1,0,-6.183180605894977,0.0,6.183180605894977,1410.0546373451875,50.06951719334302,3.429127381922354,False,False,True
proxy_hardened_no_worst_hours_high_margin,2025-07-15,1,0,-5.4292171215893905,0.0,5.4292171215893905,1404.6254202235982,55.498734314932335,3.8009599486745427,False,False,True
proxy_hardened_no_worst_hours_high_margin,2025-07-16,1,0,-15.194313511424825,0.0,15.194313511424825,1389.4311067121735,70.69304782635709,4.8415778621715555,False,False,True
proxy_hardened_no_worst_hours_high_margin,2025-07-17,1,0,10.436392286730479,10.436392286730479,0.0,1399.867498998904,60.256655539626536,4.126817254021152,False,True,False
proxy_hardened_no_worst_hours_high_margin,2025-07-18,1,0,-5.6297972829480205,0.0,5.6297972829480205,1394.237701715956,65.88645282257448,4.512387019814611,False,False,True
proxy_hardened_no_worst_hours_high_margin,2025-07-20,0,0,0.0,0.0,0.0,1394.237701715956,0.0,0.0,False,False,False
proxy_hardened_no_worst_hours_high_margin,2025-07-21,0,0,0.0,0.0,0.0,1394.237701715956,0.0,0.0,False,False,False
proxy_hardened_no_worst_hours_high_margin,2025-07-22,0,0,0.0,0.0,0.0,1394.237701715956,0.0,0.0,False,False,False
proxy_hardened_no_worst_hours_high_margin,2025-07-23,0,0,0.0,0.0,0.0,1394.237701715956,0.0,0.0,False,False,False
proxy_hardened_no_worst_hours_high_margin,2025-07-24,0,0,0.0,0.0,0.0,1394.237701715956,0.0,0.0,False,False,False
proxy_hardened_no_worst_hours_high_margin,2025-07-25,1,0,12.506915397916528,12.506915397916528,0.0,1406.7446171138727,53.37953742465788,3.655821818900625,False,True,False
proxy_hardened_no_worst_hours_high_margin,2025-07-27,0,0,0.0,0.0,0.0,1406.7446171138727,0.0,0.0,False,False,False
proxy_hardened_no_worst_hours_high_margin,2025-07-28,0,0,0.0,0.0,0.0,1406.7446171138727,0.0,0.0,False,False,False
proxy_hardened_no_worst_hours_high_margin,2025-07-29,0,0,0.0,0.0,0.0,1406.7446171138727,0.0,0.0,False,False,False
proxy_hardened_no_worst_hours_high_margin,2025-07-30,0,0,0.0,0.0,0.0,1406.7446171138727,0.0,0.0,False,False,False
proxy_hardened_no_worst_hours_high_margin,2025-07-31,0,0,0.0,0.0,0.0,1406.7446171138727,0.0,0.0,False,False,False
proxy_hardened_no_worst_hours_high_margin,2025-08-01,0,0,0.0,0.0,0.0,1406.7446171138727,0.0,0.0,False,False,False
proxy_hardened_no_worst_hours_high_margin,2025-08-03,0,0,0.0,0.0,0.0,1406.7446171138727,0.0,0.0,False,False,False
proxy_hardened_no_worst_hours_high_margin,2025-08-04,1,0,-6.88278213066822,0.0,6.88278213066822,1399.8618349832045,60.26231955532603,4.127205167314818,False,False,True
proxy_hardened_no_worst_hours_high_margin,2025-08-05,1,0,-6.336233496069399,0.0,6.336233496069399,1393.5256014871352,66.59855305139536,4.561156860831721,False,False,True
proxy_hardened_no_worst_hours_high_margin,2025-08-06,0,0,0.0,0.0,0.0,1393.5256014871352,0.0,0.0,False,False,False
proxy_hardened_no_worst_hours_high_margin,2025-08-07,1,0,-8.568327166226554,0.0,8.568327166226554,1384.9572743209087,75.16688021762184,5.1479786827701774,False,False,True
proxy_hardened_no_worst_hours_high_margin,2025-08-08,0,0,0.0,0.0,0.0,1384.9572743209087,0.0,0.0,False,False,False
proxy_hardened_no_worst_hours_high_margin,2025-08-10,0,0,0.0,0.0,0.0,1384.9572743209087,0.0,0.0,False,False,False
proxy_hardened_no_worst_hours_high_margin,2025-08-11,2,0,8.883668984087164,17.823878020420054,8.94020903633289,1393.840943304996,84.10708925395465,5.760269699841829,False,True,False
proxy_hardened_no_worst_hours_high_margin,2025-08-12,1,0,-11.142070955886611,0.0,11.142070955886611,1382.6988723491095,77.42528218942107,5.302650596441313,False,False,True
proxy_hardened_no_worst_hours_high_margin,2025-08-13,0,0,0.0,0.0,0.0,1382.6988723491095,0.0,0.0,False,False,False
proxy_hardened_no_worst_hours_high_margin,2025-08-14,1,0,16.2723370795474,16.2723370795474,0.0,1398.971209428657,61.1529451098736,4.188201730639876,False,True,False
proxy_hardened_no_worst_hours_high_margin,2025-08-15,0,0,0.0,0.0,0.0,1398.971209428657,0.0,0.0,False,False,False
proxy_hardened_no_worst_hours_high_margin,2025-08-17,0,0,0.0,0.0,0.0,1398.971209428657,0.0,0.0,False,False,False
proxy_hardened_no_worst_hours_high_margin,2025-08-18,0,0,0.0,0.0,0.0,1398.971209428657,0.0,0.0,False,False,False
proxy_hardened_no_worst_hours_high_margin,2025-08-19,1,0,11.569169535386136,11.569169535386136,0.0,1410.5403789640432,49.58377557448739,3.395860236978153,False,True,False
proxy_hardened_no_worst_hours_high_margin,2025-08-20,0,0,0.0,0.0,0.0,1410.5403789640432,0.0,0.0,False,False,False
proxy_hardened_no_worst_hours_high_margin,2025-08-21,0,0,0.0,0.0,0.0,1410.5403789640432,0.0,0.0,False,False,False
proxy_hardened_no_worst_hours_high_margin,2025-08-22,0,0,0.0,0.0,0.0,1410.5403789640432,0.0,0.0,False,False,False
proxy_hardened_no_worst_hours_high_margin,2025-08-24,0,0,0.0,0.0,0.0,1410.5403789640432,0.0,0.0,False,False,False
proxy_hardened_no_worst_hours_high_margin,2025-08-25,0,0,0.0,0.0,0.0,1410.5403789640432,0.0,0.0,False,False,False
proxy_hardened_no_worst_hours_high_margin,2025-08-26,1,0,9.532534353808769,9.532534353808769,0.0,1420.072913317852,40.05124122067855,2.743002442373585,False,True,False
proxy_hardened_no_worst_hours_high_margin,2025-08-27,0,0,0.0,0.0,0.0,1420.072913317852,0.0,0.0,False,False,False
proxy_hardened_no_worst_hours_high_margin,2025-08-28,1,0,12.476071308717037,12.476071308717037,0.0,1432.548984626569,27.57516991196144,1.888549670673486,False,True,False
proxy_hardened_no_worst_hours_high_margin,2025-08-29,0,0,0.0,0.0,0.0,1432.548984626569,0.0,0.0,False,False,False
proxy_hardened_no_worst_hours_high_margin,2025-08-31,1,0,-6.084373142543955,0.0,6.084373142543955,1426.4646114840252,33.65954305450532,2.305252121874756,False,False,True
proxy_hardened_no_worst_hours_high_margin,2025-09-01,1,0,12.750824778071474,12.750824778071474,0.0,1439.2154362620968,20.908718276433774,1.4319822195559757,False,True,False
proxy_hardened_no_worst_hours_high_margin,2025-09-02,0,0,0.0,0.0,0.0,1439.2154362620968,0.0,0.0,False,False,False
proxy_hardened_no_worst_hours_high_margin,2025-09-03,0,0,0.0,0.0,0.0,1439.2154362620968,0.0,0.0,False,False,False
proxy_hardened_no_worst_hours_high_margin,2025-09-04,1,0,-9.256442259113628,0.0,9.256442259113628,1429.9589940029832,30.16516053554733,2.065931204670809,False,False,True
proxy_hardened_no_worst_hours_high_margin,2025-09-05,0,0,0.0,0.0,0.0,1429.9589940029832,0.0,0.0,False,False,False
proxy_hardened_no_worst_hours_high_margin,2025-09-07,1,0,-9.068648921599179,0.0,9.068648921599179,1420.890345081384,39.233809457146435,2.687018726126492,False,False,True
proxy_hardened_no_worst_hours_high_margin,2025-09-08,1,0,14.874852335510623,14.874852335510623,0.0,1435.7651974168948,24.35895712163574,1.6682798545534876,False,True,False
proxy_hardened_no_worst_hours_high_margin,2025-09-09,1,0,-7.434409802644568,0.0,7.434409802644568,1428.3307876142503,31.793366924280235,2.177442707557185,False,False,True
proxy_hardened_no_worst_hours_high_margin,2025-09-10,0,0,0.0,0.0,0.0,1428.3307876142503,0.0,0.0,False,False,False
proxy_hardened_no_worst_hours_high_margin,2025-09-11,1,0,13.951003311982204,13.951003311982204,0.0,1442.2817909262326,17.84236361229796,1.2219757858835645,False,True,False
proxy_hardened_no_worst_hours_high_margin,2025-09-12,0,0,0.0,0.0,0.0,1442.2817909262326,0.0,0.0,False,False,False
proxy_hardened_no_worst_hours_high_margin,2025-09-14,0,0,0.0,0.0,0.0,1442.2817909262326,0.0,0.0,False,False,False
proxy_hardened_no_worst_hours_high_margin,2025-09-15,1,0,10.540132999968973,10.540132999968973,0.0,1452.8219239262016,7.302230612328913,0.5001102536131093,False,True,False
proxy_hardened_no_worst_hours_high_margin,2025-09-16,1,0,-6.344574650982013,0.0,6.344574650982013,1446.4773492752197,13.646805263310853,0.9346332105316003,False,False,True
proxy_hardened_no_worst_hours_high_margin,2025-09-17,0,0,0.0,0.0,0.0,1446.4773492752197,0.0,0.0,False,False,False
proxy_hardened_no_worst_hours_high_margin,2025-09-18,0,0,0.0,0.0,0.0,1446.4773492752197,0.0,0.0,False,False,False
proxy_hardened_no_worst_hours_high_margin,2025-09-19,0,0,0.0,0.0,0.0,1446.4773492752197,0.0,0.0,False,False,False
proxy_hardened_no_worst_hours_high_margin,2025-09-21,0,0,0.0,0.0,0.0,1446.4773492752197,0.0,0.0,False,False,False
proxy_hardened_no_worst_hours_high_margin,2025-09-22,2,0,9.003935832233166,16.517690127635362,7.513754295402196,1455.481285107453,21.160559558712976,1.449230155732937,False,True,False
proxy_hardened_no_worst_hours_high_margin,2025-09-23,1,0,-9.901791146890973,0.0,9.901791146890973,1445.579493960562,14.544660577968443,0.9961249207993039,False,False,True
proxy_hardened_no_worst_hours_high_margin,2025-09-24,0,0,0.0,0.0,0.0,1445.579493960562,0.0,0.0,False,False,False
proxy_hardened_no_worst_hours_high_margin,2025-09-25,1,0,-10.803434128784447,0.0,10.803434128784447,1434.7760598317777,25.348094706752818,1.7360232435004155,False,False,True
proxy_hardened_no_worst_hours_high_margin,2025-09-26,0,0,0.0,0.0,0.0,1434.7760598317777,0.0,0.0,False,False,False
proxy_hardened_no_worst_hours_high_margin,2025-09-28,0,0,0.0,0.0,0.0,1434.7760598317777,0.0,0.0,False,False,False
proxy_hardened_no_worst_hours_high_margin,2025-09-29,1,0,18.595097053255742,18.595097053255742,0.0,1453.3711568850335,6.752997653497005,0.46249475652508987,False,True,False
proxy_hardened_no_worst_hours_high_margin,2025-09-30,1,0,28.48447780289591,28.48447780289591,0.0,1481.8556346879295,0.0,0.0,False,True,False
proxy_hardened_no_worst_hours_high_margin,2025-10-01,1,0,-10.189628839258221,0.0,10.189628839258221,1471.6660058486714,10.189628839258148,0.6876262842840306,False,False,True
proxy_hardened_no_worst_hours_high_margin,2025-10-02,0,0,0.0,0.0,0.0,1471.6660058486714,0.0,0.0,False,False,False
proxy_hardened_no_worst_hours_high_margin,2025-10-03,1,0,22.730204653549592,22.730204653549592,0.0,1494.396210502221,0.0,0.0,False,True,False
proxy_hardened_no_worst_hours_high_margin,2025-10-05,0,0,0.0,0.0,0.0,1494.396210502221,0.0,0.0,False,False,False
proxy_hardened_no_worst_hours_high_margin,2025-10-06,1,0,23.05337230375237,23.05337230375237,0.0,1517.4495828059735,0.0,0.0,False,True,False
proxy_hardened_no_worst_hours_high_margin,2025-10-07,1,0,-10.555229573414708,0.0,10.555229573414708,1506.8943532325588,10.555229573414636,0.6955901331427803,False,False,True
proxy_hardened_no_worst_hours_high_margin,2025-10-08,0,0,0.0,0.0,0.0,1506.8943532325588,0.0,0.0,False,False,False
proxy_hardened_no_worst_hours_high_margin,2025-10-09,0,0,0.0,0.0,0.0,1506.8943532325588,0.0,0.0,False,False,False
proxy_hardened_no_worst_hours_high_margin,2025-10-10,0,0,0.0,0.0,0.0,1506.8943532325588,0.0,0.0,False,False,False
proxy_hardened_no_worst_hours_high_margin,2025-10-12,1,0,35.24482783644582,35.24482783644582,0.0,1542.1391810690047,0.0,0.0,False,True,False
proxy_hardened_no_worst_hours_high_margin,2025-10-13,1,0,22.781597778860416,22.781597778860416,0.0,1564.9207788478652,0.0,0.0,False,True,False
proxy_hardened_no_worst_hours_high_margin,2025-10-14,0,0,0.0,0.0,0.0,1564.9207788478652,0.0,0.0,False,False,False
proxy_hardened_no_worst_hours_high_margin,2025-10-15,1,0,26.937862845909805,26.937862845909805,0.0,1591.858641693775,0.0,0.0,False,True,False
proxy_hardened_no_worst_hours_high_margin,2025-10-16,0,0,0.0,0.0,0.0,1591.858641693775,0.0,0.0,False,False,False
proxy_hardened_no_worst_hours_high_margin,2025-10-17,0,0,0.0,0.0,0.0,1591.858641693775,0.0,0.0,False,False,False
proxy_hardened_no_worst_hours_high_margin,2025-10-19,0,0,0.0,0.0,0.0,1591.858641693775,0.0,0.0,False,False,False
proxy_hardened_no_worst_hours_high_margin,2025-10-20,0,0,0.0,0.0,0.0,1591.858641693775,0.0,0.0,False,False,False
proxy_hardened_no_worst_hours_high_margin,2025-10-21,0,0,0.0,0.0,0.0,1591.858641693775,0.0,0.0,False,False,False
proxy_hardened_no_worst_hours_high_margin,2025-10-22,2,0,24.437520996713687,59.305351661679126,34.86783066496544,1616.296162690489,34.86783066496537,2.1117121500516634,False,True,False
proxy_hardened_no_worst_hours_high_margin,2025-10-23,0,0,0.0,0.0,0.0,1616.296162690489,0.0,0.0,False,False,False
proxy_hardened_no_worst_hours_high_margin,2025-10-24,0,0,0.0,0.0,0.0,1616.296162690489,0.0,0.0,False,False,False
proxy_hardened_no_worst_hours_high_margin,2025-10-26,0,0,0.0,0.0,0.0,1616.296162690489,0.0,0.0,False,False,False
proxy_hardened_no_worst_hours_high_margin,2025-10-27,1,0,34.759911395489254,34.759911395489254,0.0,1651.0560740859783,0.10791926947604225,0.006535950996407777,False,True,False
proxy_hardened_no_worst_hours_high_margin,2025-10-28,0,0,0.0,0.0,0.0,1651.0560740859783,0.0,0.0,False,False,False
proxy_hardened_no_worst_hours_high_margin,2025-10-29,0,0,0.0,0.0,0.0,1651.0560740859783,0.0,0.0,False,False,False
proxy_hardened_no_worst_hours_high_margin,2025-10-30,0,0,0.0,0.0,0.0,1651.0560740859783,0.0,0.0,False,False,False
proxy_hardened_no_worst_hours_high_margin,2025-10-31,0,0,0.0,0.0,0.0,1651.0560740859783,0.0,0.0,False,False,False
proxy_hardened_no_worst_hours_high_margin,2025-11-02,0,0,0.0,0.0,0.0,1651.0560740859783,0.0,0.0,False,False,False
proxy_hardened_no_worst_hours_high_margin,2025-11-03,0,0,0.0,0.0,0.0,1651.0560740859783,0.0,0.0,False,False,False
proxy_hardened_no_worst_hours_high_margin,2025-11-04,1,0,-19.328217808858952,0.0,19.328217808858952,1631.7278562771194,19.436137078334923,1.1771173037050844,False,False,True
proxy_hardened_no_worst_hours_high_margin,2025-11-05,0,0,0.0,0.0,0.0,1631.7278562771194,0.0,0.0,False,False,False
proxy_hardened_no_worst_hours_high_margin,2025-11-06,1,0,-8.447839535281291,0.0,8.447839535281291,1623.2800167418382,27.88397661361614,1.688746649383446,False,False,True
proxy_hardened_no_worst_hours_high_margin,2025-11-07,0,0,0.0,0.0,0.0,1623.2800167418382,0.0,0.0,False,False,False
proxy_hardened_no_worst_hours_high_margin,2025-11-09,0,0,0.0,0.0,0.0,1623.2800167418382,0.0,0.0,False,False,False
proxy_hardened_no_worst_hours_high_margin,2025-11-10,1,0,21.890453424404697,21.890453424404697,0.0,1645.170470166243,5.993523189211373,0.36298775974586783,False,True,False
proxy_hardened_no_worst_hours_high_margin,2025-11-11,0,0,0.0,0.0,0.0,1645.170470166243,0.0,0.0,False,False,False
proxy_hardened_no_worst_hours_high_margin,2025-11-12,0,0,0.0,0.0,0.0,1645.170470166243,0.0,0.0,False,False,False
proxy_hardened_no_worst_hours_high_margin,2025-11-13,1,0,-12.464725497031468,0.0,12.464725497031468,1632.7057446692115,18.45824868624277,1.1178931202788873,False,False,True
proxy_hardened_no_worst_hours_high_margin,2025-11-14,0,0,0.0,0.0,0.0,1632.7057446692115,0.0,0.0,False,False,False
proxy_hardened_no_worst_hours_high_margin,2025-11-16,0,0,0.0,0.0,0.0,1632.7057446692115,0.0,0.0,False,False,False
proxy_hardened_no_worst_hours_high_margin,2025-11-17,0,0,0.0,0.0,0.0,1632.7057446692115,0.0,0.0,False,False,False
proxy_hardened_no_worst_hours_high_margin,2025-11-18,0,0,0.0,0.0,0.0,1632.7057446692115,0.0,0.0,False,False,False
proxy_hardened_no_worst_hours_high_margin,2025-11-19,1,0,22.939114226558488,22.939114226558488,0.0,1655.64485889577,0.0,0.0,False,True,False
proxy_hardened_no_worst_hours_high_margin,2025-11-20,1,0,-16.79405198674165,0.0,16.79405198674165,1638.8508069090285,16.79405198674158,1.0143511089656236,False,False,True
proxy_hardened_no_worst_hours_high_margin,2025-11-21,2,0,-32.3251384591787,0.0,32.3251384591787,1606.52566844985,49.11919044592014,2.96677093411688,False,False,True
proxy_hardened_no_worst_hours_high_margin,2025-11-23,0,0,0.0,0.0,0.0,1606.52566844985,0.0,0.0,False,False,False
proxy_hardened_no_worst_hours_high_margin,2025-11-24,1,0,19.93456242090626,19.93456242090626,0.0,1626.4602308707563,29.184628025013808,1.7627347959440078,False,True,False
proxy_hardened_no_worst_hours_high_margin,2025-11-25,0,0,0.0,0.0,0.0,1626.4602308707563,0.0,0.0,False,False,False
proxy_hardened_no_worst_hours_high_margin,2025-11-26,0,0,0.0,0.0,0.0,1626.4602308707563,0.0,0.0,False,False,False
proxy_hardened_no_worst_hours_high_margin,2025-11-27,0,0,0.0,0.0,0.0,1626.4602308707563,0.0,0.0,False,False,False
proxy_hardened_no_worst_hours_high_margin,2025-11-28,1,0,23.381412893911076,23.381412893911076,0.0,1649.8416437646674,5.803215131102661,0.35051086589747915,False,True,False
proxy_hardened_no_worst_hours_high_margin,2025-11-30,0,0,0.0,0.0,0.0,1649.8416437646674,0.0,0.0,False,False,False
proxy_hardened_no_worst_hours_high_margin,2025-12-01,0,0,0.0,0.0,0.0,1649.8416437646674,0.0,0.0,False,False,False
proxy_hardened_no_worst_hours_high_margin,2025-12-02,0,0,0.0,0.0,0.0,1649.8416437646674,0.0,0.0,False,False,False
proxy_hardened_no_worst_hours_high_margin,2025-12-03,1,0,-14.90649119582311,0.0,14.90649119582311,1634.9351525688444,20.709706326925698,1.2508543855678087,False,False,True
proxy_hardened_no_worst_hours_high_margin,2025-12-04,0,0,0.0,0.0,0.0,1634.9351525688444,0.0,0.0,False,False,False
proxy_hardened_no_worst_hours_high_margin,2025-12-05,1,0,17.790075494457525,17.790075494457525,0.0,1652.725228063302,2.9196308324681013,0.17634402793455023,False,True,False
proxy_hardened_no_worst_hours_high_margin,2025-12-07,0,0,0.0,0.0,0.0,1652.725228063302,0.0,0.0,False,False,False
proxy_hardened_no_worst_hours_high_margin,2025-12-08,0,0,0.0,0.0,0.0,1652.725228063302,0.0,0.0,False,False,False
proxy_hardened_no_worst_hours_high_margin,2025-12-09,2,1,-17.630328997808792,0.0,17.630328997808792,1635.0948990654933,20.549959830276748,1.2412057887814487,True,False,True
proxy_hardened_no_worst_hours_high_margin,2025-12-10,0,0,0.0,0.0,0.0,1635.0948990654933,0.0,0.0,False,False,False
proxy_hardened_no_worst_hours_high_margin,2025-12-11,0,0,0.0,0.0,0.0,1635.0948990654933,0.0,0.0,False,False,False
proxy_hardened_no_worst_hours_high_margin,2025-12-12,0,0,0.0,0.0,0.0,1635.0948990654933,0.0,0.0,False,False,False
proxy_hardened_no_worst_hours_high_margin,2025-12-14,0,0,0.0,0.0,0.0,1635.0948990654933,0.0,0.0,False,False,False
proxy_hardened_no_worst_hours_high_margin,2025-12-15,0,0,0.0,0.0,0.0,1635.0948990654933,0.0,0.0,False,False,False
proxy_hardened_no_worst_hours_high_margin,2025-12-16,2,0,12.25207360999215,24.97735393723626,12.725280327244109,1647.3469726754856,33.275240157520784,2.0098054228679003,False,True,False
proxy_hardened_no_worst_hours_high_margin,2025-12-17,1,0,-11.609321657269065,0.0,11.609321657269065,1635.7376510182166,19.907207877553446,1.20238393944161,False,False,True
proxy_hardened_no_worst_hours_high_margin,2025-12-18,0,0,0.0,0.0,0.0,1635.7376510182166,0.0,0.0,False,False,False
proxy_hardened_no_worst_hours_high_margin,2025-12-19,1,0,20.53074898601419,20.53074898601419,0.0,1656.268400004231,0.0,0.0,False,True,False
proxy_hardened_no_worst_hours_high_margin,2025-12-21,0,0,0.0,0.0,0.0,1656.268400004231,0.0,0.0,False,False,False
proxy_hardened_no_worst_hours_high_margin,2025-12-22,1,0,19.792758174062257,19.792758174062257,0.0,1676.0611581782932,0.0,0.0,False,True,False
proxy_hardened_no_worst_hours_high_margin,2025-12-23,2,0,11.67442329667105,20.567664730282488,8.893241433611438,1687.7355814749644,8.893241433611365,0.5306036352084794,False,True,False
proxy_hardened_no_worst_hours_high_margin,2025-12-24,0,0,0.0,0.0,0.0,1687.7355814749644,0.0,0.0,False,False,False
proxy_hardened_no_worst_hours_high_margin,2025-12-25,0,0,0.0,0.0,0.0,1687.7355814749644,0.0,0.0,False,False,False
proxy_hardened_no_worst_hours_high_margin,2025-12-26,1,0,-9.08307545079977,0.0,9.08307545079977,1678.6525060241647,9.083075450799697,0.5381811908510997,False,False,True
proxy_hardened_no_worst_hours_high_margin,2025-12-28,0,0,0.0,0.0,0.0,1678.6525060241647,0.0,0.0,False,False,False
proxy_hardened_no_worst_hours_high_margin,2025-12-29,0,0,0.0,0.0,0.0,1678.6525060241647,0.0,0.0,False,False,False
proxy_hardened_no_worst_hours_high_margin,2025-12-30,0,0,0.0,0.0,0.0,1678.6525060241647,0.0,0.0,False,False,False
proxy_hardened_no_worst_hours_high_margin,2025-12-31,0,0,0.0,0.0,0.0,1678.6525060241647,0.0,0.0,False,False,False
proxy_hardened_no_worst_hours_high_margin,2026-01-01,0,0,0.0,0.0,0.0,1678.6525060241647,0.0,0.0,False,False,False
proxy_hardened_no_worst_hours_high_margin,2026-01-02,0,0,0.0,0.0,0.0,1678.6525060241647,0.0,0.0,False,False,False
proxy_hardened_no_worst_hours_high_margin,2026-01-04,0,0,0.0,0.0,0.0,1678.6525060241647,0.0,0.0,False,False,False
proxy_hardened_no_worst_hours_high_margin,2026-01-05,2,0,13.611646546402737,27.61756596742991,14.005919421027174,1692.2641525705676,14.005919421027102,0.8208500899672403,False,True,False
proxy_hardened_no_worst_hours_high_margin,2026-01-06,1,0,-14.304290725317587,0.0,14.304290725317587,1677.95986184525,28.310210146344616,1.6591869371125014,False,False,True
proxy_hardened_no_worst_hours_high_margin,2026-01-07,0,0,0.0,0.0,0.0,1677.95986184525,0.0,0.0,False,False,False
proxy_hardened_no_worst_hours_high_margin,2026-01-08,2,1,-24.718437501688786,0.0,24.718437501688786,1653.2414243435614,53.02864764803326,3.1078695288921696,True,False,True
proxy_hardened_no_worst_hours_high_margin,2026-01-09,2,0,59.18314761995666,59.18314761995666,0.0,1712.4245719635182,24.197025273785584,1.4181239928531537,False,True,False
proxy_hardened_no_worst_hours_high_margin,2026-01-11,0,0,0.0,0.0,0.0,1712.4245719635182,0.0,0.0,False,False,False
proxy_hardened_no_worst_hours_high_margin,2026-01-12,2,0,14.004414913235307,28.196124319465454,14.191709406230148,1726.4289868767537,14.191709406230075,0.8153246388794425,False,True,False
proxy_hardened_no_worst_hours_high_margin,2026-01-13,1,0,-16.07717251828133,0.0,16.07717251828133,1710.3518143584724,30.268881924511334,1.7389705861333922,False,False,True
proxy_hardened_no_worst_hours_high_margin,2026-01-14,1,0,-13.767509282004612,0.0,13.767509282004612,1696.584305076468,44.03639120651587,2.5299246010663654,False,False,True
proxy_hardened_no_worst_hours_high_margin,2026-01-15,0,0,0.0,0.0,0.0,1696.584305076468,0.0,0.0,False,False,False
proxy_hardened_no_worst_hours_high_margin,2026-01-16,0,0,0.0,0.0,0.0,1696.584305076468,0.0,0.0,False,False,False
proxy_hardened_no_worst_hours_high_margin,2026-01-18,0,0,0.0,0.0,0.0,1696.584305076468,0.0,0.0,False,False,False
proxy_hardened_no_worst_hours_high_margin,2026-01-19,0,0,0.0,0.0,0.0,1696.584305076468,0.0,0.0,False,False,False
proxy_hardened_no_worst_hours_high_margin,2026-01-20,1,0,20.576139135401647,20.576139135401647,0.0,1717.1604442118696,23.460252071114155,1.3478095555920055,False,True,False
proxy_hardened_no_worst_hours_high_margin,2026-01-21,1,0,-14.878137071019482,0.0,14.878137071019482,1702.2823071408502,38.338389142133565,2.202569992647074,False,False,True
proxy_hardened_no_worst_hours_high_margin,2026-01-22,0,0,0.0,0.0,0.0,1702.2823071408502,0.0,0.0,False,False,False
proxy_hardened_no_worst_hours_high_margin,2026-01-23,2,0,69.23360810122708,69.23360810122708,0.0,1771.5159152420774,5.805202446999829,0.33351335298934304,False,True,False
proxy_hardened_no_worst_hours_high_margin,2026-01-25,0,0,0.0,0.0,0.0,1771.5159152420774,0.0,0.0,False,False,False
proxy_hardened_no_worst_hours_high_margin,2026-01-26,1,0,-18.93606633287716,0.0,18.93606633287716,1752.5798489092003,18.93606633287709,1.068918781364122,False,False,True
proxy_hardened_no_worst_hours_high_margin,2026-01-27,0,0,0.0,0.0,0.0,1752.5798489092003,0.0,0.0,False,False,False
proxy_hardened_no_worst_hours_high_margin,2026-01-28,0,0,0.0,0.0,0.0,1752.5798489092003,0.0,0.0,False,False,False
proxy_hardened_no_worst_hours_high_margin,2026-01-29,1,0,-34.19215145866481,0.0,34.19215145866481,1718.3876974505356,53.12821779154183,2.999025712071114,False,False,True
proxy_hardened_no_worst_hours_high_margin,2026-01-30,1,0,151.14308532880014,151.14308532880014,0.0,1869.5307827793358,0.0,0.0,False,True,False
proxy_hardened_no_worst_hours_high_margin,2026-02-01,0,0,0.0,0.0,0.0,1869.5307827793358,0.0,0.0,False,False,False
proxy_hardened_no_worst_hours_high_margin,2026-02-02,0,0,0.0,0.0,0.0,1869.5307827793358,0.0,0.0,False,False,False
proxy_hardened_no_worst_hours_high_margin,2026-02-03,0,0,0.0,0.0,0.0,1869.5307827793358,0.0,0.0,False,False,False
proxy_hardened_no_worst_hours_high_margin,2026-02-04,0,0,0.0,0.0,0.0,1869.5307827793358,0.0,0.0,False,False,False
proxy_hardened_no_worst_hours_high_margin,2026-02-05,1,0,90.96292889887529,90.96292889887529,0.0,1960.4937116782112,0.0,0.0,False,True,False
proxy_hardened_no_worst_hours_high_margin,2026-02-06,0,0,0.0,0.0,0.0,1960.4937116782112,0.0,0.0,False,False,False
proxy_hardened_no_worst_hours_high_margin,2026-02-08,0,0,0.0,0.0,0.0,1960.4937116782112,0.0,0.0,False,False,False
proxy_hardened_no_worst_hours_high_margin,2026-02-09,1,0,-21.32151032398913,0.0,21.32151032398913,1939.1722013542221,21.32151032398906,1.0875582103110923,False,False,True
proxy_hardened_no_worst_hours_high_margin,2026-02-10,0,0,0.0,0.0,0.0,1939.1722013542221,0.0,0.0,False,False,False
proxy_hardened_no_worst_hours_high_margin,2026-02-11,0,0,0.0,0.0,0.0,1939.1722013542221,0.0,0.0,False,False,False
proxy_hardened_no_worst_hours_high_margin,2026-02-12,0,0,0.0,0.0,0.0,1939.1722013542221,0.0,0.0,False,False,False
proxy_hardened_no_worst_hours_high_margin,2026-02-13,1,0,-22.45719029573418,0.0,22.45719029573418,1916.715011058488,43.77870061972317,2.233044684557951,False,False,True
proxy_hardened_no_worst_hours_high_margin,2026-02-15,0,0,0.0,0.0,0.0,1916.715011058488,0.0,0.0,False,False,False
proxy_hardened_no_worst_hours_high_margin,2026-02-16,0,0,0.0,0.0,0.0,1916.715011058488,0.0,0.0,False,False,False
proxy_hardened_no_worst_hours_high_margin,2026-02-17,1,0,34.922995095531334,34.922995095531334,0.0,1951.6380061540194,8.855705524191762,0.4517079280305954,False,True,False
proxy_hardened_no_worst_hours_high_margin,2026-02-18,1,0,-13.832948182244836,0.0,13.832948182244836,1937.8050579717747,22.688653706436526,1.1572928579819166,False,False,True
proxy_hardened_no_worst_hours_high_margin,2026-02-19,1,0,-19.75034326587054,0.0,19.75034326587054,1918.0547147059042,42.438996972306995,2.1647096708093287,False,False,True
proxy_hardened_no_worst_hours_high_margin,2026-02-20,0,0,0.0,0.0,0.0,1918.0547147059042,0.0,0.0,False,False,False
proxy_hardened_no_worst_hours_high_margin,2026-02-22,0,0,0.0,0.0,0.0,1918.0547147059042,0.0,0.0,False,False,False
proxy_hardened_no_worst_hours_high_margin,2026-02-23,0,0,0.0,0.0,0.0,1918.0547147059042,0.0,0.0,False,False,False
proxy_hardened_no_worst_hours_high_margin,2026-02-24,0,0,0.0,0.0,0.0,1918.0547147059042,0.0,0.0,False,False,False
proxy_hardened_no_worst_hours_high_margin,2026-02-25,0,0,0.0,0.0,0.0,1918.0547147059042,0.0,0.0,False,False,False
proxy_hardened_no_worst_hours_high_margin,2026-02-26,0,0,0.0,0.0,0.0,1918.0547147059042,0.0,0.0,False,False,False
proxy_hardened_no_worst_hours_high_margin,2026-02-27,1,0,38.45800222025893,38.45800222025893,0.0,1956.5127169261632,3.980994752047991,0.2030608273994514,False,True,False
proxy_hardened_no_worst_hours_high_margin,2026-03-01,0,0,0.0,0.0,0.0,1956.5127169261632,0.0,0.0,False,False,False
proxy_hardened_no_worst_hours_high_margin,2026-03-02,1,0,-23.141631776123248,0.0,23.141631776123248,1933.37108515004,27.122626528171168,1.3834589913044812,False,False,True
proxy_hardened_no_worst_hours_high_margin,2026-03-03,0,0,0.0,0.0,0.0,1933.37108515004,0.0,0.0,False,False,False
proxy_hardened_no_worst_hours_high_margin,2026-03-04,0,0,0.0,0.0,0.0,1933.37108515004,0.0,0.0,False,False,False
proxy_hardened_no_worst_hours_high_margin,2026-03-05,0,0,0.0,0.0,0.0,1933.37108515004,0.0,0.0,False,False,False
proxy_hardened_no_worst_hours_high_margin,2026-03-06,1,0,-20.6220317270773,0.0,20.6220317270773,1912.7490534229628,47.744658255248396,2.435338505338957,False,False,True
proxy_hardened_no_worst_hours_high_margin,2026-03-08,0,0,0.0,0.0,0.0,1912.7490534229628,0.0,0.0,False,False,False
proxy_hardened_no_worst_hours_high_margin,2026-03-09,0,0,0.0,0.0,0.0,1912.7490534229628,0.0,0.0,False,False,False
proxy_hardened_no_worst_hours_high_margin,2026-03-10,1,0,41.20452595136332,41.20452595136332,0.0,1953.9535793743262,6.540132303885002,0.3335961888032048,False,True,False
proxy_hardened_no_worst_hours_high_margin,2026-03-11,0,0,0.0,0.0,0.0,1953.9535793743262,0.0,0.0,False,False,False
proxy_hardened_no_worst_hours_high_margin,2026-03-12,1,0,-11.712103226437721,0.0,11.712103226437721,1942.2414761478885,18.25223553032265,0.9310019930999152,False,False,True
proxy_hardened_no_worst_hours_high_margin,2026-03-13,2,0,19.327746680937565,34.82134797412884,15.493601293191277,1961.5692228288262,33.745836823513855,1.721292785715029,False,True,False
proxy_hardened_no_worst_hours_high_margin,2026-03-15,0,0,0.0,0.0,0.0,1961.5692228288262,0.0,0.0,False,False,False
proxy_hardened_no_worst_hours_high_margin,2026-03-16,1,0,-19.402432489464516,0.0,19.402432489464516,1942.1667903393618,19.402432489464445,0.9891281053790052,False,False,True
proxy_hardened_no_worst_hours_high_margin,2026-03-17,0,0,0.0,0.0,0.0,1942.1667903393618,0.0,0.0,False,False,False
proxy_hardened_no_worst_hours_high_margin,2026-03-18,1,0,23.51002388497902,23.51002388497902,0.0,1965.676814224341,0.0,0.0,False,True,False
proxy_hardened_no_worst_hours_high_margin,2026-03-19,1,0,-57.336288248420786,0.0,57.336288248420786,1908.3405259759202,57.336288248420715,2.91687259235673,False,False,True
proxy_hardened_no_worst_hours_high_margin,2026-03-20,1,0,54.96915717163567,54.96915717163567,0.0,1963.309683147556,2.367131076784972,0.12042320790760536,False,True,False
proxy_hardened_no_worst_hours_high_margin,2026-03-22,0,0,0.0,0.0,0.0,1963.309683147556,0.0,0.0,False,False,False
proxy_hardened_no_worst_hours_high_margin,2026-03-23,1,0,-67.94001186803878,0.0,67.94001186803878,1895.3696712795172,70.30714294482368,3.576739697800576,False,False,True
proxy_hardened_no_worst_hours_high_margin,2026-03-24,0,0,0.0,0.0,0.0,1895.3696712795172,0.0,0.0,False,False,False
proxy_hardened_no_worst_hours_high_margin,2026-03-25,0,0,0.0,0.0,0.0,1895.3696712795172,0.0,0.0,False,False,False
proxy_hardened_no_worst_hours_high_margin,2026-03-26,2,0,29.69490086971004,56.48805449858894,26.793153628878898,1925.0645721492274,97.10029657370251,4.939789484774406,False,True,False
proxy_hardened_no_worst_hours_high_margin,2026-03-27,1,0,-18.710483050658766,0.0,18.710483050658766,1906.3540890985687,59.322725125772195,3.0179287203517755,False,False,True
proxy_hardened_no_worst_hours_high_margin,2026-03-29,0,0,0.0,0.0,0.0,1906.3540890985687,0.0,0.0,False,False,False
proxy_hardened_no_worst_hours_high_margin,2026-03-30,0,0,0.0,0.0,0.0,1906.3540890985687,0.0,0.0,False,False,False
proxy_hardened_no_worst_hours_high_margin,2026-03-31,0,0,0.0,0.0,0.0,1906.3540890985687,0.0,0.0,False,False,False
proxy_hardened_no_worst_hours_high_margin,2026-04-01,2,1,87.09030448776124,87.09030448776124,0.0,1993.44439358633,18.706110173156958,0.9516371174443758,True,True,False
proxy_hardened_no_worst_hours_high_margin,2026-04-02,0,0,0.0,0.0,0.0,1993.44439358633,0.0,0.0,False,False,False
proxy_hardened_no_worst_hours_high_margin,2026-04-05,0,0,0.0,0.0,0.0,1993.44439358633,0.0,0.0,False,False,False
proxy_hardened_no_worst_hours_high_margin,2026-04-06,0,0,0.0,0.0,0.0,1993.44439358633,0.0,0.0,False,False,False
proxy_hardened_no_worst_hours_high_margin,2026-04-07,0,0,0.0,0.0,0.0,1993.44439358633,0.0,0.0,False,False,False
proxy_hardened_no_worst_hours_high_margin,2026-04-08,0,0,0.0,0.0,0.0,1993.44439358633,0.0,0.0,False,False,False
proxy_hardened_no_worst_hours_high_margin,2026-04-09,1,0,-17.740560327214624,0.0,17.740560327214624,1975.7038332591155,17.740560327214553,0.8899450812017978,False,False,True
proxy_hardened_no_worst_hours_high_margin,2026-04-10,0,0,0.0,0.0,0.0,1975.7038332591155,0.0,0.0,False,False,False
proxy_hardened_no_worst_hours_high_margin,2026-04-12,0,0,0.0,0.0,0.0,1975.7038332591155,0.0,0.0,False,False,False
proxy_hardened_no_worst_hours_high_margin,2026-04-13,0,0,0.0,0.0,0.0,1975.7038332591155,0.0,0.0,False,False,False
proxy_hardened_no_worst_hours_high_margin,2026-04-14,2,0,22.003702772508262,35.15572528090517,13.152022508396913,1997.707536031624,30.892582835611393,1.5497087821965136,False,True,False
proxy_hardened_no_worst_hours_high_margin,2026-04-15,1,0,-13.712483610085728,0.0,13.712483610085728,1983.9950524215383,13.712483610085656,0.6864109667086217,False,False,True
proxy_hardened_no_worst_hours_high_margin,2026-04-16,0,0,0.0,0.0,0.0,1983.9950524215383,0.0,0.0,False,False,False
proxy_hardened_no_worst_hours_high_margin,2026-04-17,1,0,-16.886813485797646,0.0,16.886813485797646,1967.1082389357407,30.59929709588323,1.5317205618930418,False,False,True
proxy_hardened_no_worst_hours_high_margin,2026-04-19,0,0,0.0,0.0,0.0,1967.1082389357407,0.0,0.0,False,False,False
proxy_hardened_no_worst_hours_high_margin,2026-04-20,1,0,-14.251127766492646,0.0,14.251127766492646,1952.8571111692481,44.8504248623758,2.2450946424054443,False,False,True
proxy_hardened_no_worst_hours_high_margin,2026-04-21,2,0,22.717300443941753,33.89136154198415,11.174061098042403,1975.57441161319,56.02448596041813,2.8044388355118697,False,True,False
proxy_hardened_no_worst_hours_high_margin,2026-04-22,2,0,13.264607824075794,23.455732974258282,10.191125150182488,1988.839019437266,32.324249568616324,1.6180671587607518,False,True,False
proxy_hardened_no_worst_hours_high_margin,2026-04-23,1,0,-13.737386463059083,0.0,13.737386463059083,1975.101632974207,22.60590305741698,1.1315922200665476,False,False,True
proxy_hardened_no_worst_hours_high_margin,2026-04-24,0,0,0.0,0.0,0.0,1975.101632974207,0.0,0.0,False,False,False
proxy_hardened_no_worst_hours_high_margin,2026-04-26,0,0,0.0,0.0,0.0,1975.101632974207,0.0,0.0,False,False,False
proxy_hardened_no_worst_hours_high_margin,2026-04-27,1,0,24.242862109727795,24.242862109727795,0.0,1999.3444950839348,0.0,0.0,False,True,False
proxy_hardened_no_worst_hours_high_margin,2026-04-28,0,0,0.0,0.0,0.0,1999.3444950839348,0.0,0.0,False,False,False
proxy_hardened_no_worst_hours_high_margin,2026-04-29,2,0,-7.2735651928989995,26.645948850863462,33.91951404376246,1992.0709298910358,33.91951404376255,1.6742188565255722,False,False,True
proxy_hardened_no_worst_hours_high_margin,2026-04-30,0,0,0.0,0.0,0.0,1992.0709298910358,0.0,0.0,False,False,False
proxy_hardened_no_worst_hours_high_margin,2026-05-01,0,0,0.0,0.0,0.0,1992.0709298910358,0.0,0.0,False,False,False
proxy_hardened_no_worst_hours_high_margin,2026-05-03,0,0,0.0,0.0,0.0,1992.0709298910358,0.0,0.0,False,False,False
proxy_hardened_no_worst_hours_high_margin,2026-05-04,1,0,34.4525188539955,34.4525188539955,0.0,2026.5234487450314,0.0,0.0,False,True,False
proxy_hardened_no_worst_hours_high_margin,2026-05-05,0,0,0.0,0.0,0.0,2026.5234487450314,0.0,0.0,False,False,False
proxy_hardened_no_worst_hours_high_margin,2026-05-06,1,0,50.759985362394076,50.759985362394076,0.0,2077.2834341074254,0.0,0.0,False,True,False
proxy_hardened_no_worst_hours_high_margin,2026-05-07,1,0,56.76759457862485,56.76759457862485,0.0,2134.0510286860504,0.0,0.0,False,True,False
