strategy_name,paper_order_id,entry_time,equity_before,equity_after,running_equity_high,drawdown_eur,drawdown_percent,lot_size,pnl_eur
proxy_hardened_no_worst_hours,proxy_hardened_no_worst_hours-000001,2022-02-16 13:30:00,1000.0,1006.2710853635593,1006.2710853635593,0.0,0.0,0.01,6.2710853635593775
proxy_hardened_no_worst_hours,proxy_hardened_no_worst_hours-000002,2022-02-16 19:30:00,1006.2710853635593,1014.9760953671278,1014.9760953671278,0.0,0.0,0.01,8.705010003568459
proxy_hardened_no_worst_hours,proxy_hardened_no_worst_hours-000003,2022-02-18 14:30:00,1014.9760953671278,1010.9061783668698,1014.9760953671278,4.069917000257988,0.40098648813850685,0.01,-4.069917000257947
proxy_hardened_no_worst_hours,proxy_hardened_no_worst_hours-000004,2022-02-18 18:00:00,1010.9061783668698,1018.7164441190032,1018.7164441190032,0.0,0.0,0.01,7.810265752133473
proxy_hardened_no_worst_hours,proxy_hardened_no_worst_hours-000005,2022-02-21 13:00:00,1018.7164441190032,1015.1885571738779,1018.7164441190032,3.5278869451252604,0.34630705781688004,0.01,-3.5278869451252195
proxy_hardened_no_worst_hours,proxy_hardened_no_worst_hours-000006,2022-02-23 19:30:00,1015.1885571738779,1021.6083030117727,1021.6083030117727,0.0,0.0,0.01,6.419745837894807
proxy_hardened_no_worst_hours,proxy_hardened_no_worst_hours-000007,2022-02-28 14:45:00,1021.6083030117727,1014.8982176153908,1021.6083030117727,6.710085396381942,0.656815863438085,0.01,-6.710085396381901
proxy_hardened_no_worst_hours,proxy_hardened_no_worst_hours-000008,2022-02-28 21:15:00,1014.8982176153908,1009.9041806005002,1021.6083030117727,11.704122411272465,1.1456565473056448,0.01,-4.994037014890482
proxy_hardened_no_worst_hours,proxy_hardened_no_worst_hours-000009,2022-03-01 15:00:00,1009.9041806005002,1022.4283047741889,1022.4283047741889,0.0,0.0,0.01,12.52412417368866
proxy_hardened_no_worst_hours,proxy_hardened_no_worst_hours-000010,2022-03-03 10:30:00,1022.4283047741889,1017.5421817692554,1022.4283047741889,4.886123004933438,0.47789394934763424,0.01,-4.886123004933397
proxy_hardened_no_worst_hours,proxy_hardened_no_worst_hours-000011,2022-03-03 21:45:00,1017.5421817692554,1025.2904585560016,1025.2904585560016,0.0,0.0,0.01,7.748276786746073
proxy_hardened_no_worst_hours,proxy_hardened_no_worst_hours-000012,2022-03-04 10:00:00,1025.2904585560016,1034.5057367012328,1034.5057367012328,0.0,0.0,0.01,9.215278145231123
proxy_hardened_no_worst_hours,proxy_hardened_no_worst_hours-000013,2022-03-04 15:00:00,1034.5057367012328,1048.7627692852427,1048.7627692852427,0.0,0.0,0.01,14.257032584009876
proxy_hardened_no_worst_hours,proxy_hardened_no_worst_hours-000014,2022-03-08 10:30:00,1048.7627692852427,1063.906065515357,1063.906065515357,0.0,0.0,0.01,15.143296230114329
proxy_hardened_no_worst_hours,proxy_hardened_no_worst_hours-000015,2022-03-08 18:15:00,1063.906065515357,1045.431899391189,1063.906065515357,18.47416612416805,1.7364471096627452,0.01,-18.47416612416812
proxy_hardened_no_worst_hours,proxy_hardened_no_worst_hours-000016,2022-03-10 14:15:00,1045.431899391189,1035.7052889374154,1063.906065515357,28.200776577941724,2.650682940159876,0.01,-9.726610453773747
proxy_hardened_no_worst_hours,proxy_hardened_no_worst_hours-000017,2022-03-11 14:30:00,1035.7052889374154,1024.7592969070345,1063.906065515357,39.146768608322645,3.6795324208777695,0.01,-10.945992030380994
proxy_hardened_no_worst_hours,proxy_hardened_no_worst_hours-000018,2022-03-14 13:00:00,1024.7592969070345,1038.6795024897829,1063.906065515357,25.22656302557425,2.3711269108475737,0.01,13.920205582748322
proxy_hardened_no_worst_hours,proxy_hardened_no_worst_hours-000019,2022-03-15 10:00:00,1038.6795024897829,1050.9456123161524,1063.906065515357,12.960453199204721,1.218195254195366,0.01,12.266109826369457
proxy_hardened_no_worst_hours,proxy_hardened_no_worst_hours-000020,2022-03-15 13:30:00,1050.9456123161524,1066.6633818637763,1066.6633818637763,0.0,0.0,0.01,15.71776954762383
proxy_hardened_no_worst_hours,proxy_hardened_no_worst_hours-000021,2022-03-18 10:00:00,1066.6633818637763,1062.6087808379114,1066.6633818637763,4.05460102586494,0.38012001675545976,0.01,-4.054601025865013
proxy_hardened_no_worst_hours,proxy_hardened_no_worst_hours-000022,2022-03-18 13:00:00,1062.6087808379114,1072.991745329405,1072.991745329405,0.0,0.0,0.01,10.382964491493494
proxy_hardened_no_worst_hours,proxy_hardened_no_worst_hours-000023,2022-03-21 19:00:00,1072.991745329405,1068.069369764248,1072.991745329405,4.922375565156926,0.45875241692989666,0.01,-4.922375565156999
proxy_hardened_no_worst_hours,proxy_hardened_no_worst_hours-000024,2022-03-22 10:00:00,1068.069369764248,1075.607278183352,1075.607278183352,0.0,0.0,0.01,7.537908419103969
proxy_hardened_no_worst_hours,proxy_hardened_no_worst_hours-000025,2022-03-23 14:15:00,1075.607278183352,1070.9084516024252,1075.607278183352,4.698826580926834,0.43685336425604354,0.01,-4.698826580926907
proxy_hardened_no_worst_hours,proxy_hardened_no_worst_hours-000026,2022-03-24 10:00:00,1070.9084516024252,1077.3339481211335,1077.3339481211335,0.0,0.0,0.01,6.425496518708242
proxy_hardened_no_worst_hours,proxy_hardened_no_worst_hours-000027,2022-03-24 13:45:00,1077.3339481211335,1089.7289510696814,1089.7289510696814,0.0,0.0,0.01,12.395002948547853
proxy_hardened_no_worst_hours,proxy_hardened_no_worst_hours-000028,2022-03-30 18:30:00,1089.7289510696814,1085.570758480009,1089.7289510696814,4.158192589672353,0.3815804458155084,0.01,-4.158192589672426
proxy_hardened_no_worst_hours,proxy_hardened_no_worst_hours-000029,2022-03-31 10:00:00,1085.570758480009,1081.6272566723023,1089.7289510696814,8.101694397379106,0.7434595905180326,0.01,-3.9435018077068253
proxy_hardened_no_worst_hours,proxy_hardened_no_worst_hours-000030,2022-04-06 14:00:00,1081.6272566723023,1075.8479566324704,1089.7289510696814,13.88099443721103,1.273802483047312,0.01,-5.7793000398319965
proxy_hardened_no_worst_hours,proxy_hardened_no_worst_hours-000031,2022-04-07 18:15:00,1075.8479566324704,1072.1196070698409,1089.7289510696814,17.609343999840576,1.6159379800412925,0.01,-3.728349562629619
proxy_hardened_no_worst_hours,proxy_hardened_no_worst_hours-000032,2022-04-08 15:45:00,1072.1196070698409,1082.362333580804,1089.7289510696814,7.366617488877409,0.676004568075971,0.01,10.242726510963093
proxy_hardened_no_worst_hours,proxy_hardened_no_worst_hours-000033,2022-04-11 19:15:00,1082.362333580804,1091.1276422686003,1091.1276422686003,0.0,0.0,0.01,8.765308687796205
proxy_hardened_no_worst_hours,proxy_hardened_no_worst_hours-000034,2022-04-12 13:45:00,1091.1276422686003,1103.991034863206,1103.991034863206,0.0,0.0,0.01,12.863392594605711
proxy_hardened_no_worst_hours,proxy_hardened_no_worst_hours-000035,2022-04-12 19:00:00,1103.991034863206,1098.6825802503126,1103.991034863206,5.308454612893456,0.4808421848779976,0.01,-5.308454612893529
proxy_hardened_no_worst_hours,proxy_hardened_no_worst_hours-000036,2022-04-13 13:15:00,1098.6825802503126,1093.627494083175,1103.991034863206,10.363540780031144,0.9387341430100721,0.01,-5.055086167137761
proxy_hardened_no_worst_hours,proxy_hardened_no_worst_hours-000037,2022-04-18 13:45:00,1093.627494083175,1089.6810275749262,1103.991034863206,14.310007288279849,1.2962068383148582,0.01,-3.9464665082487773
proxy_hardened_no_worst_hours,proxy_hardened_no_worst_hours-000038,2022-04-21 14:00:00,1089.6810275749262,1084.3254065204687,1103.991034863206,19.665628342737364,1.7813213804923789,0.01,-5.355621054457588
proxy_hardened_no_worst_hours,proxy_hardened_no_worst_hours-000039,2022-04-22 14:30:00,1084.3254065204687,1097.0631348202883,1103.991034863206,6.927900042917827,0.6275322737359232,0.01,12.737728299819464
proxy_hardened_no_worst_hours,proxy_hardened_no_worst_hours-000040,2022-04-25 10:00:00,1097.0631348202883,1105.9615623905736,1105.9615623905736,0.0,0.0,0.01,8.898427570285248
proxy_hardened_no_worst_hours,proxy_hardened_no_worst_hours-000041,2022-04-27 10:00:00,1105.9615623905736,1100.9522941429675,1105.9615623905736,5.009268247606087,0.45293330418991984,0.01,-5.00926824760616
proxy_hardened_no_worst_hours,proxy_hardened_no_worst_hours-000042,2022-04-27 13:00:00,1100.9522941429675,1112.1232816521094,1112.1232816521094,0.0,0.0,0.01,11.17098750914185
proxy_hardened_no_worst_hours,proxy_hardened_no_worst_hours-000043,2022-04-28 22:15:00,1112.1232816521094,1118.724345386348,1118.724345386348,0.0,0.0,0.01,6.601063734238478
proxy_hardened_no_worst_hours,proxy_hardened_no_worst_hours-000044,2022-05-03 10:30:00,1118.724345386348,1114.4812977972658,1118.724345386348,4.243047589082153,0.37927552096104866,0.01,-4.2430475890822255
proxy_hardened_no_worst_hours,proxy_hardened_no_worst_hours-000045,2022-05-05 10:15:00,1114.4812977972658,1122.1671893563778,1122.1671893563778,0.0,0.0,0.01,7.685891559111878
proxy_hardened_no_worst_hours,proxy_hardened_no_worst_hours-000046,2022-05-09 13:30:00,1122.1671893563778,1133.0872143542317,1133.0872143542317,0.0,0.0,0.01,10.92002499785387
proxy_hardened_no_worst_hours,proxy_hardened_no_worst_hours-000047,2022-05-10 14:15:00,1133.0872143542317,1142.1430368133206,1142.1430368133206,0.0,0.0,0.01,9.055822459088786
proxy_hardened_no_worst_hours,proxy_hardened_no_worst_hours-000048,2022-05-12 10:00:00,1142.1430368133206,1150.9925354730149,1150.9925354730149,0.0,0.0,0.01,8.849498659694218
proxy_hardened_no_worst_hours,proxy_hardened_no_worst_hours-000049,2022-05-12 13:00:00,1150.9925354730149,1161.6990808381465,1161.6990808381465,0.0,0.0,0.01,10.706545365131587
proxy_hardened_no_worst_hours,proxy_hardened_no_worst_hours-000050,2022-05-13 15:15:00,1161.6990808381465,1174.4986219333236,1174.4986219333236,0.0,0.0,0.01,12.799541095177046
proxy_hardened_no_worst_hours,proxy_hardened_no_worst_hours-000051,2022-05-18 13:45:00,1174.4986219333236,1169.6227239026161,1174.4986219333236,4.8758980307075035,0.41514719043955667,0.01,-4.875898030707576
proxy_hardened_no_worst_hours,proxy_hardened_no_worst_hours-000052,2022-05-19 19:00:00,1169.6227239026161,1165.5279191344114,1174.4986219333236,8.97070279891227,0.7637899807958684,0.01,-4.09480476820484
proxy_hardened_no_worst_hours,proxy_hardened_no_worst_hours-000053,2022-05-24 10:45:00,1165.5279191344114,1162.5418176039366,1174.4986219333236,11.956804329387069,1.018034768717324,0.01,-2.986101530474871
proxy_hardened_no_worst_hours,proxy_hardened_no_worst_hours-000054,2022-05-24 13:30:00,1162.5418176039366,1169.8932663239798,1174.4986219333236,4.60535560934386,0.3921124744925675,0.01,7.351448720043136
proxy_hardened_no_worst_hours,proxy_hardened_no_worst_hours-000055,2022-05-26 15:00:00,1169.8932663239798,1164.9653476030694,1174.4986219333236,9.533274330254244,0.8116888476686053,0.01,-4.927918720910457
proxy_hardened_no_worst_hours,proxy_hardened_no_worst_hours-000056,2022-05-27 10:45:00,1164.9653476030694,1162.0820738404834,1174.4986219333236,12.41654809284023,1.0571786003802666,0.01,-2.883273762586059
proxy_hardened_no_worst_hours,proxy_hardened_no_worst_hours-000057,2022-05-31 14:45:00,1162.0820738404834,1172.0555816537187,1174.4986219333236,2.4430402796049293,0.20800707927468481,0.01,9.973507813235228
proxy_hardened_no_worst_hours,proxy_hardened_no_worst_hours-000058,2022-06-01 22:30:00,1172.0555816537187,1169.510547274503,1174.4986219333236,4.988074658820551,0.4246982129795743,0.01,-2.5450343792156946
proxy_hardened_no_worst_hours,proxy_hardened_no_worst_hours-000059,2022-06-02 22:00:00,1169.510547274503,1173.9415965987996,1174.4986219333236,0.5570253345240417,0.047426648624511035,0.01,4.431049324296437
proxy_hardened_no_worst_hours,proxy_hardened_no_worst_hours-000060,2022-06-07 13:00:00,1173.9415965987996,1170.7283459758453,1174.4986219333236,3.7702759574783613,0.32101152671189764,0.01,-3.2132506229543925
proxy_hardened_no_worst_hours,proxy_hardened_no_worst_hours-000061,2022-06-07 14:30:00,1170.7283459758453,1166.0949034678831,1174.4986219333236,8.403718465440534,0.7155153959744376,0.01,-4.633442507962245
proxy_hardened_no_worst_hours,proxy_hardened_no_worst_hours-000062,2022-06-09 15:30:00,1166.0949034678831,1161.910619432571,1174.4986219333236,12.588002500752737,1.0717766939591487,0.01,-4.184284035312276
proxy_hardened_no_worst_hours,proxy_hardened_no_worst_hours-000063,2022-06-10 10:15:00,1161.910619432571,1166.539717574102,1174.4986219333236,7.958904359221606,0.6776427158441939,0.01,4.629098141531058
proxy_hardened_no_worst_hours,proxy_hardened_no_worst_hours-000064,2022-06-10 14:00:00,1166.539717574102,1159.7976583016195,1174.4986219333236,14.700963631704099,1.2516799387559157,0.01,-6.742059272482566
proxy_hardened_no_worst_hours,proxy_hardened_no_worst_hours-000065,2022-06-15 19:30:00,1159.7976583016195,1150.5139228244134,1174.4986219333236,23.984699108910263,2.0421223712829417,0.01,-9.283735477206237
proxy_hardened_no_worst_hours,proxy_hardened_no_worst_hours-000066,2022-06-22 14:45:00,1150.5139228244134,1144.6791414460306,1174.4986219333236,29.81948048729305,2.538911492140167,0.01,-5.834781378382859
proxy_hardened_no_worst_hours,proxy_hardened_no_worst_hours-000067,2022-06-24 13:45:00,1144.6791414460306,1139.6077405380486,1174.4986219333236,34.89088139527507,2.9707043281022965,0.01,-5.071400907982097
proxy_hardened_no_worst_hours,proxy_hardened_no_worst_hours-000068,2022-06-27 10:00:00,1139.6077405380486,1136.272505348494,1174.4986219333236,38.2261165848297,3.2546753032290736,0.01,-3.3352351895546963
proxy_hardened_no_worst_hours,proxy_hardened_no_worst_hours-000069,2022-06-28 13:00:00,1136.272505348494,1142.9852560075249,1174.4986219333236,31.51336592579878,2.6831334952036916,0.01,6.712750659030844
proxy_hardened_no_worst_hours,proxy_hardened_no_worst_hours-000070,2022-06-29 10:00:00,1142.9852560075249,1140.010739716532,1174.4986219333236,34.487882216791604,2.936391884395883,0.01,-2.974516290992897
proxy_hardened_no_worst_hours,proxy_hardened_no_worst_hours-000071,2022-06-29 14:00:00,1140.010739716532,1150.4739233451598,1174.4986219333236,24.0246985881638,2.0455280354962975,0.01,10.46318362862773
proxy_hardened_no_worst_hours,proxy_hardened_no_worst_hours-000072,2022-06-30 14:30:00,1150.4739233451598,1163.1142393013076,1174.4986219333236,11.384382632016013,0.9692972319777063,0.01,12.640315956147715
proxy_hardened_no_worst_hours,proxy_hardened_no_worst_hours-000073,2022-07-06 13:45:00,1163.1142393013076,1173.965435282664,1174.4986219333236,0.5331866506596725,0.045396958387401286,0.01,10.851195981356268
proxy_hardened_no_worst_hours,proxy_hardened_no_worst_hours-000074,2022-07-11 10:30:00,1173.965435282664,1171.283454658056,1174.4986219333236,3.2151672752677314,0.27374806706671956,0.01,-2.6819806246081317
proxy_hardened_no_worst_hours,proxy_hardened_no_worst_hours-000075,2022-07-12 14:00:00,1171.283454658056,1179.9266265875342,1179.9266265875342,0.0,0.0,0.01,8.643171929478212
proxy_hardened_no_worst_hours,proxy_hardened_no_worst_hours-000076,2022-07-13 13:00:00,1179.9266265875342,1173.3202375636909,1179.9266265875342,6.606389023843349,0.5598982915530677,0.01,-6.6063890238434215
proxy_hardened_no_worst_hours,proxy_hardened_no_worst_hours-000077,2022-07-13 14:00:00,1173.3202375636909,1165.690336990753,1179.9266265875342,14.236289596781262,1.2065402437738044,0.01,-7.629900572937986
proxy_hardened_no_worst_hours,proxy_hardened_no_worst_hours-000078,2022-07-14 14:30:00,1165.690336990753,1158.704718510118,1179.9266265875342,21.221908077416174,1.7985786233837313,0.01,-6.985618480634985
proxy_hardened_no_worst_hours,proxy_hardened_no_worst_hours-000079,2022-07-15 10:30:00,1158.704718510118,1155.6025607481233,1179.9266265875342,24.324065839410878,2.0614896970126444,0.01,-3.1021577619947767
proxy_hardened_no_worst_hours,proxy_hardened_no_worst_hours-000080,2022-07-20 10:45:00,1155.6025607481233,1152.542399729114,1179.9266265875342,27.384226858420107,2.320841503307543,0.01,-3.0601610190093016
proxy_hardened_no_worst_hours,proxy_hardened_no_worst_hours-000081,2022-07-20 15:15:00,1152.542399729114,1159.5242365148065,1179.9266265875342,20.402390072727712,1.7291236262489869,0.01,6.981836785692321
proxy_hardened_no_worst_hours,proxy_hardened_no_worst_hours-000082,2022-07-22 13:30:00,1159.5242365148065,1168.2099879693005,1179.9266265875342,11.716638618233674,0.9929972215407465,0.01,8.685751454493966
proxy_hardened_no_worst_hours,proxy_hardened_no_worst_hours-000083,2022-07-25 10:15:00,1168.2099879693005,1164.634703749072,1179.9266265875342,15.291922838462142,1.296006251057145,0.01,-3.575284220228541
proxy_hardened_no_worst_hours,proxy_hardened_no_worst_hours-000084,2022-07-27 18:30:00,1164.634703749072,1174.6179663695254,1179.9266265875342,5.308660218008754,0.44991443521890256,0.01,9.983262620453315
proxy_hardened_no_worst_hours,proxy_hardened_no_worst_hours-000085,2022-07-28 13:00:00,1174.6179663695254,1184.7858196736101,1184.7858196736101,0.0,0.0,0.01,10.167853304084629
proxy_hardened_no_worst_hours,proxy_hardened_no_worst_hours-000086,2022-07-28 18:15:00,1184.7858196736101,1193.1220882403895,1193.1220882403895,0.0,0.0,0.01,8.336268566779308
proxy_hardened_no_worst_hours,proxy_hardened_no_worst_hours-000087,2022-07-29 18:45:00,1193.1220882403895,1189.5128971375836,1193.1220882403895,3.6091911028058803,0.30249973061253915,0.01,-3.609191102805953
proxy_hardened_no_worst_hours,proxy_hardened_no_worst_hours-000088,2022-08-01 13:00:00,1189.5128971375836,1185.1953539667584,1193.1220882403895,7.926734273631155,0.6643690827416885,0.01,-4.317543170825347
proxy_hardened_no_worst_hours,proxy_hardened_no_worst_hours-000089,2022-08-04 13:45:00,1185.1953539667584,1194.1353256860843,1194.1353256860843,0.0,0.0,0.01,8.939971719325895
proxy_hardened_no_worst_hours,proxy_hardened_no_worst_hours-000090,2022-08-08 18:00:00,1194.1353256860843,1191.2656643076987,1194.1353256860843,2.869661378385672,0.2403129123357039,0.01,-2.8696613783857448
proxy_hardened_no_worst_hours,proxy_hardened_no_worst_hours-000091,2022-08-09 10:45:00,1191.2656643076987,1197.8991194012845,1197.8991194012845,0.0,0.0,0.01,6.633455093585708
proxy_hardened_no_worst_hours,proxy_hardened_no_worst_hours-000092,2022-08-09 14:30:00,1197.8991194012845,1193.741488949754,1197.8991194012845,4.157630451530395,0.3470768434664513,0.01,-4.157630451530467
proxy_hardened_no_worst_hours,proxy_hardened_no_worst_hours-000093,2022-08-10 13:00:00,1193.741488949754,1188.240035689208,1197.8991194012845,9.65908371207638,0.8063353212000052,0.01,-5.501453260546059
proxy_hardened_no_worst_hours,proxy_hardened_no_worst_hours-000094,2022-08-11 13:30:00,1188.240035689208,1184.2781951027307,1197.8991194012845,13.620924298553746,1.1370677278201478,0.01,-3.9618405864774378
proxy_hardened_no_worst_hours,proxy_hardened_no_worst_hours-000095,2022-08-12 14:15:00,1184.2781951027307,1192.8961914554634,1197.8991194012845,5.002927945821057,0.4176418418540572,0.01,8.617996352732616
proxy_hardened_no_worst_hours,proxy_hardened_no_worst_hours-000096,2022-08-15 13:30:00,1192.8961914554634,1187.3764335402298,1197.8991194012845,10.522685861054697,0.8784283827100553,0.01,-5.519757915233713
proxy_hardened_no_worst_hours,proxy_hardened_no_worst_hours-000097,2022-08-16 13:00:00,1187.3764335402298,1183.4966392978827,1197.8991194012845,14.402480103401786,1.2023116028835727,0.01,-3.8797942423471614
proxy_hardened_no_worst_hours,proxy_hardened_no_worst_hours-000098,2022-08-17 13:00:00,1183.4966392978827,1191.0953678428364,1197.8991194012845,6.803751558448084,0.5679736672524337,0.01,7.598728544953628
proxy_hardened_no_worst_hours,proxy_hardened_no_worst_hours-000099,2022-08-19 15:30:00,1191.0953678428364,1198.5128312498418,1198.5128312498418,0.0,0.0,0.01,7.417463407005398
proxy_hardened_no_worst_hours,proxy_hardened_no_worst_hours-000100,2022-08-22 13:45:00,1198.5128312498418,1194.1930247188336,1198.5128312498418,4.319806531008226,0.3604305618074538,0.01,-4.3198065310082985
proxy_hardened_no_worst_hours,proxy_hardened_no_worst_hours-000101,2022-08-23 10:00:00,1194.1930247188336,1190.9055285659513,1198.5128312498418,7.607302683890566,0.6347285139999264,0.01,-3.2874961528824134
proxy_hardened_no_worst_hours,proxy_hardened_no_worst_hours-000102,2022-08-23 18:00:00,1190.9055285659513,1187.2908255119312,1198.5128312498418,11.22200573791065,0.9363275423766667,0.01,-3.614703054020156
proxy_hardened_no_worst_hours,proxy_hardened_no_worst_hours-000103,2022-08-24 13:00:00,1187.2908255119312,1183.7664233003547,1198.5128312498418,14.746407949487093,1.2303921631034302,0.01,-3.5244022115765166
proxy_hardened_no_worst_hours,proxy_hardened_no_worst_hours-000104,2022-08-24 22:00:00,1183.7664233003547,1188.44708319808,1198.5128312498418,10.06574805176183,0.8398531738091609,0.01,4.6806598977251905
proxy_hardened_no_worst_hours,proxy_hardened_no_worst_hours-000105,2022-08-26 14:15:00,1188.44708319808,1199.9468100645454,1199.9468100645454,0.0,0.0,0.01,11.499726866465307
proxy_hardened_no_worst_hours,proxy_hardened_no_worst_hours-000106,2022-08-30 13:45:00,1199.9468100645454,1206.9428747428572,1206.9428747428572,0.0,0.0,0.01,6.996064678311695
proxy_hardened_no_worst_hours,proxy_hardened_no_worst_hours-000107,2022-09-01 13:45:00,1206.9428747428572,1216.371833237107,1216.371833237107,0.0,0.0,0.01,9.428958494249782
proxy_hardened_no_worst_hours,proxy_hardened_no_worst_hours-000108,2022-09-01 15:00:00,1216.371833237107,1210.4382701772533,1216.371833237107,5.933563059853668,0.48780832453697903,0.01,-5.933563059853741
proxy_hardened_no_worst_hours,proxy_hardened_no_worst_hours-000109,2022-09-06 13:45:00,1210.4382701772533,1217.7523340351759,1217.7523340351759,0.0,0.0,0.01,7.314063857922447
proxy_hardened_no_worst_hours,proxy_hardened_no_worst_hours-000110,2022-09-12 14:30:00,1217.7523340351759,1213.187982843841,1217.7523340351759,4.564351191334936,0.3748176918873465,0.01,-4.5643511913350086
proxy_hardened_no_worst_hours,proxy_hardened_no_worst_hours-000111,2022-09-13 10:15:00,1213.187982843841,1218.3466580923566,1218.3466580923566,0.0,0.0,0.01,5.158675248515619
proxy_hardened_no_worst_hours,proxy_hardened_no_worst_hours-000112,2022-09-14 14:15:00,1218.3466580923566,1214.625245240436,1218.3466580923566,3.7214128519206042,0.3054477826325275,0.01,-3.721412851920677
proxy_hardened_no_worst_hours,proxy_hardened_no_worst_hours-000113,2022-09-15 10:30:00,1214.625245240436,1211.6190596524743,1218.3466580923566,6.727598439882286,0.5521908231287898,0.01,-3.0061855879617543
proxy_hardened_no_worst_hours,proxy_hardened_no_worst_hours-000114,2022-09-15 13:00:00,1211.6190596524743,1207.5263853582242,1218.3466580923566,10.820272734132459,0.8881111678899709,0.01,-4.092674294250246
proxy_hardened_no_worst_hours,proxy_hardened_no_worst_hours-000115,2022-09-16 13:15:00,1207.5263853582242,1203.1972532467535,1218.3466580923566,15.149404845603158,1.2434396027583439,0.01,-4.329132111470772
proxy_hardened_no_worst_hours,proxy_hardened_no_worst_hours-000116,2022-09-19 10:15:00,1203.1972532467535,1199.7835991864827,1218.3466580923566,18.56305890587396,1.5236270221268,0.01,-3.413654060270874
proxy_hardened_no_worst_hours,proxy_hardened_no_worst_hours-000117,2022-09-20 10:15:00,1199.7835991864827,1205.6886904185449,1218.3466580923566,12.657967673811754,1.0389463121794207,0.01,5.905091232062132
proxy_hardened_no_worst_hours,proxy_hardened_no_worst_hours-000118,2022-09-20 13:45:00,1205.6886904185449,1201.8128769178297,1218.3466580923566,16.533781174526894,1.3570670600775392,0.01,-3.8758135007152124
proxy_hardened_no_worst_hours,proxy_hardened_no_worst_hours-000119,2022-09-22 14:00:00,1201.8128769178297,1195.0413992981917,1218.3466580923566,23.305258794164956,1.9128594180785534,0.01,-6.771477619638135
proxy_hardened_no_worst_hours,proxy_hardened_no_worst_hours-000120,2022-09-23 13:15:00,1195.0413992981917,1207.7835354503377,1218.3466580923566,10.563122642018925,0.8670046880219036,0.01,12.742136152145958
proxy_hardened_no_worst_hours,proxy_hardened_no_worst_hours-000121,2022-09-26 10:00:00,1207.7835354503377,1202.5314563064162,1218.3466580923566,15.815201785940417,1.2980871807621068,0.01,-5.252079143921565
proxy_hardened_no_worst_hours,proxy_hardened_no_worst_hours-000122,2022-09-29 14:00:00,1202.5314563064162,1196.8552400542846,1218.3466580923566,21.49141803807197,1.7639821881009186,0.01,-5.676216252131626
proxy_hardened_no_worst_hours,proxy_hardened_no_worst_hours-000123,2022-09-29 14:45:00,1196.8552400542846,1209.2295972743527,1218.3466580923566,9.117060818003893,0.7483141811443927,0.01,12.374357220068005
proxy_hardened_no_worst_hours,proxy_hardened_no_worst_hours-000124,2022-09-30 13:30:00,1209.2295972743527,1204.063315047928,1218.3466580923566,14.283343044428648,1.1723545962520219,0.01,-5.166282226424828
proxy_hardened_no_worst_hours,proxy_hardened_no_worst_hours-000125,2022-10-04 13:15:00,1204.063315047928,1213.5678554439237,1218.3466580923566,4.778802648432929,0.39223669361193203,0.01,9.504540395995646
proxy_hardened_no_worst_hours,proxy_hardened_no_worst_hours-000126,2022-10-05 22:00:00,1213.5678554439237,1220.1038748718959,1220.1038748718959,0.0,0.0,0.01,6.536019427972105
proxy_hardened_no_worst_hours,proxy_hardened_no_worst_hours-000127,2022-10-11 10:15:00,1220.1038748718959,1216.0992059473651,1220.1038748718959,4.004668924530733,0.3282236051378168,0.01,-4.004668924530806
proxy_hardened_no_worst_hours,proxy_hardened_no_worst_hours-000128,2022-10-12 22:15:00,1216.0992059473651,1212.9851273496167,1220.1038748718959,7.118747522279136,0.5834542180293104,0.01,-3.1140785977484757
proxy_hardened_no_worst_hours,proxy_hardened_no_worst_hours-000129,2022-10-18 10:00:00,1212.9851273496167,1209.2020340600463,1220.1038748718959,10.901840811849524,0.8935174321116025,0.01,-3.783093289570461
proxy_hardened_no_worst_hours,proxy_hardened_no_worst_hours-000130,2022-10-18 14:30:00,1209.2020340600463,1216.711649123374,1220.1038748718959,3.3922257485219234,0.27802761866304937,0.01,7.509615063327528
proxy_hardened_no_worst_hours,proxy_hardened_no_worst_hours-000131,2022-10-19 14:00:00,1216.711649123374,1225.980734515573,1225.980734515573,0.0,0.0,0.01,9.269085392198958
proxy_hardened_no_worst_hours,proxy_hardened_no_worst_hours-000132,2022-10-25 18:30:00,1225.980734515573,1222.2564522463172,1225.980734515573,3.7242822692558093,0.30377983637136036,0.01,-3.724282269255882
proxy_hardened_no_worst_hours,proxy_hardened_no_worst_hours-000133,2022-10-26 14:15:00,1222.2564522463172,1217.5011278053435,1225.980734515573,8.479606710229518,0.6916590507093165,0.01,-4.755324440973782
proxy_hardened_no_worst_hours,proxy_hardened_no_worst_hours-000134,2022-10-28 13:30:00,1217.5011278053435,1228.9473418216508,1228.9473418216508,0.0,0.0,0.01,11.446214016307222
proxy_hardened_no_worst_hours,proxy_hardened_no_worst_hours-000135,2022-10-31 13:45:00,1228.9473418216508,1225.2804119731009,1228.9473418216508,3.6669298485498985,0.29837973717526917,0.01,-3.6669298485499713
proxy_hardened_no_worst_hours,proxy_hardened_no_worst_hours-000136,2022-10-31 15:30:00,1225.2804119731009,1221.7574328394687,1228.9473418216508,7.189908982182033,0.585046139692571,0.01,-3.522979133632207
proxy_hardened_no_worst_hours,proxy_hardened_no_worst_hours-000137,2022-11-01 18:15:00,1221.7574328394687,1229.341890975167,1229.341890975167,0.0,0.0,0.01,7.584458135698169
proxy_hardened_no_worst_hours,proxy_hardened_no_worst_hours-000138,2022-11-02 13:15:00,1229.341890975167,1226.0288068660177,1229.341890975167,3.3130841091492584,0.26950062740652053,0.01,-3.3130841091493313
proxy_hardened_no_worst_hours,proxy_hardened_no_worst_hours-000139,2022-11-03 13:45:00,1226.0288068660177,1220.7900770715237,1229.341890975167,8.551813903643279,0.6956416247118702,0.01,-5.238729794494093
proxy_hardened_no_worst_hours,proxy_hardened_no_worst_hours-000140,2022-11-04 10:00:00,1220.7900770715237,1228.044379184973,1229.341890975167,1.2975117901939939,0.10554523519610574,0.01,7.254302113449212
proxy_hardened_no_worst_hours,proxy_hardened_no_worst_hours-000141,2022-11-07 13:00:00,1228.044379184973,1224.7013246456029,1229.341890975167,4.640566329564081,0.37748378735251453,0.01,-3.3430545393701596
proxy_hardened_no_worst_hours,proxy_hardened_no_worst_hours-000142,2022-11-09 15:15:00,1224.7013246456029,1219.3020316845748,1229.341890975167,10.039859290592176,0.8166856888467476,0.01,-5.399292961028168
proxy_hardened_no_worst_hours,proxy_hardened_no_worst_hours-000143,2022-11-11 13:00:00,1219.3020316845748,1214.7037711490175,1229.341890975167,14.638119826149477,1.1907281394712654,0.01,-4.598260535557374
proxy_hardened_no_worst_hours,proxy_hardened_no_worst_hours-000144,2022-11-11 14:45:00,1214.7037711490175,1224.7166418297106,1229.341890975167,4.625249145456337,0.37623782117986637,0.01,10.012870680693068
proxy_hardened_no_worst_hours,proxy_hardened_no_worst_hours-000145,2022-11-14 14:00:00,1224.7166418297106,1232.6299158353738,1232.6299158353738,0.0,0.0,0.01,7.9132740056631246
proxy_hardened_no_worst_hours,proxy_hardened_no_worst_hours-000146,2022-11-14 21:00:00,1232.6299158353738,1229.4029417562776,1232.6299158353738,3.2269740790961805,0.26179585921449966,0.01,-3.2269740790962533
proxy_hardened_no_worst_hours,proxy_hardened_no_worst_hours-000147,2022-11-15 10:00:00,1229.4029417562776,1237.0259349142952,1237.0259349142952,0.0,0.0,0.01,7.622993158017534
proxy_hardened_no_worst_hours,proxy_hardened_no_worst_hours-000148,2022-11-15 19:30:00,1237.0259349142952,1230.470089574163,1237.0259349142952,6.555845340132237,0.5299683018033445,0.01,-6.55584534013231
proxy_hardened_no_worst_hours,proxy_hardened_no_worst_hours-000149,2022-11-21 10:45:00,1230.470089574163,1227.22966107529,1237.0259349142952,9.796273839005153,0.7919214595677712,0.01,-3.240428498872989
proxy_hardened_no_worst_hours,proxy_hardened_no_worst_hours-000150,2022-11-24 10:15:00,1227.22966107529,1224.6004800930275,1237.0259349142952,12.42545482126775,1.0044619494682316,0.01,-2.6291809822626693
proxy_hardened_no_worst_hours,proxy_hardened_no_worst_hours-000151,2022-11-29 15:30:00,1224.6004800930275,1220.4110852693025,1237.0259349142952,16.614849644992773,1.3431286423387638,0.01,-4.189394823725097
proxy_hardened_no_worst_hours,proxy_hardened_no_worst_hours-000152,2022-11-30 10:45:00,1220.4110852693025,1225.662346494246,1237.0259349142952,11.363588420049155,0.9186216795718561,0.01,5.251261224943546
proxy_hardened_no_worst_hours,proxy_hardened_no_worst_hours-000153,2022-11-30 14:30:00,1225.662346494246,1221.241042910874,1237.0259349142952,15.784892003421191,1.2760356559957504,0.01,-4.42130358337211
proxy_hardened_no_worst_hours,proxy_hardened_no_worst_hours-000154,2022-12-01 10:00:00,1221.241042910874,1227.851930675968,1237.0259349142952,9.174004238327143,0.7416177769112613,0.01,6.610887765093976
proxy_hardened_no_worst_hours,proxy_hardened_no_worst_hours-000155,2022-12-02 13:00:00,1227.851930675968,1225.3911708706719,1237.0259349142952,11.634764043623363,0.9405432590570103,0.01,-2.460759805296293
proxy_hardened_no_worst_hours,proxy_hardened_no_worst_hours-000156,2022-12-02 21:00:00,1225.3911708706719,1231.7761673977016,1237.0259349142952,5.249767516593693,0.4243862128046177,0.01,6.384996527029598
proxy_hardened_no_worst_hours,proxy_hardened_no_worst_hours-000157,2022-12-07 21:30:00,1231.7761673977016,1228.7145694391736,1237.0259349142952,8.311365475121647,0.671882879779516,0.01,-3.0615979585280275
proxy_hardened_no_worst_hours,proxy_hardened_no_worst_hours-000158,2022-12-08 13:00:00,1228.7145694391736,1234.0562164536009,1237.0259349142952,2.9697184606943665,0.24006921575982296,0.01,5.341647014427208
proxy_hardened_no_worst_hours,proxy_hardened_no_worst_hours-000159,2022-12-08 15:45:00,1234.0562164536009,1242.7595418636988,1242.7595418636988,0.0,0.0,0.01,8.70332541009786
proxy_hardened_no_worst_hours,proxy_hardened_no_worst_hours-000160,2022-12-09 13:45:00,1242.7595418636988,1237.9378493576996,1242.7595418636988,4.821692505999181,0.38798273870167604,0.01,-4.821692505999254
proxy_hardened_no_worst_hours,proxy_hardened_no_worst_hours-000161,2022-12-09 15:45:00,1237.9378493576996,1232.5534553728573,1242.7595418636988,10.206086490841471,0.8212438647251068,0.01,-5.384393984842363
proxy_hardened_no_worst_hours,proxy_hardened_no_worst_hours-000162,2022-12-13 10:45:00,1232.5534553728573,1237.855182601963,1242.7595418636988,4.904359261735863,0.394634609232697,0.01,5.301727229105536
proxy_hardened_no_worst_hours,proxy_hardened_no_worst_hours-000163,2022-12-13 18:00:00,1237.855182601963,1231.513456081272,1242.7595418636988,11.246085782426917,0.9049285403644356,0.01,-6.341726520691127
proxy_hardened_no_worst_hours,proxy_hardened_no_worst_hours-000164,2022-12-15 13:45:00,1231.513456081272,1226.4763929019578,1242.7595418636988,16.283148961741063,1.310241314850185,0.01,-5.037063179314218
proxy_hardened_no_worst_hours,proxy_hardened_no_worst_hours-000165,2022-12-15 15:15:00,1226.4763929019578,1220.1692142092095,1242.7595418636988,22.59032765448933,1.8177553173811762,0.01,-6.307178692748339
proxy_hardened_no_worst_hours,proxy_hardened_no_worst_hours-000166,2022-12-16 18:00:00,1220.1692142092095,1227.9656825405161,1242.7595418636988,14.793859323182687,1.190404002128774,0.01,7.796468331306569
proxy_hardened_no_worst_hours,proxy_hardened_no_worst_hours-000167,2022-12-19 10:00:00,1227.9656825405161,1225.1946138454693,1242.7595418636988,17.564928018229466,1.4133810625898153,0.01,-2.7710686950468517
proxy_hardened_no_worst_hours,proxy_hardened_no_worst_hours-000168,2022-12-20 13:30:00,1225.1946138454693,1233.313279640386,1242.7595418636988,9.446262223312715,0.7601037775293739,0.01,8.118665794916678
proxy_hardened_no_worst_hours,proxy_hardened_no_worst_hours-000169,2022-12-21 14:15:00,1233.313279640386,1238.5358443056994,1242.7595418636988,4.223697557999458,0.3398644239468408,0.01,5.222564665313184
proxy_hardened_no_worst_hours,proxy_hardened_no_worst_hours-000170,2022-12-21 15:45:00,1238.5358443056994,1234.867988176144,1242.7595418636988,7.891553687554733,0.6350024619984168,0.01,-3.6678561295553482
proxy_hardened_no_worst_hours,proxy_hardened_no_worst_hours-000171,2022-12-22 13:00:00,1234.867988176144,1232.3561753545318,1242.7595418636988,10.403366509166972,0.8371182162532914,0.01,-2.5118128216123115
proxy_hardened_no_worst_hours,proxy_hardened_no_worst_hours-000172,2022-12-23 14:45:00,1232.3561753545318,1228.8321527969313,1242.7595418636988,13.927389066767546,1.120682529291338,0.01,-3.524022557600647
proxy_hardened_no_worst_hours,proxy_hardened_no_worst_hours-000173,2022-12-27 13:00:00,1228.8321527969313,1226.7685463624614,1242.7595418636988,15.990995501237421,1.2867328684724155,0.01,-2.063606434469948
proxy_hardened_no_worst_hours,proxy_hardened_no_worst_hours-000174,2022-12-27 14:30:00,1226.7685463624614,1232.9733024796662,1242.7595418636988,9.78623938403257,0.7874604100288523,0.01,6.204756117204779
proxy_hardened_no_worst_hours,proxy_hardened_no_worst_hours-000175,2022-12-28 18:15:00,1232.9733024796662,1229.1002507649944,1242.7595418636988,13.659291098704443,1.0991097343111402,0.01,-3.8730517146719468
proxy_hardened_no_worst_hours,proxy_hardened_no_worst_hours-000176,2022-12-29 13:15:00,1229.1002507649944,1234.0111373656657,1242.7595418636988,8.748404498033096,0.7039498956422084,0.01,4.910886600671274
proxy_hardened_no_worst_hours,proxy_hardened_no_worst_hours-000177,2022-12-30 13:30:00,1234.0111373656657,1230.9070686778325,1242.7595418636988,11.852473185866302,0.9537221631862745,0.01,-3.104068687833278
proxy_hardened_no_worst_hours,proxy_hardened_no_worst_hours-000178,2022-12-30 18:00:00,1230.9070686778325,1226.748821530656,1242.7595418636988,16.010720333042855,1.2883200485455497,0.01,-4.158247147176626
proxy_hardened_no_worst_hours,proxy_hardened_no_worst_hours-000179,2023-01-03 13:15:00,1226.748821530656,1235.2684638864014,1242.7595418636988,7.4910779772974365,0.6027777478226781,0.01,8.519642355745345
proxy_hardened_no_worst_hours,proxy_hardened_no_worst_hours-000180,2023-01-03 18:15:00,1235.2684638864014,1245.8776931577106,1245.8776931577106,0.0,0.0,0.01,10.60922927130916
proxy_hardened_no_worst_hours,proxy_hardened_no_worst_hours-000181,2023-01-04 13:15:00,1245.8776931577106,1241.6459612038161,1245.8776931577106,4.231731953894496,0.3396586982121059,0.01,-4.231731953894569
proxy_hardened_no_worst_hours,proxy_hardened_no_worst_hours-000182,2023-01-04 15:30:00,1241.6459612038161,1235.7803782885612,1245.8776931577106,10.097314869149386,0.8104579546293561,0.01,-5.865582915254963
proxy_hardened_no_worst_hours,proxy_hardened_no_worst_hours-000183,2023-01-06 13:30:00,1235.7803782885612,1231.1014786458816,1245.8776931577106,14.776214511829039,1.1860084334906362,0.01,-4.678899642679726
proxy_hardened_no_worst_hours,proxy_hardened_no_worst_hours-000184,2023-01-06 14:45:00,1231.1014786458816,1242.6942404007661,1245.8776931577106,3.1834527569444617,0.25551888234517744,0.01,11.592761754884505
proxy_hardened_no_worst_hours,proxy_hardened_no_worst_hours-000185,2023-01-09 15:00:00,1242.6942404007661,1238.7577489100156,1245.8776931577106,7.119944247695003,0.5714801931840767,0.01,-3.9364914907506137
proxy_hardened_no_worst_hours,proxy_hardened_no_worst_hours-000186,2023-01-10 10:00:00,1238.7577489100156,1235.7862329929478,1245.8776931577106,10.091460164762793,0.8099880285347847,0.01,-2.9715159170678636
proxy_hardened_no_worst_hours,proxy_hardened_no_worst_hours-000187,2023-01-10 14:30:00,1235.7862329929478,1231.910345014164,1245.8776931577106,13.967348143546587,1.1210850166316058,0.01,-3.875887978783867
proxy_hardened_no_worst_hours,proxy_hardened_no_worst_hours-000188,2023-01-11 10:30:00,1231.910345014164,1228.8548155103476,1245.8776931577106,17.022877647362975,1.366336177367301,0.01,-3.0555295038164605
proxy_hardened_no_worst_hours,proxy_hardened_no_worst_hours-000189,2023-01-12 10:15:00,1228.8548155103476,1233.2923133434917,1245.8776931577106,12.585379814218868,1.0101617424677445,0.01,4.437497833144034
proxy_hardened_no_worst_hours,proxy_hardened_no_worst_hours-000190,2023-01-13 14:00:00,1233.2923133434917,1241.5488798694098,1245.8776931577106,4.3288132883008075,0.3474509024500883,0.01,8.256566525917988
proxy_hardened_no_worst_hours,proxy_hardened_no_worst_hours-000191,2023-01-17 14:30:00,1241.5488798694098,1237.3508301163947,1245.8776931577106,8.526863041315892,0.6844061088937492,0.01,-4.198049753015157
proxy_hardened_no_worst_hours,proxy_hardened_no_worst_hours-000192,2023-01-18 15:15:00,1237.3508301163947,1232.1194908936077,1245.8776931577106,13.75820226410292,1.1042979852406205,0.01,-5.231339222787101
proxy_hardened_no_worst_hours,proxy_hardened_no_worst_hours-000193,2023-01-19 14:00:00,1232.1194908936077,1240.3977273355863,1245.8776931577106,5.4799658221243135,0.4398478158987816,0.01,8.278236441978533
proxy_hardened_no_worst_hours,proxy_hardened_no_worst_hours-000194,2023-01-23 19:45:00,1240.3977273355863,1248.0889071597226,1248.0889071597226,0.0,0.0,0.01,7.6911798241361975
proxy_hardened_no_worst_hours,proxy_hardened_no_worst_hours-000195,2023-01-24 10:15:00,1248.0889071597226,1245.0671991349236,1248.0889071597226,3.0217080247989543,0.2421067928306052,0.01,-3.021708024799027
proxy_hardened_no_worst_hours,proxy_hardened_no_worst_hours-000196,2023-02-01 14:30:00,1245.0671991349236,1241.4091869155973,1248.0889071597226,6.679720244125292,0.5351958667212531,0.01,-3.6580122193264106
proxy_hardened_no_worst_hours,proxy_hardened_no_worst_hours-000197,2023-02-01 19:30:00,1241.4091869155973,1253.77242207545,1253.77242207545,0.0,0.0,0.01,12.363235159852747
proxy_hardened_no_worst_hours,proxy_hardened_no_worst_hours-000198,2023-02-02 10:15:00,1253.77242207545,1250.2607226048601,1253.77242207545,3.5116994705899742,0.28009066149156736,0.01,-3.511699470590047
proxy_hardened_no_worst_hours,proxy_hardened_no_worst_hours-000199,2023-02-03 13:15:00,1250.2607226048601,1257.1256234015543,1257.1256234015543,0.0,0.0,0.01,6.864900796694128
proxy_hardened_no_worst_hours,proxy_hardened_no_worst_hours-000200,2023-02-06 10:00:00,1257.1256234015543,1265.2731489652967,1265.2731489652967,0.0,0.0,0.01,8.147525563742347
proxy_hardened_no_worst_hours,proxy_hardened_no_worst_hours-000201,2023-02-07 13:00:00,1265.2731489652967,1261.229923801837,1265.2731489652967,4.043225163459738,0.31955354199732827,0.01,-4.043225163459811
proxy_hardened_no_worst_hours,proxy_hardened_no_worst_hours-000202,2023-02-14 14:45:00,1261.229923801837,1252.8544798268797,1265.2731489652967,12.418669138417044,0.9815010417768423,0.01,-8.37544397495738
proxy_hardened_no_worst_hours,proxy_hardened_no_worst_hours-000203,2023-02-14 15:45:00,1252.8544798268797,1270.6059334591557,1270.6059334591557,0.0,0.0,0.01,17.751453632275954
proxy_hardened_no_worst_hours,proxy_hardened_no_worst_hours-000204,2023-02-15 14:45:00,1270.6059334591557,1265.753067661208,1270.6059334591557,4.852865797947743,0.3819331918855502,0.01,-4.852865797947816
proxy_hardened_no_worst_hours,proxy_hardened_no_worst_hours-000205,2023-02-16 15:00:00,1265.753067661208,1260.5769447403318,1270.6059334591557,10.028988718823939,0.7893075622211649,0.01,-5.176122920876269
proxy_hardened_no_worst_hours,proxy_hardened_no_worst_hours-000206,2023-02-17 14:30:00,1260.5769447403318,1256.5683424118968,1270.6059334591557,14.037591047258957,1.1047950176843875,0.01,-4.0086023284350905
proxy_hardened_no_worst_hours,proxy_hardened_no_worst_hours-000207,2023-02-20 14:45:00,1256.5683424118968,1254.0412201091735,1270.6059334591557,16.564713349982185,1.3036861322444522,0.01,-2.527122302723301
proxy_hardened_no_worst_hours,proxy_hardened_no_worst_hours-000208,2023-02-21 10:00:00,1254.0412201091735,1250.8504180280027,1270.6059334591557,19.75551543115307,1.554810575877743,0.01,-3.1908020811709594
proxy_hardened_no_worst_hours,proxy_hardened_no_worst_hours-000209,2023-02-23 10:45:00,1250.8504180280027,1255.8548559571352,1270.6059334591557,14.751077502020507,1.160948262051752,0.01,5.004437929132491
proxy_hardened_no_worst_hours,proxy_hardened_no_worst_hours-000210,2023-02-23 15:00:00,1255.8548559571352,1266.217706788623,1270.6059334591557,4.388226670532731,0.34536488103640617,0.01,10.362850831487703
proxy_hardened_no_worst_hours,proxy_hardened_no_worst_hours-000211,2023-02-27 10:00:00,1266.217706788623,1263.534568964367,1270.6059334591557,7.071364494788668,0.5565348239431923,0.01,-2.6831378242560096
proxy_hardened_no_worst_hours,proxy_hardened_no_worst_hours-000212,2023-02-27 19:30:00,1263.534568964367,1260.4894140883134,1270.6059334591557,10.116519370842298,0.7961964527664862,0.01,-3.0451548760537026
proxy_hardened_no_worst_hours,proxy_hardened_no_worst_hours-000213,2023-02-28 10:00:00,1260.4894140883134,1257.2085850199396,1270.6059334591557,13.397348439216103,1.0544062550331832,0.01,-3.280829068373878
proxy_hardened_no_worst_hours,proxy_hardened_no_worst_hours-000214,2023-02-28 21:00:00,1257.2085850199396,1254.2476427784673,1270.6059334591557,16.35829068068847,1.2874401299350076,0.01,-2.9609422414724396
proxy_hardened_no_worst_hours,proxy_hardened_no_worst_hours-000215,2023-03-01 10:15:00,1254.2476427784673,1260.2278834830056,1270.6059334591557,10.378049976150123,0.8167795933312263,0.01,5.980240704538273
proxy_hardened_no_worst_hours,proxy_hardened_no_worst_hours-000216,2023-03-01 13:15:00,1260.2278834830056,1267.500004350669,1270.6059334591557,3.1059291084866345,0.24444471938131995,0.01,7.272120867663416
proxy_hardened_no_worst_hours,proxy_hardened_no_worst_hours-000217,2023-03-02 15:00:00,1267.500004350669,1263.4452763672894,1270.6059334591557,7.160657091866369,0.5635623841588611,0.01,-4.0547279833798076
proxy_hardened_no_worst_hours,proxy_hardened_no_worst_hours-000218,2023-03-02 19:00:00,1263.4452763672894,1270.1676535263396,1270.6059334591557,0.4382799328161582,0.03449377350402928,0.01,6.722377159050138
proxy_hardened_no_worst_hours,proxy_hardened_no_worst_hours-000219,2023-03-03 13:00:00,1270.1676535263396,1267.4969454604252,1270.6059334591557,3.1089879987305267,0.2446854620194064,0.01,-2.6707080659144413
proxy_hardened_no_worst_hours,proxy_hardened_no_worst_hours-000220,2023-03-10 10:00:00,1267.4969454604252,1273.9580922269986,1273.9580922269986,0.0,0.0,0.01,6.46114676657332
proxy_hardened_no_worst_hours,proxy_hardened_no_worst_hours-000221,2023-03-13 10:15:00,1273.9580922269986,1285.5774318796264,1285.5774318796264,0.0,0.0,0.01,11.619339652627714
proxy_hardened_no_worst_hours,proxy_hardened_no_worst_hours-000222,2023-03-15 10:00:00,1285.5774318796264,1296.3740267754138,1296.3740267754138,0.0,0.0,0.01,10.79659489578732
proxy_hardened_no_worst_hours,proxy_hardened_no_worst_hours-000223,2023-03-15 14:15:00,1296.3740267754138,1287.3249510645605,1296.3740267754138,9.04907571085323,0.6980296985247229,0.01,-9.049075710853304
proxy_hardened_no_worst_hours,proxy_hardened_no_worst_hours-000224,2023-03-16 14:00:00,1287.3249510645605,1281.218377179239,1296.3740267754138,15.155649596174726,1.1690800095611849,0.01,-6.106573885321568
proxy_hardened_no_worst_hours,proxy_hardened_no_worst_hours-000225,2023-03-17 10:15:00,1281.218377179239,1288.0028628580678,1296.3740267754138,8.371163917345939,0.6457367815497105,0.01,6.784485678828714
proxy_hardened_no_worst_hours,proxy_hardened_no_worst_hours-000226,2023-03-20 18:15:00,1288.0028628580678,1281.4156625342823,1296.3740267754138,14.958364241131449,1.1538617661400326,0.01,-6.5872003237855825
proxy_hardened_no_worst_hours,proxy_hardened_no_worst_hours-000227,2023-03-22 18:00:00,1281.4156625342823,1294.1192946273109,1296.3740267754138,2.254732148102903,0.17392605077959628,0.01,12.703632093028473
proxy_hardened_no_worst_hours,proxy_hardened_no_worst_hours-000228,2023-03-23 10:15:00,1294.1192946273109,1289.2671876289958,1296.3740267754138,7.106839146417997,0.5482090044719169,0.01,-4.852106998315167
proxy_hardened_no_worst_hours,proxy_hardened_no_worst_hours-000229,2023-03-23 13:15:00,1289.2671876289958,1300.4560393233764,1300.4560393233764,0.0,0.0,0.01,11.1888516943806
proxy_hardened_no_worst_hours,proxy_hardened_no_worst_hours-000230,2023-03-24 14:30:00,1300.4560393233764,1293.1529684487034,1300.4560393233764,7.30307087467304,0.5615776815087734,0.01,-7.3030708746731126
proxy_hardened_no_worst_hours,proxy_hardened_no_worst_hours-000231,2023-03-27 14:45:00,1293.1529684487034,1286.7938021539662,1300.4560393233764,13.662237169410218,1.0505727803393217,0.01,-6.359166294737252
proxy_hardened_no_worst_hours,proxy_hardened_no_worst_hours-000232,2023-03-30 13:00:00,1286.7938021539662,1282.7305245014888,1300.4560393233764,17.7255148218876,1.3630229923888957,0.01,-4.0632776524774545
proxy_hardened_no_worst_hours,proxy_hardened_no_worst_hours-000233,2023-03-30 14:15:00,1282.7305245014888,1291.8856778617753,1300.4560393233764,8.570361461601124,0.6590273875047908,0.01,9.155153360286404
proxy_hardened_no_worst_hours,proxy_hardened_no_worst_hours-000234,2023-04-03 13:30:00,1291.8856778617753,1300.954483623541,1300.954483623541,0.0,0.0,0.01,9.068805761765516
proxy_hardened_no_worst_hours,proxy_hardened_no_worst_hours-000235,2023-04-03 19:00:00,1300.954483623541,1296.696280158574,1300.954483623541,4.258203464966982,0.32731379295504887,0.01,-4.258203464967055
proxy_hardened_no_worst_hours,proxy_hardened_no_worst_hours-000236,2023-04-04 10:00:00,1296.696280158574,1293.7328481320808,1300.954483623541,7.22163549146012,0.5551028558159653,0.01,-2.9634320264932104
proxy_hardened_no_worst_hours,proxy_hardened_no_worst_hours-000237,2023-04-05 10:00:00,1293.7328481320808,1299.6898749989284,1300.954483623541,1.2646086246124923,0.09720621593848429,0.01,5.957026866847555
proxy_hardened_no_worst_hours,proxy_hardened_no_worst_hours-000238,2023-04-05 14:00:00,1299.6898749989284,1293.7174596694797,1300.954483623541,7.237023954061215,0.5562857152314794,0.01,-5.972415329448795
proxy_hardened_no_worst_hours,proxy_hardened_no_worst_hours-000239,2023-04-06 10:00:00,1293.7174596694797,1290.5905915539613,1300.954483623541,10.363892069579606,0.7966375611169054,0.01,-3.126868115518464
proxy_hardened_no_worst_hours,proxy_hardened_no_worst_hours-000240,2023-04-11 10:00:00,1290.5905915539613,1287.4103592612244,1300.954483623541,13.544124362316552,1.0410913320035748,0.01,-3.180232292737019
proxy_hardened_no_worst_hours,proxy_hardened_no_worst_hours-000241,2023-04-11 14:15:00,1287.4103592612244,1295.0564692287064,1300.954483623541,5.89801439483449,0.4533605494334272,0.01,7.646109967481989
proxy_hardened_no_worst_hours,proxy_hardened_no_worst_hours-000242,2023-04-12 19:30:00,1295.0564692287064,1304.1477877462905,1304.1477877462905,0.0,0.0,0.01,9.09131851758404
proxy_hardened_no_worst_hours,proxy_hardened_no_worst_hours-000243,2023-04-13 15:00:00,1304.1477877462905,1298.1135847621026,1304.1477877462905,6.034202984187914,0.46269318867731046,0.01,-6.034202984187987
proxy_hardened_no_worst_hours,proxy_hardened_no_worst_hours-000244,2023-04-20 14:15:00,1298.1135847621026,1292.2895059136151,1304.1477877462905,11.858281832675402,0.9092743893058167,0.01,-5.824078848487561
proxy_hardened_no_worst_hours,proxy_hardened_no_worst_hours-000245,2023-04-20 18:30:00,1292.2895059136151,1288.0894238364672,1304.1477877462905,16.058363909823356,1.2313300732253634,0.01,-4.200082077148027
proxy_hardened_no_worst_hours,proxy_hardened_no_worst_hours-000246,2023-04-21 10:45:00,1288.0894238364672,1283.6415102424137,1304.1477877462905,20.506277503876845,1.5723890878436353,0.01,-4.447913594053562
proxy_hardened_no_worst_hours,proxy_hardened_no_worst_hours-000247,2023-04-21 14:15:00,1283.6415102424137,1275.2988023278906,1304.1477877462905,28.848985418399934,2.2120948016370234,0.01,-8.342707914523162
proxy_hardened_no_worst_hours,proxy_hardened_no_worst_hours-000248,2023-04-25 18:45:00,1275.2988023278906,1285.2198637099775,1304.1477877462905,18.927924036313016,1.451363427838384,0.01,9.921061382086846
proxy_hardened_no_worst_hours,proxy_hardened_no_worst_hours-000249,2023-04-26 13:45:00,1285.2198637099775,1279.5800284679667,1304.1477877462905,24.56775927832382,1.883817118670238,0.01,-5.639835242010877
proxy_hardened_no_worst_hours,proxy_hardened_no_worst_hours-000250,2023-04-27 10:00:00,1279.5800284679667,1276.2342930636437,1304.1477877462905,27.913494682646842,2.1403628442206233,0.01,-3.3457354043230954
proxy_hardened_no_worst_hours,proxy_hardened_no_worst_hours-000251,2023-04-28 10:15:00,1276.2342930636437,1273.1890217278512,1304.1477877462905,30.95876601843929,2.3738694578426123,0.01,-3.0452713357925223
proxy_hardened_no_worst_hours,proxy_hardened_no_worst_hours-000252,2023-04-28 14:00:00,1273.1890217278512,1268.0058696773237,1304.1477877462905,36.14191806896679,2.7713054002433237,0.01,-5.183152050527569
proxy_hardened_no_worst_hours,proxy_hardened_no_worst_hours-000253,2023-05-02 14:00:00,1268.0058696773237,1276.9449447003785,1304.1477877462905,27.202843045912005,2.085871195082996,0.01,8.939075023054711
proxy_hardened_no_worst_hours,proxy_hardened_no_worst_hours-000254,2023-05-03 14:30:00,1276.9449447003785,1286.1643634929633,1304.1477877462905,17.983424253327257,1.3789406708579075,0.01,9.219418792584674
proxy_hardened_no_worst_hours,proxy_hardened_no_worst_hours-000255,2023-05-03 18:00:00,1286.1643634929633,1280.1536915341144,1304.1477877462905,23.994096212176146,1.8398295375434834,0.01,-6.010671958848961
proxy_hardened_no_worst_hours,proxy_hardened_no_worst_hours-000256,2023-05-04 15:00:00,1280.1536915341144,1272.348030541772,1304.1477877462905,31.799757204518528,2.43835533850592,0.01,-7.805660992342455
proxy_hardened_no_worst_hours,proxy_hardened_no_worst_hours-000257,2023-05-08 15:15:00,1272.348030541772,1268.5152884816582,1304.1477877462905,35.632499264632315,2.7322439680098802,0.01,-3.83274206011386
proxy_hardened_no_worst_hours,proxy_hardened_no_worst_hours-000258,2023-05-09 13:45:00,1268.5152884816582,1265.0519482546097,1304.1477877462905,39.09583949168086,2.9978074462897135,0.01,-3.4633402270486204
proxy_hardened_no_worst_hours,proxy_hardened_no_worst_hours-000259,2023-05-10 13:45:00,1265.0519482546097,1258.8682606871423,1304.1477877462905,45.27952705914822,3.4719628775659066,0.01,-6.183687567467432
proxy_hardened_no_worst_hours,proxy_hardened_no_worst_hours-000260,2023-05-11 13:00:00,1258.8682606871423,1253.4842398001306,1304.1477877462905,50.66354794615995,3.88480112623678,0.01,-5.384020887011802
proxy_hardened_no_worst_hours,proxy_hardened_no_worst_hours-000261,2023-05-12 10:30:00,1253.4842398001306,1249.864991772549,1304.1477877462905,54.282795973741486,4.162319369306148,0.01,-3.619248027581607
proxy_hardened_no_worst_hours,proxy_hardened_no_worst_hours-000262,2023-05-16 10:00:00,1249.864991772549,1254.4524980759616,1304.1477877462905,49.695289670328975,3.810556605414165,0.01,4.587506303412438
proxy_hardened_no_worst_hours,proxy_hardened_no_worst_hours-000263,2023-05-16 14:00:00,1254.4524980759616,1263.619100548256,1304.1477877462905,40.528687198034504,3.1076759535107974,0.01,9.166602472294398
proxy_hardened_no_worst_hours,proxy_hardened_no_worst_hours-000264,2023-05-17 13:00:00,1263.619100548256,1269.9949067189414,1304.1477877462905,34.15288102734917,2.6187891700808748,0.01,6.375806170685264
proxy_hardened_no_worst_hours,proxy_hardened_no_worst_hours-000265,2023-05-17 14:45:00,1269.9949067189414,1278.852817039909,1304.1477877462905,25.29497070638149,1.9395785465460134,0.01,8.857910320967603
proxy_hardened_no_worst_hours,proxy_hardened_no_worst_hours-000266,2023-05-18 10:30:00,1278.852817039909,1284.2570430035175,1304.1477877462905,19.890744742772995,1.5251910043988472,0.01,5.4042259636084236
proxy_hardened_no_worst_hours,proxy_hardened_no_worst_hours-000267,2023-05-19 13:45:00,1284.2570430035175,1280.6547790055015,1304.1477877462905,23.493008740789037,1.8014069388092524,0.01,-3.602263998016115
proxy_hardened_no_worst_hours,proxy_hardened_no_worst_hours-000268,2023-05-22 13:00:00,1280.6547790055015,1276.7441493684557,1304.1477877462905,27.403638377834795,2.101267865139063,0.01,-3.9106296370458313
proxy_hardened_no_worst_hours,proxy_hardened_no_worst_hours-000269,2023-05-26 13:00:00,1276.7441493684557,1284.0852391051,1304.1477877462905,20.06254864119046,1.538364656958145,0.01,7.341089736644262
proxy_hardened_no_worst_hours,proxy_hardened_no_worst_hours-000270,2023-05-26 15:45:00,1284.0852391051,1279.28228605813,1304.1477877462905,24.86550168816052,1.906647538093119,0.01,-4.802953046970133
proxy_hardened_no_worst_hours,proxy_hardened_no_worst_hours-000271,2023-05-30 14:00:00,1279.28228605813,1288.791635243133,1304.1477877462905,15.356152503157546,1.1774856076468643,0.01,9.509349185002902
proxy_hardened_no_worst_hours,proxy_hardened_no_worst_hours-000272,2023-05-31 15:45:00,1288.791635243133,1283.2669653538828,1304.1477877462905,20.88082239240771,1.601108600467133,0.01,-5.5246698892502355
proxy_hardened_no_worst_hours,proxy_hardened_no_worst_hours-000273,2023-05-31 18:00:00,1283.2669653538828,1278.6687898559073,1304.1477877462905,25.478997890383198,1.953689461407873,0.01,-4.5981754979755625
proxy_hardened_no_worst_hours,proxy_hardened_no_worst_hours-000274,2023-06-01 19:00:00,1278.6687898559073,1284.9635058689325,1304.1477877462905,19.18428187735799,1.4710205436540684,0.01,6.294716013025136
proxy_hardened_no_worst_hours,proxy_hardened_no_worst_hours-000275,2023-06-02 10:15:00,1284.9635058689325,1282.5242755798745,1304.1477877462905,21.62351216641605,1.6580568835518124,0.01,-2.4392302890581323
proxy_hardened_no_worst_hours,proxy_hardened_no_worst_hours-000276,2023-06-05 10:00:00,1282.5242755798745,1279.1960057983758,1304.1477877462905,24.951781947914697,1.913263372630037,0.01,-3.3282697814987205
proxy_hardened_no_worst_hours,proxy_hardened_no_worst_hours-000277,2023-06-06 13:00:00,1279.1960057983758,1275.8374222293696,1304.1477877462905,28.31036551692091,2.1707942752289067,0.01,-3.358583569006287
proxy_hardened_no_worst_hours,proxy_hardened_no_worst_hours-000278,2023-06-06 18:15:00,1275.8374222293696,1272.6108078273926,1304.1477877462905,31.53697991889794,2.4182059897825905,0.01,-3.2266144019771037
proxy_hardened_no_worst_hours,proxy_hardened_no_worst_hours-000279,2023-06-07 13:00:00,1272.6108078273926,1269.7312387855732,1304.1477877462905,34.416548960717364,2.6390068122718597,0.01,-2.8795690418194955
proxy_hardened_no_worst_hours,proxy_hardened_no_worst_hours-000280,2023-06-07 15:00:00,1269.7312387855732,1278.691890927542,1304.1477877462905,25.455896818748442,1.951918107589555,0.01,8.960652141968849
proxy_hardened_no_worst_hours,proxy_hardened_no_worst_hours-000281,2023-06-08 18:30:00,1278.691890927542,1275.2269319963657,1304.1477877462905,28.92085574992484,2.217605705554524,0.01,-3.4649589311764704
proxy_hardened_no_worst_hours,proxy_hardened_no_worst_hours-000282,2023-06-14 15:45:00,1275.2269319963657,1271.637750019683,1304.1477877462905,32.51003772660761,2.492818531156541,0.01,-3.5891819766828394
proxy_hardened_no_worst_hours,proxy_hardened_no_worst_hours-000283,2023-06-15 10:15:00,1271.637750019683,1278.7159161683417,1304.1477877462905,25.43187157794887,1.950075889934063,0.01,7.078166148658665
proxy_hardened_no_worst_hours,proxy_hardened_no_worst_hours-000284,2023-06-19 14:00:00,1278.7159161683417,1276.3967214593915,1304.1477877462905,27.751066286899004,2.1279080904516094,0.01,-2.3191947089502083
proxy_hardened_no_worst_hours,proxy_hardened_no_worst_hours-000285,2023-06-21 10:00:00,1276.3967214593915,1281.7478661629527,1304.1477877462905,22.3999215833378,1.7175907357897917,0.01,5.351144703561131
proxy_hardened_no_worst_hours,proxy_hardened_no_worst_hours-000286,2023-06-21 13:45:00,1281.7478661629527,1276.2262376528047,1304.1477877462905,27.92155009348585,2.1409805204467913,0.01,-5.521628510148121
proxy_hardened_no_worst_hours,proxy_hardened_no_worst_hours-000287,2023-06-22 10:15:00,1276.2262376528047,1273.3773402569,1304.1477877462905,30.770447489390563,2.3594294893959256,0.01,-2.848897395904787
proxy_hardened_no_worst_hours,proxy_hardened_no_worst_hours-000288,2023-06-22 13:30:00,1273.3773402569,1281.6637000289547,1304.1477877462905,22.484087717335797,1.7240444624907696,0.01,8.286359772054693
proxy_hardened_no_worst_hours,proxy_hardened_no_worst_hours-000289,2023-06-23 14:45:00,1281.6637000289547,1277.079389651323,1304.1477877462905,27.068398094967506,2.0755621678233758,0.01,-4.584310377631782
proxy_hardened_no_worst_hours,proxy_hardened_no_worst_hours-000290,2023-06-27 13:45:00,1277.079389651323,1284.9996389543933,1304.1477877462905,19.148148791897256,1.4682499155243243,0.01,7.920249303070177
proxy_hardened_no_worst_hours,proxy_hardened_no_worst_hours-000291,2023-06-28 14:45:00,1284.9996389543933,1280.7133213798595,1304.1477877462905,23.434466366431025,1.796918001672827,0.01,-4.286317574533841
proxy_hardened_no_worst_hours,proxy_hardened_no_worst_hours-000292,2023-07-02 22:00:00,1280.7133213798595,1278.1931211433368,1304.1477877462905,25.954666602953694,1.9901629897180737,0.01,-2.520200236522742
proxy_hardened_no_worst_hours,proxy_hardened_no_worst_hours-000293,2023-07-03 10:00:00,1278.1931211433368,1275.8381716948893,1304.1477877462905,28.309616051401235,2.170736807392308,0.01,-2.3549494484476146
proxy_hardened_no_worst_hours,proxy_hardened_no_worst_hours-000294,2023-07-04 13:15:00,1275.8381716948893,1273.7644125859508,1304.1477877462905,30.38337516033971,2.329749392348048,0.01,-2.073759108938548
proxy_hardened_no_worst_hours,proxy_hardened_no_worst_hours-000295,2023-07-06 10:00:00,1273.7644125859508,1271.6086566849478,1304.1477877462905,32.53913106134269,2.495049362279244,0.01,-2.155755901003049
proxy_hardened_no_worst_hours,proxy_hardened_no_worst_hours-000296,2023-07-06 13:30:00,1271.6086566849478,1265.7700488863402,1304.1477877462905,38.37773885995034,2.9427446199384546,0.01,-5.838607798607727
proxy_hardened_no_worst_hours,proxy_hardened_no_worst_hours-000297,2023-07-07 18:30:00,1265.7700488863402,1262.175219872679,1304.1477877462905,41.972567873611524,3.218390451449118,0.01,-3.594829013661256
proxy_hardened_no_worst_hours,proxy_hardened_no_worst_hours-000298,2023-07-11 22:15:00,1262.175219872679,1265.5282921197766,1304.1477877462905,38.61949562651398,2.9612821483409237,0.01,3.3530722470974705
proxy_hardened_no_worst_hours,proxy_hardened_no_worst_hours-000299,2023-07-12 22:00:00,1265.5282921197766,1270.2278201883018,1304.1477877462905,33.919967557988684,2.6009297317910636,0.01,4.699528068525224
proxy_hardened_no_worst_hours,proxy_hardened_no_worst_hours-000300,2023-07-18 18:15:00,1270.2278201883018,1266.020897188348,1304.1477877462905,38.12689055794249,2.923509966905661,0.01,-4.206922999953877
proxy_hardened_no_worst_hours,proxy_hardened_no_worst_hours-000301,2023-07-19 13:00:00,1266.020897188348,1262.8999651187908,1304.1477877462905,41.24782262749977,3.1628181265238737,0.01,-3.120932069557357
proxy_hardened_no_worst_hours,proxy_hardened_no_worst_hours-000302,2023-07-21 14:45:00,1262.8999651187908,1258.5276975134639,1304.1477877462905,45.62009023282667,3.49807672577225,0.01,-4.37226760532697
proxy_hardened_no_worst_hours,proxy_hardened_no_worst_hours-000303,2023-07-25 22:30:00,1258.5276975134639,1256.32406903266,1304.1477877462905,47.82371871363057,3.6670474897845105,0.01,-2.2036284808039728
proxy_hardened_no_worst_hours,proxy_hardened_no_worst_hours-000304,2023-07-26 10:30:00,1256.32406903266,1254.320415590414,1304.1477877462905,49.827372155876446,3.8206844825450017,0.01,-2.00365344224595
proxy_hardened_no_worst_hours,proxy_hardened_no_worst_hours-000305,2023-07-26 15:00:00,1254.320415590414,1250.8135207063463,1304.1477877462905,53.33426703994428,4.089587663382208,0.01,-3.506894884067906
proxy_hardened_no_worst_hours,proxy_hardened_no_worst_hours-000306,2023-07-28 18:00:00,1250.8135207063463,1247.5667326397022,1304.1477877462905,56.58105510658834,4.338546262794845,0.01,-3.2467880666441307
proxy_hardened_no_worst_hours,proxy_hardened_no_worst_hours-000307,2023-08-02 13:30:00,1247.5667326397022,1254.65039544364,1304.1477877462905,49.497392302650496,3.7953821466957653,0.01,7.083662803937768
proxy_hardened_no_worst_hours,proxy_hardened_no_worst_hours-000308,2023-08-04 10:00:00,1254.65039544364,1252.536790725492,1304.1477877462905,51.61099702079855,3.9574500302598357,0.01,-2.1136047181481263
proxy_hardened_no_worst_hours,proxy_hardened_no_worst_hours-000309,2023-08-04 14:45:00,1252.536790725492,1247.6680141137256,1304.1477877462905,56.47977363256496,4.330780158755486,0.01,-4.86877661176648
proxy_hardened_no_worst_hours,proxy_hardened_no_worst_hours-000310,2023-08-07 13:45:00,1247.6680141137256,1244.3870096857609,1304.1477877462905,59.760778060529674,4.582362414907195,0.01,-3.28100442796479
proxy_hardened_no_worst_hours,proxy_hardened_no_worst_hours-000311,2023-08-07 15:00:00,1244.3870096857609,1240.9717871630169,1304.1477877462905,63.17600058327366,4.844236303344783,0.01,-3.4152225227440614
proxy_hardened_no_worst_hours,proxy_hardened_no_worst_hours-000312,2023-08-08 10:15:00,1240.9717871630169,1245.8424953971758,1304.1477877462905,58.30529234911478,4.470758061083911,0.01,4.87070823415881
proxy_hardened_no_worst_hours,proxy_hardened_no_worst_hours-000313,2023-08-08 13:30:00,1245.8424953971758,1241.4862708301441,1304.1477877462905,62.66151691614641,4.804786505403068,0.01,-4.356224567031704
proxy_hardened_no_worst_hours,proxy_hardened_no_worst_hours-000314,2023-08-09 13:15:00,1241.4862708301441,1238.9006367550749,1304.1477877462905,65.24715099121568,5.00304885721348,0.01,-2.585634075069338
proxy_hardened_no_worst_hours,proxy_hardened_no_worst_hours-000315,2023-08-10 15:15:00,1238.9006367550749,1234.4294978425983,1304.1477877462905,69.71828990369227,5.345888752698271,0.01,-4.471138912476663
proxy_hardened_no_worst_hours,proxy_hardened_no_worst_hours-000316,2023-08-15 10:00:00,1234.4294978425983,1238.134143429288,1304.1477877462905,66.01364431700244,5.061822359188387,0.01,3.7046455866897485
proxy_hardened_no_worst_hours,proxy_hardened_no_worst_hours-000317,2023-08-15 13:30:00,1238.134143429288,1234.1695776131533,1304.1477877462905,69.97821013313728,5.365819026850266,0.01,-3.9645658161349093
proxy_hardened_no_worst_hours,proxy_hardened_no_worst_hours-000318,2023-08-21 15:00:00,1234.1695776131533,1230.5499464745203,1304.1477877462905,73.59784127177022,5.6433666462721455,0.01,-3.6196311386330127
proxy_hardened_no_worst_hours,proxy_hardened_no_worst_hours-000319,2023-08-22 14:45:00,1230.5499464745203,1226.8618051527537,1304.1477877462905,77.2859825935368,5.92616751872082,0.01,-3.6881413217666523
proxy_hardened_no_worst_hours,proxy_hardened_no_worst_hours-000320,2023-08-23 10:45:00,1226.8618051527537,1231.2512004291993,1304.1477877462905,72.89658731709119,5.589595596605231,0.01,4.389395276445539
proxy_hardened_no_worst_hours,proxy_hardened_no_worst_hours-000321,2023-08-23 13:00:00,1231.2512004291993,1237.3771298420702,1304.1477877462905,66.77065790422034,5.1198689697282935,0.01,6.125929412870773
proxy_hardened_no_worst_hours,proxy_hardened_no_worst_hours-000322,2023-08-25 14:00:00,1237.3771298420702,1233.8206682177477,1304.1477877462905,70.32711952854288,5.392572850204025,0.01,-3.55646162432261
proxy_hardened_no_worst_hours,proxy_hardened_no_worst_hours-000323,2023-08-30 10:00:00,1233.8206682177477,1237.0217498187778,1304.1477877462905,67.1260379275127,5.147118950645448,0.01,3.2010816010301095
proxy_hardened_no_worst_hours,proxy_hardened_no_worst_hours-000324,2023-08-30 18:00:00,1237.0217498187778,1234.659787640585,1304.1477877462905,69.48800010570562,5.32823049340048,0.01,-2.3619621781929983
proxy_hardened_no_worst_hours,proxy_hardened_no_worst_hours-000325,2023-09-05 13:00:00,1234.659787640585,1231.6397753687202,1304.1477877462905,72.50801237757037,5.5598002817512056,0.01,-3.0200122718648164
proxy_hardened_no_worst_hours,proxy_hardened_no_worst_hours-000326,2023-09-05 15:00:00,1231.6397753687202,1238.765750941608,1304.1477877462905,65.38203680468246,5.0133916891175145,0.01,7.125975572887837
proxy_hardened_no_worst_hours,proxy_hardened_no_worst_hours-000327,2023-09-08 13:15:00,1238.765750941608,1236.3891021761006,1304.1477877462905,67.75868557018998,5.195629376275244,0.01,-2.376648765507598
proxy_hardened_no_worst_hours,proxy_hardened_no_worst_hours-000328,2023-09-11 15:30:00,1236.3891021761006,1241.8474384977208,1304.1477877462905,62.30034924856977,4.777092737030331,0.01,5.458336321620136
proxy_hardened_no_worst_hours,proxy_hardened_no_worst_hours-000329,2023-09-12 14:45:00,1241.8474384977208,1238.5714718783217,1304.1477877462905,65.57631586796879,5.028288701949324,0.01,-3.275966619399087
proxy_hardened_no_worst_hours,proxy_hardened_no_worst_hours-000330,2023-09-13 14:00:00,1238.5714718783217,1245.9688079322398,1304.1477877462905,58.17897981405076,4.461072614675856,0.01,7.397336053917952
proxy_hardened_no_worst_hours,proxy_hardened_no_worst_hours-000331,2023-09-14 13:15:00,1245.9688079322398,1242.6436504147584,1304.1477877462905,61.50413733153209,4.716040460247066,0.01,-3.3251575174814025
proxy_hardened_no_worst_hours,proxy_hardened_no_worst_hours-000332,2023-09-14 15:30:00,1242.6436504147584,1238.3936396317333,1304.1477877462905,65.75414811455721,5.041924598759436,0.01,-4.250010783025191
proxy_hardened_no_worst_hours,proxy_hardened_no_worst_hours-000333,2023-09-19 14:30:00,1238.3936396317333,1235.6469828713082,1304.1477877462905,68.50080487498235,5.2525339166782015,0.01,-2.7466567604252123
proxy_hardened_no_worst_hours,proxy_hardened_no_worst_hours-000334,2023-09-22 14:00:00,1235.6469828713082,1233.186000042266,1304.1477877462905,70.96178770402457,5.4412382071095085,0.01,-2.4609828290422957
proxy_hardened_no_worst_hours,proxy_hardened_no_worst_hours-000335,2023-09-26 10:30:00,1233.186000042266,1236.6764711224732,1304.1477877462905,67.4713166238173,5.173594377705849,0.01,3.4904710802071985
proxy_hardened_no_worst_hours,proxy_hardened_no_worst_hours-000336,2023-10-02 14:00:00,1236.6764711224732,1231.9084797442622,1304.1477877462905,72.23930800202834,5.539196453100283,0.01,-4.767991378211109
proxy_hardened_no_worst_hours,proxy_hardened_no_worst_hours-000337,2023-10-02 15:30:00,1231.9084797442622,1241.6208095560255,1304.1477877462905,62.52697819026503,4.794470287628863,0.01,9.712329811763238
proxy_hardened_no_worst_hours,proxy_hardened_no_worst_hours-000338,2023-10-04 14:00:00,1241.6208095560255,1237.42067293555,1304.1477877462905,66.72711481074043,5.116530153844923,0.01,-4.200136620475478
proxy_hardened_no_worst_hours,proxy_hardened_no_worst_hours-000339,2023-10-05 10:00:00,1237.42067293555,1241.5407078866579,1304.1477877462905,62.60707985963268,4.800612357578318,0.01,4.120034951107682
proxy_hardened_no_worst_hours,proxy_hardened_no_worst_hours-000340,2023-10-05 13:15:00,1241.5407078866579,1238.004180790211,1304.1477877462905,66.14360695607957,5.071787689827924,0.01,-3.536527096446962
proxy_hardened_no_worst_hours,proxy_hardened_no_worst_hours-000341,2023-10-06 13:00:00,1238.004180790211,1234.1364432146627,1304.1477877462905,70.01134453162786,5.368359720382234,0.01,-3.8677375755483627
proxy_hardened_no_worst_hours,proxy_hardened_no_worst_hours-000342,2023-10-09 14:15:00,1234.1364432146627,1240.9413712114047,1304.1477877462905,63.206416534885875,4.846568550648193,0.01,6.804927996741908
proxy_hardened_no_worst_hours,proxy_hardened_no_worst_hours-000343,2023-10-11 18:45:00,1240.9413712114047,1247.1552206674235,1304.1477877462905,56.99256707886707,4.370100353224264,0.01,6.213849456018734
proxy_hardened_no_worst_hours,proxy_hardened_no_worst_hours-000344,2023-10-16 13:00:00,1247.1552206674235,1243.1806325119826,1304.1477877462905,60.96715523430794,4.674865518091767,0.01,-3.9745881554409426
proxy_hardened_no_worst_hours,proxy_hardened_no_worst_hours-000345,2023-10-16 13:45:00,1243.1806325119826,1238.941149211143,1304.1477877462905,65.20663853514748,4.999942425837462,0.01,-4.239483300839611
proxy_hardened_no_worst_hours,proxy_hardened_no_worst_hours-000346,2023-10-17 13:00:00,1238.941149211143,1234.8354563376697,1304.1477877462905,69.31233140862082,5.314760494161485,0.01,-4.1056928734734175
proxy_hardened_no_worst_hours,proxy_hardened_no_worst_hours-000347,2023-10-18 18:00:00,1234.8354563376697,1229.791165446906,1304.1477877462905,74.35662229938453,5.7015487813601915,0.01,-5.044290890763778
proxy_hardened_no_worst_hours,proxy_hardened_no_worst_hours-000348,2023-10-19 10:30:00,1229.791165446906,1235.8346462262955,1304.1477877462905,68.31314151999504,5.238144185947483,0.01,6.0434807793894105
proxy_hardened_no_worst_hours,proxy_hardened_no_worst_hours-000349,2023-10-19 13:00:00,1235.8346462262955,1242.9854329929308,1304.1477877462905,61.16235475335975,4.689833110023133,0.01,7.150786766635219
proxy_hardened_no_worst_hours,proxy_hardened_no_worst_hours-000350,2023-10-20 13:45:00,1242.9854329929308,1252.451456957298,1304.1477877462905,51.696330788992555,3.963993289313433,0.01,9.466023964367123
proxy_hardened_no_worst_hours,proxy_hardened_no_worst_hours-000351,2023-10-23 13:00:00,1252.451456957298,1248.2898423790111,1304.1477877462905,55.8579453672794,4.28309934595741,0.01,-4.161614578286917
proxy_hardened_no_worst_hours,proxy_hardened_no_worst_hours-000352,2023-10-24 18:30:00,1248.2898423790111,1244.2796264696556,1304.1477877462905,59.868161276634964,4.590596390926957,0.01,-4.010215909355638
proxy_hardened_no_worst_hours,proxy_hardened_no_worst_hours-000353,2023-10-25 14:00:00,1244.2796264696556,1239.0669928723796,1304.1477877462905,65.08079487391092,4.99029293193662,0.01,-5.212633597276026
proxy_hardened_no_worst_hours,proxy_hardened_no_worst_hours-000354,2023-10-26 18:00:00,1239.0669928723796,1234.5588415691652,1304.1477877462905,69.58894617712531,5.335970879296018,0.01,-4.508151303214463
proxy_hardened_no_worst_hours,proxy_hardened_no_worst_hours-000355,2023-10-30 14:00:00,1234.5588415691652,1230.3259882290008,1304.1477877462905,73.82179951728972,5.660539412090851,0.01,-4.232853340164484
proxy_hardened_no_worst_hours,proxy_hardened_no_worst_hours-000356,2023-11-01 14:45:00,1230.3259882290008,1226.1054061139816,1304.1477877462905,78.04238163230889,5.984167006653029,0.01,-4.220582115019242
proxy_hardened_no_worst_hours,proxy_hardened_no_worst_hours-000357,2023-11-02 10:00:00,1226.1054061139816,1223.6747004692727,1304.1477877462905,80.47308727701784,6.170549690237492,0.01,-2.4307056447090236
proxy_hardened_no_worst_hours,proxy_hardened_no_worst_hours-000358,2023-11-03 10:15:00,1223.6747004692727,1221.4664447915038,1304.1477877462905,82.68134295478671,6.3398752604311115,0.01,-2.208255677768948
proxy_hardened_no_worst_hours,proxy_hardened_no_worst_hours-000359,2023-11-03 13:45:00,1221.4664447915038,1214.6547062559916,1304.1477877462905,89.49308149029889,6.8621886515601656,0.01,-6.81173853551225
proxy_hardened_no_worst_hours,proxy_hardened_no_worst_hours-000360,2023-11-07 14:30:00,1214.6547062559916,1210.774937593704,1304.1477877462905,93.37285015258658,7.1596832069120815,0.01,-3.879768662287761
proxy_hardened_no_worst_hours,proxy_hardened_no_worst_hours-000361,2023-11-08 14:30:00,1210.774937593704,1216.782567326468,1304.1477877462905,87.36522041982244,6.699027613335069,0.01,6.007629732764071
proxy_hardened_no_worst_hours,proxy_hardened_no_worst_hours-000362,2023-11-09 10:45:00,1216.782567326468,1214.310054290818,1304.1477877462905,89.83773345547252,6.888616021863742,0.01,-2.472513035650154
proxy_hardened_no_worst_hours,proxy_hardened_no_worst_hours-000363,2023-11-10 10:45:00,1214.310054290818,1218.822091825395,1304.1477877462905,85.32569592089544,6.542640084399295,0.01,4.5120375345770025
proxy_hardened_no_worst_hours,proxy_hardened_no_worst_hours-000364,2023-11-10 15:00:00,1218.822091825395,1227.15192134212,1304.1477877462905,76.99586640417056,5.903921865882071,0.01,8.329829516724812
proxy_hardened_no_worst_hours,proxy_hardened_no_worst_hours-000365,2023-11-14 21:30:00,1227.15192134212,1232.0557844948007,1304.1477877462905,72.09200325148981,5.527901356645526,0.01,4.903863152680669
proxy_hardened_no_worst_hours,proxy_hardened_no_worst_hours-000366,2023-11-15 13:00:00,1232.0557844948007,1229.6863440642055,1304.1477877462905,74.46144368208502,5.709586320026085,0.01,-2.3694404305952776
proxy_hardened_no_worst_hours,proxy_hardened_no_worst_hours-000367,2023-11-16 10:00:00,1229.6863440642055,1227.639592103571,1304.1477877462905,76.50819564271956,5.8665280393515875,0.01,-2.0467519606346105
proxy_hardened_no_worst_hours,proxy_hardened_no_worst_hours-000368,2023-11-16 13:30:00,1227.639592103571,1233.1314696834636,1304.1477877462905,71.01631806282694,5.445419509206919,0.01,5.491877579892543
proxy_hardened_no_worst_hours,proxy_hardened_no_worst_hours-000369,2023-11-17 13:00:00,1233.1314696834636,1229.851966313852,1304.1477877462905,74.29582143243852,5.696886666566355,0.01,-3.279503369611648
proxy_hardened_no_worst_hours,proxy_hardened_no_worst_hours-000370,2023-11-20 21:00:00,1229.851966313852,1235.1057413973758,1304.1477877462905,69.04204634891471,5.294035461136417,0.01,5.253775083523733
proxy_hardened_no_worst_hours,proxy_hardened_no_worst_hours-000371,2023-11-21 19:15:00,1235.1057413973758,1231.350250897779,1304.1477877462905,72.79753684851153,5.582000562552317,0.01,-3.75549049959689
proxy_hardened_no_worst_hours,proxy_hardened_no_worst_hours-000372,2023-11-22 10:45:00,1231.350250897779,1228.5369378243852,1304.1477877462905,75.61084992190536,5.797720981651102,0.01,-2.8133130733939016
proxy_hardened_no_worst_hours,proxy_hardened_no_worst_hours-000373,2023-11-24 13:00:00,1228.5369378243852,1232.3147379576742,1304.1477877462905,71.83304978861634,5.508045212632815,0.01,3.777800133288947
proxy_hardened_no_worst_hours,proxy_hardened_no_worst_hours-000374,2023-11-24 15:30:00,1232.3147379576742,1238.5848401278106,1304.1477877462905,65.56294761847994,5.027263645616411,0.01,6.270102170136324
proxy_hardened_no_worst_hours,proxy_hardened_no_worst_hours-000375,2023-11-27 10:15:00,1238.5848401278106,1235.8167225210134,1304.1477877462905,68.33106522527714,5.239518547461609,0.01,-2.7681176067972775
proxy_hardened_no_worst_hours,proxy_hardened_no_worst_hours-000376,2023-11-27 15:15:00,1235.8167225210134,1232.2420494808239,1304.1477877462905,71.90573826546665,5.513618850646337,0.01,-3.574673040189582
proxy_hardened_no_worst_hours,proxy_hardened_no_worst_hours-000377,2023-12-01 10:15:00,1232.2420494808239,1229.411063706584,1304.1477877462905,74.73672403970659,5.730694384634106,0.01,-2.8309857742400073
proxy_hardened_no_worst_hours,proxy_hardened_no_worst_hours-000378,2023-12-11 13:00:00,1229.411063706584,1235.6808809457075,1304.1477877462905,68.46690680058305,5.249934665679365,0.01,6.2698172391234674
proxy_hardened_no_worst_hours,proxy_hardened_no_worst_hours-000379,2023-12-12 15:15:00,1235.6808809457075,1245.624048508399,1304.1477877462905,58.523739237891505,4.4875082247409175,0.01,9.94316756269147
proxy_hardened_no_worst_hours,proxy_hardened_no_worst_hours-000380,2023-12-14 10:30:00,1245.624048508399,1241.247751372308,1304.1477877462905,62.90003637398263,4.823075802066938,0.01,-4.376297136091198
proxy_hardened_no_worst_hours,proxy_hardened_no_worst_hours-000381,2023-12-14 13:45:00,1241.247751372308,1250.7711317961664,1304.1477877462905,53.37665595012413,4.092837978306493,0.01,9.523380423858425
proxy_hardened_no_worst_hours,proxy_hardened_no_worst_hours-000382,2023-12-18 18:00:00,1250.7711317961664,1246.3955629340746,1304.1477877462905,57.7522248122159,4.428349712728343,0.01,-4.375568862091841
proxy_hardened_no_worst_hours,proxy_hardened_no_worst_hours-000383,2023-12-19 18:30:00,1246.3955629340746,1242.6668141827947,1304.1477877462905,61.48097356349581,4.714264298967345,0.01,-3.7287487512799817
proxy_hardened_no_worst_hours,proxy_hardened_no_worst_hours-000384,2023-12-20 14:00:00,1242.6668141827947,1239.1626260667765,1304.1477877462905,64.98516167951402,4.982959929090204,0.01,-3.5041881160182857
proxy_hardened_no_worst_hours,proxy_hardened_no_worst_hours-000385,2023-12-21 13:00:00,1239.1626260667765,1236.669976227796,1304.1477877462905,67.47781151849449,5.174092396008546,0.01,-2.492649838980542
proxy_hardened_no_worst_hours,proxy_hardened_no_worst_hours-000386,2023-12-21 14:00:00,1236.669976227796,1244.955710533873,1304.1477877462905,59.192077212417644,4.538755328850268,0.01,8.285734306076774
proxy_hardened_no_worst_hours,proxy_hardened_no_worst_hours-000387,2023-12-26 10:30:00,1244.955710533873,1243.0692068605615,1304.1477877462905,61.078580885729025,4.68340946168988,0.01,-1.886503673311454
proxy_hardened_no_worst_hours,proxy_hardened_no_worst_hours-000388,2023-12-27 18:45:00,1243.0692068605615,1250.9022489227088,1304.1477877462905,53.24553882358168,4.082784123384956,0.01,7.833042062147269
proxy_hardened_no_worst_hours,proxy_hardened_no_worst_hours-000389,2024-01-02 10:00:00,1250.9022489227088,1247.5710027559342,1304.1477877462905,56.57678499035637,4.338218837002149,0.01,-3.331246166774763
proxy_hardened_no_worst_hours,proxy_hardened_no_worst_hours-000390,2024-01-08 13:00:00,1247.5710027559342,1243.2593762826134,1304.1477877462905,60.88841146367713,4.668827569680499,0.01,-4.31162647332083
proxy_hardened_no_worst_hours,proxy_hardened_no_worst_hours-000391,2024-01-12 15:45:00,1243.2593762826134,1237.493361819312,1304.1477877462905,66.65442592697855,5.110956484630063,0.01,-5.76601446330149
proxy_hardened_no_worst_hours,proxy_hardened_no_worst_hours-000392,2024-01-12 19:00:00,1237.493361819312,1247.1205722281454,1304.1477877462905,57.02721551814511,4.372757141021138,0.01,9.627210408833362
proxy_hardened_no_worst_hours,proxy_hardened_no_worst_hours-000393,2024-01-16 14:45:00,1247.1205722281454,1257.4094018926073,1304.1477877462905,46.73838585368321,3.5838258740945483,0.01,10.288829664461828
proxy_hardened_no_worst_hours,proxy_hardened_no_worst_hours-000394,2024-01-17 14:00:00,1257.4094018926073,1266.680850355691,1304.1477877462905,37.46693739059947,2.872905796615767,0.01,9.27144846308367
proxy_hardened_no_worst_hours,proxy_hardened_no_worst_hours-000395,2024-01-19 19:45:00,1266.680850355691,1263.3367479749547,1304.1477877462905,40.8110397713358,3.129326304487448,0.01,-3.3441023807364036
proxy_hardened_no_worst_hours,proxy_hardened_no_worst_hours-000396,2024-01-22 10:00:00,1263.3367479749547,1260.006670055237,1304.1477877462905,44.14111769105352,3.3846714387588066,0.01,-3.3300779197177963
proxy_hardened_no_worst_hours,proxy_hardened_no_worst_hours-000397,2024-01-22 14:00:00,1260.006670055237,1256.316282898442,1304.1477877462905,47.831504847848464,3.667644518303138,0.01,-3.6903871567950137
proxy_hardened_no_worst_hours,proxy_hardened_no_worst_hours-000398,2024-01-23 14:30:00,1256.316282898442,1252.540559531177,1304.1477877462905,51.60722821511354,3.9571610441709564,0.01,-3.7757233672651456
proxy_hardened_no_worst_hours,proxy_hardened_no_worst_hours-000399,2024-01-23 21:00:00,1252.540559531177,1249.9017997373269,1304.1477877462905,54.24598800896365,4.15949699249244,0.01,-2.638759793850186
proxy_hardened_no_worst_hours,proxy_hardened_no_worst_hours-000400,2024-01-24 10:30:00,1249.9017997373269,1255.7625272418734,1304.1477877462905,48.38526050441715,3.710105630592078,0.01,5.86072750454643
proxy_hardened_no_worst_hours,proxy_hardened_no_worst_hours-000401,2024-01-24 13:30:00,1255.7625272418734,1252.125112587872,1304.1477877462905,52.02267515841845,3.9890168619861175,0.01,-3.637414654001377
proxy_hardened_no_worst_hours,proxy_hardened_no_worst_hours-000402,2024-01-26 15:30:00,1252.125112587872,1248.3009705594711,1304.1477877462905,55.84681718681941,4.2822460545923855,0.01,-3.8241420284010292
proxy_hardened_no_worst_hours,proxy_hardened_no_worst_hours-000403,2024-01-29 13:00:00,1248.3009705594711,1252.8997905426725,1304.1477877462905,51.24799720361807,3.9296157755387675,0.01,4.598819983201265
proxy_hardened_no_worst_hours,proxy_hardened_no_worst_hours-000404,2024-01-30 10:00:00,1252.8997905426725,1250.4767799927813,1304.1477877462905,53.67100775350923,4.115408411362533,0.01,-2.4230105498912327
proxy_hardened_no_worst_hours,proxy_hardened_no_worst_hours-000405,2024-01-31 10:00:00,1250.4767799927813,1254.523176053035,1304.1477877462905,49.624611693255474,3.805137129359565,0.01,4.046396060253683
proxy_hardened_no_worst_hours,proxy_hardened_no_worst_hours-000406,2024-01-31 19:30:00,1254.523176053035,1249.0910115034178,1304.1477877462905,55.05677624287273,4.221666958314351,0.01,-5.432164549617328
proxy_hardened_no_worst_hours,proxy_hardened_no_worst_hours-000407,2024-02-01 15:00:00,1249.0910115034178,1260.3213178536787,1304.1477877462905,43.82646989261184,3.360544740742056,0.01,11.230306350260816
proxy_hardened_no_worst_hours,proxy_hardened_no_worst_hours-000408,2024-02-01 18:15:00,1260.3213178536787,1253.7829205686214,1304.1477877462905,50.36486717766911,3.861898754949015,0.01,-6.538397285057345
proxy_hardened_no_worst_hours,proxy_hardened_no_worst_hours-000409,2024-02-05 15:00:00,1253.7829205686214,1249.4388452640776,1304.1477877462905,54.70894248221293,4.194995612940152,0.01,-4.344075304543894
proxy_hardened_no_worst_hours,proxy_hardened_no_worst_hours-000410,2024-02-06 10:15:00,1249.4388452640776,1246.9328105183133,1304.1477877462905,57.214977227977215,4.387154413446572,0.01,-2.506034745764355
proxy_hardened_no_worst_hours,proxy_hardened_no_worst_hours-000411,2024-02-07 15:15:00,1246.9328105183133,1242.8514441254727,1304.1477877462905,61.29634362081788,4.700107165518767,0.01,-4.081366392840737
proxy_hardened_no_worst_hours,proxy_hardened_no_worst_hours-000412,2024-02-14 14:00:00,1242.8514441254727,1248.6435547910191,1304.1477877462905,55.50423295527139,4.255977234849185,0.01,5.792110665546415
proxy_hardened_no_worst_hours,proxy_hardened_no_worst_hours-000413,2024-02-14 15:15:00,1248.6435547910191,1244.8007865737748,1304.1477877462905,59.347001172515775,4.550634654303548,0.01,-3.8427682172444566
proxy_hardened_no_worst_hours,proxy_hardened_no_worst_hours-000414,2024-02-15 13:30:00,1244.8007865737748,1241.9023550681552,1304.1477877462905,62.24543267813533,4.772881820832762,0.01,-2.8984315056196284
proxy_hardened_no_worst_hours,proxy_hardened_no_worst_hours-000415,2024-02-15 19:15:00,1241.9023550681552,1238.5054374420897,1304.1477877462905,65.64235030420082,5.0333521185998364,0.01,-3.3969176260655605
proxy_hardened_no_worst_hours,proxy_hardened_no_worst_hours-000416,2024-02-20 14:45:00,1238.5054374420897,1235.6061687267593,1304.1477877462905,68.54161901953125,5.255663481052147,0.01,-2.899268715330509
proxy_hardened_no_worst_hours,proxy_hardened_no_worst_hours-000417,2024-02-21 13:30:00,1235.6061687267593,1233.2418775487506,1304.1477877462905,70.90591019753992,5.436953607847855,0.01,-2.3642911780087434
proxy_hardened_no_worst_hours,proxy_hardened_no_worst_hours-000418,2024-02-23 13:45:00,1233.2418775487506,1238.9929509832475,1304.1477877462905,65.15483676304302,4.995970347474015,0.01,5.7510734344968295
proxy_hardened_no_worst_hours,proxy_hardened_no_worst_hours-000419,2024-02-23 21:30:00,1238.9929509832475,1236.6507703901705,1304.1477877462905,67.49701735612007,5.175565069413051,0.01,-2.342180593077119
proxy_hardened_no_worst_hours,proxy_hardened_no_worst_hours-000420,2024-02-26 10:00:00,1236.6507703901705,1234.352197758119,1304.1477877462905,69.79558998817151,5.3518160015273954,0.01,-2.2985726320515187
proxy_hardened_no_worst_hours,proxy_hardened_no_worst_hours-000421,2024-02-27 10:30:00,1234.352197758119,1232.3796368943756,1304.1477877462905,71.76815085191492,5.503068864299353,0.01,-1.9725608637434835
proxy_hardened_no_worst_hours,proxy_hardened_no_worst_hours-000422,2024-02-27 14:15:00,1232.3796368943756,1229.9117283710948,1304.1477877462905,74.23605937519574,5.692304206065766,0.01,-2.467908523280885
proxy_hardened_no_worst_hours,proxy_hardened_no_worst_hours-000423,2024-02-28 14:45:00,1229.9117283710948,1235.1329936716213,1304.1477877462905,69.01479407466923,5.291945799634742,0.01,5.221265300526438
proxy_hardened_no_worst_hours,proxy_hardened_no_worst_hours-000424,2024-03-01 13:15:00,1235.1329936716213,1232.0919908674057,1304.1477877462905,72.05579687888485,5.5251251089728965,0.01,-3.0410028042156956
proxy_hardened_no_worst_hours,proxy_hardened_no_worst_hours-000425,2024-03-01 15:00:00,1232.0919908674057,1241.0973758542834,1304.1477877462905,63.050411892007105,4.834606360139988,0.01,9.00538498687767
proxy_hardened_no_worst_hours,proxy_hardened_no_worst_hours-000426,2024-03-04 10:00:00,1241.0973758542834,1238.6727616784253,1304.1477877462905,65.4750260678652,5.020521959479239,0.01,-2.424614175858169
proxy_hardened_no_worst_hours,proxy_hardened_no_worst_hours-000427,2024-03-05 14:00:00,1238.6727616784253,1232.1464513695507,1304.1477877462905,72.0013363767398,5.520949163374034,0.01,-6.526310308874672
proxy_hardened_no_worst_hours,proxy_hardened_no_worst_hours-000428,2024-03-05 18:00:00,1232.1464513695507,1225.8805060925877,1304.1477877462905,78.26728165370287,6.001411986363697,0.01,-6.265945276963139
proxy_hardened_no_worst_hours,proxy_hardened_no_worst_hours-000429,2024-03-06 10:15:00,1225.8805060925877,1231.6970238981787,1304.1477877462905,72.45076384811182,5.55541055460552,0.01,5.8165178055909745
proxy_hardened_no_worst_hours,proxy_hardened_no_worst_hours-000430,2024-03-06 19:45:00,1231.6970238981787,1243.4527570502971,1304.1477877462905,60.69503069599341,4.653999436741831,0.01,11.755733152118337
proxy_hardened_no_worst_hours,proxy_hardened_no_worst_hours-000431,2024-03-07 13:00:00,1243.4527570502971,1239.3851859999238,1304.1477877462905,64.76260174636673,4.965894383663646,0.01,-4.06757105037339
proxy_hardened_no_worst_hours,proxy_hardened_no_worst_hours-000432,2024-03-08 13:30:00,1239.3851859999238,1233.0094678332273,1304.1477877462905,71.13831991306324,5.454774419086199,0.01,-6.375718166696588
proxy_hardened_no_worst_hours,proxy_hardened_no_worst_hours-000433,2024-03-08 14:15:00,1233.0094678332273,1248.7291859908312,1304.1477877462905,55.41860175545935,4.24941116920719,0.01,15.71971815760382
proxy_hardened_no_worst_hours,proxy_hardened_no_worst_hours-000434,2024-03-15 10:30:00,1248.7291859908312,1245.5639593531034,1304.1477877462905,58.583828393187105,4.492115766605435,0.01,-3.1652266377278284
proxy_hardened_no_worst_hours,proxy_hardened_no_worst_hours-000435,2024-03-18 14:15:00,1245.5639593531034,1241.7968184984481,1304.1477877462905,62.350969247842386,4.780974198912813,0.01,-3.767140854655354
proxy_hardened_no_worst_hours,proxy_hardened_no_worst_hours-000436,2024-03-19 10:45:00,1241.7968184984481,1238.3564258897325,1304.1477877462905,65.79136185655807,5.0447780899320245,0.01,-3.440392608715756
proxy_hardened_no_worst_hours,proxy_hardened_no_worst_hours-000437,2024-03-19 14:00:00,1238.3564258897325,1234.0122813483024,1304.1477877462905,70.13550639798814,5.37788025689864,0.01,-4.344144541430142
proxy_hardened_no_worst_hours,proxy_hardened_no_worst_hours-000438,2024-03-20 13:15:00,1234.0122813483024,1230.6678185992598,1304.1477877462905,73.47996914703072,5.634328397244925,0.01,-3.34446274904265
proxy_hardened_no_worst_hours,proxy_hardened_no_worst_hours-000439,2024-03-20 14:30:00,1230.6678185992598,1239.415998018476,1304.1477877462905,64.73178972781443,4.963531766570568,0.01,8.748179419216212
proxy_hardened_no_worst_hours,proxy_hardened_no_worst_hours-000440,2024-03-25 13:15:00,1239.415998018476,1246.6449302474723,1304.1477877462905,57.50285749881823,4.4092286195715165,0.01,7.228932228996127
proxy_hardened_no_worst_hours,proxy_hardened_no_worst_hours-000441,2024-03-25 15:15:00,1246.6449302474723,1242.4871087788922,1304.1477877462905,61.660678967398326,4.728043826532474,0.01,-4.157821468580169
proxy_hardened_no_worst_hours,proxy_hardened_no_worst_hours-000442,2024-03-27 13:30:00,1242.4871087788922,1253.2347847478547,1304.1477877462905,50.913002998435786,3.9039289470727088,0.01,10.747675968962467
proxy_hardened_no_worst_hours,proxy_hardened_no_worst_hours-000443,2024-03-28 13:30:00,1253.2347847478547,1266.2768379974175,1304.1477877462905,37.870949748873045,2.9038848284455683,0.01,13.042053249562668
proxy_hardened_no_worst_hours,proxy_hardened_no_worst_hours-000444,2024-04-02 10:15:00,1266.2768379974175,1261.6438000329692,1304.1477877462905,42.503987713321294,3.259138888451654,0.01,-4.633037964448322
proxy_hardened_no_worst_hours,proxy_hardened_no_worst_hours-000445,2024-04-02 13:00:00,1261.6438000329692,1272.177542777026,1304.1477877462905,31.970244969264513,2.4514280720065154,0.01,10.533742744056708
proxy_hardened_no_worst_hours,proxy_hardened_no_worst_hours-000446,2024-04-03 14:00:00,1272.177542777026,1284.330927208752,1304.1477877462905,19.81686053753856,1.5195256798145749,0.01,12.15338443172588
proxy_hardened_no_worst_hours,proxy_hardened_no_worst_hours-000447,2024-04-04 19:00:00,1284.330927208752,1277.1739700696664,1304.1477877462905,26.973817676624094,2.068309890187966,0.01,-7.156957139085607
proxy_hardened_no_worst_hours,proxy_hardened_no_worst_hours-000448,2024-04-05 13:30:00,1277.1739700696664,1291.5074712809667,1304.1477877462905,12.64031646532385,0.9692395742332004,0.01,14.333501211300172
proxy_hardened_no_worst_hours,proxy_hardened_no_worst_hours-000449,2024-04-08 10:15:00,1291.5074712809667,1285.2587693783037,1304.1477877462905,18.889018367986864,1.4483802024177908,0.01,-6.248701902663088
proxy_hardened_no_worst_hours,proxy_hardened_no_worst_hours-000450,2024-04-08 19:00:00,1285.2587693783037,1297.2501616151542,1304.1477877462905,6.897626131136349,0.5288991167984265,0.01,11.991392236850443
proxy_hardened_no_worst_hours,proxy_hardened_no_worst_hours-000451,2024-04-09 13:30:00,1297.2501616151542,1290.5483489741002,1304.1477877462905,13.599438772190297,1.0427835633330795,0.01,-6.701812641054021
proxy_hardened_no_worst_hours,proxy_hardened_no_worst_hours-000452,2024-04-09 22:00:00,1290.5483489741002,1285.454875921743,1304.1477877462905,18.692911824547537,1.4333430612837923,0.01,-5.093473052357313
proxy_hardened_no_worst_hours,proxy_hardened_no_worst_hours-000453,2024-04-11 14:00:00,1285.454875921743,1278.939220699597,1304.1477877462905,25.208567046693588,1.9329532498963737,0.01,-6.515655222146124
proxy_hardened_no_worst_hours,proxy_hardened_no_worst_hours-000454,2024-04-12 13:00:00,1278.939220699597,1290.5117558659538,1304.1477877462905,13.636031880336759,1.0455894652784181,0.01,11.572535166356756
proxy_hardened_no_worst_hours,proxy_hardened_no_worst_hours-000455,2024-04-16 15:15:00,1290.5117558659538,1280.4582146948599,1304.1477877462905,23.68957305143067,1.8164791808119258,0.01,-10.053541171093984
proxy_hardened_no_worst_hours,proxy_hardened_no_worst_hours-000456,2024-04-18 15:15:00,1280.4582146948599,1272.0167072173529,1304.1477877462905,32.13108052893767,2.463760689612002,0.01,-8.441507477507075
proxy_hardened_no_worst_hours,proxy_hardened_no_worst_hours-000457,2024-04-19 14:15:00,1272.0167072173529,1263.7138273476187,1304.1477877462905,40.43396039867184,3.100412451609195,0.01,-8.302879869734243
proxy_hardened_no_worst_hours,proxy_hardened_no_worst_hours-000458,2024-04-23 10:30:00,1263.7138273476187,1256.544979407459,1304.1477877462905,47.60280833883144,3.650108429896145,0.01,-7.168847940159667
proxy_hardened_no_worst_hours,proxy_hardened_no_worst_hours-000459,2024-04-24 10:00:00,1256.544979407459,1251.9095700865626,1304.1477877462905,52.23821765972798,4.005544321782834,0.01,-4.635409320896615
proxy_hardened_no_worst_hours,proxy_hardened_no_worst_hours-000460,2024-04-26 13:00:00,1251.9095700865626,1246.2686605166225,1304.1477877462905,57.87912722966803,4.43808039038961,0.01,-5.640909569940122
proxy_hardened_no_worst_hours,proxy_hardened_no_worst_hours-000461,2024-04-30 13:45:00,1246.2686605166225,1257.940452851917,1304.1477877462905,46.207334894373616,3.5431057222605826,0.01,11.67179233529434
proxy_hardened_no_worst_hours,proxy_hardened_no_worst_hours-000462,2024-05-02 14:15:00,1257.940452851917,1249.8110199247947,1304.1477877462905,54.33676782149587,4.16645784565534,0.01,-8.129432927122325
proxy_hardened_no_worst_hours,proxy_hardened_no_worst_hours-000463,2024-05-06 14:15:00,1249.8110199247947,1243.0829393644547,1304.1477877462905,61.06484838183587,4.6823564749024795,0.01,-6.728080560340077
proxy_hardened_no_worst_hours,proxy_hardened_no_worst_hours-000464,2024-05-10 14:30:00,1243.0829393644547,1235.6554818502784,1304.1477877462905,68.49230589601211,5.251882228345782,0.01,-7.427457514176313
proxy_hardened_no_worst_hours,proxy_hardened_no_worst_hours-000465,2024-05-10 18:00:00,1235.6554818502784,1229.9939434756463,1304.1477877462905,74.15384427064419,5.686000081232366,0.01,-5.661538374632146
proxy_hardened_no_worst_hours,proxy_hardened_no_worst_hours-000466,2024-05-14 10:15:00,1229.9939434756463,1226.2124621360306,1304.1477877462905,77.93532561025995,5.975958119358595,0.01,-3.781481339615839
proxy_hardened_no_worst_hours,proxy_hardened_no_worst_hours-000467,2024-05-14 15:00:00,1226.2124621360306,1238.3461807657734,1304.1477877462905,65.80160698051714,5.045563669914242,0.01,12.133718629742743
proxy_hardened_no_worst_hours,proxy_hardened_no_worst_hours-000468,2024-05-15 14:15:00,1238.3461807657734,1255.2216111507935,1304.1477877462905,48.926176595497054,3.751582225205229,0.01,16.87543038502001
proxy_hardened_no_worst_hours,proxy_hardened_no_worst_hours-000469,2024-05-17 10:00:00,1255.2216111507935,1262.4142705143242,1304.1477877462905,41.73351723196629,3.2000604244467072,0.01,7.192659363530693
proxy_hardened_no_worst_hours,proxy_hardened_no_worst_hours-000470,2024-05-20 10:00:00,1262.4142705143242,1255.4655346214315,1304.1477877462905,48.68225312485902,3.7328785573441223,0.01,-6.948735892892801
proxy_hardened_no_worst_hours,proxy_hardened_no_worst_hours-000471,2024-05-20 19:00:00,1255.4655346214315,1249.1737558249968,1304.1477877462905,54.97403192129377,4.21532225395213,0.01,-6.291778796434828
proxy_hardened_no_worst_hours,proxy_hardened_no_worst_hours-000472,2024-05-21 13:00:00,1249.1737558249968,1243.1359706372311,1304.1477877462905,61.01181710905939,4.678290120362391,0.01,-6.037785187765694
proxy_hardened_no_worst_hours,proxy_hardened_no_worst_hours-000473,2024-05-22 14:00:00,1243.1359706372311,1257.7587042007087,1304.1477877462905,46.3890835455818,3.5570419228136094,0.01,14.622733563477523
proxy_hardened_no_worst_hours,proxy_hardened_no_worst_hours-000474,2024-05-23 14:00:00,1257.7587042007087,1273.63501632994,1304.1477877462905,30.51277141635046,2.3396712936253836,0.01,15.876312129231264
proxy_hardened_no_worst_hours,proxy_hardened_no_worst_hours-000475,2024-05-28 10:00:00,1273.63501632994,1270.1294412712757,1304.1477877462905,34.01834647501482,2.6084732723276884,0.01,-3.5055750586644354
proxy_hardened_no_worst_hours,proxy_hardened_no_worst_hours-000476,2024-05-28 14:15:00,1270.1294412712757,1264.2049290141174,1304.1477877462905,39.942858732173136,3.0627555486789384,0.01,-5.924512257158385
proxy_hardened_no_worst_hours,proxy_hardened_no_worst_hours-000477,2024-05-29 13:15:00,1264.2049290141174,1275.5324689206789,1304.1477877462905,28.615318825611666,2.194177615027976,0.01,11.327539906561396
proxy_hardened_no_worst_hours,proxy_hardened_no_worst_hours-000478,2024-05-30 14:45:00,1275.5324689206789,1269.460215606213,1304.1477877462905,34.687572140077464,2.6597884431504015,0.01,-6.07225331446587
proxy_hardened_no_worst_hours,proxy_hardened_no_worst_hours-000479,2024-06-04 14:00:00,1269.460215606213,1262.535039322822,1304.1477877462905,41.612748423468474,3.19080006226747,0.01,-6.9251762833910835
proxy_hardened_no_worst_hours,proxy_hardened_no_worst_hours-000480,2024-06-06 14:45:00,1262.535039322822,1274.5731152889155,1304.1477877462905,29.574672457375073,2.2677393417569127,0.01,12.038075966093329
proxy_hardened_no_worst_hours,proxy_hardened_no_worst_hours-000481,2024-06-06 18:00:00,1274.5731152889155,1285.918827298375,1304.1477877462905,18.228960447915597,1.3977679998535462,0.01,11.345712009459403
proxy_hardened_no_worst_hours,proxy_hardened_no_worst_hours-000482,2024-06-11 18:45:00,1285.918827298375,1294.258058949216,1304.1477877462905,9.88972879707444,0.7583288404886205,0.01,8.339231650841084
proxy_hardened_no_worst_hours,proxy_hardened_no_worst_hours-000483,2024-06-13 14:00:00,1294.258058949216,1285.7790349475424,1304.1477877462905,18.36875279874812,1.408487057321266,0.01,-8.479024001673752
proxy_hardened_no_worst_hours,proxy_hardened_no_worst_hours-000484,2024-06-14 13:30:00,1285.7790349475424,1279.3945460445773,1304.1477877462905,24.75324170171325,1.8980396189982078,0.01,-6.384488902965204
proxy_hardened_no_worst_hours,proxy_hardened_no_worst_hours-000485,2024-06-17 13:30:00,1279.3945460445773,1274.8278672817985,1304.1477877462905,29.319920464492043,2.2482053598511302,0.01,-4.566678762778865
proxy_hardened_no_worst_hours,proxy_hardened_no_worst_hours-000486,2024-06-17 15:15:00,1274.8278672817985,1269.814594292782,1304.1477877462905,34.33319345350856,2.632615243157377,0.01,-5.013272989016587
proxy_hardened_no_worst_hours,proxy_hardened_no_worst_hours-000487,2024-06-18 18:00:00,1269.814594292782,1280.5638646095501,1304.1477877462905,23.583923136740395,1.8083781116169346,0.01,10.749270316768088
proxy_hardened_no_worst_hours,proxy_hardened_no_worst_hours-000488,2024-06-20 10:30:00,1280.5638646095501,1276.9385762936442,1304.1477877462905,27.209211452646286,2.086359514489287,0.01,-3.625288315905964
proxy_hardened_no_worst_hours,proxy_hardened_no_worst_hours-000489,2024-06-20 13:00:00,1276.9385762936442,1286.5952936414958,1304.1477877462905,17.552494104794732,1.3458976252321337,0.01,9.656717347851481
proxy_hardened_no_worst_hours,proxy_hardened_no_worst_hours-000490,2024-06-21 10:45:00,1286.5952936414958,1283.1308516060965,1304.1477877462905,21.016936140194048,1.6115455884423653,0.01,-3.4644420353993883
proxy_hardened_no_worst_hours,proxy_hardened_no_worst_hours-000491,2024-06-24 10:15:00,1283.1308516060965,1278.8125354030897,1304.1477877462905,25.335252343200864,1.9426672790652768,0.01,-4.318316203006889
proxy_hardened_no_worst_hours,proxy_hardened_no_worst_hours-000492,2024-06-25 13:45:00,1278.8125354030897,1288.3968833410438,1304.1477877462905,15.750904405246729,1.2077545622698183,0.01,9.584347937954062
proxy_hardened_no_worst_hours,proxy_hardened_no_worst_hours-000493,2024-06-26 10:00:00,1288.3968833410438,1296.0178519493268,1304.1477877462905,8.129935796963764,0.6233906826628275,0.01,7.620968608282892
proxy_hardened_no_worst_hours,proxy_hardened_no_worst_hours-000494,2024-06-27 18:45:00,1296.0178519493268,1291.7296523401658,1304.1477877462905,12.418135406124748,0.9522030802647481,0.01,-4.288199609161056
proxy_hardened_no_worst_hours,proxy_hardened_no_worst_hours-000495,2024-06-28 14:00:00,1291.7296523401658,1286.4869956690006,1304.1477877462905,17.660792077289898,1.3542017433323006,0.01,-5.242656671165223
proxy_hardened_no_worst_hours,proxy_hardened_no_worst_hours-000496,2024-07-03 18:00:00,1286.4869956690006,1281.197005619534,1304.1477877462905,22.95078212675662,1.7598298553585,0.01,-5.289990049466796
proxy_hardened_no_worst_hours,proxy_hardened_no_worst_hours-000497,2024-07-04 10:15:00,1281.197005619534,1278.0475835513719,1304.1477877462905,26.10020419491866,2.0013225832344244,0.01,-3.149422068162112
proxy_hardened_no_worst_hours,proxy_hardened_no_worst_hours-000498,2024-07-05 10:45:00,1278.0475835513719,1274.9772196919787,1304.1477877462905,29.170568054311843,2.2367532520774938,0.01,-3.0703638593932556
proxy_hardened_no_worst_hours,proxy_hardened_no_worst_hours-000499,2024-07-10 15:15:00,1274.9772196919787,1270.0354066100351,1304.1477877462905,34.11238113625541,2.6156837021673223,0.01,-4.941813081943637
proxy_hardened_no_worst_hours,proxy_hardened_no_worst_hours-000500,2024-07-11 10:15:00,1270.0354066100351,1266.85680852273,1304.1477877462905,37.2909792235605,2.8594136012762306,0.01,-3.178598087305163
proxy_hardened_no_worst_hours,proxy_hardened_no_worst_hours-000501,2024-07-12 19:15:00,1266.85680852273,1263.1489445098557,1304.1477877462905,40.99884323643482,3.143726778641038,0.01,-3.7078640128743974
proxy_hardened_no_worst_hours,proxy_hardened_no_worst_hours-000502,2024-07-15 10:00:00,1263.1489445098557,1269.8216977324016,1304.1477877462905,34.326090013888916,2.632070562586173,0.01,6.672753222545834
proxy_hardened_no_worst_hours,proxy_hardened_no_worst_hours-000503,2024-07-15 13:30:00,1269.8216977324016,1279.0420387871943,1304.1477877462905,25.105748959096218,1.9250693207463616,0.01,9.220341054792625
proxy_hardened_no_worst_hours,proxy_hardened_no_worst_hours-000504,2024-07-16 13:15:00,1279.0420387871943,1290.3080683983228,1304.1477877462905,13.83971934796773,1.0612078997491745,0.01,11.266029611128415
proxy_hardened_no_worst_hours,proxy_hardened_no_worst_hours-000505,2024-07-17 10:00:00,1290.3080683983228,1284.8212516485598,1304.1477877462905,19.326536097730695,1.4819283734038344,0.01,-5.4868167497630385
proxy_hardened_no_worst_hours,proxy_hardened_no_worst_hours-000506,2024-07-17 13:30:00,1284.8212516485598,1278.560840734359,1304.1477877462905,25.586947011931443,1.9619668301664241,0.01,-6.26041091420082
proxy_hardened_no_worst_hours,proxy_hardened_no_worst_hours-000507,2024-07-19 15:15:00,1278.560840734359,1271.1381700608565,1304.1477877462905,33.00961768543402,2.5311255362000225,0.01,-7.422670673502653
proxy_hardened_no_worst_hours,proxy_hardened_no_worst_hours-000508,2024-07-22 13:00:00,1271.1381700608565,1282.5703216589775,1304.1477877462905,21.57746608731304,1.6545261426698619,0.01,11.432151598120909
proxy_hardened_no_worst_hours,proxy_hardened_no_worst_hours-000509,2024-07-23 19:00:00,1282.5703216589775,1290.732754942361,1304.1477877462905,13.415032803929535,1.0286436038903362,0.01,8.162433283383434
proxy_hardened_no_worst_hours,proxy_hardened_no_worst_hours-000510,2024-07-24 10:15:00,1290.732754942361,1298.263678744944,1304.1477877462905,5.884109001346587,0.45118421827904714,0.01,7.530923802582874
proxy_hardened_no_worst_hours,proxy_hardened_no_worst_hours-000511,2024-07-24 13:00:00,1298.263678744944,1307.5079503514532,1307.5079503514532,0.0,0.0,0.01,9.244271606509228
proxy_hardened_no_worst_hours,proxy_hardened_no_worst_hours-000512,2024-07-25 13:30:00,1307.5079503514532,1324.4675792164123,1324.4675792164123,0.0,0.0,0.01,16.959628864959015
proxy_hardened_no_worst_hours,proxy_hardened_no_worst_hours-000513,2024-07-26 14:45:00,1324.4675792164123,1337.7914523609327,1337.7914523609327,0.0,0.0,0.01,13.323873144520276
proxy_hardened_no_worst_hours,proxy_hardened_no_worst_hours-000514,2024-07-31 10:15:00,1337.7914523609327,1346.4714776743142,1346.4714776743142,0.0,0.0,0.01,8.680025313381448
proxy_hardened_no_worst_hours,proxy_hardened_no_worst_hours-000515,2024-07-31 14:15:00,1346.4714776743142,1356.9718787090803,1356.9718787090803,0.0,0.0,0.01,10.500401034766055
proxy_hardened_no_worst_hours,proxy_hardened_no_worst_hours-000516,2024-08-01 14:45:00,1356.9718787090803,1348.6251083153463,1356.9718787090803,8.346770393734005,0.615102680069869,0.01,-8.346770393734078
proxy_hardened_no_worst_hours,proxy_hardened_no_worst_hours-000517,2024-08-01 22:00:00,1348.6251083153463,1343.2084262034389,1356.9718787090803,13.763452505641453,1.0142769147681199,0.01,-5.416682111907521
proxy_hardened_no_worst_hours,proxy_hardened_no_worst_hours-000518,2024-08-02 13:15:00,1343.2084262034389,1334.6397389472043,1356.9718787090803,22.33213976187608,1.6457334239764185,0.01,-8.568687256234698
proxy_hardened_no_worst_hours,proxy_hardened_no_worst_hours-000519,2024-08-05 14:45:00,1334.6397389472043,1321.429151045584,1356.9718787090803,35.54272766349641,2.61926781395861,0.01,-13.210587901620402
proxy_hardened_no_worst_hours,proxy_hardened_no_worst_hours-000520,2024-08-08 13:00:00,1321.429151045584,1332.6063179505848,1356.9718787090803,24.365560758495576,1.7955833234860485,0.01,11.177166905000758
proxy_hardened_no_worst_hours,proxy_hardened_no_worst_hours-000521,2024-08-08 15:00:00,1332.6063179505848,1348.6774702982977,1356.9718787090803,8.29440841078258,0.6112439425548928,0.01,16.071152347712925
proxy_hardened_no_worst_hours,proxy_hardened_no_worst_hours-000522,2024-08-09 13:00:00,1348.6774702982977,1344.380309284433,1356.9718787090803,12.591569424647332,0.9279167551081451,0.01,-4.297161013864825
proxy_hardened_no_worst_hours,proxy_hardened_no_worst_hours-000523,2024-08-09 14:00:00,1344.380309284433,1338.763044285032,1356.9718787090803,18.20883442404829,1.3418726437699497,0.01,-5.617264999401032
proxy_hardened_no_worst_hours,proxy_hardened_no_worst_hours-000524,2024-08-13 14:30:00,1338.763044285032,1332.3982669148538,1356.9718787090803,24.573611794226508,1.8109153313924213,0.01,-6.36477737017829
proxy_hardened_no_worst_hours,proxy_hardened_no_worst_hours-000525,2024-08-19 14:45:00,1332.3982669148538,1345.326425713187,1356.9718787090803,11.645452995893265,0.8581941290464961,0.01,12.92815879833317
proxy_hardened_no_worst_hours,proxy_hardened_no_worst_hours-000526,2024-08-20 14:30:00,1345.326425713187,1338.2961570067744,1356.9718787090803,18.675721702305964,1.3762791989523484,0.01,-7.030268706412771
proxy_hardened_no_worst_hours,proxy_hardened_no_worst_hours-000527,2024-08-20 22:15:00,1338.2961570067744,1333.7438573699949,1356.9718787090803,23.228021339085444,1.7117540682702146,0.01,-4.552299636779553
proxy_hardened_no_worst_hours,proxy_hardened_no_worst_hours-000528,2024-08-21 19:00:00,1333.7438573699949,1327.7095834575946,1356.9718787090803,29.26229525148574,2.1564408010668323,0.01,-6.0342739124003675
proxy_hardened_no_worst_hours,proxy_hardened_no_worst_hours-000529,2024-08-23 10:15:00,1327.7095834575946,1334.5690078824916,1356.9718787090803,22.402870826588696,1.6509458433214608,0.01,6.85942442489697
proxy_hardened_no_worst_hours,proxy_hardened_no_worst_hours-000530,2024-08-23 14:00:00,1334.5690078824916,1328.3001299910445,1356.9718787090803,28.671748718035815,2.112921363212916,0.01,-6.268877891447191
proxy_hardened_no_worst_hours,proxy_hardened_no_worst_hours-000531,2024-08-26 13:00:00,1328.3001299910445,1323.8956033741413,1356.9718787090803,33.076275334939055,2.437506322268469,0.01,-4.404526616903313
proxy_hardened_no_worst_hours,proxy_hardened_no_worst_hours-000532,2024-08-26 19:00:00,1323.8956033741413,1319.5545408355886,1356.9718787090803,37.41733787349176,2.757414391600198,0.01,-4.341062538552778
proxy_hardened_no_worst_hours,proxy_hardened_no_worst_hours-000533,2024-08-28 13:30:00,1319.5545408355886,1313.4192204485464,1356.9718787090803,43.55265826053392,3.2095475922438865,0.01,-6.1353203870422295
proxy_hardened_no_worst_hours,proxy_hardened_no_worst_hours-000534,2024-08-29 13:45:00,1313.4192204485464,1307.3185636444048,1356.9718787090803,49.65331506467555,3.659126312323578,0.01,-6.100656804141709
proxy_hardened_no_worst_hours,proxy_hardened_no_worst_hours-000535,2024-09-03 13:00:00,1307.3185636444048,1319.9914362192364,1356.9718787090803,36.98044248984388,2.725218043945336,0.01,12.6728725748316
proxy_hardened_no_worst_hours,proxy_hardened_no_worst_hours-000536,2024-09-03 15:30:00,1319.9914362192364,1312.012920177143,1356.9718787090803,44.95895853193724,3.313182773891215,0.01,-7.978516042093434
proxy_hardened_no_worst_hours,proxy_hardened_no_worst_hours-000537,2024-09-04 10:00:00,1312.012920177143,1307.0413468509635,1356.9718787090803,49.930531858116865,3.6795553866316646,0.01,-4.971573326179696
proxy_hardened_no_worst_hours,proxy_hardened_no_worst_hours-000538,2024-09-05 13:15:00,1307.0413468509635,1301.575795381393,1356.9718787090803,55.39608332768739,4.082330975081592,0.01,-5.465551469570601
proxy_hardened_no_worst_hours,proxy_hardened_no_worst_hours-000539,2024-09-05 14:15:00,1301.575795381393,1295.3753976038417,1356.9718787090803,61.59648110523858,4.539259956060164,0.01,-6.200397777551261
proxy_hardened_no_worst_hours,proxy_hardened_no_worst_hours-000540,2024-09-10 10:45:00,1295.3753976038417,1301.7790123960938,1356.9718787090803,55.19286631298655,4.067355203078551,0.01,6.403614792251956
proxy_hardened_no_worst_hours,proxy_hardened_no_worst_hours-000541,2024-09-10 15:00:00,1301.7790123960938,1312.0896354557206,1356.9718787090803,44.882243253359775,3.3075293569132267,0.01,10.310623059626705
proxy_hardened_no_worst_hours,proxy_hardened_no_worst_hours-000542,2024-09-11 14:45:00,1312.0896354557206,1304.842901080384,1356.9718787090803,52.12897762869625,3.8415665384523505,0.01,-7.246734375336546
proxy_hardened_no_worst_hours,proxy_hardened_no_worst_hours-000543,2024-09-12 10:15:00,1304.842901080384,1301.826488374101,1356.9718787090803,55.14539033497931,4.063856532343207,0.01,-3.016412706283136
proxy_hardened_no_worst_hours,proxy_hardened_no_worst_hours-000544,2024-09-13 15:15:00,1301.826488374101,1313.5463846404743,1356.9718787090803,43.425494068605985,3.200176418535489,0.01,11.719896266373253
proxy_hardened_no_worst_hours,proxy_hardened_no_worst_hours-000545,2024-09-16 13:45:00,1313.5463846404743,1308.5357806883733,1356.9718787090803,48.43609802070705,3.569425334501807,0.01,-5.010603952101137
proxy_hardened_no_worst_hours,proxy_hardened_no_worst_hours-000546,2024-09-18 18:30:00,1308.5357806883733,1299.1489823212676,1356.9718787090803,57.82289638781276,4.261171310552217,0.01,-9.386798367105785
proxy_hardened_no_worst_hours,proxy_hardened_no_worst_hours-000547,2024-09-19 14:30:00,1299.1489823212676,1313.9703667450096,1356.9718787090803,43.00151196407069,3.1689316955469296,0.01,14.821384423742002
proxy_hardened_no_worst_hours,proxy_hardened_no_worst_hours-000548,2024-09-20 14:15:00,1313.9703667450096,1326.5977671755047,1356.9718787090803,30.374111533575615,2.2383744283979734,0.01,12.627400430495
proxy_hardened_no_worst_hours,proxy_hardened_no_worst_hours-000549,2024-09-23 10:00:00,1326.5977671755047,1334.937595505162,1356.9718787090803,22.03428320391822,1.623783333290588,0.01,8.33982832965732
proxy_hardened_no_worst_hours,proxy_hardened_no_worst_hours-000550,2024-09-23 15:30:00,1334.937595505162,1329.1852000110373,1356.9718787090803,27.786678698043033,2.0476974603539437,0.01,-5.752395494124885
proxy_hardened_no_worst_hours,proxy_hardened_no_worst_hours-000551,2024-09-24 13:00:00,1329.1852000110373,1340.4217397692134,1356.9718787090803,16.550138939866883,1.2196375768384695,0.01,11.236539758176077
proxy_hardened_no_worst_hours,proxy_hardened_no_worst_hours-000552,2024-09-25 14:00:00,1340.4217397692134,1335.0003928065278,1356.9718787090803,21.97148590255256,1.619155580692988,0.01,-5.421346962685748
proxy_hardened_no_worst_hours,proxy_hardened_no_worst_hours-000553,2024-09-25 19:15:00,1335.0003928065278,1330.4453736602488,1356.9718787090803,26.526505048831496,1.9548308601698359,0.01,-4.55501914627901
proxy_hardened_no_worst_hours,proxy_hardened_no_worst_hours-000554,2024-09-26 15:15:00,1330.4453736602488,1321.5181335028276,1356.9718787090803,35.453745206252734,2.6127103857141627,0.01,-8.927240157421311
proxy_hardened_no_worst_hours,proxy_hardened_no_worst_hours-000555,2024-10-01 13:00:00,1321.5181335028276,1329.8042046055868,1356.9718787090803,27.167674103493482,2.002080848524196,0.01,8.286071102759179
proxy_hardened_no_worst_hours,proxy_hardened_no_worst_hours-000556,2024-10-01 15:30:00,1329.8042046055868,1321.8805489815688,1356.9718787090803,35.09132972751149,2.5860027225394466,0.01,-7.9236556240180835
proxy_hardened_no_worst_hours,proxy_hardened_no_worst_hours-000557,2024-10-11 10:45:00,1321.8805489815688,1329.189099612361,1356.9718787090803,27.782779096719423,2.047410085104331,0.01,7.308550630791997
proxy_hardened_no_worst_hours,proxy_hardened_no_worst_hours-000558,2024-10-11 19:45:00,1329.189099612361,1325.445590895926,1356.9718787090803,31.52628781315434,2.323282324991587,0.01,-3.74350871643499
proxy_hardened_no_worst_hours,proxy_hardened_no_worst_hours-000559,2024-10-14 10:30:00,1325.445590895926,1321.2925120403904,1356.9718787090803,35.67936666868991,2.629337219768514,0.01,-4.153078855535641
proxy_hardened_no_worst_hours,proxy_hardened_no_worst_hours-000560,2024-10-15 10:45:00,1321.2925120403904,1317.2958861957402,1356.9718787090803,39.675992513340134,2.923862545411394,0.01,-3.996625844650298
proxy_hardened_no_worst_hours,proxy_hardened_no_worst_hours-000561,2024-10-15 14:15:00,1317.2958861957402,1330.2796021575716,1356.9718787090803,26.692276551508712,1.967047141529691,0.01,12.983715961831349
proxy_hardened_no_worst_hours,proxy_hardened_no_worst_hours-000562,2024-10-16 14:15:00,1330.2796021575716,1324.2873527374875,1356.9718787090803,32.68452597159285,2.4086369426230423,0.01,-5.9922494200842085
proxy_hardened_no_worst_hours,proxy_hardened_no_worst_hours-000563,2024-10-16 19:45:00,1324.2873527374875,1332.2938733837307,1356.9718787090803,24.67800532534966,1.8186084555286757,0.01,8.006520646243116
proxy_hardened_no_worst_hours,proxy_hardened_no_worst_hours-000564,2024-10-17 13:00:00,1332.2938733837307,1343.0819175370214,1356.9718787090803,13.889961172058975,1.0235997805107668,0.01,10.788044153290612
proxy_hardened_no_worst_hours,proxy_hardened_no_worst_hours-000565,2024-10-18 13:30:00,1343.0819175370214,1354.2479498449973,1356.9718787090803,2.7239288640830637,0.2007358374054444,0.01,11.166032307975838
proxy_hardened_no_worst_hours,proxy_hardened_no_worst_hours-000566,2024-10-21 10:45:00,1354.2479498449973,1349.7915766785716,1356.9718787090803,7.180302030508756,0.5291415498852893,0.01,-4.456373166425765
proxy_hardened_no_worst_hours,proxy_hardened_no_worst_hours-000567,2024-10-22 10:00:00,1349.7915766785716,1345.7587740279166,1356.9718787090803,11.213104681163713,0.8263328707910297,0.01,-4.0328026506550305
proxy_hardened_no_worst_hours,proxy_hardened_no_worst_hours-000568,2024-10-22 13:00:00,1345.7587740279166,1354.8176859044786,1356.9718787090803,2.1541928046017347,0.15874999610537763,0.01,9.058911876561906
proxy_hardened_no_worst_hours,proxy_hardened_no_worst_hours-000569,2024-10-24 13:30:00,1354.8176859044786,1350.2407545328563,1356.9718787090803,6.731124176224057,0.49604006404521334,0.01,-4.576931371622395
proxy_hardened_no_worst_hours,proxy_hardened_no_worst_hours-000570,2024-10-28 15:45:00,1350.2407545328563,1359.9304174391543,1359.9304174391543,0.0,0.0,0.01,9.68966290629798
proxy_hardened_no_worst_hours,proxy_hardened_no_worst_hours-000571,2024-10-29 13:00:00,1359.9304174391543,1370.2696050882948,1370.2696050882948,0.0,0.0,0.01,10.33918764914044
proxy_hardened_no_worst_hours,proxy_hardened_no_worst_hours-000572,2024-10-30 13:00:00,1370.2696050882948,1365.3925170148093,1370.2696050882948,4.877088073485538,0.3559217876084523,0.01,-4.877088073485611
proxy_hardened_no_worst_hours,proxy_hardened_no_worst_hours-000573,2024-11-06 10:00:00,1365.3925170148093,1387.750921461561,1387.750921461561,0.0,0.0,0.01,22.35840444675152
proxy_hardened_no_worst_hours,proxy_hardened_no_worst_hours-000574,2024-11-08 10:00:00,1387.750921461561,1382.1753093884333,1387.750921461561,5.575612073127559,0.40177325677834164,0.01,-5.5756120731276315
proxy_hardened_no_worst_hours,proxy_hardened_no_worst_hours-000575,2024-11-08 15:45:00,1382.1753093884333,1397.3314372932207,1397.3314372932207,0.0,0.0,0.01,15.156127904787281
proxy_hardened_no_worst_hours,proxy_hardened_no_worst_hours-000576,2024-11-12 15:15:00,1397.3314372932207,1388.632021296736,1397.3314372932207,8.699415996484731,0.6225735544414877,0.01,-8.699415996484804
proxy_hardened_no_worst_hours,proxy_hardened_no_worst_hours-000577,2024-11-13 15:45:00,1388.632021296736,1403.4417684506145,1403.4417684506145,0.0,0.0,0.01,14.809747153878488
proxy_hardened_no_worst_hours,proxy_hardened_no_worst_hours-000578,2024-11-18 18:45:00,1403.4417684506145,1413.0561229607226,1413.0561229607226,0.0,0.0,0.01,9.614354510108042
proxy_hardened_no_worst_hours,proxy_hardened_no_worst_hours-000579,2024-11-19 13:30:00,1413.0561229607226,1406.8744042157648,1413.0561229607226,6.181718744957834,0.4374715656732384,0.01,-6.181718744957907
proxy_hardened_no_worst_hours,proxy_hardened_no_worst_hours-000580,2024-11-19 18:45:00,1406.8744042157648,1400.980607849937,1413.0561229607226,12.075515110785545,0.8545672683887586,0.01,-5.893796365827784
proxy_hardened_no_worst_hours,proxy_hardened_no_worst_hours-000581,2024-11-21 18:00:00,1400.980607849937,1413.3415054487184,1413.3415054487184,0.0,0.0,0.01,12.360897598781248
proxy_hardened_no_worst_hours,proxy_hardened_no_worst_hours-000582,2024-11-22 21:00:00,1413.3415054487184,1408.3670046850077,1413.3415054487184,4.974500763710694,0.35196735852821015,0.01,-4.9745007637107665
proxy_hardened_no_worst_hours,proxy_hardened_no_worst_hours-000583,2024-11-26 14:30:00,1408.3670046850077,1400.0805072611226,1413.3415054487184,13.26099818759576,0.9382727484101981,0.01,-8.28649742388514
proxy_hardened_no_worst_hours,proxy_hardened_no_worst_hours-000584,2024-11-27 13:30:00,1400.0805072611226,1394.632349894028,1413.3415054487184,18.70915555469037,1.3237533520782327,0.01,-5.448157367094682
proxy_hardened_no_worst_hours,proxy_hardened_no_worst_hours-000585,2024-11-28 13:00:00,1394.632349894028,1390.6548119948964,1413.3415054487184,22.686693453822045,1.6051812931524503,0.01,-3.9775378991317485
proxy_hardened_no_worst_hours,proxy_hardened_no_worst_hours-000586,2024-11-29 10:30:00,1390.6548119948964,1385.1843772124992,1413.3415054487184,28.15712823621925,1.9922381199213215,0.01,-5.4704347823972785
proxy_hardened_no_worst_hours,proxy_hardened_no_worst_hours-000587,2024-12-04 10:00:00,1385.1843772124992,1381.1719879407135,1413.3415054487184,32.1695175080049,2.276131945745942,0.01,-4.0123892717857235
proxy_hardened_no_worst_hours,proxy_hardened_no_worst_hours-000588,2024-12-10 13:15:00,1381.1719879407135,1391.8155134650763,1413.3415054487184,21.525991983642143,1.5230566639877958,0.01,10.643525524362685
proxy_hardened_no_worst_hours,proxy_hardened_no_worst_hours-000589,2024-12-11 10:45:00,1391.8155134650763,1405.7119405145133,1413.3415054487184,7.629564934205064,0.5398245862582781,0.01,13.896427049437007
proxy_hardened_no_worst_hours,proxy_hardened_no_worst_hours-000590,2024-12-17 13:45:00,1405.7119405145133,1400.0979371192254,1413.3415054487184,13.243568329492973,0.9370395108638874,0.01,-5.614003395287982
proxy_hardened_no_worst_hours,proxy_hardened_no_worst_hours-000591,2024-12-17 15:30:00,1400.0979371192254,1393.762960786148,1413.3415054487184,19.578544662570494,1.3852663766747972,0.01,-6.334976333077593
proxy_hardened_no_worst_hours,proxy_hardened_no_worst_hours-000592,2024-12-23 13:30:00,1393.762960786148,1402.614130077732,1413.3415054487184,10.727375370986465,0.7590080196208953,0.01,8.851169291583956
proxy_hardened_no_worst_hours,proxy_hardened_no_worst_hours-000593,2024-12-24 10:45:00,1402.614130077732,1399.4128460081536,1413.3415054487184,13.928659440564843,0.9855126582547129,0.01,-3.201284069578451
proxy_hardened_no_worst_hours,proxy_hardened_no_worst_hours-000594,2024-12-26 13:15:00,1399.4128460081536,1396.2313818594937,1413.3415054487184,17.110123589224713,1.2106149521019312,0.01,-3.181464148659943
proxy_hardened_no_worst_hours,proxy_hardened_no_worst_hours-000595,2024-12-26 14:45:00,1396.2313818594937,1403.379456894909,1413.3415054487184,9.962048553809382,0.7048578503782463,0.01,7.148075035415259
proxy_hardened_no_worst_hours,proxy_hardened_no_worst_hours-000596,2024-12-30 13:30:00,1403.379456894909,1414.0562751910682,1414.0562751910682,0.0,0.0,0.01,10.676818296159054
proxy_hardened_no_worst_hours,proxy_hardened_no_worst_hours-000597,2024-12-31 19:30:00,1414.0562751910682,1422.8306553257028,1422.8306553257028,0.0,0.0,0.01,8.774380134634539
proxy_hardened_no_worst_hours,proxy_hardened_no_worst_hours-000598,2025-01-02 10:00:00,1422.8306553257028,1431.0477444817582,1431.0477444817582,0.0,0.0,0.01,8.217089156055335
proxy_hardened_no_worst_hours,proxy_hardened_no_worst_hours-000599,2025-01-02 14:00:00,1431.0477444817582,1442.8457336343465,1442.8457336343465,0.0,0.0,0.01,11.79798915258827
proxy_hardened_no_worst_hours,proxy_hardened_no_worst_hours-000600,2025-01-06 10:00:00,1442.8457336343465,1438.565229716521,1442.8457336343465,4.280503917825627,0.2966709342545982,0.01,-4.280503917825699
proxy_hardened_no_worst_hours,proxy_hardened_no_worst_hours-000601,2025-01-06 13:15:00,1438.565229716521,1432.5886087047595,1442.8457336343465,10.257124929587008,0.7108954679271638,0.01,-5.976621011761454
proxy_hardened_no_worst_hours,proxy_hardened_no_worst_hours-000602,2025-01-07 10:00:00,1432.5886087047595,1440.2067400171456,1442.8457336343465,2.6389936172008674,0.18290199400275284,0.01,7.618131312386067
proxy_hardened_no_worst_hours,proxy_hardened_no_worst_hours-000603,2025-01-08 10:45:00,1440.2067400171456,1437.1986392511046,1442.8457336343465,5.6470943832418925,0.3913858738742342,0.01,-3.008100766041098
proxy_hardened_no_worst_hours,proxy_hardened_no_worst_hours-000604,2025-01-08 13:00:00,1437.1986392511046,1433.216500495056,1442.8457336343465,9.62923313929059,0.6673778710240744,0.01,-3.982138756048771
proxy_hardened_no_worst_hours,proxy_hardened_no_worst_hours-000605,2025-01-09 14:45:00,1433.216500495056,1427.5569357652837,1442.8457336343465,15.288797869062819,1.0596280331752628,0.01,-5.659564729772301
proxy_hardened_no_worst_hours,proxy_hardened_no_worst_hours-000606,2025-01-09 18:15:00,1427.5569357652837,1438.6413668392568,1442.8457336343465,4.204366795089754,0.29139406223972986,0.01,11.084431073972992
proxy_hardened_no_worst_hours,proxy_hardened_no_worst_hours-000607,2025-01-10 13:00:00,1438.6413668392568,1434.3675100737194,1442.8457336343465,8.478223560627157,0.5876042991284717,0.01,-4.2738567655374755
proxy_hardened_no_worst_hours,proxy_hardened_no_worst_hours-000608,2025-01-10 13:45:00,1434.3675100737194,1446.4437694132864,1446.4437694132864,0.0,0.0,0.01,12.076259339566986
proxy_hardened_no_worst_hours,proxy_hardened_no_worst_hours-000609,2025-01-15 13:00:00,1446.4437694132864,1442.7687255945887,1446.4437694132864,3.675043818697759,0.2540744338916437,0.01,-3.675043818697832
proxy_hardened_no_worst_hours,proxy_hardened_no_worst_hours-000610,2025-01-15 13:30:00,1442.7687255945887,1438.0186929141807,1446.4437694132864,8.425076499105671,0.5824683044901975,0.01,-4.750032680407985
proxy_hardened_no_worst_hours,proxy_hardened_no_worst_hours-000611,2025-01-23 19:45:00,1438.0186929141807,1447.5061325990384,1447.5061325990384,0.0,0.0,0.01,9.487439684857618
proxy_hardened_no_worst_hours,proxy_hardened_no_worst_hours-000612,2025-01-24 10:00:00,1447.5061325990384,1456.2590902834102,1456.2590902834102,0.0,0.0,0.01,8.75295768437165
proxy_hardened_no_worst_hours,proxy_hardened_no_worst_hours-000613,2025-01-24 14:30:00,1456.2590902834102,1451.0377673997198,1456.2590902834102,5.221322883690391,0.3585435393007052,0.01,-5.221322883690464
proxy_hardened_no_worst_hours,proxy_hardened_no_worst_hours-000614,2025-01-30 19:30:00,1451.0377673997198,1461.0919222168861,1461.0919222168861,0.0,0.0,0.01,10.05415481716629
proxy_hardened_no_worst_hours,proxy_hardened_no_worst_hours-000615,2025-02-03 10:00:00,1461.0919222168861,1472.5163183154057,1472.5163183154057,0.0,0.0,0.01,11.424396098519464
proxy_hardened_no_worst_hours,proxy_hardened_no_worst_hours-000616,2025-02-04 21:30:00,1472.5163183154057,1480.654374002889,1480.654374002889,0.0,0.0,0.01,8.138055687483229
proxy_hardened_no_worst_hours,proxy_hardened_no_worst_hours-000617,2025-02-05 14:30:00,1480.654374002889,1491.9294937174025,1491.9294937174025,0.0,0.0,0.01,11.275119714513421
proxy_hardened_no_worst_hours,proxy_hardened_no_worst_hours-000618,2025-02-07 10:00:00,1491.9294937174025,1487.8193142751427,1491.9294937174025,4.110179442259778,0.27549421467756824,0.01,-4.1101794422598505
proxy_hardened_no_worst_hours,proxy_hardened_no_worst_hours-000619,2025-02-10 13:45:00,1487.8193142751427,1499.6616348685504,1499.6616348685504,0.0,0.0,0.01,11.842320593407676
proxy_hardened_no_worst_hours,proxy_hardened_no_worst_hours-000620,2025-02-12 18:45:00,1499.6616348685504,1492.5761842162976,1499.6616348685504,7.085450652252803,0.4724699550558192,0.01,-7.0854506522528755
proxy_hardened_no_worst_hours,proxy_hardened_no_worst_hours-000621,2025-02-12 19:45:00,1492.5761842162976,1506.1120047639336,1506.1120047639336,0.0,0.0,0.01,13.535820547635849
proxy_hardened_no_worst_hours,proxy_hardened_no_worst_hours-000622,2025-02-13 10:15:00,1506.1120047639336,1500.473983479795,1506.1120047639336,5.638021284138631,0.3743427624443063,0.01,-5.638021284138704
proxy_hardened_no_worst_hours,proxy_hardened_no_worst_hours-000623,2025-02-13 14:45:00,1500.473983479795,1514.4525123455076,1514.4525123455076,0.0,0.0,0.01,13.97852886571256
proxy_hardened_no_worst_hours,proxy_hardened_no_worst_hours-000624,2025-02-14 10:45:00,1514.4525123455076,1509.8011574355526,1514.4525123455076,4.651354909954989,0.3071311164951092,0.01,-4.651354909955062
proxy_hardened_no_worst_hours,proxy_hardened_no_worst_hours-000625,2025-02-18 10:00:00,1509.8011574355526,1505.6567256176684,1514.4525123455076,8.795786727839186,0.5807898667100968,0.01,-4.14443181788427
proxy_hardened_no_worst_hours,proxy_hardened_no_worst_hours-000626,2025-02-18 13:00:00,1505.6567256176684,1514.3833412931224,1514.4525123455076,0.06917105238517252,0.00456739658862224,0.01,8.72661567545394
proxy_hardened_no_worst_hours,proxy_hardened_no_worst_hours-000627,2025-02-19 13:00:00,1514.3833412931224,1508.6327273181203,1514.4525123455076,5.819785027387297,0.3842830976835258,0.01,-5.750613975002198
proxy_hardened_no_worst_hours,proxy_hardened_no_worst_hours-000628,2025-02-19 14:00:00,1508.6327273181203,1502.309277954833,1514.4525123455076,12.143234390674479,0.8018233844696557,0.01,-6.323449363287255
proxy_hardened_no_worst_hours,proxy_hardened_no_worst_hours-000629,2025-02-26 15:00:00,1502.309277954833,1494.5185765198178,1514.4525123455076,19.933935825689787,1.3162470043261452,0.01,-7.7907014350153805
proxy_hardened_no_worst_hours,proxy_hardened_no_worst_hours-000630,2025-02-27 10:15:00,1494.5185765198178,1509.7604102223129,1514.4525123455076,4.6921021231946725,0.30982167383563464,0.01,15.241833702495041
proxy_hardened_no_worst_hours,proxy_hardened_no_worst_hours-000631,2025-02-28 10:15:00,1509.7604102223129,1521.0534098258897,1521.0534098258897,0.0,0.0,0.01,11.292999603576773
proxy_hardened_no_worst_hours,proxy_hardened_no_worst_hours-000632,2025-02-28 15:45:00,1521.0534098258897,1512.1166129242126,1521.0534098258897,8.936796901677099,0.5875399801181252,0.01,-8.936796901677171
proxy_hardened_no_worst_hours,proxy_hardened_no_worst_hours-000633,2025-03-04 18:00:00,1512.1166129242126,1504.8498176641058,1521.0534098258897,16.203592161783945,1.0652875209450219,0.01,-7.266795260106919
proxy_hardened_no_worst_hours,proxy_hardened_no_worst_hours-000634,2025-03-06 18:45:00,1504.8498176641058,1497.9126097038518,1521.0534098258897,23.140800122037945,1.5213667036640615,0.01,-6.937207960254073
proxy_hardened_no_worst_hours,proxy_hardened_no_worst_hours-000635,2025-03-07 10:45:00,1497.9126097038518,1493.5192643746202,1521.0534098258897,27.534145451269524,1.8102024079760142,0.01,-4.393345329231652
proxy_hardened_no_worst_hours,proxy_hardened_no_worst_hours-000636,2025-03-07 13:30:00,1493.5192643746202,1487.099046672586,1521.0534098258897,33.9543631533038,2.2322926291714142,0.01,-6.420217702034352
proxy_hardened_no_worst_hours,proxy_hardened_no_worst_hours-000637,2025-03-10 13:15:00,1487.099046672586,1479.8864949458869,1521.0534098258897,41.16691488000288,2.7064739879656905,0.01,-7.212551726699148
proxy_hardened_no_worst_hours,proxy_hardened_no_worst_hours-000638,2025-03-10 14:15:00,1479.8864949458869,1495.166002019307,1521.0534098258897,25.887407806582814,1.7019394348253731,0.01,15.27950707341999
proxy_hardened_no_worst_hours,proxy_hardened_no_worst_hours-000639,2025-03-11 13:15:00,1495.166002019307,1505.3689096142837,1521.0534098258897,15.684500211606064,1.0311603859723386,0.01,10.202907594976677
proxy_hardened_no_worst_hours,proxy_hardened_no_worst_hours-000640,2025-03-11 14:45:00,1505.3689096142837,1498.9868342051484,1521.0534098258897,22.066575620741332,1.4507429836580967,0.01,-6.382075409135341
proxy_hardened_no_worst_hours,proxy_hardened_no_worst_hours-000641,2025-03-13 10:15:00,1498.9868342051484,1494.4200975288602,1521.0534098258897,26.633312297029534,1.7509781132589004,0.01,-4.566736676288274
proxy_hardened_no_worst_hours,proxy_hardened_no_worst_hours-000642,2025-03-16 22:00:00,1494.4200975288602,1488.727146845916,1521.0534098258897,32.32626297997376,2.125254956278889,0.01,-5.692950682944302
proxy_hardened_no_worst_hours,proxy_hardened_no_worst_hours-000643,2025-03-17 14:15:00,1488.727146845916,1501.4140704128943,1521.0534098258897,19.63933941299547,1.2911669824430112,0.01,12.686923566978221
proxy_hardened_no_worst_hours,proxy_hardened_no_worst_hours-000644,2025-03-18 14:15:00,1501.4140704128943,1516.6194725285343,1521.0534098258897,4.433937297355442,0.2915043790515535,0.01,15.205402115639954
proxy_hardened_no_worst_hours,proxy_hardened_no_worst_hours-000645,2025-03-19 10:45:00,1516.6194725285343,1510.8267829928102,1521.0534098258897,10.226626833079536,0.672338444331823,0.01,-5.792689535724167
proxy_hardened_no_worst_hours,proxy_hardened_no_worst_hours-000646,2025-03-19 19:15:00,1510.8267829928102,1525.8562361561374,1525.8562361561374,0.0,0.0,0.01,15.029453163327089
proxy_hardened_no_worst_hours,proxy_hardened_no_worst_hours-000647,2025-03-24 10:30:00,1525.8562361561374,1520.3882504067453,1525.8562361561374,5.467985749392028,0.358355238181987,0.01,-5.467985749392101
proxy_hardened_no_worst_hours,proxy_hardened_no_worst_hours-000648,2025-03-26 10:30:00,1520.3882504067453,1516.1588316958216,1525.8562361561374,9.697404460315738,0.6355385409535677,0.01,-4.229418710923783
proxy_hardened_no_worst_hours,proxy_hardened_no_worst_hours-000649,2025-03-27 15:45:00,1516.1588316958216,1532.6020600585123,1532.6020600585123,0.0,0.0,0.01,16.44322836269059
proxy_hardened_no_worst_hours,proxy_hardened_no_worst_hours-000650,2025-03-28 10:45:00,1532.6020600585123,1544.226666808879,1544.226666808879,0.0,0.0,0.01,11.624606750366565
proxy_hardened_no_worst_hours,proxy_hardened_no_worst_hours-000651,2025-03-31 14:30:00,1544.226666808879,1564.452053510069,1564.452053510069,0.0,0.0,0.01,20.225386701189947
proxy_hardened_no_worst_hours,proxy_hardened_no_worst_hours-000652,2025-04-01 10:15:00,1564.452053510069,1557.5867838449901,1564.452053510069,6.865269665078813,0.4388290232145889,0.01,-6.865269665078886
proxy_hardened_no_worst_hours,proxy_hardened_no_worst_hours-000653,2025-04-02 13:00:00,1557.5867838449901,1549.8710488339527,1564.452053510069,14.581004676116208,0.9320199135155128,0.01,-7.715735011037468
proxy_hardened_no_worst_hours,proxy_hardened_no_worst_hours-000654,2025-04-07 13:45:00,1549.8710488339527,1533.1035497468358,1564.452053510069,31.34850376323311,2.003800863880636,0.01,-16.767499087116974
proxy_hardened_no_worst_hours,proxy_hardened_no_worst_hours-000655,2025-04-07 14:30:00,1533.1035497468358,1574.0082877165125,1574.0082877165125,0.0,0.0,0.01,40.904737969676646
proxy_hardened_no_worst_hours,proxy_hardened_no_worst_hours-000656,2025-04-09 13:00:00,1574.0082877165125,1603.1668590622428,1603.1668590622428,0.0,0.0,0.01,29.15857134573018
proxy_hardened_no_worst_hours,proxy_hardened_no_worst_hours-000657,2025-04-09 18:15:00,1603.1668590622428,1642.5220342014861,1642.5220342014861,0.0,0.0,0.01,39.35517513924326
proxy_hardened_no_worst_hours,proxy_hardened_no_worst_hours-000658,2025-04-10 10:00:00,1642.5220342014861,1664.4552299032473,1664.4552299032473,0.0,0.0,0.01,21.933195701761107
proxy_hardened_no_worst_hours,proxy_hardened_no_worst_hours-000659,2025-04-11 14:15:00,1664.4552299032473,1648.3224623297367,1664.4552299032473,16.13276757351059,0.9692521182710556,0.01,-16.132767573510662
proxy_hardened_no_worst_hours,proxy_hardened_no_worst_hours-000660,2025-04-22 10:00:00,1648.3224623297367,1633.0787074268876,1664.4552299032473,31.376522476359696,1.8850926064369766,0.01,-15.243754902849178
proxy_hardened_no_worst_hours,proxy_hardened_no_worst_hours-000661,2025-04-25 10:15:00,1633.0787074268876,1656.6538963034884,1664.4552299032473,7.801333599758891,0.46870191877809614,0.01,23.575188876600734
proxy_hardened_no_worst_hours,proxy_hardened_no_worst_hours-000662,2025-04-28 10:00:00,1656.6538963034884,1646.6480242715513,1664.4552299032473,17.80720563169598,1.0698518837740736,0.01,-10.00587203193716
proxy_hardened_no_worst_hours,proxy_hardened_no_worst_hours-000663,2025-05-01 14:15:00,1646.6480242715513,1633.2362077738755,1664.4552299032473,31.21902212937175,1.875630030084166,0.01,-13.411816497675845
proxy_hardened_no_worst_hours,proxy_hardened_no_worst_hours-000664,2025-05-06 14:45:00,1633.2362077738755,1655.726326430345,1664.4552299032473,8.728903472902402,0.5244300547158486,0.01,22.490118656469278
proxy_hardened_no_worst_hours,proxy_hardened_no_worst_hours-000665,2025-05-09 18:00:00,1655.726326430345,1646.5845851909942,1664.4552299032473,17.870644712253124,1.0736632858122548,0.01,-9.141741239350795
proxy_hardened_no_worst_hours,proxy_hardened_no_worst_hours-000666,2025-05-13 14:15:00,1646.5845851909942,1635.2496760327638,1664.4552299032473,29.205553870483527,1.7546614258997648,0.01,-11.334909158230476
proxy_hardened_no_worst_hours,proxy_hardened_no_worst_hours-000667,2025-05-16 13:30:00,1635.2496760327638,1620.0343160706896,1664.4552299032473,44.420913832557744,2.6687959540455695,0.01,-15.21535996207429
proxy_hardened_no_worst_hours,proxy_hardened_no_worst_hours-000668,2025-05-21 10:00:00,1620.0343160706896,1611.5526559069183,1664.4552299032473,52.90257399632901,3.178371700595646,0.01,-8.48166016377134
proxy_hardened_no_worst_hours,proxy_hardened_no_worst_hours-000669,2025-05-21 14:15:00,1611.5526559069183,1633.939839226059,1664.4552299032473,30.515390677188407,1.8333560512145604,0.01,22.387183319140533
proxy_hardened_no_worst_hours,proxy_hardened_no_worst_hours-000670,2025-05-23 14:00:00,1633.939839226059,1620.4042364234926,1664.4552299032473,44.05099347975465,2.646571243752545,0.01,-13.535602802566318
proxy_hardened_no_worst_hours,proxy_hardened_no_worst_hours-000671,2025-05-26 18:00:00,1620.4042364234926,1628.7830517048849,1664.4552299032473,35.67217819836242,2.143174388681875,0.01,8.378815281392162
proxy_hardened_no_worst_hours,proxy_hardened_no_worst_hours-000672,2025-05-27 13:15:00,1628.7830517048849,1619.7511574116609,1664.4552299032473,44.70407249158643,2.685808046287014,0.01,-9.031894293224086
proxy_hardened_no_worst_hours,proxy_hardened_no_worst_hours-000673,2025-05-30 14:45:00,1619.7511574116609,1607.160449187467,1664.4552299032473,57.294780715780234,3.4422542394913624,0.01,-12.590708224193877
proxy_hardened_no_worst_hours,proxy_hardened_no_worst_hours-000674,2025-06-02 13:30:00,1607.160449187467,1625.6505699823153,1664.4552299032473,38.804659920931954,2.331373005640267,0.01,18.49012079484821
proxy_hardened_no_worst_hours,proxy_hardened_no_worst_hours-000675,2025-06-04 19:00:00,1625.6505699823153,1618.7828035261684,1664.4552299032473,45.672426377078864,2.743986474165108,0.01,-6.867766456146983
proxy_hardened_no_worst_hours,proxy_hardened_no_worst_hours-000676,2025-06-10 14:00:00,1618.7828035261684,1610.5282236964997,1664.4552299032473,53.92700620674759,3.2399192983930423,0.01,-8.2545798296688
proxy_hardened_no_worst_hours,proxy_hardened_no_worst_hours-000677,2025-06-11 14:30:00,1610.5282236964997,1599.4815133878694,1664.4552299032473,64.97371651537787,3.903602533013442,0.01,-11.046710308630354
proxy_hardened_no_worst_hours,proxy_hardened_no_worst_hours-000678,2025-06-11 18:00:00,1599.4815133878694,1619.6697251892977,1664.4552299032473,44.78550471394965,2.690700471201798,0.01,20.188211801428153
proxy_hardened_no_worst_hours,proxy_hardened_no_worst_hours-000679,2025-06-12 14:30:00,1619.6697251892977,1643.4685318011518,1664.4552299032473,20.986698102095488,1.2608748931814417,0.01,23.79880661185409
proxy_hardened_no_worst_hours,proxy_hardened_no_worst_hours-000680,2025-06-13 14:00:00,1643.4685318011518,1664.101825552638,1664.4552299032473,0.353404350609253,0.021232433547028837,0.01,20.633293751486164
proxy_hardened_no_worst_hours,proxy_hardened_no_worst_hours-000681,2025-06-19 15:00:00,1664.101825552638,1656.404382600919,1664.4552299032473,8.050847302328293,0.4836926315402475,0.01,-7.697442951719113
proxy_hardened_no_worst_hours,proxy_hardened_no_worst_hours-000682,2025-06-24 15:15:00,1656.404382600919,1645.1174633496769,1664.4552299032473,19.337766553570418,1.1618075515731654,0.01,-11.286919251242198
proxy_hardened_no_worst_hours,proxy_hardened_no_worst_hours-000683,2025-06-25 14:00:00,1645.1174633496769,1637.7753724965526,1664.4552299032473,26.679857406694737,1.6029182958706318,0.01,-7.342090853124391
proxy_hardened_no_worst_hours,proxy_hardened_no_worst_hours-000684,2025-06-26 15:00:00,1637.7753724965526,1627.9317172137419,1664.4552299032473,36.523512689505424,2.1943223244057153,0.01,-9.84365528281076
proxy_hardened_no_worst_hours,proxy_hardened_no_worst_hours-000685,2025-06-27 10:15:00,1627.9317172137419,1643.7870445177853,1664.4552299032473,20.66818538546204,1.241738739146709,0.01,15.855327304043312
proxy_hardened_no_worst_hours,proxy_hardened_no_worst_hours-000686,2025-06-27 14:00:00,1643.7870445177853,1633.164191443844,1664.4552299032473,31.291038459403353,1.8799567508476789,0.01,-10.622853073941387
proxy_hardened_no_worst_hours,proxy_hardened_no_worst_hours-000687,2025-07-01 13:15:00,1633.164191443844,1626.4302483397648,1664.4552299032473,38.02498156348247,2.284530150185705,0.01,-6.73394310407919
proxy_hardened_no_worst_hours,proxy_hardened_no_worst_hours-000688,2025-07-01 19:00:00,1626.4302483397648,1621.094498312991,1664.4552299032473,43.360731590256364,2.605100504432124,0.01,-5.335750026773967
proxy_hardened_no_worst_hours,proxy_hardened_no_worst_hours-000689,2025-07-02 13:00:00,1621.094498312991,1614.3251595356435,1664.4552299032473,50.13007036760382,3.0118004658207487,0.01,-6.76933877734753
proxy_hardened_no_worst_hours,proxy_hardened_no_worst_hours-000690,2025-07-03 10:30:00,1614.3251595356435,1608.6621671287683,1664.4552299032473,55.79306277447904,3.3520314498169004,0.01,-5.662992406875292
proxy_hardened_no_worst_hours,proxy_hardened_no_worst_hours-000691,2025-07-06 22:00:00,1608.6621671287683,1603.9862691685414,1664.4552299032473,60.46896073470589,3.6329580783149615,0.01,-4.675897960226921
proxy_hardened_no_worst_hours,proxy_hardened_no_worst_hours-000692,2025-07-07 10:15:00,1603.9862691685414,1615.6053269707875,1664.4552299032473,48.84990293245983,2.934888367967663,0.01,11.619057802245988
proxy_hardened_no_worst_hours,proxy_hardened_no_worst_hours-000693,2025-07-08 10:30:00,1615.6053269707875,1626.5919560598215,1664.4552299032473,37.86327384342576,2.2748147960475156,0.01,10.986629089033995
proxy_hardened_no_worst_hours,proxy_hardened_no_worst_hours-000694,2025-07-09 10:00:00,1626.5919560598215,1620.5723154160007,1664.4552299032473,43.88291448724658,2.636473105365378,0.01,-6.019640643820894
proxy_hardened_no_worst_hours,proxy_hardened_no_worst_hours-000695,2025-07-10 10:30:00,1620.5723154160007,1615.5255830579938,1664.4552299032473,48.9296468452535,2.9396793597204605,0.01,-5.046732358006993
proxy_hardened_no_worst_hours,proxy_hardened_no_worst_hours-000696,2025-07-10 13:00:00,1615.5255830579938,1609.3712340611812,1664.4552299032473,55.08399584206609,3.309430908830636,0.01,-6.15434899681266
proxy_hardened_no_worst_hours,proxy_hardened_no_worst_hours-000697,2025-07-11 18:00:00,1609.3712340611812,1621.8958522109053,1664.4552299032473,42.55937769234197,2.5569553886298215,0.01,12.524618149724047
proxy_hardened_no_worst_hours,proxy_hardened_no_worst_hours-000698,2025-07-14 10:15:00,1621.8958522109053,1615.7126716050104,1664.4552299032473,48.74255829823687,2.928439132668664,0.01,-6.183180605894977
proxy_hardened_no_worst_hours,proxy_hardened_no_worst_hours-000699,2025-07-15 10:15:00,1615.7126716050104,1610.283454483421,1664.4552299032473,54.17177541982619,3.254624963566916,0.01,-5.4292171215893905
proxy_hardened_no_worst_hours,proxy_hardened_no_worst_hours-000700,2025-07-16 15:45:00,1610.283454483421,1595.0891409719964,1664.4552299032473,69.36608893125094,4.1674950269033735,0.01,-15.194313511424825
proxy_hardened_no_worst_hours,proxy_hardened_no_worst_hours-000701,2025-07-17 10:30:00,1595.0891409719964,1605.525533258727,1664.4552299032473,58.92969664452039,3.5404795266224074,0.01,10.436392286730479
proxy_hardened_no_worst_hours,proxy_hardened_no_worst_hours-000702,2025-07-17 22:30:00,1605.525533258727,1601.3659261700307,1664.4552299032473,63.08930373321664,3.7903875454123175,0.01,-4.159607088696321
proxy_hardened_no_worst_hours,proxy_hardened_no_worst_hours-000703,2025-07-18 14:00:00,1601.3659261700307,1595.7361288870827,1664.4552299032473,68.71910101616459,4.128624175740621,0.01,-5.6297972829480205
proxy_hardened_no_worst_hours,proxy_hardened_no_worst_hours-000704,2025-07-25 13:30:00,1595.7361288870827,1608.2430442849993,1664.4552299032473,56.212185618247986,3.3772122318673317,0.01,12.506915397916528
proxy_hardened_no_worst_hours,proxy_hardened_no_worst_hours-000705,2025-07-31 15:00:00,1608.2430442849993,1622.9956055802616,1664.4552299032473,41.459624322985746,2.490882516881859,0.01,14.752561295262167
proxy_hardened_no_worst_hours,proxy_hardened_no_worst_hours-000706,2025-08-04 15:30:00,1622.9956055802616,1616.1128234495934,1664.4552299032473,48.34240645365389,2.9043981228899725,0.01,-6.88278213066822
proxy_hardened_no_worst_hours,proxy_hardened_no_worst_hours-000707,2025-08-05 13:00:00,1616.1128234495934,1627.9215237843866,1664.4552299032473,36.533706118860664,2.1949347427617094,0.01,11.808700334793157
proxy_hardened_no_worst_hours,proxy_hardened_no_worst_hours-000708,2025-08-05 18:00:00,1627.9215237843866,1621.5852902883173,1664.4552299032473,42.86993961492999,2.575613861204423,0.01,-6.336233496069399
proxy_hardened_no_worst_hours,proxy_hardened_no_worst_hours-000709,2025-08-07 13:45:00,1621.5852902883173,1613.0169631220908,1664.4552299032473,51.43826678115647,3.0903965367783734,0.01,-8.568327166226554
proxy_hardened_no_worst_hours,proxy_hardened_no_worst_hours-000710,2025-08-08 13:30:00,1613.0169631220908,1603.0762987540222,1664.4552299032473,61.37893114922508,3.687628843750454,0.01,-9.940664368068683
proxy_hardened_no_worst_hours,proxy_hardened_no_worst_hours-000711,2025-08-11 13:00:00,1603.0762987540222,1594.1360897176894,1664.4552299032473,70.3191401855579,4.224754077022874,0.01,-8.94020903633289
proxy_hardened_no_worst_hours,proxy_hardened_no_worst_hours-000712,2025-08-11 14:15:00,1594.1360897176894,1611.9599677381095,1664.4552299032473,52.495262165137774,3.153900520844244,0.01,17.823878020420054
proxy_hardened_no_worst_hours,proxy_hardened_no_worst_hours-000713,2025-08-12 14:30:00,1611.9599677381095,1600.817896782223,1664.4552299032473,63.63733312102431,3.823312996212189,0.01,-11.142070955886611
proxy_hardened_no_worst_hours,proxy_hardened_no_worst_hours-000714,2025-08-13 14:15:00,1600.817896782223,1593.9175391343995,1664.4552299032473,70.53769076884782,4.237884534325871,0.01,-6.900357647823585
proxy_hardened_no_worst_hours,proxy_hardened_no_worst_hours-000715,2025-08-14 13:30:00,1593.9175391343995,1610.189876213947,1664.4552299032473,54.265353689300355,3.2602471195608382,0.01,16.2723370795474
proxy_hardened_no_worst_hours,proxy_hardened_no_worst_hours-000716,2025-08-19 14:00:00,1610.189876213947,1621.7590457493332,1664.4552299032473,42.696184153914146,2.5651746821929255,0.01,11.569169535386136
proxy_hardened_no_worst_hours,proxy_hardened_no_worst_hours-000717,2025-08-26 18:00:00,1621.7590457493332,1631.291580103142,1664.4552299032473,33.163649800105304,1.9924627111798654,0.01,9.532534353808769
proxy_hardened_no_worst_hours,proxy_hardened_no_worst_hours-000718,2025-08-28 10:30:00,1631.291580103142,1639.6992773333557,1664.4552299032473,24.755952569891633,1.4873306367832235,0.01,8.407697230213598
proxy_hardened_no_worst_hours,proxy_hardened_no_worst_hours-000719,2025-08-28 15:15:00,1639.6992773333557,1652.1753486420728,1664.4552299032473,12.279881261174523,0.7377717970755115,0.01,12.476071308717037
proxy_hardened_no_worst_hours,proxy_hardened_no_worst_hours-000720,2025-08-31 22:00:00,1652.1753486420728,1646.090975499529,1664.4552299032473,18.364254403718405,1.1033192166295693,0.01,-6.084373142543955
proxy_hardened_no_worst_hours,proxy_hardened_no_worst_hours-000721,2025-09-01 13:45:00,1646.090975499529,1658.8418002776004,1664.4552299032473,5.613429625646859,0.33725326610155565,0.01,12.750824778071474
proxy_hardened_no_worst_hours,proxy_hardened_no_worst_hours-000722,2025-09-02 13:30:00,1658.8418002776004,1678.7549150570655,1678.7549150570655,0.0,0.0,0.01,19.913114779465033
proxy_hardened_no_worst_hours,proxy_hardened_no_worst_hours-000723,2025-09-04 13:15:00,1678.7549150570655,1669.498472797952,1678.7549150570655,9.256442259113555,0.5513873511905043,0.01,-9.256442259113628
proxy_hardened_no_worst_hours,proxy_hardened_no_worst_hours-000724,2025-09-07 22:15:00,1669.498472797952,1660.4298238763529,1678.7549150570655,18.32509118071266,1.0915882369934709,0.01,-9.068648921599179
proxy_hardened_no_worst_hours,proxy_hardened_no_worst_hours-000725,2025-09-08 18:00:00,1660.4298238763529,1675.3046762118636,1678.7549150570655,3.450238845201966,0.20552367795061274,0.01,14.874852335510623
proxy_hardened_no_worst_hours,proxy_hardened_no_worst_hours-000726,2025-09-09 10:15:00,1675.3046762118636,1667.870266409219,1678.7549150570655,10.884648647846461,0.6483762787658889,0.01,-7.434409802644568
proxy_hardened_no_worst_hours,proxy_hardened_no_worst_hours-000727,2025-09-11 19:00:00,1667.870266409219,1681.8212697212014,1681.8212697212014,0.0,0.0,0.01,13.951003311982204
proxy_hardened_no_worst_hours,proxy_hardened_no_worst_hours-000728,2025-09-12 10:00:00,1681.8212697212014,1675.7311682540778,1681.8212697212014,6.090101467123532,0.362113476429817,0.01,-6.0901014671236045
proxy_hardened_no_worst_hours,proxy_hardened_no_worst_hours-000729,2025-09-12 13:30:00,1675.7311682540778,1668.9427890999343,1681.8212697212014,12.878480621267045,0.7657460904512127,0.01,-6.788379154143586
proxy_hardened_no_worst_hours,proxy_hardened_no_worst_hours-000730,2025-09-15 22:15:00,1668.9427890999343,1679.4829220999034,1681.8212697212014,2.3383476212979986,0.13903663031242497,0.01,10.540132999968973
proxy_hardened_no_worst_hours,proxy_hardened_no_worst_hours-000731,2025-09-16 13:15:00,1679.4829220999034,1673.1383474489214,1681.8212697212014,8.682922272279939,0.5162809169204599,0.01,-6.344574650982013
proxy_hardened_no_worst_hours,proxy_hardened_no_worst_hours-000732,2025-09-22 13:00:00,1673.1383474489214,1665.6245931535193,1681.8212697212014,16.19667656768206,0.9630438655569515,0.01,-7.513754295402196
proxy_hardened_no_worst_hours,proxy_hardened_no_worst_hours-000733,2025-09-22 14:15:00,1665.6245931535193,1682.1422832811547,1682.1422832811547,0.0,0.0,0.01,16.517690127635362
proxy_hardened_no_worst_hours,proxy_hardened_no_worst_hours-000734,2025-09-23 15:00:00,1682.1422832811547,1672.2404921342638,1682.1422832811547,9.9017911468909,0.5886417127317349,0.01,-9.901791146890973
proxy_hardened_no_worst_hours,proxy_hardened_no_worst_hours-000735,2025-09-25 19:30:00,1672.2404921342638,1661.4370580054795,1682.1422832811547,20.705225275675275,1.2308843004224386,0.01,-10.803434128784447
proxy_hardened_no_worst_hours,proxy_hardened_no_worst_hours-000736,2025-09-26 13:30:00,1661.4370580054795,1678.9247521565487,1682.1422832811547,3.217531124606012,0.19127580089895588,0.01,17.487694151069192
proxy_hardened_no_worst_hours,proxy_hardened_no_worst_hours-000737,2025-09-28 22:00:00,1678.9247521565487,1695.4128013346183,1695.4128013346183,0.0,0.0,0.01,16.488049178069488
proxy_hardened_no_worst_hours,proxy_hardened_no_worst_hours-000738,2025-09-29 10:15:00,1695.4128013346183,1714.007898387874,1714.007898387874,0.0,0.0,0.01,18.595097053255742
proxy_hardened_no_worst_hours,proxy_hardened_no_worst_hours-000739,2025-09-30 14:00:00,1714.007898387874,1742.49237619077,1742.49237619077,0.0,0.0,0.01,28.48447780289591
proxy_hardened_no_worst_hours,proxy_hardened_no_worst_hours-000740,2025-10-01 14:30:00,1742.49237619077,1732.302747351512,1742.49237619077,10.189628839258148,0.5847732236013281,0.01,-10.189628839258221
proxy_hardened_no_worst_hours,proxy_hardened_no_worst_hours-000741,2025-10-02 10:00:00,1732.302747351512,1746.7424619101319,1746.7424619101319,0.0,0.0,0.01,14.439714558619853
proxy_hardened_no_worst_hours,proxy_hardened_no_worst_hours-000742,2025-10-03 14:15:00,1746.7424619101319,1769.4726665636815,1769.4726665636815,0.0,0.0,0.01,22.730204653549592
proxy_hardened_no_worst_hours,proxy_hardened_no_worst_hours-000743,2025-10-06 13:30:00,1769.4726665636815,1792.526038867434,1792.526038867434,0.0,0.0,0.01,23.05337230375237
proxy_hardened_no_worst_hours,proxy_hardened_no_worst_hours-000744,2025-10-07 13:30:00,1792.526038867434,1781.9708092940193,1792.526038867434,10.555229573414636,0.5888466524081131,0.01,-10.555229573414708
proxy_hardened_no_worst_hours,proxy_hardened_no_worst_hours-000745,2025-10-08 13:45:00,1781.9708092940193,1770.1759693955676,1792.526038867434,22.35006947186639,1.2468476879693065,0.01,-11.794839898451828
proxy_hardened_no_worst_hours,proxy_hardened_no_worst_hours-000746,2025-10-10 15:30:00,1770.1759693955676,1752.9120092733904,1792.526038867434,39.614029594043586,2.2099556009279953,0.01,-17.263960122177266
proxy_hardened_no_worst_hours,proxy_hardened_no_worst_hours-000747,2025-10-12 22:00:00,1752.9120092733904,1788.1568371098363,1792.526038867434,4.369201757597693,0.24374551124279747,0.01,35.24482783644582
proxy_hardened_no_worst_hours,proxy_hardened_no_worst_hours-000748,2025-10-13 19:15:00,1788.1568371098363,1810.9384348886967,1810.9384348886967,0.0,0.0,0.01,22.781597778860416
proxy_hardened_no_worst_hours,proxy_hardened_no_worst_hours-000749,2025-10-14 10:15:00,1810.9384348886967,1792.3835619577656,1810.9384348886967,18.554872930931197,1.0245998744883678,0.01,-18.554872930931268
proxy_hardened_no_worst_hours,proxy_hardened_no_worst_hours-000750,2025-10-14 15:00:00,1792.3835619577656,1829.2713915771753,1829.2713915771753,0.0,0.0,0.01,36.887829619409715
proxy_hardened_no_worst_hours,proxy_hardened_no_worst_hours-000751,2025-10-15 19:00:00,1829.2713915771753,1856.2092544230852,1856.2092544230852,0.0,0.0,0.01,26.937862845909805
proxy_hardened_no_worst_hours,proxy_hardened_no_worst_hours-000752,2025-10-22 10:15:00,1856.2092544230852,1915.5146060847644,1915.5146060847644,0.0,0.0,0.01,59.305351661679126
proxy_hardened_no_worst_hours,proxy_hardened_no_worst_hours-000753,2025-10-22 15:30:00,1915.5146060847644,1880.646775419799,1915.5146060847644,34.86783066496537,1.8202852932682054,0.01,-34.86783066496544
proxy_hardened_no_worst_hours,proxy_hardened_no_worst_hours-000754,2025-10-27 13:15:00,1880.646775419799,1915.4066868152884,1915.5146060847644,0.10791926947604225,0.005633957012555751,0.01,34.759911395489254
proxy_hardened_no_worst_hours,proxy_hardened_no_worst_hours-000755,2025-10-29 14:00:00,1915.4066868152884,1901.0582941378873,1915.5146060847644,14.456311946877122,0.7546959914038582,0.01,-14.348392677401153
proxy_hardened_no_worst_hours,proxy_hardened_no_worst_hours-000756,2025-10-30 14:15:00,1901.0582941378873,1943.0290637996043,1943.0290637996043,0.0,0.0,0.01,41.970769661716915
proxy_hardened_no_worst_hours,proxy_hardened_no_worst_hours-000757,2025-10-31 14:00:00,1943.0290637996043,1927.807756292568,1943.0290637996043,15.221307507036272,0.7833803307744105,0.01,-15.221307507036345
proxy_hardened_no_worst_hours,proxy_hardened_no_worst_hours-000758,2025-11-04 15:30:00,1927.807756292568,1908.4795384837091,1943.0290637996043,34.54952531589515,1.7781270470722328,0.01,-19.328217808858952
proxy_hardened_no_worst_hours,proxy_hardened_no_worst_hours-000759,2025-11-06 13:00:00,1908.4795384837091,1900.031698948428,1943.0290637996043,42.99736485117637,2.21290384442808,0.01,-8.447839535281291
proxy_hardened_no_worst_hours,proxy_hardened_no_worst_hours-000760,2025-11-10 15:00:00,1900.031698948428,1921.9221523728327,1943.0290637996043,21.106911426771603,1.0862890226406041,0.01,21.890453424404697
proxy_hardened_no_worst_hours,proxy_hardened_no_worst_hours-000761,2025-11-13 10:45:00,1921.9221523728327,1909.4574268758013,1943.0290637996043,33.571636923803,1.7277990097664044,0.01,-12.464725497031468
proxy_hardened_no_worst_hours,proxy_hardened_no_worst_hours-000762,2025-11-19 13:15:00,1909.4574268758013,1932.3965411023598,1943.0290637996043,10.63252269724444,0.5472137754055248,0.01,22.939114226558488
proxy_hardened_no_worst_hours,proxy_hardened_no_worst_hours-000763,2025-11-20 10:00:00,1932.3965411023598,1915.6024891156183,1943.0290637996043,27.42657468398602,1.4115370271586776,0.01,-16.79405198674165
proxy_hardened_no_worst_hours,proxy_hardened_no_worst_hours-000764,2025-11-21 10:00:00,1915.6024891156183,1899.2994896454163,1943.0290637996043,43.72957415418796,2.25058775336456,0.01,-16.30299947020201
proxy_hardened_no_worst_hours,proxy_hardened_no_worst_hours-000765,2025-11-21 18:00:00,1899.2994896454163,1883.2773506564397,1943.0290637996043,59.75171314316458,3.0751837044742794,0.01,-16.022138988976693
proxy_hardened_no_worst_hours,proxy_hardened_no_worst_hours-000766,2025-11-24 18:00:00,1883.2773506564397,1903.211913077346,1943.0290637996043,39.81715072225825,2.049230835713573,0.01,19.93456242090626
proxy_hardened_no_worst_hours,proxy_hardened_no_worst_hours-000767,2025-11-28 13:45:00,1903.211913077346,1926.5933259712572,1943.0290637996043,16.4357378283471,0.8458822430688157,0.01,23.381412893911076
proxy_hardened_no_worst_hours,proxy_hardened_no_worst_hours-000768,2025-12-03 15:00:00,1926.5933259712572,1911.6868347754341,1943.0290637996043,31.342229024170138,1.6130602268439689,0.01,-14.90649119582311
proxy_hardened_no_worst_hours,proxy_hardened_no_worst_hours-000769,2025-12-05 10:15:00,1911.6868347754341,1925.0893811843796,1943.0290637996043,17.939682615224683,0.923284316712357,0.01,13.402546408945382
proxy_hardened_no_worst_hours,proxy_hardened_no_worst_hours-000770,2025-12-05 14:30:00,1925.0893811843796,1942.8794566788372,1943.0290637996043,0.1496071207670866,0.007699685174782153,0.01,17.790075494457525
proxy_hardened_no_worst_hours,proxy_hardened_no_worst_hours-000771,2025-12-09 13:45:00,1942.8794566788372,1934.951048123963,1943.0290637996043,8.078015675641382,0.41574342999506025,0.01,-7.928408554874368
proxy_hardened_no_worst_hours,proxy_hardened_no_worst_hours-000772,2025-12-09 14:45:00,1934.951048123963,1925.2491276810285,1943.0290637996043,17.779936118575733,0.9150627980729721,0.01,-9.701920442934425
proxy_hardened_no_worst_hours,proxy_hardened_no_worst_hours-000773,2025-12-16 18:45:00,1925.2491276810285,1912.5238473537845,1943.0290637996043,30.50521644581977,1.569982508968067,0.01,-12.725280327244109
proxy_hardened_no_worst_hours,proxy_hardened_no_worst_hours-000774,2025-12-16 19:45:00,1912.5238473537845,1937.5012012910208,1943.0290637996043,5.527862508583439,0.2844971602109581,0.01,24.97735393723626
proxy_hardened_no_worst_hours,proxy_hardened_no_worst_hours-000775,2025-12-17 13:00:00,1937.5012012910208,1955.197670237181,1955.197670237181,0.0,0.0,0.01,17.696468946160095
proxy_hardened_no_worst_hours,proxy_hardened_no_worst_hours-000776,2025-12-17 14:00:00,1955.197670237181,1943.588348579912,1955.197670237181,11.609321657268993,0.5937671588909315,0.01,-11.609321657269065
proxy_hardened_no_worst_hours,proxy_hardened_no_worst_hours-000777,2025-12-18 18:00:00,1943.588348579912,1924.5719109165354,1955.197670237181,30.625759320645557,1.5663766271228428,0.01,-19.016437663376635
proxy_hardened_no_worst_hours,proxy_hardened_no_worst_hours-000778,2025-12-19 18:30:00,1924.5719109165354,1945.1026599025497,1955.197670237181,10.095010334631297,0.5163166102487576,0.01,20.53074898601419
proxy_hardened_no_worst_hours,proxy_hardened_no_worst_hours-000779,2025-12-22 15:15:00,1945.1026599025497,1966.5816709372064,1966.5816709372064,0.0,0.0,0.01,21.47901103465658
proxy_hardened_no_worst_hours,proxy_hardened_no_worst_hours-000780,2025-12-22 18:45:00,1966.5816709372064,1986.3744291112687,1986.3744291112687,0.0,0.0,0.01,19.792758174062257
proxy_hardened_no_worst_hours,proxy_hardened_no_worst_hours-000781,2025-12-23 10:00:00,1986.3744291112687,1977.4811876776573,1986.3744291112687,8.893241433611365,0.44771223910641683,0.01,-8.893241433611438
proxy_hardened_no_worst_hours,proxy_hardened_no_worst_hours-000782,2025-12-23 21:30:00,1977.4811876776573,1998.0488524079399,1998.0488524079399,0.0,0.0,0.01,20.567664730282488
proxy_hardened_no_worst_hours,proxy_hardened_no_worst_hours-000783,2025-12-26 10:45:00,1998.0488524079399,1988.9657769571402,1998.0488524079399,9.083075450799697,0.45459726572016834,0.01,-9.08307545079977
proxy_hardened_no_worst_hours,proxy_hardened_no_worst_hours-000784,2025-12-31 10:15:00,1988.9657769571402,1970.7605059103032,1998.0488524079399,27.288346497636667,1.36574971451525,0.01,-18.20527104683704
proxy_hardened_no_worst_hours,proxy_hardened_no_worst_hours-000785,2026-01-05 14:00:00,1970.7605059103032,1998.3780718777332,1998.3780718777332,0.0,0.0,0.01,27.61756596742991
proxy_hardened_no_worst_hours,proxy_hardened_no_worst_hours-000786,2026-01-05 18:30:00,1998.3780718777332,1984.372152456706,1998.3780718777332,14.005919421027102,0.7008643468483788,0.01,-14.005919421027174
proxy_hardened_no_worst_hours,proxy_hardened_no_worst_hours-000787,2026-01-06 15:30:00,1984.372152456706,1970.0678617313886,1998.3780718777332,28.310210146344616,1.416659367150858,0.01,-14.304290725317587
proxy_hardened_no_worst_hours,proxy_hardened_no_worst_hours-000788,2026-01-08 13:00:00,1970.0678617313886,1958.4042921089165,1998.3780718777332,39.97377976881671,2.000311168909905,0.01,-11.663569622472169
proxy_hardened_no_worst_hours,proxy_hardened_no_worst_hours-000789,2026-01-08 13:45:00,1958.4042921089165,1945.3494242297,1998.3780718777332,53.02864764803326,2.6535843439377826,0.01,-13.054867879216618
proxy_hardened_no_worst_hours,proxy_hardened_no_worst_hours-000790,2026-01-09 14:30:00,1945.3494242297,1974.1810466039476,1998.3780718777332,24.197025273785584,1.2108332059032938,0.01,28.8316223742476
proxy_hardened_no_worst_hours,proxy_hardened_no_worst_hours-000791,2026-01-09 18:30:00,1974.1810466039476,2004.5325718496567,2004.5325718496567,0.0,0.0,0.01,30.351525245709055
proxy_hardened_no_worst_hours,proxy_hardened_no_worst_hours-000792,2026-01-12 14:00:00,2004.5325718496567,2060.9248204885876,2060.9248204885876,0.0,0.0,0.02,56.39224863893091
proxy_hardened_no_worst_hours,proxy_hardened_no_worst_hours-000793,2026-01-12 18:45:00,2060.9248204885876,2032.5414016761272,2060.9248204885876,28.383418812460377,1.3772175738914854,0.02,-28.383418812460295
proxy_hardened_no_worst_hours,proxy_hardened_no_worst_hours-000794,2026-01-13 13:15:00,2032.5414016761272,2075.89097472093,2075.89097472093,0.0,0.0,0.02,43.349573044802895
proxy_hardened_no_worst_hours,proxy_hardened_no_worst_hours-000795,2026-01-13 15:15:00,2075.89097472093,2043.7366296843672,2075.89097472093,32.154345036562745,1.548941896666099,0.02,-32.15434503656266
proxy_hardened_no_worst_hours,proxy_hardened_no_worst_hours-000796,2026-01-14 19:15:00,2043.7366296843672,2016.201611120358,2075.89097472093,59.68936360057205,2.875361198031911,0.02,-27.535018564009224
proxy_hardened_no_worst_hours,proxy_hardened_no_worst_hours-000797,2026-01-20 13:30:00,2016.201611120358,2057.3538893911614,2075.89097472093,18.537085329768615,0.892970081545859,0.02,41.15227827080329
proxy_hardened_no_worst_hours,proxy_hardened_no_worst_hours-000798,2026-01-20 15:30:00,2057.3538893911614,2118.922146955702,2118.922146955702,0.0,0.0,0.02,61.5682575645404
proxy_hardened_no_worst_hours,proxy_hardened_no_worst_hours-000799,2026-01-21 13:00:00,2118.922146955702,2089.165872813663,2118.922146955702,29.75627414203882,1.4043118188551786,0.02,-29.756274142038965
proxy_hardened_no_worst_hours,proxy_hardened_no_worst_hours-000800,2026-01-22 10:30:00,2089.165872813663,2063.615928071193,2118.922146955702,55.30621888450878,2.610110945509175,0.02,-25.549944742470107
proxy_hardened_no_worst_hours,proxy_hardened_no_worst_hours-000801,2026-01-23 14:30:00,2063.615928071193,2128.6823014614606,2128.6823014614606,0.0,0.0,0.02,65.06637339026733
proxy_hardened_no_worst_hours,proxy_hardened_no_worst_hours-000802,2026-01-23 18:45:00,2128.6823014614606,2202.0831442736476,2202.0831442736476,0.0,0.0,0.02,73.40084281218682
proxy_hardened_no_worst_hours,proxy_hardened_no_worst_hours-000803,2026-01-26 10:00:00,2202.0831442736476,2164.7933887245404,2202.0831442736476,37.28975554910721,1.6933854494130447,0.02,-37.289755549107355
proxy_hardened_no_worst_hours,proxy_hardened_no_worst_hours-000804,2026-01-26 14:45:00,2164.7933887245404,2126.921256058786,2202.0831442736476,75.16188821486139,3.41321754404752,0.02,-37.87213266575432
proxy_hardened_no_worst_hours,proxy_hardened_no_worst_hours-000805,2026-01-28 15:15:00,2126.921256058786,2248.877604189313,2248.877604189313,0.0,0.0,0.02,121.9563481305266
proxy_hardened_no_worst_hours,proxy_hardened_no_worst_hours-000806,2026-01-29 14:15:00,2248.877604189313,2180.4933012719835,2248.877604189313,68.38430291732948,3.0408192420049915,0.02,-68.38430291732962
proxy_hardened_no_worst_hours,proxy_hardened_no_worst_hours-000807,2026-01-30 14:45:00,2180.4933012719835,2482.779471929584,2482.779471929584,0.0,0.0,0.02,302.2861706576003
proxy_hardened_no_worst_hours,proxy_hardened_no_worst_hours-000808,2026-02-03 18:00:00,2482.779471929584,2393.1492203100793,2482.779471929584,89.63025161950463,3.61007703796766,0.02,-89.63025161950478
proxy_hardened_no_worst_hours,proxy_hardened_no_worst_hours-000809,2026-02-05 10:15:00,2393.1492203100793,2575.07507810783,2575.07507810783,0.0,0.0,0.02,181.92585779775058
proxy_hardened_no_worst_hours,proxy_hardened_no_worst_hours-000810,2026-02-06 14:15:00,2575.07507810783,2707.073287788668,2707.073287788668,0.0,0.0,0.02,131.9982096808379
proxy_hardened_no_worst_hours,proxy_hardened_no_worst_hours-000811,2026-02-09 18:00:00,2707.073287788668,2664.43026714069,2707.073287788668,42.64302064797812,1.5752444102764578,0.02,-42.64302064797826
proxy_hardened_no_worst_hours,proxy_hardened_no_worst_hours-000812,2026-02-10 10:00:00,2664.43026714069,2625.9400963395624,2707.073287788668,81.13319144910565,2.9970814538006496,0.02,-38.490170801127675
proxy_hardened_no_worst_hours,proxy_hardened_no_worst_hours-000813,2026-02-10 13:30:00,2625.9400963395624,2584.566008597633,2707.073287788668,122.5072791910352,4.525451148428565,0.02,-41.374087741929685
proxy_hardened_no_worst_hours,proxy_hardened_no_worst_hours-000814,2026-02-11 18:30:00,2584.566008597633,2530.3589254187814,2707.073287788668,176.71436236988666,6.527875073313573,0.02,-54.207083178851605
proxy_hardened_no_worst_hours,proxy_hardened_no_worst_hours-000815,2026-02-13 19:45:00,2530.3589254187814,2485.444544827313,2707.073287788668,221.62874296135487,8.187024117932069,0.02,-44.91438059146836
proxy_hardened_no_worst_hours,proxy_hardened_no_worst_hours-000816,2026-02-17 13:15:00,2485.444544827313,2555.290535018376,2707.073287788668,151.78275277029206,5.606894850426422,0.02,69.84599019106267
proxy_hardened_no_worst_hours,proxy_hardened_no_worst_hours-000817,2026-02-18 19:00:00,2555.290535018376,2527.6246386538864,2707.073287788668,179.4486491347816,6.628880346322951,0.02,-27.665896364489672
proxy_hardened_no_worst_hours,proxy_hardened_no_worst_hours-000818,2026-02-19 13:45:00,2527.6246386538864,2498.223886586264,2707.073287788668,208.8494012024039,7.714951868665776,0.02,-29.400752067622452
proxy_hardened_no_worst_hours,proxy_hardened_no_worst_hours-000819,2026-02-19 14:45:00,2498.223886586264,2458.723200054523,2707.073287788668,248.35008773414484,9.174117629338916,0.02,-39.50068653174108
proxy_hardened_no_worst_hours,proxy_hardened_no_worst_hours-000820,2026-02-20 13:30:00,2458.723200054523,2516.0456656430947,2707.073287788668,191.02762214557333,7.056610657985489,0.02,57.32246558857136
proxy_hardened_no_worst_hours,proxy_hardened_no_worst_hours-000821,2026-02-20 15:30:00,2516.0456656430947,2620.1160572173253,2707.073287788668,86.95723057134273,3.212222992395439,0.02,104.07039157423046
proxy_hardened_no_worst_hours,proxy_hardened_no_worst_hours-000822,2026-02-27 18:00:00,2620.1160572173253,2697.0320616578433,2707.073287788668,10.041226130824725,0.3709255370410426,0.02,76.91600444051787
proxy_hardened_no_worst_hours,proxy_hardened_no_worst_hours-000823,2026-03-02 13:15:00,2697.0320616578433,2650.748798105597,2707.073287788668,56.32448968307108,2.08064147864578,0.02,-46.283263552246495
proxy_hardened_no_worst_hours,proxy_hardened_no_worst_hours-000824,2026-03-06 13:15:00,2650.748798105597,2609.5047346514425,2707.073287788668,97.56855313722554,3.6042080418490086,0.02,-41.2440634541546
proxy_hardened_no_worst_hours,proxy_hardened_no_worst_hours-000825,2026-03-10 14:00:00,2609.5047346514425,2691.9137865541693,2707.073287788668,15.159501234498748,0.5599959669685234,0.02,82.40905190272665
proxy_hardened_no_worst_hours,proxy_hardened_no_worst_hours-000826,2026-03-12 10:15:00,2691.9137865541693,2668.489580101294,2707.073287788668,38.583707687374044,1.4252923207295947,0.02,-23.424206452875442
proxy_hardened_no_worst_hours,proxy_hardened_no_worst_hours-000827,2026-03-13 10:15:00,2668.489580101294,2637.5023775149116,2707.073287788668,69.57091027375645,2.569967742934177,0.02,-30.987202586382555
proxy_hardened_no_worst_hours,proxy_hardened_no_worst_hours-000828,2026-03-13 14:00:00,2637.5023775149116,2707.1450734631694,2707.1450734631694,0.0,0.0,0.02,69.64269594825768
proxy_hardened_no_worst_hours,proxy_hardened_no_worst_hours-000829,2026-03-16 15:00:00,2707.1450734631694,2668.3402084842405,2707.1450734631694,38.80486497892889,1.4334239180350608,0.02,-38.80486497892903
proxy_hardened_no_worst_hours,proxy_hardened_no_worst_hours-000830,2026-03-18 10:00:00,2668.3402084842405,2715.3602562541987,2715.3602562541987,0.0,0.0,0.02,47.02004776995804
proxy_hardened_no_worst_hours,proxy_hardened_no_worst_hours-000831,2026-03-19 15:15:00,2715.3602562541987,2600.6876797573573,2715.3602562541987,114.67257649684143,4.223107273987674,0.02,-114.67257649684157
proxy_hardened_no_worst_hours,proxy_hardened_no_worst_hours-000832,2026-03-20 13:00:00,2600.6876797573573,2710.6259941006288,2715.3602562541987,4.734262153569944,0.17435116179025142,0.02,109.93831434327134
proxy_hardened_no_worst_hours,proxy_hardened_no_worst_hours-000833,2026-03-23 10:00:00,2710.6259941006288,2574.7459703645513,2715.3602562541987,140.61428588964736,5.178476246964843,0.02,-135.88002373607756
proxy_hardened_no_worst_hours,proxy_hardened_no_worst_hours-000834,2026-03-24 13:00:00,2574.7459703645513,2496.510142371883,2715.3602562541987,218.85011388231578,8.059708223917825,0.02,-78.23582799266856
proxy_hardened_no_worst_hours,proxy_hardened_no_worst_hours-000835,2026-03-26 10:45:00,2496.510142371883,2442.9238351141253,2715.3602562541987,272.43642114007343,10.033159339081424,0.02,-53.586307257757795
proxy_hardened_no_worst_hours,proxy_hardened_no_worst_hours-000836,2026-03-26 15:30:00,2442.9238351141253,2555.8999441113033,2715.3602562541987,159.46031214289542,5.872528765773006,0.02,112.97610899717787
proxy_hardened_no_worst_hours,proxy_hardened_no_worst_hours-000837,2026-03-27 13:00:00,2555.8999441113033,2518.478978009986,2715.3602562541987,196.8812782442128,7.25065036179795,0.02,-37.42096610131753
proxy_hardened_no_worst_hours,proxy_hardened_no_worst_hours-000838,2026-03-27 18:00:00,2518.478978009986,2464.4144227519523,2715.3602562541987,250.9458335022464,9.241714167549269,0.02,-54.06455525803372
proxy_hardened_no_worst_hours,proxy_hardened_no_worst_hours-000839,2026-04-01 10:00:00,2464.4144227519523,2545.647652657183,2715.3602562541987,169.7126035970159,6.250095294210871,0.02,81.23322990523033
proxy_hardened_no_worst_hours,proxy_hardened_no_worst_hours-000840,2026-04-01 13:00:00,2545.647652657183,2638.595031727475,2715.3602562541987,76.76522452672361,2.8270732898116497,0.02,92.94737907029216
proxy_hardened_no_worst_hours,proxy_hardened_no_worst_hours-000841,2026-04-09 18:15:00,2638.595031727475,2603.113911073046,2715.3602562541987,112.24634518115272,4.133755177517218,0.02,-35.48112065442925
proxy_hardened_no_worst_hours,proxy_hardened_no_worst_hours-000842,2026-04-14 10:15:00,2603.113911073046,2576.8098660562523,2715.3602562541987,138.5503901979464,5.102468075049265,0.02,-26.304045016793825
proxy_hardened_no_worst_hours,proxy_hardened_no_worst_hours-000843,2026-04-14 15:00:00,2576.8098660562523,2647.121316618063,2715.3602562541987,68.23893963613591,2.5130713126909567,0.02,70.31145056181035
proxy_hardened_no_worst_hours,proxy_hardened_no_worst_hours-000844,2026-04-15 14:30:00,2647.121316618063,2619.6963493978915,2715.3602562541987,95.66390685630722,3.523065001631652,0.02,-27.424967220171457
proxy_hardened_no_worst_hours,proxy_hardened_no_worst_hours-000845,2026-04-17 18:45:00,2619.6963493978915,2585.9227224262963,2715.3602562541987,129.43753382790237,4.766864121612343,0.02,-33.77362697159529
proxy_hardened_no_worst_hours,proxy_hardened_no_worst_hours-000846,2026-04-20 13:00:00,2585.9227224262963,2557.420466893311,2715.3602562541987,157.93978936088752,5.816531673729483,0.02,-28.50225553298529
proxy_hardened_no_worst_hours,proxy_hardened_no_worst_hours-000847,2026-04-21 10:15:00,2557.420466893311,2535.0723446972265,2715.3602562541987,180.28791155697218,6.639557721363898,0.02,-22.348122196084805
proxy_hardened_no_worst_hours,proxy_hardened_no_worst_hours-000848,2026-04-21 14:00:00,2535.0723446972265,2602.855067781195,2715.3602562541987,112.50518847300373,4.14328773553617,0.02,67.7827230839683
proxy_hardened_no_worst_hours,proxy_hardened_no_worst_hours-000849,2026-04-22 10:00:00,2602.855067781195,2582.47281748083,2715.3602562541987,132.88743877336856,4.893915585134361,0.02,-20.382250300364976
proxy_hardened_no_worst_hours,proxy_hardened_no_worst_hours-000850,2026-04-22 13:15:00,2582.47281748083,2629.384283429347,2715.3602562541987,85.97597282485185,3.166282360759544,0.02,46.911465948516565
proxy_hardened_no_worst_hours,proxy_hardened_no_worst_hours-000851,2026-04-23 10:45:00,2629.384283429347,2601.909510503229,2715.3602562541987,113.45074575096987,4.178110270622933,0.02,-27.474772926118167
proxy_hardened_no_worst_hours,proxy_hardened_no_worst_hours-000852,2026-04-24 18:00:00,2601.909510503229,2574.166089471401,2715.3602562541987,141.19416678279777,5.19983182554101,0.02,-27.74342103182804
proxy_hardened_no_worst_hours,proxy_hardened_no_worst_hours-000853,2026-04-27 14:30:00,2574.166089471401,2622.6518136908567,2715.3602562541987,92.70844256334203,3.4142225640155766,0.02,48.48572421945559
proxy_hardened_no_worst_hours,proxy_hardened_no_worst_hours-000854,2026-04-29 10:15:00,2622.6518136908567,2675.9437113925837,2715.3602562541987,39.416544861614966,1.4516138243840078,0.02,53.291897701726924
proxy_hardened_no_worst_hours,proxy_hardened_no_worst_hours-000855,2026-04-29 15:15:00,2675.9437113925837,2642.0241973488214,2715.3602562541987,73.33605890537729,2.700785604284543,0.02,-33.91951404376246
proxy_hardened_no_worst_hours,proxy_hardened_no_worst_hours-000856,2026-05-01 19:00:00,2642.0241973488214,2612.0747042215266,2715.3602562541987,103.28555203267206,3.8037513363016155,0.02,-29.949493127294918
proxy_hardened_no_worst_hours,proxy_hardened_no_worst_hours-000857,2026-05-03 22:30:00,2612.0747042215266,2583.0159602544595,2715.3602562541987,132.3442959997392,4.873912980604138,0.02,-29.058743967067276
proxy_hardened_no_worst_hours,proxy_hardened_no_worst_hours-000858,2026-05-04 13:00:00,2583.0159602544595,2651.9209979624507,2715.3602562541987,63.43925829174805,2.336310923960477,0.02,68.905037707991
proxy_hardened_no_worst_hours,proxy_hardened_no_worst_hours-000859,2026-05-06 19:00:00,2651.9209979624507,2702.680983324845,2715.3602562541987,12.679272929353829,0.4669462514283356,0.02,50.759985362394076
proxy_hardened_no_worst_hours,proxy_hardened_no_worst_hours-000860,2026-05-07 10:15:00,2702.680983324845,2759.44857790347,2759.44857790347,0.0,0.0,0.02,56.76759457862485
proxy_hardened_no_worst_hours_high_margin,proxy_hardened_no_worst_hours_high_margin-000001,2022-02-16 19:30:00,1000.0,1008.7050100035684,1008.7050100035684,0.0,0.0,0.01,8.705010003568459
proxy_hardened_no_worst_hours_high_margin,proxy_hardened_no_worst_hours_high_margin-000002,2022-02-18 14:30:00,1008.7050100035684,1004.6350930033104,1008.7050100035684,4.069917000257988,0.40347940774514346,0.01,-4.069917000257947
proxy_hardened_no_worst_hours_high_margin,proxy_hardened_no_worst_hours_high_margin-000003,2022-02-18 18:00:00,1004.6350930033104,1012.4453587554439,1012.4453587554439,0.0,0.0,0.01,7.810265752133473
proxy_hardened_no_worst_hours_high_margin,proxy_hardened_no_worst_hours_high_margin-000004,2022-02-23 19:30:00,1012.4453587554439,1018.8651045933386,1018.8651045933386,0.0,0.0,0.01,6.419745837894807
proxy_hardened_no_worst_hours_high_margin,proxy_hardened_no_worst_hours_high_margin-000005,2022-02-28 14:45:00,1018.8651045933386,1012.1550191969567,1018.8651045933386,6.710085396381942,0.6585842783437116,0.01,-6.710085396381901
proxy_hardened_no_worst_hours_high_margin,proxy_hardened_no_worst_hours_high_margin-000006,2022-02-28 21:15:00,1012.1550191969567,1007.1609821820662,1018.8651045933386,11.704122411272465,1.1487411197524477,0.01,-4.994037014890482
proxy_hardened_no_worst_hours_high_margin,proxy_hardened_no_worst_hours_high_margin-000007,2022-03-01 15:00:00,1007.1609821820662,1019.6851063557548,1019.6851063557548,0.0,0.0,0.01,12.52412417368866
proxy_hardened_no_worst_hours_high_margin,proxy_hardened_no_worst_hours_high_margin-000008,2022-03-03 21:45:00,1019.6851063557548,1027.4333831425008,1027.4333831425008,0.0,0.0,0.01,7.748276786746073
proxy_hardened_no_worst_hours_high_margin,proxy_hardened_no_worst_hours_high_margin-000009,2022-03-04 15:00:00,1027.4333831425008,1041.6904157265108,1041.6904157265108,0.0,0.0,0.01,14.257032584009876
proxy_hardened_no_worst_hours_high_margin,proxy_hardened_no_worst_hours_high_margin-000010,2022-03-08 10:30:00,1041.6904157265108,1056.8337119566252,1056.8337119566252,0.0,0.0,0.01,15.143296230114329
proxy_hardened_no_worst_hours_high_margin,proxy_hardened_no_worst_hours_high_margin-000011,2022-03-08 18:15:00,1056.8337119566252,1038.3595458324571,1056.8337119566252,18.47416612416805,1.7480674504567917,0.01,-18.47416612416812
proxy_hardened_no_worst_hours_high_margin,proxy_hardened_no_worst_hours_high_margin-000012,2022-03-10 14:15:00,1038.3595458324571,1028.6329353786834,1056.8337119566252,28.200776577941724,2.668421366473134,0.01,-9.726610453773747
proxy_hardened_no_worst_hours_high_margin,proxy_hardened_no_worst_hours_high_margin-000013,2022-03-11 14:30:00,1028.6329353786834,1017.6869433483024,1056.8337119566252,39.14676860832276,3.7041559296822872,0.01,-10.945992030380994
proxy_hardened_no_worst_hours_high_margin,proxy_hardened_no_worst_hours_high_margin-000014,2022-03-14 13:00:00,1017.6869433483024,1031.6071489310507,1056.8337119566252,25.226563025574478,2.3869945422984227,0.01,13.920205582748322
proxy_hardened_no_worst_hours_high_margin,proxy_hardened_no_worst_hours_high_margin-000015,2022-03-15 10:00:00,1031.6071489310507,1043.8732587574202,1056.8337119566252,12.960453199204949,1.2263474426085375,0.01,12.266109826369457
proxy_hardened_no_worst_hours_high_margin,proxy_hardened_no_worst_hours_high_margin-000016,2022-03-15 13:30:00,1043.8732587574202,1059.5910283050441,1059.5910283050441,0.0,0.0,0.01,15.71776954762383
proxy_hardened_no_worst_hours_high_margin,proxy_hardened_no_worst_hours_high_margin-000017,2022-03-18 10:00:00,1059.5910283050441,1055.5364272791792,1059.5910283050441,4.05460102586494,0.3826571684313721,0.01,-4.054601025865013
proxy_hardened_no_worst_hours_high_margin,proxy_hardened_no_worst_hours_high_margin-000018,2022-03-18 13:00:00,1055.5364272791792,1065.9193917706727,1065.9193917706727,0.0,0.0,0.01,10.382964491493494
proxy_hardened_no_worst_hours_high_margin,proxy_hardened_no_worst_hours_high_margin-000019,2022-03-22 10:00:00,1065.9193917706727,1073.4573001897768,1073.4573001897768,0.0,0.0,0.01,7.537908419103969
proxy_hardened_no_worst_hours_high_margin,proxy_hardened_no_worst_hours_high_margin-000020,2022-03-24 10:00:00,1073.4573001897768,1079.882796708485,1079.882796708485,0.0,0.0,0.01,6.425496518708242
proxy_hardened_no_worst_hours_high_margin,proxy_hardened_no_worst_hours_high_margin-000021,2022-03-24 13:45:00,1079.882796708485,1092.277799657033,1092.277799657033,0.0,0.0,0.01,12.395002948547853
proxy_hardened_no_worst_hours_high_margin,proxy_hardened_no_worst_hours_high_margin-000022,2022-03-30 18:30:00,1092.277799657033,1088.1196070673607,1092.277799657033,4.158192589672353,0.3806900214375861,0.01,-4.158192589672426
proxy_hardened_no_worst_hours_high_margin,proxy_hardened_no_worst_hours_high_margin-000023,2022-03-31 10:00:00,1088.1196070673607,1084.176105259654,1092.277799657033,8.101694397379106,0.7417247150791655,0.01,-3.9435018077068253
proxy_hardened_no_worst_hours_high_margin,proxy_hardened_no_worst_hours_high_margin-000024,2022-04-07 18:15:00,1084.176105259654,1080.4477556970244,1092.277799657033,11.830043960008652,1.08306183314567,0.01,-3.728349562629619
proxy_hardened_no_worst_hours_high_margin,proxy_hardened_no_worst_hours_high_margin-000025,2022-04-11 19:15:00,1080.4477556970244,1089.2130643848207,1092.277799657033,3.064735272212374,0.2805820344581459,0.01,8.765308687796205
proxy_hardened_no_worst_hours_high_margin,proxy_hardened_no_worst_hours_high_margin-000026,2022-04-12 19:00:00,1089.2130643848207,1083.9046097719272,1092.277799657033,8.37318988510583,0.7665806160058319,0.01,-5.308454612893529
proxy_hardened_no_worst_hours_high_margin,proxy_hardened_no_worst_hours_high_margin-000027,2022-04-18 13:45:00,1083.9046097719272,1079.9581432636785,1092.277799657033,12.319656393354535,1.1278867333221287,0.01,-3.9464665082487773
proxy_hardened_no_worst_hours_high_margin,proxy_hardened_no_worst_hours_high_margin-000028,2022-04-21 14:00:00,1079.9581432636785,1074.602522209221,1092.277799657033,17.67527744781205,1.6182034875525213,0.01,-5.355621054457588
proxy_hardened_no_worst_hours_high_margin,proxy_hardened_no_worst_hours_high_margin-000029,2022-04-22 14:30:00,1074.602522209221,1087.3402505090405,1092.277799657033,4.937549147992513,0.4520415181506816,0.01,12.737728299819464
proxy_hardened_no_worst_hours_high_margin,proxy_hardened_no_worst_hours_high_margin-000030,2022-04-25 10:00:00,1087.3402505090405,1096.2386780793258,1096.2386780793258,0.0,0.0,0.01,8.898427570285248
proxy_hardened_no_worst_hours_high_margin,proxy_hardened_no_worst_hours_high_margin-000031,2022-04-27 10:00:00,1096.2386780793258,1091.2294098317197,1096.2386780793258,5.009268247606087,0.4569505115786115,0.01,-5.00926824760616
proxy_hardened_no_worst_hours_high_margin,proxy_hardened_no_worst_hours_high_margin-000032,2022-04-27 13:00:00,1091.2294098317197,1102.4003973408617,1102.4003973408617,0.0,0.0,0.01,11.17098750914185
proxy_hardened_no_worst_hours_high_margin,proxy_hardened_no_worst_hours_high_margin-000033,2022-05-03 10:30:00,1102.4003973408617,1098.1573497517795,1102.4003973408617,4.243047589082153,0.3848916962763217,0.01,-4.2430475890822255
proxy_hardened_no_worst_hours_high_margin,proxy_hardened_no_worst_hours_high_margin-000034,2022-05-09 13:30:00,1098.1573497517795,1109.0773747496335,1109.0773747496335,0.0,0.0,0.01,10.92002499785387
proxy_hardened_no_worst_hours_high_margin,proxy_hardened_no_worst_hours_high_margin-000035,2022-05-10 14:15:00,1109.0773747496335,1118.1331972087223,1118.1331972087223,0.0,0.0,0.01,9.055822459088786
proxy_hardened_no_worst_hours_high_margin,proxy_hardened_no_worst_hours_high_margin-000036,2022-05-12 14:45:00,1118.1331972087223,1130.673757266827,1130.673757266827,0.0,0.0,0.01,12.540560058104502
proxy_hardened_no_worst_hours_high_margin,proxy_hardened_no_worst_hours_high_margin-000037,2022-05-13 15:15:00,1130.673757266827,1143.473298362004,1143.473298362004,0.0,0.0,0.01,12.799541095177046
proxy_hardened_no_worst_hours_high_margin,proxy_hardened_no_worst_hours_high_margin-000038,2022-05-19 19:00:00,1143.473298362004,1139.3784935937992,1143.473298362004,4.094804768204767,0.35810235132472873,0.01,-4.09480476820484
proxy_hardened_no_worst_hours_high_margin,proxy_hardened_no_worst_hours_high_margin-000039,2022-05-24 10:45:00,1139.3784935937992,1136.3923920633245,1143.473298362004,7.080906298679565,0.6192454435816543,0.01,-2.986101530474871
proxy_hardened_no_worst_hours_high_margin,proxy_hardened_no_worst_hours_high_margin-000040,2022-05-24 13:30:00,1136.3923920633245,1143.7438407833677,1143.7438407833677,0.0,0.0,0.01,7.351448720043136
proxy_hardened_no_worst_hours_high_margin,proxy_hardened_no_worst_hours_high_margin-000041,2022-05-26 15:00:00,1143.7438407833677,1138.8159220624573,1143.7438407833677,4.927918720910384,0.4308586018295125,0.01,-4.927918720910457
proxy_hardened_no_worst_hours_high_margin,proxy_hardened_no_worst_hours_high_margin-000042,2022-05-27 10:45:00,1138.8159220624573,1135.9326482998713,1143.7438407833677,7.81119248349637,0.68294946866305,0.01,-2.883273762586059
proxy_hardened_no_worst_hours_high_margin,proxy_hardened_no_worst_hours_high_margin-000043,2022-05-31 14:45:00,1135.9326482998713,1145.9061561131066,1145.9061561131066,0.0,0.0,0.01,9.973507813235228
proxy_hardened_no_worst_hours_high_margin,proxy_hardened_no_worst_hours_high_margin-000044,2022-06-02 22:00:00,1145.9061561131066,1150.337205437403,1150.337205437403,0.0,0.0,0.01,4.431049324296437
proxy_hardened_no_worst_hours_high_margin,proxy_hardened_no_worst_hours_high_margin-000045,2022-06-07 14:30:00,1150.337205437403,1145.703762929441,1150.337205437403,4.633442507962172,0.4027899372515172,0.01,-4.633442507962245
proxy_hardened_no_worst_hours_high_margin,proxy_hardened_no_worst_hours_high_margin-000046,2022-06-09 15:30:00,1145.703762929441,1141.5194788941287,1150.337205437403,8.817726543274375,0.7665340651067207,0.01,-4.184284035312276
proxy_hardened_no_worst_hours_high_margin,proxy_hardened_no_worst_hours_high_margin-000047,2022-06-10 10:15:00,1141.5194788941287,1146.1485770356599,1150.337205437403,4.1886284017432445,0.36412178811086654,0.01,4.629098141531058
proxy_hardened_no_worst_hours_high_margin,proxy_hardened_no_worst_hours_high_margin-000048,2022-06-10 14:00:00,1146.1485770356599,1139.4065177631774,1150.337205437403,10.930687674225737,0.9502159560308634,0.01,-6.742059272482566
proxy_hardened_no_worst_hours_high_margin,proxy_hardened_no_worst_hours_high_margin-000049,2022-06-22 14:45:00,1139.4065177631774,1133.5717363847946,1150.337205437403,16.765469052608523,1.4574395206346158,0.01,-5.834781378382859
proxy_hardened_no_worst_hours_high_margin,proxy_hardened_no_worst_hours_high_margin-000050,2022-06-27 10:00:00,1133.5717363847946,1130.23650119524,1150.337205437403,20.100704242163147,1.7473749564172425,0.01,-3.3352351895546963
proxy_hardened_no_worst_hours_high_margin,proxy_hardened_no_worst_hours_high_margin-000051,2022-06-28 13:00:00,1130.23650119524,1136.9492518542709,1150.337205437403,13.38795358313223,1.163828616500464,0.01,6.712750659030844
proxy_hardened_no_worst_hours_high_margin,proxy_hardened_no_worst_hours_high_margin-000052,2022-06-29 10:00:00,1136.9492518542709,1133.974735563278,1150.337205437403,16.362469874125054,1.422406386299868,0.01,-2.974516290992897
proxy_hardened_no_worst_hours_high_margin,proxy_hardened_no_worst_hours_high_margin-000053,2022-06-29 14:00:00,1133.974735563278,1144.4379191919058,1150.337205437403,5.899286245497251,0.512831039247671,0.01,10.46318362862773
proxy_hardened_no_worst_hours_high_margin,proxy_hardened_no_worst_hours_high_margin-000054,2022-06-30 14:30:00,1144.4379191919058,1157.0782351480536,1157.0782351480536,0.0,0.0,0.01,12.640315956147715
proxy_hardened_no_worst_hours_high_margin,proxy_hardened_no_worst_hours_high_margin-000055,2022-07-06 13:45:00,1157.0782351480536,1167.92943112941,1167.92943112941,0.0,0.0,0.01,10.851195981356268
proxy_hardened_no_worst_hours_high_margin,proxy_hardened_no_worst_hours_high_margin-000056,2022-07-11 10:30:00,1167.92943112941,1165.247450504802,1167.92943112941,2.681980624608059,0.22963550306413055,0.01,-2.6819806246081317
proxy_hardened_no_worst_hours_high_margin,proxy_hardened_no_worst_hours_high_margin-000057,2022-07-12 14:00:00,1165.247450504802,1173.8906224342802,1173.8906224342802,0.0,0.0,0.01,8.643171929478212
proxy_hardened_no_worst_hours_high_margin,proxy_hardened_no_worst_hours_high_margin-000058,2022-07-13 13:00:00,1173.8906224342802,1167.2842334104369,1173.8906224342802,6.606389023843349,0.562777221113137,0.01,-6.6063890238434215
proxy_hardened_no_worst_hours_high_margin,proxy_hardened_no_worst_hours_high_margin-000059,2022-07-13 14:00:00,1167.2842334104369,1159.654332837499,1173.8906224342802,14.236289596781262,1.2127441283464444,0.01,-7.629900572937986
proxy_hardened_no_worst_hours_high_margin,proxy_hardened_no_worst_hours_high_margin-000060,2022-07-14 14:30:00,1159.654332837499,1152.668714356864,1173.8906224342802,21.221908077416174,1.8078266979770743,0.01,-6.985618480634985
proxy_hardened_no_worst_hours_high_margin,proxy_hardened_no_worst_hours_high_margin-000061,2022-07-15 10:30:00,1152.668714356864,1149.5665565948693,1173.8906224342802,24.324065839410878,2.072089628671742,0.01,-3.1021577619947767
proxy_hardened_no_worst_hours_high_margin,proxy_hardened_no_worst_hours_high_margin-000062,2022-07-22 13:30:00,1149.5665565948693,1158.2523080493634,1173.8906224342802,15.63831438491684,1.3321781506770956,0.01,8.685751454493966
proxy_hardened_no_worst_hours_high_margin,proxy_hardened_no_worst_hours_high_margin-000063,2022-07-25 10:15:00,1158.2523080493634,1154.677023829135,1173.8906224342802,19.213598605145307,1.636745216117524,0.01,-3.575284220228541
proxy_hardened_no_worst_hours_high_margin,proxy_hardened_no_worst_hours_high_margin-000064,2022-07-27 18:30:00,1154.677023829135,1164.6602864495883,1173.8906224342802,9.23033598469192,0.7863028980971927,0.01,9.983262620453315
proxy_hardened_no_worst_hours_high_margin,proxy_hardened_no_worst_hours_high_margin-000065,2022-07-28 13:00:00,1164.6602864495883,1174.828139753673,1174.828139753673,0.0,0.0,0.01,10.167853304084629
proxy_hardened_no_worst_hours_high_margin,proxy_hardened_no_worst_hours_high_margin-000066,2022-07-28 18:15:00,1174.828139753673,1183.1644083204524,1183.1644083204524,0.0,0.0,0.01,8.336268566779308
proxy_hardened_no_worst_hours_high_margin,proxy_hardened_no_worst_hours_high_margin-000067,2022-07-29 18:45:00,1183.1644083204524,1179.5552172176465,1183.1644083204524,3.6091911028058803,0.3050456113642961,0.01,-3.609191102805953
proxy_hardened_no_worst_hours_high_margin,proxy_hardened_no_worst_hours_high_margin-000068,2022-08-01 13:00:00,1179.5552172176465,1175.2376740468212,1183.1644083204524,7.926734273631155,0.6699605074229253,0.01,-4.317543170825347
proxy_hardened_no_worst_hours_high_margin,proxy_hardened_no_worst_hours_high_margin-000069,2022-08-04 13:45:00,1175.2376740468212,1184.1776457661472,1184.1776457661472,0.0,0.0,0.01,8.939971719325895
proxy_hardened_no_worst_hours_high_margin,proxy_hardened_no_worst_hours_high_margin-000070,2022-08-08 18:00:00,1184.1776457661472,1181.3079843877615,1184.1776457661472,2.869661378385672,0.24233368942959901,0.01,-2.8696613783857448
proxy_hardened_no_worst_hours_high_margin,proxy_hardened_no_worst_hours_high_margin-000071,2022-08-09 10:45:00,1181.3079843877615,1187.9414394813473,1187.9414394813473,0.0,0.0,0.01,6.633455093585708
proxy_hardened_no_worst_hours_high_margin,proxy_hardened_no_worst_hours_high_margin-000072,2022-08-09 14:30:00,1187.9414394813473,1183.783809029817,1187.9414394813473,4.157630451530395,0.34998614522156973,0.01,-4.157630451530467
proxy_hardened_no_worst_hours_high_margin,proxy_hardened_no_worst_hours_high_margin-000073,2022-08-10 13:00:00,1183.783809029817,1178.282355769271,1187.9414394813473,9.65908371207638,0.8130942646712885,0.01,-5.501453260546059
proxy_hardened_no_worst_hours_high_margin,proxy_hardened_no_worst_hours_high_margin-000074,2022-08-11 13:30:00,1178.282355769271,1174.3205151827935,1187.9414394813473,13.620924298553746,1.1465989690957,0.01,-3.9618405864774378
proxy_hardened_no_worst_hours_high_margin,proxy_hardened_no_worst_hours_high_margin-000075,2022-08-12 14:15:00,1174.3205151827935,1182.9385115355262,1187.9414394813473,5.002927945821057,0.4211426404996297,0.01,8.617996352732616
proxy_hardened_no_worst_hours_high_margin,proxy_hardened_no_worst_hours_high_margin-000076,2022-08-15 13:30:00,1182.9385115355262,1177.4187536202926,1187.9414394813473,10.522685861054697,0.8857916317532352,0.01,-5.519757915233713
proxy_hardened_no_worst_hours_high_margin,proxy_hardened_no_worst_hours_high_margin-000077,2022-08-16 13:00:00,1177.4187536202926,1173.5389593779455,1187.9414394813473,14.402480103401786,1.2123897378047421,0.01,-3.8797942423471614
proxy_hardened_no_worst_hours_high_margin,proxy_hardened_no_worst_hours_high_margin-000078,2022-08-17 13:00:00,1173.5389593779455,1181.1376879228992,1187.9414394813473,6.803751558448084,0.5727345921545247,0.01,7.598728544953628
proxy_hardened_no_worst_hours_high_margin,proxy_hardened_no_worst_hours_high_margin-000079,2022-08-19 15:30:00,1181.1376879228992,1188.5551513299047,1188.5551513299047,0.0,0.0,0.01,7.417463407005398
proxy_hardened_no_worst_hours_high_margin,proxy_hardened_no_worst_hours_high_margin-000080,2022-08-22 13:45:00,1188.5551513299047,1184.2353447988964,1188.5551513299047,4.319806531008226,0.3634502383986712,0.01,-4.3198065310082985
proxy_hardened_no_worst_hours_high_margin,proxy_hardened_no_worst_hours_high_margin-000081,2022-08-26 14:15:00,1184.2353447988964,1195.7350716653618,1195.7350716653618,0.0,0.0,0.01,11.499726866465307
proxy_hardened_no_worst_hours_high_margin,proxy_hardened_no_worst_hours_high_margin-000082,2022-08-30 13:45:00,1195.7350716653618,1202.7311363436736,1202.7311363436736,0.0,0.0,0.01,6.996064678311695
proxy_hardened_no_worst_hours_high_margin,proxy_hardened_no_worst_hours_high_margin-000083,2022-09-01 13:45:00,1202.7311363436736,1212.1600948379235,1212.1600948379235,0.0,0.0,0.01,9.428958494249782
proxy_hardened_no_worst_hours_high_margin,proxy_hardened_no_worst_hours_high_margin-000084,2022-09-01 15:00:00,1212.1600948379235,1206.2265317780698,1212.1600948379235,5.933563059853668,0.4895032500345623,0.01,-5.933563059853741
proxy_hardened_no_worst_hours_high_margin,proxy_hardened_no_worst_hours_high_margin-000085,2022-09-06 13:45:00,1206.2265317780698,1213.5405956359923,1213.5405956359923,0.0,0.0,0.01,7.314063857922447
proxy_hardened_no_worst_hours_high_margin,proxy_hardened_no_worst_hours_high_margin-000086,2022-09-12 14:30:00,1213.5405956359923,1208.9762444446574,1213.5405956359923,4.564351191334936,0.3761185417075274,0.01,-4.5643511913350086
proxy_hardened_no_worst_hours_high_margin,proxy_hardened_no_worst_hours_high_margin-000087,2022-09-13 10:15:00,1208.9762444446574,1214.134919693173,1214.134919693173,0.0,0.0,0.01,5.158675248515619
proxy_hardened_no_worst_hours_high_margin,proxy_hardened_no_worst_hours_high_margin-000088,2022-09-14 14:15:00,1214.134919693173,1210.4135068412525,1214.134919693173,3.7214128519206042,0.30650735693040204,0.01,-3.721412851920677
proxy_hardened_no_worst_hours_high_margin,proxy_hardened_no_worst_hours_high_margin-000089,2022-09-15 10:30:00,1210.4135068412525,1207.4073212532908,1214.134919693173,6.727598439882286,0.5541063295982323,0.01,-3.0061855879617543
proxy_hardened_no_worst_hours_high_margin,proxy_hardened_no_worst_hours_high_margin-000090,2022-09-15 13:00:00,1207.4073212532908,1203.3146469590406,1214.134919693173,10.820272734132459,0.891191955574993,0.01,-4.092674294250246
proxy_hardened_no_worst_hours_high_margin,proxy_hardened_no_worst_hours_high_margin-000091,2022-09-16 13:15:00,1203.3146469590406,1198.98551484757,1214.134919693173,15.149404845603158,1.247752996794755,0.01,-4.329132111470772
proxy_hardened_no_worst_hours_high_margin,proxy_hardened_no_worst_hours_high_margin-000092,2022-09-19 10:15:00,1198.98551484757,1195.571860787299,1214.134919693173,18.56305890587396,1.5289123642506777,0.01,-3.413654060270874
proxy_hardened_no_worst_hours_high_margin,proxy_hardened_no_worst_hours_high_margin-000093,2022-09-20 10:15:00,1195.571860787299,1201.4769520193613,1214.134919693173,12.657967673811754,1.0425503350987202,0.01,5.905091232062132
proxy_hardened_no_worst_hours_high_margin,proxy_hardened_no_worst_hours_high_margin-000094,2022-09-20 13:45:00,1201.4769520193613,1197.6011385186462,1214.134919693173,16.533781174526894,1.3617746188129722,0.01,-3.8758135007152124
proxy_hardened_no_worst_hours_high_margin,proxy_hardened_no_worst_hours_high_margin-000095,2022-09-23 13:15:00,1197.6011385186462,1210.3432746707922,1214.134919693173,3.7916450223808624,0.31229190107958166,0.01,12.742136152145958
proxy_hardened_no_worst_hours_high_margin,proxy_hardened_no_worst_hours_high_margin-000096,2022-09-26 10:00:00,1210.3432746707922,1205.0911955268707,1214.134919693173,9.043724166302354,0.744869785030795,0.01,-5.252079143921565
proxy_hardened_no_worst_hours_high_margin,proxy_hardened_no_worst_hours_high_margin-000097,2022-09-30 13:30:00,1205.0911955268707,1199.924913300446,1214.134919693173,14.21000639272711,1.1703811629368304,0.01,-5.166282226424828
proxy_hardened_no_worst_hours_high_margin,proxy_hardened_no_worst_hours_high_margin-000098,2022-10-04 13:15:00,1199.924913300446,1209.4294536964417,1214.134919693173,4.705465996731391,0.3875570927422564,0.01,9.504540395995646
proxy_hardened_no_worst_hours_high_margin,proxy_hardened_no_worst_hours_high_margin-000099,2022-10-05 22:00:00,1209.4294536964417,1215.9654731244138,1215.9654731244138,0.0,0.0,0.01,6.536019427972105
proxy_hardened_no_worst_hours_high_margin,proxy_hardened_no_worst_hours_high_margin-000100,2022-10-11 10:15:00,1215.9654731244138,1211.9608041998831,1215.9654731244138,4.004668924530733,0.3293406772678148,0.01,-4.004668924530806
proxy_hardened_no_worst_hours_high_margin,proxy_hardened_no_worst_hours_high_margin-000101,2022-10-18 14:30:00,1211.9608041998831,1219.4704192632107,1219.4704192632107,0.0,0.0,0.01,7.509615063327528
proxy_hardened_no_worst_hours_high_margin,proxy_hardened_no_worst_hours_high_margin-000102,2022-10-19 14:00:00,1219.4704192632107,1228.7395046554097,1228.7395046554097,0.0,0.0,0.01,9.269085392198958
proxy_hardened_no_worst_hours_high_margin,proxy_hardened_no_worst_hours_high_margin-000103,2022-10-25 18:30:00,1228.7395046554097,1225.015222386154,1228.7395046554097,3.7242822692558093,0.3030977888433932,0.01,-3.724282269255882
proxy_hardened_no_worst_hours_high_margin,proxy_hardened_no_worst_hours_high_margin-000104,2022-10-26 14:15:00,1225.015222386154,1220.2598979451802,1228.7395046554097,8.479606710229518,0.6901061354422356,0.01,-4.755324440973782
proxy_hardened_no_worst_hours_high_margin,proxy_hardened_no_worst_hours_high_margin-000105,2022-10-28 13:30:00,1220.2598979451802,1231.7061119614875,1231.7061119614875,0.0,0.0,0.01,11.446214016307222
proxy_hardened_no_worst_hours_high_margin,proxy_hardened_no_worst_hours_high_margin-000106,2022-10-31 13:45:00,1231.7061119614875,1228.0391821129376,1231.7061119614875,3.6669298485498985,0.2977114275019977,0.01,-3.6669298485499713
proxy_hardened_no_worst_hours_high_margin,proxy_hardened_no_worst_hours_high_margin-000107,2022-10-31 15:30:00,1228.0391821129376,1224.5162029793055,1231.7061119614875,7.189908982182033,0.5837357558234512,0.01,-3.522979133632207
proxy_hardened_no_worst_hours_high_margin,proxy_hardened_no_worst_hours_high_margin-000108,2022-11-01 18:15:00,1224.5162029793055,1232.1006611150037,1232.1006611150037,0.0,0.0,0.01,7.584458135698169
proxy_hardened_no_worst_hours_high_margin,proxy_hardened_no_worst_hours_high_margin-000109,2022-11-02 13:15:00,1232.1006611150037,1228.7875770058545,1232.1006611150037,3.3130841091492584,0.2688971943372747,0.01,-3.3130841091493313
proxy_hardened_no_worst_hours_high_margin,proxy_hardened_no_worst_hours_high_margin-000110,2022-11-03 13:45:00,1228.7875770058545,1223.5488472113605,1232.1006611150037,8.551813903643279,0.6940840284838591,0.01,-5.238729794494093
proxy_hardened_no_worst_hours_high_margin,proxy_hardened_no_worst_hours_high_margin-000111,2022-11-04 10:00:00,1223.5488472113605,1230.8031493248097,1232.1006611150037,1.2975117901939939,0.10530891112580003,0.01,7.254302113449212
proxy_hardened_no_worst_hours_high_margin,proxy_hardened_no_worst_hours_high_margin-000112,2022-11-07 13:00:00,1230.8031493248097,1227.4600947854397,1232.1006611150037,4.640566329564081,0.3766385715079924,0.01,-3.3430545393701596
proxy_hardened_no_worst_hours_high_margin,proxy_hardened_no_worst_hours_high_margin-000113,2022-11-09 15:15:00,1227.4600947854397,1222.0608018244116,1232.1006611150037,10.039859290592176,0.8148570654532795,0.01,-5.399292961028168
proxy_hardened_no_worst_hours_high_margin,proxy_hardened_no_worst_hours_high_margin-000114,2022-11-11 13:00:00,1222.0608018244116,1217.4625412888543,1232.1006611150037,14.638119826149477,1.1880620056564648,0.01,-4.598260535557374
proxy_hardened_no_worst_hours_high_margin,proxy_hardened_no_worst_hours_high_margin-000115,2022-11-11 14:45:00,1217.4625412888543,1227.4754119695474,1232.1006611150037,4.625249145456337,0.3753953951514533,0.01,10.012870680693068
proxy_hardened_no_worst_hours_high_margin,proxy_hardened_no_worst_hours_high_margin-000116,2022-11-14 14:00:00,1227.4754119695474,1235.3886859752106,1235.3886859752106,0.0,0.0,0.01,7.9132740056631246
proxy_hardened_no_worst_hours_high_margin,proxy_hardened_no_worst_hours_high_margin-000117,2022-11-14 21:00:00,1235.3886859752106,1232.1617118961144,1235.3886859752106,3.2269740790961805,0.26121123786630934,0.01,-3.2269740790962533
proxy_hardened_no_worst_hours_high_margin,proxy_hardened_no_worst_hours_high_margin-000118,2022-11-15 10:00:00,1232.1617118961144,1239.784705054132,1239.784705054132,0.0,0.0,0.01,7.622993158017534
proxy_hardened_no_worst_hours_high_margin,proxy_hardened_no_worst_hours_high_margin-000119,2022-11-15 19:30:00,1239.784705054132,1233.2288597139998,1239.784705054132,6.555845340132237,0.5287890158191614,0.01,-6.55584534013231
proxy_hardened_no_worst_hours_high_margin,proxy_hardened_no_worst_hours_high_margin-000120,2022-11-21 10:45:00,1233.2288597139998,1229.9884312151269,1239.784705054132,9.796273839005153,0.7901592751603936,0.01,-3.240428498872989
proxy_hardened_no_worst_hours_high_margin,proxy_hardened_no_worst_hours_high_margin-000121,2022-11-24 10:15:00,1229.9884312151269,1227.3592502328643,1239.784705054132,12.42545482126775,1.0022268197545818,0.01,-2.6291809822626693
proxy_hardened_no_worst_hours_high_margin,proxy_hardened_no_worst_hours_high_margin-000122,2022-11-30 10:45:00,1227.3592502328643,1232.610511457808,1239.784705054132,7.17419359632413,0.5786644702969527,0.01,5.251261224943546
proxy_hardened_no_worst_hours_high_margin,proxy_hardened_no_worst_hours_high_margin-000123,2022-11-30 14:30:00,1232.610511457808,1228.1892078744359,1239.784705054132,11.595497179696167,0.9352831287904847,0.01,-4.42130358337211
proxy_hardened_no_worst_hours_high_margin,proxy_hardened_no_worst_hours_high_margin-000124,2022-12-01 10:00:00,1228.1892078744359,1234.80009563953,1239.784705054132,4.984609414602119,0.40205443689390236,0.01,6.610887765093976
proxy_hardened_no_worst_hours_high_margin,proxy_hardened_no_worst_hours_high_margin-000125,2022-12-02 21:00:00,1234.80009563953,1241.1850921665596,1241.1850921665596,0.0,0.0,0.01,6.384996527029598
proxy_hardened_no_worst_hours_high_margin,proxy_hardened_no_worst_hours_high_margin-000126,2022-12-07 21:30:00,1241.1850921665596,1238.1234942080316,1241.1850921665596,3.0615979585279547,0.2466673164099772,0.01,-3.0615979585280275
proxy_hardened_no_worst_hours_high_margin,proxy_hardened_no_worst_hours_high_margin-000127,2022-12-08 13:00:00,1238.1234942080316,1243.465141222459,1243.465141222459,0.0,0.0,0.01,5.341647014427208
proxy_hardened_no_worst_hours_high_margin,proxy_hardened_no_worst_hours_high_margin-000128,2022-12-08 15:45:00,1243.465141222459,1252.1684666325568,1252.1684666325568,0.0,0.0,0.01,8.70332541009786
proxy_hardened_no_worst_hours_high_margin,proxy_hardened_no_worst_hours_high_margin-000129,2022-12-13 18:00:00,1252.1684666325568,1245.8267401118658,1252.1684666325568,6.341726520691054,0.5064595291834645,0.01,-6.341726520691127
proxy_hardened_no_worst_hours_high_margin,proxy_hardened_no_worst_hours_high_margin-000130,2022-12-15 13:45:00,1245.8267401118658,1240.7896769325516,1252.1684666325568,11.3787897000052,0.9087267411074531,0.01,-5.037063179314218
proxy_hardened_no_worst_hours_high_margin,proxy_hardened_no_worst_hours_high_margin-000131,2022-12-15 15:15:00,1240.7896769325516,1234.4824982398034,1252.1684666325568,17.685968392753466,1.4124272303643095,0.01,-6.307178692748339
proxy_hardened_no_worst_hours_high_margin,proxy_hardened_no_worst_hours_high_margin-000132,2022-12-16 18:00:00,1234.4824982398034,1242.27896657111,1252.1684666325568,9.889500061446824,0.7897898984824742,0.01,7.796468331306569
proxy_hardened_no_worst_hours_high_margin,proxy_hardened_no_worst_hours_high_margin-000133,2022-12-19 10:00:00,1242.27896657111,1239.5078978760632,1252.1684666325568,12.660568756493603,1.0110914859996063,0.01,-2.7710686950468517
proxy_hardened_no_worst_hours_high_margin,proxy_hardened_no_worst_hours_high_margin-000134,2022-12-21 14:15:00,1239.5078978760632,1244.7304625413765,1252.1684666325568,7.438004091180346,0.5940098548546978,0.01,5.222564665313184
proxy_hardened_no_worst_hours_high_margin,proxy_hardened_no_worst_hours_high_margin-000135,2022-12-21 15:45:00,1244.7304625413765,1241.0626064118212,1252.1684666325568,11.105860220735622,0.8869301948325286,0.01,-3.6678561295553482
proxy_hardened_no_worst_hours_high_margin,proxy_hardened_no_worst_hours_high_margin-000136,2022-12-23 14:45:00,1241.0626064118212,1237.5385838542206,1252.1684666325568,14.629882778336196,1.168363775976581,0.01,-3.524022557600647
proxy_hardened_no_worst_hours_high_margin,proxy_hardened_no_worst_hours_high_margin-000137,2022-12-27 13:00:00,1237.5385838542206,1235.4749774197508,1252.1684666325568,16.69348921280607,1.3331663955489705,0.01,-2.063606434469948
proxy_hardened_no_worst_hours_high_margin,proxy_hardened_no_worst_hours_high_margin-000138,2022-12-27 14:30:00,1235.4749774197508,1241.6797335369556,1252.1684666325568,10.48873309560122,0.8376455225556394,0.01,6.204756117204779
proxy_hardened_no_worst_hours_high_margin,proxy_hardened_no_worst_hours_high_margin-000139,2022-12-30 13:30:00,1241.6797335369556,1238.5756648491224,1252.1684666325568,13.592801783434425,1.0855409751684133,0.01,-3.104068687833278
proxy_hardened_no_worst_hours_high_margin,proxy_hardened_no_worst_hours_high_margin-000140,2022-12-30 18:00:00,1238.5756648491224,1234.4174177019459,1252.1684666325568,17.751048930610978,1.4176246570358606,0.01,-4.158247147176626
proxy_hardened_no_worst_hours_high_margin,proxy_hardened_no_worst_hours_high_margin-000141,2023-01-03 13:15:00,1234.4174177019459,1242.9370600576913,1252.1684666325568,9.23140657486556,0.7372335928320797,0.01,8.519642355745345
proxy_hardened_no_worst_hours_high_margin,proxy_hardened_no_worst_hours_high_margin-000142,2023-01-03 18:15:00,1242.9370600576913,1253.5462893290005,1253.5462893290005,0.0,0.0,0.01,10.60922927130916
proxy_hardened_no_worst_hours_high_margin,proxy_hardened_no_worst_hours_high_margin-000143,2023-01-04 13:15:00,1253.5462893290005,1249.314557375106,1253.5462893290005,4.231731953894496,0.33758082887865765,0.01,-4.231731953894569
proxy_hardened_no_worst_hours_high_margin,proxy_hardened_no_worst_hours_high_margin-000144,2023-01-04 21:00:00,1249.314557375106,1244.6744023893561,1253.5462893290005,8.871886939644355,0.7077430658259383,0.01,-4.640154985749932
proxy_hardened_no_worst_hours_high_margin,proxy_hardened_no_worst_hours_high_margin-000145,2023-01-06 13:30:00,1244.6744023893561,1239.9955027466765,1253.5462893290005,13.550786582324008,1.080996106619843,0.01,-4.678899642679726
proxy_hardened_no_worst_hours_high_margin,proxy_hardened_no_worst_hours_high_margin-000146,2023-01-06 14:45:00,1239.9955027466765,1251.588264501561,1253.5462893290005,1.9580248274394307,0.15619884515692867,0.01,11.592761754884505
proxy_hardened_no_worst_hours_high_margin,proxy_hardened_no_worst_hours_high_margin-000147,2023-01-09 15:00:00,1251.588264501561,1247.6517730108105,1253.5462893290005,5.894516318189972,0.470227255935255,0.01,-3.9364914907506137
proxy_hardened_no_worst_hours_high_margin,proxy_hardened_no_worst_hours_high_margin-000148,2023-01-10 10:00:00,1247.6517730108105,1244.6802570937427,1253.5462893290005,8.866032235257762,0.707276014514277,0.01,-2.9715159170678636
proxy_hardened_no_worst_hours_high_margin,proxy_hardened_no_worst_hours_high_margin-000149,2023-01-10 14:30:00,1244.6802570937427,1240.804369114959,1253.5462893290005,12.741920214041556,1.0164698601486877,0.01,-3.875887978783867
proxy_hardened_no_worst_hours_high_margin,proxy_hardened_no_worst_hours_high_margin-000150,2023-01-11 10:30:00,1240.804369114959,1237.7488396111426,1253.5462893290005,15.797449717857944,1.2602206916757752,0.01,-3.0555295038164605
proxy_hardened_no_worst_hours_high_margin,proxy_hardened_no_worst_hours_high_margin-000151,2023-01-12 10:15:00,1237.7488396111426,1242.1863374442867,1253.5462893290005,11.359951884713837,0.9062251614812408,0.01,4.437497833144034
proxy_hardened_no_worst_hours_high_margin,proxy_hardened_no_worst_hours_high_margin-000152,2023-01-13 14:00:00,1242.1863374442867,1250.4429039702047,1253.5462893290005,3.1033853587957765,0.24756846916733802,0.01,8.256566525917988
proxy_hardened_no_worst_hours_high_margin,proxy_hardened_no_worst_hours_high_margin-000153,2023-01-17 14:30:00,1250.4429039702047,1246.2448542171896,1253.5462893290005,7.301435111810861,0.5824623449461273,0.01,-4.198049753015157
proxy_hardened_no_worst_hours_high_margin,proxy_hardened_no_worst_hours_high_margin-000154,2023-01-18 15:15:00,1246.2448542171896,1241.0135149944026,1253.5462893290005,12.532774334597889,0.9997855237804137,0.01,-5.231339222787101
proxy_hardened_no_worst_hours_high_margin,proxy_hardened_no_worst_hours_high_margin-000155,2023-01-19 14:00:00,1241.0135149944026,1249.2917514363812,1253.5462893290005,4.2545378926192825,0.33940014252657996,0.01,8.278236441978533
proxy_hardened_no_worst_hours_high_margin,proxy_hardened_no_worst_hours_high_margin-000156,2023-01-23 19:45:00,1249.2917514363812,1256.9829312605175,1256.9829312605175,0.0,0.0,0.01,7.6911798241361975
proxy_hardened_no_worst_hours_high_margin,proxy_hardened_no_worst_hours_high_margin-000157,2023-01-24 10:15:00,1256.9829312605175,1253.9612232357185,1256.9829312605175,3.0217080247989543,0.24039371972766166,0.01,-3.021708024799027
proxy_hardened_no_worst_hours_high_margin,proxy_hardened_no_worst_hours_high_margin-000158,2023-02-01 14:30:00,1253.9612232357185,1250.3032110163922,1256.9829312605175,6.679720244125292,0.5314089855959133,0.01,-3.6580122193264106
proxy_hardened_no_worst_hours_high_margin,proxy_hardened_no_worst_hours_high_margin-000159,2023-02-01 19:30:00,1250.3032110163922,1262.666446176245,1262.666446176245,0.0,0.0,0.01,12.363235159852747
proxy_hardened_no_worst_hours_high_margin,proxy_hardened_no_worst_hours_high_margin-000160,2023-02-02 10:15:00,1262.666446176245,1259.154746705655,1262.666446176245,3.5116994705899742,0.2781177468700871,0.01,-3.511699470590047
proxy_hardened_no_worst_hours_high_margin,proxy_hardened_no_worst_hours_high_margin-000161,2023-02-03 13:15:00,1259.154746705655,1266.0196475023492,1266.0196475023492,0.0,0.0,0.01,6.864900796694128
proxy_hardened_no_worst_hours_high_margin,proxy_hardened_no_worst_hours_high_margin-000162,2023-02-06 10:00:00,1266.0196475023492,1274.1671730660917,1274.1671730660917,0.0,0.0,0.01,8.147525563742347
proxy_hardened_no_worst_hours_high_margin,proxy_hardened_no_worst_hours_high_margin-000163,2023-02-07 13:00:00,1274.1671730660917,1270.123947902632,1274.1671730660917,4.043225163459738,0.31732297369820983,0.01,-4.043225163459811
proxy_hardened_no_worst_hours_high_margin,proxy_hardened_no_worst_hours_high_margin-000164,2023-02-14 14:45:00,1270.123947902632,1261.7485039276746,1274.1671730660917,12.418669138417044,0.9746499047321542,0.01,-8.37544397495738
proxy_hardened_no_worst_hours_high_margin,proxy_hardened_no_worst_hours_high_margin-000165,2023-02-15 14:45:00,1261.7485039276746,1256.8956381297269,1274.1671730660917,17.271534936364787,1.3555156106245805,0.01,-4.852865797947816
proxy_hardened_no_worst_hours_high_margin,proxy_hardened_no_worst_hours_high_margin-000166,2023-02-16 15:00:00,1256.8956381297269,1251.7195152088507,1274.1671730660917,22.447657857240984,1.7617513880242317,0.01,-5.176122920876269
proxy_hardened_no_worst_hours_high_margin,proxy_hardened_no_worst_hours_high_margin-000167,2023-02-17 14:30:00,1251.7195152088507,1247.7109128804157,1274.1671730660917,26.456260185676,2.076357070321706,0.01,-4.0086023284350905
proxy_hardened_no_worst_hours_high_margin,proxy_hardened_no_worst_hours_high_margin-000168,2023-02-21 10:00:00,1247.7109128804157,1244.5201107992448,1274.1671730660917,29.647062266846888,2.3267796324956085,0.01,-3.1908020811709594
proxy_hardened_no_worst_hours_high_margin,proxy_hardened_no_worst_hours_high_margin-000169,2023-02-27 10:00:00,1244.5201107992448,1241.8369729749888,1274.1671730660917,32.330200091102824,2.537359364965043,0.01,-2.6831378242560096
proxy_hardened_no_worst_hours_high_margin,proxy_hardened_no_worst_hours_high_margin-000170,2023-02-28 10:00:00,1241.8369729749888,1238.556143906615,1274.1671730660917,35.61102915947663,2.7948474825155043,0.01,-3.280829068373878
proxy_hardened_no_worst_hours_high_margin,proxy_hardened_no_worst_hours_high_margin-000171,2023-02-28 21:00:00,1238.556143906615,1235.5952016651427,1274.1671730660917,38.571971400948996,3.0272300382791486,0.01,-2.9609422414724396
proxy_hardened_no_worst_hours_high_margin,proxy_hardened_no_worst_hours_high_margin-000172,2023-03-01 13:15:00,1235.5952016651427,1242.8673225328062,1274.1671730660917,31.299850533285507,2.456494814410194,0.01,7.272120867663416
proxy_hardened_no_worst_hours_high_margin,proxy_hardened_no_worst_hours_high_margin-000173,2023-03-01 15:15:00,1242.8673225328062,1237.5161618979932,1274.1671730660917,36.65101116809842,2.8764680132123694,0.01,-5.351160634812986
proxy_hardened_no_worst_hours_high_margin,proxy_hardened_no_worst_hours_high_margin-000174,2023-03-02 15:00:00,1237.5161618979932,1233.4614339146135,1274.1671730660917,40.705739151478156,3.194693758553355,0.01,-4.0547279833798076
proxy_hardened_no_worst_hours_high_margin,proxy_hardened_no_worst_hours_high_margin-000175,2023-03-02 19:00:00,1233.4614339146135,1240.1838110736637,1274.1671730660917,33.983361992427945,2.6671038707308785,0.01,6.722377159050138
proxy_hardened_no_worst_hours_high_margin,proxy_hardened_no_worst_hours_high_margin-000176,2023-03-03 13:00:00,1240.1838110736637,1237.5131030077494,1274.1671730660917,36.65407005834231,2.8767080829856737,0.01,-2.6707080659144413
proxy_hardened_no_worst_hours_high_margin,proxy_hardened_no_worst_hours_high_margin-000177,2023-03-10 10:00:00,1237.5131030077494,1243.9742497743227,1274.1671730660917,30.19292329176892,2.3696202452865105,0.01,6.46114676657332
proxy_hardened_no_worst_hours_high_margin,proxy_hardened_no_worst_hours_high_margin-000178,2023-03-13 10:15:00,1243.9742497743227,1255.5935894269505,1274.1671730660917,18.573583639141134,1.4577038266059388,0.01,11.619339652627714
proxy_hardened_no_worst_hours_high_margin,proxy_hardened_no_worst_hours_high_margin-000179,2023-03-15 10:00:00,1255.5935894269505,1266.390184322738,1274.1671730660917,7.776988743353741,0.6103585862002383,0.01,10.79659489578732
proxy_hardened_no_worst_hours_high_margin,proxy_hardened_no_worst_hours_high_margin-000180,2023-03-15 14:15:00,1266.390184322738,1257.3411086118847,1274.1671730660917,16.82606445420697,1.320553912381652,0.01,-9.049075710853304
proxy_hardened_no_worst_hours_high_margin,proxy_hardened_no_worst_hours_high_margin-000181,2023-03-16 14:00:00,1257.3411086118847,1251.2345347265632,1274.1671730660917,22.932638339528467,1.799813935273856,0.01,-6.106573885321568
proxy_hardened_no_worst_hours_high_margin,proxy_hardened_no_worst_hours_high_margin-000182,2023-03-17 10:15:00,1251.2345347265632,1258.019020405392,1274.1671730660917,16.14815266069968,1.2673496070253936,0.01,6.784485678828714
proxy_hardened_no_worst_hours_high_margin,proxy_hardened_no_worst_hours_high_margin-000183,2023-03-20 18:15:00,1258.019020405392,1251.4318200816065,1274.1671730660917,22.73535298448519,1.784330460325389,0.01,-6.5872003237855825
proxy_hardened_no_worst_hours_high_margin,proxy_hardened_no_worst_hours_high_margin-000184,2023-03-22 18:00:00,1251.4318200816065,1264.135452174635,1274.1671730660917,10.031720891456644,0.7873159114056295,0.01,12.703632093028473
proxy_hardened_no_worst_hours_high_margin,proxy_hardened_no_worst_hours_high_margin-000185,2023-03-23 10:15:00,1264.135452174635,1259.28334517632,1274.1671730660917,14.883827889771737,1.1681220647017647,0.01,-4.852106998315167
proxy_hardened_no_worst_hours_high_margin,proxy_hardened_no_worst_hours_high_margin-000186,2023-03-23 19:00:00,1259.28334517632,1251.7450805180247,1274.1671730660917,22.422092548066985,1.7597449551389395,0.01,-7.53826465829532
proxy_hardened_no_worst_hours_high_margin,proxy_hardened_no_worst_hours_high_margin-000187,2023-03-24 14:30:00,1251.7450805180247,1244.4420096433516,1274.1671730660917,29.725163422740025,2.3329092171799473,0.01,-7.3030708746731126
proxy_hardened_no_worst_hours_high_margin,proxy_hardened_no_worst_hours_high_margin-000188,2023-03-27 14:45:00,1244.4420096433516,1238.0828433486145,1274.1671730660917,36.0843297174772,2.8319933585045747,0.01,-6.359166294737252
proxy_hardened_no_worst_hours_high_margin,proxy_hardened_no_worst_hours_high_margin-000189,2023-03-30 13:00:00,1238.0828433486145,1234.019565696137,1274.1671730660917,40.147607369954585,3.1508901044236923,0.01,-4.0632776524774545
proxy_hardened_no_worst_hours_high_margin,proxy_hardened_no_worst_hours_high_margin-000190,2023-03-30 14:15:00,1234.019565696137,1243.1747190564236,1274.1671730660917,30.99245400966811,2.4323695245647734,0.01,9.155153360286404
proxy_hardened_no_worst_hours_high_margin,proxy_hardened_no_worst_hours_high_margin-000191,2023-04-03 13:30:00,1243.1747190564236,1252.2435248181891,1274.1671730660917,21.92364824790252,1.7206257319552942,0.01,9.068805761765516
proxy_hardened_no_worst_hours_high_margin,proxy_hardened_no_worst_hours_high_margin-000192,2023-04-03 19:00:00,1252.2435248181891,1247.9853213532222,1274.1671730660917,26.181851712869502,2.054820769700636,0.01,-4.258203464967055
proxy_hardened_no_worst_hours_high_margin,proxy_hardened_no_worst_hours_high_margin-000193,2023-04-04 10:00:00,1247.9853213532222,1245.021889326729,1274.1671730660917,29.14528373936264,2.2873987303588192,0.01,-2.9634320264932104
proxy_hardened_no_worst_hours_high_margin,proxy_hardened_no_worst_hours_high_margin-000194,2023-04-05 10:00:00,1245.021889326729,1250.9789161935767,1274.1671730660917,23.188256872515012,1.819875551864671,0.01,5.957026866847555
proxy_hardened_no_worst_hours_high_margin,proxy_hardened_no_worst_hours_high_margin-000195,2023-04-06 10:00:00,1250.9789161935767,1247.8520480780583,1274.1671730660917,26.315124988033403,2.0652804078063016,0.01,-3.126868115518464
proxy_hardened_no_worst_hours_high_margin,proxy_hardened_no_worst_hours_high_margin-000196,2023-04-11 10:00:00,1247.8520480780583,1244.6718157853213,1274.1671730660917,29.49535728077035,2.314873425109062,0.01,-3.180232292737019
proxy_hardened_no_worst_hours_high_margin,proxy_hardened_no_worst_hours_high_margin-000197,2023-04-11 14:15:00,1244.6718157853213,1252.3179257528034,1274.1671730660917,21.849247313288288,1.714786550395217,0.01,7.646109967481989
proxy_hardened_no_worst_hours_high_margin,proxy_hardened_no_worst_hours_high_margin-000198,2023-04-12 19:30:00,1252.3179257528034,1261.4092442703875,1274.1671730660917,12.757928795704174,1.0012758973380342,0.01,9.09131851758404
proxy_hardened_no_worst_hours_high_margin,proxy_hardened_no_worst_hours_high_margin-000199,2023-04-13 15:00:00,1261.4092442703875,1255.3750412861996,1274.1671730660917,18.792131779892088,1.474856061051365,0.01,-6.034202984187987
proxy_hardened_no_worst_hours_high_margin,proxy_hardened_no_worst_hours_high_margin-000200,2023-04-20 14:15:00,1255.3750412861996,1249.550962437712,1274.1671730660917,24.616210628379577,1.9319451284515805,0.01,-5.824078848487561
proxy_hardened_no_worst_hours_high_margin,proxy_hardened_no_worst_hours_high_margin-000201,2023-04-20 18:30:00,1249.550962437712,1245.3508803605641,1274.1671730660917,28.81629270552753,2.2615786464020617,0.01,-4.200082077148027
proxy_hardened_no_worst_hours_high_margin,proxy_hardened_no_worst_hours_high_margin-000202,2023-04-21 10:45:00,1245.3508803605641,1240.9029667665106,1274.1671730660917,33.26420629958102,2.6106626353852542,0.01,-4.447913594053562
proxy_hardened_no_worst_hours_high_margin,proxy_hardened_no_worst_hours_high_margin-000203,2023-04-21 14:15:00,1240.9029667665106,1232.5602588519876,1274.1671730660917,41.60691421410411,3.2654203540641626,0.01,-8.342707914523162
proxy_hardened_no_worst_hours_high_margin,proxy_hardened_no_worst_hours_high_margin-000204,2023-04-28 10:15:00,1232.5602588519876,1229.514987516195,1274.1671730660917,44.65218554989656,3.5044212795443306,0.01,-3.0452713357925223
proxy_hardened_no_worst_hours_high_margin,proxy_hardened_no_worst_hours_high_margin-000205,2023-04-28 14:00:00,1229.514987516195,1224.3318354656676,1274.1671730660917,49.835337600424054,3.9112087215763696,0.01,-5.183152050527569
proxy_hardened_no_worst_hours_high_margin,proxy_hardened_no_worst_hours_high_margin-000206,2023-05-02 14:00:00,1224.3318354656676,1233.2709104887224,1274.1671730660917,40.89626257736927,3.2096465394692726,0.01,8.939075023054711
proxy_hardened_no_worst_hours_high_margin,proxy_hardened_no_worst_hours_high_margin-000207,2023-05-03 14:30:00,1233.2709104887224,1242.4903292813071,1274.1671730660917,31.676843784784523,2.486082239001572,0.01,9.219418792584674
proxy_hardened_no_worst_hours_high_margin,proxy_hardened_no_worst_hours_high_margin-000208,2023-05-03 18:00:00,1242.4903292813071,1236.4796573224583,1274.1671730660917,37.68751574363341,2.9578156257898303,0.01,-6.010671958848961
proxy_hardened_no_worst_hours_high_margin,proxy_hardened_no_worst_hours_high_margin-000209,2023-05-04 15:00:00,1236.4796573224583,1228.6739963301159,1274.1671730660917,45.493176735975794,3.570424485705695,0.01,-7.805660992342455
proxy_hardened_no_worst_hours_high_margin,proxy_hardened_no_worst_hours_high_margin-000210,2023-05-11 13:00:00,1228.6739963301159,1223.2899754431041,1274.1671730660917,50.877197622987524,3.992976643760112,0.01,-5.384020887011802
proxy_hardened_no_worst_hours_high_margin,proxy_hardened_no_worst_hours_high_margin-000211,2023-05-12 10:30:00,1223.2899754431041,1219.6707274155226,1274.1671730660917,54.49644565056906,4.277024773714077,0.01,-3.619248027581607
proxy_hardened_no_worst_hours_high_margin,proxy_hardened_no_worst_hours_high_margin-000212,2023-05-16 10:00:00,1219.6707274155226,1224.2582337189351,1274.1671730660917,49.90893934715655,3.9169851807638545,0.01,4.587506303412438
proxy_hardened_no_worst_hours_high_margin,proxy_hardened_no_worst_hours_high_margin-000213,2023-05-16 14:00:00,1224.2582337189351,1233.4248361912296,1274.1671730660917,40.742336874862076,3.1975660444007334,0.01,9.166602472294398
proxy_hardened_no_worst_hours_high_margin,proxy_hardened_no_worst_hours_high_margin-000214,2023-05-17 13:00:00,1233.4248361912296,1239.800642361915,1274.1671730660917,34.36653070417674,2.6971759617286994,0.01,6.375806170685264
proxy_hardened_no_worst_hours_high_margin,proxy_hardened_no_worst_hours_high_margin-000215,2023-05-17 14:45:00,1239.800642361915,1248.6585526828826,1274.1671730660917,25.508620383209063,2.0019837994904863,0.01,8.857910320967603
proxy_hardened_no_worst_hours_high_margin,proxy_hardened_no_worst_hours_high_margin-000216,2023-05-18 10:30:00,1248.6585526828826,1254.062778646491,1274.1671730660917,20.104394419600567,1.5778458937395448,0.01,5.4042259636084236
proxy_hardened_no_worst_hours_high_margin,proxy_hardened_no_worst_hours_high_margin-000217,2023-05-19 13:45:00,1254.062778646491,1250.460514648475,1274.1671730660917,23.70665841761661,1.8605610722626058,0.01,-3.602263998016115
proxy_hardened_no_worst_hours_high_margin,proxy_hardened_no_worst_hours_high_margin-000218,2023-05-26 15:45:00,1250.460514648475,1245.657561601505,1274.1671730660917,28.50961146458667,2.2375094938274525,0.01,-4.802953046970133
proxy_hardened_no_worst_hours_high_margin,proxy_hardened_no_worst_hours_high_margin-000219,2023-05-31 15:45:00,1245.657561601505,1240.1328917122548,1274.1671730660917,34.03428135383683,2.6711001564997514,0.01,-5.5246698892502355
proxy_hardened_no_worst_hours_high_margin,proxy_hardened_no_worst_hours_high_margin-000220,2023-05-31 18:00:00,1240.1328917122548,1235.5347162142793,1274.1671730660917,38.63245685181232,3.031977095976278,0.01,-4.5981754979755625
proxy_hardened_no_worst_hours_high_margin,proxy_hardened_no_worst_hours_high_margin-000221,2023-06-01 19:00:00,1235.5347162142793,1241.8294322273046,1274.1671730660917,32.33774083878711,2.537951182729908,0.01,6.294716013025136
proxy_hardened_no_worst_hours_high_margin,proxy_hardened_no_worst_hours_high_margin-000222,2023-06-02 10:15:00,1241.8294322273046,1239.3902019382465,1274.1671730660917,34.77697112784517,2.7293884085994478,0.01,-2.4392302890581323
proxy_hardened_no_worst_hours_high_margin,proxy_hardened_no_worst_hours_high_margin-000223,2023-06-05 10:00:00,1239.3902019382465,1236.0619321567478,1274.1671730660917,38.10524090934382,2.990599798427493,0.01,-3.3282697814987205
proxy_hardened_no_worst_hours_high_margin,proxy_hardened_no_worst_hours_high_margin-000224,2023-06-06 13:00:00,1236.0619321567478,1232.7033485877416,1274.1671730660917,41.463824478350034,3.2541902942432257,0.01,-3.358583569006287
proxy_hardened_no_worst_hours_high_margin,proxy_hardened_no_worst_hours_high_margin-000225,2023-06-06 18:15:00,1232.7033485877416,1229.4767341857646,1274.1671730660917,44.690438880327065,3.507423501798924,0.01,-3.2266144019771037
proxy_hardened_no_worst_hours_high_margin,proxy_hardened_no_worst_hours_high_margin-000226,2023-06-08 18:30:00,1229.4767341857646,1226.0117752545882,1274.1671730660917,48.15539781150346,3.77936261657289,0.01,-3.4649589311764704
proxy_hardened_no_worst_hours_high_margin,proxy_hardened_no_worst_hours_high_margin-000227,2023-06-15 10:15:00,1226.0117752545882,1233.089941403247,1274.1671730660917,41.077231662844724,3.223849470552482,0.01,7.078166148658665
proxy_hardened_no_worst_hours_high_margin,proxy_hardened_no_worst_hours_high_margin-000228,2023-06-19 14:00:00,1233.089941403247,1230.7707466942968,1274.1671730660917,43.39642637179486,3.405865987535049,0.01,-2.3191947089502083
proxy_hardened_no_worst_hours_high_margin,proxy_hardened_no_worst_hours_high_margin-000229,2023-06-21 10:00:00,1230.7707466942968,1236.121891397858,1274.1671730660917,38.045281668233656,2.985894039059522,0.01,5.351144703561131
proxy_hardened_no_worst_hours_high_margin,proxy_hardened_no_worst_hours_high_margin-000230,2023-06-21 13:45:00,1236.121891397858,1230.60026288771,1274.1671730660917,43.566910178381704,3.4192460062791046,0.01,-5.521628510148121
proxy_hardened_no_worst_hours_high_margin,proxy_hardened_no_worst_hours_high_margin-000231,2023-06-22 10:15:00,1230.60026288771,1227.7513654918052,1274.1671730660917,46.41580757428642,3.6428349870758137,0.01,-2.848897395904787
proxy_hardened_no_worst_hours_high_margin,proxy_hardened_no_worst_hours_high_margin-000232,2023-06-22 13:30:00,1227.7513654918052,1236.03772526386,1274.1671730660917,38.12944780223165,2.992499619220206,0.01,8.286359772054693
proxy_hardened_no_worst_hours_high_margin,proxy_hardened_no_worst_hours_high_margin-000233,2023-06-28 14:45:00,1236.03772526386,1231.7514076893262,1274.1671730660917,42.41576537676542,3.328901126427411,0.01,-4.286317574533841
proxy_hardened_no_worst_hours_high_margin,proxy_hardened_no_worst_hours_high_margin-000234,2023-07-03 10:00:00,1231.7514076893262,1229.3964582408787,1274.1671730660917,44.77071482521296,3.5137237696588093,0.01,-2.3549494484476146
proxy_hardened_no_worst_hours_high_margin,proxy_hardened_no_worst_hours_high_margin-000235,2023-07-04 13:15:00,1229.3964582408787,1227.3226991319402,1274.1671730660917,46.84447393415144,3.6764778534850535,0.01,-2.073759108938548
proxy_hardened_no_worst_hours_high_margin,proxy_hardened_no_worst_hours_high_margin-000236,2023-07-07 18:30:00,1227.3226991319402,1223.727870118279,1274.1671730660917,50.43930294781262,3.9586095148282645,0.01,-3.594829013661256
proxy_hardened_no_worst_hours_high_margin,proxy_hardened_no_worst_hours_high_margin-000237,2023-07-11 22:15:00,1223.727870118279,1227.0809423653766,1274.1671730660917,47.08623070071508,3.6954515620904864,0.01,3.3530722470974705
proxy_hardened_no_worst_hours_high_margin,proxy_hardened_no_worst_hours_high_margin-000238,2023-07-12 22:00:00,1227.0809423653766,1231.7804704339019,1274.1671730660917,42.38670263218978,3.3266202055882945,0.01,4.699528068525224
proxy_hardened_no_worst_hours_high_margin,proxy_hardened_no_worst_hours_high_margin-000239,2023-07-18 18:15:00,1231.7804704339019,1227.573547433948,1274.1671730660917,46.593625632143585,3.65679061720159,0.01,-4.206922999953877
proxy_hardened_no_worst_hours_high_margin,proxy_hardened_no_worst_hours_high_margin-000240,2023-07-19 13:00:00,1227.573547433948,1224.4526153643908,1274.1671730660917,49.71455770170087,3.9017295966015406,0.01,-3.120932069557357
proxy_hardened_no_worst_hours_high_margin,proxy_hardened_no_worst_hours_high_margin-000241,2023-07-21 14:45:00,1224.4526153643908,1220.080347759064,1274.1671730660917,54.086825307027766,4.244876688894437,0.01,-4.37226760532697
proxy_hardened_no_worst_hours_high_margin,proxy_hardened_no_worst_hours_high_margin-000242,2023-07-25 22:30:00,1220.080347759064,1217.87671927826,1274.1671730660917,56.290453787831666,4.4178232635186445,0.01,-2.2036284808039728
proxy_hardened_no_worst_hours_high_margin,proxy_hardened_no_worst_hours_high_margin-000243,2023-07-26 10:30:00,1217.87671927826,1215.8730658360141,1274.1671730660917,58.29410723007754,4.575075269738863,0.01,-2.00365344224595
proxy_hardened_no_worst_hours_high_margin,proxy_hardened_no_worst_hours_high_margin-000244,2023-07-26 19:15:00,1215.8730658360141,1210.8035789458413,1274.1671730660917,63.363594120250355,4.972941970226356,0.01,-5.069486890172884
proxy_hardened_no_worst_hours_high_margin,proxy_hardened_no_worst_hours_high_margin-000245,2023-07-28 18:00:00,1210.8035789458413,1207.5567908791973,1274.1671730660917,66.61038218689441,5.227758460187492,0.01,-3.2467880666441307
proxy_hardened_no_worst_hours_high_margin,proxy_hardened_no_worst_hours_high_margin-000246,2023-08-02 13:30:00,1207.5567908791973,1214.640453683135,1274.1671730660917,59.52671938295657,4.6718139221648975,0.01,7.083662803937768
proxy_hardened_no_worst_hours_high_margin,proxy_hardened_no_worst_hours_high_margin-000247,2023-08-04 10:00:00,1214.640453683135,1212.526848964987,1274.1671730660917,61.640324101104625,4.837695194483504,0.01,-2.1136047181481263
proxy_hardened_no_worst_hours_high_margin,proxy_hardened_no_worst_hours_high_margin-000248,2023-08-08 13:30:00,1212.526848964987,1208.1706243979554,1274.1671730660917,65.99654866813626,5.179583186821985,0.01,-4.356224567031704
proxy_hardened_no_worst_hours_high_margin,proxy_hardened_no_worst_hours_high_margin-000249,2023-08-08 14:45:00,1208.1706243979554,1203.4778976301525,1274.1671730660917,70.68927543593918,5.547880759306965,0.01,-4.692726767802997
proxy_hardened_no_worst_hours_high_margin,proxy_hardened_no_worst_hours_high_margin-000250,2023-08-09 13:15:00,1203.4778976301525,1200.8922635550832,1274.1671730660917,73.27490951100845,5.750808140401499,0.01,-2.585634075069338
proxy_hardened_no_worst_hours_high_margin,proxy_hardened_no_worst_hours_high_margin-000251,2023-08-10 15:15:00,1200.8922635550832,1196.4211246426066,1274.1671730660917,77.74604842348504,6.101714913624785,0.01,-4.471138912476663
proxy_hardened_no_worst_hours_high_margin,proxy_hardened_no_worst_hours_high_margin-000252,2023-08-15 10:00:00,1196.4211246426066,1200.1257702292964,1274.1671730660917,74.04140283679521,5.810964558019943,0.01,3.7046455866897485
proxy_hardened_no_worst_hours_high_margin,proxy_hardened_no_worst_hours_high_margin-000253,2023-08-15 13:30:00,1200.1257702292964,1196.1612044131616,1274.1671730660917,78.00596865293005,6.122114138698176,0.01,-3.9645658161349093
proxy_hardened_no_worst_hours_high_margin,proxy_hardened_no_worst_hours_high_margin-000254,2023-08-22 14:45:00,1196.1612044131616,1192.473063091395,1274.1671730660917,81.69410997469663,6.411569196066481,0.01,-3.6881413217666523
proxy_hardened_no_worst_hours_high_margin,proxy_hardened_no_worst_hours_high_margin-000255,2023-08-23 10:45:00,1192.473063091395,1196.8624583678406,1274.1671730660917,77.30471469825102,6.06707787897477,0.01,4.389395276445539
proxy_hardened_no_worst_hours_high_margin,proxy_hardened_no_worst_hours_high_margin-000256,2023-08-23 13:00:00,1196.8624583678406,1202.9883877807115,1274.1671730660917,71.17878528538017,5.58629878323573,0.01,6.125929412870773
proxy_hardened_no_worst_hours_high_margin,proxy_hardened_no_worst_hours_high_margin-000257,2023-08-30 10:00:00,1202.9883877807115,1206.1894693817417,1274.1671730660917,67.97770368434999,5.335069457233925,0.01,3.2010816010301095
proxy_hardened_no_worst_hours_high_margin,proxy_hardened_no_worst_hours_high_margin-000258,2023-08-30 18:00:00,1206.1894693817417,1203.8275072035487,1274.1671730660917,70.33966586254292,5.520442477989845,0.01,-2.3619621781929983
proxy_hardened_no_worst_hours_high_margin,proxy_hardened_no_worst_hours_high_margin-000259,2023-09-05 13:00:00,1203.8275072035487,1200.807494931684,1274.1671730660917,73.35967813440766,5.757461005519286,0.01,-3.0200122718648164
proxy_hardened_no_worst_hours_high_margin,proxy_hardened_no_worst_hours_high_margin-000260,2023-09-05 15:00:00,1200.807494931684,1207.933470504572,1274.1671730660917,66.23370256151975,5.1981956498014545,0.01,7.125975572887837
proxy_hardened_no_worst_hours_high_margin,proxy_hardened_no_worst_hours_high_margin-000261,2023-09-08 13:15:00,1207.933470504572,1205.5568217390644,1274.1671730660917,68.61035132702727,5.38472131266157,0.01,-2.376648765507598
proxy_hardened_no_worst_hours_high_margin,proxy_hardened_no_worst_hours_high_margin-000262,2023-09-12 14:45:00,1205.5568217390644,1202.2808551196654,1274.1671730660917,71.88631794642629,5.641827812393148,0.01,-3.275966619399087
proxy_hardened_no_worst_hours_high_margin,proxy_hardened_no_worst_hours_high_margin-000263,2023-09-13 14:00:00,1202.2808551196654,1209.6781911735834,1274.1671730660917,64.48898189250826,5.061265370487079,0.01,7.397336053917952
proxy_hardened_no_worst_hours_high_margin,proxy_hardened_no_worst_hours_high_margin-000264,2023-09-14 13:15:00,1209.6781911735834,1206.353033656102,1274.1671730660917,67.8141394099896,5.322232501627323,0.01,-3.3251575174814025
proxy_hardened_no_worst_hours_high_margin,proxy_hardened_no_worst_hours_high_margin-000265,2023-09-26 10:30:00,1206.353033656102,1209.8435047363093,1274.1671730660917,64.32366832978232,5.048291126116292,0.01,3.4904710802071985
proxy_hardened_no_worst_hours_high_margin,proxy_hardened_no_worst_hours_high_margin-000266,2023-10-02 14:00:00,1209.8435047363093,1205.0755133580983,1274.1671730660917,69.09165970799336,5.422495663715356,0.01,-4.767991378211109
proxy_hardened_no_worst_hours_high_margin,proxy_hardened_no_worst_hours_high_margin-000267,2023-10-02 15:30:00,1205.0755133580983,1214.7878431698616,1274.1671730660917,59.37932989623005,4.660246406548256,0.01,9.712329811763238
proxy_hardened_no_worst_hours_high_margin,proxy_hardened_no_worst_hours_high_margin-000268,2023-10-04 14:00:00,1214.7878431698616,1210.5877065493862,1274.1671730660917,63.57946651670545,4.9898842052029195,0.01,-4.200136620475478
proxy_hardened_no_worst_hours_high_margin,proxy_hardened_no_worst_hours_high_margin-000269,2023-10-09 14:15:00,1210.5877065493862,1217.3926345461282,1274.1671730660917,56.77453851996347,4.455815509933761,0.01,6.804927996741908
proxy_hardened_no_worst_hours_high_margin,proxy_hardened_no_worst_hours_high_margin-000270,2023-10-11 18:45:00,1217.3926345461282,1223.606484002147,1274.1671730660917,50.560689063944665,3.968136217344069,0.01,6.213849456018734
proxy_hardened_no_worst_hours_high_margin,proxy_hardened_no_worst_hours_high_margin-000271,2023-10-16 13:00:00,1223.606484002147,1219.6318958467061,1274.1671730660917,54.535277219385534,4.280072377642142,0.01,-3.9745881554409426
proxy_hardened_no_worst_hours_high_margin,proxy_hardened_no_worst_hours_high_margin-000272,2023-10-16 13:45:00,1219.6318958467061,1215.3924125458666,1274.1671730660917,58.77476052022507,4.612798207537591,0.01,-4.239483300839611
proxy_hardened_no_worst_hours_high_margin,proxy_hardened_no_worst_hours_high_margin-000273,2023-10-17 13:00:00,1215.3924125458666,1211.2867196723932,1274.1671730660917,62.88045339369842,4.935023811858695,0.01,-4.1056928734734175
proxy_hardened_no_worst_hours_high_margin,proxy_hardened_no_worst_hours_high_margin-000274,2023-10-18 18:00:00,1211.2867196723932,1206.2424287816295,1274.1671730660917,67.92474428446212,5.330913063865195,0.01,-5.044290890763778
proxy_hardened_no_worst_hours_high_margin,proxy_hardened_no_worst_hours_high_margin-000275,2023-10-19 10:30:00,1206.2424287816295,1212.285909561019,1274.1671730660917,61.88126350507264,4.856604754316868,0.01,6.0434807793894105
proxy_hardened_no_worst_hours_high_margin,proxy_hardened_no_worst_hours_high_margin-000276,2023-10-19 13:00:00,1212.285909561019,1219.4366963276543,1274.1671730660917,54.730476738437346,4.2953921506811925,0.01,7.150786766635219
proxy_hardened_no_worst_hours_high_margin,proxy_hardened_no_worst_hours_high_margin-000277,2023-10-20 13:45:00,1219.4366963276543,1228.9027202920215,1274.1671730660917,45.26445277407015,3.5524736259801806,0.01,9.466023964367123
proxy_hardened_no_worst_hours_high_margin,proxy_hardened_no_worst_hours_high_margin-000278,2023-10-24 18:30:00,1228.9027202920215,1224.892504382666,1274.1671730660917,49.274668683425716,3.867205946363666,0.01,-4.010215909355638
proxy_hardened_no_worst_hours_high_margin,proxy_hardened_no_worst_hours_high_margin-000279,2023-10-25 14:00:00,1224.892504382666,1219.67987078539,1274.1671730660917,54.48730228070167,4.276307177933816,0.01,-5.212633597276026
proxy_hardened_no_worst_hours_high_margin,proxy_hardened_no_worst_hours_high_margin-000280,2023-10-30 14:00:00,1219.67987078539,1215.4470174452256,1274.1671730660917,58.72015562086608,4.608512671030824,0.01,-4.232853340164484
proxy_hardened_no_worst_hours_high_margin,proxy_hardened_no_worst_hours_high_margin-000281,2023-11-01 14:45:00,1215.4470174452256,1211.2264353302064,1274.1671730660917,62.94073773588525,4.939755086016525,0.01,-4.220582115019242
proxy_hardened_no_worst_hours_high_margin,proxy_hardened_no_worst_hours_high_margin-000282,2023-11-02 10:00:00,1211.2264353302064,1208.7957296854975,1274.1671730660917,65.3714433805942,5.130523275316193,0.01,-2.4307056447090236
proxy_hardened_no_worst_hours_high_margin,proxy_hardened_no_worst_hours_high_margin-000283,2023-11-07 14:30:00,1208.7957296854975,1204.9159610232098,1274.1671730660917,69.25121204288189,5.435017751731844,0.01,-3.879768662287761
proxy_hardened_no_worst_hours_high_margin,proxy_hardened_no_worst_hours_high_margin-000284,2023-11-08 14:30:00,1204.9159610232098,1210.923590755974,1274.1671730660917,63.243582310117745,4.963523126869732,0.01,6.007629732764071
proxy_hardened_no_worst_hours_high_margin,proxy_hardened_no_worst_hours_high_margin-000285,2023-11-09 10:45:00,1210.923590755974,1208.4510777203238,1274.1671730660917,65.71609534576783,5.157572470465702,0.01,-2.472513035650154
proxy_hardened_no_worst_hours_high_margin,proxy_hardened_no_worst_hours_high_margin-000286,2023-11-10 10:45:00,1208.4510777203238,1212.963115254901,1274.1671730660917,61.20405781119075,4.80345586552135,0.01,4.5120375345770025
proxy_hardened_no_worst_hours_high_margin,proxy_hardened_no_worst_hours_high_margin-000287,2023-11-10 15:00:00,1212.963115254901,1221.2929447716258,1274.1671730660917,52.874228294465865,4.149708877464798,0.01,8.329829516724812
proxy_hardened_no_worst_hours_high_margin,proxy_hardened_no_worst_hours_high_margin-000288,2023-11-14 21:30:00,1221.2929447716258,1226.1968079243065,1274.1671730660917,47.97036514178512,3.764840764681737,0.01,4.903863152680669
proxy_hardened_no_worst_hours_high_margin,proxy_hardened_no_worst_hours_high_margin-000289,2023-11-15 13:00:00,1226.1968079243065,1223.8273674937113,1274.1671730660917,50.33980557238033,3.9508006984079773,0.01,-2.3694404305952776
proxy_hardened_no_worst_hours_high_margin,proxy_hardened_no_worst_hours_high_margin-000290,2023-11-16 10:00:00,1223.8273674937113,1221.7806155330768,1274.1671730660917,52.386557533014866,4.111435190011567,0.01,-2.0467519606346105
proxy_hardened_no_worst_hours_high_margin,proxy_hardened_no_worst_hours_high_margin-000291,2023-11-16 13:30:00,1221.7806155330768,1227.2724931129694,1274.1671730660917,46.89467995312225,3.6804181542581462,0.01,5.491877579892543
proxy_hardened_no_worst_hours_high_margin,proxy_hardened_no_worst_hours_high_margin-000292,2023-11-17 13:00:00,1227.2724931129694,1223.9929897433578,1274.1671730660917,50.174183322733825,3.9378022274735893,0.01,-3.279503369611648
proxy_hardened_no_worst_hours_high_margin,proxy_hardened_no_worst_hours_high_margin-000293,2023-11-20 21:00:00,1223.9929897433578,1229.2467648268816,1274.1671730660917,44.92040823921002,3.525472103563602,0.01,5.253775083523733
proxy_hardened_no_worst_hours_high_margin,proxy_hardened_no_worst_hours_high_margin-000294,2023-11-21 19:15:00,1229.2467648268816,1225.4912743272848,1274.1671730660917,48.675898738806836,3.820212902022551,0.01,-3.75549049959689
proxy_hardened_no_worst_hours_high_margin,proxy_hardened_no_worst_hours_high_margin-000295,2023-11-22 10:45:00,1225.4912743272848,1222.677961253891,1274.1671730660917,51.489211812200665,4.041009131344957,0.01,-2.8133130733939016
proxy_hardened_no_worst_hours_high_margin,proxy_hardened_no_worst_hours_high_margin-000296,2023-11-24 15:30:00,1222.677961253891,1228.9480634240274,1274.1671730660917,45.21910964206427,3.5489149774005933,0.01,6.270102170136324
proxy_hardened_no_worst_hours_high_margin,proxy_hardened_no_worst_hours_high_margin-000297,2023-11-27 10:15:00,1228.9480634240274,1226.1799458172302,1274.1671730660917,47.98722724886147,3.766164147314157,0.01,-2.7681176067972775
proxy_hardened_no_worst_hours_high_margin,proxy_hardened_no_worst_hours_high_margin-000298,2023-11-27 15:15:00,1226.1799458172302,1222.6052727770407,1274.1671730660917,51.56190028905098,4.046713914703596,0.01,-3.574673040189582
proxy_hardened_no_worst_hours_high_margin,proxy_hardened_no_worst_hours_high_margin-000299,2023-12-01 10:15:00,1222.6052727770407,1219.7742870028007,1274.1671730660917,54.392886063290916,4.2688971441951855,0.01,-2.8309857742400073
proxy_hardened_no_worst_hours_high_margin,proxy_hardened_no_worst_hours_high_margin-000300,2023-12-11 13:00:00,1219.7742870028007,1226.0441042419243,1274.1671730660917,48.123068824167376,3.7768253523881365,0.01,6.2698172391234674
proxy_hardened_no_worst_hours_high_margin,proxy_hardened_no_worst_hours_high_margin-000301,2023-12-12 15:15:00,1226.0441042419243,1235.9872718046158,1274.1671730660917,38.179901261475834,2.9964593397585064,0.01,9.94316756269147
proxy_hardened_no_worst_hours_high_margin,proxy_hardened_no_worst_hours_high_margin-000302,2023-12-14 10:30:00,1235.9872718046158,1231.6109746685247,1274.1671730660917,42.55619839756696,3.339922680252535,0.01,-4.376297136091198
proxy_hardened_no_worst_hours_high_margin,proxy_hardened_no_worst_hours_high_margin-000303,2023-12-14 15:30:00,1231.6109746685247,1225.3814996759188,1274.1671730660917,48.78567339017286,3.8288283061615433,0.01,-6.229474992605974
proxy_hardened_no_worst_hours_high_margin,proxy_hardened_no_worst_hours_high_margin-000304,2023-12-18 18:00:00,1225.3814996759188,1221.005930813827,1274.1671730660917,53.16124225226463,4.172234489791484,0.01,-4.375568862091841
proxy_hardened_no_worst_hours_high_margin,proxy_hardened_no_worst_hours_high_margin-000305,2023-12-19 18:30:00,1221.005930813827,1217.2771820625471,1274.1671730660917,56.88999100354454,4.464876525318678,0.01,-3.7287487512799817
proxy_hardened_no_worst_hours_high_margin,proxy_hardened_no_worst_hours_high_margin-000306,2023-12-20 14:00:00,1217.2771820625471,1213.772993946529,1274.1671730660917,60.39417911956275,4.739894449974978,0.01,-3.5041881160182857
proxy_hardened_no_worst_hours_high_margin,proxy_hardened_no_worst_hours_high_margin-000307,2023-12-21 14:00:00,1213.772993946529,1222.0587282526058,1274.1671730660917,52.1084448134859,4.089608170338808,0.01,8.285734306076774
proxy_hardened_no_worst_hours_high_margin,proxy_hardened_no_worst_hours_high_margin-000308,2023-12-27 18:45:00,1222.0587282526058,1229.891770314753,1274.1671730660917,44.27540275133856,3.474850371854775,0.01,7.833042062147269
proxy_hardened_no_worst_hours_high_margin,proxy_hardened_no_worst_hours_high_margin-000309,2024-01-02 10:00:00,1229.891770314753,1226.5605241479784,1274.1671730660917,47.60664891811325,3.736295356248663,0.01,-3.331246166774763
proxy_hardened_no_worst_hours_high_margin,proxy_hardened_no_worst_hours_high_margin-000310,2024-01-08 13:00:00,1226.5605241479784,1222.2488976746577,1274.1671730660917,51.91827539143401,4.074683172577777,0.01,-4.31162647332083
proxy_hardened_no_worst_hours_high_margin,proxy_hardened_no_worst_hours_high_margin-000311,2024-01-12 15:45:00,1222.2488976746577,1216.4828832113562,1274.1671730660917,57.684289854735425,4.527215193900096,0.01,-5.76601446330149
proxy_hardened_no_worst_hours_high_margin,proxy_hardened_no_worst_hours_high_margin-000312,2024-01-12 19:00:00,1216.4828832113562,1226.1100936201897,1274.1671730660917,48.05707944590199,3.771646331953433,0.01,9.627210408833362
proxy_hardened_no_worst_hours_high_margin,proxy_hardened_no_worst_hours_high_margin-000313,2024-01-16 14:45:00,1226.1100936201897,1236.3989232846516,1274.1671730660917,37.76824978144009,2.9641518459902305,0.01,10.288829664461828
proxy_hardened_no_worst_hours_high_margin,proxy_hardened_no_worst_hours_high_margin-000314,2024-01-17 14:00:00,1236.3989232846516,1245.6703717477353,1274.1671730660917,28.496801318356347,2.236504119768137,0.01,9.27144846308367
proxy_hardened_no_worst_hours_high_margin,proxy_hardened_no_worst_hours_high_margin-000315,2024-01-22 10:00:00,1245.6703717477353,1242.3402938280176,1274.1671730660917,31.82687923807407,2.4978574170520713,0.01,-3.3300779197177963
proxy_hardened_no_worst_hours_high_margin,proxy_hardened_no_worst_hours_high_margin-000316,2024-01-22 14:00:00,1242.3402938280176,1238.6499066712227,1274.1671730660917,35.51726639486901,2.7874887334761613,0.01,-3.6903871567950137
proxy_hardened_no_worst_hours_high_margin,proxy_hardened_no_worst_hours_high_margin-000317,2024-01-23 14:30:00,1238.6499066712227,1234.8741833039576,1274.1671730660917,39.292989762134084,3.0838174607482167,0.01,-3.7757233672651456
proxy_hardened_no_worst_hours_high_margin,proxy_hardened_no_worst_hours_high_margin-000318,2024-01-23 21:00:00,1234.8741833039576,1232.2354235101075,1274.1671730660917,41.9317495559842,3.2909142883568214,0.01,-2.638759793850186
proxy_hardened_no_worst_hours_high_margin,proxy_hardened_no_worst_hours_high_margin-000319,2024-01-24 10:30:00,1232.2354235101075,1238.096151014654,1274.1671730660917,36.071022051437694,2.830948937778565,0.01,5.86072750454643
proxy_hardened_no_worst_hours_high_margin,proxy_hardened_no_worst_hours_high_margin-000320,2024-01-24 13:30:00,1238.096151014654,1234.4587363606527,1274.1671730660917,39.708436705439,3.1164228324833245,0.01,-3.637414654001377
proxy_hardened_no_worst_hours_high_margin,proxy_hardened_no_worst_hours_high_margin-000321,2024-01-30 10:00:00,1234.4587363606527,1232.0357258107615,1274.1671730660917,42.13144725533016,3.3065870904480423,0.01,-2.4230105498912327
proxy_hardened_no_worst_hours_high_margin,proxy_hardened_no_worst_hours_high_margin-000322,2024-01-31 10:00:00,1232.0357258107615,1236.0821218710153,1274.1671730660917,38.0850511950764,2.9890152564070895,0.01,4.046396060253683
proxy_hardened_no_worst_hours_high_margin,proxy_hardened_no_worst_hours_high_margin-000323,2024-01-31 19:30:00,1236.0821218710153,1230.649957321398,1274.1671730660917,43.51721574469366,3.415345856068166,0.01,-5.432164549617328
proxy_hardened_no_worst_hours_high_margin,proxy_hardened_no_worst_hours_high_margin-000324,2024-02-01 18:15:00,1230.649957321398,1224.1115600363407,1274.1671730660917,50.05561302975093,3.9284965181844727,0.01,-6.538397285057345
proxy_hardened_no_worst_hours_high_margin,proxy_hardened_no_worst_hours_high_margin-000325,2024-02-05 15:00:00,1224.1115600363407,1219.767484731797,1274.1671730660917,54.39968833429475,4.269431004362644,0.01,-4.344075304543894
proxy_hardened_no_worst_hours_high_margin,proxy_hardened_no_worst_hours_high_margin-000326,2024-02-06 10:15:00,1219.767484731797,1217.2614499860326,1274.1671730660917,56.90572308005903,4.466111220172466,0.01,-2.506034745764355
proxy_hardened_no_worst_hours_high_margin,proxy_hardened_no_worst_hours_high_margin-000327,2024-02-07 15:15:00,1217.2614499860326,1213.180083593192,1274.1671730660917,60.9870894728997,4.786427618139262,0.01,-4.081366392840737
proxy_hardened_no_worst_hours_high_margin,proxy_hardened_no_worst_hours_high_margin-000328,2024-02-14 14:00:00,1213.180083593192,1218.9721942587385,1274.1671730660917,55.19497880735321,4.331847498043353,0.01,5.792110665546415
proxy_hardened_no_worst_hours_high_margin,proxy_hardened_no_worst_hours_high_margin-000329,2024-02-14 15:15:00,1218.9721942587385,1215.129426041494,1274.1671730660917,59.03774702459759,4.633438081953731,0.01,-3.8427682172444566
proxy_hardened_no_worst_hours_high_margin,proxy_hardened_no_worst_hours_high_margin-000330,2024-02-20 14:45:00,1215.129426041494,1212.2301573261636,1274.1671730660917,61.93701573992803,4.860980336739167,0.01,-2.899268715330509
proxy_hardened_no_worst_hours_high_margin,proxy_hardened_no_worst_hours_high_margin-000331,2024-02-21 13:30:00,1212.2301573261636,1209.865866148155,1274.1671730660917,64.3013069179367,5.046536143542709,0.01,-2.3642911780087434
proxy_hardened_no_worst_hours_high_margin,proxy_hardened_no_worst_hours_high_margin-000332,2024-02-23 13:45:00,1209.865866148155,1215.6169395826519,1274.1671730660917,58.5502334834398,4.595176733563734,0.01,5.7510734344968295
proxy_hardened_no_worst_hours_high_margin,proxy_hardened_no_worst_hours_high_margin-000333,2024-02-23 21:30:00,1215.6169395826519,1213.2747589895748,1274.1671730660917,60.89241407651684,4.778997243351389,0.01,-2.342180593077119
proxy_hardened_no_worst_hours_high_margin,proxy_hardened_no_worst_hours_high_margin-000334,2024-02-26 10:00:00,1213.2747589895748,1210.9761863575234,1274.1671730660917,63.19098670856829,4.959395285354015,0.01,-2.2985726320515187
proxy_hardened_no_worst_hours_high_margin,proxy_hardened_no_worst_hours_high_margin-000335,2024-02-27 10:30:00,1210.9761863575234,1209.00362549378,1274.1671730660917,65.1635475723117,5.1142070640154245,0.01,-1.9725608637434835
proxy_hardened_no_worst_hours_high_margin,proxy_hardened_no_worst_hours_high_margin-000336,2024-02-27 14:15:00,1209.00362549378,1206.5357169704992,1274.1671730660917,67.63145609559251,5.307895033337547,0.01,-2.467908523280885
proxy_hardened_no_worst_hours_high_margin,proxy_hardened_no_worst_hours_high_margin-000337,2024-02-28 14:45:00,1206.5357169704992,1211.7569822710257,1274.1671730660917,62.410190795066,4.898116362932601,0.01,5.221265300526438
proxy_hardened_no_worst_hours_high_margin,proxy_hardened_no_worst_hours_high_margin-000338,2024-03-01 13:15:00,1211.7569822710257,1208.71597946681,1274.1671730660917,65.45119359928162,5.136782282797568,0.01,-3.0410028042156956
proxy_hardened_no_worst_hours_high_margin,proxy_hardened_no_worst_hours_high_margin-000339,2024-03-01 15:00:00,1208.71597946681,1217.7213644536878,1274.1671730660917,56.44580861240388,4.430015919855754,0.01,9.00538498687767
proxy_hardened_no_worst_hours_high_margin,proxy_hardened_no_worst_hours_high_margin-000340,2024-03-04 10:00:00,1217.7213644536878,1215.2967502778297,1274.1671730660917,58.870422788261976,4.62030603461547,0.01,-2.424614175858169
proxy_hardened_no_worst_hours_high_margin,proxy_hardened_no_worst_hours_high_margin-000341,2024-03-05 14:00:00,1215.2967502778297,1208.770439968955,1274.1671730660917,65.39673309713658,5.132508078964959,0.01,-6.526310308874672
proxy_hardened_no_worst_hours_high_margin,proxy_hardened_no_worst_hours_high_margin-000342,2024-03-05 18:00:00,1208.770439968955,1202.504494691992,1274.1671730660917,71.66267837409964,5.6242759889704415,0.01,-6.265945276963139
proxy_hardened_no_worst_hours_high_margin,proxy_hardened_no_worst_hours_high_margin-000343,2024-03-06 10:15:00,1202.504494691992,1208.321012497583,1274.1671730660917,65.8461605685086,5.167780332156864,0.01,5.8165178055909745
proxy_hardened_no_worst_hours_high_margin,proxy_hardened_no_worst_hours_high_margin-000344,2024-03-06 19:45:00,1208.321012497583,1220.0767456497015,1274.1671730660917,54.090427416390185,4.245159391936751,0.01,11.755733152118337
proxy_hardened_no_worst_hours_high_margin,proxy_hardened_no_worst_hours_high_margin-000345,2024-03-07 13:00:00,1220.0767456497015,1216.0091745993282,1274.1671730660917,58.1579984667635,4.564393095045372,0.01,-4.06757105037339
proxy_hardened_no_worst_hours_high_margin,proxy_hardened_no_worst_hours_high_margin-000346,2024-03-08 13:30:00,1216.0091745993282,1209.6334564326316,1274.1671730660917,64.53371663346002,5.064776270932278,0.01,-6.375718166696588
proxy_hardened_no_worst_hours_high_margin,proxy_hardened_no_worst_hours_high_margin-000347,2024-03-08 14:15:00,1209.6334564326316,1225.3531745902355,1274.1671730660917,48.813998475856124,3.8310513335854184,0.01,15.71971815760382
proxy_hardened_no_worst_hours_high_margin,proxy_hardened_no_worst_hours_high_margin-000348,2024-03-15 10:30:00,1225.3531745902355,1222.1879479525078,1274.1671730660917,51.97922511358388,4.07946666750986,0.01,-3.1652266377278284
proxy_hardened_no_worst_hours_high_margin,proxy_hardened_no_worst_hours_high_margin-000349,2024-03-18 14:15:00,1222.1879479525078,1218.4208070978525,1274.1671730660917,55.74636596823916,4.375121816558334,0.01,-3.767140854655354
proxy_hardened_no_worst_hours_high_margin,proxy_hardened_no_worst_hours_high_margin-000350,2024-03-19 10:45:00,1218.4208070978525,1214.9804144891368,1274.1671730660917,59.186758576954844,4.645132901558813,0.01,-3.440392608715756
proxy_hardened_no_worst_hours_high_margin,proxy_hardened_no_worst_hours_high_margin-000351,2024-03-19 14:00:00,1214.9804144891368,1210.6362699477068,1274.1671730660917,63.53090311838491,4.986072821630411,0.01,-4.344144541430142
proxy_hardened_no_worst_hours_high_margin,proxy_hardened_no_worst_hours_high_margin-000352,2024-03-20 13:15:00,1210.6362699477068,1207.2918071986642,1274.1671730660917,66.87536586742749,5.248555078255703,0.01,-3.34446274904265
proxy_hardened_no_worst_hours_high_margin,proxy_hardened_no_worst_hours_high_margin-000353,2024-03-20 14:30:00,1207.2918071986642,1216.0399866178805,1274.1671730660917,58.127186448211205,4.56197488657135,0.01,8.748179419216212
proxy_hardened_no_worst_hours_high_margin,proxy_hardened_no_worst_hours_high_margin-000354,2024-03-25 15:15:00,1216.0399866178805,1211.8821651493004,1274.1671730660917,62.2850079167913,4.888291680510949,0.01,-4.157821468580169
proxy_hardened_no_worst_hours_high_margin,proxy_hardened_no_worst_hours_high_margin-000355,2024-03-28 13:30:00,1211.8821651493004,1224.924218398863,1274.1671730660917,49.24295466722856,3.8647169467357094,0.01,13.042053249562668
proxy_hardened_no_worst_hours_high_margin,proxy_hardened_no_worst_hours_high_margin-000356,2024-04-02 10:15:00,1224.924218398863,1220.2911804344149,1274.1671730660917,53.87599263167681,4.2283299845209745,0.01,-4.633037964448322
proxy_hardened_no_worst_hours_high_margin,proxy_hardened_no_worst_hours_high_margin-000357,2024-04-03 14:00:00,1220.2911804344149,1232.4445648661408,1274.1671730660917,41.722608199950855,3.2745003231837844,0.01,12.15338443172588
proxy_hardened_no_worst_hours_high_margin,proxy_hardened_no_worst_hours_high_margin-000358,2024-04-04 19:00:00,1232.4445648661408,1225.2876077270553,1274.1671730660917,48.87956533903639,3.8361971939219774,0.01,-7.156957139085607
proxy_hardened_no_worst_hours_high_margin,proxy_hardened_no_worst_hours_high_margin-000359,2024-04-08 10:15:00,1225.2876077270553,1219.0389058243923,1274.1671730660917,55.128267241699405,4.326611798437839,0.01,-6.248701902663088
proxy_hardened_no_worst_hours_high_margin,proxy_hardened_no_worst_hours_high_margin-000360,2024-04-08 19:00:00,1219.0389058243923,1231.0302980612428,1274.1671730660917,43.13687500484889,3.385495711763354,0.01,11.991392236850443
proxy_hardened_no_worst_hours_high_margin,proxy_hardened_no_worst_hours_high_margin-000361,2024-04-09 13:30:00,1231.0302980612428,1224.3284854201888,1274.1671730660917,49.83868764590284,3.9114716419803477,0.01,-6.701812641054021
proxy_hardened_no_worst_hours_high_margin,proxy_hardened_no_worst_hours_high_margin-000362,2024-04-09 22:00:00,1224.3284854201888,1219.2350123678316,1274.1671730660917,54.93216069826008,4.311220839732834,0.01,-5.093473052357313
proxy_hardened_no_worst_hours_high_margin,proxy_hardened_no_worst_hours_high_margin-000363,2024-04-11 14:00:00,1219.2350123678316,1212.7193571456855,1274.1671730660917,61.44781592040613,4.822586644776069,0.01,-6.515655222146124
proxy_hardened_no_worst_hours_high_margin,proxy_hardened_no_worst_hours_high_margin-000364,2024-04-12 13:00:00,1212.7193571456855,1224.2918923120424,1274.1671730660917,49.8752807540493,3.9143435656117194,0.01,11.572535166356756
proxy_hardened_no_worst_hours_high_margin,proxy_hardened_no_worst_hours_high_margin-000365,2024-04-19 14:15:00,1224.2918923120424,1215.9890124423082,1274.1671730660917,58.17816062378347,4.565975474300322,0.01,-8.302879869734243
proxy_hardened_no_worst_hours_high_margin,proxy_hardened_no_worst_hours_high_margin-000366,2024-04-23 10:30:00,1215.9890124423082,1208.8201645021486,1274.1671730660917,65.34700856394306,5.128605566465452,0.01,-7.168847940159667
proxy_hardened_no_worst_hours_high_margin,proxy_hardened_no_worst_hours_high_margin-000367,2024-04-24 10:00:00,1208.8201645021486,1204.184755181252,1274.1671730660917,69.9824178848396,5.492404714558565,0.01,-4.635409320896615
proxy_hardened_no_worst_hours_high_margin,proxy_hardened_no_worst_hours_high_margin-000368,2024-04-26 13:00:00,1204.184755181252,1198.543845611312,1274.1671730660917,75.62332745477966,5.93511817392089,0.01,-5.640909569940122
proxy_hardened_no_worst_hours_high_margin,proxy_hardened_no_worst_hours_high_margin-000369,2024-04-30 13:45:00,1198.543845611312,1210.2156379466064,1274.1671730660917,63.95153511948524,5.019085130375435,0.01,11.67179233529434
proxy_hardened_no_worst_hours_high_margin,proxy_hardened_no_worst_hours_high_margin-000370,2024-05-02 14:15:00,1210.2156379466064,1202.0862050194842,1274.1671730660917,72.0809680466075,5.657104465590295,0.01,-8.129432927122325
proxy_hardened_no_worst_hours_high_margin,proxy_hardened_no_worst_hours_high_margin-000371,2024-05-06 14:15:00,1202.0862050194842,1195.3581244591442,1274.1671730660917,78.8090486069475,6.185141971387112,0.01,-6.728080560340077
proxy_hardened_no_worst_hours_high_margin,proxy_hardened_no_worst_hours_high_margin-000372,2024-05-10 18:00:00,1195.3581244591442,1189.696586084512,1274.1671730660917,84.47058698157957,6.629474433744342,0.01,-5.661538374632146
proxy_hardened_no_worst_hours_high_margin,proxy_hardened_no_worst_hours_high_margin-000373,2024-05-14 10:15:00,1189.696586084512,1185.9151047448963,1274.1671730660917,88.25206832119534,6.926255061871513,0.01,-3.781481339615839
proxy_hardened_no_worst_hours_high_margin,proxy_hardened_no_worst_hours_high_margin-000374,2024-05-15 14:15:00,1185.9151047448963,1202.7905351299164,1274.1671730660917,71.37663793617526,5.601826781050882,0.01,16.87543038502001
proxy_hardened_no_worst_hours_high_margin,proxy_hardened_no_worst_hours_high_margin-000375,2024-05-17 10:00:00,1202.7905351299164,1209.9831944934472,1274.1671730660917,64.18397857264449,5.037327905583645,0.01,7.192659363530693
proxy_hardened_no_worst_hours_high_margin,proxy_hardened_no_worst_hours_high_margin-000376,2024-05-20 10:00:00,1209.9831944934472,1203.0344586005544,1274.1671730660917,71.13271446553722,5.582683023795617,0.01,-6.948735892892801
proxy_hardened_no_worst_hours_high_margin,proxy_hardened_no_worst_hours_high_margin-000377,2024-05-20 19:00:00,1203.0344586005544,1196.7426798041197,1274.1671730660917,77.42449326197197,6.076478416537885,0.01,-6.291778796434828
proxy_hardened_no_worst_hours_high_margin,proxy_hardened_no_worst_hours_high_margin-000378,2024-05-21 13:00:00,1196.7426798041197,1190.704894616354,1274.1671730660917,83.4622784497376,6.55033972103505,0.01,-6.037785187765694
proxy_hardened_no_worst_hours_high_margin,proxy_hardened_no_worst_hours_high_margin-000379,2024-05-23 14:00:00,1190.704894616354,1206.5812067455854,1274.1671730660917,67.58596632050626,5.3043248758222825,0.01,15.876312129231264
proxy_hardened_no_worst_hours_high_margin,proxy_hardened_no_worst_hours_high_margin-000380,2024-05-28 10:00:00,1206.5812067455854,1203.075631686921,1274.1671730660917,71.09154137917062,5.579451651395124,0.01,-3.5055750586644354
proxy_hardened_no_worst_hours_high_margin,proxy_hardened_no_worst_hours_high_margin-000381,2024-05-29 13:15:00,1203.075631686921,1214.4031715934825,1274.1671730660917,59.76400147260915,4.690436446325648,0.01,11.327539906561396
proxy_hardened_no_worst_hours_high_margin,proxy_hardened_no_worst_hours_high_margin-000382,2024-06-04 14:00:00,1214.4031715934825,1207.4779953100915,1274.1671730660917,66.68917775600016,5.233942544252077,0.01,-6.9251762833910835
proxy_hardened_no_worst_hours_high_margin,proxy_hardened_no_worst_hours_high_margin-000383,2024-06-06 14:45:00,1207.4779953100915,1219.516071276185,1274.1671730660917,54.65110178990676,4.289162595391397,0.01,12.038075966093329
proxy_hardened_no_worst_hours_high_margin,proxy_hardened_no_worst_hours_high_margin-000384,2024-06-06 18:00:00,1219.516071276185,1230.8617832856444,1274.1671730660917,43.305389780447285,3.39872119576267,0.01,11.345712009459403
proxy_hardened_no_worst_hours_high_margin,proxy_hardened_no_worst_hours_high_margin-000385,2024-06-13 14:00:00,1230.8617832856444,1222.3827592839707,1274.1671730660917,51.784413782120964,4.0641773604565214,0.01,-8.479024001673752
proxy_hardened_no_worst_hours_high_margin,proxy_hardened_no_worst_hours_high_margin-000386,2024-06-14 13:30:00,1222.3827592839707,1215.9982703810056,1274.1671730660917,58.168902685086096,4.56524888685614,0.01,-6.384488902965204
proxy_hardened_no_worst_hours_high_margin,proxy_hardened_no_worst_hours_high_margin-000387,2024-06-18 18:00:00,1215.9982703810056,1226.7475406977737,1274.1671730660917,47.419632368317934,3.7216178042171437,0.01,10.749270316768088
proxy_hardened_no_worst_hours_high_margin,proxy_hardened_no_worst_hours_high_margin-000388,2024-06-20 10:30:00,1226.7475406977737,1223.1222523818678,1274.1671730660917,51.044920684223825,4.006139991928367,0.01,-3.625288315905964
proxy_hardened_no_worst_hours_high_margin,proxy_hardened_no_worst_hours_high_margin-000389,2024-06-20 13:00:00,1223.1222523818678,1232.7789697297194,1274.1671730660917,41.38820333637227,3.248255347591304,0.01,9.656717347851481
proxy_hardened_no_worst_hours_high_margin,proxy_hardened_no_worst_hours_high_margin-000390,2024-06-21 10:45:00,1232.7789697297194,1229.31452769432,1274.1671730660917,44.85264537177159,3.5201538950215174,0.01,-3.4644420353993883
proxy_hardened_no_worst_hours_high_margin,proxy_hardened_no_worst_hours_high_margin-000391,2024-06-24 10:15:00,1229.31452769432,1224.9962114913133,1274.1671730660917,49.1709615747784,3.859066738978676,0.01,-4.318316203006889
proxy_hardened_no_worst_hours_high_margin,proxy_hardened_no_worst_hours_high_margin-000392,2024-06-25 13:45:00,1224.9962114913133,1234.5805594292674,1274.1671730660917,39.58661363682427,3.1068618367843395,0.01,9.584347937954062
proxy_hardened_no_worst_hours_high_margin,proxy_hardened_no_worst_hours_high_margin-000393,2024-06-26 10:00:00,1234.5805594292674,1242.2015280375504,1274.1671730660917,31.965645028541303,2.5087481222437074,0.01,7.620968608282892
proxy_hardened_no_worst_hours_high_margin,proxy_hardened_no_worst_hours_high_margin-000394,2024-06-27 18:45:00,1242.2015280375504,1237.9133284283894,1274.1671730660917,36.25384463770229,2.8452973364917935,0.01,-4.288199609161056
proxy_hardened_no_worst_hours_high_margin,proxy_hardened_no_worst_hours_high_margin-000395,2024-06-28 14:00:00,1237.9133284283894,1232.6706717572242,1274.1671730660917,41.49650130886744,3.256754858078187,0.01,-5.242656671165223
proxy_hardened_no_worst_hours_high_margin,proxy_hardened_no_worst_hours_high_margin-000396,2024-07-03 18:00:00,1232.6706717572242,1227.3806817077575,1274.1671730660917,46.78649135833416,3.6719272280221684,0.01,-5.289990049466796
proxy_hardened_no_worst_hours_high_margin,proxy_hardened_no_worst_hours_high_margin-000397,2024-07-05 10:45:00,1227.3806817077575,1224.3103178483643,1274.1671730660917,49.85685521772734,3.9128974809289994,0.01,-3.0703638593932556
proxy_hardened_no_worst_hours_high_margin,proxy_hardened_no_worst_hours_high_margin-000398,2024-07-10 15:15:00,1224.3103178483643,1219.3685047664208,1274.1671730660917,54.79866829967091,4.300744004242878,0.01,-4.941813081943637
proxy_hardened_no_worst_hours_high_margin,proxy_hardened_no_worst_hours_high_margin-000399,2024-07-11 10:15:00,1219.3685047664208,1216.1899066791157,1274.1671730660917,57.977266386976,4.550208764793589,0.01,-3.178598087305163
proxy_hardened_no_worst_hours_high_margin,proxy_hardened_no_worst_hours_high_margin-000400,2024-07-12 19:15:00,1216.1899066791157,1212.4820426662413,1274.1671730660917,61.68513039985032,4.841211710973084,0.01,-3.7078640128743974
proxy_hardened_no_worst_hours_high_margin,proxy_hardened_no_worst_hours_high_margin-000401,2024-07-17 10:00:00,1212.4820426662413,1206.9952259164784,1274.1671730660917,67.17194714961329,5.271831559431413,0.01,-5.4868167497630385
proxy_hardened_no_worst_hours_high_margin,proxy_hardened_no_worst_hours_high_margin-000402,2024-07-17 13:30:00,1206.9952259164784,1200.7348150022776,1274.1671730660917,73.43235806381404,5.763165118051983,0.01,-6.26041091420082
proxy_hardened_no_worst_hours_high_margin,proxy_hardened_no_worst_hours_high_margin-000403,2024-07-19 15:15:00,1200.7348150022776,1193.312144328775,1274.1671730660917,80.85502873731662,6.345715887715986,0.01,-7.422670673502653
proxy_hardened_no_worst_hours_high_margin,proxy_hardened_no_worst_hours_high_margin-000404,2024-07-22 13:00:00,1193.312144328775,1204.744295926896,1274.1671730660917,69.42287713919563,5.448490481208986,0.01,11.432151598120909
proxy_hardened_no_worst_hours_high_margin,proxy_hardened_no_worst_hours_high_margin-000405,2024-07-24 13:00:00,1204.744295926896,1213.9885675334053,1274.1671730660917,60.17860553268633,4.722975666362175,0.01,9.244271606509228
proxy_hardened_no_worst_hours_high_margin,proxy_hardened_no_worst_hours_high_margin-000406,2024-07-24 15:30:00,1213.9885675334053,1206.8447310378115,1274.1671730660917,67.3224420282802,5.2836427943971325,0.01,-7.143836495593932
proxy_hardened_no_worst_hours_high_margin,proxy_hardened_no_worst_hours_high_margin-000407,2024-07-25 13:30:00,1206.8447310378115,1223.8043599027706,1274.1671730660917,50.36281316332111,3.9526063948210637,0.01,16.959628864959015
proxy_hardened_no_worst_hours_high_margin,proxy_hardened_no_worst_hours_high_margin-000408,2024-07-31 10:15:00,1223.8043599027706,1232.484385216152,1274.1671730660917,41.68278784993959,3.2713751170999195,0.01,8.680025313381448
proxy_hardened_no_worst_hours_high_margin,proxy_hardened_no_worst_hours_high_margin-000409,2024-07-31 14:15:00,1232.484385216152,1242.9847862509182,1274.1671730660917,31.18238681517346,2.447275952035221,0.01,10.500401034766055
proxy_hardened_no_worst_hours_high_margin,proxy_hardened_no_worst_hours_high_margin-000410,2024-08-01 14:45:00,1242.9847862509182,1234.6380158571842,1274.1671730660917,39.52915720890746,3.10235250479625,0.01,-8.346770393734078
proxy_hardened_no_worst_hours_high_margin,proxy_hardened_no_worst_hours_high_margin-000411,2024-08-01 22:00:00,1234.6380158571842,1229.2213337452768,1274.1671730660917,44.94583932081491,3.5274680019152833,0.01,-5.416682111907521
proxy_hardened_no_worst_hours_high_margin,proxy_hardened_no_worst_hours_high_margin-000412,2024-08-02 13:15:00,1229.2213337452768,1220.6526464890421,1274.1671730660917,53.51452657704954,4.199961175288709,0.01,-8.568687256234698
proxy_hardened_no_worst_hours_high_margin,proxy_hardened_no_worst_hours_high_margin-000413,2024-08-05 14:45:00,1220.6526464890421,1207.4420585874218,1274.1671730660917,66.72511447866987,5.2367629530202,0.01,-13.210587901620402
proxy_hardened_no_worst_hours_high_margin,proxy_hardened_no_worst_hours_high_margin-000414,2024-08-08 13:00:00,1207.4420585874218,1218.6192254924226,1274.1671730660917,55.547947573669035,4.359549417679727,0.01,11.177166905000758
proxy_hardened_no_worst_hours_high_margin,proxy_hardened_no_worst_hours_high_margin-000415,2024-08-08 15:00:00,1218.6192254924226,1234.6903778401356,1274.1671730660917,39.47679522595604,3.0982429982842103,0.01,16.071152347712925
proxy_hardened_no_worst_hours_high_margin,proxy_hardened_no_worst_hours_high_margin-000416,2024-08-09 13:00:00,1234.6903778401356,1230.3932168262709,1274.1671730660917,43.77395623982079,3.4354955272066343,0.01,-4.297161013864825
proxy_hardened_no_worst_hours_high_margin,proxy_hardened_no_worst_hours_high_margin-000417,2024-08-09 14:00:00,1230.3932168262709,1224.77595182687,1274.1671730660917,49.39122123922175,3.876353298317144,0.01,-5.617264999401032
proxy_hardened_no_worst_hours_high_margin,proxy_hardened_no_worst_hours_high_margin-000418,2024-08-13 14:30:00,1224.77595182687,1218.4111744566917,1274.1671730660917,55.75599860939997,4.375877811640017,0.01,-6.36477737017829
proxy_hardened_no_worst_hours_high_margin,proxy_hardened_no_worst_hours_high_margin-000419,2024-08-19 14:45:00,1218.4111744566917,1231.339333255025,1274.1671730660917,42.827839811066724,3.3612418147618706,0.01,12.92815879833317
proxy_hardened_no_worst_hours_high_margin,proxy_hardened_no_worst_hours_high_margin-000420,2024-08-20 14:30:00,1231.339333255025,1224.3090645486122,1274.1671730660917,49.85810851747942,3.912995843198768,0.01,-7.030268706412771
proxy_hardened_no_worst_hours_high_margin,proxy_hardened_no_worst_hours_high_margin-000421,2024-08-20 22:15:00,1224.3090645486122,1219.7567649118328,1274.1671730660917,54.4104081542589,4.270272324103943,0.01,-4.552299636779553
proxy_hardened_no_worst_hours_high_margin,proxy_hardened_no_worst_hours_high_margin-000422,2024-08-21 19:00:00,1219.7567649118328,1213.7224909994325,1274.1671730660917,60.4446820666592,4.743858054450435,0.01,-6.0342739124003675
proxy_hardened_no_worst_hours_high_margin,proxy_hardened_no_worst_hours_high_margin-000423,2024-08-23 10:15:00,1213.7224909994325,1220.5819154243295,1274.1671730660917,53.585257641762155,4.205512335780657,0.01,6.85942442489697
proxy_hardened_no_worst_hours_high_margin,proxy_hardened_no_worst_hours_high_margin-000424,2024-08-23 14:00:00,1220.5819154243295,1214.3130375328824,1274.1671730660917,59.85413553320927,4.6975104051047945,0.01,-6.268877891447191
proxy_hardened_no_worst_hours_high_margin,proxy_hardened_no_worst_hours_high_margin-000425,2024-08-26 19:00:00,1214.3130375328824,1209.9719749943297,1274.1671730660917,64.19519807176198,5.03820844146266,0.01,-4.341062538552778
proxy_hardened_no_worst_hours_high_margin,proxy_hardened_no_worst_hours_high_margin-000426,2024-08-28 13:30:00,1209.9719749943297,1203.8366546072875,1274.1671730660917,70.33051845880414,5.51972456562072,0.01,-6.1353203870422295
proxy_hardened_no_worst_hours_high_margin,proxy_hardened_no_worst_hours_high_margin-000427,2024-09-03 13:00:00,1203.8366546072875,1216.5095271821192,1274.1671730660917,57.657645883972464,4.525124104808635,0.01,12.6728725748316
proxy_hardened_no_worst_hours_high_margin,proxy_hardened_no_worst_hours_high_margin-000428,2024-09-03 15:30:00,1216.5095271821192,1208.5310111400258,1274.1671730660917,65.63616192606582,5.151299084885562,0.01,-7.978516042093434
proxy_hardened_no_worst_hours_high_margin,proxy_hardened_no_worst_hours_high_margin-000429,2024-09-04 10:00:00,1208.5310111400258,1203.5594378138462,1274.1671730660917,70.60773525224545,5.541481270651366,0.01,-4.971573326179696
proxy_hardened_no_worst_hours_high_margin,proxy_hardened_no_worst_hours_high_margin-000430,2024-09-05 13:15:00,1203.5594378138462,1198.0938863442757,1274.1671730660917,76.07328672181598,5.970432163838992,0.01,-5.465551469570601
proxy_hardened_no_worst_hours_high_margin,proxy_hardened_no_worst_hours_high_margin-000431,2024-09-05 14:15:00,1198.0938863442757,1191.8934885667245,1274.1671730660917,82.27368449936716,6.457055733227526,0.01,-6.200397777551261
proxy_hardened_no_worst_hours_high_margin,proxy_hardened_no_worst_hours_high_margin-000432,2024-09-11 14:45:00,1191.8934885667245,1184.646754191388,1274.1671730660917,89.52041887470364,7.025798558228918,0.01,-7.246734375336546
proxy_hardened_no_worst_hours_high_margin,proxy_hardened_no_worst_hours_high_margin-000433,2024-09-12 10:15:00,1184.646754191388,1181.630341485105,1274.1671730660917,92.5368315809867,7.262534582358667,0.01,-3.016412706283136
proxy_hardened_no_worst_hours_high_margin,proxy_hardened_no_worst_hours_high_margin-000434,2024-09-13 15:15:00,1181.630341485105,1193.3502377514783,1274.1671730660917,80.81693531461337,6.342726215441539,0.01,11.719896266373253
proxy_hardened_no_worst_hours_high_margin,proxy_hardened_no_worst_hours_high_margin-000435,2024-09-16 13:45:00,1193.3502377514783,1188.3396337993772,1274.1671730660917,85.82753926671444,6.735971627661963,0.01,-5.010603952101137
proxy_hardened_no_worst_hours_high_margin,proxy_hardened_no_worst_hours_high_margin-000436,2024-09-18 18:30:00,1188.3396337993772,1178.9528354322715,1274.1671730660917,95.21433763382015,7.47267231855465,0.01,-9.386798367105785
proxy_hardened_no_worst_hours_high_margin,proxy_hardened_no_worst_hours_high_margin-000437,2024-09-19 14:30:00,1178.9528354322715,1193.7742198560136,1274.1671730660917,80.39295321007808,6.309450981743983,0.01,14.821384423742002
proxy_hardened_no_worst_hours_high_margin,proxy_hardened_no_worst_hours_high_margin-000438,2024-09-20 14:15:00,1193.7742198560136,1206.4016202865087,1274.1671730660917,67.765552779583,5.318419294739432,0.01,12.627400430495
proxy_hardened_no_worst_hours_high_margin,proxy_hardened_no_worst_hours_high_margin-000439,2024-09-23 15:30:00,1206.4016202865087,1200.6492247923838,1274.1671730660917,73.51794827370782,5.769882463444567,0.01,-5.752395494124885
proxy_hardened_no_worst_hours_high_margin,proxy_hardened_no_worst_hours_high_margin-000440,2024-09-24 13:00:00,1200.6492247923838,1211.88576455056,1274.1671730660917,62.281408515531666,4.888009190007684,0.01,11.236539758176077
proxy_hardened_no_worst_hours_high_margin,proxy_hardened_no_worst_hours_high_margin-000441,2024-09-25 14:00:00,1211.88576455056,1206.4644175878743,1274.1671730660917,67.70275547821734,5.313490796918025,0.01,-5.421346962685748
proxy_hardened_no_worst_hours_high_margin,proxy_hardened_no_worst_hours_high_margin-000442,2024-09-25 19:15:00,1206.4644175878743,1201.9093984415954,1274.1671730660917,72.25777462449628,5.670980712100659,0.01,-4.55501914627901
proxy_hardened_no_worst_hours_high_margin,proxy_hardened_no_worst_hours_high_margin-000443,2024-10-01 13:00:00,1201.9093984415954,1210.1954695443546,1274.1671730660917,63.97170352173703,5.020667999772646,0.01,8.286071102759179
proxy_hardened_no_worst_hours_high_margin,proxy_hardened_no_worst_hours_high_margin-000444,2024-10-01 15:30:00,1210.1954695443546,1202.2718139203366,1274.1671730660917,71.89535914575504,5.642537389560089,0.01,-7.9236556240180835
proxy_hardened_no_worst_hours_high_margin,proxy_hardened_no_worst_hours_high_margin-000445,2024-10-11 10:45:00,1202.2718139203366,1209.5803645511287,1274.1671730660917,64.58680851496297,5.068943061807543,0.01,7.308550630791997
proxy_hardened_no_worst_hours_high_margin,proxy_hardened_no_worst_hours_high_margin-000446,2024-10-11 19:45:00,1209.5803645511287,1205.8368558346938,1274.1671730660917,68.33031723139788,5.3627434983253615,0.01,-3.74350871643499
proxy_hardened_no_worst_hours_high_margin,proxy_hardened_no_worst_hours_high_margin-000447,2024-10-15 14:15:00,1205.8368558346938,1218.8205717965252,1274.1671730660917,55.34660126956646,4.343747228739474,0.01,12.983715961831349
proxy_hardened_no_worst_hours_high_margin,proxy_hardened_no_worst_hours_high_margin-000448,2024-10-16 14:15:00,1218.8205717965252,1212.828322376441,1274.1671730660917,61.3388506896506,4.814034766101208,0.01,-5.9922494200842085
proxy_hardened_no_worst_hours_high_margin,proxy_hardened_no_worst_hours_high_margin-000449,2024-10-16 19:45:00,1212.828322376441,1220.8348430226843,1274.1671730660917,53.33233004340741,4.1856619108363295,0.01,8.006520646243116
proxy_hardened_no_worst_hours_high_margin,proxy_hardened_no_worst_hours_high_margin-000450,2024-10-18 13:30:00,1220.8348430226843,1232.0008753306602,1274.1671730660917,42.1662977354315,3.3093222480347415,0.01,11.166032307975838
proxy_hardened_no_worst_hours_high_margin,proxy_hardened_no_worst_hours_high_margin-000451,2024-10-21 10:45:00,1232.0008753306602,1227.5445021642345,1274.1671730660917,46.62267090185719,3.6590701665674485,0.01,-4.456373166425765
proxy_hardened_no_worst_hours_high_margin,proxy_hardened_no_worst_hours_high_margin-000452,2024-10-22 10:00:00,1227.5445021642345,1223.5116995135795,1274.1671730660917,50.65547355251215,3.9755751539742916,0.01,-4.0328026506550305
proxy_hardened_no_worst_hours_high_margin,proxy_hardened_no_worst_hours_high_margin-000453,2024-10-22 13:00:00,1223.5116995135795,1232.5706113901415,1274.1671730660917,41.59656167595017,3.2646078595679326,0.01,9.058911876561906
proxy_hardened_no_worst_hours_high_margin,proxy_hardened_no_worst_hours_high_margin-000454,2024-10-24 13:30:00,1232.5706113901415,1227.9936800185192,1274.1671730660917,46.17349304757249,3.6238175039828504,0.01,-4.576931371622395
proxy_hardened_no_worst_hours_high_margin,proxy_hardened_no_worst_hours_high_margin-000455,2024-10-29 13:00:00,1227.9936800185192,1238.3328676676597,1274.1671730660917,35.83430539843198,2.812370790577041,0.01,10.33918764914044
proxy_hardened_no_worst_hours_high_margin,proxy_hardened_no_worst_hours_high_margin-000456,2024-10-30 13:00:00,1238.3328676676597,1233.4557795941741,1274.1671730660917,40.71139347191752,3.195137524533117,0.01,-4.877088073485611
proxy_hardened_no_worst_hours_high_margin,proxy_hardened_no_worst_hours_high_margin-000457,2024-11-06 10:00:00,1233.4557795941741,1255.8141840409257,1274.1671730660917,18.352989025165925,1.4403909795448753,0.01,22.35840444675152
proxy_hardened_no_worst_hours_high_margin,proxy_hardened_no_worst_hours_high_margin-000458,2024-11-08 10:00:00,1255.8141840409257,1250.2385719677982,1274.1671730660917,23.928601098293484,1.8779797191535632,0.01,-5.5756120731276315
proxy_hardened_no_worst_hours_high_margin,proxy_hardened_no_worst_hours_high_margin-000459,2024-11-08 15:45:00,1250.2385719677982,1265.3946998725855,1274.1671730660917,8.77247319350613,0.688486831158622,0.01,15.156127904787281
proxy_hardened_no_worst_hours_high_margin,proxy_hardened_no_worst_hours_high_margin-000460,2024-11-12 15:15:00,1265.3946998725855,1256.6952838761008,1274.1671730660917,17.47188918999086,1.3712399408271827,0.01,-8.699415996484804
proxy_hardened_no_worst_hours_high_margin,proxy_hardened_no_worst_hours_high_margin-000461,2024-11-13 15:45:00,1256.6952838761008,1271.5050310299794,1274.1671730660917,2.6621420361123,0.20893192764543256,0.01,14.809747153878488
proxy_hardened_no_worst_hours_high_margin,proxy_hardened_no_worst_hours_high_margin-000462,2024-11-19 13:30:00,1271.5050310299794,1265.3233122850215,1274.1671730660917,8.843860781070134,0.6940895172953415,0.01,-6.181718744957907
proxy_hardened_no_worst_hours_high_margin,proxy_hardened_no_worst_hours_high_margin-000463,2024-11-19 18:45:00,1265.3233122850215,1259.4295159191938,1274.1671730660917,14.737657146897845,1.1566501993167733,0.01,-5.893796365827784
proxy_hardened_no_worst_hours_high_margin,proxy_hardened_no_worst_hours_high_margin-000464,2024-11-21 18:00:00,1259.4295159191938,1271.7904135179751,1274.1671730660917,2.3767595481165245,0.18653435737142796,0.01,12.360897598781248
proxy_hardened_no_worst_hours_high_margin,proxy_hardened_no_worst_hours_high_margin-000465,2024-11-22 21:00:00,1271.7904135179751,1266.8159127542644,1274.1671730660917,7.351260311827218,0.5769462961549634,0.01,-4.9745007637107665
proxy_hardened_no_worst_hours_high_margin,proxy_hardened_no_worst_hours_high_margin-000466,2024-11-26 14:30:00,1266.8159127542644,1258.5294153303794,1274.1671730660917,15.637757735712285,1.2272924672892311,0.01,-8.28649742388514
proxy_hardened_no_worst_hours_high_margin,proxy_hardened_no_worst_hours_high_margin-000467,2024-11-27 13:30:00,1258.5294153303794,1253.0812579632848,1274.1671730660917,21.085915102806894,1.6548782254424914,0.01,-5.448157367094682
proxy_hardened_no_worst_hours_high_margin,proxy_hardened_no_worst_hours_high_margin-000468,2024-11-28 13:00:00,1253.0812579632848,1249.103720064153,1274.1671730660917,25.06345300193857,1.9670458894045384,0.01,-3.9775378991317485
proxy_hardened_no_worst_hours_high_margin,proxy_hardened_no_worst_hours_high_margin-000469,2024-11-29 10:30:00,1249.103720064153,1243.633285281756,1274.1671730660917,30.533887784335775,2.3963800378611673,0.01,-5.4704347823972785
proxy_hardened_no_worst_hours_high_margin,proxy_hardened_no_worst_hours_high_margin-000470,2024-12-10 13:15:00,1243.633285281756,1254.2768108061186,1274.1671730660917,19.890362259973017,1.5610480854023143,0.01,10.643525524362685
proxy_hardened_no_worst_hours_high_margin,proxy_hardened_no_worst_hours_high_margin-000471,2024-12-17 13:45:00,1254.2768108061186,1248.6628074108307,1274.1671730660917,25.504365655260926,2.0016498772204674,0.01,-5.614003395287982
proxy_hardened_no_worst_hours_high_margin,proxy_hardened_no_worst_hours_high_margin-000472,2024-12-17 15:30:00,1248.6628074108307,1242.3278310777532,1274.1671730660917,31.839341988338447,2.49883552655982,0.01,-6.334976333077593
proxy_hardened_no_worst_hours_high_margin,proxy_hardened_no_worst_hours_high_margin-000473,2024-12-23 13:30:00,1242.3278310777532,1251.1790003693372,1274.1671730660917,22.988172696754418,1.8041724180852061,0.01,8.851169291583956
proxy_hardened_no_worst_hours_high_margin,proxy_hardened_no_worst_hours_high_margin-000474,2024-12-26 18:00:00,1251.1790003693372,1247.0056176890243,1274.1671730660917,27.161555377067316,2.1317104969599177,0.01,-4.1733826803129705
proxy_hardened_no_worst_hours_high_margin,proxy_hardened_no_worst_hours_high_margin-000475,2024-12-30 13:30:00,1247.0056176890243,1257.6824359851835,1274.1671730660917,16.48473708090819,1.2937656399701578,0.01,10.676818296159054
proxy_hardened_no_worst_hours_high_margin,proxy_hardened_no_worst_hours_high_margin-000476,2024-12-31 19:30:00,1257.6824359851835,1266.456816119818,1274.1671730660917,7.710356946273578,0.6051291470427513,0.01,8.774380134634539
proxy_hardened_no_worst_hours_high_margin,proxy_hardened_no_worst_hours_high_margin-000477,2025-01-02 10:00:00,1266.456816119818,1274.6739052758735,1274.6739052758735,0.0,0.0,0.01,8.217089156055335
proxy_hardened_no_worst_hours_high_margin,proxy_hardened_no_worst_hours_high_margin-000478,2025-01-02 14:00:00,1274.6739052758735,1286.4718944284618,1286.4718944284618,0.0,0.0,0.01,11.79798915258827
proxy_hardened_no_worst_hours_high_margin,proxy_hardened_no_worst_hours_high_margin-000479,2025-01-06 10:00:00,1286.4718944284618,1282.1913905106362,1286.4718944284618,4.280503917825627,0.33273201974826794,0.01,-4.280503917825699
proxy_hardened_no_worst_hours_high_margin,proxy_hardened_no_worst_hours_high_margin-000480,2025-01-06 13:15:00,1282.1913905106362,1276.2147694988748,1286.4718944284618,10.257124929587008,0.7973065695418025,0.01,-5.976621011761454
proxy_hardened_no_worst_hours_high_margin,proxy_hardened_no_worst_hours_high_margin-000481,2025-01-07 10:00:00,1276.2147694988748,1283.832900811261,1286.4718944284618,2.6389936172008674,0.2051341835472657,0.01,7.618131312386067
proxy_hardened_no_worst_hours_high_margin,proxy_hardened_no_worst_hours_high_margin-000482,2025-01-08 10:45:00,1283.832900811261,1280.82480004522,1286.4718944284618,5.6470943832418925,0.4389597944345853,0.01,-3.008100766041098
proxy_hardened_no_worst_hours_high_margin,proxy_hardened_no_worst_hours_high_margin-000483,2025-01-08 13:00:00,1280.82480004522,1276.8426612891712,1286.4718944284618,9.62923313929059,0.7484993011501856,0.01,-3.982138756048771
proxy_hardened_no_worst_hours_high_margin,proxy_hardened_no_worst_hours_high_margin-000484,2025-01-09 14:45:00,1276.8426612891712,1271.183096559399,1286.4718944284618,15.288797869062819,1.1884284402384975,0.01,-5.659564729772301
proxy_hardened_no_worst_hours_high_margin,proxy_hardened_no_worst_hours_high_margin-000485,2025-01-09 18:15:00,1271.183096559399,1282.267527633372,1286.4718944284618,4.204366795089754,0.32681373089441795,0.01,11.084431073972992
proxy_hardened_no_worst_hours_high_margin,proxy_hardened_no_worst_hours_high_margin-000486,2025-01-15 13:00:00,1282.267527633372,1278.5924838146743,1286.4718944284618,7.879410613787513,0.612482141888384,0.01,-3.675043818697832
proxy_hardened_no_worst_hours_high_margin,proxy_hardened_no_worst_hours_high_margin-000487,2025-01-15 13:30:00,1278.5924838146743,1273.8424511342664,1286.4718944284618,12.629443294195426,0.9817115592568993,0.01,-4.750032680407985
proxy_hardened_no_worst_hours_high_margin,proxy_hardened_no_worst_hours_high_margin-000488,2025-01-23 19:45:00,1273.8424511342664,1283.329890819124,1286.4718944284618,3.142003609337735,0.24423414323665624,0.01,9.487439684857618
proxy_hardened_no_worst_hours_high_margin,proxy_hardened_no_worst_hours_high_margin-000489,2025-01-24 10:00:00,1283.329890819124,1292.0828485034958,1292.0828485034958,0.0,0.0,0.01,8.75295768437165
proxy_hardened_no_worst_hours_high_margin,proxy_hardened_no_worst_hours_high_margin-000490,2025-01-24 14:30:00,1292.0828485034958,1286.8615256198054,1292.0828485034958,5.221322883690391,0.4041012454996816,0.01,-5.221322883690464
proxy_hardened_no_worst_hours_high_margin,proxy_hardened_no_worst_hours_high_margin-000491,2025-01-30 19:30:00,1286.8615256198054,1296.9156804369718,1296.9156804369718,0.0,0.0,0.01,10.05415481716629
proxy_hardened_no_worst_hours_high_margin,proxy_hardened_no_worst_hours_high_margin-000492,2025-02-03 10:00:00,1296.9156804369718,1308.3400765354913,1308.3400765354913,0.0,0.0,0.01,11.424396098519464
proxy_hardened_no_worst_hours_high_margin,proxy_hardened_no_worst_hours_high_margin-000493,2025-02-04 21:30:00,1308.3400765354913,1316.4781322229746,1316.4781322229746,0.0,0.0,0.01,8.138055687483229
proxy_hardened_no_worst_hours_high_margin,proxy_hardened_no_worst_hours_high_margin-000494,2025-02-05 14:30:00,1316.4781322229746,1327.7532519374881,1327.7532519374881,0.0,0.0,0.01,11.275119714513421
proxy_hardened_no_worst_hours_high_margin,proxy_hardened_no_worst_hours_high_margin-000495,2025-02-07 10:00:00,1327.7532519374881,1323.6430724952284,1327.7532519374881,4.110179442259778,0.3095589814042714,0.01,-4.1101794422598505
proxy_hardened_no_worst_hours_high_margin,proxy_hardened_no_worst_hours_high_margin-000496,2025-02-10 13:45:00,1323.6430724952284,1335.485393088636,1335.485393088636,0.0,0.0,0.01,11.842320593407676
proxy_hardened_no_worst_hours_high_margin,proxy_hardened_no_worst_hours_high_margin-000497,2025-02-12 18:45:00,1335.485393088636,1328.3999424363833,1335.485393088636,7.085450652252803,0.5305524634654347,0.01,-7.0854506522528755
proxy_hardened_no_worst_hours_high_margin,proxy_hardened_no_worst_hours_high_margin-000498,2025-02-12 19:45:00,1328.3999424363833,1341.9357629840192,1341.9357629840192,0.0,0.0,0.01,13.535820547635849
proxy_hardened_no_worst_hours_high_margin,proxy_hardened_no_worst_hours_high_margin-000499,2025-02-13 10:15:00,1341.9357629840192,1336.2977416998806,1341.9357629840192,5.638021284138631,0.4201409217682332,0.01,-5.638021284138704
proxy_hardened_no_worst_hours_high_margin,proxy_hardened_no_worst_hours_high_margin-000500,2025-02-13 14:45:00,1336.2977416998806,1350.2762705655932,1350.2762705655932,0.0,0.0,0.01,13.97852886571256
proxy_hardened_no_worst_hours_high_margin,proxy_hardened_no_worst_hours_high_margin-000501,2025-02-14 10:45:00,1350.2762705655932,1345.6249156556382,1350.2762705655932,4.651354909954989,0.34447431324603417,0.01,-4.651354909955062
proxy_hardened_no_worst_hours_high_margin,proxy_hardened_no_worst_hours_high_margin-000502,2025-02-18 10:00:00,1345.6249156556382,1341.480483837754,1350.2762705655932,8.795786727839186,0.6514064506336081,0.01,-4.14443181788427
proxy_hardened_no_worst_hours_high_margin,proxy_hardened_no_worst_hours_high_margin-000503,2025-02-18 13:00:00,1341.480483837754,1350.207099513208,1350.2762705655932,0.06917105238517252,0.0051227333171010025,0.01,8.72661567545394
proxy_hardened_no_worst_hours_high_margin,proxy_hardened_no_worst_hours_high_margin-000504,2025-02-19 13:00:00,1350.207099513208,1344.456485538206,1350.2762705655932,5.819785027387297,0.4310069838485387,0.01,-5.750613975002198
proxy_hardened_no_worst_hours_high_margin,proxy_hardened_no_worst_hours_high_margin-000505,2025-02-19 14:00:00,1344.456485538206,1338.1330361749187,1350.2762705655932,12.143234390674479,0.899314803598527,0.01,-6.323449363287255
proxy_hardened_no_worst_hours_high_margin,proxy_hardened_no_worst_hours_high_margin-000506,2025-02-26 15:00:00,1338.1330361749187,1330.3423347399034,1350.2762705655932,19.933935825689787,1.4762857246495202,0.01,-7.7907014350153805
proxy_hardened_no_worst_hours_high_margin,proxy_hardened_no_worst_hours_high_margin-000507,2025-02-27 10:15:00,1330.3423347399034,1345.5841684423985,1350.2762705655932,4.6921021231946725,0.3474920077821764,0.01,15.241833702495041
proxy_hardened_no_worst_hours_high_margin,proxy_hardened_no_worst_hours_high_margin-000508,2025-02-28 15:45:00,1345.5841684423985,1336.6473715407215,1350.2762705655932,13.628899024871771,1.009341519359072,0.01,-8.936796901677171
proxy_hardened_no_worst_hours_high_margin,proxy_hardened_no_worst_hours_high_margin-000509,2025-03-04 18:00:00,1336.6473715407215,1329.3805762806146,1350.2762705655932,20.895694284978617,1.5475125158073015,0.01,-7.266795260106919
proxy_hardened_no_worst_hours_high_margin,proxy_hardened_no_worst_hours_high_margin-000510,2025-03-06 18:45:00,1329.3805762806146,1322.4433683203606,1350.2762705655932,27.832902245232617,2.061274633344048,0.01,-6.937207960254073
proxy_hardened_no_worst_hours_high_margin,proxy_hardened_no_worst_hours_high_margin-000511,2025-03-07 14:45:00,1322.4433683203606,1313.8795621202999,1350.2762705655932,36.39670844529337,2.695500857024452,0.01,-8.563806200060826
proxy_hardened_no_worst_hours_high_margin,proxy_hardened_no_worst_hours_high_margin-000512,2025-03-10 13:15:00,1313.8795621202999,1306.6670103936008,1350.2762705655932,43.609260171992446,3.229654636063903,0.01,-7.212551726699148
proxy_hardened_no_worst_hours_high_margin,proxy_hardened_no_worst_hours_high_margin-000513,2025-03-10 14:15:00,1306.6670103936008,1321.9465174670208,1350.2762705655932,28.329753098572382,2.098070870097261,0.01,15.27950707341999
proxy_hardened_no_worst_hours_high_margin,proxy_hardened_no_worst_hours_high_margin-000514,2025-03-11 14:45:00,1321.9465174670208,1315.5644420578856,1350.2762705655932,34.71182850770765,2.57072047138678,0.01,-6.382075409135341
proxy_hardened_no_worst_hours_high_margin,proxy_hardened_no_worst_hours_high_margin-000515,2025-03-13 10:15:00,1315.5644420578856,1310.9977053815974,1350.2762705655932,39.27856518399585,2.908928049779261,0.01,-4.566736676288274
proxy_hardened_no_worst_hours_high_margin,proxy_hardened_no_worst_hours_high_margin-000516,2025-03-16 22:00:00,1310.9977053815974,1305.3047546986531,1350.2762705655932,44.97151586694008,3.3305418192754557,0.01,-5.692950682944302
proxy_hardened_no_worst_hours_high_margin,proxy_hardened_no_worst_hours_high_margin-000517,2025-03-17 14:15:00,1305.3047546986531,1317.9916782656314,1350.2762705655932,32.28459229996179,2.39096198339016,0.01,12.686923566978221
proxy_hardened_no_worst_hours_high_margin,proxy_hardened_no_worst_hours_high_margin-000518,2025-03-18 14:15:00,1317.9916782656314,1333.1970803812715,1350.2762705655932,17.07919018432176,1.2648663504371414,0.01,15.205402115639954
proxy_hardened_no_worst_hours_high_margin,proxy_hardened_no_worst_hours_high_margin-000519,2025-03-19 19:15:00,1333.1970803812715,1348.2265335445986,1350.2762705655932,2.0497370209945984,0.1518013065678789,0.01,15.029453163327089
proxy_hardened_no_worst_hours_high_margin,proxy_hardened_no_worst_hours_high_margin-000520,2025-03-27 15:45:00,1348.2265335445986,1364.6697619072893,1364.6697619072893,0.0,0.0,0.01,16.44322836269059
proxy_hardened_no_worst_hours_high_margin,proxy_hardened_no_worst_hours_high_margin-000521,2025-03-31 14:30:00,1364.6697619072893,1384.8951486084793,1384.8951486084793,0.0,0.0,0.01,20.225386701189947
proxy_hardened_no_worst_hours_high_margin,proxy_hardened_no_worst_hours_high_margin-000522,2025-04-07 13:45:00,1384.8951486084793,1368.1276495213624,1384.8951486084793,16.767499087116903,1.2107414127318317,0.01,-16.767499087116974
proxy_hardened_no_worst_hours_high_margin,proxy_hardened_no_worst_hours_high_margin-000523,2025-04-07 14:30:00,1368.1276495213624,1409.0323874910391,1409.0323874910391,0.0,0.0,0.01,40.904737969676646
proxy_hardened_no_worst_hours_high_margin,proxy_hardened_no_worst_hours_high_margin-000524,2025-04-09 13:00:00,1409.0323874910391,1438.1909588367694,1438.1909588367694,0.0,0.0,0.01,29.15857134573018
proxy_hardened_no_worst_hours_high_margin,proxy_hardened_no_worst_hours_high_margin-000525,2025-04-10 10:00:00,1438.1909588367694,1460.1241545385305,1460.1241545385305,0.0,0.0,0.01,21.933195701761107
proxy_hardened_no_worst_hours_high_margin,proxy_hardened_no_worst_hours_high_margin-000526,2025-04-11 14:15:00,1460.1241545385305,1443.99138696502,1460.1241545385305,16.13276757351059,1.1048901234436,0.01,-16.132767573510662
proxy_hardened_no_worst_hours_high_margin,proxy_hardened_no_worst_hours_high_margin-000527,2025-04-22 10:00:00,1443.99138696502,1428.7476320621709,1460.1241545385305,31.376522476359696,2.148894145667783,0.01,-15.243754902849178
proxy_hardened_no_worst_hours_high_margin,proxy_hardened_no_worst_hours_high_margin-000528,2025-04-25 10:15:00,1428.7476320621709,1452.3228209387717,1460.1241545385305,7.801333599758891,0.5342924829720721,0.01,23.575188876600734
proxy_hardened_no_worst_hours_high_margin,proxy_hardened_no_worst_hours_high_margin-000529,2025-04-28 10:00:00,1452.3228209387717,1442.3169489068346,1460.1241545385305,17.80720563169598,1.2195679097798304,0.01,-10.00587203193716
proxy_hardened_no_worst_hours_high_margin,proxy_hardened_no_worst_hours_high_margin-000530,2025-05-01 14:15:00,1442.3169489068346,1428.9051324091588,1460.1241545385305,31.21902212937175,2.1381073679476565,0.01,-13.411816497675845
proxy_hardened_no_worst_hours_high_margin,proxy_hardened_no_worst_hours_high_margin-000531,2025-05-06 14:45:00,1428.9051324091588,1451.3952510656281,1460.1241545385305,8.728903472902402,0.5978192639146604,0.01,22.490118656469278
proxy_hardened_no_worst_hours_high_margin,proxy_hardened_no_worst_hours_high_margin-000532,2025-05-09 18:00:00,1451.3952510656281,1442.2535098262774,1460.1241545385305,17.870644712253124,1.223912682815737,0.01,-9.141741239350795
proxy_hardened_no_worst_hours_high_margin,proxy_hardened_no_worst_hours_high_margin-000533,2025-05-13 14:15:00,1442.2535098262774,1430.918600668047,1460.1241545385305,29.205553870483527,2.000210309493434,0.01,-11.334909158230476
proxy_hardened_no_worst_hours_high_margin,proxy_hardened_no_worst_hours_high_margin-000534,2025-05-16 13:30:00,1430.918600668047,1415.7032407059728,1460.1241545385305,44.420913832557744,3.0422696381320318,0.01,-15.21535996207429
proxy_hardened_no_worst_hours_high_margin,proxy_hardened_no_worst_hours_high_margin-000535,2025-05-21 10:00:00,1415.7032407059728,1407.2215805422015,1460.1241545385305,52.90257399632901,3.6231558687588983,0.01,-8.48166016377134
proxy_hardened_no_worst_hours_high_margin,proxy_hardened_no_worst_hours_high_margin-000536,2025-05-21 14:15:00,1407.2215805422015,1429.6087638613421,1460.1241545385305,30.515390677188407,2.0899175308029023,0.01,22.387183319140533
proxy_hardened_no_worst_hours_high_margin,proxy_hardened_no_worst_hours_high_margin-000537,2025-05-23 14:00:00,1429.6087638613421,1416.073161058776,1460.1241545385305,44.05099347975465,3.0169347820752193,0.01,-13.535602802566318
proxy_hardened_no_worst_hours_high_margin,proxy_hardened_no_worst_hours_high_margin-000538,2025-05-26 18:00:00,1416.073161058776,1424.4519763401681,1460.1241545385305,35.67217819836242,2.4430921225076605,0.01,8.378815281392162
proxy_hardened_no_worst_hours_high_margin,proxy_hardened_no_worst_hours_high_margin-000539,2025-05-27 13:15:00,1424.4519763401681,1415.4200820469441,1460.1241545385305,44.70407249158643,3.0616624177219416,0.01,-9.031894293224086
proxy_hardened_no_worst_hours_high_margin,proxy_hardened_no_worst_hours_high_margin-000540,2025-05-30 14:45:00,1415.4200820469441,1402.8293738227503,1460.1241545385305,57.294780715780234,3.923966365304609,0.01,-12.590708224193877
proxy_hardened_no_worst_hours_high_margin,proxy_hardened_no_worst_hours_high_margin-000541,2025-06-02 13:30:00,1402.8293738227503,1421.3194946175986,1460.1241545385305,38.804659920931954,2.6576274216349836,0.01,18.49012079484821
proxy_hardened_no_worst_hours_high_margin,proxy_hardened_no_worst_hours_high_margin-000542,2025-06-04 19:00:00,1421.3194946175986,1414.4517281614517,1460.1241545385305,45.672426377078864,3.1279823866425622,0.01,-6.867766456146983
proxy_hardened_no_worst_hours_high_margin,proxy_hardened_no_worst_hours_high_margin-000543,2025-06-10 14:00:00,1414.4517281614517,1406.197148331783,1460.1241545385305,53.92700620674759,3.6933164922397386,0.01,-8.2545798296688
proxy_hardened_no_worst_hours_high_margin,proxy_hardened_no_worst_hours_high_margin-000544,2025-06-11 14:30:00,1406.197148331783,1395.1504380231527,1460.1241545385305,64.97371651537787,4.44987615014921,0.01,-11.046710308630354
proxy_hardened_no_worst_hours_high_margin,proxy_hardened_no_worst_hours_high_margin-000545,2025-06-12 14:30:00,1395.1504380231527,1418.9492446350068,1460.1241545385305,41.17490990352371,2.8199595065624377,0.01,23.79880661185409
proxy_hardened_no_worst_hours_high_margin,proxy_hardened_no_worst_hours_high_margin-000546,2025-06-13 14:00:00,1418.9492446350068,1439.582538386493,1460.1241545385305,20.541616152037477,1.4068403764287851,0.01,20.633293751486164
proxy_hardened_no_worst_hours_high_margin,proxy_hardened_no_worst_hours_high_margin-000547,2025-06-19 15:00:00,1439.582538386493,1431.885095434774,1460.1241545385305,28.239059103756517,1.9340176666470816,0.01,-7.697442951719113
proxy_hardened_no_worst_hours_high_margin,proxy_hardened_no_worst_hours_high_margin-000548,2025-06-24 15:15:00,1431.885095434774,1420.598176183532,1460.1241545385305,39.52597835499864,2.7070285928863873,0.01,-11.286919251242198
proxy_hardened_no_worst_hours_high_margin,proxy_hardened_no_worst_hours_high_margin-000549,2025-06-25 14:00:00,1420.598176183532,1413.2560853304076,1460.1241545385305,46.86806920812296,3.2098687678333437,0.01,-7.342090853124391
proxy_hardened_no_worst_hours_high_margin,proxy_hardened_no_worst_hours_high_margin-000550,2025-06-26 15:00:00,1413.2560853304076,1403.412430047597,1460.1241545385305,56.71172449093365,3.884034403146853,0.01,-9.84365528281076
proxy_hardened_no_worst_hours_high_margin,proxy_hardened_no_worst_hours_high_margin-000551,2025-06-27 10:15:00,1403.412430047597,1419.2677573516403,1460.1241545385305,40.85639718689026,2.798145422079046,0.01,15.855327304043312
proxy_hardened_no_worst_hours_high_margin,proxy_hardened_no_worst_hours_high_margin-000552,2025-06-27 14:00:00,1419.2677573516403,1408.644904277699,1460.1241545385305,51.47925026083158,3.5256762310806025,0.01,-10.622853073941387
proxy_hardened_no_worst_hours_high_margin,proxy_hardened_no_worst_hours_high_margin-000553,2025-07-01 13:15:00,1408.644904277699,1401.9109611736199,1460.1241545385305,58.213193364910694,3.986865992454516,0.01,-6.73394310407919
proxy_hardened_no_worst_hours_high_margin,proxy_hardened_no_worst_hours_high_margin-000554,2025-07-02 13:00:00,1401.9109611736199,1395.1416223962724,1460.1241545385305,64.98253214225815,4.450479908867459,0.01,-6.76933877734753
proxy_hardened_no_worst_hours_high_margin,proxy_hardened_no_worst_hours_high_margin-000555,2025-07-07 10:15:00,1395.1416223962724,1406.7606801985185,1460.1241545385305,53.36347434001209,3.6547217011746183,0.01,11.619057802245988
proxy_hardened_no_worst_hours_high_margin,proxy_hardened_no_worst_hours_high_margin-000556,2025-07-08 10:30:00,1406.7606801985185,1417.7473092875525,1460.1241545385305,42.37684525097802,2.9022768453803947,0.01,10.986629089033995
proxy_hardened_no_worst_hours_high_margin,proxy_hardened_no_worst_hours_high_margin-000557,2025-07-09 10:00:00,1417.7473092875525,1411.7276686437317,1460.1241545385305,48.39648589479884,3.314545940793265,0.01,-6.019640643820894
proxy_hardened_no_worst_hours_high_margin,proxy_hardened_no_worst_hours_high_margin-000558,2025-07-10 14:45:00,1411.7276686437317,1403.7131998013583,1460.1241545385305,56.41095473717223,3.863435486758372,0.01,-8.014468842373462
proxy_hardened_no_worst_hours_high_margin,proxy_hardened_no_worst_hours_high_margin-000559,2025-07-11 18:00:00,1403.7131998013583,1416.2378179510824,1460.1241545385305,43.88633658744811,3.0056578716977875,0.01,12.524618149724047
proxy_hardened_no_worst_hours_high_margin,proxy_hardened_no_worst_hours_high_margin-000560,2025-07-14 10:15:00,1416.2378179510824,1410.0546373451875,1460.1241545385305,50.06951719334302,3.429127381922354,0.01,-6.183180605894977
proxy_hardened_no_worst_hours_high_margin,proxy_hardened_no_worst_hours_high_margin-000561,2025-07-15 10:15:00,1410.0546373451875,1404.6254202235982,1460.1241545385305,55.498734314932335,3.8009599486745427,0.01,-5.4292171215893905
proxy_hardened_no_worst_hours_high_margin,proxy_hardened_no_worst_hours_high_margin-000562,2025-07-16 15:45:00,1404.6254202235982,1389.4311067121735,1460.1241545385305,70.69304782635709,4.8415778621715555,0.01,-15.194313511424825
proxy_hardened_no_worst_hours_high_margin,proxy_hardened_no_worst_hours_high_margin-000563,2025-07-17 10:30:00,1389.4311067121735,1399.867498998904,1460.1241545385305,60.256655539626536,4.126817254021152,0.01,10.436392286730479
proxy_hardened_no_worst_hours_high_margin,proxy_hardened_no_worst_hours_high_margin-000564,2025-07-18 14:00:00,1399.867498998904,1394.237701715956,1460.1241545385305,65.88645282257448,4.512387019814611,0.01,-5.6297972829480205
proxy_hardened_no_worst_hours_high_margin,proxy_hardened_no_worst_hours_high_margin-000565,2025-07-25 13:30:00,1394.237701715956,1406.7446171138727,1460.1241545385305,53.37953742465788,3.655821818900625,0.01,12.506915397916528
proxy_hardened_no_worst_hours_high_margin,proxy_hardened_no_worst_hours_high_margin-000566,2025-08-04 15:30:00,1406.7446171138727,1399.8618349832045,1460.1241545385305,60.26231955532603,4.127205167314818,0.01,-6.88278213066822
proxy_hardened_no_worst_hours_high_margin,proxy_hardened_no_worst_hours_high_margin-000567,2025-08-05 18:00:00,1399.8618349832045,1393.5256014871352,1460.1241545385305,66.59855305139536,4.561156860831721,0.01,-6.336233496069399
proxy_hardened_no_worst_hours_high_margin,proxy_hardened_no_worst_hours_high_margin-000568,2025-08-07 13:45:00,1393.5256014871352,1384.9572743209087,1460.1241545385305,75.16688021762184,5.1479786827701774,0.01,-8.568327166226554
proxy_hardened_no_worst_hours_high_margin,proxy_hardened_no_worst_hours_high_margin-000569,2025-08-11 13:00:00,1384.9572743209087,1376.017065284576,1460.1241545385305,84.10708925395465,5.760269699841829,0.01,-8.94020903633289
proxy_hardened_no_worst_hours_high_margin,proxy_hardened_no_worst_hours_high_margin-000570,2025-08-11 14:15:00,1376.017065284576,1393.840943304996,1460.1241545385305,66.28321123353453,4.5395599427285145,0.01,17.823878020420054
proxy_hardened_no_worst_hours_high_margin,proxy_hardened_no_worst_hours_high_margin-000571,2025-08-12 14:30:00,1393.840943304996,1382.6988723491095,1460.1241545385305,77.42528218942107,5.302650596441313,0.01,-11.142070955886611
proxy_hardened_no_worst_hours_high_margin,proxy_hardened_no_worst_hours_high_margin-000572,2025-08-14 13:30:00,1382.6988723491095,1398.971209428657,1460.1241545385305,61.1529451098736,4.188201730639876,0.01,16.2723370795474
proxy_hardened_no_worst_hours_high_margin,proxy_hardened_no_worst_hours_high_margin-000573,2025-08-19 14:00:00,1398.971209428657,1410.5403789640432,1460.1241545385305,49.58377557448739,3.395860236978153,0.01,11.569169535386136
proxy_hardened_no_worst_hours_high_margin,proxy_hardened_no_worst_hours_high_margin-000574,2025-08-26 18:00:00,1410.5403789640432,1420.072913317852,1460.1241545385305,40.05124122067855,2.743002442373585,0.01,9.532534353808769
proxy_hardened_no_worst_hours_high_margin,proxy_hardened_no_worst_hours_high_margin-000575,2025-08-28 15:15:00,1420.072913317852,1432.548984626569,1460.1241545385305,27.57516991196144,1.888549670673486,0.01,12.476071308717037
proxy_hardened_no_worst_hours_high_margin,proxy_hardened_no_worst_hours_high_margin-000576,2025-08-31 22:00:00,1432.548984626569,1426.4646114840252,1460.1241545385305,33.65954305450532,2.305252121874756,0.01,-6.084373142543955
proxy_hardened_no_worst_hours_high_margin,proxy_hardened_no_worst_hours_high_margin-000577,2025-09-01 13:45:00,1426.4646114840252,1439.2154362620968,1460.1241545385305,20.908718276433774,1.4319822195559757,0.01,12.750824778071474
proxy_hardened_no_worst_hours_high_margin,proxy_hardened_no_worst_hours_high_margin-000578,2025-09-04 13:15:00,1439.2154362620968,1429.9589940029832,1460.1241545385305,30.16516053554733,2.065931204670809,0.01,-9.256442259113628
proxy_hardened_no_worst_hours_high_margin,proxy_hardened_no_worst_hours_high_margin-000579,2025-09-07 22:15:00,1429.9589940029832,1420.890345081384,1460.1241545385305,39.233809457146435,2.687018726126492,0.01,-9.068648921599179
proxy_hardened_no_worst_hours_high_margin,proxy_hardened_no_worst_hours_high_margin-000580,2025-09-08 18:00:00,1420.890345081384,1435.7651974168948,1460.1241545385305,24.35895712163574,1.6682798545534876,0.01,14.874852335510623
proxy_hardened_no_worst_hours_high_margin,proxy_hardened_no_worst_hours_high_margin-000581,2025-09-09 10:15:00,1435.7651974168948,1428.3307876142503,1460.1241545385305,31.793366924280235,2.177442707557185,0.01,-7.434409802644568
proxy_hardened_no_worst_hours_high_margin,proxy_hardened_no_worst_hours_high_margin-000582,2025-09-11 19:00:00,1428.3307876142503,1442.2817909262326,1460.1241545385305,17.84236361229796,1.2219757858835645,0.01,13.951003311982204
proxy_hardened_no_worst_hours_high_margin,proxy_hardened_no_worst_hours_high_margin-000583,2025-09-15 22:15:00,1442.2817909262326,1452.8219239262016,1460.1241545385305,7.302230612328913,0.5001102536131093,0.01,10.540132999968973
proxy_hardened_no_worst_hours_high_margin,proxy_hardened_no_worst_hours_high_margin-000584,2025-09-16 13:15:00,1452.8219239262016,1446.4773492752197,1460.1241545385305,13.646805263310853,0.9346332105316003,0.01,-6.344574650982013
proxy_hardened_no_worst_hours_high_margin,proxy_hardened_no_worst_hours_high_margin-000585,2025-09-22 13:00:00,1446.4773492752197,1438.9635949798176,1460.1241545385305,21.160559558712976,1.449230155732937,0.01,-7.513754295402196
proxy_hardened_no_worst_hours_high_margin,proxy_hardened_no_worst_hours_high_margin-000586,2025-09-22 14:15:00,1438.9635949798176,1455.481285107453,1460.1241545385305,4.642869431077543,0.3179777155693252,0.01,16.517690127635362
proxy_hardened_no_worst_hours_high_margin,proxy_hardened_no_worst_hours_high_margin-000587,2025-09-23 15:00:00,1455.481285107453,1445.579493960562,1460.1241545385305,14.544660577968443,0.9961249207993039,0.01,-9.901791146890973
proxy_hardened_no_worst_hours_high_margin,proxy_hardened_no_worst_hours_high_margin-000588,2025-09-25 19:30:00,1445.579493960562,1434.7760598317777,1460.1241545385305,25.348094706752818,1.7360232435004155,0.01,-10.803434128784447
proxy_hardened_no_worst_hours_high_margin,proxy_hardened_no_worst_hours_high_margin-000589,2025-09-29 10:15:00,1434.7760598317777,1453.3711568850335,1460.1241545385305,6.752997653497005,0.46249475652508987,0.01,18.595097053255742
proxy_hardened_no_worst_hours_high_margin,proxy_hardened_no_worst_hours_high_margin-000590,2025-09-30 14:00:00,1453.3711568850335,1481.8556346879295,1481.8556346879295,0.0,0.0,0.01,28.48447780289591
proxy_hardened_no_worst_hours_high_margin,proxy_hardened_no_worst_hours_high_margin-000591,2025-10-01 14:30:00,1481.8556346879295,1471.6660058486714,1481.8556346879295,10.189628839258148,0.6876262842840306,0.01,-10.189628839258221
proxy_hardened_no_worst_hours_high_margin,proxy_hardened_no_worst_hours_high_margin-000592,2025-10-03 14:15:00,1471.6660058486714,1494.396210502221,1494.396210502221,0.0,0.0,0.01,22.730204653549592
proxy_hardened_no_worst_hours_high_margin,proxy_hardened_no_worst_hours_high_margin-000593,2025-10-06 13:30:00,1494.396210502221,1517.4495828059735,1517.4495828059735,0.0,0.0,0.01,23.05337230375237
proxy_hardened_no_worst_hours_high_margin,proxy_hardened_no_worst_hours_high_margin-000594,2025-10-07 13:30:00,1517.4495828059735,1506.8943532325588,1517.4495828059735,10.555229573414636,0.6955901331427803,0.01,-10.555229573414708
proxy_hardened_no_worst_hours_high_margin,proxy_hardened_no_worst_hours_high_margin-000595,2025-10-12 22:00:00,1506.8943532325588,1542.1391810690047,1542.1391810690047,0.0,0.0,0.01,35.24482783644582
proxy_hardened_no_worst_hours_high_margin,proxy_hardened_no_worst_hours_high_margin-000596,2025-10-13 19:15:00,1542.1391810690047,1564.9207788478652,1564.9207788478652,0.0,0.0,0.01,22.781597778860416
proxy_hardened_no_worst_hours_high_margin,proxy_hardened_no_worst_hours_high_margin-000597,2025-10-15 19:00:00,1564.9207788478652,1591.858641693775,1591.858641693775,0.0,0.0,0.01,26.937862845909805
proxy_hardened_no_worst_hours_high_margin,proxy_hardened_no_worst_hours_high_margin-000598,2025-10-22 10:15:00,1591.858641693775,1651.1639933554543,1651.1639933554543,0.0,0.0,0.01,59.305351661679126
proxy_hardened_no_worst_hours_high_margin,proxy_hardened_no_worst_hours_high_margin-000599,2025-10-22 15:30:00,1651.1639933554543,1616.296162690489,1651.1639933554543,34.86783066496537,2.1117121500516634,0.01,-34.86783066496544
proxy_hardened_no_worst_hours_high_margin,proxy_hardened_no_worst_hours_high_margin-000600,2025-10-27 13:15:00,1616.296162690489,1651.0560740859783,1651.1639933554543,0.10791926947604225,0.006535950996407777,0.01,34.759911395489254
proxy_hardened_no_worst_hours_high_margin,proxy_hardened_no_worst_hours_high_margin-000601,2025-11-04 15:30:00,1651.0560740859783,1631.7278562771194,1651.1639933554543,19.436137078334923,1.1771173037050844,0.01,-19.328217808858952
proxy_hardened_no_worst_hours_high_margin,proxy_hardened_no_worst_hours_high_margin-000602,2025-11-06 13:00:00,1631.7278562771194,1623.2800167418382,1651.1639933554543,27.88397661361614,1.688746649383446,0.01,-8.447839535281291
proxy_hardened_no_worst_hours_high_margin,proxy_hardened_no_worst_hours_high_margin-000603,2025-11-10 15:00:00,1623.2800167418382,1645.170470166243,1651.1639933554543,5.993523189211373,0.36298775974586783,0.01,21.890453424404697
proxy_hardened_no_worst_hours_high_margin,proxy_hardened_no_worst_hours_high_margin-000604,2025-11-13 10:45:00,1645.170470166243,1632.7057446692115,1651.1639933554543,18.45824868624277,1.1178931202788873,0.01,-12.464725497031468
proxy_hardened_no_worst_hours_high_margin,proxy_hardened_no_worst_hours_high_margin-000605,2025-11-19 13:15:00,1632.7057446692115,1655.64485889577,1655.64485889577,0.0,0.0,0.01,22.939114226558488
proxy_hardened_no_worst_hours_high_margin,proxy_hardened_no_worst_hours_high_margin-000606,2025-11-20 10:00:00,1655.64485889577,1638.8508069090285,1655.64485889577,16.79405198674158,1.0143511089656236,0.01,-16.79405198674165
proxy_hardened_no_worst_hours_high_margin,proxy_hardened_no_worst_hours_high_margin-000607,2025-11-21 10:00:00,1638.8508069090285,1622.5478074388266,1655.64485889577,33.09705145694352,1.9990429275404842,0.01,-16.30299947020201
proxy_hardened_no_worst_hours_high_margin,proxy_hardened_no_worst_hours_high_margin-000608,2025-11-21 18:00:00,1622.5478074388266,1606.52566844985,1655.64485889577,49.11919044592014,2.96677093411688,0.01,-16.022138988976693
proxy_hardened_no_worst_hours_high_margin,proxy_hardened_no_worst_hours_high_margin-000609,2025-11-24 18:00:00,1606.52566844985,1626.4602308707563,1655.64485889577,29.184628025013808,1.7627347959440078,0.01,19.93456242090626
proxy_hardened_no_worst_hours_high_margin,proxy_hardened_no_worst_hours_high_margin-000610,2025-11-28 13:45:00,1626.4602308707563,1649.8416437646674,1655.64485889577,5.803215131102661,0.35051086589747915,0.01,23.381412893911076
proxy_hardened_no_worst_hours_high_margin,proxy_hardened_no_worst_hours_high_margin-000611,2025-12-03 15:00:00,1649.8416437646674,1634.9351525688444,1655.64485889577,20.709706326925698,1.2508543855678087,0.01,-14.90649119582311
proxy_hardened_no_worst_hours_high_margin,proxy_hardened_no_worst_hours_high_margin-000612,2025-12-05 14:30:00,1634.9351525688444,1652.725228063302,1655.64485889577,2.9196308324681013,0.17634402793455023,0.01,17.790075494457525
proxy_hardened_no_worst_hours_high_margin,proxy_hardened_no_worst_hours_high_margin-000613,2025-12-09 13:45:00,1652.725228063302,1644.7968195084277,1655.64485889577,10.848039387342396,0.655215357874362,0.01,-7.928408554874368
proxy_hardened_no_worst_hours_high_margin,proxy_hardened_no_worst_hours_high_margin-000614,2025-12-09 14:45:00,1644.7968195084277,1635.0948990654933,1655.64485889577,20.549959830276748,1.2412057887814487,0.01,-9.701920442934425
proxy_hardened_no_worst_hours_high_margin,proxy_hardened_no_worst_hours_high_margin-000615,2025-12-16 18:45:00,1635.0948990654933,1622.3696187382493,1655.64485889577,33.275240157520784,2.0098054228679003,0.01,-12.725280327244109
proxy_hardened_no_worst_hours_high_margin,proxy_hardened_no_worst_hours_high_margin-000616,2025-12-16 19:45:00,1622.3696187382493,1647.3469726754856,1655.64485889577,8.297886220284454,0.5011875690429599,0.01,24.97735393723626
proxy_hardened_no_worst_hours_high_margin,proxy_hardened_no_worst_hours_high_margin-000617,2025-12-17 14:00:00,1647.3469726754856,1635.7376510182166,1655.64485889577,19.907207877553446,1.20238393944161,0.01,-11.609321657269065
proxy_hardened_no_worst_hours_high_margin,proxy_hardened_no_worst_hours_high_margin-000618,2025-12-19 18:30:00,1635.7376510182166,1656.268400004231,1656.268400004231,0.0,0.0,0.01,20.53074898601419
proxy_hardened_no_worst_hours_high_margin,proxy_hardened_no_worst_hours_high_margin-000619,2025-12-22 18:45:00,1656.268400004231,1676.0611581782932,1676.0611581782932,0.0,0.0,0.01,19.792758174062257
proxy_hardened_no_worst_hours_high_margin,proxy_hardened_no_worst_hours_high_margin-000620,2025-12-23 10:00:00,1676.0611581782932,1667.1679167446819,1676.0611581782932,8.893241433611365,0.5306036352084794,0.01,-8.893241433611438
proxy_hardened_no_worst_hours_high_margin,proxy_hardened_no_worst_hours_high_margin-000621,2025-12-23 21:30:00,1667.1679167446819,1687.7355814749644,1687.7355814749644,0.0,0.0,0.01,20.567664730282488
proxy_hardened_no_worst_hours_high_margin,proxy_hardened_no_worst_hours_high_margin-000622,2025-12-26 10:45:00,1687.7355814749644,1678.6525060241647,1687.7355814749644,9.083075450799697,0.5381811908510997,0.01,-9.08307545079977
proxy_hardened_no_worst_hours_high_margin,proxy_hardened_no_worst_hours_high_margin-000623,2026-01-05 14:00:00,1678.6525060241647,1706.2700719915947,1706.2700719915947,0.0,0.0,0.01,27.61756596742991
proxy_hardened_no_worst_hours_high_margin,proxy_hardened_no_worst_hours_high_margin-000624,2026-01-05 18:30:00,1706.2700719915947,1692.2641525705676,1706.2700719915947,14.005919421027102,0.8208500899672403,0.01,-14.005919421027174
proxy_hardened_no_worst_hours_high_margin,proxy_hardened_no_worst_hours_high_margin-000625,2026-01-06 15:30:00,1692.2641525705676,1677.95986184525,1706.2700719915947,28.310210146344616,1.6591869371125014,0.01,-14.304290725317587
proxy_hardened_no_worst_hours_high_margin,proxy_hardened_no_worst_hours_high_margin-000626,2026-01-08 13:00:00,1677.95986184525,1666.296292222778,1706.2700719915947,39.97377976881671,2.342758067728309,0.01,-11.663569622472169
proxy_hardened_no_worst_hours_high_margin,proxy_hardened_no_worst_hours_high_margin-000627,2026-01-08 13:45:00,1666.296292222778,1653.2414243435614,1706.2700719915947,53.02864764803326,3.1078695288921696,0.01,-13.054867879216618
proxy_hardened_no_worst_hours_high_margin,proxy_hardened_no_worst_hours_high_margin-000628,2026-01-09 14:30:00,1653.2414243435614,1682.0730467178091,1706.2700719915947,24.197025273785584,1.4181239928531537,0.01,28.8316223742476
proxy_hardened_no_worst_hours_high_margin,proxy_hardened_no_worst_hours_high_margin-000629,2026-01-09 18:30:00,1682.0730467178091,1712.4245719635182,1712.4245719635182,0.0,0.0,0.01,30.351525245709055
proxy_hardened_no_worst_hours_high_margin,proxy_hardened_no_worst_hours_high_margin-000630,2026-01-12 14:00:00,1712.4245719635182,1740.6206962829838,1740.6206962829838,0.0,0.0,0.01,28.196124319465454
proxy_hardened_no_worst_hours_high_margin,proxy_hardened_no_worst_hours_high_margin-000631,2026-01-12 18:45:00,1740.6206962829838,1726.4289868767537,1740.6206962829838,14.191709406230075,0.8153246388794425,0.01,-14.191709406230148
proxy_hardened_no_worst_hours_high_margin,proxy_hardened_no_worst_hours_high_margin-000632,2026-01-13 15:15:00,1726.4289868767537,1710.3518143584724,1740.6206962829838,30.268881924511334,1.7389705861333922,0.01,-16.07717251828133
proxy_hardened_no_worst_hours_high_margin,proxy_hardened_no_worst_hours_high_margin-000633,2026-01-14 19:15:00,1710.3518143584724,1696.584305076468,1740.6206962829838,44.03639120651587,2.5299246010663654,0.01,-13.767509282004612
proxy_hardened_no_worst_hours_high_margin,proxy_hardened_no_worst_hours_high_margin-000634,2026-01-20 13:30:00,1696.584305076468,1717.1604442118696,1740.6206962829838,23.460252071114155,1.3478095555920055,0.01,20.576139135401647
proxy_hardened_no_worst_hours_high_margin,proxy_hardened_no_worst_hours_high_margin-000635,2026-01-21 13:00:00,1717.1604442118696,1702.2823071408502,1740.6206962829838,38.338389142133565,2.202569992647074,0.01,-14.878137071019482
proxy_hardened_no_worst_hours_high_margin,proxy_hardened_no_worst_hours_high_margin-000636,2026-01-23 14:30:00,1702.2823071408502,1734.815493835984,1740.6206962829838,5.805202446999829,0.33351335298934304,0.01,32.533186695133665
proxy_hardened_no_worst_hours_high_margin,proxy_hardened_no_worst_hours_high_margin-000637,2026-01-23 18:45:00,1734.815493835984,1771.5159152420774,1771.5159152420774,0.0,0.0,0.01,36.70042140609341
proxy_hardened_no_worst_hours_high_margin,proxy_hardened_no_worst_hours_high_margin-000638,2026-01-26 14:45:00,1771.5159152420774,1752.5798489092003,1771.5159152420774,18.93606633287709,1.068918781364122,0.01,-18.93606633287716
proxy_hardened_no_worst_hours_high_margin,proxy_hardened_no_worst_hours_high_margin-000639,2026-01-29 14:15:00,1752.5798489092003,1718.3876974505356,1771.5159152420774,53.12821779154183,2.999025712071114,0.01,-34.19215145866481
proxy_hardened_no_worst_hours_high_margin,proxy_hardened_no_worst_hours_high_margin-000640,2026-01-30 14:45:00,1718.3876974505356,1869.5307827793358,1869.5307827793358,0.0,0.0,0.01,151.14308532880014
proxy_hardened_no_worst_hours_high_margin,proxy_hardened_no_worst_hours_high_margin-000641,2026-02-05 10:15:00,1869.5307827793358,1960.4937116782112,1960.4937116782112,0.0,0.0,0.01,90.96292889887529
proxy_hardened_no_worst_hours_high_margin,proxy_hardened_no_worst_hours_high_margin-000642,2026-02-09 18:00:00,1960.4937116782112,1939.1722013542221,1960.4937116782112,21.32151032398906,1.0875582103110923,0.01,-21.32151032398913
proxy_hardened_no_worst_hours_high_margin,proxy_hardened_no_worst_hours_high_margin-000643,2026-02-13 19:45:00,1939.1722013542221,1916.715011058488,1960.4937116782112,43.77870061972317,2.233044684557951,0.01,-22.45719029573418
proxy_hardened_no_worst_hours_high_margin,proxy_hardened_no_worst_hours_high_margin-000644,2026-02-17 13:15:00,1916.715011058488,1951.6380061540194,1960.4937116782112,8.855705524191762,0.4517079280305954,0.01,34.922995095531334
proxy_hardened_no_worst_hours_high_margin,proxy_hardened_no_worst_hours_high_margin-000645,2026-02-18 19:00:00,1951.6380061540194,1937.8050579717747,1960.4937116782112,22.688653706436526,1.1572928579819166,0.01,-13.832948182244836
proxy_hardened_no_worst_hours_high_margin,proxy_hardened_no_worst_hours_high_margin-000646,2026-02-19 14:45:00,1937.8050579717747,1918.0547147059042,1960.4937116782112,42.438996972306995,2.1647096708093287,0.01,-19.75034326587054
proxy_hardened_no_worst_hours_high_margin,proxy_hardened_no_worst_hours_high_margin-000647,2026-02-27 18:00:00,1918.0547147059042,1956.5127169261632,1960.4937116782112,3.980994752047991,0.2030608273994514,0.01,38.45800222025893
proxy_hardened_no_worst_hours_high_margin,proxy_hardened_no_worst_hours_high_margin-000648,2026-03-02 13:15:00,1956.5127169261632,1933.37108515004,1960.4937116782112,27.122626528171168,1.3834589913044812,0.01,-23.141631776123248
proxy_hardened_no_worst_hours_high_margin,proxy_hardened_no_worst_hours_high_margin-000649,2026-03-06 13:15:00,1933.37108515004,1912.7490534229628,1960.4937116782112,47.744658255248396,2.435338505338957,0.01,-20.6220317270773
proxy_hardened_no_worst_hours_high_margin,proxy_hardened_no_worst_hours_high_margin-000650,2026-03-10 14:00:00,1912.7490534229628,1953.9535793743262,1960.4937116782112,6.540132303885002,0.3335961888032048,0.01,41.20452595136332
proxy_hardened_no_worst_hours_high_margin,proxy_hardened_no_worst_hours_high_margin-000651,2026-03-12 10:15:00,1953.9535793743262,1942.2414761478885,1960.4937116782112,18.25223553032265,0.9310019930999152,0.01,-11.712103226437721
proxy_hardened_no_worst_hours_high_margin,proxy_hardened_no_worst_hours_high_margin-000652,2026-03-13 10:15:00,1942.2414761478885,1926.7478748546973,1960.4937116782112,33.745836823513855,1.721292785715029,0.01,-15.493601293191277
proxy_hardened_no_worst_hours_high_margin,proxy_hardened_no_worst_hours_high_margin-000653,2026-03-13 14:00:00,1926.7478748546973,1961.5692228288262,1961.5692228288262,0.0,0.0,0.01,34.82134797412884
proxy_hardened_no_worst_hours_high_margin,proxy_hardened_no_worst_hours_high_margin-000654,2026-03-16 15:00:00,1961.5692228288262,1942.1667903393618,1961.5692228288262,19.402432489464445,0.9891281053790052,0.01,-19.402432489464516
proxy_hardened_no_worst_hours_high_margin,proxy_hardened_no_worst_hours_high_margin-000655,2026-03-18 10:00:00,1942.1667903393618,1965.676814224341,1965.676814224341,0.0,0.0,0.01,23.51002388497902
proxy_hardened_no_worst_hours_high_margin,proxy_hardened_no_worst_hours_high_margin-000656,2026-03-19 15:15:00,1965.676814224341,1908.3405259759202,1965.676814224341,57.336288248420715,2.91687259235673,0.01,-57.336288248420786
proxy_hardened_no_worst_hours_high_margin,proxy_hardened_no_worst_hours_high_margin-000657,2026-03-20 13:00:00,1908.3405259759202,1963.309683147556,1965.676814224341,2.367131076784972,0.12042320790760536,0.01,54.96915717163567
proxy_hardened_no_worst_hours_high_margin,proxy_hardened_no_worst_hours_high_margin-000658,2026-03-23 10:00:00,1963.309683147556,1895.3696712795172,1965.676814224341,70.30714294482368,3.576739697800576,0.01,-67.94001186803878
proxy_hardened_no_worst_hours_high_margin,proxy_hardened_no_worst_hours_high_margin-000659,2026-03-26 10:45:00,1895.3696712795172,1868.5765176506384,1965.676814224341,97.10029657370251,4.939789484774406,0.01,-26.793153628878898
proxy_hardened_no_worst_hours_high_margin,proxy_hardened_no_worst_hours_high_margin-000660,2026-03-26 15:30:00,1868.5765176506384,1925.0645721492274,1965.676814224341,40.6122420751135,2.066069141235669,0.01,56.48805449858894
proxy_hardened_no_worst_hours_high_margin,proxy_hardened_no_worst_hours_high_margin-000661,2026-03-27 13:00:00,1925.0645721492274,1906.3540890985687,1965.676814224341,59.322725125772195,3.0179287203517755,0.01,-18.710483050658766
proxy_hardened_no_worst_hours_high_margin,proxy_hardened_no_worst_hours_high_margin-000662,2026-04-01 10:00:00,1906.3540890985687,1946.970704051184,1965.676814224341,18.706110173156958,0.9516371174443758,0.01,40.616614952615166
proxy_hardened_no_worst_hours_high_margin,proxy_hardened_no_worst_hours_high_margin-000663,2026-04-01 13:00:00,1946.970704051184,1993.44439358633,1993.44439358633,0.0,0.0,0.01,46.47368953514608
proxy_hardened_no_worst_hours_high_margin,proxy_hardened_no_worst_hours_high_margin-000664,2026-04-09 18:15:00,1993.44439358633,1975.7038332591155,1993.44439358633,17.740560327214553,0.8899450812017978,0.01,-17.740560327214624
proxy_hardened_no_worst_hours_high_margin,proxy_hardened_no_worst_hours_high_margin-000665,2026-04-14 10:15:00,1975.7038332591155,1962.5518107507187,1993.44439358633,30.892582835611393,1.5497087821965136,0.01,-13.152022508396913
proxy_hardened_no_worst_hours_high_margin,proxy_hardened_no_worst_hours_high_margin-000666,2026-04-14 15:00:00,1962.5518107507187,1997.707536031624,1997.707536031624,0.0,0.0,0.01,35.15572528090517
proxy_hardened_no_worst_hours_high_margin,proxy_hardened_no_worst_hours_high_margin-000667,2026-04-15 14:30:00,1997.707536031624,1983.9950524215383,1997.707536031624,13.712483610085656,0.6864109667086217,0.01,-13.712483610085728
proxy_hardened_no_worst_hours_high_margin,proxy_hardened_no_worst_hours_high_margin-000668,2026-04-17 18:45:00,1983.9950524215383,1967.1082389357407,1997.707536031624,30.59929709588323,1.5317205618930418,0.01,-16.886813485797646
proxy_hardened_no_worst_hours_high_margin,proxy_hardened_no_worst_hours_high_margin-000669,2026-04-20 13:00:00,1967.1082389357407,1952.8571111692481,1997.707536031624,44.8504248623758,2.2450946424054443,0.01,-14.251127766492646
proxy_hardened_no_worst_hours_high_margin,proxy_hardened_no_worst_hours_high_margin-000670,2026-04-21 10:15:00,1952.8571111692481,1941.6830500712058,1997.707536031624,56.02448596041813,2.8044388355118697,0.01,-11.174061098042403
proxy_hardened_no_worst_hours_high_margin,proxy_hardened_no_worst_hours_high_margin-000671,2026-04-21 14:00:00,1941.6830500712058,1975.57441161319,1997.707536031624,22.13312441843391,1.1079261613239235,0.01,33.89136154198415
proxy_hardened_no_worst_hours_high_margin,proxy_hardened_no_worst_hours_high_margin-000672,2026-04-22 10:00:00,1975.57441161319,1965.3832864630076,1997.707536031624,32.324249568616324,1.6180671587607518,0.01,-10.191125150182488
proxy_hardened_no_worst_hours_high_margin,proxy_hardened_no_worst_hours_high_margin-000673,2026-04-22 13:15:00,1965.3832864630076,1988.839019437266,1997.707536031624,8.86851659435797,0.44393468184912427,0.01,23.455732974258282
proxy_hardened_no_worst_hours_high_margin,proxy_hardened_no_worst_hours_high_margin-000674,2026-04-23 10:45:00,1988.839019437266,1975.101632974207,1997.707536031624,22.60590305741698,1.1315922200665476,0.01,-13.737386463059083
proxy_hardened_no_worst_hours_high_margin,proxy_hardened_no_worst_hours_high_margin-000675,2026-04-27 14:30:00,1975.101632974207,1999.3444950839348,1999.3444950839348,0.0,0.0,0.01,24.242862109727795
proxy_hardened_no_worst_hours_high_margin,proxy_hardened_no_worst_hours_high_margin-000676,2026-04-29 10:15:00,1999.3444950839348,2025.9904439347983,2025.9904439347983,0.0,0.0,0.01,26.645948850863462
proxy_hardened_no_worst_hours_high_margin,proxy_hardened_no_worst_hours_high_margin-000677,2026-04-29 15:15:00,2025.9904439347983,1992.0709298910358,2025.9904439347983,33.91951404376255,1.6742188565255722,0.02,-33.91951404376246
proxy_hardened_no_worst_hours_high_margin,proxy_hardened_no_worst_hours_high_margin-000678,2026-05-04 13:00:00,1992.0709298910358,2026.5234487450314,2026.5234487450314,0.0,0.0,0.01,34.4525188539955
proxy_hardened_no_worst_hours_high_margin,proxy_hardened_no_worst_hours_high_margin-000679,2026-05-06 19:00:00,2026.5234487450314,2077.2834341074254,2077.2834341074254,0.0,0.0,0.02,50.759985362394076
proxy_hardened_no_worst_hours_high_margin,proxy_hardened_no_worst_hours_high_margin-000680,2026-05-07 10:15:00,2077.2834341074254,2134.0510286860504,2134.0510286860504,0.0,0.0,0.02,56.76759457862485
