strategy_name,paper_order_id,entry_time,exit_time,symbol,timeframe,side,session,entry_price,stop_loss,take_profit,signal_reason,setup_type,score_long,score_short,score,risk_reward,lot_size,price_points,gross_pnl_eur,commission_eur,spread_cost_eur,slippage_cost_eur,total_cost_eur,pnl_eur,equity_before,equity_after,running_equity_high,drawdown_eur,drawdown_percent,daily_pnl_after,daily_trade_number,daily_loss_streak
proxy_hardened_no_worst_hours,proxy_hardened_no_worst_hours-000001,2022-02-16 13:30:00,2022-02-16 14:30:00,XAUUSD,15m,BUY,LONDON,1856.218,1853.0424573182204,1862.5690853635595,V50 realtime loss proxy | variant=proxy_hardened_no_worst_hours | Side=BUY | score=76.0 | opposite_score=18.0 | session=LONDON | RR=2.00,V50 realtime loss proxy,76.0,18.0,76.0,2.0,0.01,6.351085363559378,6.351085363559378,0.08,0.0,0.0,0.08,6.2710853635593775,1000.0,1006.2710853635593,1006.2710853635593,0.0,0.0,6.2710853635593775,1,0
proxy_hardened_no_worst_hours,proxy_hardened_no_worst_hours-000002,2022-02-16 19:30:00,2022-02-17 04:00:00,XAUUSD,15m,BUY,NEW YORK,1866.378,1861.9854949982157,1875.1630100035684,V50 realtime loss proxy | variant=proxy_hardened_no_worst_hours | Side=BUY | score=100.0 | opposite_score=8.0 | session=NEW YORK | RR=2.00,V50 realtime loss proxy,100.0,8.0,100.0,2.0,0.01,8.785010003568459,8.785010003568459,0.08,0.0,0.0,0.08,8.705010003568459,1006.2710853635593,1014.9760953671278,1014.9760953671278,0.0,0.0,14.976095367127837,2,0
proxy_hardened_no_worst_hours,proxy_hardened_no_worst_hours-000003,2022-02-18 14:30:00,2022-02-18 14:45:00,XAUUSD,15m,BUY,LONDON,1897.426,1893.436082999742,1905.4058340005158,V50 realtime loss proxy | variant=proxy_hardened_no_worst_hours | Side=BUY | score=100.0 | opposite_score=8.0 | session=LONDON | RR=2.00,V50 realtime loss proxy,100.0,8.0,100.0,2.0,0.01,-3.9899170002579467,-3.9899170002579467,0.08,0.0,0.0,0.08,-4.069917000257947,1014.9760953671278,1010.9061783668698,1014.9760953671278,4.069917000257988,0.40098648813850685,-4.069917000257947,1,1
proxy_hardened_no_worst_hours,proxy_hardened_no_worst_hours-000004,2022-02-18 18:00:00,2022-02-20 23:00:00,XAUUSD,15m,BUY,NEW YORK,1897.198,1893.2528671239334,1905.0882657521336,V50 realtime loss proxy | variant=proxy_hardened_no_worst_hours | Side=BUY | score=100.0 | opposite_score=8.0 | session=NEW YORK | RR=2.00,V50 realtime loss proxy,100.0,8.0,100.0,2.0,0.01,7.890265752133473,7.890265752133473,0.08,0.0,0.0,0.08,7.810265752133473,1010.9061783668698,1018.7164441190032,1018.7164441190032,0.0,0.0,3.7403487518755263,2,0
proxy_hardened_no_worst_hours,proxy_hardened_no_worst_hours-000005,2022-02-21 13:00:00,2022-02-21 14:15:00,XAUUSD,15m,BUY,LONDON,1896.598,1893.1501130548747,1903.4937738902504,V50 realtime loss proxy | variant=proxy_hardened_no_worst_hours | Side=BUY | score=76.0 | opposite_score=4.0 | session=LONDON | RR=2.00,V50 realtime loss proxy,76.0,4.0,76.0,2.0,0.01,-3.4478869451252194,-3.4478869451252194,0.08,0.0,0.0,0.08,-3.5278869451252195,1018.7164441190032,1015.1885571738779,1018.7164441190032,3.5278869451252604,0.34630705781688004,-3.5278869451252195,1,1
proxy_hardened_no_worst_hours,proxy_hardened_no_worst_hours-000006,2022-02-23 19:30:00,2022-02-24 00:30:00,XAUUSD,15m,BUY,NEW YORK,1906.848,1903.5981270810526,1913.3477458378948,V50 realtime loss proxy | variant=proxy_hardened_no_worst_hours | Side=BUY | score=100.0 | opposite_score=8.0 | session=NEW YORK | RR=2.00,V50 realtime loss proxy,100.0,8.0,100.0,2.0,0.01,6.499745837894807,6.499745837894807,0.08,0.0,0.0,0.08,6.419745837894807,1015.1885571738779,1021.6083030117727,1021.6083030117727,0.0,0.0,6.419745837894807,1,0
proxy_hardened_no_worst_hours,proxy_hardened_no_worst_hours-000007,2022-02-28 14:45:00,2022-02-28 16:00:00,XAUUSD,15m,BUY,LONDON,1910.358,1903.727914603618,1923.6181707927637,V50 realtime loss proxy | variant=proxy_hardened_no_worst_hours | Side=BUY | score=100.0 | opposite_score=8.0 | session=LONDON | RR=2.00,V50 realtime loss proxy,100.0,8.0,100.0,2.0,0.01,-6.630085396381901,-6.630085396381901,0.08,0.0,0.0,0.08,-6.710085396381901,1021.6083030117727,1014.8982176153908,1021.6083030117727,6.710085396381942,0.656815863438085,-6.710085396381901,1,1
proxy_hardened_no_worst_hours,proxy_hardened_no_worst_hours-000008,2022-02-28 21:15:00,2022-03-01 01:30:00,XAUUSD,15m,BUY,NEW YORK,1908.113,1903.1989629851096,1917.941074029781,V50 realtime loss proxy | variant=proxy_hardened_no_worst_hours | Side=BUY | score=94.0 | opposite_score=8.0 | session=NEW YORK | RR=2.00,V50 realtime loss proxy,94.0,8.0,94.0,2.0,0.01,-4.914037014890482,-4.914037014890482,0.08,0.0,0.0,0.08,-4.994037014890482,1014.8982176153908,1009.9041806005002,1021.6083030117727,11.704122411272465,1.1456565473056448,-11.704122411272383,2,2
proxy_hardened_no_worst_hours,proxy_hardened_no_worst_hours-000009,2022-03-01 15:00:00,2022-03-01 16:45:00,XAUUSD,15m,BUY,LONDON,1920.268,1913.9659379131558,1932.8721241736887,V50 realtime loss proxy | variant=proxy_hardened_no_worst_hours | Side=BUY | score=90.0 | opposite_score=4.0 | session=LONDON | RR=2.00,V50 realtime loss proxy,90.0,4.0,90.0,2.000000000000036,0.01,12.60412417368866,12.60412417368866,0.08,0.0,0.0,0.08,12.52412417368866,1009.9041806005002,1022.4283047741889,1022.4283047741889,0.0,0.0,12.52412417368866,1,0
proxy_hardened_no_worst_hours,proxy_hardened_no_worst_hours-000010,2022-03-03 10:30:00,2022-03-03 13:30:00,XAUUSD,15m,BUY,LONDON,1932.517,1927.7108769950667,1942.129246009867,V50 realtime loss proxy | variant=proxy_hardened_no_worst_hours | Side=BUY | score=76.0 | opposite_score=11.0 | session=LONDON | RR=2.00,V50 realtime loss proxy,76.0,11.0,76.0,2.0000000000000475,0.01,-4.806123004933397,-4.806123004933397,0.08,0.0,0.0,0.08,-4.886123004933397,1022.4283047741889,1017.5421817692554,1022.4283047741889,4.886123004933438,0.47789394934763424,-4.886123004933397,1,1
proxy_hardened_no_worst_hours,proxy_hardened_no_worst_hours-000011,2022-03-03 21:45:00,2022-03-04 00:15:00,XAUUSD,15m,BUY,NEW YORK,1935.438,1931.5238616066272,1943.2662767867462,V50 realtime loss proxy | variant=proxy_hardened_no_worst_hours | Side=BUY | score=80.0 | opposite_score=8.0 | session=NEW YORK | RR=2.00,V50 realtime loss proxy,80.0,8.0,80.0,2.000000000000058,0.01,7.828276786746073,7.828276786746073,0.08,0.0,0.0,0.08,7.748276786746073,1017.5421817692554,1025.2904585560016,1025.2904585560016,0.0,0.0,2.862153781812676,2,0
proxy_hardened_no_worst_hours,proxy_hardened_no_worst_hours-000012,2022-03-04 10:00:00,2022-03-04 14:30:00,XAUUSD,15m,BUY,LONDON,1942.728,1938.0803609273846,1952.0232781452312,V50 realtime loss proxy | variant=proxy_hardened_no_worst_hours | Side=BUY | score=76.0 | opposite_score=11.0 | session=LONDON | RR=2.00,V50 realtime loss proxy,76.0,11.0,76.0,2.000000000000049,0.01,9.295278145231123,9.295278145231123,0.08,0.0,0.0,0.08,9.215278145231123,1025.2904585560016,1034.5057367012328,1034.5057367012328,0.0,0.0,9.215278145231123,1,0
proxy_hardened_no_worst_hours,proxy_hardened_no_worst_hours-000013,2022-03-04 15:00:00,2022-03-04 19:30:00,XAUUSD,15m,BUY,LONDON,1955.258,1948.0894837079952,1969.59503258401,V50 realtime loss proxy | variant=proxy_hardened_no_worst_hours | Side=BUY | score=90.0 | opposite_score=4.0 | session=LONDON | RR=2.00,V50 realtime loss proxy,90.0,4.0,90.0,2.0000000000000315,0.01,14.337032584009876,14.337032584009876,0.08,0.0,0.0,0.08,14.257032584009876,1034.5057367012328,1048.7627692852427,1048.7627692852427,0.0,0.0,23.472310729241,2,0
proxy_hardened_no_worst_hours,proxy_hardened_no_worst_hours-000014,2022-03-08 10:30:00,2022-03-08 14:30:00,XAUUSD,15m,BUY,LONDON,2005.369,1997.7573518849429,2020.5922962301142,V50 realtime loss proxy | variant=proxy_hardened_no_worst_hours | Side=BUY | score=96.0 | opposite_score=4.0 | session=LONDON | RR=2.00,V50 realtime loss proxy,96.0,4.0,96.0,2.0000000000000298,0.01,15.223296230114329,15.223296230114329,0.08,0.0,0.0,0.08,15.143296230114329,1048.7627692852427,1063.906065515357,1063.906065515357,0.0,0.0,15.143296230114329,1,0
proxy_hardened_no_worst_hours,proxy_hardened_no_worst_hours-000015,2022-03-08 18:15:00,2022-03-09 09:45:00,XAUUSD,15m,BUY,NEW YORK,2037.528,2019.133833875832,2074.3163322483365,V50 realtime loss proxy | variant=proxy_hardened_no_worst_hours | Side=BUY | score=100.0 | opposite_score=8.0 | session=NEW YORK | RR=2.00,V50 realtime loss proxy,100.0,8.0,100.0,2.0000000000000124,0.01,-18.394166124168123,-18.394166124168123,0.08,0.0,0.0,0.08,-18.47416612416812,1063.906065515357,1045.431899391189,1063.906065515357,18.47416612416805,1.7364471096627452,-3.3308698940537926,2,1
proxy_hardened_no_worst_hours,proxy_hardened_no_worst_hours-000016,2022-03-10 14:15:00,2022-03-10 15:00:00,XAUUSD,15m,BUY,LONDON,2001.962,1992.3153895462262,2021.2552209075477,V50 realtime loss proxy | variant=proxy_hardened_no_worst_hours | Side=BUY | score=80.0 | opposite_score=8.0 | session=LONDON | RR=2.00,V50 realtime loss proxy,80.0,8.0,80.0,2.0000000000000235,0.01,-9.646610453773746,-9.646610453773746,0.08,0.0,0.0,0.08,-9.726610453773747,1045.431899391189,1035.7052889374154,1063.906065515357,28.200776577941724,2.650682940159876,-9.726610453773747,1,1
proxy_hardened_no_worst_hours,proxy_hardened_no_worst_hours-000017,2022-03-11 14:30:00,2022-03-11 16:00:00,XAUUSD,15m,SELL,LONDON,1972.588,1983.453992030381,1950.856015939238,V50 realtime loss proxy | variant=proxy_hardened_no_worst_hours | Side=SELL | score=89.0 | opposite_score=30.0 | session=LONDON | RR=2.00,V50 realtime loss proxy,30.0,89.0,89.0,2.0,0.01,-10.865992030380994,-10.865992030380994,0.08,0.0,0.0,0.08,-10.945992030380994,1035.7052889374154,1024.7592969070345,1063.906065515357,39.146768608322645,3.6795324208777695,-10.945992030380994,1,1
proxy_hardened_no_worst_hours,proxy_hardened_no_worst_hours-000018,2022-03-14 13:00:00,2022-03-15 01:15:00,XAUUSD,15m,SELL,LONDON,1959.344,1966.344102791374,1945.3437944172517,V50 realtime loss proxy | variant=proxy_hardened_no_worst_hours | Side=SELL | score=85.0 | opposite_score=4.0 | session=LONDON | RR=2.00,V50 realtime loss proxy,4.0,85.0,85.0,2.0000000000000324,0.01,14.000205582748322,14.000205582748322,0.08,0.0,0.0,0.08,13.920205582748322,1024.7592969070345,1038.6795024897829,1063.906065515357,25.22656302557425,2.3711269108475737,13.920205582748322,1,0
proxy_hardened_no_worst_hours,proxy_hardened_no_worst_hours-000019,2022-03-15 10:00:00,2022-03-15 13:00:00,XAUUSD,15m,SELL,LONDON,1929.593,1935.7660549131847,1917.2468901736306,V50 realtime loss proxy | variant=proxy_hardened_no_worst_hours | Side=SELL | score=85.0 | opposite_score=4.0 | session=LONDON | RR=2.00,V50 realtime loss proxy,4.0,85.0,85.0,2.000000000000037,0.01,12.346109826369457,12.346109826369457,0.08,0.0,0.0,0.08,12.266109826369457,1038.6795024897829,1050.9456123161524,1063.906065515357,12.960453199204721,1.218195254195366,12.266109826369457,1,0
proxy_hardened_no_worst_hours,proxy_hardened_no_worst_hours-000020,2022-03-15 13:30:00,2022-03-15 14:30:00,XAUUSD,15m,SELL,LONDON,1925.038,1932.936884773812,1909.2402304523762,V50 realtime loss proxy | variant=proxy_hardened_no_worst_hours | Side=SELL | score=85.0 | opposite_score=4.0 | session=LONDON | RR=2.00,V50 realtime loss proxy,4.0,85.0,85.0,2.0,0.01,15.79776954762383,15.79776954762383,0.08,0.0,0.0,0.08,15.71776954762383,1050.9456123161524,1066.6633818637763,1066.6633818637763,0.0,0.0,27.983879373993286,2,0
proxy_hardened_no_worst_hours,proxy_hardened_no_worst_hours-000021,2022-03-18 10:00:00,2022-03-18 11:00:00,XAUUSD,15m,SELL,LONDON,1933.643,1937.617601025865,1925.69379794827,V50 realtime loss proxy | variant=proxy_hardened_no_worst_hours | Side=SELL | score=85.0 | opposite_score=4.0 | session=LONDON | RR=2.00,V50 realtime loss proxy,4.0,85.0,85.0,2.0,0.01,-3.974601025865013,-3.974601025865013,0.08,0.0,0.0,0.08,-4.054601025865013,1066.6633818637763,1062.6087808379114,1066.6633818637763,4.05460102586494,0.38012001675545976,-4.054601025865013,1,1
proxy_hardened_no_worst_hours,proxy_hardened_no_worst_hours-000022,2022-03-18 13:00:00,2022-03-18 13:15:00,XAUUSD,15m,SELL,LONDON,1932.318,1937.5494822457467,1921.8550355085065,V50 realtime loss proxy | variant=proxy_hardened_no_worst_hours | Side=SELL | score=85.0 | opposite_score=4.0 | session=LONDON | RR=2.00,V50 realtime loss proxy,4.0,85.0,85.0,2.0,0.01,10.462964491493494,10.462964491493494,0.08,0.0,0.0,0.08,10.382964491493494,1062.6087808379114,1072.991745329405,1072.991745329405,0.0,0.0,6.328363465628481,2,0
proxy_hardened_no_worst_hours,proxy_hardened_no_worst_hours-000023,2022-03-21 19:00:00,2022-03-22 00:45:00,XAUUSD,15m,BUY,NEW YORK,1934.068,1929.225624434843,1943.752751130314,V50 realtime loss proxy | variant=proxy_hardened_no_worst_hours | Side=BUY | score=72.0 | opposite_score=19.0 | session=NEW YORK | RR=2.00,V50 realtime loss proxy,72.0,19.0,72.0,2.0,0.01,-4.842375565156999,-4.842375565156999,0.08,0.0,0.0,0.08,-4.922375565156999,1072.991745329405,1068.069369764248,1072.991745329405,4.922375565156926,0.45875241692989666,-4.922375565156999,1,1
proxy_hardened_no_worst_hours,proxy_hardened_no_worst_hours-000024,2022-03-22 10:00:00,2022-03-22 13:45:00,XAUUSD,15m,SELL,LONDON,1927.955,1931.763954209552,1920.337091580896,V50 realtime loss proxy | variant=proxy_hardened_no_worst_hours | Side=SELL | score=79.0 | opposite_score=4.0 | session=LONDON | RR=2.00,V50 realtime loss proxy,4.0,79.0,79.0,2.0,0.01,7.617908419103969,7.617908419103969,0.08,0.0,0.0,0.08,7.537908419103969,1068.069369764248,1075.607278183352,1075.607278183352,0.0,0.0,7.537908419103969,1,0
proxy_hardened_no_worst_hours,proxy_hardened_no_worst_hours-000025,2022-03-23 14:15:00,2022-03-23 15:30:00,XAUUSD,15m,BUY,LONDON,1930.478,1925.8591734190732,1939.7156531618539,V50 realtime loss proxy | variant=proxy_hardened_no_worst_hours | Side=BUY | score=72.0 | opposite_score=19.0 | session=LONDON | RR=2.00,V50 realtime loss proxy,72.0,19.0,72.0,2.0,0.01,-4.618826580926907,-4.618826580926907,0.08,0.0,0.0,0.08,-4.698826580926907,1075.607278183352,1070.9084516024252,1075.607278183352,4.698826580926834,0.43685336425604354,-4.698826580926907,1,1
proxy_hardened_no_worst_hours,proxy_hardened_no_worst_hours-000026,2022-03-24 10:00:00,2022-03-24 11:30:00,XAUUSD,15m,BUY,LONDON,1942.628,1939.3752517406458,1949.1334965187082,V50 realtime loss proxy | variant=proxy_hardened_no_worst_hours | Side=BUY | score=96.0 | opposite_score=4.0 | session=LONDON | RR=2.00,V50 realtime loss proxy,96.0,4.0,96.0,2.0,0.01,6.505496518708242,6.505496518708242,0.08,0.0,0.0,0.08,6.425496518708242,1070.9084516024252,1077.3339481211335,1077.3339481211335,0.0,0.0,6.425496518708242,1,0
proxy_hardened_no_worst_hours,proxy_hardened_no_worst_hours-000027,2022-03-24 13:45:00,2022-03-24 16:15:00,XAUUSD,15m,BUY,LONDON,1953.353,1947.1154985257263,1965.828002948548,V50 realtime loss proxy | variant=proxy_hardened_no_worst_hours | Side=BUY | score=96.0 | opposite_score=4.0 | session=LONDON | RR=2.00,V50 realtime loss proxy,96.0,4.0,96.0,2.0000000000000364,0.01,12.475002948547854,12.475002948547854,0.08,0.0,0.0,0.08,12.395002948547853,1077.3339481211335,1089.7289510696814,1089.7289510696814,0.0,0.0,18.820499467256095,2,0
proxy_hardened_no_worst_hours,proxy_hardened_no_worst_hours-000028,2022-03-30 18:30:00,2022-03-31 00:30:00,XAUUSD,15m,BUY,NEW YORK,1933.853,1929.7748074103276,1942.009385179345,V50 realtime loss proxy | variant=proxy_hardened_no_worst_hours | Side=BUY | score=83.0 | opposite_score=8.0 | session=NEW YORK | RR=2.00,V50 realtime loss proxy,83.0,8.0,83.0,2.0,0.01,-4.078192589672426,-4.078192589672426,0.08,0.0,0.0,0.08,-4.158192589672426,1089.7289510696814,1085.570758480009,1089.7289510696814,4.158192589672353,0.3815804458155084,-4.158192589672426,1,1
proxy_hardened_no_worst_hours,proxy_hardened_no_worst_hours-000029,2022-03-31 10:00:00,2022-03-31 10:45:00,XAUUSD,15m,SELL,LONDON,1925.078,1928.9415018077068,1917.3509963845863,V50 realtime loss proxy | variant=proxy_hardened_no_worst_hours | Side=SELL | score=79.0 | opposite_score=4.0 | session=LONDON | RR=2.00,V50 realtime loss proxy,4.0,79.0,79.0,2.0,0.01,-3.8635018077068253,-3.8635018077068253,0.08,0.0,0.0,0.08,-3.9435018077068253,1085.570758480009,1081.6272566723023,1089.7289510696814,8.101694397379106,0.7434595905180326,-3.9435018077068253,1,1
proxy_hardened_no_worst_hours,proxy_hardened_no_worst_hours-000030,2022-04-06 14:00:00,2022-04-06 17:15:00,XAUUSD,15m,BUY,LONDON,1926.668,1920.968699960168,1938.066600079664,V50 realtime loss proxy | variant=proxy_hardened_no_worst_hours | Side=BUY | score=72.0 | opposite_score=19.0 | session=LONDON | RR=2.00,V50 realtime loss proxy,72.0,19.0,72.0,2.00000000000004,0.01,-5.699300039831996,-5.699300039831996,0.08,0.0,0.0,0.08,-5.7793000398319965,1081.6272566723023,1075.8479566324704,1089.7289510696814,13.88099443721103,1.273802483047312,-5.7793000398319965,1,1
proxy_hardened_no_worst_hours,proxy_hardened_no_worst_hours-000031,2022-04-07 18:15:00,2022-04-07 19:15:00,XAUUSD,15m,BUY,NEW YORK,1933.872,1930.2236504373705,1941.1686991252595,V50 realtime loss proxy | variant=proxy_hardened_no_worst_hours | Side=BUY | score=80.0 | opposite_score=8.0 | session=NEW YORK | RR=2.00,V50 realtime loss proxy,80.0,8.0,80.0,2.000000000000062,0.01,-3.648349562629619,-3.648349562629619,0.08,0.0,0.0,0.08,-3.728349562629619,1075.8479566324704,1072.1196070698409,1089.7289510696814,17.609343999840576,1.6159379800412925,-3.728349562629619,1,1
proxy_hardened_no_worst_hours,proxy_hardened_no_worst_hours-000032,2022-04-08 15:45:00,2022-04-11 08:15:00,XAUUSD,15m,BUY,LONDON,1941.552,1936.3906367445184,1951.874726510963,V50 realtime loss proxy | variant=proxy_hardened_no_worst_hours | Side=BUY | score=76.0 | opposite_score=4.0 | session=LONDON | RR=2.00,V50 realtime loss proxy,76.0,4.0,76.0,2.0,0.01,10.322726510963093,10.322726510963093,0.08,0.0,0.0,0.08,10.242726510963093,1072.1196070698409,1082.362333580804,1089.7289510696814,7.366617488877409,0.676004568075971,10.242726510963093,1,0
proxy_hardened_no_worst_hours,proxy_hardened_no_worst_hours-000033,2022-04-11 19:15:00,2022-04-12 12:00:00,XAUUSD,15m,BUY,NEW YORK,1951.822,1947.3993456561018,1960.667308687796,V50 realtime loss proxy | variant=proxy_hardened_no_worst_hours | Side=BUY | score=79.0 | opposite_score=8.0 | session=NEW YORK | RR=2.00,V50 realtime loss proxy,79.0,8.0,79.0,2.0,0.01,8.845308687796205,8.845308687796205,0.08,0.0,0.0,0.08,8.765308687796205,1082.362333580804,1091.1276422686003,1091.1276422686003,0.0,0.0,8.765308687796205,1,0
proxy_hardened_no_worst_hours,proxy_hardened_no_worst_hours-000034,2022-04-12 13:45:00,2022-04-12 14:45:00,XAUUSD,15m,BUY,LONDON,1961.272,1954.8003037026972,1974.2153925946056,V50 realtime loss proxy | variant=proxy_hardened_no_worst_hours | Side=BUY | score=76.0 | opposite_score=4.0 | session=LONDON | RR=2.00,V50 realtime loss proxy,76.0,4.0,76.0,2.000000000000035,0.01,12.943392594605712,12.943392594605712,0.08,0.0,0.0,0.08,12.863392594605711,1091.1276422686003,1103.991034863206,1103.991034863206,0.0,0.0,12.863392594605711,1,0
proxy_hardened_no_worst_hours,proxy_hardened_no_worst_hours-000035,2022-04-12 19:00:00,2022-04-13 00:15:00,XAUUSD,15m,BUY,NEW YORK,1969.068,1963.8395453871065,1979.5249092257873,V50 realtime loss proxy | variant=proxy_hardened_no_worst_hours | Side=BUY | score=78.0 | opposite_score=8.0 | session=NEW YORK | RR=2.00,V50 realtime loss proxy,78.0,8.0,78.0,2.0000000000000435,0.01,-5.228454612893529,-5.228454612893529,0.08,0.0,0.0,0.08,-5.308454612893529,1103.991034863206,1098.6825802503126,1103.991034863206,5.308454612893456,0.4808421848779976,7.5549379817121824,2,1
proxy_hardened_no_worst_hours,proxy_hardened_no_worst_hours-000036,2022-04-13 13:15:00,2022-04-14 05:15:00,XAUUSD,15m,BUY,LONDON,1977.248,1972.2729138328623,1987.1981723342756,V50 realtime loss proxy | variant=proxy_hardened_no_worst_hours | Side=BUY | score=74.0 | opposite_score=4.0 | session=LONDON | RR=2.00,V50 realtime loss proxy,74.0,4.0,74.0,2.0,0.01,-4.975086167137761,-4.975086167137761,0.08,0.0,0.0,0.08,-5.055086167137761,1098.6825802503126,1093.627494083175,1103.991034863206,10.363540780031144,0.9387341430100721,-5.055086167137761,1,1
proxy_hardened_no_worst_hours,proxy_hardened_no_worst_hours-000037,2022-04-18 13:45:00,2022-04-18 14:30:00,XAUUSD,15m,BUY,LONDON,1992.678,1988.8115334917513,2000.4109330164977,V50 realtime loss proxy | variant=proxy_hardened_no_worst_hours | Side=BUY | score=96.0 | opposite_score=4.0 | session=LONDON | RR=2.00,V50 realtime loss proxy,96.0,4.0,96.0,2.0,0.01,-3.8664665082487772,-3.8664665082487772,0.08,0.0,0.0,0.08,-3.9464665082487773,1093.627494083175,1089.6810275749262,1103.991034863206,14.310007288279849,1.2962068383148582,-3.9464665082487773,1,1
proxy_hardened_no_worst_hours,proxy_hardened_no_worst_hours-000038,2022-04-21 14:00:00,2022-04-21 17:30:00,XAUUSD,15m,SELL,LONDON,1941.748,1947.0236210544576,1931.1967578910846,V50 realtime loss proxy | variant=proxy_hardened_no_worst_hours | Side=SELL | score=89.0 | opposite_score=8.0 | session=LONDON | RR=2.00,V50 realtime loss proxy,8.0,89.0,89.0,2.000000000000043,0.01,-5.275621054457588,-5.275621054457588,0.08,0.0,0.0,0.08,-5.355621054457588,1089.6810275749262,1084.3254065204687,1103.991034863206,19.665628342737364,1.7813213804923789,-5.355621054457588,1,1
proxy_hardened_no_worst_hours,proxy_hardened_no_worst_hours-000039,2022-04-22 14:30:00,2022-04-25 01:15:00,XAUUSD,15m,SELL,LONDON,1938.358,1944.7668641499097,1925.5402717001805,V50 realtime loss proxy | variant=proxy_hardened_no_worst_hours | Side=SELL | score=83.0 | opposite_score=8.0 | session=LONDON | RR=2.00,V50 realtime loss proxy,8.0,83.0,83.0,2.0,0.01,12.817728299819464,12.817728299819464,0.08,0.0,0.0,0.08,12.737728299819464,1084.3254065204687,1097.0631348202883,1103.991034863206,6.927900042917827,0.6275322737359232,12.737728299819464,1,0
proxy_hardened_no_worst_hours,proxy_hardened_no_worst_hours-000040,2022-04-25 10:00:00,2022-04-25 11:00:00,XAUUSD,15m,SELL,LONDON,1915.153,1919.6422137851425,1906.1745724297148,V50 realtime loss proxy | variant=proxy_hardened_no_worst_hours | Side=SELL | score=85.0 | opposite_score=4.0 | session=LONDON | RR=2.00,V50 realtime loss proxy,4.0,85.0,85.0,2.0000000000000506,0.01,8.978427570285248,8.978427570285248,0.08,0.0,0.0,0.08,8.898427570285248,1097.0631348202883,1105.9615623905736,1105.9615623905736,0.0,0.0,8.898427570285248,1,0
proxy_hardened_no_worst_hours,proxy_hardened_no_worst_hours-000041,2022-04-27 10:00:00,2022-04-27 11:15:00,XAUUSD,15m,SELL,LONDON,1895.878,1900.807268247606,1886.0194635047876,V50 realtime loss proxy | variant=proxy_hardened_no_worst_hours | Side=SELL | score=96.0 | opposite_score=4.0 | session=LONDON | RR=2.00,V50 realtime loss proxy,4.0,96.0,96.0,2.0,0.01,-4.92926824760616,-4.92926824760616,0.08,0.0,0.0,0.08,-5.00926824760616,1105.9615623905736,1100.9522941429675,1105.9615623905736,5.009268247606087,0.45293330418991984,-5.00926824760616,1,1
proxy_hardened_no_worst_hours,proxy_hardened_no_worst_hours-000042,2022-04-27 13:00:00,2022-04-27 13:45:00,XAUUSD,15m,SELL,LONDON,1894.498,1900.123493754571,1883.2470124908582,V50 realtime loss proxy | variant=proxy_hardened_no_worst_hours | Side=SELL | score=96.0 | opposite_score=4.0 | session=LONDON | RR=2.00,V50 realtime loss proxy,4.0,96.0,96.0,2.0,0.01,11.25098750914185,11.25098750914185,0.08,0.0,0.0,0.08,11.17098750914185,1100.9522941429675,1112.1232816521094,1112.1232816521094,0.0,0.0,6.161719261535691,2,0
proxy_hardened_no_worst_hours,proxy_hardened_no_worst_hours-000043,2022-04-28 22:15:00,2022-04-29 01:00:00,XAUUSD,15m,BUY,NEW YORK,1893.633,1890.292468132881,1900.3140637342385,V50 realtime loss proxy | variant=proxy_hardened_no_worst_hours | Side=BUY | score=72.0 | opposite_score=30.0 | session=NEW YORK | RR=2.00,V50 realtime loss proxy,72.0,30.0,72.0,2.000000000000068,0.01,6.681063734238478,6.681063734238478,0.08,0.0,0.0,0.08,6.601063734238478,1112.1232816521094,1118.724345386348,1118.724345386348,0.0,0.0,6.601063734238478,1,0
proxy_hardened_no_worst_hours,proxy_hardened_no_worst_hours-000044,2022-05-03 10:30:00,2022-05-03 11:30:00,XAUUSD,15m,SELL,LONDON,1856.933,1861.0960475890822,1848.6069048218355,V50 realtime loss proxy | variant=proxy_hardened_no_worst_hours | Side=SELL | score=96.0 | opposite_score=4.0 | session=LONDON | RR=2.00,V50 realtime loss proxy,4.0,96.0,96.0,2.0,0.01,-4.163047589082225,-4.163047589082225,0.08,0.0,0.0,0.08,-4.2430475890822255,1118.724345386348,1114.4812977972658,1118.724345386348,4.243047589082153,0.37927552096104866,-4.2430475890822255,1,1
proxy_hardened_no_worst_hours,proxy_hardened_no_worst_hours-000045,2022-05-05 10:15:00,2022-05-05 12:30:00,XAUUSD,15m,BUY,LONDON,1897.883,1894.000054220444,1905.648891559112,V50 realtime loss proxy | variant=proxy_hardened_no_worst_hours | Side=BUY | score=74.0 | opposite_score=4.0 | session=LONDON | RR=2.00,V50 realtime loss proxy,74.0,4.0,74.0,2.0,0.01,7.7658915591118785,7.7658915591118785,0.08,0.0,0.0,0.08,7.685891559111878,1114.4812977972658,1122.1671893563778,1122.1671893563778,0.0,0.0,7.685891559111878,1,0
proxy_hardened_no_worst_hours,proxy_hardened_no_worst_hours-000046,2022-05-09 13:30:00,2022-05-09 19:15:00,XAUUSD,15m,SELL,LONDON,1864.058,1869.558012498927,1853.0579750021461,V50 realtime loss proxy | variant=proxy_hardened_no_worst_hours | Side=SELL | score=96.0 | opposite_score=4.0 | session=LONDON | RR=2.00,V50 realtime loss proxy,4.0,96.0,96.0,2.0,0.01,11.00002499785387,11.00002499785387,0.08,0.0,0.0,0.08,10.92002499785387,1122.1671893563778,1133.0872143542317,1133.0872143542317,0.0,0.0,10.92002499785387,1,0
proxy_hardened_no_worst_hours,proxy_hardened_no_worst_hours-000047,2022-05-10 14:15:00,2022-05-10 14:45:00,XAUUSD,15m,SELL,LONDON,1858.392,1862.9599112295443,1849.2561775409113,V50 realtime loss proxy | variant=proxy_hardened_no_worst_hours | Side=SELL | score=80.0 | opposite_score=8.0 | session=LONDON | RR=2.00,V50 realtime loss proxy,8.0,80.0,80.0,2.0000000000000497,0.01,9.135822459088786,9.135822459088786,0.08,0.0,0.0,0.08,9.055822459088786,1133.0872143542317,1142.1430368133206,1142.1430368133206,0.0,0.0,9.055822459088786,1,0
proxy_hardened_no_worst_hours,proxy_hardened_no_worst_hours-000048,2022-05-12 10:00:00,2022-05-12 11:30:00,XAUUSD,15m,SELL,LONDON,1848.998,1853.4627493298472,1840.0685013403058,V50 realtime loss proxy | variant=proxy_hardened_no_worst_hours | Side=SELL | score=76.0 | opposite_score=4.0 | session=LONDON | RR=2.00,V50 realtime loss proxy,4.0,76.0,76.0,2.0,0.01,8.929498659694218,8.929498659694218,0.08,0.0,0.0,0.08,8.849498659694218,1142.1430368133206,1150.9925354730149,1150.9925354730149,0.0,0.0,8.849498659694218,1,0
proxy_hardened_no_worst_hours,proxy_hardened_no_worst_hours-000049,2022-05-12 13:00:00,2022-05-12 14:00:00,XAUUSD,15m,SELL,LONDON,1846.826,1852.2192726825658,1836.0394546348684,V50 realtime loss proxy | variant=proxy_hardened_no_worst_hours | Side=SELL | score=76.0 | opposite_score=4.0 | session=LONDON | RR=2.00,V50 realtime loss proxy,4.0,76.0,76.0,2.0,0.01,10.786545365131587,10.786545365131587,0.08,0.0,0.0,0.08,10.706545365131587,1150.9925354730149,1161.6990808381465,1161.6990808381465,0.0,0.0,19.556044024825805,2,0
proxy_hardened_no_worst_hours,proxy_hardened_no_worst_hours-000050,2022-05-13 15:15:00,2022-05-16 07:30:00,XAUUSD,15m,SELL,LONDON,1811.628,1818.0677705475885,1798.7484589048229,V50 realtime loss proxy | variant=proxy_hardened_no_worst_hours | Side=SELL | score=96.0 | opposite_score=4.0 | session=LONDON | RR=2.00,V50 realtime loss proxy,4.0,96.0,96.0,2.0,0.01,12.879541095177046,12.879541095177046,0.08,0.0,0.0,0.08,12.799541095177046,1161.6990808381465,1174.4986219333236,1174.4986219333236,0.0,0.0,12.799541095177046,1,0
proxy_hardened_no_worst_hours,proxy_hardened_no_worst_hours-000051,2022-05-18 13:45:00,2022-05-18 15:00:00,XAUUSD,15m,SELL,LONDON,1810.238,1815.0338980307076,1800.646203938585,V50 realtime loss proxy | variant=proxy_hardened_no_worst_hours | Side=SELL | score=76.0 | opposite_score=4.0 | session=LONDON | RR=2.00,V50 realtime loss proxy,4.0,76.0,76.0,2.0,0.01,-4.795898030707576,-4.795898030707576,0.08,0.0,0.0,0.08,-4.875898030707576,1174.4986219333236,1169.6227239026161,1174.4986219333236,4.8758980307075035,0.41514719043955667,-4.875898030707576,1,1
proxy_hardened_no_worst_hours,proxy_hardened_no_worst_hours-000052,2022-05-19 19:00:00,2022-05-20 02:15:00,XAUUSD,15m,BUY,NEW YORK,1840.683,1836.6681952317952,1848.7126095364097,V50 realtime loss proxy | variant=proxy_hardened_no_worst_hours | Side=BUY | score=89.0 | opposite_score=30.0 | session=NEW YORK | RR=2.00,V50 realtime loss proxy,89.0,30.0,89.0,2.0,0.01,-4.01480476820484,-4.01480476820484,0.08,0.0,0.0,0.08,-4.09480476820484,1169.6227239026161,1165.5279191344114,1174.4986219333236,8.97070279891227,0.7637899807958684,-4.09480476820484,1,1
proxy_hardened_no_worst_hours,proxy_hardened_no_worst_hours-000053,2022-05-24 10:45:00,2022-05-24 12:30:00,XAUUSD,15m,BUY,LONDON,1857.738,1854.8318984695252,1863.5502030609498,V50 realtime loss proxy | variant=proxy_hardened_no_worst_hours | Side=BUY | score=85.0 | opposite_score=4.0 | session=LONDON | RR=2.00,V50 realtime loss proxy,85.0,4.0,85.0,2.0,0.01,-2.9061015304748707,-2.9061015304748707,0.08,0.0,0.0,0.08,-2.986101530474871,1165.5279191344114,1162.5418176039366,1174.4986219333236,11.956804329387069,1.018034768717324,-2.986101530474871,1,1
proxy_hardened_no_worst_hours,proxy_hardened_no_worst_hours-000054,2022-05-24 13:30:00,2022-05-24 13:45:00,XAUUSD,15m,BUY,LONDON,1859.788,1856.0722756399784,1867.2194487200431,V50 realtime loss proxy | variant=proxy_hardened_no_worst_hours | Side=BUY | score=85.0 | opposite_score=4.0 | session=LONDON | RR=2.00,V50 realtime loss proxy,85.0,4.0,85.0,2.0,0.01,7.431448720043136,7.431448720043136,0.08,0.0,0.0,0.08,7.351448720043136,1162.5418176039366,1169.8932663239798,1174.4986219333236,4.60535560934386,0.3921124744925675,4.365347189568265,2,0
proxy_hardened_no_worst_hours,proxy_hardened_no_worst_hours-000055,2022-05-26 15:00:00,2022-05-26 18:15:00,XAUUSD,15m,SELL,LONDON,1845.608,1850.4559187209104,1835.912162558179,V50 realtime loss proxy | variant=proxy_hardened_no_worst_hours | Side=SELL | score=85.0 | opposite_score=4.0 | session=LONDON | RR=2.00,V50 realtime loss proxy,4.0,85.0,85.0,2.0,0.01,-4.847918720910457,-4.847918720910457,0.08,0.0,0.0,0.08,-4.927918720910457,1169.8932663239798,1164.9653476030694,1174.4986219333236,9.533274330254244,0.8116888476686053,-4.927918720910457,1,1
proxy_hardened_no_worst_hours,proxy_hardened_no_worst_hours-000056,2022-05-27 10:45:00,2022-05-27 12:30:00,XAUUSD,15m,BUY,LONDON,1857.716,1854.9127262374138,1863.322547525172,V50 realtime loss proxy | variant=proxy_hardened_no_worst_hours | Side=BUY | score=85.0 | opposite_score=4.0 | session=LONDON | RR=2.00,V50 realtime loss proxy,85.0,4.0,85.0,2.0,0.01,-2.803273762586059,-2.803273762586059,0.08,0.0,0.0,0.08,-2.883273762586059,1164.9653476030694,1162.0820738404834,1174.4986219333236,12.41654809284023,1.0571786003802666,-2.883273762586059,1,1
proxy_hardened_no_worst_hours,proxy_hardened_no_worst_hours-000057,2022-05-31 14:45:00,2022-05-31 19:45:00,XAUUSD,15m,SELL,LONDON,1845.168,1850.1947539066175,1835.1144921867647,V50 realtime loss proxy | variant=proxy_hardened_no_worst_hours | Side=SELL | score=78.0 | opposite_score=19.0 | session=LONDON | RR=2.00,V50 realtime loss proxy,19.0,78.0,78.0,2.0,0.01,10.053507813235228,10.053507813235228,0.08,0.0,0.0,0.08,9.973507813235228,1162.0820738404834,1172.0555816537187,1174.4986219333236,2.4430402796049293,0.20800707927468481,9.973507813235228,1,0
proxy_hardened_no_worst_hours,proxy_hardened_no_worst_hours-000058,2022-06-01 22:30:00,2022-06-02 02:45:00,XAUUSD,15m,BUY,NEW YORK,1846.644,1844.1789656207843,1851.5740687584316,V50 realtime loss proxy | variant=proxy_hardened_no_worst_hours | Side=BUY | score=72.0 | opposite_score=30.0 | session=NEW YORK | RR=2.00,V50 realtime loss proxy,72.0,30.0,72.0,2.0000000000000924,0.01,-2.4650343792156946,-2.4650343792156946,0.08,0.0,0.0,0.08,-2.5450343792156946,1172.0555816537187,1169.510547274503,1174.4986219333236,4.988074658820551,0.4246982129795743,-2.5450343792156946,1,1
proxy_hardened_no_worst_hours,proxy_hardened_no_worst_hours-000059,2022-06-02 22:00:00,2022-06-03 00:30:00,XAUUSD,15m,BUY,NEW YORK,1869.018,1866.7624753378518,1873.5290493242965,V50 realtime loss proxy | variant=proxy_hardened_no_worst_hours | Side=BUY | score=89.0 | opposite_score=8.0 | session=NEW YORK | RR=2.00,V50 realtime loss proxy,89.0,8.0,89.0,2.0,0.01,4.511049324296437,4.511049324296437,0.08,0.0,0.0,0.08,4.431049324296437,1169.510547274503,1173.9415965987996,1174.4986219333236,0.5570253345240417,0.047426648624511035,4.431049324296437,1,0
proxy_hardened_no_worst_hours,proxy_hardened_no_worst_hours-000060,2022-06-07 13:00:00,2022-06-07 13:15:00,XAUUSD,15m,SELL,LONDON,1843.093,1846.2262506229545,1836.8264987540913,V50 realtime loss proxy | variant=proxy_hardened_no_worst_hours | Side=SELL | score=75.0 | opposite_score=4.0 | session=LONDON | RR=2.00,V50 realtime loss proxy,4.0,75.0,75.0,2.0,0.01,-3.1332506229543924,-3.1332506229543924,0.08,0.0,0.0,0.08,-3.2132506229543925,1173.9415965987996,1170.7283459758453,1174.4986219333236,3.7702759574783613,0.32101152671189764,-3.2132506229543925,1,1
proxy_hardened_no_worst_hours,proxy_hardened_no_worst_hours-000061,2022-06-07 14:30:00,2022-06-08 03:00:00,XAUUSD,15m,BUY,LONDON,1852.038,1847.4845574920378,1861.1448850159245,V50 realtime loss proxy | variant=proxy_hardened_no_worst_hours | Side=BUY | score=78.0 | opposite_score=30.0 | session=LONDON | RR=2.00,V50 realtime loss proxy,78.0,30.0,78.0,2.0,0.01,-4.553442507962245,-4.553442507962245,0.08,0.0,0.0,0.08,-4.633442507962245,1170.7283459758453,1166.0949034678831,1174.4986219333236,8.403718465440534,0.7155153959744376,-7.846693130916638,2,2
proxy_hardened_no_worst_hours,proxy_hardened_no_worst_hours-000062,2022-06-09 15:30:00,2022-06-09 16:15:00,XAUUSD,15m,SELL,LONDON,1844.718,1848.8222840353124,1836.5094319293755,V50 realtime loss proxy | variant=proxy_hardened_no_worst_hours | Side=SELL | score=96.0 | opposite_score=4.0 | session=LONDON | RR=2.00,V50 realtime loss proxy,4.0,96.0,96.0,2.0,0.01,-4.104284035312276,-4.104284035312276,0.08,0.0,0.0,0.08,-4.184284035312276,1166.0949034678831,1161.910619432571,1174.4986219333236,12.588002500752737,1.0717766939591487,-4.184284035312276,1,1
proxy_hardened_no_worst_hours,proxy_hardened_no_worst_hours-000063,2022-06-10 10:15:00,2022-06-10 11:30:00,XAUUSD,15m,SELL,LONDON,1842.653,1845.0075490707654,1837.943901858469,V50 realtime loss proxy | variant=proxy_hardened_no_worst_hours | Side=SELL | score=96.0 | opposite_score=4.0 | session=LONDON | RR=2.00,V50 realtime loss proxy,4.0,96.0,96.0,2.0000000000000964,0.01,4.709098141531058,4.709098141531058,0.08,0.0,0.0,0.08,4.629098141531058,1161.910619432571,1166.539717574102,1174.4986219333236,7.958904359221606,0.6776427158441939,4.629098141531058,1,0
proxy_hardened_no_worst_hours,proxy_hardened_no_worst_hours-000064,2022-06-10 14:00:00,2022-06-10 14:15:00,XAUUSD,15m,SELL,LONDON,1834.576,1841.2380592724826,1821.251881455035,V50 realtime loss proxy | variant=proxy_hardened_no_worst_hours | Side=SELL | score=100.0 | opposite_score=8.0 | session=LONDON | RR=2.00,V50 realtime loss proxy,8.0,100.0,100.0,2.0,0.01,-6.662059272482566,-6.662059272482566,0.08,0.0,0.0,0.08,-6.742059272482566,1166.539717574102,1159.7976583016195,1174.4986219333236,14.700963631704099,1.2516799387559157,-2.1129611309515077,2,1
proxy_hardened_no_worst_hours,proxy_hardened_no_worst_hours-000065,2022-06-15 19:30:00,2022-06-16 10:00:00,XAUUSD,15m,BUY,NEW YORK,1832.798,1823.5942645227938,1851.2054709544127,V50 realtime loss proxy | variant=proxy_hardened_no_worst_hours | Side=BUY | score=72.0 | opposite_score=30.0 | session=NEW YORK | RR=2.00,V50 realtime loss proxy,72.0,30.0,72.0,2.000000000000025,0.01,-9.203735477206237,-9.203735477206237,0.08,0.0,0.0,0.08,-9.283735477206237,1159.7976583016195,1150.5139228244134,1174.4986219333236,23.984699108910263,2.0421223712829417,-9.283735477206237,1,1
proxy_hardened_no_worst_hours,proxy_hardened_no_worst_hours-000066,2022-06-22 14:45:00,2022-06-23 01:45:00,XAUUSD,15m,BUY,LONDON,1840.108,1834.353218621617,1851.6175627567657,V50 realtime loss proxy | variant=proxy_hardened_no_worst_hours | Side=BUY | score=78.0 | opposite_score=30.0 | session=LONDON | RR=2.00,V50 realtime loss proxy,78.0,30.0,78.0,2.0,0.01,-5.754781378382859,-5.754781378382859,0.08,0.0,0.0,0.08,-5.834781378382859,1150.5139228244134,1144.6791414460306,1174.4986219333236,29.81948048729305,2.538911492140167,-5.834781378382859,1,1
proxy_hardened_no_worst_hours,proxy_hardened_no_worst_hours-000067,2022-06-24 13:45:00,2022-06-24 14:00:00,XAUUSD,15m,SELL,LONDON,1822.563,1827.5544009079822,1812.5801981840357,V50 realtime loss proxy | variant=proxy_hardened_no_worst_hours | Side=SELL | score=76.0 | opposite_score=4.0 | session=LONDON | RR=2.00,V50 realtime loss proxy,4.0,76.0,76.0,2.0000000000000457,0.01,-4.991400907982097,-4.991400907982097,0.08,0.0,0.0,0.08,-5.071400907982097,1144.6791414460306,1139.6077405380486,1174.4986219333236,34.89088139527507,2.9707043281022965,-5.071400907982097,1,1
proxy_hardened_no_worst_hours,proxy_hardened_no_worst_hours-000068,2022-06-27 10:00:00,2022-06-27 11:15:00,XAUUSD,15m,BUY,LONDON,1838.308,1835.0527648104453,1844.8184703791094,V50 realtime loss proxy | variant=proxy_hardened_no_worst_hours | Side=BUY | score=85.0 | opposite_score=26.0 | session=LONDON | RR=2.00,V50 realtime loss proxy,85.0,26.0,85.0,2.0,0.01,-3.2552351895546963,-3.2552351895546963,0.08,0.0,0.0,0.08,-3.3352351895546963,1139.6077405380486,1136.272505348494,1174.4986219333236,38.2261165848297,3.2546753032290736,-3.3352351895546963,1,1
proxy_hardened_no_worst_hours,proxy_hardened_no_worst_hours-000069,2022-06-28 13:00:00,2022-06-29 06:30:00,XAUUSD,15m,SELL,LONDON,1823.488,1826.8843753295155,1816.6952493409692,V50 realtime loss proxy | variant=proxy_hardened_no_worst_hours | Side=SELL | score=90.0 | opposite_score=4.0 | session=LONDON | RR=2.00,V50 realtime loss proxy,4.0,90.0,90.0,2.0,0.01,6.792750659030844,6.792750659030844,0.08,0.0,0.0,0.08,6.712750659030844,1136.272505348494,1142.9852560075249,1174.4986219333236,31.51336592579878,2.6831334952036916,6.712750659030844,1,0
proxy_hardened_no_worst_hours,proxy_hardened_no_worst_hours-000070,2022-06-29 10:00:00,2022-06-29 10:30:00,XAUUSD,15m,SELL,LONDON,1816.743,1819.6375162909928,1810.953967418014,V50 realtime loss proxy | variant=proxy_hardened_no_worst_hours | Side=SELL | score=96.0 | opposite_score=4.0 | session=LONDON | RR=2.00,V50 realtime loss proxy,4.0,96.0,96.0,2.0000000000000786,0.01,-2.8945162909928968,-2.8945162909928968,0.08,0.0,0.0,0.08,-2.974516290992897,1142.9852560075249,1140.010739716532,1174.4986219333236,34.487882216791604,2.936391884395883,-2.974516290992897,1,1
proxy_hardened_no_worst_hours,proxy_hardened_no_worst_hours-000071,2022-06-29 14:00:00,2022-06-30 11:30:00,XAUUSD,15m,SELL,LONDON,1818.188,1823.4595918143139,1807.6448163713724,V50 realtime loss proxy | variant=proxy_hardened_no_worst_hours | Side=SELL | score=79.0 | opposite_score=8.0 | session=LONDON | RR=2.00,V50 realtime loss proxy,8.0,79.0,79.0,2.000000000000043,0.01,10.54318362862773,10.54318362862773,0.08,0.0,0.0,0.08,10.46318362862773,1140.010739716532,1150.4739233451598,1174.4986219333236,24.0246985881638,2.0455280354962975,7.488667337634833,2,0
proxy_hardened_no_worst_hours,proxy_hardened_no_worst_hours-000072,2022-06-30 14:30:00,2022-07-01 05:30:00,XAUUSD,15m,SELL,LONDON,1809.935,1816.2951579780738,1797.2146840438522,V50 realtime loss proxy | variant=proxy_hardened_no_worst_hours | Side=SELL | score=80.0 | opposite_score=8.0 | session=LONDON | RR=2.00,V50 realtime loss proxy,8.0,80.0,80.0,2.0,0.01,12.720315956147715,12.720315956147715,0.08,0.0,0.0,0.08,12.640315956147715,1150.4739233451598,1163.1142393013076,1174.4986219333236,11.384382632016013,0.9692972319777063,12.640315956147715,1,0
proxy_hardened_no_worst_hours,proxy_hardened_no_worst_hours-000073,2022-07-06 13:45:00,2022-07-06 14:45:00,XAUUSD,15m,SELL,LONDON,1760.344,1765.8095979906782,1749.4128040186438,V50 realtime loss proxy | variant=proxy_hardened_no_worst_hours | Side=SELL | score=96.0 | opposite_score=4.0 | session=LONDON | RR=2.00,V50 realtime loss proxy,4.0,96.0,96.0,2.0,0.01,10.931195981356268,10.931195981356268,0.08,0.0,0.0,0.08,10.851195981356268,1163.1142393013076,1173.965435282664,1174.4986219333236,0.5331866506596725,0.045396958387401286,10.851195981356268,1,0
proxy_hardened_no_worst_hours,proxy_hardened_no_worst_hours-000074,2022-07-11 10:30:00,2022-07-11 13:45:00,XAUUSD,15m,SELL,LONDON,1736.888,1739.489980624608,1731.6840387507837,V50 realtime loss proxy | variant=proxy_hardened_no_worst_hours | Side=SELL | score=90.0 | opposite_score=4.0 | session=LONDON | RR=2.00,V50 realtime loss proxy,4.0,90.0,90.0,2.0,0.01,-2.6019806246081316,-2.6019806246081316,0.08,0.0,0.0,0.08,-2.6819806246081317,1173.965435282664,1171.283454658056,1174.4986219333236,3.2151672752677314,0.27374806706671956,-2.6819806246081317,1,1
proxy_hardened_no_worst_hours,proxy_hardened_no_worst_hours-000075,2022-07-12 14:00:00,2022-07-13 12:30:00,XAUUSD,15m,SELL,LONDON,1729.978,1734.3395859647392,1721.2548280705219,V50 realtime loss proxy | variant=proxy_hardened_no_worst_hours | Side=SELL | score=94.0 | opposite_score=8.0 | session=LONDON | RR=2.00,V50 realtime loss proxy,8.0,94.0,94.0,2.0,0.01,8.723171929478212,8.723171929478212,0.08,0.0,0.0,0.08,8.643171929478212,1171.283454658056,1179.9266265875342,1179.9266265875342,0.0,0.0,8.643171929478212,1,0
proxy_hardened_no_worst_hours,proxy_hardened_no_worst_hours-000076,2022-07-13 13:00:00,2022-07-13 13:30:00,XAUUSD,15m,SELL,LONDON,1718.918,1725.4443890238433,1705.865221952313,V50 realtime loss proxy | variant=proxy_hardened_no_worst_hours | Side=SELL | score=90.0 | opposite_score=4.0 | session=LONDON | RR=2.00,V50 realtime loss proxy,4.0,90.0,90.0,2.0,0.01,-6.5263890238434215,-6.5263890238434215,0.08,0.0,0.0,0.08,-6.6063890238434215,1179.9266265875342,1173.3202375636909,1179.9266265875342,6.606389023843349,0.5598982915530677,-6.6063890238434215,1,1
proxy_hardened_no_worst_hours,proxy_hardened_no_worst_hours-000077,2022-07-13 14:00:00,2022-07-13 14:30:00,XAUUSD,15m,SELL,LONDON,1723.048,1730.597900572938,1707.9481988541238,V50 realtime loss proxy | variant=proxy_hardened_no_worst_hours | Side=SELL | score=90.0 | opposite_score=8.0 | session=LONDON | RR=2.00,V50 realtime loss proxy,8.0,90.0,90.0,2.00000000000003,0.01,-7.549900572937986,-7.549900572937986,0.08,0.0,0.0,0.08,-7.629900572937986,1173.3202375636909,1165.690336990753,1179.9266265875342,14.236289596781262,1.2065402437738044,-14.236289596781408,2,2
proxy_hardened_no_worst_hours,proxy_hardened_no_worst_hours-000078,2022-07-14 14:30:00,2022-07-15 02:00:00,XAUUSD,15m,SELL,LONDON,1708.324,1715.229618480635,1694.51276303873,V50 realtime loss proxy | variant=proxy_hardened_no_worst_hours | Side=SELL | score=100.0 | opposite_score=8.0 | session=LONDON | RR=2.00,V50 realtime loss proxy,8.0,100.0,100.0,2.0,0.01,-6.905618480634985,-6.905618480634985,0.08,0.0,0.0,0.08,-6.985618480634985,1165.690336990753,1158.704718510118,1179.9266265875342,21.221908077416174,1.7985786233837313,-6.985618480634985,1,1
proxy_hardened_no_worst_hours,proxy_hardened_no_worst_hours-000079,2022-07-15 10:30:00,2022-07-15 10:45:00,XAUUSD,15m,SELL,LONDON,1703.938,1706.9601577619949,1697.8936844760105,V50 realtime loss proxy | variant=proxy_hardened_no_worst_hours | Side=SELL | score=96.0 | opposite_score=4.0 | session=LONDON | RR=2.00,V50 realtime loss proxy,4.0,96.0,96.0,2.0,0.01,-3.0221577619947766,-3.0221577619947766,0.08,0.0,0.0,0.08,-3.1021577619947767,1158.704718510118,1155.6025607481233,1179.9266265875342,24.324065839410878,2.0614896970126444,-3.1021577619947767,1,1
proxy_hardened_no_worst_hours,proxy_hardened_no_worst_hours-000080,2022-07-20 10:45:00,2022-07-20 12:15:00,XAUUSD,15m,SELL,LONDON,1708.651,1711.6311610190094,1702.6906779619812,V50 realtime loss proxy | variant=proxy_hardened_no_worst_hours | Side=SELL | score=76.0 | opposite_score=4.0 | session=LONDON | RR=2.00,V50 realtime loss proxy,4.0,76.0,76.0,2.0000000000000764,0.01,-2.9801610190093015,-2.9801610190093015,0.08,0.0,0.0,0.08,-3.0601610190093016,1155.6025607481233,1152.542399729114,1179.9266265875342,27.384226858420107,2.320841503307543,-3.0601610190093016,1,1
proxy_hardened_no_worst_hours,proxy_hardened_no_worst_hours-000081,2022-07-20 15:15:00,2022-07-20 18:00:00,XAUUSD,15m,SELL,LONDON,1706.911,1710.4419183928462,1699.8491632143077,V50 realtime loss proxy | variant=proxy_hardened_no_worst_hours | Side=SELL | score=76.0 | opposite_score=4.0 | session=LONDON | RR=2.00,V50 realtime loss proxy,4.0,76.0,76.0,2.0,0.01,7.061836785692321,7.061836785692321,0.08,0.0,0.0,0.08,6.981836785692321,1152.542399729114,1159.5242365148065,1179.9266265875342,20.402390072727712,1.7291236262489869,3.9216757666830198,2,0
proxy_hardened_no_worst_hours,proxy_hardened_no_worst_hours-000082,2022-07-22 13:30:00,2022-07-22 13:45:00,XAUUSD,15m,BUY,LONDON,1727.923,1723.540124272753,1736.688751454494,V50 realtime loss proxy | variant=proxy_hardened_no_worst_hours | Side=BUY | score=85.0 | opposite_score=4.0 | session=LONDON | RR=2.00,V50 realtime loss proxy,85.0,4.0,85.0,2.0,0.01,8.765751454493966,8.765751454493966,0.08,0.0,0.0,0.08,8.685751454493966,1159.5242365148065,1168.2099879693005,1179.9266265875342,11.716638618233674,0.9929972215407465,8.685751454493966,1,0
proxy_hardened_no_worst_hours,proxy_hardened_no_worst_hours-000083,2022-07-25 10:15:00,2022-07-25 11:45:00,XAUUSD,15m,BUY,LONDON,1729.809,1726.3137157797714,1736.799568440457,V50 realtime loss proxy | variant=proxy_hardened_no_worst_hours | Side=BUY | score=85.0 | opposite_score=4.0 | session=LONDON | RR=2.00,V50 realtime loss proxy,85.0,4.0,85.0,2.0,0.01,-3.495284220228541,-3.495284220228541,0.08,0.0,0.0,0.08,-3.575284220228541,1168.2099879693005,1164.634703749072,1179.9266265875342,15.291922838462142,1.296006251057145,-3.575284220228541,1,1
proxy_hardened_no_worst_hours,proxy_hardened_no_worst_hours-000084,2022-07-27 18:30:00,2022-07-28 07:00:00,XAUUSD,15m,BUY,NEW YORK,1732.688,1727.6563686897734,1742.7512626204534,V50 realtime loss proxy | variant=proxy_hardened_no_worst_hours | Side=BUY | score=87.0 | opposite_score=8.0 | session=NEW YORK | RR=2.00,V50 realtime loss proxy,87.0,8.0,87.0,2.0,0.01,10.063262620453315,10.063262620453315,0.08,0.0,0.0,0.08,9.983262620453315,1164.634703749072,1174.6179663695254,1179.9266265875342,5.308660218008754,0.44991443521890256,9.983262620453315,1,0
proxy_hardened_no_worst_hours,proxy_hardened_no_worst_hours-000085,2022-07-28 13:00:00,2022-07-28 14:45:00,XAUUSD,15m,BUY,LONDON,1745.425,1740.3010733479578,1755.6728533040846,V50 realtime loss proxy | variant=proxy_hardened_no_worst_hours | Side=BUY | score=85.0 | opposite_score=4.0 | session=LONDON | RR=2.00,V50 realtime loss proxy,85.0,4.0,85.0,2.0000000000000444,0.01,10.247853304084629,10.247853304084629,0.08,0.0,0.0,0.08,10.167853304084629,1174.6179663695254,1184.7858196736101,1184.7858196736101,0.0,0.0,10.167853304084629,1,0
proxy_hardened_no_worst_hours,proxy_hardened_no_worst_hours-000086,2022-07-28 18:15:00,2022-07-29 03:15:00,XAUUSD,15m,BUY,NEW YORK,1751.368,1747.1598657166103,1759.7842685667792,V50 realtime loss proxy | variant=proxy_hardened_no_worst_hours | Side=BUY | score=89.0 | opposite_score=8.0 | session=NEW YORK | RR=2.00,V50 realtime loss proxy,89.0,8.0,89.0,2.0,0.01,8.416268566779308,8.416268566779308,0.08,0.0,0.0,0.08,8.336268566779308,1184.7858196736101,1193.1220882403895,1193.1220882403895,0.0,0.0,18.504121870863937,2,0
proxy_hardened_no_worst_hours,proxy_hardened_no_worst_hours-000087,2022-07-29 18:45:00,2022-08-01 04:30:00,XAUUSD,15m,BUY,NEW YORK,1763.764,1760.234808897194,1770.822382205612,V50 realtime loss proxy | variant=proxy_hardened_no_worst_hours | Side=BUY | score=89.0 | opposite_score=8.0 | session=NEW YORK | RR=2.00,V50 realtime loss proxy,89.0,8.0,89.0,2.0000000000000644,0.01,-3.529191102805953,-3.529191102805953,0.08,0.0,0.0,0.08,-3.609191102805953,1193.1220882403895,1189.5128971375836,1193.1220882403895,3.6091911028058803,0.30249973061253915,-3.609191102805953,1,1
proxy_hardened_no_worst_hours,proxy_hardened_no_worst_hours-000088,2022-08-01 13:00:00,2022-08-01 14:00:00,XAUUSD,15m,BUY,LONDON,1772.598,1768.3604568291746,1781.0730863416509,V50 realtime loss proxy | variant=proxy_hardened_no_worst_hours | Side=BUY | score=79.0 | opposite_score=4.0 | session=LONDON | RR=2.00,V50 realtime loss proxy,79.0,4.0,79.0,2.0000000000000537,0.01,-4.237543170825347,-4.237543170825347,0.08,0.0,0.0,0.08,-4.317543170825347,1189.5128971375836,1185.1953539667584,1193.1220882403895,7.926734273631155,0.6643690827416885,-4.317543170825347,1,1
proxy_hardened_no_worst_hours,proxy_hardened_no_worst_hours-000089,2022-08-04 13:45:00,2022-08-04 17:45:00,XAUUSD,15m,BUY,LONDON,1783.388,1778.878014140337,1792.4079717193258,V50 realtime loss proxy | variant=proxy_hardened_no_worst_hours | Side=BUY | score=85.0 | opposite_score=4.0 | session=LONDON | RR=2.00,V50 realtime loss proxy,85.0,4.0,85.0,2.0,0.01,9.019971719325895,9.019971719325895,0.08,0.0,0.0,0.08,8.939971719325895,1185.1953539667584,1194.1353256860843,1194.1353256860843,0.0,0.0,8.939971719325895,1,0
proxy_hardened_no_worst_hours,proxy_hardened_no_worst_hours-000090,2022-08-08 18:00:00,2022-08-09 01:45:00,XAUUSD,15m,BUY,NEW YORK,1787.554,1784.7643386216143,1793.1333227567716,V50 realtime loss proxy | variant=proxy_hardened_no_worst_hours | Side=BUY | score=100.0 | opposite_score=8.0 | session=NEW YORK | RR=2.00,V50 realtime loss proxy,100.0,8.0,100.0,2.0,0.01,-2.7896613783857447,-2.7896613783857447,0.08,0.0,0.0,0.08,-2.8696613783857448,1194.1353256860843,1191.2656643076987,1194.1353256860843,2.869661378385672,0.2403129123357039,-2.8696613783857448,1,1
proxy_hardened_no_worst_hours,proxy_hardened_no_worst_hours-000091,2022-08-09 10:45:00,2022-08-09 13:00:00,XAUUSD,15m,BUY,LONDON,1790.964,1787.607272453207,1797.6774550935856,V50 realtime loss proxy | variant=proxy_hardened_no_worst_hours | Side=BUY | score=96.0 | opposite_score=11.0 | session=LONDON | RR=2.00,V50 realtime loss proxy,96.0,11.0,96.0,2.0,0.01,6.713455093585708,6.713455093585708,0.08,0.0,0.0,0.08,6.633455093585708,1191.2656643076987,1197.8991194012845,1197.8991194012845,0.0,0.0,6.633455093585708,1,0
proxy_hardened_no_worst_hours,proxy_hardened_no_worst_hours-000092,2022-08-09 14:30:00,2022-08-09 14:45:00,XAUUSD,15m,BUY,LONDON,1795.646,1791.5683695484695,1803.801260903061,V50 realtime loss proxy | variant=proxy_hardened_no_worst_hours | Side=BUY | score=100.0 | opposite_score=8.0 | session=LONDON | RR=2.00,V50 realtime loss proxy,100.0,8.0,100.0,2.0,0.01,-4.077630451530467,-4.077630451530467,0.08,0.0,0.0,0.08,-4.157630451530467,1197.8991194012845,1193.741488949754,1197.8991194012845,4.157630451530395,0.3470768434664513,2.4758246420552403,2,1
proxy_hardened_no_worst_hours,proxy_hardened_no_worst_hours-000093,2022-08-10 13:00:00,2022-08-10 18:15:00,XAUUSD,15m,BUY,LONDON,1796.608,1791.186546739454,1807.450906521092,V50 realtime loss proxy | variant=proxy_hardened_no_worst_hours | Side=BUY | score=90.0 | opposite_score=4.0 | session=LONDON | RR=2.00,V50 realtime loss proxy,90.0,4.0,90.0,2.0,0.01,-5.421453260546059,-5.421453260546059,0.08,0.0,0.0,0.08,-5.501453260546059,1193.741488949754,1188.240035689208,1197.8991194012845,9.65908371207638,0.8063353212000052,-5.501453260546059,1,1
proxy_hardened_no_worst_hours,proxy_hardened_no_worst_hours-000094,2022-08-11 13:30:00,2022-08-11 14:30:00,XAUUSD,15m,BUY,LONDON,1796.078,1792.1961594135225,1803.8416811729548,V50 realtime loss proxy | variant=proxy_hardened_no_worst_hours | Side=BUY | score=90.0 | opposite_score=4.0 | session=LONDON | RR=2.00,V50 realtime loss proxy,90.0,4.0,90.0,2.0,0.01,-3.8818405864774377,-3.8818405864774377,0.08,0.0,0.0,0.08,-3.9618405864774378,1188.240035689208,1184.2781951027307,1197.8991194012845,13.620924298553746,1.1370677278201478,-3.9618405864774378,1,1
proxy_hardened_no_worst_hours,proxy_hardened_no_worst_hours-000095,2022-08-12 14:15:00,2022-08-12 17:00:00,XAUUSD,15m,BUY,LONDON,1791.814,1787.4650018236339,1800.5119963527327,V50 realtime loss proxy | variant=proxy_hardened_no_worst_hours | Side=BUY | score=80.0 | opposite_score=8.0 | session=LONDON | RR=2.00,V50 realtime loss proxy,80.0,8.0,80.0,2.0000000000000524,0.01,8.697996352732616,8.697996352732616,0.08,0.0,0.0,0.08,8.617996352732616,1184.2781951027307,1192.8961914554634,1197.8991194012845,5.002927945821057,0.4176418418540572,8.617996352732616,1,0
proxy_hardened_no_worst_hours,proxy_hardened_no_worst_hours-000096,2022-08-15 13:30:00,2022-08-15 16:45:00,XAUUSD,15m,SELL,LONDON,1777.108,1782.5477579152337,1766.2284841695325,V50 realtime loss proxy | variant=proxy_hardened_no_worst_hours | Side=SELL | score=85.0 | opposite_score=26.0 | session=LONDON | RR=2.00,V50 realtime loss proxy,26.0,85.0,85.0,2.0,0.01,-5.439757915233713,-5.439757915233713,0.08,0.0,0.0,0.08,-5.519757915233713,1192.8961914554634,1187.3764335402298,1197.8991194012845,10.522685861054697,0.8784283827100553,-5.519757915233713,1,1
proxy_hardened_no_worst_hours,proxy_hardened_no_worst_hours-000097,2022-08-16 13:00:00,2022-08-16 14:45:00,XAUUSD,15m,SELL,LONDON,1774.618,1778.417794242347,1767.0184115153056,V50 realtime loss proxy | variant=proxy_hardened_no_worst_hours | Side=SELL | score=79.0 | opposite_score=4.0 | session=LONDON | RR=2.00,V50 realtime loss proxy,4.0,79.0,79.0,2.0,0.01,-3.7997942423471613,-3.7997942423471613,0.08,0.0,0.0,0.08,-3.8797942423471614,1187.3764335402298,1183.4966392978827,1197.8991194012845,14.402480103401786,1.2023116028835727,-3.8797942423471614,1,1
proxy_hardened_no_worst_hours,proxy_hardened_no_worst_hours-000098,2022-08-17 13:00:00,2022-08-17 15:30:00,XAUUSD,15m,SELL,LONDON,1769.559,1773.3983642724768,1761.8802714550463,V50 realtime loss proxy | variant=proxy_hardened_no_worst_hours | Side=SELL | score=85.0 | opposite_score=4.0 | session=LONDON | RR=2.00,V50 realtime loss proxy,4.0,85.0,85.0,2.0,0.01,7.678728544953628,7.678728544953628,0.08,0.0,0.0,0.08,7.598728544953628,1183.4966392978827,1191.0953678428364,1197.8991194012845,6.803751558448084,0.5679736672524337,7.598728544953628,1,0
proxy_hardened_no_worst_hours,proxy_hardened_no_worst_hours-000099,2022-08-19 15:30:00,2022-08-22 06:00:00,XAUUSD,15m,SELL,LONDON,1749.844,1753.5927317035027,1742.3465365929947,V50 realtime loss proxy | variant=proxy_hardened_no_worst_hours | Side=SELL | score=85.0 | opposite_score=4.0 | session=LONDON | RR=2.00,V50 realtime loss proxy,4.0,85.0,85.0,2.0,0.01,7.497463407005398,7.497463407005398,0.08,0.0,0.0,0.08,7.417463407005398,1191.0953678428364,1198.5128312498418,1198.5128312498418,0.0,0.0,7.417463407005398,1,0
proxy_hardened_no_worst_hours,proxy_hardened_no_worst_hours-000100,2022-08-22 13:45:00,2022-08-22 14:00:00,XAUUSD,15m,SELL,LONDON,1733.074,1737.3138065310084,1724.5943869379832,V50 realtime loss proxy | variant=proxy_hardened_no_worst_hours | Side=SELL | score=96.0 | opposite_score=4.0 | session=LONDON | RR=2.00,V50 realtime loss proxy,4.0,96.0,96.0,2.0000000000000537,0.01,-4.239806531008298,-4.239806531008298,0.08,0.0,0.0,0.08,-4.3198065310082985,1198.5128312498418,1194.1930247188336,1198.5128312498418,4.319806531008226,0.3604305618074538,-4.3198065310082985,1,1
proxy_hardened_no_worst_hours,proxy_hardened_no_worst_hours-000101,2022-08-23 10:00:00,2022-08-23 13:15:00,XAUUSD,15m,SELL,LONDON,1735.898,1739.1054961528823,1729.483007694235,V50 realtime loss proxy | variant=proxy_hardened_no_worst_hours | Side=SELL | score=75.0 | opposite_score=4.0 | session=LONDON | RR=2.00,V50 realtime loss proxy,4.0,75.0,75.0,2.0,0.01,-3.2074961528824133,-3.2074961528824133,0.08,0.0,0.0,0.08,-3.2874961528824134,1194.1930247188336,1190.9055285659513,1198.5128312498418,7.607302683890566,0.6347285139999264,-3.2874961528824134,1,1
proxy_hardened_no_worst_hours,proxy_hardened_no_worst_hours-000102,2022-08-23 18:00:00,2022-08-24 10:45:00,XAUUSD,15m,BUY,NEW YORK,1747.118,1743.5832969459798,1754.1874061080405,V50 realtime loss proxy | variant=proxy_hardened_no_worst_hours | Side=BUY | score=72.0 | opposite_score=30.0 | session=NEW YORK | RR=2.00,V50 realtime loss proxy,72.0,30.0,72.0,2.0000000000000644,0.01,-3.534703054020156,-3.534703054020156,0.08,0.0,0.0,0.08,-3.614703054020156,1190.9055285659513,1187.2908255119312,1198.5128312498418,11.22200573791065,0.9363275423766667,-6.902199206902569,2,2
proxy_hardened_no_worst_hours,proxy_hardened_no_worst_hours-000103,2022-08-24 13:00:00,2022-08-24 14:15:00,XAUUSD,15m,SELL,LONDON,1744.688,1748.1324022115766,1737.799195576847,V50 realtime loss proxy | variant=proxy_hardened_no_worst_hours | Side=SELL | score=76.0 | opposite_score=4.0 | session=LONDON | RR=2.00,V50 realtime loss proxy,4.0,76.0,76.0,2.0,0.01,-3.4444022115765165,-3.4444022115765165,0.08,0.0,0.0,0.08,-3.5244022115765166,1187.2908255119312,1183.7664233003547,1198.5128312498418,14.746407949487093,1.2303921631034302,-3.5244022115765166,1,1
proxy_hardened_no_worst_hours,proxy_hardened_no_worst_hours-000104,2022-08-24 22:00:00,2022-08-25 01:15:00,XAUUSD,15m,BUY,NEW YORK,1750.89,1748.5096700511376,1755.6506598977253,V50 realtime loss proxy | variant=proxy_hardened_no_worst_hours | Side=BUY | score=72.0 | opposite_score=30.0 | session=NEW YORK | RR=2.00,V50 realtime loss proxy,72.0,30.0,72.0,2.0000000000000955,0.01,4.760659897725191,4.760659897725191,0.08,0.0,0.0,0.08,4.6806598977251905,1183.7664233003547,1188.44708319808,1198.5128312498418,10.06574805176183,0.8398531738091609,1.156257686148674,2,0
proxy_hardened_no_worst_hours,proxy_hardened_no_worst_hours-000105,2022-08-26 14:15:00,2022-08-26 15:15:00,XAUUSD,15m,SELL,LONDON,1746.024,1751.8138634332324,1734.4442731335346,V50 realtime loss proxy | variant=proxy_hardened_no_worst_hours | Side=SELL | score=80.0 | opposite_score=8.0 | session=LONDON | RR=2.00,V50 realtime loss proxy,8.0,80.0,80.0,2.000000000000039,0.01,11.579726866465307,11.579726866465307,0.08,0.0,0.0,0.08,11.499726866465307,1188.44708319808,1199.9468100645454,1199.9468100645454,0.0,0.0,11.499726866465307,1,0
proxy_hardened_no_worst_hours,proxy_hardened_no_worst_hours-000106,2022-08-30 13:45:00,2022-08-30 14:15:00,XAUUSD,15m,SELL,LONDON,1732.424,1735.9620323391557,1725.3479353216883,V50 realtime loss proxy | variant=proxy_hardened_no_worst_hours | Side=SELL | score=90.0 | opposite_score=4.0 | session=LONDON | RR=2.00,V50 realtime loss proxy,4.0,90.0,90.0,2.0000000000000644,0.01,7.076064678311695,7.076064678311695,0.08,0.0,0.0,0.08,6.996064678311695,1199.9468100645454,1206.9428747428572,1206.9428747428572,0.0,0.0,6.996064678311695,1,0
proxy_hardened_no_worst_hours,proxy_hardened_no_worst_hours-000107,2022-09-01 13:45:00,2022-09-01 14:45:00,XAUUSD,15m,SELL,LONDON,1698.888,1703.6424792471248,1689.3790415057501,V50 realtime loss proxy | variant=proxy_hardened_no_worst_hours | Side=SELL | score=96.0 | opposite_score=4.0 | session=LONDON | RR=2.00,V50 realtime loss proxy,4.0,96.0,96.0,2.0,0.01,9.508958494249782,9.508958494249782,0.08,0.0,0.0,0.08,9.428958494249782,1206.9428747428572,1216.371833237107,1216.371833237107,0.0,0.0,9.428958494249782,1,0
proxy_hardened_no_worst_hours,proxy_hardened_no_worst_hours-000108,2022-09-01 15:00:00,2022-09-02 07:30:00,XAUUSD,15m,SELL,LONDON,1697.615,1703.4685630598538,1685.9078738802925,V50 realtime loss proxy | variant=proxy_hardened_no_worst_hours | Side=SELL | score=96.0 | opposite_score=4.0 | session=LONDON | RR=2.00,V50 realtime loss proxy,4.0,96.0,96.0,2.0,0.01,-5.853563059853741,-5.853563059853741,0.08,0.0,0.0,0.08,-5.933563059853741,1216.371833237107,1210.4382701772533,1216.371833237107,5.933563059853668,0.48780832453697903,3.495395434396041,2,1
proxy_hardened_no_worst_hours,proxy_hardened_no_worst_hours-000109,2022-09-06 13:45:00,2022-09-06 15:15:00,XAUUSD,15m,SELL,LONDON,1708.728,1712.4250319289613,1701.3339361420776,V50 realtime loss proxy | variant=proxy_hardened_no_worst_hours | Side=SELL | score=96.0 | opposite_score=4.0 | session=LONDON | RR=2.00,V50 realtime loss proxy,4.0,96.0,96.0,2.0,0.01,7.394063857922447,7.394063857922447,0.08,0.0,0.0,0.08,7.314063857922447,1210.4382701772533,1217.7523340351759,1217.7523340351759,0.0,0.0,7.314063857922447,1,0
proxy_hardened_no_worst_hours,proxy_hardened_no_worst_hours-000110,2022-09-12 14:30:00,2022-09-13 01:00:00,XAUUSD,15m,BUY,LONDON,1728.044,1723.559648808665,1737.0127023826703,V50 realtime loss proxy | variant=proxy_hardened_no_worst_hours | Side=BUY | score=89.0 | opposite_score=8.0 | session=LONDON | RR=2.00,V50 realtime loss proxy,89.0,8.0,89.0,2.0000000000000506,0.01,-4.4843511913350085,-4.4843511913350085,0.08,0.0,0.0,0.08,-4.5643511913350086,1217.7523340351759,1213.187982843841,1217.7523340351759,4.564351191334936,0.3748176918873465,-4.5643511913350086,1,1
proxy_hardened_no_worst_hours,proxy_hardened_no_worst_hours-000111,2022-09-13 10:15:00,2022-09-13 11:30:00,XAUUSD,15m,BUY,LONDON,1725.144,1722.5246623757423,1730.3826752485156,V50 realtime loss proxy | variant=proxy_hardened_no_worst_hours | Side=BUY | score=79.0 | opposite_score=4.0 | session=LONDON | RR=2.00,V50 realtime loss proxy,79.0,4.0,79.0,2.0000000000000866,0.01,5.238675248515619,5.238675248515619,0.08,0.0,0.0,0.08,5.158675248515619,1213.187982843841,1218.3466580923566,1218.3466580923566,0.0,0.0,5.158675248515619,1,0
proxy_hardened_no_worst_hours,proxy_hardened_no_worst_hours-000112,2022-09-14 14:15:00,2022-09-14 14:45:00,XAUUSD,15m,SELL,LONDON,1701.864,1705.5054128519207,1694.5811742961585,V50 realtime loss proxy | variant=proxy_hardened_no_worst_hours | Side=SELL | score=79.0 | opposite_score=8.0 | session=LONDON | RR=2.00,V50 realtime loss proxy,8.0,79.0,79.0,2.0000000000000626,0.01,-3.641412851920677,-3.641412851920677,0.08,0.0,0.0,0.08,-3.721412851920677,1218.3466580923566,1214.625245240436,1218.3466580923566,3.7214128519206042,0.3054477826325275,-3.721412851920677,1,1
proxy_hardened_no_worst_hours,proxy_hardened_no_worst_hours-000113,2022-09-15 10:30:00,2022-09-15 12:45:00,XAUUSD,15m,SELL,LONDON,1686.234,1689.1601855879617,1680.3816288240762,V50 realtime loss proxy | variant=proxy_hardened_no_worst_hours | Side=SELL | score=96.0 | opposite_score=4.0 | session=LONDON | RR=2.00,V50 realtime loss proxy,4.0,96.0,96.0,2.0000000000000777,0.01,-2.926185587961754,-2.926185587961754,0.08,0.0,0.0,0.08,-3.0061855879617543,1214.625245240436,1211.6190596524743,1218.3466580923566,6.727598439882286,0.5521908231287898,-3.0061855879617543,1,1
proxy_hardened_no_worst_hours,proxy_hardened_no_worst_hours-000114,2022-09-15 13:00:00,2022-09-15 14:00:00,XAUUSD,15m,SELL,LONDON,1686.186,1690.1986742942502,1678.1606514114994,V50 realtime loss proxy | variant=proxy_hardened_no_worst_hours | Side=SELL | score=96.0 | opposite_score=4.0 | session=LONDON | RR=2.00,V50 realtime loss proxy,4.0,96.0,96.0,2.0,0.01,-4.012674294250246,-4.012674294250246,0.08,0.0,0.0,0.08,-4.092674294250246,1211.6190596524743,1207.5263853582242,1218.3466580923566,10.820272734132459,0.8881111678899709,-7.098859882212,2,2
proxy_hardened_no_worst_hours,proxy_hardened_no_worst_hours-000115,2022-09-16 13:15:00,2022-09-16 13:45:00,XAUUSD,15m,SELL,LONDON,1660.515,1664.7641321114709,1652.0167357770586,V50 realtime loss proxy | variant=proxy_hardened_no_worst_hours | Side=SELL | score=96.0 | opposite_score=4.0 | session=LONDON | RR=2.00,V50 realtime loss proxy,4.0,96.0,96.0,2.0,0.01,-4.249132111470772,-4.249132111470772,0.08,0.0,0.0,0.08,-4.329132111470772,1207.5263853582242,1203.1972532467535,1218.3466580923566,15.149404845603158,1.2434396027583439,-4.329132111470772,1,1
proxy_hardened_no_worst_hours,proxy_hardened_no_worst_hours-000116,2022-09-19 10:15:00,2022-09-19 13:45:00,XAUUSD,15m,SELL,LONDON,1664.458,1667.791654060271,1657.7906918794583,V50 realtime loss proxy | variant=proxy_hardened_no_worst_hours | Side=SELL | score=96.0 | opposite_score=4.0 | session=LONDON | RR=2.00,V50 realtime loss proxy,4.0,96.0,96.0,2.0,0.01,-3.3336540602708737,-3.3336540602708737,0.08,0.0,0.0,0.08,-3.413654060270874,1203.1972532467535,1199.7835991864827,1218.3466580923566,18.56305890587396,1.5236270221268,-3.413654060270874,1,1
proxy_hardened_no_worst_hours,proxy_hardened_no_worst_hours-000117,2022-09-20 10:15:00,2022-09-20 13:30:00,XAUUSD,15m,SELL,LONDON,1668.958,1671.9505456160311,1662.972908767938,V50 realtime loss proxy | variant=proxy_hardened_no_worst_hours | Side=SELL | score=90.0 | opposite_score=11.0 | session=LONDON | RR=2.00,V50 realtime loss proxy,11.0,90.0,90.0,2.0,0.01,5.985091232062132,5.985091232062132,0.08,0.0,0.0,0.08,5.905091232062132,1199.7835991864827,1205.6886904185449,1218.3466580923566,12.657967673811754,1.0389463121794207,5.905091232062132,1,0
proxy_hardened_no_worst_hours,proxy_hardened_no_worst_hours-000118,2022-09-20 13:45:00,2022-09-21 06:00:00,XAUUSD,15m,SELL,LONDON,1665.105,1668.9008135007152,1657.5133729985696,V50 realtime loss proxy | variant=proxy_hardened_no_worst_hours | Side=SELL | score=90.0 | opposite_score=4.0 | session=LONDON | RR=2.00,V50 realtime loss proxy,4.0,90.0,90.0,2.0,0.01,-3.7958135007152123,-3.7958135007152123,0.08,0.0,0.0,0.08,-3.8758135007152124,1205.6886904185449,1201.8128769178297,1218.3466580923566,16.533781174526894,1.3570670600775392,2.0292777313469195,2,1
proxy_hardened_no_worst_hours,proxy_hardened_no_worst_hours-000119,2022-09-22 14:00:00,2022-09-22 15:15:00,XAUUSD,15m,BUY,LONDON,1675.87,1669.1785223803618,1689.2529552392764,V50 realtime loss proxy | variant=proxy_hardened_no_worst_hours | Side=BUY | score=72.0 | opposite_score=30.0 | session=LONDON | RR=2.00,V50 realtime loss proxy,72.0,30.0,72.0,2.000000000000034,0.01,-6.691477619638135,-6.691477619638135,0.08,0.0,0.0,0.08,-6.771477619638135,1201.8128769178297,1195.0413992981917,1218.3466580923566,23.305258794164956,1.9128594180785534,-6.771477619638135,1,1
proxy_hardened_no_worst_hours,proxy_hardened_no_worst_hours-000120,2022-09-23 13:15:00,2022-09-23 18:45:00,XAUUSD,15m,SELL,LONDON,1652.508,1658.919068076073,1639.685863847854,V50 realtime loss proxy | variant=proxy_hardened_no_worst_hours | Side=SELL | score=96.0 | opposite_score=4.0 | session=LONDON | RR=2.00,V50 realtime loss proxy,4.0,96.0,96.0,2.0,0.01,12.822136152145958,12.822136152145958,0.08,0.0,0.0,0.08,12.742136152145958,1195.0413992981917,1207.7835354503377,1218.3466580923566,10.563122642018925,0.8670046880219036,12.742136152145958,1,0
proxy_hardened_no_worst_hours,proxy_hardened_no_worst_hours-000121,2022-09-26 10:00:00,2022-09-26 12:00:00,XAUUSD,15m,SELL,LONDON,1636.678,1641.8500791439217,1626.333841712157,V50 realtime loss proxy | variant=proxy_hardened_no_worst_hours | Side=SELL | score=96.0 | opposite_score=4.0 | session=LONDON | RR=2.00,V50 realtime loss proxy,4.0,96.0,96.0,2.0,0.01,-5.1720791439215645,-5.1720791439215645,0.08,0.0,0.0,0.08,-5.252079143921565,1207.7835354503377,1202.5314563064162,1218.3466580923566,15.815201785940417,1.2980871807621068,-5.252079143921565,1,1
proxy_hardened_no_worst_hours,proxy_hardened_no_worst_hours-000122,2022-09-29 14:00:00,2022-09-29 14:15:00,XAUUSD,15m,BUY,LONDON,1652.728,1647.1317837478684,1663.9204325042633,V50 realtime loss proxy | variant=proxy_hardened_no_worst_hours | Side=BUY | score=72.0 | opposite_score=30.0 | session=LONDON | RR=2.00,V50 realtime loss proxy,72.0,30.0,72.0,2.0,0.01,-5.596216252131626,-5.596216252131626,0.08,0.0,0.0,0.08,-5.676216252131626,1202.5314563064162,1196.8552400542846,1218.3466580923566,21.49141803807197,1.7639821881009186,-5.676216252131626,1,1
proxy_hardened_no_worst_hours,proxy_hardened_no_worst_hours-000123,2022-09-29 14:45:00,2022-09-30 05:30:00,XAUUSD,15m,BUY,LONDON,1653.215,1646.987821389966,1665.669357220068,V50 realtime loss proxy | variant=proxy_hardened_no_worst_hours | Side=BUY | score=72.0 | opposite_score=30.0 | session=LONDON | RR=2.00,V50 realtime loss proxy,72.0,30.0,72.0,2.0000000000000364,0.01,12.454357220068005,12.454357220068005,0.08,0.0,0.0,0.08,12.374357220068005,1196.8552400542846,1209.2295972743527,1218.3466580923566,9.117060818003893,0.7483141811443927,6.698140967936379,2,0
proxy_hardened_no_worst_hours,proxy_hardened_no_worst_hours-000124,2022-09-30 13:30:00,2022-09-30 17:00:00,XAUUSD,15m,BUY,LONDON,1668.828,1663.7417177735751,1679.0005644528496,V50 realtime loss proxy | variant=proxy_hardened_no_worst_hours | Side=BUY | score=85.0 | opposite_score=4.0 | session=LONDON | RR=2.00,V50 realtime loss proxy,85.0,4.0,85.0,2.0,0.01,-5.086282226424828,-5.086282226424828,0.08,0.0,0.0,0.08,-5.166282226424828,1209.2295972743527,1204.063315047928,1218.3466580923566,14.283343044428648,1.1723545962520219,-5.166282226424828,1,1
proxy_hardened_no_worst_hours,proxy_hardened_no_worst_hours-000125,2022-10-04 13:15:00,2022-10-04 14:30:00,XAUUSD,15m,BUY,LONDON,1708.722,1703.9297298020022,1718.3065403959956,V50 realtime loss proxy | variant=proxy_hardened_no_worst_hours | Side=BUY | score=85.0 | opposite_score=4.0 | session=LONDON | RR=2.00,V50 realtime loss proxy,85.0,4.0,85.0,2.0,0.01,9.584540395995646,9.584540395995646,0.08,0.0,0.0,0.08,9.504540395995646,1204.063315047928,1213.5678554439237,1218.3466580923566,4.778802648432929,0.39223669361193203,9.504540395995646,1,0
proxy_hardened_no_worst_hours,proxy_hardened_no_worst_hours-000126,2022-10-05 22:00:00,2022-10-06 00:15:00,XAUUSD,15m,BUY,NEW YORK,1714.814,1711.5059902860141,1721.4300194279722,V50 realtime loss proxy | variant=proxy_hardened_no_worst_hours | Side=BUY | score=89.0 | opposite_score=8.0 | session=NEW YORK | RR=2.00,V50 realtime loss proxy,89.0,8.0,89.0,2.000000000000069,0.01,6.616019427972105,6.616019427972105,0.08,0.0,0.0,0.08,6.536019427972105,1213.5678554439237,1220.1038748718959,1220.1038748718959,0.0,0.0,6.536019427972105,1,0
proxy_hardened_no_worst_hours,proxy_hardened_no_worst_hours-000127,2022-10-11 10:15:00,2022-10-11 11:00:00,XAUUSD,15m,SELL,LONDON,1663.105,1667.0296689245308,1655.2556621509384,V50 realtime loss proxy | variant=proxy_hardened_no_worst_hours | Side=SELL | score=96.0 | opposite_score=11.0 | session=LONDON | RR=2.00,V50 realtime loss proxy,11.0,96.0,96.0,2.0,0.01,-3.924668924530806,-3.924668924530806,0.08,0.0,0.0,0.08,-4.004668924530806,1220.1038748718959,1216.0992059473651,1220.1038748718959,4.004668924530733,0.3282236051378168,-4.004668924530806,1,1
proxy_hardened_no_worst_hours,proxy_hardened_no_worst_hours-000128,2022-10-12 22:15:00,2022-10-13 02:15:00,XAUUSD,15m,BUY,NEW YORK,1673.438,1670.4039214022516,1679.506157195497,V50 realtime loss proxy | variant=proxy_hardened_no_worst_hours | Side=BUY | score=72.0 | opposite_score=30.0 | session=NEW YORK | RR=2.00,V50 realtime loss proxy,72.0,30.0,72.0,2.0,0.01,-3.0340785977484757,-3.0340785977484757,0.08,0.0,0.0,0.08,-3.1140785977484757,1216.0992059473651,1212.9851273496167,1220.1038748718959,7.118747522279136,0.5834542180293104,-3.1140785977484757,1,1
proxy_hardened_no_worst_hours,proxy_hardened_no_worst_hours-000129,2022-10-18 10:00:00,2022-10-18 12:15:00,XAUUSD,15m,SELL,LONDON,1651.868,1655.5710932895704,1644.4618134208588,V50 realtime loss proxy | variant=proxy_hardened_no_worst_hours | Side=SELL | score=76.0 | opposite_score=4.0 | session=LONDON | RR=2.00,V50 realtime loss proxy,4.0,76.0,76.0,2.0000000000000613,0.01,-3.703093289570461,-3.703093289570461,0.08,0.0,0.0,0.08,-3.783093289570461,1212.9851273496167,1209.2020340600463,1220.1038748718959,10.901840811849524,0.8935174321116025,-3.783093289570461,1,1
proxy_hardened_no_worst_hours,proxy_hardened_no_worst_hours-000130,2022-10-18 14:30:00,2022-10-19 06:15:00,XAUUSD,15m,SELL,LONDON,1650.967,1654.7618075316639,1643.3773849366726,V50 realtime loss proxy | variant=proxy_hardened_no_worst_hours | Side=SELL | score=80.0 | opposite_score=15.0 | session=LONDON | RR=2.00,V50 realtime loss proxy,15.0,80.0,80.0,2.0,0.01,7.589615063327528,7.589615063327528,0.08,0.0,0.0,0.08,7.509615063327528,1209.2020340600463,1216.711649123374,1220.1038748718959,3.3922257485219234,0.27802761866304937,3.7265217737570673,2,0
proxy_hardened_no_worst_hours,proxy_hardened_no_worst_hours-000131,2022-10-19 14:00:00,2022-10-20 01:00:00,XAUUSD,15m,SELL,LONDON,1634.898,1639.5725426960994,1625.548914607801,V50 realtime loss proxy | variant=proxy_hardened_no_worst_hours | Side=SELL | score=100.0 | opposite_score=8.0 | session=LONDON | RR=2.00,V50 realtime loss proxy,8.0,100.0,100.0,2.0,0.01,9.349085392198958,9.349085392198958,0.08,0.0,0.0,0.08,9.269085392198958,1216.711649123374,1225.980734515573,1225.980734515573,0.0,0.0,9.269085392198958,1,0
proxy_hardened_no_worst_hours,proxy_hardened_no_worst_hours-000132,2022-10-25 18:30:00,2022-10-26 00:15:00,XAUUSD,15m,BUY,NEW YORK,1654.418,1650.773717730744,1661.7065645385117,V50 realtime loss proxy | variant=proxy_hardened_no_worst_hours | Side=BUY | score=89.0 | opposite_score=30.0 | session=NEW YORK | RR=2.00,V50 realtime loss proxy,89.0,30.0,89.0,2.0,0.01,-3.644282269255882,-3.644282269255882,0.08,0.0,0.0,0.08,-3.724282269255882,1225.980734515573,1222.2564522463172,1225.980734515573,3.7242822692558093,0.30377983637136036,-3.724282269255882,1,1
proxy_hardened_no_worst_hours,proxy_hardened_no_worst_hours-000133,2022-10-26 14:15:00,2022-10-26 20:15:00,XAUUSD,15m,BUY,LONDON,1668.098,1663.4226755590262,1677.4486488819475,V50 realtime loss proxy | variant=proxy_hardened_no_worst_hours | Side=BUY | score=89.0 | opposite_score=8.0 | session=LONDON | RR=2.00,V50 realtime loss proxy,89.0,8.0,89.0,2.0,0.01,-4.675324440973782,-4.675324440973782,0.08,0.0,0.0,0.08,-4.755324440973782,1222.2564522463172,1217.5011278053435,1225.980734515573,8.479606710229518,0.6916590507093165,-4.755324440973782,1,1
proxy_hardened_no_worst_hours,proxy_hardened_no_worst_hours-000134,2022-10-28 13:30:00,2022-10-31 13:15:00,XAUUSD,15m,SELL,LONDON,1646.618,1652.3811070081535,1635.0917859836927,V50 realtime loss proxy | variant=proxy_hardened_no_worst_hours | Side=SELL | score=96.0 | opposite_score=4.0 | session=LONDON | RR=2.00,V50 realtime loss proxy,4.0,96.0,96.0,2.0,0.01,11.526214016307222,11.526214016307222,0.08,0.0,0.0,0.08,11.446214016307222,1217.5011278053435,1228.9473418216508,1228.9473418216508,0.0,0.0,11.446214016307222,1,0
proxy_hardened_no_worst_hours,proxy_hardened_no_worst_hours-000135,2022-10-31 13:45:00,2022-10-31 14:30:00,XAUUSD,15m,SELL,LONDON,1637.198,1640.78492984855,1630.0241403029,V50 realtime loss proxy | variant=proxy_hardened_no_worst_hours | Side=SELL | score=96.0 | opposite_score=4.0 | session=LONDON | RR=2.00,V50 realtime loss proxy,4.0,96.0,96.0,2.0000000000000635,0.01,-3.586929848549971,-3.586929848549971,0.08,0.0,0.0,0.08,-3.6669298485499713,1228.9473418216508,1225.2804119731009,1228.9473418216508,3.6669298485498985,0.29837973717526917,-3.6669298485499713,1,1
proxy_hardened_no_worst_hours,proxy_hardened_no_worst_hours-000136,2022-10-31 15:30:00,2022-11-01 05:45:00,XAUUSD,15m,SELL,LONDON,1637.358,1640.8009791336322,1630.4720417327355,V50 realtime loss proxy | variant=proxy_hardened_no_worst_hours | Side=SELL | score=96.0 | opposite_score=4.0 | session=LONDON | RR=2.00,V50 realtime loss proxy,4.0,96.0,96.0,2.0,0.01,-3.442979133632207,-3.442979133632207,0.08,0.0,0.0,0.08,-3.522979133632207,1225.2804119731009,1221.7574328394687,1228.9473418216508,7.189908982182033,0.585046139692571,-7.189908982182178,2,2
proxy_hardened_no_worst_hours,proxy_hardened_no_worst_hours-000137,2022-11-01 18:15:00,2022-11-02 10:30:00,XAUUSD,15m,BUY,NEW YORK,1648.738,1644.905770932151,1656.4024581356982,V50 realtime loss proxy | variant=proxy_hardened_no_worst_hours | Side=BUY | score=78.0 | opposite_score=30.0 | session=NEW YORK | RR=2.00,V50 realtime loss proxy,78.0,30.0,78.0,2.0,0.01,7.664458135698169,7.664458135698169,0.08,0.0,0.0,0.08,7.584458135698169,1221.7574328394687,1229.341890975167,1229.341890975167,0.0,0.0,7.584458135698169,1,0
proxy_hardened_no_worst_hours,proxy_hardened_no_worst_hours-000138,2022-11-02 13:15:00,2022-11-02 13:45:00,XAUUSD,15m,BUY,LONDON,1656.018,1652.7849158908507,1662.4841682182987,V50 realtime loss proxy | variant=proxy_hardened_no_worst_hours | Side=BUY | score=85.0 | opposite_score=4.0 | session=LONDON | RR=2.00,V50 realtime loss proxy,85.0,4.0,85.0,2.0,0.01,-3.233084109149331,-3.233084109149331,0.08,0.0,0.0,0.08,-3.3130841091493313,1229.341890975167,1226.0288068660177,1229.341890975167,3.3130841091492584,0.26950062740652053,-3.3130841091493313,1,1
proxy_hardened_no_worst_hours,proxy_hardened_no_worst_hours-000139,2022-11-03 13:45:00,2022-11-03 14:00:00,XAUUSD,15m,SELL,LONDON,1619.108,1624.266729794494,1608.7905404110115,V50 realtime loss proxy | variant=proxy_hardened_no_worst_hours | Side=SELL | score=96.0 | opposite_score=4.0 | session=LONDON | RR=2.00,V50 realtime loss proxy,4.0,96.0,96.0,2.000000000000044,0.01,-5.158729794494093,-5.158729794494093,0.08,0.0,0.0,0.08,-5.238729794494093,1226.0288068660177,1220.7900770715237,1229.341890975167,8.551813903643279,0.6956416247118702,-5.238729794494093,1,1
proxy_hardened_no_worst_hours,proxy_hardened_no_worst_hours-000140,2022-11-04 10:00:00,2022-11-04 12:30:00,XAUUSD,15m,BUY,LONDON,1646.178,1642.5108489432755,1653.5123021134493,V50 realtime loss proxy | variant=proxy_hardened_no_worst_hours | Side=BUY | score=85.0 | opposite_score=26.0 | session=LONDON | RR=2.00,V50 realtime loss proxy,85.0,26.0,85.0,2.0,0.01,7.334302113449212,7.334302113449212,0.08,0.0,0.0,0.08,7.254302113449212,1220.7900770715237,1228.044379184973,1229.341890975167,1.2975117901939939,0.10554523519610574,7.254302113449212,1,0
proxy_hardened_no_worst_hours,proxy_hardened_no_worst_hours-000141,2022-11-07 13:00:00,2022-11-08 00:00:00,XAUUSD,15m,BUY,LONDON,1676.168,1672.9049454606297,1682.6941090787402,V50 realtime loss proxy | variant=proxy_hardened_no_worst_hours | Side=BUY | score=85.0 | opposite_score=4.0 | session=LONDON | RR=2.00,V50 realtime loss proxy,85.0,4.0,85.0,2.0,0.01,-3.2630545393701595,-3.2630545393701595,0.08,0.0,0.0,0.08,-3.3430545393701596,1228.044379184973,1224.7013246456029,1229.341890975167,4.640566329564081,0.37748378735251453,-3.3430545393701596,1,1
proxy_hardened_no_worst_hours,proxy_hardened_no_worst_hours-000142,2022-11-09 15:15:00,2022-11-09 18:30:00,XAUUSD,15m,BUY,LONDON,1712.098,1706.7787070389718,1722.7365859220565,V50 realtime loss proxy | variant=proxy_hardened_no_worst_hours | Side=BUY | score=96.0 | opposite_score=4.0 | session=LONDON | RR=2.00,V50 realtime loss proxy,96.0,4.0,96.0,2.0000000000000426,0.01,-5.319292961028168,-5.319292961028168,0.08,0.0,0.0,0.08,-5.399292961028168,1224.7013246456029,1219.3020316845748,1229.341890975167,10.039859290592176,0.8166856888467476,-5.399292961028168,1,1
proxy_hardened_no_worst_hours,proxy_hardened_no_worst_hours-000143,2022-11-11 13:00:00,2022-11-11 14:30:00,XAUUSD,15m,BUY,LONDON,1760.078,1755.5597394644426,1769.114521071115,V50 realtime loss proxy | variant=proxy_hardened_no_worst_hours | Side=BUY | score=96.0 | opposite_score=4.0 | session=LONDON | RR=2.00,V50 realtime loss proxy,96.0,4.0,96.0,2.00000000000005,0.01,-4.518260535557374,-4.518260535557374,0.08,0.0,0.0,0.08,-4.598260535557374,1219.3020316845748,1214.7037711490175,1229.341890975167,14.638119826149477,1.1907281394712654,-4.598260535557374,1,1
proxy_hardened_no_worst_hours,proxy_hardened_no_worst_hours-000144,2022-11-11 14:45:00,2022-11-11 21:30:00,XAUUSD,15m,BUY,LONDON,1760.627,1755.5805646596534,1770.719870680693,V50 realtime loss proxy | variant=proxy_hardened_no_worst_hours | Side=BUY | score=78.0 | opposite_score=8.0 | session=LONDON | RR=2.00,V50 realtime loss proxy,78.0,8.0,78.0,2.0,0.01,10.092870680693068,10.092870680693068,0.08,0.0,0.0,0.08,10.012870680693068,1214.7037711490175,1224.7166418297106,1229.341890975167,4.625249145456337,0.37623782117986637,5.414610145135693,2,0
proxy_hardened_no_worst_hours,proxy_hardened_no_worst_hours-000145,2022-11-14 14:00:00,2022-11-14 15:00:00,XAUUSD,15m,BUY,LONDON,1762.758,1758.7613629971686,1770.7512740056632,V50 realtime loss proxy | variant=proxy_hardened_no_worst_hours | Side=BUY | score=79.0 | opposite_score=15.0 | session=LONDON | RR=2.00,V50 realtime loss proxy,79.0,15.0,79.0,2.000000000000057,0.01,7.993274005663125,7.993274005663125,0.08,0.0,0.0,0.08,7.9132740056631246,1224.7166418297106,1232.6299158353738,1232.6299158353738,0.0,0.0,7.9132740056631246,1,0
proxy_hardened_no_worst_hours,proxy_hardened_no_worst_hours-000146,2022-11-14 21:00:00,2022-11-15 00:15:00,XAUUSD,15m,BUY,NEW YORK,1771.058,1767.9110259209037,1777.3519481581927,V50 realtime loss proxy | variant=proxy_hardened_no_worst_hours | Side=BUY | score=100.0 | opposite_score=8.0 | session=NEW YORK | RR=2.00,V50 realtime loss proxy,100.0,8.0,100.0,2.0000000000000724,0.01,-3.1469740790962533,-3.1469740790962533,0.08,0.0,0.0,0.08,-3.2269740790962533,1232.6299158353738,1229.4029417562776,1232.6299158353738,3.2269740790961805,0.26179585921449966,4.686299926566871,2,1
proxy_hardened_no_worst_hours,proxy_hardened_no_worst_hours-000147,2022-11-15 10:00:00,2022-11-15 13:30:00,XAUUSD,15m,BUY,LONDON,1775.958,1772.1065034209914,1783.6609931580176,V50 realtime loss proxy | variant=proxy_hardened_no_worst_hours | Side=BUY | score=96.0 | opposite_score=4.0 | session=LONDON | RR=2.00,V50 realtime loss proxy,96.0,4.0,96.0,2.000000000000059,0.01,7.702993158017534,7.702993158017534,0.08,0.0,0.0,0.08,7.622993158017534,1229.4029417562776,1237.0259349142952,1237.0259349142952,0.0,0.0,7.622993158017534,1,0
proxy_hardened_no_worst_hours,proxy_hardened_no_worst_hours-000148,2022-11-15 19:30:00,2022-11-17 01:45:00,XAUUSD,15m,BUY,NEW YORK,1775.647,1769.1711546598676,1788.5986906802648,V50 realtime loss proxy | variant=proxy_hardened_no_worst_hours | Side=BUY | score=100.0 | opposite_score=8.0 | session=NEW YORK | RR=2.00,V50 realtime loss proxy,100.0,8.0,100.0,2.000000000000035,0.01,-6.4758453401323095,-6.4758453401323095,0.08,0.0,0.0,0.08,-6.55584534013231,1237.0259349142952,1230.470089574163,1237.0259349142952,6.555845340132237,0.5299683018033445,1.0671478178852247,2,1
proxy_hardened_no_worst_hours,proxy_hardened_no_worst_hours-000149,2022-11-21 10:45:00,2022-11-21 13:15:00,XAUUSD,15m,SELL,LONDON,1741.618,1744.778428498873,1735.297143002254,V50 realtime loss proxy | variant=proxy_hardened_no_worst_hours | Side=SELL | score=85.0 | opposite_score=4.0 | session=LONDON | RR=2.00,V50 realtime loss proxy,4.0,85.0,85.0,2.0,0.01,-3.1604284988729887,-3.1604284988729887,0.08,0.0,0.0,0.08,-3.240428498872989,1230.470089574163,1227.22966107529,1237.0259349142952,9.796273839005153,0.7919214595677712,-3.240428498872989,1,1
proxy_hardened_no_worst_hours,proxy_hardened_no_worst_hours-000150,2022-11-24 10:15:00,2022-11-24 18:45:00,XAUUSD,15m,BUY,LONDON,1756.258,1753.7088190177374,1761.3563619645256,V50 realtime loss proxy | variant=proxy_hardened_no_worst_hours | Side=BUY | score=96.0 | opposite_score=4.0 | session=LONDON | RR=2.00,V50 realtime loss proxy,96.0,4.0,96.0,2.0000000000000893,0.01,-2.549180982262669,-2.549180982262669,0.08,0.0,0.0,0.08,-2.6291809822626693,1227.22966107529,1224.6004800930275,1237.0259349142952,12.42545482126775,1.0044619494682316,-2.6291809822626693,1,1
proxy_hardened_no_worst_hours,proxy_hardened_no_worst_hours-000151,2022-11-29 15:30:00,2022-11-29 16:00:00,XAUUSD,15m,BUY,LONDON,1755.388,1751.2786051762748,1763.6067896474501,V50 realtime loss proxy | variant=proxy_hardened_no_worst_hours | Side=BUY | score=76.0 | opposite_score=11.0 | session=LONDON | RR=2.00,V50 realtime loss proxy,76.0,11.0,76.0,2.0,0.01,-4.109394823725097,-4.109394823725097,0.08,0.0,0.0,0.08,-4.189394823725097,1224.6004800930275,1220.4110852693025,1237.0259349142952,16.614849644992773,1.3431286423387638,-4.189394823725097,1,1
proxy_hardened_no_worst_hours,proxy_hardened_no_worst_hours-000152,2022-11-30 10:45:00,2022-11-30 13:15:00,XAUUSD,15m,BUY,LONDON,1758.498,1755.8323693875284,1763.8292612249436,V50 realtime loss proxy | variant=proxy_hardened_no_worst_hours | Side=BUY | score=90.0 | opposite_score=4.0 | session=LONDON | RR=2.00,V50 realtime loss proxy,90.0,4.0,90.0,2.0000000000000853,0.01,5.331261224943546,5.331261224943546,0.08,0.0,0.0,0.08,5.251261224943546,1220.4110852693025,1225.662346494246,1237.0259349142952,11.363588420049155,0.9186216795718561,5.251261224943546,1,0
proxy_hardened_no_worst_hours,proxy_hardened_no_worst_hours-000153,2022-11-30 14:30:00,2022-11-30 14:45:00,XAUUSD,15m,BUY,LONDON,1762.198,1757.856696416628,1770.8806071667443,V50 realtime loss proxy | variant=proxy_hardened_no_worst_hours | Side=BUY | score=80.0 | opposite_score=8.0 | session=LONDON | RR=2.00,V50 realtime loss proxy,80.0,8.0,80.0,2.0,0.01,-4.34130358337211,-4.34130358337211,0.08,0.0,0.0,0.08,-4.42130358337211,1225.662346494246,1221.241042910874,1237.0259349142952,15.784892003421191,1.2760356559957504,0.8299576415714363,2,1
proxy_hardened_no_worst_hours,proxy_hardened_no_worst_hours-000154,2022-12-01 10:00:00,2022-12-01 13:00:00,XAUUSD,15m,BUY,LONDON,1778.948,1775.602556117453,1785.638887765094,V50 realtime loss proxy | variant=proxy_hardened_no_worst_hours | Side=BUY | score=96.0 | opposite_score=4.0 | session=LONDON | RR=2.00,V50 realtime loss proxy,96.0,4.0,96.0,2.0,0.01,6.690887765093976,6.690887765093976,0.08,0.0,0.0,0.08,6.610887765093976,1221.241042910874,1227.851930675968,1237.0259349142952,9.174004238327143,0.7416177769112613,6.610887765093976,1,0
proxy_hardened_no_worst_hours,proxy_hardened_no_worst_hours-000155,2022-12-02 13:00:00,2022-12-02 13:15:00,XAUUSD,15m,BUY,LONDON,1799.567,1797.1862401947037,1804.3285196105926,V50 realtime loss proxy | variant=proxy_hardened_no_worst_hours | Side=BUY | score=74.0 | opposite_score=4.0 | session=LONDON | RR=2.00,V50 realtime loss proxy,74.0,4.0,74.0,2.0,0.01,-2.380759805296293,-2.380759805296293,0.08,0.0,0.0,0.08,-2.460759805296293,1227.851930675968,1225.3911708706719,1237.0259349142952,11.634764043623363,0.9405432590570103,-2.460759805296293,1,1
proxy_hardened_no_worst_hours,proxy_hardened_no_worst_hours-000156,2022-12-02 21:00:00,2022-12-05 01:15:00,XAUUSD,15m,BUY,NEW YORK,1797.198,1793.9655017364853,1803.6629965270297,V50 realtime loss proxy | variant=proxy_hardened_no_worst_hours | Side=BUY | score=100.0 | opposite_score=8.0 | session=NEW YORK | RR=2.00,V50 realtime loss proxy,100.0,8.0,100.0,2.0,0.01,6.464996527029598,6.464996527029598,0.08,0.0,0.0,0.08,6.384996527029598,1225.3911708706719,1231.7761673977016,1237.0259349142952,5.249767516593693,0.4243862128046177,3.9242367217333047,2,0
proxy_hardened_no_worst_hours,proxy_hardened_no_worst_hours-000157,2022-12-07 21:30:00,2022-12-08 01:15:00,XAUUSD,15m,BUY,NEW YORK,1785.958,1782.976402041472,1791.9211959170561,V50 realtime loss proxy | variant=proxy_hardened_no_worst_hours | Side=BUY | score=100.0 | opposite_score=8.0 | session=NEW YORK | RR=2.00,V50 realtime loss proxy,100.0,8.0,100.0,2.0,0.01,-2.9815979585280274,-2.9815979585280274,0.08,0.0,0.0,0.08,-3.0615979585280275,1231.7761673977016,1228.7145694391736,1237.0259349142952,8.311365475121647,0.671882879779516,-3.0615979585280275,1,1
proxy_hardened_no_worst_hours,proxy_hardened_no_worst_hours-000158,2022-12-08 13:00:00,2022-12-08 14:45:00,XAUUSD,15m,BUY,LONDON,1786.708,1783.9971764927866,1792.1296470144273,V50 realtime loss proxy | variant=proxy_hardened_no_worst_hours | Side=BUY | score=96.0 | opposite_score=4.0 | session=LONDON | RR=2.00,V50 realtime loss proxy,96.0,4.0,96.0,2.000000000000084,0.01,5.421647014427208,5.421647014427208,0.08,0.0,0.0,0.08,5.341647014427208,1228.7145694391736,1234.0562164536009,1237.0259349142952,2.9697184606943665,0.24006921575982296,5.341647014427208,1,0
proxy_hardened_no_worst_hours,proxy_hardened_no_worst_hours-000159,2022-12-08 15:45:00,2022-12-09 11:30:00,XAUUSD,15m,BUY,LONDON,1790.108,1785.716337294951,1798.8913254100978,V50 realtime loss proxy | variant=proxy_hardened_no_worst_hours | Side=BUY | score=96.0 | opposite_score=4.0 | session=LONDON | RR=2.00,V50 realtime loss proxy,96.0,4.0,96.0,2.0,0.01,8.78332541009786,8.78332541009786,0.08,0.0,0.0,0.08,8.70332541009786,1234.0562164536009,1242.7595418636988,1242.7595418636988,0.0,0.0,14.044972424525067,2,0
proxy_hardened_no_worst_hours,proxy_hardened_no_worst_hours-000160,2022-12-09 13:45:00,2022-12-09 15:00:00,XAUUSD,15m,BUY,LONDON,1797.878,1793.1363074940007,1807.3613850119984,V50 realtime loss proxy | variant=proxy_hardened_no_worst_hours | Side=BUY | score=74.0 | opposite_score=4.0 | session=LONDON | RR=2.00,V50 realtime loss proxy,74.0,4.0,74.0,2.0,0.01,-4.741692505999254,-4.741692505999254,0.08,0.0,0.0,0.08,-4.821692505999254,1242.7595418636988,1237.9378493576996,1242.7595418636988,4.821692505999181,0.38798273870167604,-4.821692505999254,1,1
proxy_hardened_no_worst_hours,proxy_hardened_no_worst_hours-000161,2022-12-09 15:45:00,2022-12-12 01:00:00,XAUUSD,15m,BUY,LONDON,1796.648,1791.3436060151575,1807.2567879696846,V50 realtime loss proxy | variant=proxy_hardened_no_worst_hours | Side=BUY | score=74.0 | opposite_score=4.0 | session=LONDON | RR=2.00,V50 realtime loss proxy,74.0,4.0,74.0,2.0,0.01,-5.304393984842363,-5.304393984842363,0.08,0.0,0.0,0.08,-5.384393984842363,1237.9378493576996,1232.5534553728573,1242.7595418636988,10.206086490841471,0.8212438647251068,-10.206086490841617,2,2
proxy_hardened_no_worst_hours,proxy_hardened_no_worst_hours-000162,2022-12-13 10:45:00,2022-12-13 13:15:00,XAUUSD,15m,BUY,LONDON,1787.108,1784.4171363854473,1792.4897272291055,V50 realtime loss proxy | variant=proxy_hardened_no_worst_hours | Side=BUY | score=76.0 | opposite_score=18.0 | session=LONDON | RR=2.00,V50 realtime loss proxy,76.0,18.0,76.0,2.0000000000000844,0.01,5.381727229105536,5.381727229105536,0.08,0.0,0.0,0.08,5.301727229105536,1232.5534553728573,1237.855182601963,1242.7595418636988,4.904359261735863,0.394634609232697,5.301727229105536,1,0
proxy_hardened_no_worst_hours,proxy_hardened_no_worst_hours-000163,2022-12-13 18:00:00,2022-12-14 19:00:00,XAUUSD,15m,BUY,NEW YORK,1809.755,1803.493273479309,1822.2784530413824,V50 realtime loss proxy | variant=proxy_hardened_no_worst_hours | Side=BUY | score=100.0 | opposite_score=8.0 | session=NEW YORK | RR=2.00,V50 realtime loss proxy,100.0,8.0,100.0,2.0,0.01,-6.261726520691127,-6.261726520691127,0.08,0.0,0.0,0.08,-6.341726520691127,1237.855182601963,1231.513456081272,1242.7595418636988,11.246085782426917,0.9049285403644356,-1.0399992915855911,2,1
proxy_hardened_no_worst_hours,proxy_hardened_no_worst_hours-000164,2022-12-15 13:45:00,2022-12-15 14:00:00,XAUUSD,15m,SELL,LONDON,1776.325,1781.2820631793143,1766.4108736413716,V50 realtime loss proxy | variant=proxy_hardened_no_worst_hours | Side=SELL | score=85.0 | opposite_score=4.0 | session=LONDON | RR=2.00,V50 realtime loss proxy,4.0,85.0,85.0,2.0,0.01,-4.957063179314218,-4.957063179314218,0.08,0.0,0.0,0.08,-5.037063179314218,1231.513456081272,1226.4763929019578,1242.7595418636988,16.283148961741063,1.310241314850185,-5.037063179314218,1,1
proxy_hardened_no_worst_hours,proxy_hardened_no_worst_hours-000165,2022-12-15 15:15:00,2022-12-16 07:00:00,XAUUSD,15m,SELL,LONDON,1778.095,1784.3221786927484,1765.6406426145031,V50 realtime loss proxy | variant=proxy_hardened_no_worst_hours | Side=SELL | score=85.0 | opposite_score=4.0 | session=LONDON | RR=2.00,V50 realtime loss proxy,4.0,85.0,85.0,2.0000000000000364,0.01,-6.227178692748339,-6.227178692748339,0.08,0.0,0.0,0.08,-6.307178692748339,1226.4763929019578,1220.1692142092095,1242.7595418636988,22.59032765448933,1.8177553173811762,-11.344241872062558,2,2
proxy_hardened_no_worst_hours,proxy_hardened_no_worst_hours-000166,2022-12-16 18:00:00,2022-12-19 08:15:00,XAUUSD,15m,BUY,NEW YORK,1789.795,1785.8567658343468,1797.6714683313066,V50 realtime loss proxy | variant=proxy_hardened_no_worst_hours | Side=BUY | score=89.0 | opposite_score=8.0 | session=NEW YORK | RR=2.00,V50 realtime loss proxy,89.0,8.0,89.0,2.0,0.01,7.876468331306569,7.876468331306569,0.08,0.0,0.0,0.08,7.796468331306569,1220.1692142092095,1227.9656825405161,1242.7595418636988,14.793859323182687,1.190404002128774,7.796468331306569,1,0
proxy_hardened_no_worst_hours,proxy_hardened_no_worst_hours-000167,2022-12-19 10:00:00,2022-12-19 13:00:00,XAUUSD,15m,BUY,LONDON,1795.925,1793.233931304953,1801.3071373900937,V50 realtime loss proxy | variant=proxy_hardened_no_worst_hours | Side=BUY | score=96.0 | opposite_score=4.0 | session=LONDON | RR=2.00,V50 realtime loss proxy,96.0,4.0,96.0,2.0,0.01,-2.6910686950468516,-2.6910686950468516,0.08,0.0,0.0,0.08,-2.7710686950468517,1227.9656825405161,1225.1946138454693,1242.7595418636988,17.564928018229466,1.4133810625898153,-2.7710686950468517,1,1
proxy_hardened_no_worst_hours,proxy_hardened_no_worst_hours-000168,2022-12-20 13:30:00,2022-12-20 14:45:00,XAUUSD,15m,BUY,LONDON,1803.888,1799.7886671025417,1812.0866657949166,V50 realtime loss proxy | variant=proxy_hardened_no_worst_hours | Side=BUY | score=74.0 | opposite_score=4.0 | session=LONDON | RR=2.00,V50 realtime loss proxy,74.0,4.0,74.0,2.0000000000000555,0.01,8.198665794916678,8.198665794916678,0.08,0.0,0.0,0.08,8.118665794916678,1225.1946138454693,1233.313279640386,1242.7595418636988,9.446262223312715,0.7601037775293739,8.118665794916678,1,0
proxy_hardened_no_worst_hours,proxy_hardened_no_worst_hours-000169,2022-12-21 14:15:00,2022-12-21 15:30:00,XAUUSD,15m,BUY,LONDON,1816.248,1813.5967176673435,1821.5505646653132,V50 realtime loss proxy | variant=proxy_hardened_no_worst_hours | Side=BUY | score=100.0 | opposite_score=8.0 | session=LONDON | RR=2.00,V50 realtime loss proxy,100.0,8.0,100.0,2.0,0.01,5.302564665313184,5.302564665313184,0.08,0.0,0.0,0.08,5.222564665313184,1233.313279640386,1238.5358443056994,1242.7595418636988,4.223697557999458,0.3398644239468408,5.222564665313184,1,0
proxy_hardened_no_worst_hours,proxy_hardened_no_worst_hours-000170,2022-12-21 15:45:00,2022-12-21 19:45:00,XAUUSD,15m,BUY,LONDON,1817.715,1814.1271438704446,1824.8907122591106,V50 realtime loss proxy | variant=proxy_hardened_no_worst_hours | Side=BUY | score=96.0 | opposite_score=4.0 | session=LONDON | RR=2.00,V50 realtime loss proxy,96.0,4.0,96.0,2.0,0.01,-3.587856129555348,-3.587856129555348,0.08,0.0,0.0,0.08,-3.6678561295553482,1238.5358443056994,1234.867988176144,1242.7595418636988,7.891553687554733,0.6350024619984168,1.554708535757836,2,1
proxy_hardened_no_worst_hours,proxy_hardened_no_worst_hours-000171,2022-12-22 13:00:00,2022-12-22 13:30:00,XAUUSD,15m,BUY,LONDON,1817.635,1815.2031871783877,1822.4986256432246,V50 realtime loss proxy | variant=proxy_hardened_no_worst_hours | Side=BUY | score=75.0 | opposite_score=4.0 | session=LONDON | RR=2.00,V50 realtime loss proxy,75.0,4.0,75.0,2.0,0.01,-2.4318128216123114,-2.4318128216123114,0.08,0.0,0.0,0.08,-2.5118128216123115,1234.867988176144,1232.3561753545318,1242.7595418636988,10.403366509166972,0.8371182162532914,-2.5118128216123115,1,1
proxy_hardened_no_worst_hours,proxy_hardened_no_worst_hours-000172,2022-12-23 14:45:00,2022-12-23 15:15:00,XAUUSD,15m,SELL,LONDON,1793.745,1797.1890225576005,1786.8569548847984,V50 realtime loss proxy | variant=proxy_hardened_no_worst_hours | Side=SELL | score=89.0 | opposite_score=8.0 | session=LONDON | RR=2.00,V50 realtime loss proxy,8.0,89.0,89.0,2.000000000000066,0.01,-3.444022557600647,-3.444022557600647,0.08,0.0,0.0,0.08,-3.524022557600647,1232.3561753545318,1228.8321527969313,1242.7595418636988,13.927389066767546,1.120682529291338,-3.524022557600647,1,1
proxy_hardened_no_worst_hours,proxy_hardened_no_worst_hours-000173,2022-12-27 13:00:00,2022-12-27 13:15:00,XAUUSD,15m,BUY,LONDON,1808.385,1806.40139356553,1812.35221286894,V50 realtime loss proxy | variant=proxy_hardened_no_worst_hours | Side=BUY | score=96.0 | opposite_score=4.0 | session=LONDON | RR=2.00,V50 realtime loss proxy,96.0,4.0,96.0,2.0,0.01,-1.983606434469948,-1.983606434469948,0.08,0.0,0.0,0.08,-2.063606434469948,1228.8321527969313,1226.7685463624614,1242.7595418636988,15.990995501237421,1.2867328684724155,-2.063606434469948,1,1
proxy_hardened_no_worst_hours,proxy_hardened_no_worst_hours-000174,2022-12-27 14:30:00,2022-12-27 15:00:00,XAUUSD,15m,BUY,LONDON,1808.048,1804.9056219413976,1814.3327561172048,V50 realtime loss proxy | variant=proxy_hardened_no_worst_hours | Side=BUY | score=80.0 | opposite_score=8.0 | session=LONDON | RR=2.00,V50 realtime loss proxy,80.0,8.0,80.0,2.0,0.01,6.284756117204779,6.284756117204779,0.08,0.0,0.0,0.08,6.204756117204779,1226.7685463624614,1232.9733024796662,1242.7595418636988,9.78623938403257,0.7874604100288523,4.141149682734831,2,0
proxy_hardened_no_worst_hours,proxy_hardened_no_worst_hours-000175,2022-12-28 18:15:00,2022-12-28 18:45:00,XAUUSD,15m,BUY,NEW YORK,1807.677,1803.883948285328,1815.2631034293438,V50 realtime loss proxy | variant=proxy_hardened_no_worst_hours | Side=BUY | score=73.0 | opposite_score=19.0 | session=NEW YORK | RR=2.00,V50 realtime loss proxy,73.0,19.0,73.0,2.0,0.01,-3.7930517146719467,-3.7930517146719467,0.08,0.0,0.0,0.08,-3.8730517146719468,1232.9733024796662,1229.1002507649944,1242.7595418636988,13.659291098704443,1.0991097343111402,-3.8730517146719468,1,1
proxy_hardened_no_worst_hours,proxy_hardened_no_worst_hours-000176,2022-12-29 13:15:00,2022-12-29 14:30:00,XAUUSD,15m,BUY,LONDON,1807.877,1805.3815566996643,1812.8678866006712,V50 realtime loss proxy | variant=proxy_hardened_no_worst_hours | Side=BUY | score=76.0 | opposite_score=4.0 | session=LONDON | RR=2.00,V50 realtime loss proxy,76.0,4.0,76.0,2.0,0.01,4.990886600671274,4.990886600671274,0.08,0.0,0.0,0.08,4.910886600671274,1229.1002507649944,1234.0111373656657,1242.7595418636988,8.748404498033096,0.7039498956422084,4.910886600671274,1,0
proxy_hardened_no_worst_hours,proxy_hardened_no_worst_hours-000177,2022-12-30 13:30:00,2022-12-30 14:45:00,XAUUSD,15m,BUY,LONDON,1821.308,1818.2839313121667,1827.3561373756668,V50 realtime loss proxy | variant=proxy_hardened_no_worst_hours | Side=BUY | score=100.0 | opposite_score=4.0 | session=LONDON | RR=2.00,V50 realtime loss proxy,100.0,4.0,100.0,2.000000000000075,0.01,-3.024068687833278,-3.024068687833278,0.08,0.0,0.0,0.08,-3.104068687833278,1234.0111373656657,1230.9070686778325,1242.7595418636988,11.852473185866302,0.9537221631862745,-3.104068687833278,1,1
proxy_hardened_no_worst_hours,proxy_hardened_no_worst_hours-000178,2022-12-30 18:00:00,2022-12-30 19:00:00,XAUUSD,15m,BUY,NEW YORK,1822.805,1818.7267528528234,1830.9614942943535,V50 realtime loss proxy | variant=proxy_hardened_no_worst_hours | Side=BUY | score=100.0 | opposite_score=15.0 | session=NEW YORK | RR=2.00,V50 realtime loss proxy,100.0,15.0,100.0,2.000000000000056,0.01,-4.078247147176626,-4.078247147176626,0.08,0.0,0.0,0.08,-4.158247147176626,1230.9070686778325,1226.748821530656,1242.7595418636988,16.010720333042855,1.2883200485455497,-7.262315835009904,2,2
proxy_hardened_no_worst_hours,proxy_hardened_no_worst_hours-000179,2023-01-03 13:15:00,2023-01-03 14:30:00,XAUUSD,15m,BUY,LONDON,1838.785,1834.4851788221274,1847.3846423557454,V50 realtime loss proxy | variant=proxy_hardened_no_worst_hours | Side=BUY | score=96.0 | opposite_score=4.0 | session=LONDON | RR=2.00,V50 realtime loss proxy,96.0,4.0,96.0,2.0,0.01,8.599642355745345,8.599642355745345,0.08,0.0,0.0,0.08,8.519642355745345,1226.748821530656,1235.2684638864014,1242.7595418636988,7.4910779772974365,0.6027777478226781,8.519642355745345,1,0
proxy_hardened_no_worst_hours,proxy_hardened_no_worst_hours-000180,2023-01-03 18:15:00,2023-01-04 07:00:00,XAUUSD,15m,BUY,NEW YORK,1839.985,1834.6403853643453,1850.674229271309,V50 realtime loss proxy | variant=proxy_hardened_no_worst_hours | Side=BUY | score=100.0 | opposite_score=8.0 | session=NEW YORK | RR=2.00,V50 realtime loss proxy,100.0,8.0,100.0,2.0,0.01,10.68922927130916,10.68922927130916,0.08,0.0,0.0,0.08,10.60922927130916,1235.2684638864014,1245.8776931577106,1245.8776931577106,0.0,0.0,19.128871627054505,2,0
proxy_hardened_no_worst_hours,proxy_hardened_no_worst_hours-000181,2023-01-04 13:15:00,2023-01-04 15:00:00,XAUUSD,15m,BUY,LONDON,1859.085,1854.9332680461055,1867.3884639077892,V50 realtime loss proxy | variant=proxy_hardened_no_worst_hours | Side=BUY | score=96.0 | opposite_score=4.0 | session=LONDON | RR=2.00,V50 realtime loss proxy,96.0,4.0,96.0,2.0,0.01,-4.1517319538945685,-4.1517319538945685,0.08,0.0,0.0,0.08,-4.231731953894569,1245.8776931577106,1241.6459612038161,1245.8776931577106,4.231731953894496,0.3396586982121059,-4.231731953894569,1,1
proxy_hardened_no_worst_hours,proxy_hardened_no_worst_hours-000182,2023-01-04 15:30:00,2023-01-04 17:45:00,XAUUSD,15m,BUY,LONDON,1857.037,1851.251417084745,1868.60816583051,V50 realtime loss proxy | variant=proxy_hardened_no_worst_hours | Side=BUY | score=74.0 | opposite_score=4.0 | session=LONDON | RR=2.00,V50 realtime loss proxy,74.0,4.0,74.0,2.0,0.01,-5.785582915254963,-5.785582915254963,0.08,0.0,0.0,0.08,-5.865582915254963,1241.6459612038161,1235.7803782885612,1245.8776931577106,10.097314869149386,0.8104579546293561,-10.097314869149532,2,2
proxy_hardened_no_worst_hours,proxy_hardened_no_worst_hours-000183,2023-01-06 13:30:00,2023-01-06 14:30:00,XAUUSD,15m,BUY,LONDON,1847.648,1843.0491003573202,1856.8457992853594,V50 realtime loss proxy | variant=proxy_hardened_no_worst_hours | Side=BUY | score=80.0 | opposite_score=18.0 | session=LONDON | RR=2.00,V50 realtime loss proxy,80.0,18.0,80.0,2.0,0.01,-4.598899642679726,-4.598899642679726,0.08,0.0,0.0,0.08,-4.678899642679726,1235.7803782885612,1231.1014786458816,1245.8776931577106,14.776214511829039,1.1860084334906362,-4.678899642679726,1,1
proxy_hardened_no_worst_hours,proxy_hardened_no_worst_hours-000184,2023-01-06 14:45:00,2023-01-06 15:00:00,XAUUSD,15m,BUY,LONDON,1843.408,1837.5716191225576,1855.0807617548844,V50 realtime loss proxy | variant=proxy_hardened_no_worst_hours | Side=BUY | score=100.0 | opposite_score=8.0 | session=LONDON | RR=2.00,V50 realtime loss proxy,100.0,8.0,100.0,2.0,0.01,11.672761754884505,11.672761754884505,0.08,0.0,0.0,0.08,11.592761754884505,1231.1014786458816,1242.6942404007661,1245.8776931577106,3.1834527569444617,0.25551888234517744,6.913862112204779,2,0
proxy_hardened_no_worst_hours,proxy_hardened_no_worst_hours-000185,2023-01-09 15:00:00,2023-01-09 15:30:00,XAUUSD,15m,BUY,LONDON,1877.225,1873.3685085092493,1884.9379829815011,V50 realtime loss proxy | variant=proxy_hardened_no_worst_hours | Side=BUY | score=96.0 | opposite_score=4.0 | session=LONDON | RR=2.00,V50 realtime loss proxy,96.0,4.0,96.0,2.0,0.01,-3.8564914907506136,-3.8564914907506136,0.08,0.0,0.0,0.08,-3.9364914907506137,1242.6942404007661,1238.7577489100156,1245.8776931577106,7.119944247695003,0.5714801931840767,-3.9364914907506137,1,1
proxy_hardened_no_worst_hours,proxy_hardened_no_worst_hours-000186,2023-01-10 10:00:00,2023-01-10 12:30:00,XAUUSD,15m,BUY,LONDON,1874.835,1871.9434840829322,1880.618031834136,V50 realtime loss proxy | variant=proxy_hardened_no_worst_hours | Side=BUY | score=96.0 | opposite_score=4.0 | session=LONDON | RR=2.00,V50 realtime loss proxy,96.0,4.0,96.0,2.0000000000000786,0.01,-2.8915159170678635,-2.8915159170678635,0.08,0.0,0.0,0.08,-2.9715159170678636,1238.7577489100156,1235.7862329929478,1245.8776931577106,10.091460164762793,0.8099880285347847,-2.9715159170678636,1,1
proxy_hardened_no_worst_hours,proxy_hardened_no_worst_hours-000187,2023-01-10 14:30:00,2023-01-10 16:45:00,XAUUSD,15m,BUY,LONDON,1876.395,1872.5991120212161,1883.9867759575677,V50 realtime loss proxy | variant=proxy_hardened_no_worst_hours | Side=BUY | score=100.0 | opposite_score=15.0 | session=LONDON | RR=2.00,V50 realtime loss proxy,100.0,15.0,100.0,2.0,0.01,-3.795887978783867,-3.795887978783867,0.08,0.0,0.0,0.08,-3.875887978783867,1235.7862329929478,1231.910345014164,1245.8776931577106,13.967348143546587,1.1210850166316058,-6.8474038958517305,2,2
proxy_hardened_no_worst_hours,proxy_hardened_no_worst_hours-000188,2023-01-11 10:30:00,2023-01-11 12:00:00,XAUUSD,15m,BUY,LONDON,1883.035,1880.0594704961836,1888.986059007633,V50 realtime loss proxy | variant=proxy_hardened_no_worst_hours | Side=BUY | score=96.0 | opposite_score=4.0 | session=LONDON | RR=2.00,V50 realtime loss proxy,96.0,4.0,96.0,2.0,0.01,-2.9755295038164604,-2.9755295038164604,0.08,0.0,0.0,0.08,-3.0555295038164605,1231.910345014164,1228.8548155103476,1245.8776931577106,17.022877647362975,1.366336177367301,-3.0555295038164605,1,1
proxy_hardened_no_worst_hours,proxy_hardened_no_worst_hours-000189,2023-01-12 10:15:00,2023-01-12 12:15:00,XAUUSD,15m,BUY,LONDON,1883.245,1880.986251083428,1887.762497833144,V50 realtime loss proxy | variant=proxy_hardened_no_worst_hours | Side=BUY | score=90.0 | opposite_score=4.0 | session=LONDON | RR=2.00,V50 realtime loss proxy,90.0,4.0,90.0,2.000000000000101,0.01,4.517497833144034,4.517497833144034,0.08,0.0,0.0,0.08,4.437497833144034,1228.8548155103476,1233.2923133434917,1245.8776931577106,12.585379814218868,1.0101617424677445,4.437497833144034,1,0
proxy_hardened_no_worst_hours,proxy_hardened_no_worst_hours-000190,2023-01-13 14:00:00,2023-01-13 14:45:00,XAUUSD,15m,BUY,LONDON,1901.978,1897.809716737041,1910.314566525918,V50 realtime loss proxy | variant=proxy_hardened_no_worst_hours | Side=BUY | score=94.0 | opposite_score=8.0 | session=LONDON | RR=2.00,V50 realtime loss proxy,94.0,8.0,94.0,2.0,0.01,8.336566525917988,8.336566525917988,0.08,0.0,0.0,0.08,8.256566525917988,1233.2923133434917,1241.5488798694098,1245.8776931577106,4.3288132883008075,0.3474509024500883,8.256566525917988,1,0
proxy_hardened_no_worst_hours,proxy_hardened_no_worst_hours-000191,2023-01-17 14:30:00,2023-01-17 17:15:00,XAUUSD,15m,BUY,LONDON,1911.665,1907.5469502469848,1919.9010995060303,V50 realtime loss proxy | variant=proxy_hardened_no_worst_hours | Side=BUY | score=80.0 | opposite_score=8.0 | session=LONDON | RR=2.00,V50 realtime loss proxy,80.0,8.0,80.0,2.0,0.01,-4.118049753015157,-4.118049753015157,0.08,0.0,0.0,0.08,-4.198049753015157,1241.5488798694098,1237.3508301163947,1245.8776931577106,8.526863041315892,0.6844061088937492,-4.198049753015157,1,1
proxy_hardened_no_worst_hours,proxy_hardened_no_worst_hours-000192,2023-01-18 15:15:00,2023-01-18 15:45:00,XAUUSD,15m,BUY,LONDON,1917.905,1912.7536607772129,1928.2076784455742,V50 realtime loss proxy | variant=proxy_hardened_no_worst_hours | Side=BUY | score=96.0 | opposite_score=4.0 | session=LONDON | RR=2.00,V50 realtime loss proxy,96.0,4.0,96.0,2.0,0.01,-5.151339222787101,-5.151339222787101,0.08,0.0,0.0,0.08,-5.231339222787101,1237.3508301163947,1232.1194908936077,1245.8776931577106,13.75820226410292,1.1042979852406205,-5.231339222787101,1,1
proxy_hardened_no_worst_hours,proxy_hardened_no_worst_hours-000193,2023-01-19 14:00:00,2023-01-19 15:30:00,XAUUSD,15m,BUY,LONDON,1914.355,1910.1758817790108,1922.7132364419786,V50 realtime loss proxy | variant=proxy_hardened_no_worst_hours | Side=BUY | score=98.0 | opposite_score=8.0 | session=LONDON | RR=2.00,V50 realtime loss proxy,98.0,8.0,98.0,2.0,0.01,8.358236441978534,8.358236441978534,0.08,0.0,0.0,0.08,8.278236441978533,1232.1194908936077,1240.3977273355863,1245.8776931577106,5.4799658221243135,0.4398478158987816,8.278236441978533,1,0
proxy_hardened_no_worst_hours,proxy_hardened_no_worst_hours-000194,2023-01-23 19:45:00,2023-01-24 01:30:00,XAUUSD,15m,BUY,NEW YORK,1926.335,1922.449410087932,1934.1061798241362,V50 realtime loss proxy | variant=proxy_hardened_no_worst_hours | Side=BUY | score=80.0 | opposite_score=8.0 | session=NEW YORK | RR=2.00,V50 realtime loss proxy,80.0,8.0,80.0,2.0,0.01,7.771179824136198,7.771179824136198,0.08,0.0,0.0,0.08,7.6911798241361975,1240.3977273355863,1248.0889071597226,1248.0889071597226,0.0,0.0,7.6911798241361975,1,0
proxy_hardened_no_worst_hours,proxy_hardened_no_worst_hours-000195,2023-01-24 10:15:00,2023-01-24 13:30:00,XAUUSD,15m,BUY,LONDON,1936.795,1933.853291975201,1942.6784160495981,V50 realtime loss proxy | variant=proxy_hardened_no_worst_hours | Side=BUY | score=90.0 | opposite_score=4.0 | session=LONDON | RR=2.00,V50 realtime loss proxy,90.0,4.0,90.0,2.0,0.01,-2.941708024799027,-2.941708024799027,0.08,0.0,0.0,0.08,-3.021708024799027,1248.0889071597226,1245.0671991349236,1248.0889071597226,3.0217080247989543,0.2421067928306052,-3.021708024799027,1,1
proxy_hardened_no_worst_hours,proxy_hardened_no_worst_hours-000196,2023-02-01 14:30:00,2023-02-01 15:00:00,XAUUSD,15m,BUY,LONDON,1929.307,1925.7289877806736,1936.463024438653,V50 realtime loss proxy | variant=proxy_hardened_no_worst_hours | Side=BUY | score=94.0 | opposite_score=8.0 | session=LONDON | RR=2.00,V50 realtime loss proxy,94.0,8.0,94.0,2.0000000000000635,0.01,-3.5780122193264106,-3.5780122193264106,0.08,0.0,0.0,0.08,-3.6580122193264106,1245.0671991349236,1241.4091869155973,1248.0889071597226,6.679720244125292,0.5351958667212531,-3.6580122193264106,1,1
proxy_hardened_no_worst_hours,proxy_hardened_no_worst_hours-000197,2023-02-01 19:30:00,2023-02-01 20:30:00,XAUUSD,15m,BUY,NEW YORK,1938.698,1932.4763824200738,1951.1412351598528,V50 realtime loss proxy | variant=proxy_hardened_no_worst_hours | Side=BUY | score=84.0 | opposite_score=8.0 | session=NEW YORK | RR=2.00,V50 realtime loss proxy,84.0,8.0,84.0,2.0000000000000364,0.01,12.443235159852748,12.443235159852748,0.08,0.0,0.0,0.08,12.363235159852747,1241.4091869155973,1253.77242207545,1253.77242207545,0.0,0.0,8.705222940526337,2,0
proxy_hardened_no_worst_hours,proxy_hardened_no_worst_hours-000198,2023-02-02 10:15:00,2023-02-02 10:45:00,XAUUSD,15m,BUY,LONDON,1955.215,1951.7833005294099,1962.0783989411802,V50 realtime loss proxy | variant=proxy_hardened_no_worst_hours | Side=BUY | score=96.0 | opposite_score=4.0 | session=LONDON | RR=2.00,V50 realtime loss proxy,96.0,4.0,96.0,2.000000000000066,0.01,-3.431699470590047,-3.431699470590047,0.08,0.0,0.0,0.08,-3.511699470590047,1253.77242207545,1250.2607226048601,1253.77242207545,3.5116994705899742,0.28009066149156736,-3.511699470590047,1,1
proxy_hardened_no_worst_hours,proxy_hardened_no_worst_hours-000199,2023-02-03 13:15:00,2023-02-03 13:30:00,XAUUSD,15m,SELL,LONDON,1913.438,1916.9104503983472,1906.493099203306,V50 realtime loss proxy | variant=proxy_hardened_no_worst_hours | Side=SELL | score=85.0 | opposite_score=4.0 | session=LONDON | RR=2.00,V50 realtime loss proxy,4.0,85.0,85.0,2.0,0.01,6.944900796694128,6.944900796694128,0.08,0.0,0.0,0.08,6.864900796694128,1250.2607226048601,1257.1256234015543,1257.1256234015543,0.0,0.0,6.864900796694128,1,0
proxy_hardened_no_worst_hours,proxy_hardened_no_worst_hours-000200,2023-02-06 10:00:00,2023-02-06 15:45:00,XAUUSD,15m,SELL,LONDON,1873.045,1877.1587627818712,1864.8174744362577,V50 realtime loss proxy | variant=proxy_hardened_no_worst_hours | Side=SELL | score=85.0 | opposite_score=4.0 | session=LONDON | RR=2.00,V50 realtime loss proxy,4.0,85.0,85.0,2.0,0.01,8.227525563742347,8.227525563742347,0.08,0.0,0.0,0.08,8.147525563742347,1257.1256234015543,1265.2731489652967,1265.2731489652967,0.0,0.0,8.147525563742347,1,0
proxy_hardened_no_worst_hours,proxy_hardened_no_worst_hours-000201,2023-02-07 13:00:00,2023-02-07 15:30:00,XAUUSD,15m,SELL,LONDON,1869.095,1873.0582251634598,1861.1685496730802,V50 realtime loss proxy | variant=proxy_hardened_no_worst_hours | Side=SELL | score=85.0 | opposite_score=4.0 | session=LONDON | RR=2.00,V50 realtime loss proxy,4.0,85.0,85.0,2.0000000000000573,0.01,-3.9632251634598106,-3.9632251634598106,0.08,0.0,0.0,0.08,-4.043225163459811,1265.2731489652967,1261.229923801837,1265.2731489652967,4.043225163459738,0.31955354199732827,-4.043225163459811,1,1
proxy_hardened_no_worst_hours,proxy_hardened_no_worst_hours-000202,2023-02-14 14:45:00,2023-02-14 15:00:00,XAUUSD,15m,SELL,LONDON,1856.148,1864.4434439749573,1839.5571120500852,V50 realtime loss proxy | variant=proxy_hardened_no_worst_hours | Side=SELL | score=80.0 | opposite_score=8.0 | session=LONDON | RR=2.00,V50 realtime loss proxy,8.0,80.0,80.0,2.0,0.01,-8.29544397495738,-8.29544397495738,0.08,0.0,0.0,0.08,-8.37544397495738,1261.229923801837,1252.8544798268797,1265.2731489652967,12.418669138417044,0.9815010417768423,-8.37544397495738,1,1
proxy_hardened_no_worst_hours,proxy_hardened_no_worst_hours-000203,2023-02-14 15:45:00,2023-02-15 08:00:00,XAUUSD,15m,SELL,LONDON,1852.205,1861.120726816138,1834.373546367724,V50 realtime loss proxy | variant=proxy_hardened_no_worst_hours | Side=SELL | score=76.0 | opposite_score=18.0 | session=LONDON | RR=2.00,V50 realtime loss proxy,18.0,76.0,76.0,2.0,0.01,17.831453632275952,17.831453632275952,0.08,0.0,0.0,0.08,17.751453632275954,1252.8544798268797,1270.6059334591557,1270.6059334591557,0.0,0.0,9.376009657318574,2,0
proxy_hardened_no_worst_hours,proxy_hardened_no_worst_hours-000204,2023-02-15 14:45:00,2023-02-15 20:45:00,XAUUSD,15m,SELL,LONDON,1833.298,1838.0708657979478,1823.7522684041044,V50 realtime loss proxy | variant=proxy_hardened_no_worst_hours | Side=SELL | score=100.0 | opposite_score=8.0 | session=LONDON | RR=2.00,V50 realtime loss proxy,8.0,100.0,100.0,2.0,0.01,-4.772865797947816,-4.772865797947816,0.08,0.0,0.0,0.08,-4.852865797947816,1270.6059334591557,1265.753067661208,1270.6059334591557,4.852865797947743,0.3819331918855502,-4.852865797947816,1,1
proxy_hardened_no_worst_hours,proxy_hardened_no_worst_hours-000205,2023-02-16 15:00:00,2023-02-16 16:15:00,XAUUSD,15m,SELL,LONDON,1831.595,1836.6911229208763,1821.4027541582473,V50 realtime loss proxy | variant=proxy_hardened_no_worst_hours | Side=SELL | score=90.0 | opposite_score=11.0 | session=LONDON | RR=2.00,V50 realtime loss proxy,11.0,90.0,90.0,2.0000000000000444,0.01,-5.096122920876269,-5.096122920876269,0.08,0.0,0.0,0.08,-5.176122920876269,1265.753067661208,1260.5769447403318,1270.6059334591557,10.028988718823939,0.7893075622211649,-5.176122920876269,1,1
proxy_hardened_no_worst_hours,proxy_hardened_no_worst_hours-000206,2023-02-17 14:30:00,2023-02-17 15:00:00,XAUUSD,15m,SELL,LONDON,1825.635,1829.563602328435,1817.7777953431298,V50 realtime loss proxy | variant=proxy_hardened_no_worst_hours | Side=SELL | score=78.0 | opposite_score=8.0 | session=LONDON | RR=2.00,V50 realtime loss proxy,8.0,78.0,78.0,2.0,0.01,-3.9286023284350904,-3.9286023284350904,0.08,0.0,0.0,0.08,-4.0086023284350905,1260.5769447403318,1256.5683424118968,1270.6059334591557,14.037591047258957,1.1047950176843875,-4.0086023284350905,1,1
proxy_hardened_no_worst_hours,proxy_hardened_no_worst_hours-000207,2023-02-20 14:45:00,2023-02-20 15:15:00,XAUUSD,15m,BUY,LONDON,1846.335,1843.8878776972767,1851.2292446054466,V50 realtime loss proxy | variant=proxy_hardened_no_worst_hours | Side=BUY | score=72.0 | opposite_score=30.0 | session=LONDON | RR=2.00,V50 realtime loss proxy,72.0,30.0,72.0,2.0,0.01,-2.447122302723301,-2.447122302723301,0.08,0.0,0.0,0.08,-2.527122302723301,1256.5683424118968,1254.0412201091735,1270.6059334591557,16.564713349982185,1.3036861322444522,-2.527122302723301,1,1
proxy_hardened_no_worst_hours,proxy_hardened_no_worst_hours-000208,2023-02-21 10:00:00,2023-02-21 14:00:00,XAUUSD,15m,SELL,LONDON,1835.635,1838.745802081171,1829.4133958376578,V50 realtime loss proxy | variant=proxy_hardened_no_worst_hours | Side=SELL | score=90.0 | opposite_score=4.0 | session=LONDON | RR=2.00,V50 realtime loss proxy,4.0,90.0,90.0,2.0000000000000733,0.01,-3.1108020811709594,-3.1108020811709594,0.08,0.0,0.0,0.08,-3.1908020811709594,1254.0412201091735,1250.8504180280027,1270.6059334591557,19.75551543115307,1.554810575877743,-3.1908020811709594,1,1
proxy_hardened_no_worst_hours,proxy_hardened_no_worst_hours-000209,2023-02-23 10:45:00,2023-02-23 13:30:00,XAUUSD,15m,SELL,LONDON,1826.378,1828.9202189645662,1821.2935620708674,V50 realtime loss proxy | variant=proxy_hardened_no_worst_hours | Side=SELL | score=76.0 | opposite_score=4.0 | session=LONDON | RR=2.00,V50 realtime loss proxy,4.0,76.0,76.0,2.0,0.01,5.084437929132491,5.084437929132491,0.08,0.0,0.0,0.08,5.004437929132491,1250.8504180280027,1255.8548559571352,1270.6059334591557,14.751077502020507,1.160948262051752,5.004437929132491,1,0
proxy_hardened_no_worst_hours,proxy_hardened_no_worst_hours-000210,2023-02-23 15:00:00,2023-02-24 13:30:00,XAUUSD,15m,SELL,LONDON,1824.675,1829.8964254157438,1814.2321491685123,V50 realtime loss proxy | variant=proxy_hardened_no_worst_hours | Side=SELL | score=76.0 | opposite_score=4.0 | session=LONDON | RR=2.00,V50 realtime loss proxy,4.0,76.0,76.0,2.0,0.01,10.442850831487704,10.442850831487704,0.08,0.0,0.0,0.08,10.362850831487703,1255.8548559571352,1266.217706788623,1270.6059334591557,4.388226670532731,0.34536488103640617,15.367288760620195,2,0
proxy_hardened_no_worst_hours,proxy_hardened_no_worst_hours-000211,2023-02-27 10:00:00,2023-02-27 11:00:00,XAUUSD,15m,SELL,LONDON,1808.858,1811.461137824256,1803.6517243514877,V50 realtime loss proxy | variant=proxy_hardened_no_worst_hours | Side=SELL | score=96.0 | opposite_score=4.0 | session=LONDON | RR=2.00,V50 realtime loss proxy,4.0,96.0,96.0,2.0000000000000875,0.01,-2.6031378242560095,-2.6031378242560095,0.08,0.0,0.0,0.08,-2.6831378242560096,1266.217706788623,1263.534568964367,1270.6059334591557,7.071364494788668,0.5565348239431923,-2.6831378242560096,1,1
proxy_hardened_no_worst_hours,proxy_hardened_no_worst_hours-000212,2023-02-27 19:30:00,2023-02-28 03:45:00,XAUUSD,15m,BUY,NEW YORK,1817.645,1814.6798451239463,1823.5753097521074,V50 realtime loss proxy | variant=proxy_hardened_no_worst_hours | Side=BUY | score=72.0 | opposite_score=30.0 | session=NEW YORK | RR=2.00,V50 realtime loss proxy,72.0,30.0,72.0,2.0,0.01,-2.9651548760537025,-2.9651548760537025,0.08,0.0,0.0,0.08,-3.0451548760537026,1263.534568964367,1260.4894140883134,1270.6059334591557,10.116519370842298,0.7961964527664862,-5.728292700309712,2,2
proxy_hardened_no_worst_hours,proxy_hardened_no_worst_hours-000213,2023-02-28 10:00:00,2023-02-28 13:45:00,XAUUSD,15m,SELL,LONDON,1810.645,1813.8458290683739,1804.243341863252,V50 realtime loss proxy | variant=proxy_hardened_no_worst_hours | Side=SELL | score=90.0 | opposite_score=4.0 | session=LONDON | RR=2.00,V50 realtime loss proxy,4.0,90.0,90.0,2.000000000000071,0.01,-3.200829068373878,-3.200829068373878,0.08,0.0,0.0,0.08,-3.280829068373878,1260.4894140883134,1257.2085850199396,1270.6059334591557,13.397348439216103,1.0544062550331832,-3.280829068373878,1,1
proxy_hardened_no_worst_hours,proxy_hardened_no_worst_hours-000214,2023-02-28 21:00:00,2023-03-01 00:45:00,XAUUSD,15m,BUY,NEW YORK,1826.555,1823.6740577585276,1832.316884482945,V50 realtime loss proxy | variant=proxy_hardened_no_worst_hours | Side=BUY | score=83.0 | opposite_score=30.0 | session=NEW YORK | RR=2.00,V50 realtime loss proxy,83.0,30.0,83.0,2.0,0.01,-2.8809422414724395,-2.8809422414724395,0.08,0.0,0.0,0.08,-2.9609422414724396,1257.2085850199396,1254.2476427784673,1270.6059334591557,16.35829068068847,1.2874401299350076,-6.2417713098463175,2,2
proxy_hardened_no_worst_hours,proxy_hardened_no_worst_hours-000215,2023-03-01 10:15:00,2023-03-01 12:30:00,XAUUSD,15m,BUY,LONDON,1832.905,1829.874879647731,1838.9652407045382,V50 realtime loss proxy | variant=proxy_hardened_no_worst_hours | Side=BUY | score=75.0 | opposite_score=4.0 | session=LONDON | RR=2.00,V50 realtime loss proxy,75.0,4.0,75.0,2.000000000000075,0.01,6.060240704538273,6.060240704538273,0.08,0.0,0.0,0.08,5.980240704538273,1254.2476427784673,1260.2278834830056,1270.6059334591557,10.378049976150123,0.8167795933312263,5.980240704538273,1,0
proxy_hardened_no_worst_hours,proxy_hardened_no_worst_hours-000216,2023-03-01 13:15:00,2023-03-01 14:45:00,XAUUSD,15m,BUY,LONDON,1836.805,1833.1289395661684,1844.1571208676635,V50 realtime loss proxy | variant=proxy_hardened_no_worst_hours | Side=BUY | score=85.0 | opposite_score=4.0 | session=LONDON | RR=2.00,V50 realtime loss proxy,85.0,4.0,85.0,2.0,0.01,7.352120867663416,7.352120867663416,0.08,0.0,0.0,0.08,7.272120867663416,1260.2278834830056,1267.500004350669,1270.6059334591557,3.1059291084866345,0.24444471938131995,13.25236157220169,2,0
proxy_hardened_no_worst_hours,proxy_hardened_no_worst_hours-000217,2023-03-02 15:00:00,2023-03-02 17:15:00,XAUUSD,15m,BUY,LONDON,1836.535,1832.5602720166203,1844.4844559667597,V50 realtime loss proxy | variant=proxy_hardened_no_worst_hours | Side=BUY | score=85.0 | opposite_score=4.0 | session=LONDON | RR=2.00,V50 realtime loss proxy,85.0,4.0,85.0,2.0,0.01,-3.9747279833798075,-3.9747279833798075,0.08,0.0,0.0,0.08,-4.0547279833798076,1267.500004350669,1263.4452763672894,1270.6059334591557,7.160657091866369,0.5635623841588611,-4.0547279833798076,1,1
proxy_hardened_no_worst_hours,proxy_hardened_no_worst_hours-000218,2023-03-02 19:00:00,2023-03-03 06:15:00,XAUUSD,15m,BUY,NEW YORK,1835.495,1832.0938114204748,1842.29737715905,V50 realtime loss proxy | variant=proxy_hardened_no_worst_hours | Side=BUY | score=89.0 | opposite_score=8.0 | session=NEW YORK | RR=2.00,V50 realtime loss proxy,89.0,8.0,89.0,2.0,0.01,6.802377159050138,6.802377159050138,0.08,0.0,0.0,0.08,6.722377159050138,1263.4452763672894,1270.1676535263396,1270.6059334591557,0.4382799328161582,0.03449377350402928,2.6676491756703307,2,0
proxy_hardened_no_worst_hours,proxy_hardened_no_worst_hours-000219,2023-03-03 13:00:00,2023-03-03 14:15:00,XAUUSD,15m,BUY,LONDON,1845.955,1843.3642919340855,1851.136416131829,V50 realtime loss proxy | variant=proxy_hardened_no_worst_hours | Side=BUY | score=85.0 | opposite_score=4.0 | session=LONDON | RR=2.00,V50 realtime loss proxy,85.0,4.0,85.0,2.000000000000088,0.01,-2.5907080659144412,-2.5907080659144412,0.08,0.0,0.0,0.08,-2.6707080659144413,1270.1676535263396,1267.4969454604252,1270.6059334591557,3.1089879987305267,0.2446854620194064,-2.6707080659144413,1,1
proxy_hardened_no_worst_hours,proxy_hardened_no_worst_hours-000220,2023-03-10 10:00:00,2023-03-10 13:30:00,XAUUSD,15m,BUY,LONDON,1833.105,1829.8344266167135,1839.6461467665733,V50 realtime loss proxy | variant=proxy_hardened_no_worst_hours | Side=BUY | score=85.0 | opposite_score=4.0 | session=LONDON | RR=2.00,V50 realtime loss proxy,85.0,4.0,85.0,2.0000000000000697,0.01,6.54114676657332,6.54114676657332,0.08,0.0,0.0,0.08,6.46114676657332,1267.4969454604252,1273.9580922269986,1273.9580922269986,0.0,0.0,6.46114676657332,1,0
proxy_hardened_no_worst_hours,proxy_hardened_no_worst_hours-000221,2023-03-13 10:15:00,2023-03-13 12:15:00,XAUUSD,15m,BUY,LONDON,1883.935,1878.085330173686,1895.6343396526277,V50 realtime loss proxy | variant=proxy_hardened_no_worst_hours | Side=BUY | score=85.0 | opposite_score=4.0 | session=LONDON | RR=2.00,V50 realtime loss proxy,85.0,4.0,85.0,2.0,0.01,11.699339652627714,11.699339652627714,0.08,0.0,0.0,0.08,11.619339652627714,1273.9580922269986,1285.5774318796264,1285.5774318796264,0.0,0.0,11.619339652627714,1,0
proxy_hardened_no_worst_hours,proxy_hardened_no_worst_hours-000222,2023-03-15 10:00:00,2023-03-15 11:30:00,XAUUSD,15m,BUY,LONDON,1905.145,1899.7067025521064,1916.0215948957873,V50 realtime loss proxy | variant=proxy_hardened_no_worst_hours | Side=BUY | score=79.0 | opposite_score=4.0 | session=LONDON | RR=2.00,V50 realtime loss proxy,79.0,4.0,79.0,2.0000000000000417,0.01,10.87659489578732,10.87659489578732,0.08,0.0,0.0,0.08,10.79659489578732,1285.5774318796264,1296.3740267754138,1296.3740267754138,0.0,0.0,10.79659489578732,1,0
proxy_hardened_no_worst_hours,proxy_hardened_no_worst_hours-000223,2023-03-15 14:15:00,2023-03-15 18:30:00,XAUUSD,15m,BUY,LONDON,1919.925,1910.9559242891467,1937.8631514217066,V50 realtime loss proxy | variant=proxy_hardened_no_worst_hours | Side=BUY | score=100.0 | opposite_score=8.0 | session=LONDON | RR=2.00,V50 realtime loss proxy,100.0,8.0,100.0,2.0,0.01,-8.969075710853303,-8.969075710853303,0.08,0.0,0.0,0.08,-9.049075710853304,1296.3740267754138,1287.3249510645605,1296.3740267754138,9.04907571085323,0.6980296985247229,1.747519184934017,2,1
proxy_hardened_no_worst_hours,proxy_hardened_no_worst_hours-000224,2023-03-16 14:00:00,2023-03-16 14:45:00,XAUUSD,15m,BUY,LONDON,1928.505,1922.4784261146785,1940.5581477706432,V50 realtime loss proxy | variant=proxy_hardened_no_worst_hours | Side=BUY | score=100.0 | opposite_score=8.0 | session=LONDON | RR=2.00,V50 realtime loss proxy,100.0,8.0,100.0,2.0,0.01,-6.026573885321568,-6.026573885321568,0.08,0.0,0.0,0.08,-6.106573885321568,1287.3249510645605,1281.218377179239,1296.3740267754138,15.155649596174726,1.1690800095611849,-6.106573885321568,1,1
proxy_hardened_no_worst_hours,proxy_hardened_no_worst_hours-000225,2023-03-17 10:15:00,2023-03-17 12:15:00,XAUUSD,15m,BUY,LONDON,1931.595,1928.1627571605857,1938.4594856788287,V50 realtime loss proxy | variant=proxy_hardened_no_worst_hours | Side=BUY | score=96.0 | opposite_score=4.0 | session=LONDON | RR=2.00,V50 realtime loss proxy,96.0,4.0,96.0,2.0,0.01,6.864485678828714,6.864485678828714,0.08,0.0,0.0,0.08,6.784485678828714,1281.218377179239,1288.0028628580678,1296.3740267754138,8.371163917345939,0.6457367815497105,6.784485678828714,1,0
proxy_hardened_no_worst_hours,proxy_hardened_no_worst_hours-000226,2023-03-20 18:15:00,2023-03-21 06:30:00,XAUUSD,15m,BUY,NEW YORK,1981.715,1975.2077996762143,1994.729400647571,V50 realtime loss proxy | variant=proxy_hardened_no_worst_hours | Side=BUY | score=79.0 | opposite_score=8.0 | session=NEW YORK | RR=2.00,V50 realtime loss proxy,79.0,8.0,79.0,2.0,0.01,-6.507200323785582,-6.507200323785582,0.08,0.0,0.0,0.08,-6.5872003237855825,1288.0028628580678,1281.4156625342823,1296.3740267754138,14.958364241131449,1.1538617661400326,-6.5872003237855825,1,1
proxy_hardened_no_worst_hours,proxy_hardened_no_worst_hours-000227,2023-03-22 18:00:00,2023-03-22 18:30:00,XAUUSD,15m,BUY,NEW YORK,1953.204,1946.8121839534858,1965.9876320930284,V50 realtime loss proxy | variant=proxy_hardened_no_worst_hours | Side=BUY | score=100.0 | opposite_score=8.0 | session=NEW YORK | RR=2.00,V50 realtime loss proxy,100.0,8.0,100.0,2.0000000000000355,0.01,12.783632093028473,12.783632093028473,0.08,0.0,0.0,0.08,12.703632093028473,1281.4156625342823,1294.1192946273109,1296.3740267754138,2.254732148102903,0.17392605077959628,12.703632093028473,1,0
proxy_hardened_no_worst_hours,proxy_hardened_no_worst_hours-000228,2023-03-23 10:15:00,2023-03-23 12:30:00,XAUUSD,15m,BUY,LONDON,1979.435,1974.6628930016848,1988.9792139966305,V50 realtime loss proxy | variant=proxy_hardened_no_worst_hours | Side=BUY | score=96.0 | opposite_score=4.0 | session=LONDON | RR=2.00,V50 realtime loss proxy,96.0,4.0,96.0,2.0000000000000475,0.01,-4.7721069983151665,-4.7721069983151665,0.08,0.0,0.0,0.08,-4.852106998315167,1294.1192946273109,1289.2671876289958,1296.3740267754138,7.106839146417997,0.5482090044719169,-4.852106998315167,1,1
proxy_hardened_no_worst_hours,proxy_hardened_no_worst_hours-000229,2023-03-23 13:15:00,2023-03-23 16:15:00,XAUUSD,15m,BUY,LONDON,1978.488,1972.8535741528099,1989.7568516943807,V50 realtime loss proxy | variant=proxy_hardened_no_worst_hours | Side=BUY | score=74.0 | opposite_score=4.0 | session=LONDON | RR=2.00,V50 realtime loss proxy,74.0,4.0,74.0,2.0000000000000404,0.01,11.2688516943806,11.2688516943806,0.08,0.0,0.0,0.08,11.1888516943806,1289.2671876289958,1300.4560393233764,1300.4560393233764,0.0,0.0,6.336744696065434,2,0
proxy_hardened_no_worst_hours,proxy_hardened_no_worst_hours-000230,2023-03-24 14:30:00,2023-03-24 15:30:00,XAUUSD,15m,BUY,LONDON,1997.085,1989.861929125327,2011.5311417493463,V50 realtime loss proxy | variant=proxy_hardened_no_worst_hours | Side=BUY | score=78.0 | opposite_score=8.0 | session=LONDON | RR=2.00,V50 realtime loss proxy,78.0,8.0,78.0,2.0,0.01,-7.2230708746731125,-7.2230708746731125,0.08,0.0,0.0,0.08,-7.3030708746731126,1300.4560393233764,1293.1529684487034,1300.4560393233764,7.30307087467304,0.5615776815087734,-7.3030708746731126,1,1
proxy_hardened_no_worst_hours,proxy_hardened_no_worst_hours-000231,2023-03-27 14:45:00,2023-03-28 00:45:00,XAUUSD,15m,SELL,LONDON,1954.135,1960.4141662947372,1941.5766674105255,V50 realtime loss proxy | variant=proxy_hardened_no_worst_hours | Side=SELL | score=89.0 | opposite_score=30.0 | session=LONDON | RR=2.00,V50 realtime loss proxy,30.0,89.0,89.0,2.0,0.01,-6.2791662947372515,-6.2791662947372515,0.08,0.0,0.0,0.08,-6.359166294737252,1293.1529684487034,1286.7938021539662,1300.4560393233764,13.662237169410218,1.0505727803393217,-6.359166294737252,1,1
proxy_hardened_no_worst_hours,proxy_hardened_no_worst_hours-000232,2023-03-30 13:00:00,2023-03-30 14:00:00,XAUUSD,15m,BUY,LONDON,1968.795,1964.8117223475226,1976.7615553049552,V50 realtime loss proxy | variant=proxy_hardened_no_worst_hours | Side=BUY | score=80.0 | opposite_score=4.0 | session=LONDON | RR=2.00,V50 realtime loss proxy,80.0,4.0,80.0,2.0000000000000573,0.01,-3.9832776524774545,-3.9832776524774545,0.08,0.0,0.0,0.08,-4.0632776524774545,1286.7938021539662,1282.7305245014888,1300.4560393233764,17.7255148218876,1.3630229923888957,-4.0632776524774545,1,1
proxy_hardened_no_worst_hours,proxy_hardened_no_worst_hours-000233,2023-03-30 14:15:00,2023-03-30 16:00:00,XAUUSD,15m,BUY,LONDON,1968.858,1964.2404233198567,1978.0931533602864,V50 realtime loss proxy | variant=proxy_hardened_no_worst_hours | Side=BUY | score=80.0 | opposite_score=8.0 | session=LONDON | RR=2.00,V50 realtime loss proxy,80.0,8.0,80.0,2.0,0.01,9.235153360286404,9.235153360286404,0.08,0.0,0.0,0.08,9.155153360286404,1282.7305245014888,1291.8856778617753,1300.4560393233764,8.570361461601124,0.6590273875047908,5.091875707808949,2,0
proxy_hardened_no_worst_hours,proxy_hardened_no_worst_hours-000234,2023-04-03 13:30:00,2023-04-03 14:30:00,XAUUSD,15m,BUY,LONDON,1979.844,1975.2695971191174,1988.9928057617656,V50 realtime loss proxy | variant=proxy_hardened_no_worst_hours | Side=BUY | score=96.0 | opposite_score=4.0 | session=LONDON | RR=2.00,V50 realtime loss proxy,96.0,4.0,96.0,2.0000000000000497,0.01,9.148805761765516,9.148805761765516,0.08,0.0,0.0,0.08,9.068805761765516,1291.8856778617753,1300.954483623541,1300.954483623541,0.0,0.0,9.068805761765516,1,0
proxy_hardened_no_worst_hours,proxy_hardened_no_worst_hours-000235,2023-04-03 19:00:00,2023-04-04 01:45:00,XAUUSD,15m,BUY,NEW YORK,1984.205,1980.0267965350329,1992.561406929934,V50 realtime loss proxy | variant=proxy_hardened_no_worst_hours | Side=BUY | score=78.0 | opposite_score=8.0 | session=NEW YORK | RR=2.00,V50 realtime loss proxy,78.0,8.0,78.0,2.0,0.01,-4.178203464967055,-4.178203464967055,0.08,0.0,0.0,0.08,-4.258203464967055,1300.954483623541,1296.696280158574,1300.954483623541,4.258203464966982,0.32731379295504887,4.810602296798461,2,1
proxy_hardened_no_worst_hours,proxy_hardened_no_worst_hours-000236,2023-04-04 10:00:00,2023-04-04 11:15:00,XAUUSD,15m,BUY,LONDON,1982.075,1979.1915679735068,1987.8418640529867,V50 realtime loss proxy | variant=proxy_hardened_no_worst_hours | Side=BUY | score=96.0 | opposite_score=4.0 | session=LONDON | RR=2.00,V50 realtime loss proxy,96.0,4.0,96.0,2.000000000000079,0.01,-2.8834320264932103,-2.8834320264932103,0.08,0.0,0.0,0.08,-2.9634320264932104,1296.696280158574,1293.7328481320808,1300.954483623541,7.22163549146012,0.5551028558159653,-2.9634320264932104,1,1
proxy_hardened_no_worst_hours,proxy_hardened_no_worst_hours-000237,2023-04-05 10:00:00,2023-04-05 12:30:00,XAUUSD,15m,BUY,LONDON,2024.068,2021.0494865665762,2030.1050268668475,V50 realtime loss proxy | variant=proxy_hardened_no_worst_hours | Side=BUY | score=86.0 | opposite_score=4.0 | session=LONDON | RR=2.00,V50 realtime loss proxy,86.0,4.0,86.0,2.0,0.01,6.037026866847555,6.037026866847555,0.08,0.0,0.0,0.08,5.957026866847555,1293.7328481320808,1299.6898749989284,1300.954483623541,1.2646086246124923,0.09720621593848429,5.957026866847555,1,0
proxy_hardened_no_worst_hours,proxy_hardened_no_worst_hours-000238,2023-04-05 14:00:00,2023-04-05 14:30:00,XAUUSD,15m,BUY,LONDON,2024.905,2019.0125846705512,2036.6898306588976,V50 realtime loss proxy | variant=proxy_hardened_no_worst_hours | Side=BUY | score=72.0 | opposite_score=8.0 | session=LONDON | RR=2.00,V50 realtime loss proxy,72.0,8.0,72.0,2.0,0.01,-5.892415329448795,-5.892415329448795,0.08,0.0,0.0,0.08,-5.972415329448795,1299.6898749989284,1293.7174596694797,1300.954483623541,7.237023954061215,0.5562857152314794,-0.015388462601240604,2,1
proxy_hardened_no_worst_hours,proxy_hardened_no_worst_hours-000239,2023-04-06 10:00:00,2023-04-06 12:15:00,XAUUSD,15m,BUY,LONDON,2018.785,2015.7381318844816,2024.8787362310372,V50 realtime loss proxy | variant=proxy_hardened_no_worst_hours | Side=BUY | score=96.0 | opposite_score=4.0 | session=LONDON | RR=2.00,V50 realtime loss proxy,96.0,4.0,96.0,2.0000000000000746,0.01,-3.046868115518464,-3.046868115518464,0.08,0.0,0.0,0.08,-3.126868115518464,1293.7174596694797,1290.5905915539613,1300.954483623541,10.363892069579606,0.7966375611169054,-3.126868115518464,1,1
proxy_hardened_no_worst_hours,proxy_hardened_no_worst_hours-000240,2023-04-11 10:00:00,2023-04-11 11:30:00,XAUUSD,15m,BUY,LONDON,2002.485,1999.3847677072629,2008.6854645854742,V50 realtime loss proxy | variant=proxy_hardened_no_worst_hours | Side=BUY | score=96.0 | opposite_score=4.0 | session=LONDON | RR=2.00,V50 realtime loss proxy,96.0,4.0,96.0,2.0000000000000733,0.01,-3.1002322927370187,-3.1002322927370187,0.08,0.0,0.0,0.08,-3.180232292737019,1290.5905915539613,1287.4103592612244,1300.954483623541,13.544124362316552,1.0410913320035748,-3.180232292737019,1,1
proxy_hardened_no_worst_hours,proxy_hardened_no_worst_hours-000241,2023-04-11 14:15:00,2023-04-12 01:30:00,XAUUSD,15m,BUY,LONDON,2002.845,1998.981945016259,2010.571109967482,V50 realtime loss proxy | variant=proxy_hardened_no_worst_hours | Side=BUY | score=80.0 | opposite_score=8.0 | session=LONDON | RR=2.00,V50 realtime loss proxy,80.0,8.0,80.0,2.0,0.01,7.726109967481989,7.726109967481989,0.08,0.0,0.0,0.08,7.646109967481989,1287.4103592612244,1295.0564692287064,1300.954483623541,5.89801439483449,0.4533605494334272,4.46587767474497,2,0
proxy_hardened_no_worst_hours,proxy_hardened_no_worst_hours-000242,2023-04-12 19:30:00,2023-04-13 07:30:00,XAUUSD,15m,BUY,NEW YORK,2014.858,2010.272340741208,2024.029318517584,V50 realtime loss proxy | variant=proxy_hardened_no_worst_hours | Side=BUY | score=100.0 | opposite_score=8.0 | session=NEW YORK | RR=2.00,V50 realtime loss proxy,100.0,8.0,100.0,2.0,0.01,9.17131851758404,9.17131851758404,0.08,0.0,0.0,0.08,9.09131851758404,1295.0564692287064,1304.1477877462905,1304.1477877462905,0.0,0.0,9.09131851758404,1,0
proxy_hardened_no_worst_hours,proxy_hardened_no_worst_hours-000243,2023-04-13 15:00:00,2023-04-14 12:30:00,XAUUSD,15m,BUY,LONDON,2037.155,2031.200797015812,2049.063405968376,V50 realtime loss proxy | variant=proxy_hardened_no_worst_hours | Side=BUY | score=96.0 | opposite_score=4.0 | session=LONDON | RR=2.00,V50 realtime loss proxy,96.0,4.0,96.0,2.000000000000038,0.01,-5.954202984187987,-5.954202984187987,0.08,0.0,0.0,0.08,-6.034202984187987,1304.1477877462905,1298.1135847621026,1304.1477877462905,6.034202984187914,0.46269318867731046,-6.034202984187987,1,1
proxy_hardened_no_worst_hours,proxy_hardened_no_worst_hours-000244,2023-04-20 14:15:00,2023-04-20 15:00:00,XAUUSD,15m,BUY,LONDON,2005.965,2000.2209211515124,2017.453157696975,V50 realtime loss proxy | variant=proxy_hardened_no_worst_hours | Side=BUY | score=78.0 | opposite_score=19.0 | session=LONDON | RR=2.00,V50 realtime loss proxy,78.0,19.0,78.0,2.0,0.01,-5.744078848487561,-5.744078848487561,0.08,0.0,0.0,0.08,-5.824078848487561,1298.1135847621026,1292.2895059136151,1304.1477877462905,11.858281832675402,0.9092743893058167,-5.824078848487561,1,1
proxy_hardened_no_worst_hours,proxy_hardened_no_worst_hours-000245,2023-04-20 18:30:00,2023-04-21 01:30:00,XAUUSD,15m,BUY,NEW YORK,2005.585,2001.464917922852,2013.8251641542963,V50 realtime loss proxy | variant=proxy_hardened_no_worst_hours | Side=BUY | score=89.0 | opposite_score=8.0 | session=NEW YORK | RR=2.00,V50 realtime loss proxy,89.0,8.0,89.0,2.000000000000055,0.01,-4.120082077148027,-4.120082077148027,0.08,0.0,0.0,0.08,-4.200082077148027,1292.2895059136151,1288.0894238364672,1304.1477877462905,16.058363909823356,1.2313300732253634,-10.024160925635588,2,2
proxy_hardened_no_worst_hours,proxy_hardened_no_worst_hours-000246,2023-04-21 10:45:00,2023-04-21 13:15:00,XAUUSD,15m,SELL,LONDON,1988.015,1992.3829135940537,1979.2791728118927,V50 realtime loss proxy | variant=proxy_hardened_no_worst_hours | Side=SELL | score=85.0 | opposite_score=4.0 | session=LONDON | RR=2.00,V50 realtime loss proxy,4.0,85.0,85.0,2.000000000000052,0.01,-4.367913594053562,-4.367913594053562,0.08,0.0,0.0,0.08,-4.447913594053562,1288.0894238364672,1283.6415102424137,1304.1477877462905,20.506277503876845,1.5723890878436353,-4.447913594053562,1,1
proxy_hardened_no_worst_hours,proxy_hardened_no_worst_hours-000247,2023-04-21 14:15:00,2023-04-24 17:15:00,XAUUSD,15m,SELL,LONDON,1982.125,1990.3877079145232,1965.5995841709537,V50 realtime loss proxy | variant=proxy_hardened_no_worst_hours | Side=SELL | score=89.0 | opposite_score=8.0 | session=LONDON | RR=2.00,V50 realtime loss proxy,8.0,89.0,89.0,2.0,0.01,-8.262707914523162,-8.262707914523162,0.08,0.0,0.0,0.08,-8.342707914523162,1283.6415102424137,1275.2988023278906,1304.1477877462905,28.848985418399934,2.2120948016370234,-12.790621508576724,2,2
proxy_hardened_no_worst_hours,proxy_hardened_no_worst_hours-000248,2023-04-25 18:45:00,2023-04-26 13:15:00,XAUUSD,15m,BUY,NEW YORK,1995.615,1990.6144693089566,2005.6160613820869,V50 realtime loss proxy | variant=proxy_hardened_no_worst_hours | Side=BUY | score=72.0 | opposite_score=19.0 | session=NEW YORK | RR=2.00,V50 realtime loss proxy,72.0,19.0,72.0,2.0,0.01,10.001061382086846,10.001061382086846,0.08,0.0,0.0,0.08,9.921061382086846,1275.2988023278906,1285.2198637099775,1304.1477877462905,18.927924036313016,1.451363427838384,9.921061382086846,1,0
proxy_hardened_no_worst_hours,proxy_hardened_no_worst_hours-000249,2023-04-26 13:45:00,2023-04-26 15:00:00,XAUUSD,15m,BUY,LONDON,2002.914,1997.354164757989,2014.0336704840217,V50 realtime loss proxy | variant=proxy_hardened_no_worst_hours | Side=BUY | score=76.0 | opposite_score=4.0 | session=LONDON | RR=2.00,V50 realtime loss proxy,76.0,4.0,76.0,2.0,0.01,-5.559835242010877,-5.559835242010877,0.08,0.0,0.0,0.08,-5.639835242010877,1285.2198637099775,1279.5800284679667,1304.1477877462905,24.56775927832382,1.883817118670238,-5.639835242010877,1,1
proxy_hardened_no_worst_hours,proxy_hardened_no_worst_hours-000250,2023-04-27 10:00:00,2023-04-27 12:30:00,XAUUSD,15m,BUY,LONDON,1998.565,1995.299264595677,2005.0964708086465,V50 realtime loss proxy | variant=proxy_hardened_no_worst_hours | Side=BUY | score=75.0 | opposite_score=4.0 | session=LONDON | RR=2.00,V50 realtime loss proxy,75.0,4.0,75.0,2.0000000000000697,0.01,-3.2657354043230953,-3.2657354043230953,0.08,0.0,0.0,0.08,-3.3457354043230954,1279.5800284679667,1276.2342930636437,1304.1477877462905,27.913494682646842,2.1403628442206233,-3.3457354043230954,1,1
proxy_hardened_no_worst_hours,proxy_hardened_no_worst_hours-000251,2023-04-28 10:15:00,2023-04-28 12:30:00,XAUUSD,15m,SELL,LONDON,1983.348,1986.3132713357925,1977.417457328415,V50 realtime loss proxy | variant=proxy_hardened_no_worst_hours | Side=SELL | score=85.0 | opposite_score=4.0 | session=LONDON | RR=2.00,V50 realtime loss proxy,4.0,85.0,85.0,2.0,0.01,-2.9652713357925222,-2.9652713357925222,0.08,0.0,0.0,0.08,-3.0452713357925223,1276.2342930636437,1273.1890217278512,1304.1477877462905,30.95876601843929,2.3738694578426123,-3.0452713357925223,1,1
proxy_hardened_no_worst_hours,proxy_hardened_no_worst_hours-000252,2023-04-28 14:00:00,2023-04-28 14:30:00,XAUUSD,15m,SELL,LONDON,1983.325,1988.4281520505276,1973.118695898945,V50 realtime loss proxy | variant=proxy_hardened_no_worst_hours | Side=SELL | score=89.0 | opposite_score=8.0 | session=LONDON | RR=2.00,V50 realtime loss proxy,8.0,89.0,89.0,2.0,0.01,-5.103152050527569,-5.103152050527569,0.08,0.0,0.0,0.08,-5.183152050527569,1273.1890217278512,1268.0058696773237,1304.1477877462905,36.14191806896679,2.7713054002433237,-8.228423386320092,2,2
proxy_hardened_no_worst_hours,proxy_hardened_no_worst_hours-000253,2023-05-02 14:00:00,2023-05-02 14:30:00,XAUUSD,15m,BUY,LONDON,1999.148,1994.6384624884727,2008.1670750230546,V50 realtime loss proxy | variant=proxy_hardened_no_worst_hours | Side=BUY | score=82.0 | opposite_score=19.0 | session=LONDON | RR=2.00,V50 realtime loss proxy,82.0,19.0,82.0,2.0000000000000506,0.01,9.019075023054711,9.019075023054711,0.08,0.0,0.0,0.08,8.939075023054711,1268.0058696773237,1276.9449447003785,1304.1477877462905,27.202843045912005,2.085871195082996,8.939075023054711,1,0
proxy_hardened_no_worst_hours,proxy_hardened_no_worst_hours-000254,2023-05-03 14:30:00,2023-05-03 17:15:00,XAUUSD,15m,BUY,LONDON,2018.625,2013.9752906037077,2027.9244187925847,V50 realtime loss proxy | variant=proxy_hardened_no_worst_hours | Side=BUY | score=78.0 | opposite_score=8.0 | session=LONDON | RR=2.00,V50 realtime loss proxy,78.0,8.0,78.0,2.0,0.01,9.299418792584675,9.299418792584675,0.08,0.0,0.0,0.08,9.219418792584674,1276.9449447003785,1286.1643634929633,1304.1477877462905,17.983424253327257,1.3789406708579075,9.219418792584674,1,0
proxy_hardened_no_worst_hours,proxy_hardened_no_worst_hours-000255,2023-05-03 18:00:00,2023-05-03 18:30:00,XAUUSD,15m,BUY,NEW YORK,2025.485,2019.554328041151,2037.3463439176978,V50 realtime loss proxy | variant=proxy_hardened_no_worst_hours | Side=BUY | score=100.0 | opposite_score=8.0 | session=NEW YORK | RR=2.00,V50 realtime loss proxy,100.0,8.0,100.0,2.0,0.01,-5.930671958848961,-5.930671958848961,0.08,0.0,0.0,0.08,-6.010671958848961,1286.1643634929633,1280.1536915341144,1304.1477877462905,23.994096212176146,1.8398295375434834,3.208746833735713,2,1
proxy_hardened_no_worst_hours,proxy_hardened_no_worst_hours-000256,2023-05-04 15:00:00,2023-05-05 08:00:00,XAUUSD,15m,BUY,LONDON,2046.825,2039.0993390076576,2062.276321984685,V50 realtime loss proxy | variant=proxy_hardened_no_worst_hours | Side=BUY | score=96.0 | opposite_score=4.0 | session=LONDON | RR=2.00,V50 realtime loss proxy,96.0,4.0,96.0,2.0000000000000293,0.01,-7.725660992342455,-7.725660992342455,0.08,0.0,0.0,0.08,-7.805660992342455,1280.1536915341144,1272.348030541772,1304.1477877462905,31.799757204518528,2.43835533850592,-7.805660992342455,1,1
proxy_hardened_no_worst_hours,proxy_hardened_no_worst_hours-000257,2023-05-08 15:15:00,2023-05-08 17:45:00,XAUUSD,15m,BUY,LONDON,2026.914,2023.1612579398861,2034.419484120228,V50 realtime loss proxy | variant=proxy_hardened_no_worst_hours | Side=BUY | score=76.0 | opposite_score=4.0 | session=LONDON | RR=2.00,V50 realtime loss proxy,76.0,4.0,76.0,2.0000000000000604,0.01,-3.75274206011386,-3.75274206011386,0.08,0.0,0.0,0.08,-3.83274206011386,1272.348030541772,1268.5152884816582,1304.1477877462905,35.632499264632315,2.7322439680098802,-3.83274206011386,1,1
proxy_hardened_no_worst_hours,proxy_hardened_no_worst_hours-000258,2023-05-09 13:45:00,2023-05-09 14:15:00,XAUUSD,15m,BUY,LONDON,2030.235,2026.8516597729513,2037.0016804540971,V50 realtime loss proxy | variant=proxy_hardened_no_worst_hours | Side=BUY | score=76.0 | opposite_score=4.0 | session=LONDON | RR=2.00,V50 realtime loss proxy,76.0,4.0,76.0,2.0,0.01,-3.3833402270486204,-3.3833402270486204,0.08,0.0,0.0,0.08,-3.4633402270486204,1268.5152884816582,1265.0519482546097,1304.1477877462905,39.09583949168086,2.9978074462897135,-3.4633402270486204,1,1
proxy_hardened_no_worst_hours,proxy_hardened_no_worst_hours-000259,2023-05-10 13:45:00,2023-05-10 14:30:00,XAUUSD,15m,BUY,LONDON,2038.005,2031.9013124325327,2050.212375134935,V50 realtime loss proxy | variant=proxy_hardened_no_worst_hours | Side=BUY | score=76.0 | opposite_score=4.0 | session=LONDON | RR=2.00,V50 realtime loss proxy,76.0,4.0,76.0,2.0,0.01,-6.103687567467432,-6.103687567467432,0.08,0.0,0.0,0.08,-6.183687567467432,1265.0519482546097,1258.8682606871423,1304.1477877462905,45.27952705914822,3.4719628775659066,-6.183687567467432,1,1
proxy_hardened_no_worst_hours,proxy_hardened_no_worst_hours-000260,2023-05-11 13:00:00,2023-05-11 13:15:00,XAUUSD,15m,BUY,LONDON,2032.754,2027.449979112988,2043.3620417740235,V50 realtime loss proxy | variant=proxy_hardened_no_worst_hours | Side=BUY | score=90.0 | opposite_score=4.0 | session=LONDON | RR=2.00,V50 realtime loss proxy,90.0,4.0,90.0,2.0,0.01,-5.304020887011802,-5.304020887011802,0.08,0.0,0.0,0.08,-5.384020887011802,1258.8682606871423,1253.4842398001306,1304.1477877462905,50.66354794615995,3.88480112623678,-5.384020887011802,1,1
proxy_hardened_no_worst_hours,proxy_hardened_no_worst_hours-000261,2023-05-12 10:30:00,2023-05-12 12:30:00,XAUUSD,15m,SELL,LONDON,2006.485,2010.0242480275815,1999.4065039448367,V50 realtime loss proxy | variant=proxy_hardened_no_worst_hours | Side=SELL | score=85.0 | opposite_score=4.0 | session=LONDON | RR=2.00,V50 realtime loss proxy,4.0,85.0,85.0,2.0,0.01,-3.539248027581607,-3.539248027581607,0.08,0.0,0.0,0.08,-3.619248027581607,1253.4842398001306,1249.864991772549,1304.1477877462905,54.282795973741486,4.162319369306148,-3.619248027581607,1,1
proxy_hardened_no_worst_hours,proxy_hardened_no_worst_hours-000262,2023-05-16 10:00:00,2023-05-16 11:45:00,XAUUSD,15m,SELL,LONDON,2009.894,2012.227753151706,2005.2264936965876,V50 realtime loss proxy | variant=proxy_hardened_no_worst_hours | Side=SELL | score=79.0 | opposite_score=4.0 | session=LONDON | RR=2.00,V50 realtime loss proxy,4.0,79.0,79.0,2.0000000000000973,0.01,4.667506303412438,4.667506303412438,0.08,0.0,0.0,0.08,4.587506303412438,1249.864991772549,1254.4524980759616,1304.1477877462905,49.695289670328975,3.810556605414165,4.587506303412438,1,0
proxy_hardened_no_worst_hours,proxy_hardened_no_worst_hours-000263,2023-05-16 14:00:00,2023-05-16 15:45:00,XAUUSD,15m,SELL,LONDON,2005.754,2010.377301236147,1996.5073975277055,V50 realtime loss proxy | variant=proxy_hardened_no_worst_hours | Side=SELL | score=89.0 | opposite_score=8.0 | session=LONDON | RR=2.00,V50 realtime loss proxy,8.0,89.0,89.0,2.0,0.01,9.246602472294398,9.246602472294398,0.08,0.0,0.0,0.08,9.166602472294398,1254.4524980759616,1263.619100548256,1304.1477877462905,40.528687198034504,3.1076759535107974,13.754108775706836,2,0
proxy_hardened_no_worst_hours,proxy_hardened_no_worst_hours-000264,2023-05-17 13:00:00,2023-05-17 13:45:00,XAUUSD,15m,SELL,LONDON,1985.395,1988.6229030853426,1978.9391938293147,V50 realtime loss proxy | variant=proxy_hardened_no_worst_hours | Side=SELL | score=85.0 | opposite_score=4.0 | session=LONDON | RR=2.00,V50 realtime loss proxy,4.0,85.0,85.0,2.0,0.01,6.455806170685264,6.455806170685264,0.08,0.0,0.0,0.08,6.375806170685264,1263.619100548256,1269.9949067189414,1304.1477877462905,34.15288102734917,2.6187891700808748,6.375806170685264,1,0
proxy_hardened_no_worst_hours,proxy_hardened_no_worst_hours-000265,2023-05-17 14:45:00,2023-05-18 07:45:00,XAUUSD,15m,SELL,LONDON,1982.905,1987.3739551604838,1973.9670896790324,V50 realtime loss proxy | variant=proxy_hardened_no_worst_hours | Side=SELL | score=89.0 | opposite_score=8.0 | session=LONDON | RR=2.00,V50 realtime loss proxy,8.0,89.0,89.0,2.0,0.01,8.937910320967603,8.937910320967603,0.08,0.0,0.0,0.08,8.857910320967603,1269.9949067189414,1278.852817039909,1304.1477877462905,25.29497070638149,1.9395785465460134,15.233716491652867,2,0
proxy_hardened_no_worst_hours,proxy_hardened_no_worst_hours-000266,2023-05-18 10:30:00,2023-05-18 12:30:00,XAUUSD,15m,SELL,LONDON,1976.814,1979.5561129818043,1971.3297740363917,V50 realtime loss proxy | variant=proxy_hardened_no_worst_hours | Side=SELL | score=85.0 | opposite_score=4.0 | session=LONDON | RR=2.00,V50 realtime loss proxy,4.0,85.0,85.0,2.0,0.01,5.484225963608424,5.484225963608424,0.08,0.0,0.0,0.08,5.4042259636084236,1278.852817039909,1284.2570430035175,1304.1477877462905,19.890744742772995,1.5251910043988472,5.4042259636084236,1,0
proxy_hardened_no_worst_hours,proxy_hardened_no_worst_hours-000267,2023-05-19 13:45:00,2023-05-19 15:00:00,XAUUSD,15m,SELL,LONDON,1960.905,1964.427263998016,1953.8604720039675,V50 realtime loss proxy | variant=proxy_hardened_no_worst_hours | Side=SELL | score=85.0 | opposite_score=4.0 | session=LONDON | RR=2.00,V50 realtime loss proxy,4.0,85.0,85.0,2.0000000000000644,0.01,-3.522263998016115,-3.522263998016115,0.08,0.0,0.0,0.08,-3.602263998016115,1284.2570430035175,1280.6547790055015,1304.1477877462905,23.493008740789037,1.8014069388092524,-3.602263998016115,1,1
proxy_hardened_no_worst_hours,proxy_hardened_no_worst_hours-000268,2023-05-22 13:00:00,2023-05-22 14:00:00,XAUUSD,15m,SELL,LONDON,1974.408,1978.2386296370457,1966.746740725908,V50 realtime loss proxy | variant=proxy_hardened_no_worst_hours | Side=SELL | score=76.0 | opposite_score=4.0 | session=LONDON | RR=2.00,V50 realtime loss proxy,4.0,76.0,76.0,2.0000000000000595,0.01,-3.8306296370458313,-3.8306296370458313,0.08,0.0,0.0,0.08,-3.9106296370458313,1280.6547790055015,1276.7441493684557,1304.1477877462905,27.403638377834795,2.101267865139063,-3.9106296370458313,1,1
proxy_hardened_no_worst_hours,proxy_hardened_no_worst_hours-000269,2023-05-26 13:00:00,2023-05-26 14:30:00,XAUUSD,15m,SELL,LONDON,1948.695,1952.405544868322,1941.2739102633557,V50 realtime loss proxy | variant=proxy_hardened_no_worst_hours | Side=SELL | score=75.0 | opposite_score=4.0 | session=LONDON | RR=2.00,V50 realtime loss proxy,4.0,75.0,75.0,2.0,0.01,7.421089736644262,7.421089736644262,0.08,0.0,0.0,0.08,7.341089736644262,1276.7441493684557,1284.0852391051,1304.1477877462905,20.06254864119046,1.538364656958145,7.341089736644262,1,0
proxy_hardened_no_worst_hours,proxy_hardened_no_worst_hours-000270,2023-05-26 15:45:00,2023-05-29 06:00:00,XAUUSD,15m,SELL,LONDON,1943.415,1948.13795304697,1933.9690939060595,V50 realtime loss proxy | variant=proxy_hardened_no_worst_hours | Side=SELL | score=96.0 | opposite_score=4.0 | session=LONDON | RR=2.00,V50 realtime loss proxy,4.0,96.0,96.0,2.000000000000048,0.01,-4.722953046970133,-4.722953046970133,0.08,0.0,0.0,0.08,-4.802953046970133,1284.0852391051,1279.28228605813,1304.1477877462905,24.86550168816052,1.906647538093119,2.538136689674129,2,1
proxy_hardened_no_worst_hours,proxy_hardened_no_worst_hours-000271,2023-05-30 14:00:00,2023-05-31 13:30:00,XAUUSD,15m,BUY,LONDON,1955.925,1951.1303254074985,1965.5143491850029,V50 realtime loss proxy | variant=proxy_hardened_no_worst_hours | Side=BUY | score=72.0 | opposite_score=30.0 | session=LONDON | RR=2.00,V50 realtime loss proxy,72.0,30.0,72.0,2.0,0.01,9.589349185002902,9.589349185002902,0.08,0.0,0.0,0.08,9.509349185002902,1279.28228605813,1288.791635243133,1304.1477877462905,15.356152503157546,1.1774856076468643,9.509349185002902,1,0
proxy_hardened_no_worst_hours,proxy_hardened_no_worst_hours-000272,2023-05-31 15:45:00,2023-05-31 17:30:00,XAUUSD,15m,BUY,LONDON,1968.468,1963.0233301107498,1979.3573397785005,V50 realtime loss proxy | variant=proxy_hardened_no_worst_hours | Side=BUY | score=85.0 | opposite_score=26.0 | session=LONDON | RR=2.00,V50 realtime loss proxy,85.0,26.0,85.0,2.0,0.01,-5.444669889250235,-5.444669889250235,0.08,0.0,0.0,0.08,-5.5246698892502355,1288.791635243133,1283.2669653538828,1304.1477877462905,20.88082239240771,1.601108600467133,-5.5246698892502355,1,1
proxy_hardened_no_worst_hours,proxy_hardened_no_worst_hours-000273,2023-05-31 18:00:00,2023-05-31 20:15:00,XAUUSD,15m,BUY,NEW YORK,1966.995,1962.4768245020243,1976.031350995951,V50 realtime loss proxy | variant=proxy_hardened_no_worst_hours | Side=BUY | score=89.0 | opposite_score=8.0 | session=NEW YORK | RR=2.00,V50 realtime loss proxy,89.0,8.0,89.0,2.0,0.01,-4.518175497975562,-4.518175497975562,0.08,0.0,0.0,0.08,-4.5981754979755625,1283.2669653538828,1278.6687898559073,1304.1477877462905,25.478997890383198,1.953689461407873,-10.122845387225798,2,2
proxy_hardened_no_worst_hours,proxy_hardened_no_worst_hours-000274,2023-06-01 19:00:00,2023-06-02 03:15:00,XAUUSD,15m,BUY,NEW YORK,1976.885,1973.6976419934874,1983.2597160130251,V50 realtime loss proxy | variant=proxy_hardened_no_worst_hours | Side=BUY | score=89.0 | opposite_score=8.0 | session=NEW YORK | RR=2.00,V50 realtime loss proxy,89.0,8.0,89.0,2.0,0.01,6.374716013025136,6.374716013025136,0.08,0.0,0.0,0.08,6.294716013025136,1278.6687898559073,1284.9635058689325,1304.1477877462905,19.18428187735799,1.4710205436540684,6.294716013025136,1,0
proxy_hardened_no_worst_hours,proxy_hardened_no_worst_hours-000275,2023-06-02 10:15:00,2023-06-02 12:30:00,XAUUSD,15m,BUY,LONDON,1979.135,1976.7757697109419,1983.8534605781165,V50 realtime loss proxy | variant=proxy_hardened_no_worst_hours | Side=BUY | score=79.0 | opposite_score=4.0 | session=LONDON | RR=2.00,V50 realtime loss proxy,79.0,4.0,79.0,2.0000000000000964,0.01,-2.3592302890581323,-2.3592302890581323,0.08,0.0,0.0,0.08,-2.4392302890581323,1284.9635058689325,1282.5242755798745,1304.1477877462905,21.62351216641605,1.6580568835518124,-2.4392302890581323,1,1
proxy_hardened_no_worst_hours,proxy_hardened_no_worst_hours-000276,2023-06-05 10:00:00,2023-06-05 13:15:00,XAUUSD,15m,SELL,LONDON,1943.145,1946.3932697814987,1936.6484604370025,V50 realtime loss proxy | variant=proxy_hardened_no_worst_hours | Side=SELL | score=96.0 | opposite_score=4.0 | session=LONDON | RR=2.00,V50 realtime loss proxy,4.0,96.0,96.0,2.0,0.01,-3.2482697814987205,-3.2482697814987205,0.08,0.0,0.0,0.08,-3.3282697814987205,1282.5242755798745,1279.1960057983758,1304.1477877462905,24.951781947914697,1.913263372630037,-3.3282697814987205,1,1
proxy_hardened_no_worst_hours,proxy_hardened_no_worst_hours-000277,2023-06-06 13:00:00,2023-06-06 13:30:00,XAUUSD,15m,BUY,LONDON,1963.665,1960.3864164309937,1970.2221671380125,V50 realtime loss proxy | variant=proxy_hardened_no_worst_hours | Side=BUY | score=85.0 | opposite_score=4.0 | session=LONDON | RR=2.00,V50 realtime loss proxy,85.0,4.0,85.0,2.0,0.01,-3.278583569006287,-3.278583569006287,0.08,0.0,0.0,0.08,-3.358583569006287,1279.1960057983758,1275.8374222293696,1304.1477877462905,28.31036551692091,2.1707942752289067,-3.358583569006287,1,1
proxy_hardened_no_worst_hours,proxy_hardened_no_worst_hours-000278,2023-06-06 18:15:00,2023-06-07 06:15:00,XAUUSD,15m,BUY,NEW YORK,1963.925,1960.7783855980229,1970.2182288039544,V50 realtime loss proxy | variant=proxy_hardened_no_worst_hours | Side=BUY | score=89.0 | opposite_score=8.0 | session=NEW YORK | RR=2.00,V50 realtime loss proxy,89.0,8.0,89.0,2.0000000000000724,0.01,-3.1466144019771036,-3.1466144019771036,0.08,0.0,0.0,0.08,-3.2266144019771037,1275.8374222293696,1272.6108078273926,1304.1477877462905,31.53697991889794,2.4182059897825905,-6.5851979709833905,2,2
proxy_hardened_no_worst_hours,proxy_hardened_no_worst_hours-000279,2023-06-07 13:00:00,2023-06-07 13:30:00,XAUUSD,15m,SELL,LONDON,1959.505,1962.3045690418196,1953.905861916361,V50 realtime loss proxy | variant=proxy_hardened_no_worst_hours | Side=SELL | score=76.0 | opposite_score=4.0 | session=LONDON | RR=2.00,V50 realtime loss proxy,4.0,76.0,76.0,2.0000000000000813,0.01,-2.7995690418194954,-2.7995690418194954,0.08,0.0,0.0,0.08,-2.8795690418194955,1272.6108078273926,1269.7312387855732,1304.1477877462905,34.416548960717364,2.6390068122718597,-2.8795690418194955,1,1
proxy_hardened_no_worst_hours,proxy_hardened_no_worst_hours-000280,2023-06-07 15:00:00,2023-06-07 15:45:00,XAUUSD,15m,SELL,LONDON,1958.025,1962.5453260709844,1948.9843478580312,V50 realtime loss proxy | variant=proxy_hardened_no_worst_hours | Side=SELL | score=76.0 | opposite_score=11.0 | session=LONDON | RR=2.00,V50 realtime loss proxy,11.0,76.0,76.0,2.00000000000005,0.01,9.040652141968849,9.040652141968849,0.08,0.0,0.0,0.08,8.960652141968849,1269.7312387855732,1278.691890927542,1304.1477877462905,25.455896818748442,1.951918107589555,6.081083100149353,2,0
proxy_hardened_no_worst_hours,proxy_hardened_no_worst_hours-000281,2023-06-08 18:30:00,2023-06-08 20:45:00,XAUUSD,15m,BUY,NEW YORK,1963.945,1960.5600410688235,1970.714917862353,V50 realtime loss proxy | variant=proxy_hardened_no_worst_hours | Side=BUY | score=89.0 | opposite_score=30.0 | session=NEW YORK | RR=2.00,V50 realtime loss proxy,89.0,30.0,89.0,2.000000000000067,0.01,-3.3849589311764703,-3.3849589311764703,0.08,0.0,0.0,0.08,-3.4649589311764704,1278.691890927542,1275.2269319963657,1304.1477877462905,28.92085574992484,2.217605705554524,-3.4649589311764704,1,1
proxy_hardened_no_worst_hours,proxy_hardened_no_worst_hours-000282,2023-06-14 15:45:00,2023-06-14 18:00:00,XAUUSD,15m,BUY,LONDON,1955.905,1952.3958180233171,1962.9233639533657,V50 realtime loss proxy | variant=proxy_hardened_no_worst_hours | Side=BUY | score=74.0 | opposite_score=26.0 | session=LONDON | RR=2.00,V50 realtime loss proxy,74.0,26.0,74.0,2.0,0.01,-3.5091819766828394,-3.5091819766828394,0.08,0.0,0.0,0.08,-3.5891819766828394,1275.2269319963657,1271.637750019683,1304.1477877462905,32.51003772660761,2.492818531156541,-3.5891819766828394,1,1
proxy_hardened_no_worst_hours,proxy_hardened_no_worst_hours-000283,2023-06-15 10:15:00,2023-06-15 12:15:00,XAUUSD,15m,SELL,LONDON,1933.565,1937.1440830743293,1926.4068338513414,V50 realtime loss proxy | variant=proxy_hardened_no_worst_hours | Side=SELL | score=96.0 | opposite_score=4.0 | session=LONDON | RR=2.00,V50 realtime loss proxy,4.0,96.0,96.0,2.0000000000000635,0.01,7.158166148658665,7.158166148658665,0.08,0.0,0.0,0.08,7.078166148658665,1271.637750019683,1278.7159161683417,1304.1477877462905,25.43187157794887,1.950075889934063,7.078166148658665,1,0
proxy_hardened_no_worst_hours,proxy_hardened_no_worst_hours-000284,2023-06-19 14:00:00,2023-06-19 15:00:00,XAUUSD,15m,SELL,LONDON,1950.905,1953.1441947089502,1946.4266105820996,V50 realtime loss proxy | variant=proxy_hardened_no_worst_hours | Side=SELL | score=94.0 | opposite_score=8.0 | session=LONDON | RR=2.00,V50 realtime loss proxy,8.0,94.0,94.0,2.0,0.01,-2.2391947089502082,-2.2391947089502082,0.08,0.0,0.0,0.08,-2.3191947089502083,1278.7159161683417,1276.3967214593915,1304.1477877462905,27.751066286899004,2.1279080904516094,-2.3191947089502083,1,1
proxy_hardened_no_worst_hours,proxy_hardened_no_worst_hours-000285,2023-06-21 10:00:00,2023-06-21 12:15:00,XAUUSD,15m,SELL,LONDON,1933.205,1935.9205723517805,1927.7738552964388,V50 realtime loss proxy | variant=proxy_hardened_no_worst_hours | Side=SELL | score=96.0 | opposite_score=4.0 | session=LONDON | RR=2.00,V50 realtime loss proxy,4.0,96.0,96.0,2.0,0.01,5.431144703561131,5.431144703561131,0.08,0.0,0.0,0.08,5.351144703561131,1276.3967214593915,1281.7478661629527,1304.1477877462905,22.3999215833378,1.7175907357897917,5.351144703561131,1,0
proxy_hardened_no_worst_hours,proxy_hardened_no_worst_hours-000286,2023-06-21 13:45:00,2023-06-21 14:45:00,XAUUSD,15m,SELL,LONDON,1928.505,1933.9466285101482,1917.6217429797036,V50 realtime loss proxy | variant=proxy_hardened_no_worst_hours | Side=SELL | score=96.0 | opposite_score=4.0 | session=LONDON | RR=2.00,V50 realtime loss proxy,4.0,96.0,96.0,2.0000000000000417,0.01,-5.441628510148121,-5.441628510148121,0.08,0.0,0.0,0.08,-5.521628510148121,1281.7478661629527,1276.2262376528047,1304.1477877462905,27.92155009348585,2.1409805204467913,-0.17048380658699003,2,1
proxy_hardened_no_worst_hours,proxy_hardened_no_worst_hours-000287,2023-06-22 10:15:00,2023-06-22 12:30:00,XAUUSD,15m,SELL,LONDON,1927.575,1930.3438973959048,1922.0372052081902,V50 realtime loss proxy | variant=proxy_hardened_no_worst_hours | Side=SELL | score=96.0 | opposite_score=4.0 | session=LONDON | RR=2.00,V50 realtime loss proxy,4.0,96.0,96.0,2.000000000000082,0.01,-2.768897395904787,-2.768897395904787,0.08,0.0,0.0,0.08,-2.848897395904787,1276.2262376528047,1273.3773402569,1304.1477877462905,30.770447489390563,2.3594294893959256,-2.848897395904787,1,1
proxy_hardened_no_worst_hours,proxy_hardened_no_worst_hours-000288,2023-06-22 13:30:00,2023-06-22 14:45:00,XAUUSD,15m,SELL,LONDON,1923.585,1927.7681798860274,1915.2186402279453,V50 realtime loss proxy | variant=proxy_hardened_no_worst_hours | Side=SELL | score=96.0 | opposite_score=4.0 | session=LONDON | RR=2.00,V50 realtime loss proxy,4.0,96.0,96.0,2.0,0.01,8.366359772054693,8.366359772054693,0.08,0.0,0.0,0.08,8.286359772054693,1273.3773402569,1281.6637000289547,1304.1477877462905,22.484087717335797,1.7240444624907696,5.437462376149906,2,0
proxy_hardened_no_worst_hours,proxy_hardened_no_worst_hours-000289,2023-06-23 14:45:00,2023-06-23 15:15:00,XAUUSD,15m,BUY,LONDON,1926.865,1922.3606896223682,1935.8736207552638,V50 realtime loss proxy | variant=proxy_hardened_no_worst_hours | Side=BUY | score=72.0 | opposite_score=30.0 | session=LONDON | RR=2.00,V50 realtime loss proxy,72.0,30.0,72.0,2.0000000000000506,0.01,-4.504310377631782,-4.504310377631782,0.08,0.0,0.0,0.08,-4.584310377631782,1281.6637000289547,1277.079389651323,1304.1477877462905,27.068398094967506,2.0755621678233758,-4.584310377631782,1,1
proxy_hardened_no_worst_hours,proxy_hardened_no_worst_hours-000290,2023-06-27 13:45:00,2023-06-27 14:15:00,XAUUSD,15m,SELL,LONDON,1923.414,1927.414124651535,1915.4137506969298,V50 realtime loss proxy | variant=proxy_hardened_no_worst_hours | Side=SELL | score=76.0 | opposite_score=4.0 | session=LONDON | RR=2.00,V50 realtime loss proxy,4.0,76.0,76.0,2.0,0.01,8.000249303070177,8.000249303070177,0.08,0.0,0.0,0.08,7.920249303070177,1277.079389651323,1284.9996389543933,1304.1477877462905,19.148148791897256,1.4682499155243243,7.920249303070177,1,0
proxy_hardened_no_worst_hours,proxy_hardened_no_worst_hours-000291,2023-06-28 14:45:00,2023-06-28 15:15:00,XAUUSD,15m,SELL,LONDON,1906.975,1911.1813175745338,1898.5623648509322,V50 realtime loss proxy | variant=proxy_hardened_no_worst_hours | Side=SELL | score=100.0 | opposite_score=8.0 | session=LONDON | RR=2.00,V50 realtime loss proxy,8.0,100.0,100.0,2.0,0.01,-4.206317574533841,-4.206317574533841,0.08,0.0,0.0,0.08,-4.286317574533841,1284.9996389543933,1280.7133213798595,1304.1477877462905,23.434466366431025,1.796918001672827,-4.286317574533841,1,1
proxy_hardened_no_worst_hours,proxy_hardened_no_worst_hours-000292,2023-07-02 22:00:00,2023-07-03 01:00:00,XAUUSD,15m,BUY,NEW YORK,1918.925,1916.4847997634772,1923.8054004730454,V50 realtime loss proxy | variant=proxy_hardened_no_worst_hours | Side=BUY | score=72.0 | opposite_score=30.0 | session=NEW YORK | RR=2.00,V50 realtime loss proxy,72.0,30.0,72.0,2.0,0.01,-2.4402002365227418,-2.4402002365227418,0.08,0.0,0.0,0.08,-2.520200236522742,1280.7133213798595,1278.1931211433368,1304.1477877462905,25.954666602953694,1.9901629897180737,-2.520200236522742,1,1
proxy_hardened_no_worst_hours,proxy_hardened_no_worst_hours-000293,2023-07-03 10:00:00,2023-07-03 12:30:00,XAUUSD,15m,SELL,LONDON,1912.855,1915.1299494484476,1908.3051011031048,V50 realtime loss proxy | variant=proxy_hardened_no_worst_hours | Side=SELL | score=96.0 | opposite_score=4.0 | session=LONDON | RR=2.00,V50 realtime loss proxy,4.0,96.0,96.0,2.0,0.01,-2.2749494484476145,-2.2749494484476145,0.08,0.0,0.0,0.08,-2.3549494484476146,1278.1931211433368,1275.8381716948893,1304.1477877462905,28.309616051401235,2.170736807392308,-2.3549494484476146,1,1
proxy_hardened_no_worst_hours,proxy_hardened_no_worst_hours-000294,2023-07-04 13:15:00,2023-07-04 16:00:00,XAUUSD,15m,BUY,LONDON,1927.775,1925.7812408910615,1931.7625182178774,V50 realtime loss proxy | variant=proxy_hardened_no_worst_hours | Side=BUY | score=85.0 | opposite_score=4.0 | session=LONDON | RR=2.00,V50 realtime loss proxy,85.0,4.0,85.0,2.000000000000114,0.01,-1.9937591089385478,-1.9937591089385478,0.08,0.0,0.0,0.08,-2.073759108938548,1275.8381716948893,1273.7644125859508,1304.1477877462905,30.38337516033971,2.329749392348048,-2.073759108938548,1,1
proxy_hardened_no_worst_hours,proxy_hardened_no_worst_hours-000295,2023-07-06 10:00:00,2023-07-06 10:15:00,XAUUSD,15m,SELL,LONDON,1918.525,1920.6007559010031,1914.373488197994,V50 realtime loss proxy | variant=proxy_hardened_no_worst_hours | Side=SELL | score=76.0 | opposite_score=4.0 | session=LONDON | RR=2.00,V50 realtime loss proxy,4.0,76.0,76.0,2.0,0.01,-2.075755901003049,-2.075755901003049,0.08,0.0,0.0,0.08,-2.155755901003049,1273.7644125859508,1271.6086566849478,1304.1477877462905,32.53913106134269,2.495049362279244,-2.155755901003049,1,1
proxy_hardened_no_worst_hours,proxy_hardened_no_worst_hours-000296,2023-07-06 13:30:00,2023-07-07 12:15:00,XAUUSD,15m,SELL,LONDON,1912.954,1918.7126077986077,1901.4367844027843,V50 realtime loss proxy | variant=proxy_hardened_no_worst_hours | Side=SELL | score=76.0 | opposite_score=15.0 | session=LONDON | RR=2.00,V50 realtime loss proxy,15.0,76.0,76.0,2.0000000000000395,0.01,-5.758607798607727,-5.758607798607727,0.08,0.0,0.0,0.08,-5.838607798607727,1271.6086566849478,1265.7700488863402,1304.1477877462905,38.37773885995034,2.9427446199384546,-7.994363699610776,2,2
proxy_hardened_no_worst_hours,proxy_hardened_no_worst_hours-000297,2023-07-07 18:30:00,2023-07-10 00:00:00,XAUUSD,15m,BUY,NEW YORK,1926.315,1922.8001709863388,1933.3446580273226,V50 realtime loss proxy | variant=proxy_hardened_no_worst_hours | Side=BUY | score=89.0 | opposite_score=30.0 | session=NEW YORK | RR=2.00,V50 realtime loss proxy,89.0,30.0,89.0,2.0,0.01,-3.514829013661256,-3.514829013661256,0.08,0.0,0.0,0.08,-3.594829013661256,1265.7700488863402,1262.175219872679,1304.1477877462905,41.972567873611524,3.218390451449118,-3.594829013661256,1,1
proxy_hardened_no_worst_hours,proxy_hardened_no_worst_hours-000298,2023-07-11 22:15:00,2023-07-12 01:00:00,XAUUSD,15m,BUY,NEW YORK,1933.185,1931.4684638764513,1936.6180722470974,V50 realtime loss proxy | variant=proxy_hardened_no_worst_hours | Side=BUY | score=93.0 | opposite_score=8.0 | session=NEW YORK | RR=2.00,V50 realtime loss proxy,93.0,8.0,93.0,2.0000000000001323,0.01,3.4330722470974706,3.4330722470974706,0.08,0.0,0.0,0.08,3.3530722470974705,1262.175219872679,1265.5282921197766,1304.1477877462905,38.61949562651398,2.9612821483409237,3.3530722470974705,1,0
proxy_hardened_no_worst_hours,proxy_hardened_no_worst_hours-000299,2023-07-12 22:00:00,2023-07-13 04:30:00,XAUUSD,15m,BUY,NEW YORK,1957.265,1954.8752359657376,1962.0445280685253,V50 realtime loss proxy | variant=proxy_hardened_no_worst_hours | Side=BUY | score=89.0 | opposite_score=8.0 | session=NEW YORK | RR=2.00,V50 realtime loss proxy,89.0,8.0,89.0,2.000000000000095,0.01,4.779528068525224,4.779528068525224,0.08,0.0,0.0,0.08,4.699528068525224,1265.5282921197766,1270.2278201883018,1304.1477877462905,33.919967557988684,2.6009297317910636,4.699528068525224,1,0
proxy_hardened_no_worst_hours,proxy_hardened_no_worst_hours-000300,2023-07-18 18:15:00,2023-07-19 06:30:00,XAUUSD,15m,BUY,NEW YORK,1977.485,1973.358077000046,1985.7388459999079,V50 realtime loss proxy | variant=proxy_hardened_no_worst_hours | Side=BUY | score=100.0 | opposite_score=8.0 | session=NEW YORK | RR=2.00,V50 realtime loss proxy,100.0,8.0,100.0,2.000000000000055,0.01,-4.126922999953877,-4.126922999953877,0.08,0.0,0.0,0.08,-4.206922999953877,1270.2278201883018,1266.020897188348,1304.1477877462905,38.12689055794249,2.923509966905661,-4.206922999953877,1,1
proxy_hardened_no_worst_hours,proxy_hardened_no_worst_hours-000301,2023-07-19 13:00:00,2023-07-19 14:00:00,XAUUSD,15m,BUY,LONDON,1977.375,1974.3340679304426,1983.456864139115,V50 realtime loss proxy | variant=proxy_hardened_no_worst_hours | Side=BUY | score=96.0 | opposite_score=4.0 | session=LONDON | RR=2.00,V50 realtime loss proxy,96.0,4.0,96.0,2.0000000000000746,0.01,-3.040932069557357,-3.040932069557357,0.08,0.0,0.0,0.08,-3.120932069557357,1266.020897188348,1262.8999651187908,1304.1477877462905,41.24782262749977,3.1628181265238737,-3.120932069557357,1,1
proxy_hardened_no_worst_hours,proxy_hardened_no_worst_hours-000302,2023-07-21 14:45:00,2023-07-21 17:00:00,XAUUSD,15m,SELL,LONDON,1959.705,1963.997267605327,1951.120464789346,V50 realtime loss proxy | variant=proxy_hardened_no_worst_hours | Side=SELL | score=78.0 | opposite_score=30.0 | session=LONDON | RR=2.00,V50 realtime loss proxy,30.0,78.0,78.0,2.0,0.01,-4.29226760532697,-4.29226760532697,0.08,0.0,0.0,0.08,-4.37226760532697,1262.8999651187908,1258.5276975134639,1304.1477877462905,45.62009023282667,3.49807672577225,-4.37226760532697,1,1
proxy_hardened_no_worst_hours,proxy_hardened_no_worst_hours-000303,2023-07-25 22:30:00,2023-07-26 01:30:00,XAUUSD,15m,BUY,NEW YORK,1964.805,1962.681371519196,1969.0522569616082,V50 realtime loss proxy | variant=proxy_hardened_no_worst_hours | Side=BUY | score=80.0 | opposite_score=15.0 | session=NEW YORK | RR=2.00,V50 realtime loss proxy,80.0,15.0,80.0,2.000000000000107,0.01,-2.1236284808039727,-2.1236284808039727,0.08,0.0,0.0,0.08,-2.2036284808039728,1258.5276975134639,1256.32406903266,1304.1477877462905,47.82371871363057,3.6670474897845105,-2.2036284808039728,1,1
proxy_hardened_no_worst_hours,proxy_hardened_no_worst_hours-000304,2023-07-26 10:30:00,2023-07-26 13:15:00,XAUUSD,15m,BUY,LONDON,1970.415,1968.491346557754,1974.2623068844919,V50 realtime loss proxy | variant=proxy_hardened_no_worst_hours | Side=BUY | score=90.0 | opposite_score=4.0 | session=LONDON | RR=2.00,V50 realtime loss proxy,90.0,4.0,90.0,2.0,0.01,-1.92365344224595,-1.92365344224595,0.08,0.0,0.0,0.08,-2.00365344224595,1256.32406903266,1254.320415590414,1304.1477877462905,49.827372155876446,3.8206844825450017,-2.00365344224595,1,1
proxy_hardened_no_worst_hours,proxy_hardened_no_worst_hours-000305,2023-07-26 15:00:00,2023-07-26 18:00:00,XAUUSD,15m,BUY,LONDON,1970.805,1967.3781051159322,1977.6587897681359,V50 realtime loss proxy | variant=proxy_hardened_no_worst_hours | Side=BUY | score=76.0 | opposite_score=4.0 | session=LONDON | RR=2.00,V50 realtime loss proxy,76.0,4.0,76.0,2.0,0.01,-3.426894884067906,-3.426894884067906,0.08,0.0,0.0,0.08,-3.506894884067906,1254.320415590414,1250.8135207063463,1304.1477877462905,53.33426703994428,4.089587663382208,-5.510548326313856,2,2
proxy_hardened_no_worst_hours,proxy_hardened_no_worst_hours-000306,2023-07-28 18:00:00,2023-07-31 00:30:00,XAUUSD,15m,BUY,NEW YORK,1960.105,1956.938211933356,1966.4385761332883,V50 realtime loss proxy | variant=proxy_hardened_no_worst_hours | Side=BUY | score=83.0 | opposite_score=8.0 | session=NEW YORK | RR=2.00,V50 realtime loss proxy,83.0,8.0,83.0,2.0,0.01,-3.1667880666441306,-3.1667880666441306,0.08,0.0,0.0,0.08,-3.2467880666441307,1250.8135207063463,1247.5667326397022,1304.1477877462905,56.58105510658834,4.338546262794845,-3.2467880666441307,1,1
proxy_hardened_no_worst_hours,proxy_hardened_no_worst_hours-000307,2023-08-02 13:30:00,2023-08-02 14:15:00,XAUUSD,15m,SELL,LONDON,1946.525,1950.106831401969,1939.3613371960623,V50 realtime loss proxy | variant=proxy_hardened_no_worst_hours | Side=SELL | score=79.0 | opposite_score=4.0 | session=LONDON | RR=2.00,V50 realtime loss proxy,4.0,79.0,79.0,2.0,0.01,7.163662803937768,7.163662803937768,0.08,0.0,0.0,0.08,7.083662803937768,1247.5667326397022,1254.65039544364,1304.1477877462905,49.497392302650496,3.7953821466957653,7.083662803937768,1,0
proxy_hardened_no_worst_hours,proxy_hardened_no_worst_hours-000308,2023-08-04 10:00:00,2023-08-04 12:30:00,XAUUSD,15m,SELL,LONDON,1932.515,1934.5486047181482,1928.4477905637038,V50 realtime loss proxy | variant=proxy_hardened_no_worst_hours | Side=SELL | score=90.0 | opposite_score=4.0 | session=LONDON | RR=2.00,V50 realtime loss proxy,4.0,90.0,90.0,2.0,0.01,-2.0336047181481263,-2.0336047181481263,0.08,0.0,0.0,0.08,-2.1136047181481263,1254.65039544364,1252.536790725492,1304.1477877462905,51.61099702079855,3.9574500302598357,-2.1136047181481263,1,1
proxy_hardened_no_worst_hours,proxy_hardened_no_worst_hours-000309,2023-08-04 14:45:00,2023-08-07 09:45:00,XAUUSD,15m,BUY,LONDON,1938.945,1934.1562233882335,1948.522553223533,V50 realtime loss proxy | variant=proxy_hardened_no_worst_hours | Side=BUY | score=72.0 | opposite_score=30.0 | session=LONDON | RR=2.00,V50 realtime loss proxy,72.0,30.0,72.0,2.0,0.01,-4.78877661176648,-4.78877661176648,0.08,0.0,0.0,0.08,-4.86877661176648,1252.536790725492,1247.6680141137256,1304.1477877462905,56.47977363256496,4.330780158755486,-6.982381329914606,2,2
proxy_hardened_no_worst_hours,proxy_hardened_no_worst_hours-000310,2023-08-07 13:45:00,2023-08-07 14:30:00,XAUUSD,15m,SELL,LONDON,1933.595,1936.7960044279648,1927.1929911440704,V50 realtime loss proxy | variant=proxy_hardened_no_worst_hours | Side=SELL | score=76.0 | opposite_score=18.0 | session=LONDON | RR=2.00,V50 realtime loss proxy,18.0,76.0,76.0,2.0,0.01,-3.20100442796479,-3.20100442796479,0.08,0.0,0.0,0.08,-3.28100442796479,1247.6680141137256,1244.3870096857609,1304.1477877462905,59.760778060529674,4.582362414907195,-3.28100442796479,1,1
proxy_hardened_no_worst_hours,proxy_hardened_no_worst_hours-000311,2023-08-07 15:00:00,2023-08-07 19:15:00,XAUUSD,15m,SELL,LONDON,1934.175,1937.510222522744,1927.5045549545116,V50 realtime loss proxy | variant=proxy_hardened_no_worst_hours | Side=SELL | score=76.0 | opposite_score=4.0 | session=LONDON | RR=2.00,V50 realtime loss proxy,4.0,76.0,76.0,2.0000000000000684,0.01,-3.3352225227440613,-3.3352225227440613,0.08,0.0,0.0,0.08,-3.4152225227440614,1244.3870096857609,1240.9717871630169,1304.1477877462905,63.17600058327366,4.844236303344783,-6.696226950708851,2,2
proxy_hardened_no_worst_hours,proxy_hardened_no_worst_hours-000312,2023-08-08 10:15:00,2023-08-08 12:00:00,XAUUSD,15m,SELL,LONDON,1932.365,1934.8403541170794,1927.4142917658412,V50 realtime loss proxy | variant=proxy_hardened_no_worst_hours | Side=SELL | score=76.0 | opposite_score=4.0 | session=LONDON | RR=2.00,V50 realtime loss proxy,4.0,76.0,76.0,2.0,0.01,4.95070823415881,4.95070823415881,0.08,0.0,0.0,0.08,4.87070823415881,1240.9717871630169,1245.8424953971758,1304.1477877462905,58.30529234911478,4.470758061083911,4.87070823415881,1,0
proxy_hardened_no_worst_hours,proxy_hardened_no_worst_hours-000313,2023-08-08 13:30:00,2023-08-08 14:30:00,XAUUSD,15m,SELL,LONDON,1926.565,1930.8412245670318,1918.0125508659366,V50 realtime loss proxy | variant=proxy_hardened_no_worst_hours | Side=SELL | score=96.0 | opposite_score=11.0 | session=LONDON | RR=2.00,V50 realtime loss proxy,11.0,96.0,96.0,2.0,0.01,-4.276224567031704,-4.276224567031704,0.08,0.0,0.0,0.08,-4.356224567031704,1245.8424953971758,1241.4862708301441,1304.1477877462905,62.66151691614641,4.804786505403068,0.5144836671271058,2,1
proxy_hardened_no_worst_hours,proxy_hardened_no_worst_hours-000314,2023-08-09 13:15:00,2023-08-09 14:00:00,XAUUSD,15m,SELL,LONDON,1924.835,1927.3406340750694,1919.8237318498614,V50 realtime loss proxy | variant=proxy_hardened_no_worst_hours | Side=SELL | score=96.0 | opposite_score=4.0 | session=LONDON | RR=2.00,V50 realtime loss proxy,4.0,96.0,96.0,2.0,0.01,-2.505634075069338,-2.505634075069338,0.08,0.0,0.0,0.08,-2.585634075069338,1241.4862708301441,1238.9006367550749,1304.1477877462905,65.24715099121568,5.00304885721348,-2.585634075069338,1,1
proxy_hardened_no_worst_hours,proxy_hardened_no_worst_hours-000315,2023-08-10 15:15:00,2023-08-10 16:00:00,XAUUSD,15m,SELL,LONDON,1916.315,1920.7061389124767,1907.5327221750467,V50 realtime loss proxy | variant=proxy_hardened_no_worst_hours | Side=SELL | score=96.0 | opposite_score=4.0 | session=LONDON | RR=2.00,V50 realtime loss proxy,4.0,96.0,96.0,2.0,0.01,-4.391138912476663,-4.391138912476663,0.08,0.0,0.0,0.08,-4.471138912476663,1238.9006367550749,1234.4294978425983,1304.1477877462905,69.71828990369227,5.345888752698271,-4.471138912476663,1,1
proxy_hardened_no_worst_hours,proxy_hardened_no_worst_hours-000316,2023-08-15 10:00:00,2023-08-15 12:30:00,XAUUSD,15m,SELL,LONDON,1904.025,1905.917322793345,1900.2403544133103,V50 realtime loss proxy | variant=proxy_hardened_no_worst_hours | Side=SELL | score=96.0 | opposite_score=4.0 | session=LONDON | RR=2.00,V50 realtime loss proxy,4.0,96.0,96.0,2.0,0.01,3.7846455866897486,3.7846455866897486,0.08,0.0,0.0,0.08,3.7046455866897485,1234.4294978425983,1238.134143429288,1304.1477877462905,66.01364431700244,5.061822359188387,3.7046455866897485,1,0
proxy_hardened_no_worst_hours,proxy_hardened_no_worst_hours-000317,2023-08-15 13:30:00,2023-08-15 14:15:00,XAUUSD,15m,SELL,LONDON,1902.735,1906.6195658161348,1894.96586836773,V50 realtime loss proxy | variant=proxy_hardened_no_worst_hours | Side=SELL | score=96.0 | opposite_score=4.0 | session=LONDON | RR=2.00,V50 realtime loss proxy,4.0,96.0,96.0,2.0,0.01,-3.8845658161349093,-3.8845658161349093,0.08,0.0,0.0,0.08,-3.9645658161349093,1238.134143429288,1234.1695776131533,1304.1477877462905,69.97821013313728,5.365819026850266,-0.2599202294451608,2,1
proxy_hardened_no_worst_hours,proxy_hardened_no_worst_hours-000318,2023-08-21 15:00:00,2023-08-21 16:45:00,XAUUSD,15m,SELL,LONDON,1888.255,1891.7946311386331,1881.175737722734,V50 realtime loss proxy | variant=proxy_hardened_no_worst_hours | Side=SELL | score=76.0 | opposite_score=4.0 | session=LONDON | RR=2.00,V50 realtime loss proxy,4.0,76.0,76.0,2.0,0.01,-3.5396311386330126,-3.5396311386330126,0.08,0.0,0.0,0.08,-3.6196311386330127,1234.1695776131533,1230.5499464745203,1304.1477877462905,73.59784127177022,5.6433666462721455,-3.6196311386330127,1,1
proxy_hardened_no_worst_hours,proxy_hardened_no_worst_hours-000319,2023-08-22 14:45:00,2023-08-22 15:45:00,XAUUSD,15m,SELL,LONDON,1895.065,1898.6731413217667,1887.8487173564665,V50 realtime loss proxy | variant=proxy_hardened_no_worst_hours | Side=SELL | score=91.0 | opposite_score=8.0 | session=LONDON | RR=2.00,V50 realtime loss proxy,8.0,91.0,91.0,2.000000000000063,0.01,-3.6081413217666523,-3.6081413217666523,0.08,0.0,0.0,0.08,-3.6881413217666523,1230.5499464745203,1226.8618051527537,1304.1477877462905,77.2859825935368,5.92616751872082,-3.6881413217666523,1,1
proxy_hardened_no_worst_hours,proxy_hardened_no_worst_hours-000320,2023-08-23 10:45:00,2023-08-23 12:30:00,XAUUSD,15m,BUY,LONDON,1903.128,1900.8933023617772,1907.5973952764455,V50 realtime loss proxy | variant=proxy_hardened_no_worst_hours | Side=BUY | score=79.0 | opposite_score=26.0 | session=LONDON | RR=2.00,V50 realtime loss proxy,79.0,26.0,79.0,2.0,0.01,4.469395276445539,4.469395276445539,0.08,0.0,0.0,0.08,4.389395276445539,1226.8618051527537,1231.2512004291993,1304.1477877462905,72.89658731709119,5.589595596605231,4.389395276445539,1,0
proxy_hardened_no_worst_hours,proxy_hardened_no_worst_hours-000321,2023-08-23 13:00:00,2023-08-23 13:45:00,XAUUSD,15m,BUY,LONDON,1906.005,1902.9020352935647,1912.2109294128709,V50 realtime loss proxy | variant=proxy_hardened_no_worst_hours | Side=BUY | score=79.0 | opposite_score=4.0 | session=LONDON | RR=2.00,V50 realtime loss proxy,79.0,4.0,79.0,2.0,0.01,6.205929412870773,6.205929412870773,0.08,0.0,0.0,0.08,6.125929412870773,1231.2512004291993,1237.3771298420702,1304.1477877462905,66.77065790422034,5.1198689697282935,10.515324689316312,2,0
proxy_hardened_no_worst_hours,proxy_hardened_no_worst_hours-000322,2023-08-25 14:00:00,2023-08-25 14:15:00,XAUUSD,15m,BUY,LONDON,1920.115,1916.6385383756774,1927.0679232486455,V50 realtime loss proxy | variant=proxy_hardened_no_worst_hours | Side=BUY | score=76.0 | opposite_score=8.0 | session=LONDON | RR=2.00,V50 realtime loss proxy,76.0,8.0,76.0,2.0000000000000653,0.01,-3.47646162432261,-3.47646162432261,0.08,0.0,0.0,0.08,-3.55646162432261,1237.3771298420702,1233.8206682177477,1304.1477877462905,70.32711952854288,5.392572850204025,-3.55646162432261,1,1
proxy_hardened_no_worst_hours,proxy_hardened_no_worst_hours-000323,2023-08-30 10:00:00,2023-08-30 12:15:00,XAUUSD,15m,BUY,LONDON,1937.405,1935.764459199485,1940.68608160103,V50 realtime loss proxy | variant=proxy_hardened_no_worst_hours | Side=BUY | score=85.0 | opposite_score=4.0 | session=LONDON | RR=2.00,V50 realtime loss proxy,85.0,4.0,85.0,2.0,0.01,3.2810816010301096,3.2810816010301096,0.08,0.0,0.0,0.08,3.2010816010301095,1233.8206682177477,1237.0217498187778,1304.1477877462905,67.1260379275127,5.147118950645448,3.2010816010301095,1,0
proxy_hardened_no_worst_hours,proxy_hardened_no_worst_hours-000324,2023-08-30 18:00:00,2023-08-30 20:45:00,XAUUSD,15m,BUY,NEW YORK,1944.205,1941.923037821807,1948.7689243563862,V50 realtime loss proxy | variant=proxy_hardened_no_worst_hours | Side=BUY | score=89.0 | opposite_score=8.0 | session=NEW YORK | RR=2.00,V50 realtime loss proxy,89.0,8.0,89.0,2.0000000000000995,0.01,-2.281962178192998,-2.281962178192998,0.08,0.0,0.0,0.08,-2.3619621781929983,1237.0217498187778,1234.659787640585,1304.1477877462905,69.48800010570562,5.32823049340048,0.8391194228371113,2,1
proxy_hardened_no_worst_hours,proxy_hardened_no_worst_hours-000325,2023-09-05 13:00:00,2023-09-05 13:15:00,XAUUSD,15m,SELL,LONDON,1930.175,1933.1150122718648,1924.29497545627,V50 realtime loss proxy | variant=proxy_hardened_no_worst_hours | Side=SELL | score=85.0 | opposite_score=26.0 | session=LONDON | RR=2.00,V50 realtime loss proxy,26.0,85.0,85.0,2.0000000000000773,0.01,-2.9400122718648163,-2.9400122718648163,0.08,0.0,0.0,0.08,-3.0200122718648164,1234.659787640585,1231.6397753687202,1304.1477877462905,72.50801237757037,5.5598002817512056,-3.0200122718648164,1,1
proxy_hardened_no_worst_hours,proxy_hardened_no_worst_hours-000326,2023-09-05 15:00:00,2023-09-06 13:00:00,XAUUSD,15m,SELL,LONDON,1928.715,1932.3179877864438,1921.509024427112,V50 realtime loss proxy | variant=proxy_hardened_no_worst_hours | Side=SELL | score=85.0 | opposite_score=26.0 | session=LONDON | RR=2.00,V50 realtime loss proxy,26.0,85.0,85.0,2.0,0.01,7.205975572887837,7.205975572887837,0.08,0.0,0.0,0.08,7.125975572887837,1231.6397753687202,1238.765750941608,1304.1477877462905,65.38203680468246,5.0133916891175145,4.105963301023021,2,0
proxy_hardened_no_worst_hours,proxy_hardened_no_worst_hours-000327,2023-09-08 13:15:00,2023-09-08 13:30:00,XAUUSD,15m,SELL,LONDON,1922.065,1924.3616487655077,1917.4717024689849,V50 realtime loss proxy | variant=proxy_hardened_no_worst_hours | Side=SELL | score=96.0 | opposite_score=11.0 | session=LONDON | RR=2.00,V50 realtime loss proxy,11.0,96.0,96.0,2.0,0.01,-2.296648765507598,-2.296648765507598,0.08,0.0,0.0,0.08,-2.376648765507598,1238.765750941608,1236.3891021761006,1304.1477877462905,67.75868557018998,5.195629376275244,-2.376648765507598,1,1
proxy_hardened_no_worst_hours,proxy_hardened_no_worst_hours-000328,2023-09-11 15:30:00,2023-09-12 10:30:00,XAUUSD,15m,SELL,LONDON,1923.255,1926.0241681608102,1917.71666367838,V50 realtime loss proxy | variant=proxy_hardened_no_worst_hours | Side=SELL | score=76.0 | opposite_score=15.0 | session=LONDON | RR=2.00,V50 realtime loss proxy,15.0,76.0,76.0,2.0,0.01,5.538336321620136,5.538336321620136,0.08,0.0,0.0,0.08,5.458336321620136,1236.3891021761006,1241.8474384977208,1304.1477877462905,62.30034924856977,4.777092737030331,5.458336321620136,1,0
proxy_hardened_no_worst_hours,proxy_hardened_no_worst_hours-000329,2023-09-12 14:45:00,2023-09-13 13:30:00,XAUUSD,15m,SELL,LONDON,1911.825,1915.0209666193991,1905.4330667612019,V50 realtime loss proxy | variant=proxy_hardened_no_worst_hours | Side=SELL | score=100.0 | opposite_score=8.0 | session=LONDON | RR=2.00,V50 realtime loss proxy,8.0,100.0,100.0,2.0,0.01,-3.195966619399087,-3.195966619399087,0.08,0.0,0.0,0.08,-3.275966619399087,1241.8474384977208,1238.5714718783217,1304.1477877462905,65.57631586796879,5.028288701949324,-3.275966619399087,1,1
proxy_hardened_no_worst_hours,proxy_hardened_no_worst_hours-000330,2023-09-13 14:00:00,2023-09-14 12:30:00,XAUUSD,15m,SELL,LONDON,1911.165,1914.903668026959,1903.687663946082,V50 realtime loss proxy | variant=proxy_hardened_no_worst_hours | Side=SELL | score=79.0 | opposite_score=8.0 | session=LONDON | RR=2.00,V50 realtime loss proxy,8.0,79.0,79.0,2.0,0.01,7.477336053917952,7.477336053917952,0.08,0.0,0.0,0.08,7.397336053917952,1238.5714718783217,1245.9688079322398,1304.1477877462905,58.17897981405076,4.461072614675856,7.397336053917952,1,0
proxy_hardened_no_worst_hours,proxy_hardened_no_worst_hours-000331,2023-09-14 13:15:00,2023-09-14 13:30:00,XAUUSD,15m,SELL,LONDON,1902.335,1905.5801575174814,1895.844684965037,V50 realtime loss proxy | variant=proxy_hardened_no_worst_hours | Side=SELL | score=96.0 | opposite_score=4.0 | session=LONDON | RR=2.00,V50 realtime loss proxy,4.0,96.0,96.0,2.00000000000007,0.01,-3.2451575174814025,-3.2451575174814025,0.08,0.0,0.0,0.08,-3.3251575174814025,1245.9688079322398,1242.6436504147584,1304.1477877462905,61.50413733153209,4.716040460247066,-3.3251575174814025,1,1
proxy_hardened_no_worst_hours,proxy_hardened_no_worst_hours-000332,2023-09-14 15:30:00,2023-09-14 16:00:00,XAUUSD,15m,SELL,LONDON,1906.215,1910.385010783025,1897.8749784339493,V50 realtime loss proxy | variant=proxy_hardened_no_worst_hours | Side=SELL | score=76.0 | opposite_score=4.0 | session=LONDON | RR=2.00,V50 realtime loss proxy,4.0,76.0,76.0,2.0000000000000546,0.01,-4.170010783025191,-4.170010783025191,0.08,0.0,0.0,0.08,-4.250010783025191,1242.6436504147584,1238.3936396317333,1304.1477877462905,65.75414811455721,5.041924598759436,-7.5751683005065935,2,2
proxy_hardened_no_worst_hours,proxy_hardened_no_worst_hours-000333,2023-09-19 14:30:00,2023-09-19 15:30:00,XAUUSD,15m,BUY,LONDON,1934.875,1932.2083432395748,1940.2083135208504,V50 realtime loss proxy | variant=proxy_hardened_no_worst_hours | Side=BUY | score=76.0 | opposite_score=8.0 | session=LONDON | RR=2.00,V50 realtime loss proxy,76.0,8.0,76.0,2.0,0.01,-2.6666567604252123,-2.6666567604252123,0.08,0.0,0.0,0.08,-2.7466567604252123,1238.3936396317333,1235.6469828713082,1304.1477877462905,68.50080487498235,5.2525339166782015,-2.7466567604252123,1,1
proxy_hardened_no_worst_hours,proxy_hardened_no_worst_hours-000334,2023-09-22 14:00:00,2023-09-22 17:00:00,XAUUSD,15m,BUY,LONDON,1926.965,1924.5840171709576,1931.7269656580845,V50 realtime loss proxy | variant=proxy_hardened_no_worst_hours | Side=BUY | score=72.0 | opposite_score=19.0 | session=LONDON | RR=2.00,V50 realtime loss proxy,72.0,19.0,72.0,2.0,0.01,-2.3809828290422956,-2.3809828290422956,0.08,0.0,0.0,0.08,-2.4609828290422957,1235.6469828713082,1233.186000042266,1304.1477877462905,70.96178770402457,5.4412382071095085,-2.4609828290422957,1,1
proxy_hardened_no_worst_hours,proxy_hardened_no_worst_hours-000335,2023-09-26 10:30:00,2023-09-26 12:30:00,XAUUSD,15m,SELL,LONDON,1912.415,1914.2002355401034,1908.8445289197928,V50 realtime loss proxy | variant=proxy_hardened_no_worst_hours | Side=SELL | score=96.0 | opposite_score=4.0 | session=LONDON | RR=2.00,V50 realtime loss proxy,4.0,96.0,96.0,2.0000000000001275,0.01,3.5704710802071986,3.5704710802071986,0.08,0.0,0.0,0.08,3.4904710802071985,1233.186000042266,1236.6764711224732,1304.1477877462905,67.4713166238173,5.173594377705849,3.4904710802071985,1,0
proxy_hardened_no_worst_hours,proxy_hardened_no_worst_hours-000336,2023-10-02 14:00:00,2023-10-02 15:15:00,XAUUSD,15m,SELL,LONDON,1828.148,1832.835991378211,1818.7720172435777,V50 realtime loss proxy | variant=proxy_hardened_no_worst_hours | Side=SELL | score=100.0 | opposite_score=8.0 | session=LONDON | RR=2.00,V50 realtime loss proxy,8.0,100.0,100.0,2.0,0.01,-4.687991378211109,-4.687991378211109,0.08,0.0,0.0,0.08,-4.767991378211109,1236.6764711224732,1231.9084797442622,1304.1477877462905,72.23930800202834,5.539196453100283,-4.767991378211109,1,1
proxy_hardened_no_worst_hours,proxy_hardened_no_worst_hours-000337,2023-10-02 15:30:00,2023-10-02 23:00:00,XAUUSD,15m,SELL,LONDON,1833.005,1837.9011649058816,1823.2126701882369,V50 realtime loss proxy | variant=proxy_hardened_no_worst_hours | Side=SELL | score=96.0 | opposite_score=4.0 | session=LONDON | RR=2.00,V50 realtime loss proxy,4.0,96.0,96.0,2.0000000000000466,0.01,9.792329811763238,9.792329811763238,0.08,0.0,0.0,0.08,9.712329811763238,1231.9084797442622,1241.6208095560255,1304.1477877462905,62.52697819026503,4.794470287628863,4.944338433552129,2,0
proxy_hardened_no_worst_hours,proxy_hardened_no_worst_hours-000338,2023-10-04 14:00:00,2023-10-04 15:15:00,XAUUSD,15m,SELL,LONDON,1820.595,1824.7151366204755,1812.3547267590488,V50 realtime loss proxy | variant=proxy_hardened_no_worst_hours | Side=SELL | score=79.0 | opposite_score=15.0 | session=LONDON | RR=2.00,V50 realtime loss proxy,15.0,79.0,79.0,2.000000000000055,0.01,-4.120136620475478,-4.120136620475478,0.08,0.0,0.0,0.08,-4.200136620475478,1241.6208095560255,1237.42067293555,1304.1477877462905,66.72711481074043,5.116530153844923,-4.200136620475478,1,1
proxy_hardened_no_worst_hours,proxy_hardened_no_worst_hours-000339,2023-10-05 10:00:00,2023-10-05 12:30:00,XAUUSD,15m,SELL,LONDON,1822.165,1824.2650174755538,1817.9649650488923,V50 realtime loss proxy | variant=proxy_hardened_no_worst_hours | Side=SELL | score=76.0 | opposite_score=4.0 | session=LONDON | RR=2.00,V50 realtime loss proxy,4.0,76.0,76.0,2.0,0.01,4.200034951107682,4.200034951107682,0.08,0.0,0.0,0.08,4.120034951107682,1237.42067293555,1241.5407078866579,1304.1477877462905,62.60707985963268,4.800612357578318,4.120034951107682,1,0
proxy_hardened_no_worst_hours,proxy_hardened_no_worst_hours-000340,2023-10-05 13:15:00,2023-10-05 23:00:00,XAUUSD,15m,SELL,LONDON,1819.005,1822.461527096447,1812.091945807106,V50 realtime loss proxy | variant=proxy_hardened_no_worst_hours | Side=SELL | score=76.0 | opposite_score=4.0 | session=LONDON | RR=2.00,V50 realtime loss proxy,4.0,76.0,76.0,2.0000000000000657,0.01,-3.456527096446962,-3.456527096446962,0.08,0.0,0.0,0.08,-3.536527096446962,1241.5407078866579,1238.004180790211,1304.1477877462905,66.14360695607957,5.071787689827924,0.58350785466072,2,1
proxy_hardened_no_worst_hours,proxy_hardened_no_worst_hours-000341,2023-10-06 13:00:00,2023-10-06 13:15:00,XAUUSD,15m,SELL,LONDON,1818.498,1822.2857375755484,1810.9225248489033,V50 realtime loss proxy | variant=proxy_hardened_no_worst_hours | Side=SELL | score=76.0 | opposite_score=4.0 | session=LONDON | RR=2.00,V50 realtime loss proxy,4.0,76.0,76.0,2.0,0.01,-3.7877375755483627,-3.7877375755483627,0.08,0.0,0.0,0.08,-3.8677375755483627,1238.004180790211,1234.1364432146627,1304.1477877462905,70.01134453162786,5.368359720382234,-3.8677375755483627,1,1
proxy_hardened_no_worst_hours,proxy_hardened_no_worst_hours-000342,2023-10-09 14:15:00,2023-10-09 18:45:00,XAUUSD,15m,BUY,LONDON,1850.465,1847.022536001629,1857.3499279967418,V50 realtime loss proxy | variant=proxy_hardened_no_worst_hours | Side=BUY | score=89.0 | opposite_score=8.0 | session=LONDON | RR=2.00,V50 realtime loss proxy,89.0,8.0,89.0,2.000000000000066,0.01,6.884927996741908,6.884927996741908,0.08,0.0,0.0,0.08,6.804927996741908,1234.1364432146627,1240.9413712114047,1304.1477877462905,63.206416534885875,4.846568550648193,6.804927996741908,1,0
proxy_hardened_no_worst_hours,proxy_hardened_no_worst_hours-000343,2023-10-11 18:45:00,2023-10-12 01:30:00,XAUUSD,15m,BUY,NEW YORK,1872.375,1869.2280752719907,1878.6688494560187,V50 realtime loss proxy | variant=proxy_hardened_no_worst_hours | Side=BUY | score=89.0 | opposite_score=8.0 | session=NEW YORK | RR=2.00,V50 realtime loss proxy,89.0,8.0,89.0,2.0000000000000724,0.01,6.293849456018734,6.293849456018734,0.08,0.0,0.0,0.08,6.213849456018734,1240.9413712114047,1247.1552206674235,1304.1477877462905,56.99256707886707,4.370100353224264,6.213849456018734,1,0
proxy_hardened_no_worst_hours,proxy_hardened_no_worst_hours-000344,2023-10-16 13:00:00,2023-10-16 13:30:00,XAUUSD,15m,BUY,LONDON,1918.465,1914.570411844559,1926.254176310882,V50 realtime loss proxy | variant=proxy_hardened_no_worst_hours | Side=BUY | score=85.0 | opposite_score=4.0 | session=LONDON | RR=2.00,V50 realtime loss proxy,85.0,4.0,85.0,2.000000000000058,0.01,-3.8945881554409425,-3.8945881554409425,0.08,0.0,0.0,0.08,-3.9745881554409426,1247.1552206674235,1243.1806325119826,1304.1477877462905,60.96715523430794,4.674865518091767,-3.9745881554409426,1,1
proxy_hardened_no_worst_hours,proxy_hardened_no_worst_hours-000345,2023-10-16 13:45:00,2023-10-17 01:30:00,XAUUSD,15m,BUY,LONDON,1917.865,1913.7055166991604,1926.1839666016792,V50 realtime loss proxy | variant=proxy_hardened_no_worst_hours | Side=BUY | score=85.0 | opposite_score=4.0 | session=LONDON | RR=2.00,V50 realtime loss proxy,85.0,4.0,85.0,2.0,0.01,-4.159483300839611,-4.159483300839611,0.08,0.0,0.0,0.08,-4.239483300839611,1243.1806325119826,1238.941149211143,1304.1477877462905,65.20663853514748,4.999942425837462,-8.214071456280553,2,2
proxy_hardened_no_worst_hours,proxy_hardened_no_worst_hours-000346,2023-10-17 13:00:00,2023-10-17 18:00:00,XAUUSD,15m,BUY,LONDON,1923.504,1919.4783071265265,1931.5553857469467,V50 realtime loss proxy | variant=proxy_hardened_no_worst_hours | Side=BUY | score=85.0 | opposite_score=4.0 | session=LONDON | RR=2.00,V50 realtime loss proxy,85.0,4.0,85.0,2.0,0.01,-4.025692873473417,-4.025692873473417,0.08,0.0,0.0,0.08,-4.1056928734734175,1238.941149211143,1234.8354563376697,1304.1477877462905,69.31233140862082,5.314760494161485,-4.1056928734734175,1,1
proxy_hardened_no_worst_hours,proxy_hardened_no_worst_hours-000347,2023-10-18 18:00:00,2023-10-19 03:45:00,XAUUSD,15m,BUY,NEW YORK,1950.145,1945.1807091092362,1960.0735817815275,V50 realtime loss proxy | variant=proxy_hardened_no_worst_hours | Side=BUY | score=100.0 | opposite_score=8.0 | session=NEW YORK | RR=2.00,V50 realtime loss proxy,100.0,8.0,100.0,2.0,0.01,-4.9642908907637775,-4.9642908907637775,0.08,0.0,0.0,0.08,-5.044290890763778,1234.8354563376697,1229.791165446906,1304.1477877462905,74.35662229938453,5.7015487813601915,-5.044290890763778,1,1
proxy_hardened_no_worst_hours,proxy_hardened_no_worst_hours-000348,2023-10-19 10:30:00,2023-10-19 12:30:00,XAUUSD,15m,BUY,LONDON,1950.885,1947.8232596103053,1957.0084807793894,V50 realtime loss proxy | variant=proxy_hardened_no_worst_hours | Side=BUY | score=96.0 | opposite_score=4.0 | session=LONDON | RR=2.00,V50 realtime loss proxy,96.0,4.0,96.0,2.0,0.01,6.123480779389411,6.123480779389411,0.08,0.0,0.0,0.08,6.0434807793894105,1229.791165446906,1235.8346462262955,1304.1477877462905,68.31314151999504,5.238144185947483,6.0434807793894105,1,0
proxy_hardened_no_worst_hours,proxy_hardened_no_worst_hours-000349,2023-10-19 13:00:00,2023-10-19 15:30:00,XAUUSD,15m,BUY,LONDON,1951.605,1947.9896066166825,1958.8357867666352,V50 realtime loss proxy | variant=proxy_hardened_no_worst_hours | Side=BUY | score=96.0 | opposite_score=4.0 | session=LONDON | RR=2.00,V50 realtime loss proxy,96.0,4.0,96.0,2.000000000000063,0.01,7.2307867666352195,7.2307867666352195,0.08,0.0,0.0,0.08,7.150786766635219,1235.8346462262955,1242.9854329929308,1304.1477877462905,61.16235475335975,4.689833110023133,13.19426754602463,2,0
proxy_hardened_no_worst_hours,proxy_hardened_no_worst_hours-000350,2023-10-20 13:45:00,2023-10-20 15:15:00,XAUUSD,15m,BUY,LONDON,1987.005,1982.2319880178165,1996.5510239643672,V50 realtime loss proxy | variant=proxy_hardened_no_worst_hours | Side=BUY | score=100.0 | opposite_score=4.0 | session=LONDON | RR=2.00,V50 realtime loss proxy,100.0,4.0,100.0,2.0,0.01,9.546023964367123,9.546023964367123,0.08,0.0,0.0,0.08,9.466023964367123,1242.9854329929308,1252.451456957298,1304.1477877462905,51.696330788992555,3.963993289313433,9.466023964367123,1,0
proxy_hardened_no_worst_hours,proxy_hardened_no_worst_hours-000351,2023-10-23 13:00:00,2023-10-23 13:30:00,XAUUSD,15m,BUY,LONDON,1978.114,1974.0323854217131,1986.2772291565739,V50 realtime loss proxy | variant=proxy_hardened_no_worst_hours | Side=BUY | score=76.0 | opposite_score=4.0 | session=LONDON | RR=2.00,V50 realtime loss proxy,76.0,4.0,76.0,2.0,0.01,-4.081614578286917,-4.081614578286917,0.08,0.0,0.0,0.08,-4.161614578286917,1252.451456957298,1248.2898423790111,1304.1477877462905,55.8579453672794,4.28309934595741,-4.161614578286917,1,1
proxy_hardened_no_worst_hours,proxy_hardened_no_worst_hours-000352,2023-10-24 18:30:00,2023-10-25 07:15:00,XAUUSD,15m,BUY,NEW YORK,1972.185,1968.2547840906443,1980.0454318187112,V50 realtime loss proxy | variant=proxy_hardened_no_worst_hours | Side=BUY | score=80.0 | opposite_score=8.0 | session=NEW YORK | RR=2.00,V50 realtime loss proxy,80.0,8.0,80.0,2.0,0.01,-3.9302159093556384,-3.9302159093556384,0.08,0.0,0.0,0.08,-4.010215909355638,1248.2898423790111,1244.2796264696556,1304.1477877462905,59.868161276634964,4.590596390926957,-4.010215909355638,1,1
proxy_hardened_no_worst_hours,proxy_hardened_no_worst_hours-000353,2023-10-25 14:00:00,2023-10-25 15:00:00,XAUUSD,15m,BUY,LONDON,1976.615,1971.482366402724,1986.880267194552,V50 realtime loss proxy | variant=proxy_hardened_no_worst_hours | Side=BUY | score=80.0 | opposite_score=8.0 | session=LONDON | RR=2.00,V50 realtime loss proxy,80.0,8.0,80.0,2.0,0.01,-5.132633597276026,-5.132633597276026,0.08,0.0,0.0,0.08,-5.212633597276026,1244.2796264696556,1239.0669928723796,1304.1477877462905,65.08079487391092,4.99029293193662,-5.212633597276026,1,1
proxy_hardened_no_worst_hours,proxy_hardened_no_worst_hours-000354,2023-10-26 18:00:00,2023-10-27 10:45:00,XAUUSD,15m,BUY,NEW YORK,1985.095,1980.6668486967856,1993.951302606429,V50 realtime loss proxy | variant=proxy_hardened_no_worst_hours | Side=BUY | score=73.0 | opposite_score=8.0 | session=NEW YORK | RR=2.00,V50 realtime loss proxy,73.0,8.0,73.0,2.0,0.01,-4.428151303214463,-4.428151303214463,0.08,0.0,0.0,0.08,-4.508151303214463,1239.0669928723796,1234.5588415691652,1304.1477877462905,69.58894617712531,5.335970879296018,-4.508151303214463,1,1
proxy_hardened_no_worst_hours,proxy_hardened_no_worst_hours-000355,2023-10-30 14:00:00,2023-10-30 14:30:00,XAUUSD,15m,BUY,LONDON,2000.408,1996.2551466598354,2008.7137066803289,V50 realtime loss proxy | variant=proxy_hardened_no_worst_hours | Side=BUY | score=94.0 | opposite_score=8.0 | session=LONDON | RR=2.00,V50 realtime loss proxy,94.0,8.0,94.0,2.0,0.01,-4.152853340164484,-4.152853340164484,0.08,0.0,0.0,0.08,-4.232853340164484,1234.5588415691652,1230.3259882290008,1304.1477877462905,73.82179951728972,5.660539412090851,-4.232853340164484,1,1
proxy_hardened_no_worst_hours,proxy_hardened_no_worst_hours-000356,2023-11-01 14:45:00,2023-11-01 15:15:00,XAUUSD,15m,BUY,LONDON,1986.465,1982.3244178849807,1994.7461642300386,V50 realtime loss proxy | variant=proxy_hardened_no_worst_hours | Side=BUY | score=91.0 | opposite_score=8.0 | session=LONDON | RR=2.00,V50 realtime loss proxy,91.0,8.0,91.0,2.000000000000055,0.01,-4.140582115019242,-4.140582115019242,0.08,0.0,0.0,0.08,-4.220582115019242,1230.3259882290008,1226.1054061139816,1304.1477877462905,78.04238163230889,5.984167006653029,-4.220582115019242,1,1
proxy_hardened_no_worst_hours,proxy_hardened_no_worst_hours-000357,2023-11-02 10:00:00,2023-11-02 13:30:00,XAUUSD,15m,BUY,LONDON,1987.025,1984.674294355291,1991.7264112894184,V50 realtime loss proxy | variant=proxy_hardened_no_worst_hours | Side=BUY | score=90.0 | opposite_score=4.0 | session=LONDON | RR=2.00,V50 realtime loss proxy,90.0,4.0,90.0,2.000000000000097,0.01,-2.3507056447090235,-2.3507056447090235,0.08,0.0,0.0,0.08,-2.4307056447090236,1226.1054061139816,1223.6747004692727,1304.1477877462905,80.47308727701784,6.170549690237492,-2.4307056447090236,1,1
proxy_hardened_no_worst_hours,proxy_hardened_no_worst_hours-000358,2023-11-03 10:15:00,2023-11-03 12:15:00,XAUUSD,15m,BUY,LONDON,1987.885,1985.756744322231,1992.141511355538,V50 realtime loss proxy | variant=proxy_hardened_no_worst_hours | Side=BUY | score=76.0 | opposite_score=4.0 | session=LONDON | RR=2.00,V50 realtime loss proxy,76.0,4.0,76.0,2.0,0.01,-2.128255677768948,-2.128255677768948,0.08,0.0,0.0,0.08,-2.208255677768948,1223.6747004692727,1221.4664447915038,1304.1477877462905,82.68134295478671,6.3398752604311115,-2.208255677768948,1,1
proxy_hardened_no_worst_hours,proxy_hardened_no_worst_hours-000359,2023-11-03 13:45:00,2023-11-05 23:30:00,XAUUSD,15m,BUY,LONDON,1995.225,1988.4932614644877,2008.6884770710246,V50 realtime loss proxy | variant=proxy_hardened_no_worst_hours | Side=BUY | score=76.0 | opposite_score=4.0 | session=LONDON | RR=2.00,V50 realtime loss proxy,76.0,4.0,76.0,2.0000000000000338,0.01,-6.73173853551225,-6.73173853551225,0.08,0.0,0.0,0.08,-6.81173853551225,1221.4664447915038,1214.6547062559916,1304.1477877462905,89.49308149029889,6.8621886515601656,-9.019994213281198,2,2
proxy_hardened_no_worst_hours,proxy_hardened_no_worst_hours-000360,2023-11-07 14:30:00,2023-11-07 18:15:00,XAUUSD,15m,SELL,LONDON,1963.105,1966.9047686622878,1955.5054626754243,V50 realtime loss proxy | variant=proxy_hardened_no_worst_hours | Side=SELL | score=89.0 | opposite_score=8.0 | session=LONDON | RR=2.00,V50 realtime loss proxy,8.0,89.0,89.0,2.00000000000006,0.01,-3.799768662287761,-3.799768662287761,0.08,0.0,0.0,0.08,-3.879768662287761,1214.6547062559916,1210.774937593704,1304.1477877462905,93.37285015258658,7.1596832069120815,-3.879768662287761,1,1
proxy_hardened_no_worst_hours,proxy_hardened_no_worst_hours-000361,2023-11-08 14:30:00,2023-11-08 15:15:00,XAUUSD,15m,SELL,LONDON,1961.995,1965.038814866382,1955.9073702672358,V50 realtime loss proxy | variant=proxy_hardened_no_worst_hours | Side=SELL | score=89.0 | opposite_score=8.0 | session=LONDON | RR=2.00,V50 realtime loss proxy,8.0,89.0,89.0,2.0,0.01,6.087629732764071,6.087629732764071,0.08,0.0,0.0,0.08,6.007629732764071,1210.774937593704,1216.782567326468,1304.1477877462905,87.36522041982244,6.699027613335069,6.007629732764071,1,0
proxy_hardened_no_worst_hours,proxy_hardened_no_worst_hours-000362,2023-11-09 10:45:00,2023-11-09 13:45:00,XAUUSD,15m,SELL,LONDON,1946.908,1949.30051303565,1942.1229739286994,V50 realtime loss proxy | variant=proxy_hardened_no_worst_hours | Side=SELL | score=85.0 | opposite_score=4.0 | session=LONDON | RR=2.00,V50 realtime loss proxy,4.0,85.0,85.0,2.000000000000095,0.01,-2.392513035650154,-2.392513035650154,0.08,0.0,0.0,0.08,-2.472513035650154,1216.782567326468,1214.310054290818,1304.1477877462905,89.83773345547252,6.888616021863742,-2.472513035650154,1,1
proxy_hardened_no_worst_hours,proxy_hardened_no_worst_hours-000363,2023-11-10 10:45:00,2023-11-10 11:15:00,XAUUSD,15m,SELL,LONDON,1953.918,1956.2140187672883,1949.325962465423,V50 realtime loss proxy | variant=proxy_hardened_no_worst_hours | Side=SELL | score=85.0 | opposite_score=4.0 | session=LONDON | RR=2.00,V50 realtime loss proxy,4.0,85.0,85.0,2.000000000000099,0.01,4.592037534577003,4.592037534577003,0.08,0.0,0.0,0.08,4.5120375345770025,1214.310054290818,1218.822091825395,1304.1477877462905,85.32569592089544,6.542640084399295,4.5120375345770025,1,0
proxy_hardened_no_worst_hours,proxy_hardened_no_worst_hours-000364,2023-11-10 15:00:00,2023-11-10 16:15:00,XAUUSD,15m,SELL,LONDON,1946.555,1950.7599147583624,1938.1451704832753,V50 realtime loss proxy | variant=proxy_hardened_no_worst_hours | Side=SELL | score=85.0 | opposite_score=11.0 | session=LONDON | RR=2.00,V50 realtime loss proxy,11.0,85.0,85.0,2.000000000000054,0.01,8.409829516724812,8.409829516724812,0.08,0.0,0.0,0.08,8.329829516724812,1218.822091825395,1227.15192134212,1304.1477877462905,76.99586640417056,5.903921865882071,12.841867051301815,2,0
proxy_hardened_no_worst_hours,proxy_hardened_no_worst_hours-000365,2023-11-14 21:30:00,2023-11-15 04:45:00,XAUUSD,15m,BUY,NEW YORK,1962.728,1960.2360684236598,1967.7118631526807,V50 realtime loss proxy | variant=proxy_hardened_no_worst_hours | Side=BUY | score=78.0 | opposite_score=8.0 | session=NEW YORK | RR=2.00,V50 realtime loss proxy,78.0,8.0,78.0,2.000000000000091,0.01,4.983863152680669,4.983863152680669,0.08,0.0,0.0,0.08,4.903863152680669,1227.15192134212,1232.0557844948007,1304.1477877462905,72.09200325148981,5.527901356645526,4.903863152680669,1,0
proxy_hardened_no_worst_hours,proxy_hardened_no_worst_hours-000366,2023-11-15 13:00:00,2023-11-15 13:30:00,XAUUSD,15m,BUY,LONDON,1971.835,1969.5455595694048,1976.4138808611906,V50 realtime loss proxy | variant=proxy_hardened_no_worst_hours | Side=BUY | score=96.0 | opposite_score=4.0 | session=LONDON | RR=2.00,V50 realtime loss proxy,96.0,4.0,96.0,2.0,0.01,-2.2894404305952776,-2.2894404305952776,0.08,0.0,0.0,0.08,-2.3694404305952776,1232.0557844948007,1229.6863440642055,1304.1477877462905,74.46144368208502,5.709586320026085,-2.3694404305952776,1,1
proxy_hardened_no_worst_hours,proxy_hardened_no_worst_hours-000367,2023-11-16 10:00:00,2023-11-16 12:00:00,XAUUSD,15m,BUY,LONDON,1966.205,1964.2382480393653,1970.1385039212694,V50 realtime loss proxy | variant=proxy_hardened_no_worst_hours | Side=BUY | score=96.0 | opposite_score=4.0 | session=LONDON | RR=2.00,V50 realtime loss proxy,96.0,4.0,96.0,2.0000000000001155,0.01,-1.9667519606346104,-1.9667519606346104,0.08,0.0,0.0,0.08,-2.0467519606346105,1229.6863440642055,1227.639592103571,1304.1477877462905,76.50819564271956,5.8665280393515875,-2.0467519606346105,1,1
proxy_hardened_no_worst_hours,proxy_hardened_no_worst_hours-000368,2023-11-16 13:30:00,2023-11-16 14:30:00,XAUUSD,15m,BUY,LONDON,1970.515,1967.729061210054,1976.0868775798926,V50 realtime loss proxy | variant=proxy_hardened_no_worst_hours | Side=BUY | score=80.0 | opposite_score=4.0 | session=LONDON | RR=2.00,V50 realtime loss proxy,80.0,4.0,80.0,2.0000000000000817,0.01,5.5718775798925435,5.5718775798925435,0.08,0.0,0.0,0.08,5.491877579892543,1227.639592103571,1233.1314696834636,1304.1477877462905,71.01631806282694,5.445419509206919,3.445125619257933,2,0
proxy_hardened_no_worst_hours,proxy_hardened_no_worst_hours-000369,2023-11-17 13:00:00,2023-11-17 13:30:00,XAUUSD,15m,BUY,LONDON,1991.305,1988.1054966303884,1997.7040067392234,V50 realtime loss proxy | variant=proxy_hardened_no_worst_hours | Side=BUY | score=96.0 | opposite_score=4.0 | session=LONDON | RR=2.00,V50 realtime loss proxy,96.0,4.0,96.0,2.0,0.01,-3.199503369611648,-3.199503369611648,0.08,0.0,0.0,0.08,-3.279503369611648,1233.1314696834636,1229.851966313852,1304.1477877462905,74.29582143243852,5.696886666566355,-3.279503369611648,1,1
proxy_hardened_no_worst_hours,proxy_hardened_no_worst_hours-000370,2023-11-20 21:00:00,2023-11-21 00:15:00,XAUUSD,15m,BUY,NEW YORK,1976.975,1974.3081124582382,1982.3087750835236,V50 realtime loss proxy | variant=proxy_hardened_no_worst_hours | Side=BUY | score=80.0 | opposite_score=8.0 | session=NEW YORK | RR=2.00,V50 realtime loss proxy,80.0,8.0,80.0,2.0000000000000853,0.01,5.333775083523733,5.333775083523733,0.08,0.0,0.0,0.08,5.253775083523733,1229.851966313852,1235.1057413973758,1304.1477877462905,69.04204634891471,5.294035461136417,5.253775083523733,1,0
proxy_hardened_no_worst_hours,proxy_hardened_no_worst_hours-000371,2023-11-21 19:15:00,2023-11-22 01:15:00,XAUUSD,15m,BUY,NEW YORK,1999.965,1996.289509500403,2007.315980999194,V50 realtime loss proxy | variant=proxy_hardened_no_worst_hours | Side=BUY | score=78.0 | opposite_score=8.0 | session=NEW YORK | RR=2.00,V50 realtime loss proxy,78.0,8.0,78.0,2.0000000000000617,0.01,-3.67549049959689,-3.67549049959689,0.08,0.0,0.0,0.08,-3.75549049959689,1235.1057413973758,1231.350250897779,1304.1477877462905,72.79753684851153,5.582000562552317,-3.75549049959689,1,1
proxy_hardened_no_worst_hours,proxy_hardened_no_worst_hours-000372,2023-11-22 10:45:00,2023-11-22 13:30:00,XAUUSD,15m,BUY,LONDON,2001.025,1998.2916869266062,2006.491626146788,V50 realtime loss proxy | variant=proxy_hardened_no_worst_hours | Side=BUY | score=96.0 | opposite_score=4.0 | session=LONDON | RR=2.00,V50 realtime loss proxy,96.0,4.0,96.0,2.0,0.01,-2.7333130733939015,-2.7333130733939015,0.08,0.0,0.0,0.08,-2.8133130733939016,1231.350250897779,1228.5369378243852,1304.1477877462905,75.61084992190536,5.797720981651102,-2.8133130733939016,1,1
proxy_hardened_no_worst_hours,proxy_hardened_no_worst_hours-000373,2023-11-24 13:00:00,2023-11-24 13:30:00,XAUUSD,15m,BUY,LONDON,1995.365,1993.4360999333555,1999.222800133289,V50 realtime loss proxy | variant=proxy_hardened_no_worst_hours | Side=BUY | score=76.0 | opposite_score=4.0 | session=LONDON | RR=2.00,V50 realtime loss proxy,76.0,4.0,76.0,2.0,0.01,3.857800133288947,3.857800133288947,0.08,0.0,0.0,0.08,3.777800133288947,1228.5369378243852,1232.3147379576742,1304.1477877462905,71.83304978861634,5.508045212632815,3.777800133288947,1,0
proxy_hardened_no_worst_hours,proxy_hardened_no_worst_hours-000374,2023-11-24 15:30:00,2023-11-27 01:00:00,XAUUSD,15m,BUY,LONDON,1999.265,1996.089948914932,2005.6151021701364,V50 realtime loss proxy | variant=proxy_hardened_no_worst_hours | Side=BUY | score=90.0 | opposite_score=4.0 | session=LONDON | RR=2.00,V50 realtime loss proxy,90.0,4.0,90.0,2.0,0.01,6.350102170136324,6.350102170136324,0.08,0.0,0.0,0.08,6.270102170136324,1232.3147379576742,1238.5848401278106,1304.1477877462905,65.56294761847994,5.027263645616411,10.047902303425271,2,0
proxy_hardened_no_worst_hours,proxy_hardened_no_worst_hours-000375,2023-11-27 10:15:00,2023-11-27 13:30:00,XAUUSD,15m,BUY,LONDON,2013.445,2010.7568823932027,2018.8212352135947,V50 realtime loss proxy | variant=proxy_hardened_no_worst_hours | Side=BUY | score=96.0 | opposite_score=4.0 | session=LONDON | RR=2.00,V50 realtime loss proxy,96.0,4.0,96.0,2.0000000000000844,0.01,-2.6881176067972774,-2.6881176067972774,0.08,0.0,0.0,0.08,-2.7681176067972775,1238.5848401278106,1235.8167225210134,1304.1477877462905,68.33106522527714,5.239518547461609,-2.7681176067972775,1,1
proxy_hardened_no_worst_hours,proxy_hardened_no_worst_hours-000376,2023-11-27 15:15:00,2023-11-27 15:30:00,XAUUSD,15m,BUY,LONDON,2013.535,2010.0403269598105,2020.5243460803792,V50 realtime loss proxy | variant=proxy_hardened_no_worst_hours | Side=BUY | score=96.0 | opposite_score=4.0 | session=LONDON | RR=2.00,V50 realtime loss proxy,96.0,4.0,96.0,2.0,0.01,-3.494673040189582,-3.494673040189582,0.08,0.0,0.0,0.08,-3.574673040189582,1235.8167225210134,1232.2420494808239,1304.1477877462905,71.90573826546665,5.513618850646337,-6.34279064698686,2,2
proxy_hardened_no_worst_hours,proxy_hardened_no_worst_hours-000377,2023-12-01 10:15:00,2023-12-01 11:00:00,XAUUSD,15m,BUY,LONDON,2044.365,2041.61401422576,2049.8669715484803,V50 realtime loss proxy | variant=proxy_hardened_no_worst_hours | Side=BUY | score=90.0 | opposite_score=4.0 | session=LONDON | RR=2.00,V50 realtime loss proxy,90.0,4.0,90.0,2.0000000000000826,0.01,-2.7509857742400072,-2.7509857742400072,0.08,0.0,0.0,0.08,-2.8309857742400073,1232.2420494808239,1229.411063706584,1304.1477877462905,74.73672403970659,5.730694384634106,-2.8309857742400073,1,1
proxy_hardened_no_worst_hours,proxy_hardened_no_worst_hours-000378,2023-12-11 13:00:00,2023-12-11 14:45:00,XAUUSD,15m,SELL,LONDON,1992.975,1996.1499086195615,1986.6251827608764,V50 realtime loss proxy | variant=proxy_hardened_no_worst_hours | Side=SELL | score=85.0 | opposite_score=4.0 | session=LONDON | RR=2.00,V50 realtime loss proxy,4.0,85.0,85.0,2.0000000000000715,0.01,6.3498172391234675,6.3498172391234675,0.08,0.0,0.0,0.08,6.2698172391234674,1229.411063706584,1235.6808809457075,1304.1477877462905,68.46690680058305,5.249934665679365,6.2698172391234674,1,0
proxy_hardened_no_worst_hours,proxy_hardened_no_worst_hours-000379,2023-12-12 15:15:00,2023-12-13 06:45:00,XAUUSD,15m,SELL,LONDON,1983.335,1988.3465837813458,1973.3118324373086,V50 realtime loss proxy | variant=proxy_hardened_no_worst_hours | Side=SELL | score=85.0 | opposite_score=4.0 | session=LONDON | RR=2.00,V50 realtime loss proxy,4.0,85.0,85.0,2.0,0.01,10.02316756269147,10.02316756269147,0.08,0.0,0.0,0.08,9.94316756269147,1235.6808809457075,1245.624048508399,1304.1477877462905,58.523739237891505,4.4875082247409175,9.94316756269147,1,0
proxy_hardened_no_worst_hours,proxy_hardened_no_worst_hours-000380,2023-12-14 10:30:00,2023-12-14 13:30:00,XAUUSD,15m,BUY,LONDON,2034.565,2030.2687028639089,2043.1575942721825,V50 realtime loss proxy | variant=proxy_hardened_no_worst_hours | Side=BUY | score=96.0 | opposite_score=4.0 | session=LONDON | RR=2.00,V50 realtime loss proxy,96.0,4.0,96.0,2.0,0.01,-4.296297136091198,-4.296297136091198,0.08,0.0,0.0,0.08,-4.376297136091198,1245.624048508399,1241.247751372308,1304.1477877462905,62.90003637398263,4.823075802066938,-4.376297136091198,1,1
proxy_hardened_no_worst_hours,proxy_hardened_no_worst_hours-000381,2023-12-14 13:45:00,2023-12-14 14:30:00,XAUUSD,15m,BUY,LONDON,2037.115,2032.313309788071,2046.7183804238584,V50 realtime loss proxy | variant=proxy_hardened_no_worst_hours | Side=BUY | score=74.0 | opposite_score=4.0 | session=LONDON | RR=2.00,V50 realtime loss proxy,74.0,4.0,74.0,2.0000000000000475,0.01,9.603380423858425,9.603380423858425,0.08,0.0,0.0,0.08,9.523380423858425,1241.247751372308,1250.7711317961664,1304.1477877462905,53.37665595012413,4.092837978306493,5.147083287767227,2,0
proxy_hardened_no_worst_hours,proxy_hardened_no_worst_hours-000382,2023-12-18 18:00:00,2023-12-19 02:15:00,XAUUSD,15m,BUY,NEW YORK,2027.825,2023.5294311379082,2036.4161377241837,V50 realtime loss proxy | variant=proxy_hardened_no_worst_hours | Side=BUY | score=100.0 | opposite_score=15.0 | session=NEW YORK | RR=2.00,V50 realtime loss proxy,100.0,15.0,100.0,2.0,0.01,-4.295568862091841,-4.295568862091841,0.08,0.0,0.0,0.08,-4.375568862091841,1250.7711317961664,1246.3955629340746,1304.1477877462905,57.7522248122159,4.428349712728343,-4.375568862091841,1,1
proxy_hardened_no_worst_hours,proxy_hardened_no_worst_hours-000383,2023-12-19 18:30:00,2023-12-20 11:00:00,XAUUSD,15m,BUY,NEW YORK,2038.565,2034.91625124872,2045.86249750256,V50 realtime loss proxy | variant=proxy_hardened_no_worst_hours | Side=BUY | score=100.0 | opposite_score=8.0 | session=NEW YORK | RR=2.00,V50 realtime loss proxy,100.0,8.0,100.0,2.0,0.01,-3.6487487512799817,-3.6487487512799817,0.08,0.0,0.0,0.08,-3.7287487512799817,1246.3955629340746,1242.6668141827947,1304.1477877462905,61.48097356349581,4.714264298967345,-3.7287487512799817,1,1
proxy_hardened_no_worst_hours,proxy_hardened_no_worst_hours-000384,2023-12-20 14:00:00,2023-12-20 14:15:00,XAUUSD,15m,BUY,LONDON,2039.105,2035.6808118839817,2045.9533762320368,V50 realtime loss proxy | variant=proxy_hardened_no_worst_hours | Side=BUY | score=79.0 | opposite_score=8.0 | session=LONDON | RR=2.00,V50 realtime loss proxy,79.0,8.0,79.0,2.0000000000000666,0.01,-3.4241881160182857,-3.4241881160182857,0.08,0.0,0.0,0.08,-3.5041881160182857,1242.6668141827947,1239.1626260667765,1304.1477877462905,64.98516167951402,4.982959929090204,-3.5041881160182857,1,1
proxy_hardened_no_worst_hours,proxy_hardened_no_worst_hours-000385,2023-12-21 13:00:00,2023-12-21 13:30:00,XAUUSD,15m,BUY,LONDON,2036.408,2033.9953501610194,2041.233299677961,V50 realtime loss proxy | variant=proxy_hardened_no_worst_hours | Side=BUY | score=76.0 | opposite_score=4.0 | session=LONDON | RR=2.00,V50 realtime loss proxy,76.0,4.0,76.0,2.0,0.01,-2.412649838980542,-2.412649838980542,0.08,0.0,0.0,0.08,-2.492649838980542,1239.1626260667765,1236.669976227796,1304.1477877462905,67.47781151849449,5.174092396008546,-2.492649838980542,1,1
proxy_hardened_no_worst_hours,proxy_hardened_no_worst_hours-000386,2023-12-21 14:00:00,2023-12-21 23:00:00,XAUUSD,15m,BUY,LONDON,2039.215,2035.0321328469615,2047.5807343060767,V50 realtime loss proxy | variant=proxy_hardened_no_worst_hours | Side=BUY | score=80.0 | opposite_score=8.0 | session=LONDON | RR=2.00,V50 realtime loss proxy,80.0,8.0,80.0,2.0,0.01,8.365734306076774,8.365734306076774,0.08,0.0,0.0,0.08,8.285734306076774,1236.669976227796,1244.955710533873,1304.1477877462905,59.192077212417644,4.538755328850268,5.793084467096232,2,0
proxy_hardened_no_worst_hours,proxy_hardened_no_worst_hours-000387,2023-12-26 10:30:00,2023-12-26 13:30:00,XAUUSD,15m,BUY,LONDON,2062.635,2060.8284963266888,2066.2480073466236,V50 realtime loss proxy | variant=proxy_hardened_no_worst_hours | Side=BUY | score=74.0 | opposite_score=4.0 | session=LONDON | RR=2.00,V50 realtime loss proxy,74.0,4.0,74.0,2.000000000000252,0.01,-1.806503673311454,-1.806503673311454,0.08,0.0,0.0,0.08,-1.886503673311454,1244.955710533873,1243.0692068605615,1304.1477877462905,61.078580885729025,4.68340946168988,-1.886503673311454,1,1
proxy_hardened_no_worst_hours,proxy_hardened_no_worst_hours-000388,2023-12-27 18:45:00,2023-12-28 01:45:00,XAUUSD,15m,BUY,NEW YORK,2078.375,2074.4184789689266,2086.2880420621473,V50 realtime loss proxy | variant=proxy_hardened_no_worst_hours | Side=BUY | score=100.0 | opposite_score=8.0 | session=NEW YORK | RR=2.00,V50 realtime loss proxy,100.0,8.0,100.0,2.000000000000115,0.01,7.9130420621472695,7.9130420621472695,0.08,0.0,0.0,0.08,7.833042062147269,1243.0692068605615,1250.9022489227088,1304.1477877462905,53.24553882358168,4.082784123384956,7.833042062147269,1,0
proxy_hardened_no_worst_hours,proxy_hardened_no_worst_hours-000389,2024-01-02 10:00:00,2024-01-02 11:30:00,XAUUSD,15m,BUY,LONDON,2074.875,2071.6237538332252,2081.3774923335495,V50 realtime loss proxy | variant=proxy_hardened_no_worst_hours | Side=BUY | score=96.0 | opposite_score=4.0 | session=LONDON | RR=2.00,V50 realtime loss proxy,96.0,4.0,96.0,2.0,0.01,-3.251246166774763,-3.251246166774763,0.08,0.0,0.0,0.08,-3.331246166774763,1250.9022489227088,1247.5710027559342,1304.1477877462905,56.57678499035637,4.338218837002149,-3.331246166774763,1,1
proxy_hardened_no_worst_hours,proxy_hardened_no_worst_hours-000390,2024-01-08 13:00:00,2024-01-08 14:45:00,XAUUSD,15m,SELL,LONDON,2020.785,2025.016626473321,2012.3217470533582,V50 realtime loss proxy | variant=proxy_hardened_no_worst_hours | Side=SELL | score=85.0 | opposite_score=4.0 | session=LONDON | RR=2.00,V50 realtime loss proxy,4.0,85.0,85.0,2.0000000000000537,0.01,-4.23162647332083,-4.23162647332083,0.08,0.0,0.0,0.08,-4.31162647332083,1247.5710027559342,1243.2593762826134,1304.1477877462905,60.88841146367713,4.668827569680499,-4.31162647332083,1,1
proxy_hardened_no_worst_hours,proxy_hardened_no_worst_hours-000391,2024-01-12 15:45:00,2024-01-12 17:00:00,XAUUSD,15m,BUY,LONDON,2053.595,2047.9089855366983,2064.967028926603,V50 realtime loss proxy | variant=proxy_hardened_no_worst_hours | Side=BUY | score=96.0 | opposite_score=4.0 | session=LONDON | RR=2.00,V50 realtime loss proxy,96.0,4.0,96.0,2.0,0.01,-5.68601446330149,-5.68601446330149,0.08,0.0,0.0,0.08,-5.76601446330149,1243.2593762826134,1237.493361819312,1304.1477877462905,66.65442592697855,5.110956484630063,-5.76601446330149,1,1
proxy_hardened_no_worst_hours,proxy_hardened_no_worst_hours-000392,2024-01-12 19:00:00,2024-01-15 08:45:00,XAUUSD,15m,BUY,NEW YORK,2048.585,2043.7313947955834,2058.2922104088334,V50 realtime loss proxy | variant=proxy_hardened_no_worst_hours | Side=BUY | score=78.0 | opposite_score=8.0 | session=NEW YORK | RR=2.00,V50 realtime loss proxy,78.0,8.0,78.0,2.0,0.01,9.707210408833362,9.707210408833362,0.08,0.0,0.0,0.08,9.627210408833362,1237.493361819312,1247.1205722281454,1304.1477877462905,57.02721551814511,4.372757141021138,3.861195945531872,2,0
proxy_hardened_no_worst_hours,proxy_hardened_no_worst_hours-000393,2024-01-16 14:45:00,2024-01-16 17:00:00,XAUUSD,15m,SELL,LONDON,2038.095,2043.279414832231,2027.7261703355382,V50 realtime loss proxy | variant=proxy_hardened_no_worst_hours | Side=SELL | score=89.0 | opposite_score=30.0 | session=LONDON | RR=2.00,V50 realtime loss proxy,30.0,89.0,89.0,2.0,0.01,10.368829664461828,10.368829664461828,0.08,0.0,0.0,0.08,10.288829664461828,1247.1205722281454,1257.4094018926073,1304.1477877462905,46.73838585368321,3.5838258740945483,10.288829664461828,1,0
proxy_hardened_no_worst_hours,proxy_hardened_no_worst_hours-000394,2024-01-17 14:00:00,2024-01-17 15:15:00,XAUUSD,15m,SELL,LONDON,2019.678,2024.353724231542,2010.3265515369164,V50 realtime loss proxy | variant=proxy_hardened_no_worst_hours | Side=SELL | score=89.0 | opposite_score=8.0 | session=LONDON | RR=2.00,V50 realtime loss proxy,8.0,89.0,89.0,2.0,0.01,9.35144846308367,9.35144846308367,0.08,0.0,0.0,0.08,9.27144846308367,1257.4094018926073,1266.680850355691,1304.1477877462905,37.46693739059947,2.872905796615767,9.27144846308367,1,0
proxy_hardened_no_worst_hours,proxy_hardened_no_worst_hours-000395,2024-01-19 19:45:00,2024-01-22 00:15:00,XAUUSD,15m,BUY,NEW YORK,2029.075,2025.8108976192636,2035.6032047614729,V50 realtime loss proxy | variant=proxy_hardened_no_worst_hours | Side=BUY | score=72.0 | opposite_score=19.0 | session=NEW YORK | RR=2.00,V50 realtime loss proxy,72.0,19.0,72.0,2.0,0.01,-3.2641023807364036,-3.2641023807364036,0.08,0.0,0.0,0.08,-3.3441023807364036,1266.680850355691,1263.3367479749547,1304.1477877462905,40.8110397713358,3.129326304487448,-3.3441023807364036,1,1
proxy_hardened_no_worst_hours,proxy_hardened_no_worst_hours-000396,2024-01-22 10:00:00,2024-01-22 11:45:00,XAUUSD,15m,SELL,LONDON,2022.695,2025.9450779197177,2016.1948441605643,V50 realtime loss proxy | variant=proxy_hardened_no_worst_hours | Side=SELL | score=79.0 | opposite_score=4.0 | session=LONDON | RR=2.00,V50 realtime loss proxy,4.0,79.0,79.0,2.0,0.01,-3.2500779197177962,-3.2500779197177962,0.08,0.0,0.0,0.08,-3.3300779197177963,1263.3367479749547,1260.006670055237,1304.1477877462905,44.14111769105352,3.3846714387588066,-3.3300779197177963,1,1
proxy_hardened_no_worst_hours,proxy_hardened_no_worst_hours-000397,2024-01-22 14:00:00,2024-01-23 03:45:00,XAUUSD,15m,SELL,LONDON,2023.135,2026.745387156795,2015.91422568641,V50 realtime loss proxy | variant=proxy_hardened_no_worst_hours | Side=SELL | score=83.0 | opposite_score=8.0 | session=LONDON | RR=2.00,V50 realtime loss proxy,8.0,83.0,83.0,2.0,0.01,-3.6103871567950137,-3.6103871567950137,0.08,0.0,0.0,0.08,-3.6903871567950137,1260.006670055237,1256.316282898442,1304.1477877462905,47.831504847848464,3.667644518303138,-7.02046507651281,2,2
proxy_hardened_no_worst_hours,proxy_hardened_no_worst_hours-000398,2024-01-23 14:30:00,2024-01-23 16:00:00,XAUUSD,15m,SELL,LONDON,2023.428,2027.1237233672653,2016.0365532654698,V50 realtime loss proxy | variant=proxy_hardened_no_worst_hours | Side=SELL | score=80.0 | opposite_score=15.0 | session=LONDON | RR=2.00,V50 realtime loss proxy,15.0,80.0,80.0,2.0,0.01,-3.6957233672651455,-3.6957233672651455,0.08,0.0,0.0,0.08,-3.7757233672651456,1256.316282898442,1252.540559531177,1304.1477877462905,51.60722821511354,3.9571610441709564,-3.7757233672651456,1,1
proxy_hardened_no_worst_hours,proxy_hardened_no_worst_hours-000399,2024-01-23 21:00:00,2024-01-24 02:00:00,XAUUSD,15m,BUY,NEW YORK,2027.965,2025.4062402061497,2033.0825195877003,V50 realtime loss proxy | variant=proxy_hardened_no_worst_hours | Side=BUY | score=83.0 | opposite_score=30.0 | session=NEW YORK | RR=2.00,V50 realtime loss proxy,83.0,30.0,83.0,2.0,0.01,-2.558759793850186,-2.558759793850186,0.08,0.0,0.0,0.08,-2.638759793850186,1252.540559531177,1249.9017997373269,1304.1477877462905,54.24598800896365,4.15949699249244,-6.4144831611153315,2,2
proxy_hardened_no_worst_hours,proxy_hardened_no_worst_hours-000400,2024-01-24 10:30:00,2024-01-24 13:15:00,XAUUSD,15m,BUY,LONDON,2029.875,2026.9046362477268,2035.8157275045464,V50 realtime loss proxy | variant=proxy_hardened_no_worst_hours | Side=BUY | score=85.0 | opposite_score=26.0 | session=LONDON | RR=2.00,V50 realtime loss proxy,85.0,26.0,85.0,2.0,0.01,5.94072750454643,5.94072750454643,0.08,0.0,0.0,0.08,5.86072750454643,1249.9017997373269,1255.7625272418734,1304.1477877462905,48.38526050441715,3.710105630592078,5.86072750454643,1,0
proxy_hardened_no_worst_hours,proxy_hardened_no_worst_hours-000401,2024-01-24 13:30:00,2024-01-24 14:30:00,XAUUSD,15m,BUY,LONDON,2032.445,2028.8875853459986,2039.559829308003,V50 realtime loss proxy | variant=proxy_hardened_no_worst_hours | Side=BUY | score=85.0 | opposite_score=11.0 | session=LONDON | RR=2.00,V50 realtime loss proxy,85.0,11.0,85.0,2.000000000000064,0.01,-3.557414654001377,-3.557414654001377,0.08,0.0,0.0,0.08,-3.637414654001377,1255.7625272418734,1252.125112587872,1304.1477877462905,52.02267515841845,3.9890168619861175,2.223312850545053,2,1
proxy_hardened_no_worst_hours,proxy_hardened_no_worst_hours-000402,2024-01-26 15:30:00,2024-01-28 23:00:00,XAUUSD,15m,SELL,LONDON,2018.675,2022.419142028401,2011.186715943198,V50 realtime loss proxy | variant=proxy_hardened_no_worst_hours | Side=SELL | score=76.0 | opposite_score=4.0 | session=LONDON | RR=2.00,V50 realtime loss proxy,4.0,76.0,76.0,2.0,0.01,-3.744142028401029,-3.744142028401029,0.08,0.0,0.0,0.08,-3.8241420284010292,1252.125112587872,1248.3009705594711,1304.1477877462905,55.84681718681941,4.2822460545923855,-3.8241420284010292,1,1
proxy_hardened_no_worst_hours,proxy_hardened_no_worst_hours-000403,2024-01-29 13:00:00,2024-01-29 13:30:00,XAUUSD,15m,BUY,LONDON,2028.485,2026.1455900083993,2033.1638199832012,V50 realtime loss proxy | variant=proxy_hardened_no_worst_hours | Side=BUY | score=75.0 | opposite_score=4.0 | session=LONDON | RR=2.00,V50 realtime loss proxy,75.0,4.0,75.0,2.0,0.01,4.678819983201265,4.678819983201265,0.08,0.0,0.0,0.08,4.598819983201265,1248.3009705594711,1252.8997905426725,1304.1477877462905,51.24799720361807,3.9296157755387675,4.598819983201265,1,0
proxy_hardened_no_worst_hours,proxy_hardened_no_worst_hours-000404,2024-01-30 10:00:00,2024-01-30 11:15:00,XAUUSD,15m,BUY,LONDON,2036.295,2033.9519894501088,2040.9810210997828,V50 realtime loss proxy | variant=proxy_hardened_no_worst_hours | Side=BUY | score=85.0 | opposite_score=4.0 | session=LONDON | RR=2.00,V50 realtime loss proxy,85.0,4.0,85.0,2.0000000000000973,0.01,-2.3430105498912326,-2.3430105498912326,0.08,0.0,0.0,0.08,-2.4230105498912327,1252.8997905426725,1250.4767799927813,1304.1477877462905,53.67100775350923,4.115408411362533,-2.4230105498912327,1,1
proxy_hardened_no_worst_hours,proxy_hardened_no_worst_hours-000405,2024-01-31 10:00:00,2024-01-31 13:30:00,XAUUSD,15m,BUY,LONDON,2037.425,2035.361801969873,2041.5513960602536,V50 realtime loss proxy | variant=proxy_hardened_no_worst_hours | Side=BUY | score=85.0 | opposite_score=4.0 | session=LONDON | RR=2.00,V50 realtime loss proxy,85.0,4.0,85.0,2.0,0.01,4.126396060253683,4.126396060253683,0.08,0.0,0.0,0.08,4.046396060253683,1250.4767799927813,1254.523176053035,1304.1477877462905,49.624611693255474,3.805137129359565,4.046396060253683,1,0
proxy_hardened_no_worst_hours,proxy_hardened_no_worst_hours-000406,2024-01-31 19:30:00,2024-01-31 20:00:00,XAUUSD,15m,BUY,NEW YORK,2048.665,2043.3128354503826,2059.3693290992346,V50 realtime loss proxy | variant=proxy_hardened_no_worst_hours | Side=BUY | score=78.0 | opposite_score=8.0 | session=NEW YORK | RR=2.00,V50 realtime loss proxy,78.0,8.0,78.0,2.0,0.01,-5.352164549617328,-5.352164549617328,0.08,0.0,0.0,0.08,-5.432164549617328,1254.523176053035,1249.0910115034178,1304.1477877462905,55.05677624287273,4.221666958314351,-1.3857684893636453,2,1
proxy_hardened_no_worst_hours,proxy_hardened_no_worst_hours-000407,2024-02-01 15:00:00,2024-02-01 16:00:00,XAUUSD,15m,BUY,LONDON,2048.515,2042.8598468248695,2059.8253063502607,V50 realtime loss proxy | variant=proxy_hardened_no_worst_hours | Side=BUY | score=74.0 | opposite_score=4.0 | session=LONDON | RR=2.00,V50 realtime loss proxy,74.0,4.0,74.0,2.0,0.01,11.310306350260817,11.310306350260817,0.08,0.0,0.0,0.08,11.230306350260816,1249.0910115034178,1260.3213178536787,1304.1477877462905,43.82646989261184,3.360544740742056,11.230306350260816,1,0
proxy_hardened_no_worst_hours,proxy_hardened_no_worst_hours-000408,2024-02-01 18:15:00,2024-02-02 13:30:00,XAUUSD,15m,BUY,NEW YORK,2054.125,2047.6666027149427,2067.0417945701147,V50 realtime loss proxy | variant=proxy_hardened_no_worst_hours | Side=BUY | score=100.0 | opposite_score=8.0 | session=NEW YORK | RR=2.00,V50 realtime loss proxy,100.0,8.0,100.0,2.0,0.01,-6.458397285057345,-6.458397285057345,0.08,0.0,0.0,0.08,-6.538397285057345,1260.3213178536787,1253.7829205686214,1304.1477877462905,50.36486717766911,3.861898754949015,4.691909065203472,2,1
proxy_hardened_no_worst_hours,proxy_hardened_no_worst_hours-000409,2024-02-05 15:00:00,2024-02-05 17:30:00,XAUUSD,15m,SELL,LONDON,2019.815,2024.079075304544,2011.286849390912,V50 realtime loss proxy | variant=proxy_hardened_no_worst_hours | Side=SELL | score=85.0 | opposite_score=4.0 | session=LONDON | RR=2.00,V50 realtime loss proxy,4.0,85.0,85.0,2.0000000000000533,0.01,-4.264075304543894,-4.264075304543894,0.08,0.0,0.0,0.08,-4.344075304543894,1253.7829205686214,1249.4388452640776,1304.1477877462905,54.70894248221293,4.194995612940152,-4.344075304543894,1,1
proxy_hardened_no_worst_hours,proxy_hardened_no_worst_hours-000410,2024-02-06 10:15:00,2024-02-06 11:30:00,XAUUSD,15m,SELL,LONDON,2024.365,2026.7910347457644,2019.512930508471,V50 realtime loss proxy | variant=proxy_hardened_no_worst_hours | Side=SELL | score=79.0 | opposite_score=4.0 | session=LONDON | RR=2.00,V50 realtime loss proxy,4.0,79.0,79.0,2.0000000000000937,0.01,-2.4260347457643547,-2.4260347457643547,0.08,0.0,0.0,0.08,-2.506034745764355,1249.4388452640776,1246.9328105183133,1304.1477877462905,57.214977227977215,4.387154413446572,-2.506034745764355,1,1
proxy_hardened_no_worst_hours,proxy_hardened_no_worst_hours-000411,2024-02-07 15:15:00,2024-02-07 17:15:00,XAUUSD,15m,BUY,LONDON,2038.875,2034.8736336071593,2046.8777327856815,V50 realtime loss proxy | variant=proxy_hardened_no_worst_hours | Side=BUY | score=90.0 | opposite_score=15.0 | session=LONDON | RR=2.00,V50 realtime loss proxy,90.0,15.0,90.0,2.0,0.01,-4.001366392840737,-4.001366392840737,0.08,0.0,0.0,0.08,-4.081366392840737,1246.9328105183133,1242.8514441254727,1304.1477877462905,61.29634362081788,4.700107165518767,-4.081366392840737,1,1
proxy_hardened_no_worst_hours,proxy_hardened_no_worst_hours-000412,2024-02-14 14:00:00,2024-02-14 15:00:00,XAUUSD,15m,SELL,LONDON,1990.145,1993.081055332773,1984.2728893344536,V50 realtime loss proxy | variant=proxy_hardened_no_worst_hours | Side=SELL | score=100.0 | opposite_score=8.0 | session=LONDON | RR=2.00,V50 realtime loss proxy,8.0,100.0,100.0,2.0000000000000773,0.01,5.8721106655464155,5.8721106655464155,0.08,0.0,0.0,0.08,5.792110665546415,1242.8514441254727,1248.6435547910191,1304.1477877462905,55.50423295527139,4.255977234849185,5.792110665546415,1,0
proxy_hardened_no_worst_hours,proxy_hardened_no_worst_hours-000413,2024-02-14 15:15:00,2024-02-14 16:00:00,XAUUSD,15m,SELL,LONDON,1987.245,1991.0077682172443,1979.7194635655108,V50 realtime loss proxy | variant=proxy_hardened_no_worst_hours | Side=SELL | score=96.0 | opposite_score=4.0 | session=LONDON | RR=2.00,V50 realtime loss proxy,4.0,96.0,96.0,2.0000000000000604,0.01,-3.7627682172444565,-3.7627682172444565,0.08,0.0,0.0,0.08,-3.8427682172444566,1248.6435547910191,1244.8007865737748,1304.1477877462905,59.347001172515775,4.550634654303548,1.9493424483019588,2,1
proxy_hardened_no_worst_hours,proxy_hardened_no_worst_hours-000414,2024-02-15 13:30:00,2024-02-15 15:45:00,XAUUSD,15m,BUY,LONDON,2003.265,2000.4465684943805,2008.9018630112394,V50 realtime loss proxy | variant=proxy_hardened_no_worst_hours | Side=BUY | score=72.0 | opposite_score=26.0 | session=LONDON | RR=2.00,V50 realtime loss proxy,72.0,26.0,72.0,2.0,0.01,-2.8184315056196283,-2.8184315056196283,0.08,0.0,0.0,0.08,-2.8984315056196284,1244.8007865737748,1241.9023550681552,1304.1477877462905,62.24543267813533,4.772881820832762,-2.8984315056196284,1,1
proxy_hardened_no_worst_hours,proxy_hardened_no_worst_hours-000415,2024-02-15 19:15:00,2024-02-16 13:30:00,XAUUSD,15m,BUY,NEW YORK,2003.798,2000.4810823739344,2010.4318352521311,V50 realtime loss proxy | variant=proxy_hardened_no_worst_hours | Side=BUY | score=72.0 | opposite_score=30.0 | session=NEW YORK | RR=2.00,V50 realtime loss proxy,72.0,30.0,72.0,2.0,0.01,-3.3169176260655604,-3.3169176260655604,0.08,0.0,0.0,0.08,-3.3969176260655605,1241.9023550681552,1238.5054374420897,1304.1477877462905,65.64235030420082,5.0333521185998364,-6.295349131685189,2,2
proxy_hardened_no_worst_hours,proxy_hardened_no_worst_hours-000416,2024-02-20 14:45:00,2024-02-20 19:45:00,XAUUSD,15m,BUY,LONDON,2028.058,2025.2387312846695,2033.696537430661,V50 realtime loss proxy | variant=proxy_hardened_no_worst_hours | Side=BUY | score=89.0 | opposite_score=8.0 | session=LONDON | RR=2.00,V50 realtime loss proxy,89.0,8.0,89.0,2.0,0.01,-2.8192687153305087,-2.8192687153305087,0.08,0.0,0.0,0.08,-2.899268715330509,1238.5054374420897,1235.6061687267593,1304.1477877462905,68.54161901953125,5.255663481052147,-2.899268715330509,1,1
proxy_hardened_no_worst_hours,proxy_hardened_no_worst_hours-000417,2024-02-21 13:30:00,2024-02-21 13:45:00,XAUUSD,15m,BUY,LONDON,2030.165,2027.8807088219912,2034.7335823560177,V50 realtime loss proxy | variant=proxy_hardened_no_worst_hours | Side=BUY | score=85.0 | opposite_score=4.0 | session=LONDON | RR=2.00,V50 realtime loss proxy,85.0,4.0,85.0,2.0000000000000995,0.01,-2.2842911780087434,-2.2842911780087434,0.08,0.0,0.0,0.08,-2.3642911780087434,1235.6061687267593,1233.2418775487506,1304.1477877462905,70.90591019753992,5.436953607847855,-2.3642911780087434,1,1
proxy_hardened_no_worst_hours,proxy_hardened_no_worst_hours-000418,2024-02-23 13:45:00,2024-02-23 16:00:00,XAUUSD,15m,BUY,LONDON,2025.275,2022.3594632827517,2031.106073434497,V50 realtime loss proxy | variant=proxy_hardened_no_worst_hours | Side=BUY | score=85.0 | opposite_score=4.0 | session=LONDON | RR=2.00,V50 realtime loss proxy,85.0,4.0,85.0,2.0,0.01,5.83107343449683,5.83107343449683,0.08,0.0,0.0,0.08,5.7510734344968295,1233.2418775487506,1238.9929509832475,1304.1477877462905,65.15483676304302,4.995970347474015,5.7510734344968295,1,0
proxy_hardened_no_worst_hours,proxy_hardened_no_worst_hours-000419,2024-02-23 21:30:00,2024-02-25 23:00:00,XAUUSD,15m,BUY,NEW YORK,2035.798,2033.5358194069229,2040.3223611861545,V50 realtime loss proxy | variant=proxy_hardened_no_worst_hours | Side=BUY | score=89.0 | opposite_score=8.0 | session=NEW YORK | RR=2.00,V50 realtime loss proxy,89.0,8.0,89.0,2.0000000000001004,0.01,-2.262180593077119,-2.262180593077119,0.08,0.0,0.0,0.08,-2.342180593077119,1238.9929509832475,1236.6507703901705,1304.1477877462905,67.49701735612007,5.175565069413051,3.4088928414197106,2,1
proxy_hardened_no_worst_hours,proxy_hardened_no_worst_hours-000420,2024-02-26 10:00:00,2024-02-26 10:30:00,XAUUSD,15m,BUY,LONDON,2035.195,2032.9764273679484,2039.632145264103,V50 realtime loss proxy | variant=proxy_hardened_no_worst_hours | Side=BUY | score=85.0 | opposite_score=4.0 | session=LONDON | RR=2.00,V50 realtime loss proxy,85.0,4.0,85.0,2.0,0.01,-2.2185726320515187,-2.2185726320515187,0.08,0.0,0.0,0.08,-2.2985726320515187,1236.6507703901705,1234.352197758119,1304.1477877462905,69.79558998817151,5.3518160015273954,-2.2985726320515187,1,1
proxy_hardened_no_worst_hours,proxy_hardened_no_worst_hours-000421,2024-02-27 10:30:00,2024-02-27 14:00:00,XAUUSD,15m,BUY,LONDON,2035.678,2033.7854391362566,2039.463121727487,V50 realtime loss proxy | variant=proxy_hardened_no_worst_hours | Side=BUY | score=96.0 | opposite_score=4.0 | session=LONDON | RR=2.00,V50 realtime loss proxy,96.0,4.0,96.0,2.0,0.01,-1.8925608637434834,-1.8925608637434834,0.08,0.0,0.0,0.08,-1.9725608637434835,1234.352197758119,1232.3796368943756,1304.1477877462905,71.76815085191492,5.503068864299353,-1.9725608637434835,1,1
proxy_hardened_no_worst_hours,proxy_hardened_no_worst_hours-000422,2024-02-27 14:15:00,2024-02-27 14:30:00,XAUUSD,15m,BUY,LONDON,2036.345,2033.9570914767191,2041.1208170465618,V50 realtime loss proxy | variant=proxy_hardened_no_worst_hours | Side=BUY | score=80.0 | opposite_score=8.0 | session=LONDON | RR=2.00,V50 realtime loss proxy,80.0,8.0,80.0,2.0,0.01,-2.3879085232808848,-2.3879085232808848,0.08,0.0,0.0,0.08,-2.467908523280885,1232.3796368943756,1229.9117283710948,1304.1477877462905,74.23605937519574,5.692304206065766,-4.440469387024368,2,2
proxy_hardened_no_worst_hours,proxy_hardened_no_worst_hours-000423,2024-02-28 14:45:00,2024-02-29 02:15:00,XAUUSD,15m,BUY,LONDON,2031.695,2029.0443673497368,2036.9962653005264,V50 realtime loss proxy | variant=proxy_hardened_no_worst_hours | Side=BUY | score=94.0 | opposite_score=8.0 | session=LONDON | RR=2.00,V50 realtime loss proxy,94.0,8.0,94.0,2.0000000000000857,0.01,5.301265300526438,5.301265300526438,0.08,0.0,0.0,0.08,5.221265300526438,1229.9117283710948,1235.1329936716213,1304.1477877462905,69.01479407466923,5.291945799634742,5.221265300526438,1,0
proxy_hardened_no_worst_hours,proxy_hardened_no_worst_hours-000424,2024-03-01 13:15:00,2024-03-01 14:45:00,XAUUSD,15m,BUY,LONDON,2051.615,2048.653997195784,2057.5370056084316,V50 realtime loss proxy | variant=proxy_hardened_no_worst_hours | Side=BUY | score=96.0 | opposite_score=4.0 | session=LONDON | RR=2.00,V50 realtime loss proxy,96.0,4.0,96.0,2.0000000000001537,0.01,-2.9610028042156955,-2.9610028042156955,0.08,0.0,0.0,0.08,-3.0410028042156956,1235.1329936716213,1232.0919908674057,1304.1477877462905,72.05579687888485,5.5251251089728965,-3.0410028042156956,1,1
proxy_hardened_no_worst_hours,proxy_hardened_no_worst_hours-000425,2024-03-01 15:00:00,2024-03-01 15:30:00,XAUUSD,15m,BUY,LONDON,2055.575,2051.032307506561,2064.6603849868775,V50 realtime loss proxy | variant=proxy_hardened_no_worst_hours | Side=BUY | score=96.0 | opposite_score=4.0 | session=LONDON | RR=2.00,V50 realtime loss proxy,96.0,4.0,96.0,2.0000000000001,0.01,9.08538498687767,9.08538498687767,0.08,0.0,0.0,0.08,9.00538498687767,1232.0919908674057,1241.0973758542834,1304.1477877462905,63.050411892007105,4.834606360139988,5.964382182661975,2,0
proxy_hardened_no_worst_hours,proxy_hardened_no_worst_hours-000426,2024-03-04 10:00:00,2024-03-04 13:00:00,XAUUSD,15m,BUY,LONDON,2083.998,2081.653385824142,2088.687228351717,V50 realtime loss proxy | variant=proxy_hardened_no_worst_hours | Side=BUY | score=96.0 | opposite_score=4.0 | session=LONDON | RR=2.00,V50 realtime loss proxy,96.0,4.0,96.0,2.000000000000194,0.01,-2.344614175858169,-2.344614175858169,0.08,0.0,0.0,0.08,-2.424614175858169,1241.0973758542834,1238.6727616784253,1304.1477877462905,65.4750260678652,5.020521959479239,-2.424614175858169,1,1
proxy_hardened_no_worst_hours,proxy_hardened_no_worst_hours-000427,2024-03-05 14:00:00,2024-03-05 15:45:00,XAUUSD,15m,BUY,LONDON,2130.228,2123.7816896911254,2143.1206206177494,V50 realtime loss proxy | variant=proxy_hardened_no_worst_hours | Side=BUY | score=100.0 | opposite_score=8.0 | session=LONDON | RR=2.00,V50 realtime loss proxy,100.0,8.0,100.0,2.0,0.01,-6.446310308874672,-6.446310308874672,0.08,0.0,0.0,0.08,-6.526310308874672,1238.6727616784253,1232.1464513695507,1304.1477877462905,72.0013363767398,5.520949163374034,-6.526310308874672,1,1
proxy_hardened_no_worst_hours,proxy_hardened_no_worst_hours-000428,2024-03-05 18:00:00,2024-03-06 01:15:00,XAUUSD,15m,BUY,NEW YORK,2131.865,2125.6790547230366,2144.236890553926,V50 realtime loss proxy | variant=proxy_hardened_no_worst_hours | Side=BUY | score=100.0 | opposite_score=8.0 | session=NEW YORK | RR=2.00,V50 realtime loss proxy,100.0,8.0,100.0,2.0,0.01,-6.185945276963139,-6.185945276963139,0.08,0.0,0.0,0.08,-6.265945276963139,1232.1464513695507,1225.8805060925877,1304.1477877462905,78.26728165370287,6.001411986363697,-12.792255585837811,2,2
proxy_hardened_no_worst_hours,proxy_hardened_no_worst_hours-000429,2024-03-06 10:15:00,2024-03-06 12:30:00,XAUUSD,15m,BUY,LONDON,2127.505,2124.556741097205,2133.401517805591,V50 realtime loss proxy | variant=proxy_hardened_no_worst_hours | Side=BUY | score=96.0 | opposite_score=4.0 | session=LONDON | RR=2.00,V50 realtime loss proxy,96.0,4.0,96.0,2.000000000000154,0.01,5.896517805590975,5.896517805590975,0.08,0.0,0.0,0.08,5.8165178055909745,1225.8805060925877,1231.6970238981787,1304.1477877462905,72.45076384811182,5.55541055460552,5.8165178055909745,1,0
proxy_hardened_no_worst_hours,proxy_hardened_no_worst_hours-000430,2024-03-06 19:45:00,2024-03-07 04:00:00,XAUUSD,15m,BUY,NEW YORK,2144.295,2138.377133423941,2156.1307331521184,V50 realtime loss proxy | variant=proxy_hardened_no_worst_hours | Side=BUY | score=100.0 | opposite_score=8.0 | session=NEW YORK | RR=2.00,V50 realtime loss proxy,100.0,8.0,100.0,2.0,0.01,11.835733152118337,11.835733152118337,0.08,0.0,0.0,0.08,11.755733152118337,1231.6970238981787,1243.4527570502971,1304.1477877462905,60.69503069599341,4.653999436741831,17.57225095770931,2,0
proxy_hardened_no_worst_hours,proxy_hardened_no_worst_hours-000431,2024-03-07 13:00:00,2024-03-07 14:00:00,XAUUSD,15m,BUY,LONDON,2157.945,2153.957428949627,2165.920142100747,V50 realtime loss proxy | variant=proxy_hardened_no_worst_hours | Side=BUY | score=96.0 | opposite_score=11.0 | session=LONDON | RR=2.00,V50 realtime loss proxy,96.0,11.0,96.0,2.0,0.01,-3.98757105037339,-3.98757105037339,0.08,0.0,0.0,0.08,-4.06757105037339,1243.4527570502971,1239.3851859999238,1304.1477877462905,64.76260174636673,4.965894383663646,-4.06757105037339,1,1
proxy_hardened_no_worst_hours,proxy_hardened_no_worst_hours-000432,2024-03-08 13:30:00,2024-03-08 13:45:00,XAUUSD,15m,BUY,LONDON,2180.625,2174.3292818333034,2193.216436333393,V50 realtime loss proxy | variant=proxy_hardened_no_worst_hours | Side=BUY | score=100.0 | opposite_score=4.0 | session=LONDON | RR=2.00,V50 realtime loss proxy,100.0,4.0,100.0,2.0,0.01,-6.295718166696588,-6.295718166696588,0.08,0.0,0.0,0.08,-6.375718166696588,1239.3851859999238,1233.0094678332273,1304.1477877462905,71.13831991306324,5.454774419086199,-6.375718166696588,1,1
proxy_hardened_no_worst_hours,proxy_hardened_no_worst_hours-000433,2024-03-08 14:15:00,2024-03-08 17:00:00,XAUUSD,15m,BUY,LONDON,2169.415,2161.515140921198,2185.214718157604,V50 realtime loss proxy | variant=proxy_hardened_no_worst_hours | Side=BUY | score=100.0 | opposite_score=8.0 | session=LONDON | RR=2.00,V50 realtime loss proxy,100.0,8.0,100.0,2.0,0.01,15.79971815760382,15.79971815760382,0.08,0.0,0.0,0.08,15.71971815760382,1233.0094678332273,1248.7291859908312,1304.1477877462905,55.41860175545935,4.24941116920719,9.343999990907232,2,0
proxy_hardened_no_worst_hours,proxy_hardened_no_worst_hours-000434,2024-03-15 10:30:00,2024-03-15 12:00:00,XAUUSD,15m,BUY,LONDON,2168.645,2165.559773362272,2174.8154532754556,V50 realtime loss proxy | variant=proxy_hardened_no_worst_hours | Side=BUY | score=96.0 | opposite_score=4.0 | session=LONDON | RR=2.00,V50 realtime loss proxy,96.0,4.0,96.0,2.0,0.01,-3.0852266377278283,-3.0852266377278283,0.08,0.0,0.0,0.08,-3.1652266377278284,1248.7291859908312,1245.5639593531034,1304.1477877462905,58.583828393187105,4.492115766605435,-3.1652266377278284,1,1
proxy_hardened_no_worst_hours,proxy_hardened_no_worst_hours-000435,2024-03-18 14:15:00,2024-03-18 16:00:00,XAUUSD,15m,BUY,LONDON,2160.005,2156.3178591453448,2167.379281709311,V50 realtime loss proxy | variant=proxy_hardened_no_worst_hours | Side=BUY | score=80.0 | opposite_score=8.0 | session=LONDON | RR=2.00,V50 realtime loss proxy,80.0,8.0,80.0,2.0,0.01,-3.687140854655354,-3.687140854655354,0.08,0.0,0.0,0.08,-3.767140854655354,1245.5639593531034,1241.7968184984481,1304.1477877462905,62.350969247842386,4.780974198912813,-3.767140854655354,1,1
proxy_hardened_no_worst_hours,proxy_hardened_no_worst_hours-000436,2024-03-19 10:45:00,2024-03-19 12:30:00,XAUUSD,15m,SELL,LONDON,2154.025,2157.385392608716,2147.3042147825686,V50 realtime loss proxy | variant=proxy_hardened_no_worst_hours | Side=SELL | score=79.0 | opposite_score=26.0 | session=LONDON | RR=2.00,V50 realtime loss proxy,26.0,79.0,79.0,2.0,0.01,-3.360392608715756,-3.360392608715756,0.08,0.0,0.0,0.08,-3.440392608715756,1241.7968184984481,1238.3564258897325,1304.1477877462905,65.79136185655807,5.0447780899320245,-3.440392608715756,1,1
proxy_hardened_no_worst_hours,proxy_hardened_no_worst_hours-000437,2024-03-19 14:00:00,2024-03-19 17:00:00,XAUUSD,15m,SELL,LONDON,2151.735,2155.9991445414303,2143.20671091714,V50 realtime loss proxy | variant=proxy_hardened_no_worst_hours | Side=SELL | score=78.0 | opposite_score=37.0 | session=LONDON | RR=2.00,V50 realtime loss proxy,37.0,78.0,78.0,2.0,0.01,-4.2641445414301415,-4.2641445414301415,0.08,0.0,0.0,0.08,-4.344144541430142,1238.3564258897325,1234.0122813483024,1304.1477877462905,70.13550639798814,5.37788025689864,-7.784537150145898,2,2
proxy_hardened_no_worst_hours,proxy_hardened_no_worst_hours-000438,2024-03-20 13:15:00,2024-03-20 13:30:00,XAUUSD,15m,SELL,LONDON,2151.045,2154.3094627490427,2144.5160745019148,V50 realtime loss proxy | variant=proxy_hardened_no_worst_hours | Side=SELL | score=79.0 | opposite_score=26.0 | session=LONDON | RR=2.00,V50 realtime loss proxy,26.0,79.0,79.0,2.0,0.01,-3.26446274904265,-3.26446274904265,0.08,0.0,0.0,0.08,-3.34446274904265,1234.0122813483024,1230.6678185992598,1304.1477877462905,73.47996914703072,5.634328397244925,-3.34446274904265,1,1
proxy_hardened_no_worst_hours,proxy_hardened_no_worst_hours-000439,2024-03-20 14:30:00,2024-03-20 18:00:00,XAUUSD,15m,BUY,LONDON,2157.885,2153.470910290392,2166.7131794192164,V50 realtime loss proxy | variant=proxy_hardened_no_worst_hours | Side=BUY | score=79.0 | opposite_score=19.0 | session=LONDON | RR=2.00,V50 realtime loss proxy,79.0,19.0,79.0,2.0,0.01,8.828179419216212,8.828179419216212,0.08,0.0,0.0,0.08,8.748179419216212,1230.6678185992598,1239.415998018476,1304.1477877462905,64.73178972781443,4.963531766570568,5.403716670173562,2,0
proxy_hardened_no_worst_hours,proxy_hardened_no_worst_hours-000440,2024-03-25 13:15:00,2024-03-25 13:30:00,XAUUSD,15m,BUY,LONDON,2173.075,2169.4205338855018,2180.383932228996,V50 realtime loss proxy | variant=proxy_hardened_no_worst_hours | Side=BUY | score=76.0 | opposite_score=4.0 | session=LONDON | RR=2.00,V50 realtime loss proxy,76.0,4.0,76.0,2.0,0.01,7.308932228996127,7.308932228996127,0.08,0.0,0.0,0.08,7.228932228996127,1239.415998018476,1246.6449302474723,1304.1477877462905,57.50285749881823,4.4092286195715165,7.228932228996127,1,0
proxy_hardened_no_worst_hours,proxy_hardened_no_worst_hours-000441,2024-03-25 15:15:00,2024-03-25 19:00:00,XAUUSD,15m,BUY,LONDON,2175.385,2171.30717853142,2183.5406429371606,V50 realtime loss proxy | variant=proxy_hardened_no_worst_hours | Side=BUY | score=90.0 | opposite_score=4.0 | session=LONDON | RR=2.00,V50 realtime loss proxy,90.0,4.0,90.0,2.0,0.01,-4.077821468580169,-4.077821468580169,0.08,0.0,0.0,0.08,-4.157821468580169,1246.6449302474723,1242.4871087788922,1304.1477877462905,61.660678967398326,4.728043826532474,3.0711107604159587,2,1
proxy_hardened_no_worst_hours,proxy_hardened_no_worst_hours-000442,2024-03-27 13:30:00,2024-03-28 10:15:00,XAUUSD,15m,BUY,LONDON,2190.228,2184.814162015519,2201.0556759689625,V50 realtime loss proxy | variant=proxy_hardened_no_worst_hours | Side=BUY | score=76.0 | opposite_score=4.0 | session=LONDON | RR=2.00,V50 realtime loss proxy,76.0,4.0,76.0,2.0,0.01,10.827675968962467,10.827675968962467,0.08,0.0,0.0,0.08,10.747675968962467,1242.4871087788922,1253.2347847478547,1304.1477877462905,50.913002998435786,3.9039289470727088,10.747675968962467,1,0
proxy_hardened_no_worst_hours,proxy_hardened_no_worst_hours-000443,2024-03-28 13:30:00,2024-03-28 16:30:00,XAUUSD,15m,BUY,LONDON,2208.235,2201.673973375219,2221.357053249563,V50 realtime loss proxy | variant=proxy_hardened_no_worst_hours | Side=BUY | score=96.0 | opposite_score=4.0 | session=LONDON | RR=2.00,V50 realtime loss proxy,96.0,4.0,96.0,2.0,0.01,13.122053249562668,13.122053249562668,0.08,0.0,0.0,0.08,13.042053249562668,1253.2347847478547,1266.2768379974175,1304.1477877462905,37.870949748873045,2.9038848284455683,13.042053249562668,1,0
proxy_hardened_no_worst_hours,proxy_hardened_no_worst_hours-000444,2024-04-02 10:15:00,2024-04-02 11:15:00,XAUUSD,15m,BUY,LONDON,2260.605,2256.0519620355517,2269.711075928897,V50 realtime loss proxy | variant=proxy_hardened_no_worst_hours | Side=BUY | score=96.0 | opposite_score=4.0 | session=LONDON | RR=2.00,V50 realtime loss proxy,96.0,4.0,96.0,2.0000000000001,0.01,-4.553037964448322,-4.553037964448322,0.08,0.0,0.0,0.08,-4.633037964448322,1266.2768379974175,1261.6438000329692,1304.1477877462905,42.503987713321294,3.259138888451654,-4.633037964448322,1,1
proxy_hardened_no_worst_hours,proxy_hardened_no_worst_hours-000445,2024-04-02 13:00:00,2024-04-02 14:00:00,XAUUSD,15m,BUY,LONDON,2258.445,2253.138128627972,2269.058742744057,V50 realtime loss proxy | variant=proxy_hardened_no_worst_hours | Side=BUY | score=74.0 | opposite_score=4.0 | session=LONDON | RR=2.00,V50 realtime loss proxy,74.0,4.0,74.0,2.0000000000000857,0.01,10.613742744056708,10.613742744056708,0.08,0.0,0.0,0.08,10.533742744056708,1261.6438000329692,1272.177542777026,1304.1477877462905,31.970244969264513,2.4514280720065154,5.900704779608386,2,0
proxy_hardened_no_worst_hours,proxy_hardened_no_worst_hours-000446,2024-04-03 14:00:00,2024-04-03 16:15:00,XAUUSD,15m,BUY,LONDON,2279.215,2273.0983077841374,2291.448384431726,V50 realtime loss proxy | variant=proxy_hardened_no_worst_hours | Side=BUY | score=79.0 | opposite_score=8.0 | session=LONDON | RR=2.00,V50 realtime loss proxy,79.0,8.0,79.0,2.000000000000074,0.01,12.23338443172588,12.23338443172588,0.08,0.0,0.0,0.08,12.15338443172588,1272.177542777026,1284.330927208752,1304.1477877462905,19.81686053753856,1.5195256798145749,12.15338443172588,1,0
proxy_hardened_no_worst_hours,proxy_hardened_no_worst_hours-000447,2024-04-04 19:00:00,2024-04-04 19:30:00,XAUUSD,15m,BUY,NEW YORK,2298.655,2291.5780428609146,2312.808914278172,V50 realtime loss proxy | variant=proxy_hardened_no_worst_hours | Side=BUY | score=100.0 | opposite_score=8.0 | session=NEW YORK | RR=2.00,V50 realtime loss proxy,100.0,8.0,100.0,2.0000000000000644,0.01,-7.076957139085607,-7.076957139085607,0.08,0.0,0.0,0.08,-7.156957139085607,1284.330927208752,1277.1739700696664,1304.1477877462905,26.973817676624094,2.068309890187966,-7.156957139085607,1,1
proxy_hardened_no_worst_hours,proxy_hardened_no_worst_hours-000448,2024-04-05 13:30:00,2024-04-05 14:15:00,XAUUSD,15m,BUY,LONDON,2294.588,2287.38124939435,2309.0015012113004,V50 realtime loss proxy | variant=proxy_hardened_no_worst_hours | Side=BUY | score=76.0 | opposite_score=4.0 | session=LONDON | RR=2.00,V50 realtime loss proxy,76.0,4.0,76.0,2.0,0.01,14.413501211300172,14.413501211300172,0.08,0.0,0.0,0.08,14.333501211300172,1277.1739700696664,1291.5074712809667,1304.1477877462905,12.64031646532385,0.9692395742332004,14.333501211300172,1,0
proxy_hardened_no_worst_hours,proxy_hardened_no_worst_hours-000449,2024-04-08 10:15:00,2024-04-08 12:00:00,XAUUSD,15m,BUY,LONDON,2340.195,2334.026298097337,2352.5324038053263,V50 realtime loss proxy | variant=proxy_hardened_no_worst_hours | Side=BUY | score=96.0 | opposite_score=4.0 | session=LONDON | RR=2.00,V50 realtime loss proxy,96.0,4.0,96.0,2.0,0.01,-6.168701902663088,-6.168701902663088,0.08,0.0,0.0,0.08,-6.248701902663088,1291.5074712809667,1285.2587693783037,1304.1477877462905,18.889018367986864,1.4483802024177908,-6.248701902663088,1,1
proxy_hardened_no_worst_hours,proxy_hardened_no_worst_hours-000450,2024-04-08 19:00:00,2024-04-09 07:00:00,XAUUSD,15m,BUY,NEW YORK,2337.665,2331.6293038815747,2349.7363922368504,V50 realtime loss proxy | variant=proxy_hardened_no_worst_hours | Side=BUY | score=94.0 | opposite_score=8.0 | session=NEW YORK | RR=2.00,V50 realtime loss proxy,94.0,8.0,94.0,2.0,0.01,12.071392236850443,12.071392236850443,0.08,0.0,0.0,0.08,11.991392236850443,1285.2587693783037,1297.2501616151542,1304.1477877462905,6.897626131136349,0.5288991167984265,5.742690334187355,2,0
proxy_hardened_no_worst_hours,proxy_hardened_no_worst_hours-000451,2024-04-09 13:30:00,2024-04-09 14:30:00,XAUUSD,15m,BUY,LONDON,2354.524,2347.902187358946,2367.767625282108,V50 realtime loss proxy | variant=proxy_hardened_no_worst_hours | Side=BUY | score=96.0 | opposite_score=4.0 | session=LONDON | RR=2.00,V50 realtime loss proxy,96.0,4.0,96.0,2.0,0.01,-6.621812641054021,-6.621812641054021,0.08,0.0,0.0,0.08,-6.701812641054021,1297.2501616151542,1290.5483489741002,1304.1477877462905,13.599438772190297,1.0427835633330795,-6.701812641054021,1,1
proxy_hardened_no_worst_hours,proxy_hardened_no_worst_hours-000452,2024-04-09 22:00:00,2024-04-10 01:00:00,XAUUSD,15m,BUY,NEW YORK,2352.345,2347.3315269476425,2362.371946104715,V50 realtime loss proxy | variant=proxy_hardened_no_worst_hours | Side=BUY | score=100.0 | opposite_score=8.0 | session=NEW YORK | RR=2.00,V50 realtime loss proxy,100.0,8.0,100.0,2.0000000000000906,0.01,-5.0134730523573126,-5.0134730523573126,0.08,0.0,0.0,0.08,-5.093473052357313,1290.5483489741002,1285.454875921743,1304.1477877462905,18.692911824547537,1.4333430612837923,-11.795285693411333,2,2
proxy_hardened_no_worst_hours,proxy_hardened_no_worst_hours-000453,2024-04-11 14:00:00,2024-04-11 14:15:00,XAUUSD,15m,BUY,LONDON,2341.955,2335.519344777854,2354.8263104442926,V50 realtime loss proxy | variant=proxy_hardened_no_worst_hours | Side=BUY | score=80.0 | opposite_score=8.0 | session=LONDON | RR=2.00,V50 realtime loss proxy,80.0,8.0,80.0,2.0000000000000706,0.01,-6.435655222146124,-6.435655222146124,0.08,0.0,0.0,0.08,-6.515655222146124,1285.454875921743,1278.939220699597,1304.1477877462905,25.208567046693588,1.9329532498963737,-6.515655222146124,1,1
proxy_hardened_no_worst_hours,proxy_hardened_no_worst_hours-000454,2024-04-12 13:00:00,2024-04-12 14:00:00,XAUUSD,15m,BUY,LONDON,2395.315,2389.4887324168217,2406.967535166357,V50 realtime loss proxy | variant=proxy_hardened_no_worst_hours | Side=BUY | score=96.0 | opposite_score=4.0 | session=LONDON | RR=2.00,V50 realtime loss proxy,96.0,4.0,96.0,2.0,0.01,11.652535166356756,11.652535166356756,0.08,0.0,0.0,0.08,11.572535166356756,1278.939220699597,1290.5117558659538,1304.1477877462905,13.636031880336759,1.0455894652784181,11.572535166356756,1,0
proxy_hardened_no_worst_hours,proxy_hardened_no_worst_hours-000455,2024-04-16 15:15:00,2024-04-17 16:30:00,XAUUSD,15m,BUY,LONDON,2379.665,2369.691458828906,2399.6120823421884,V50 realtime loss proxy | variant=proxy_hardened_no_worst_hours | Side=BUY | score=76.0 | opposite_score=4.0 | session=LONDON | RR=2.00,V50 realtime loss proxy,76.0,4.0,76.0,2.0000000000000457,0.01,-9.973541171093984,-9.973541171093984,0.08,0.0,0.0,0.08,-10.053541171093984,1290.5117558659538,1280.4582146948599,1304.1477877462905,23.68957305143067,1.8164791808119258,-10.053541171093984,1,1
proxy_hardened_no_worst_hours,proxy_hardened_no_worst_hours-000456,2024-04-18 15:15:00,2024-04-19 00:00:00,XAUUSD,15m,BUY,LONDON,2384.048,2375.6864925224927,2400.771014955014,V50 realtime loss proxy | variant=proxy_hardened_no_worst_hours | Side=BUY | score=76.0 | opposite_score=4.0 | session=LONDON | RR=2.00,V50 realtime loss proxy,76.0,4.0,76.0,2.0,0.01,-8.361507477507075,-8.361507477507075,0.08,0.0,0.0,0.08,-8.441507477507075,1280.4582146948599,1272.0167072173529,1304.1477877462905,32.13108052893767,2.463760689612002,-8.441507477507075,1,1
proxy_hardened_no_worst_hours,proxy_hardened_no_worst_hours-000457,2024-04-19 14:15:00,2024-04-22 01:15:00,XAUUSD,15m,BUY,LONDON,2388.255,2380.032120130266,2404.700759739469,V50 realtime loss proxy | variant=proxy_hardened_no_worst_hours | Side=BUY | score=83.0 | opposite_score=8.0 | session=LONDON | RR=2.00,V50 realtime loss proxy,83.0,8.0,83.0,2.0000000000000555,0.01,-8.222879869734243,-8.222879869734243,0.08,0.0,0.0,0.08,-8.302879869734243,1272.0167072173529,1263.7138273476187,1304.1477877462905,40.43396039867184,3.100412451609195,-8.302879869734243,1,1
proxy_hardened_no_worst_hours,proxy_hardened_no_worst_hours-000458,2024-04-23 10:30:00,2024-04-23 12:15:00,XAUUSD,15m,SELL,LONDON,2302.885,2309.97384794016,2288.707304119681,V50 realtime loss proxy | variant=proxy_hardened_no_worst_hours | Side=SELL | score=85.0 | opposite_score=4.0 | session=LONDON | RR=2.00,V50 realtime loss proxy,4.0,85.0,85.0,2.0,0.01,-7.088847940159667,-7.088847940159667,0.08,0.0,0.0,0.08,-7.168847940159667,1263.7138273476187,1256.544979407459,1304.1477877462905,47.60280833883144,3.650108429896145,-7.168847940159667,1,1
proxy_hardened_no_worst_hours,proxy_hardened_no_worst_hours-000459,2024-04-24 10:00:00,2024-04-24 12:30:00,XAUUSD,15m,SELL,LONDON,2317.325,2321.8804093208964,2308.214181358206,V50 realtime loss proxy | variant=proxy_hardened_no_worst_hours | Side=SELL | score=79.0 | opposite_score=4.0 | session=LONDON | RR=2.00,V50 realtime loss proxy,4.0,79.0,79.0,2.0000000000001,0.01,-4.555409320896615,-4.555409320896615,0.08,0.0,0.0,0.08,-4.635409320896615,1256.544979407459,1251.9095700865626,1304.1477877462905,52.23821765972798,4.005544321782834,-4.635409320896615,1,1
proxy_hardened_no_worst_hours,proxy_hardened_no_worst_hours-000460,2024-04-26 13:00:00,2024-04-26 13:15:00,XAUUSD,15m,BUY,LONDON,2347.465,2341.90409043006,2358.5868191398804,V50 realtime loss proxy | variant=proxy_hardened_no_worst_hours | Side=BUY | score=96.0 | opposite_score=4.0 | session=LONDON | RR=2.00,V50 realtime loss proxy,96.0,4.0,96.0,2.0,0.01,-5.560909569940122,-5.560909569940122,0.08,0.0,0.0,0.08,-5.640909569940122,1251.9095700865626,1246.2686605166225,1304.1477877462905,57.87912722966803,4.43808039038961,-5.640909569940122,1,1
proxy_hardened_no_worst_hours,proxy_hardened_no_worst_hours-000461,2024-04-30 13:45:00,2024-04-30 14:45:00,XAUUSD,15m,SELL,LONDON,2307.585,2313.460896167647,2295.8332076647057,V50 realtime loss proxy | variant=proxy_hardened_no_worst_hours | Side=SELL | score=85.0 | opposite_score=4.0 | session=LONDON | RR=2.00,V50 realtime loss proxy,4.0,85.0,85.0,2.0,0.01,11.75179233529434,11.75179233529434,0.08,0.0,0.0,0.08,11.67179233529434,1246.2686605166225,1257.940452851917,1304.1477877462905,46.207334894373616,3.5431057222605826,11.67179233529434,1,0
proxy_hardened_no_worst_hours,proxy_hardened_no_worst_hours-000462,2024-05-02 14:15:00,2024-05-02 14:45:00,XAUUSD,15m,SELL,LONDON,2296.125,2304.1744329271223,2280.026134145755,V50 realtime loss proxy | variant=proxy_hardened_no_worst_hours | Side=SELL | score=89.0 | opposite_score=8.0 | session=LONDON | RR=2.00,V50 realtime loss proxy,8.0,89.0,89.0,2.0000000000000564,0.01,-8.049432927122325,-8.049432927122325,0.08,0.0,0.0,0.08,-8.129432927122325,1257.940452851917,1249.8110199247947,1304.1477877462905,54.33676782149587,4.16645784565534,-8.129432927122325,1,1
proxy_hardened_no_worst_hours,proxy_hardened_no_worst_hours-000463,2024-05-06 14:15:00,2024-05-06 16:30:00,XAUUSD,15m,BUY,LONDON,2324.685,2318.03691943966,2337.98116112068,V50 realtime loss proxy | variant=proxy_hardened_no_worst_hours | Side=BUY | score=78.0 | opposite_score=8.0 | session=LONDON | RR=2.00,V50 realtime loss proxy,78.0,8.0,78.0,2.0,0.01,-6.648080560340077,-6.648080560340077,0.08,0.0,0.0,0.08,-6.728080560340077,1249.8110199247947,1243.0829393644547,1304.1477877462905,61.06484838183587,4.6823564749024795,-6.728080560340077,1,1
proxy_hardened_no_worst_hours,proxy_hardened_no_worst_hours-000464,2024-05-10 14:30:00,2024-05-10 14:45:00,XAUUSD,15m,BUY,LONDON,2365.148,2357.800542485824,2379.8429150283528,V50 realtime loss proxy | variant=proxy_hardened_no_worst_hours | Side=BUY | score=72.0 | opposite_score=18.0 | session=LONDON | RR=2.00,V50 realtime loss proxy,72.0,18.0,72.0,2.0,0.01,-7.3474575141763125,-7.3474575141763125,0.08,0.0,0.0,0.08,-7.427457514176313,1243.0829393644547,1235.6554818502784,1304.1477877462905,68.49230589601211,5.251882228345782,-7.427457514176313,1,1
proxy_hardened_no_worst_hours,proxy_hardened_no_worst_hours-000465,2024-05-10 18:00:00,2024-05-10 19:15:00,XAUUSD,15m,BUY,NEW YORK,2369.618,2364.036461625368,2380.7810767492642,V50 realtime loss proxy | variant=proxy_hardened_no_worst_hours | Side=BUY | score=100.0 | opposite_score=8.0 | session=NEW YORK | RR=2.00,V50 realtime loss proxy,100.0,8.0,100.0,2.0,0.01,-5.581538374632146,-5.581538374632146,0.08,0.0,0.0,0.08,-5.661538374632146,1235.6554818502784,1229.9939434756463,1304.1477877462905,74.15384427064419,5.686000081232366,-13.088995888808459,2,2
proxy_hardened_no_worst_hours,proxy_hardened_no_worst_hours-000466,2024-05-14 10:15:00,2024-05-14 12:30:00,XAUUSD,15m,BUY,LONDON,2344.685,2340.983518660384,2352.087962679232,V50 realtime loss proxy | variant=proxy_hardened_no_worst_hours | Side=BUY | score=96.0 | opposite_score=4.0 | session=LONDON | RR=2.00,V50 realtime loss proxy,96.0,4.0,96.0,2.000000000000123,0.01,-3.701481339615839,-3.701481339615839,0.08,0.0,0.0,0.08,-3.781481339615839,1229.9939434756463,1226.2124621360306,1304.1477877462905,77.93532561025995,5.975958119358595,-3.781481339615839,1,1
proxy_hardened_no_worst_hours,proxy_hardened_no_worst_hours-000467,2024-05-14 15:00:00,2024-05-15 07:15:00,XAUUSD,15m,BUY,LONDON,2350.725,2344.6181406851288,2362.9387186297427,V50 realtime loss proxy | variant=proxy_hardened_no_worst_hours | Side=BUY | score=76.0 | opposite_score=4.0 | session=LONDON | RR=2.00,V50 realtime loss proxy,76.0,4.0,76.0,2.0000000000000746,0.01,12.213718629742743,12.213718629742743,0.08,0.0,0.0,0.08,12.133718629742743,1226.2124621360306,1238.3461807657734,1304.1477877462905,65.80160698051714,5.045563669914242,8.352237290126904,2,0
proxy_hardened_no_worst_hours,proxy_hardened_no_worst_hours-000468,2024-05-15 14:15:00,2024-05-15 15:15:00,XAUUSD,15m,BUY,LONDON,2366.525,2358.04728480749,2383.48043038502,V50 realtime loss proxy | variant=proxy_hardened_no_worst_hours | Side=BUY | score=78.0 | opposite_score=8.0 | session=LONDON | RR=2.00,V50 realtime loss proxy,78.0,8.0,78.0,2.0,0.01,16.95543038502001,16.95543038502001,0.08,0.0,0.0,0.08,16.87543038502001,1238.3461807657734,1255.2216111507935,1304.1477877462905,48.926176595497054,3.751582225205229,16.87543038502001,1,0
proxy_hardened_no_worst_hours,proxy_hardened_no_worst_hours-000469,2024-05-17 10:00:00,2024-05-17 12:30:00,XAUUSD,15m,BUY,LONDON,2383.635,2379.998670318235,2390.907659363531,V50 realtime loss proxy | variant=proxy_hardened_no_worst_hours | Side=BUY | score=90.0 | opposite_score=4.0 | session=LONDON | RR=2.00,V50 realtime loss proxy,90.0,4.0,90.0,2.0,0.01,7.272659363530693,7.272659363530693,0.08,0.0,0.0,0.08,7.192659363530693,1255.2216111507935,1262.4142705143242,1304.1477877462905,41.73351723196629,3.2000604244467072,7.192659363530693,1,0
proxy_hardened_no_worst_hours,proxy_hardened_no_worst_hours-000470,2024-05-20 10:00:00,2024-05-20 11:00:00,XAUUSD,15m,BUY,LONDON,2441.208,2434.3392641071073,2454.9454717857857,V50 realtime loss proxy | variant=proxy_hardened_no_worst_hours | Side=BUY | score=96.0 | opposite_score=4.0 | session=LONDON | RR=2.00,V50 realtime loss proxy,96.0,4.0,96.0,2.0,0.01,-6.868735892892801,-6.868735892892801,0.08,0.0,0.0,0.08,-6.948735892892801,1262.4142705143242,1255.4655346214315,1304.1477877462905,48.68225312485902,3.7328785573441223,-6.948735892892801,1,1
proxy_hardened_no_worst_hours,proxy_hardened_no_worst_hours-000471,2024-05-20 19:00:00,2024-05-20 19:45:00,XAUUSD,15m,BUY,NEW YORK,2433.455,2427.243221203565,2445.8785575928696,V50 realtime loss proxy | variant=proxy_hardened_no_worst_hours | Side=BUY | score=100.0 | opposite_score=8.0 | session=NEW YORK | RR=2.00,V50 realtime loss proxy,100.0,8.0,100.0,2.0,0.01,-6.211778796434828,-6.211778796434828,0.08,0.0,0.0,0.08,-6.291778796434828,1255.4655346214315,1249.1737558249968,1304.1477877462905,54.97403192129377,4.21532225395213,-13.240514689327629,2,2
proxy_hardened_no_worst_hours,proxy_hardened_no_worst_hours-000472,2024-05-21 13:00:00,2024-05-21 15:45:00,XAUUSD,15m,BUY,LONDON,2427.875,2421.9172148122343,2439.790570375532,V50 realtime loss proxy | variant=proxy_hardened_no_worst_hours | Side=BUY | score=90.0 | opposite_score=4.0 | session=LONDON | RR=2.00,V50 realtime loss proxy,90.0,4.0,90.0,2.0000000000000764,0.01,-5.957785187765694,-5.957785187765694,0.08,0.0,0.0,0.08,-6.037785187765694,1249.1737558249968,1243.1359706372311,1304.1477877462905,61.01181710905939,4.678290120362391,-6.037785187765694,1,1
proxy_hardened_no_worst_hours,proxy_hardened_no_worst_hours-000473,2024-05-22 14:00:00,2024-05-22 18:15:00,XAUUSD,15m,SELL,LONDON,2393.635,2400.986366781739,2378.9322664365227,V50 realtime loss proxy | variant=proxy_hardened_no_worst_hours | Side=SELL | score=76.0 | opposite_score=30.0 | session=LONDON | RR=2.00,V50 realtime loss proxy,30.0,76.0,76.0,2.0,0.01,14.702733563477523,14.702733563477523,0.08,0.0,0.0,0.08,14.622733563477523,1243.1359706372311,1257.7587042007087,1304.1477877462905,46.3890835455818,3.5570419228136094,14.622733563477523,1,0
proxy_hardened_no_worst_hours,proxy_hardened_no_worst_hours-000474,2024-05-23 14:00:00,2024-05-23 17:15:00,XAUUSD,15m,SELL,LONDON,2352.605,2360.5831560646157,2336.6486878707688,V50 realtime loss proxy | variant=proxy_hardened_no_worst_hours | Side=SELL | score=89.0 | opposite_score=8.0 | session=LONDON | RR=2.00,V50 realtime loss proxy,8.0,89.0,89.0,2.0,0.01,15.956312129231264,15.956312129231264,0.08,0.0,0.0,0.08,15.876312129231264,1257.7587042007087,1273.63501632994,1304.1477877462905,30.51277141635046,2.3396712936253836,15.876312129231264,1,0
proxy_hardened_no_worst_hours,proxy_hardened_no_worst_hours-000475,2024-05-28 10:00:00,2024-05-28 12:00:00,XAUUSD,15m,SELL,LONDON,2344.945,2348.3705750586646,2338.0938498826713,V50 realtime loss proxy | variant=proxy_hardened_no_worst_hours | Side=SELL | score=85.0 | opposite_score=4.0 | session=LONDON | RR=2.00,V50 realtime loss proxy,4.0,85.0,85.0,2.0,0.01,-3.4255750586644353,-3.4255750586644353,0.08,0.0,0.0,0.08,-3.5055750586644354,1273.63501632994,1270.1294412712757,1304.1477877462905,34.01834647501482,2.6084732723276884,-3.5055750586644354,1,1
proxy_hardened_no_worst_hours,proxy_hardened_no_worst_hours-000476,2024-05-28 14:15:00,2024-05-29 08:15:00,XAUUSD,15m,BUY,LONDON,2353.058,2347.2134877428416,2364.747024514317,V50 realtime loss proxy | variant=proxy_hardened_no_worst_hours | Side=BUY | score=72.0 | opposite_score=19.0 | session=LONDON | RR=2.00,V50 realtime loss proxy,72.0,19.0,72.0,2.0000000000000777,0.01,-5.844512257158385,-5.844512257158385,0.08,0.0,0.0,0.08,-5.924512257158385,1270.1294412712757,1264.2049290141174,1304.1477877462905,39.942858732173136,3.0627555486789384,-9.43008731582282,2,2
proxy_hardened_no_worst_hours,proxy_hardened_no_worst_hours-000477,2024-05-29 13:15:00,2024-05-30 02:30:00,XAUUSD,15m,SELL,LONDON,2344.375,2350.0787699532807,2332.9674600934386,V50 realtime loss proxy | variant=proxy_hardened_no_worst_hours | Side=SELL | score=85.0 | opposite_score=4.0 | session=LONDON | RR=2.00,V50 realtime loss proxy,4.0,85.0,85.0,2.0,0.01,11.407539906561396,11.407539906561396,0.08,0.0,0.0,0.08,11.327539906561396,1264.2049290141174,1275.5324689206789,1304.1477877462905,28.615318825611666,2.194177615027976,11.327539906561396,1,0
proxy_hardened_no_worst_hours,proxy_hardened_no_worst_hours-000478,2024-05-30 14:45:00,2024-05-31 03:00:00,XAUUSD,15m,BUY,LONDON,2343.995,2338.002746685534,2355.9795066289316,V50 realtime loss proxy | variant=proxy_hardened_no_worst_hours | Side=BUY | score=72.0 | opposite_score=19.0 | session=LONDON | RR=2.00,V50 realtime loss proxy,72.0,19.0,72.0,2.0,0.01,-5.99225331446587,-5.99225331446587,0.08,0.0,0.0,0.08,-6.07225331446587,1275.5324689206789,1269.460215606213,1304.1477877462905,34.687572140077464,2.6597884431504015,-6.07225331446587,1,1
proxy_hardened_no_worst_hours,proxy_hardened_no_worst_hours-000479,2024-06-04 14:00:00,2024-06-04 15:15:00,XAUUSD,15m,SELL,LONDON,2321.148,2327.993176283391,2307.457647433218,V50 realtime loss proxy | variant=proxy_hardened_no_worst_hours | Side=SELL | score=93.0 | opposite_score=8.0 | session=LONDON | RR=2.00,V50 realtime loss proxy,8.0,93.0,93.0,2.0,0.01,-6.845176283391083,-6.845176283391083,0.08,0.0,0.0,0.08,-6.9251762833910835,1269.460215606213,1262.535039322822,1304.1477877462905,41.612748423468474,3.19080006226747,-6.9251762833910835,1,1
proxy_hardened_no_worst_hours,proxy_hardened_no_worst_hours-000480,2024-06-06 14:45:00,2024-06-06 15:30:00,XAUUSD,15m,BUY,LONDON,2364.125,2358.0659620169536,2376.2430759660933,V50 realtime loss proxy | variant=proxy_hardened_no_worst_hours | Side=BUY | score=100.0 | opposite_score=8.0 | session=LONDON | RR=2.00,V50 realtime loss proxy,100.0,8.0,100.0,2.000000000000075,0.01,12.118075966093329,12.118075966093329,0.08,0.0,0.0,0.08,12.038075966093329,1262.535039322822,1274.5731152889155,1304.1477877462905,29.574672457375073,2.2677393417569127,12.038075966093329,1,0
proxy_hardened_no_worst_hours,proxy_hardened_no_worst_hours-000481,2024-06-06 18:00:00,2024-06-07 03:45:00,XAUUSD,15m,BUY,NEW YORK,2370.385,2364.6721439952707,2381.8107120094596,V50 realtime loss proxy | variant=proxy_hardened_no_worst_hours | Side=BUY | score=100.0 | opposite_score=8.0 | session=NEW YORK | RR=2.00,V50 realtime loss proxy,100.0,8.0,100.0,2.0000000000000795,0.01,11.425712009459403,11.425712009459403,0.08,0.0,0.0,0.08,11.345712009459403,1274.5731152889155,1285.918827298375,1304.1477877462905,18.228960447915597,1.3977679998535462,23.383787975552732,2,0
proxy_hardened_no_worst_hours,proxy_hardened_no_worst_hours-000482,2024-06-11 18:45:00,2024-06-12 12:30:00,XAUUSD,15m,BUY,NEW YORK,2313.738,2309.5283841745795,2322.157231650841,V50 realtime loss proxy | variant=proxy_hardened_no_worst_hours | Side=BUY | score=72.0 | opposite_score=30.0 | session=NEW YORK | RR=2.00,V50 realtime loss proxy,72.0,30.0,72.0,2.000000000000108,0.01,8.419231650841084,8.419231650841084,0.08,0.0,0.0,0.08,8.339231650841084,1285.918827298375,1294.258058949216,1304.1477877462905,9.88972879707444,0.7583288404886205,8.339231650841084,1,0
proxy_hardened_no_worst_hours,proxy_hardened_no_worst_hours-000483,2024-06-13 14:00:00,2024-06-13 15:00:00,XAUUSD,15m,SELL,LONDON,2306.185,2314.5840240016737,2289.386951996652,V50 realtime loss proxy | variant=proxy_hardened_no_worst_hours | Side=SELL | score=80.0 | opposite_score=8.0 | session=LONDON | RR=2.00,V50 realtime loss proxy,8.0,80.0,80.0,2.000000000000054,0.01,-8.399024001673752,-8.399024001673752,0.08,0.0,0.0,0.08,-8.479024001673752,1294.258058949216,1285.7790349475424,1304.1477877462905,18.36875279874812,1.408487057321266,-8.479024001673752,1,1
proxy_hardened_no_worst_hours,proxy_hardened_no_worst_hours-000484,2024-06-14 13:30:00,2024-06-14 15:45:00,XAUUSD,15m,BUY,LONDON,2330.695,2324.390511097035,2343.303977805931,V50 realtime loss proxy | variant=proxy_hardened_no_worst_hours | Side=BUY | score=85.0 | opposite_score=26.0 | session=LONDON | RR=2.00,V50 realtime loss proxy,85.0,26.0,85.0,2.000000000000072,0.01,-6.304488902965204,-6.304488902965204,0.08,0.0,0.0,0.08,-6.384488902965204,1285.7790349475424,1279.3945460445773,1304.1477877462905,24.75324170171325,1.8980396189982078,-6.384488902965204,1,1
proxy_hardened_no_worst_hours,proxy_hardened_no_worst_hours-000485,2024-06-17 13:30:00,2024-06-17 14:15:00,XAUUSD,15m,SELL,LONDON,2319.665,2324.151678762779,2310.691642474442,V50 realtime loss proxy | variant=proxy_hardened_no_worst_hours | Side=SELL | score=76.0 | opposite_score=4.0 | session=LONDON | RR=2.00,V50 realtime loss proxy,4.0,76.0,76.0,2.0000000000001013,0.01,-4.486678762778865,-4.486678762778865,0.08,0.0,0.0,0.08,-4.566678762778865,1279.3945460445773,1274.8278672817985,1304.1477877462905,29.319920464492043,2.2482053598511302,-4.566678762778865,1,1
proxy_hardened_no_worst_hours,proxy_hardened_no_worst_hours-000486,2024-06-17 15:15:00,2024-06-18 00:30:00,XAUUSD,15m,SELL,LONDON,2319.428,2324.3612729890165,2309.5614540219667,V50 realtime loss proxy | variant=proxy_hardened_no_worst_hours | Side=SELL | score=76.0 | opposite_score=4.0 | session=LONDON | RR=2.00,V50 realtime loss proxy,4.0,76.0,76.0,2.0,0.01,-4.9332729890165865,-4.9332729890165865,0.08,0.0,0.0,0.08,-5.013272989016587,1274.8278672817985,1269.814594292782,1304.1477877462905,34.33319345350856,2.632615243157377,-9.579951751795452,2,2
proxy_hardened_no_worst_hours,proxy_hardened_no_worst_hours-000487,2024-06-18 18:00:00,2024-06-20 04:30:00,XAUUSD,15m,BUY,NEW YORK,2328.155,2322.740364841616,2338.9842703167683,V50 realtime loss proxy | variant=proxy_hardened_no_worst_hours | Side=BUY | score=83.0 | opposite_score=30.0 | session=NEW YORK | RR=2.00,V50 realtime loss proxy,83.0,30.0,83.0,2.0,0.01,10.829270316768088,10.829270316768088,0.08,0.0,0.0,0.08,10.749270316768088,1269.814594292782,1280.5638646095501,1304.1477877462905,23.583923136740395,1.8083781116169346,10.749270316768088,1,0
proxy_hardened_no_worst_hours,proxy_hardened_no_worst_hours-000488,2024-06-20 10:30:00,2024-06-20 12:45:00,XAUUSD,15m,BUY,LONDON,2338.925,2335.379711684094,2346.015576631812,V50 realtime loss proxy | variant=proxy_hardened_no_worst_hours | Side=BUY | score=85.0 | opposite_score=4.0 | session=LONDON | RR=2.00,V50 realtime loss proxy,85.0,4.0,85.0,2.0,0.01,-3.545288315905964,-3.545288315905964,0.08,0.0,0.0,0.08,-3.625288315905964,1280.5638646095501,1276.9385762936442,1304.1477877462905,27.209211452646286,2.086359514489287,-3.625288315905964,1,1
proxy_hardened_no_worst_hours,proxy_hardened_no_worst_hours-000489,2024-06-20 13:00:00,2024-06-20 13:45:00,XAUUSD,15m,BUY,LONDON,2338.745,2333.876641326074,2348.4817173478514,V50 realtime loss proxy | variant=proxy_hardened_no_worst_hours | Side=BUY | score=85.0 | opposite_score=4.0 | session=LONDON | RR=2.00,V50 realtime loss proxy,85.0,4.0,85.0,2.0,0.01,9.736717347851481,9.736717347851481,0.08,0.0,0.0,0.08,9.656717347851481,1276.9385762936442,1286.5952936414958,1304.1477877462905,17.552494104794732,1.3458976252321337,6.0314290319455175,2,0
proxy_hardened_no_worst_hours,proxy_hardened_no_worst_hours-000490,2024-06-21 10:45:00,2024-06-21 13:00:00,XAUUSD,15m,BUY,LONDON,2363.535,2360.1505579646005,2370.3038840707986,V50 realtime loss proxy | variant=proxy_hardened_no_worst_hours | Side=BUY | score=85.0 | opposite_score=4.0 | session=LONDON | RR=2.00,V50 realtime loss proxy,85.0,4.0,85.0,2.0,0.01,-3.3844420353993883,-3.3844420353993883,0.08,0.0,0.0,0.08,-3.4644420353993883,1286.5952936414958,1283.1308516060965,1304.1477877462905,21.016936140194048,1.6115455884423653,-3.4644420353993883,1,1
proxy_hardened_no_worst_hours,proxy_hardened_no_worst_hours-000491,2024-06-24 10:15:00,2024-06-24 13:15:00,XAUUSD,15m,SELL,LONDON,2324.475,2328.713316203007,2315.998367593986,V50 realtime loss proxy | variant=proxy_hardened_no_worst_hours | Side=SELL | score=96.0 | opposite_score=4.0 | session=LONDON | RR=2.00,V50 realtime loss proxy,4.0,96.0,96.0,2.0,0.01,-4.238316203006889,-4.238316203006889,0.08,0.0,0.0,0.08,-4.318316203006889,1283.1308516060965,1278.8125354030897,1304.1477877462905,25.335252343200864,1.9426672790652768,-4.318316203006889,1,1
proxy_hardened_no_worst_hours,proxy_hardened_no_worst_hours-000492,2024-06-25 13:45:00,2024-06-25 15:30:00,XAUUSD,15m,SELL,LONDON,2325.465,2330.297173968977,2315.800652062046,V50 realtime loss proxy | variant=proxy_hardened_no_worst_hours | Side=SELL | score=96.0 | opposite_score=4.0 | session=LONDON | RR=2.00,V50 realtime loss proxy,4.0,96.0,96.0,2.000000000000094,0.01,9.664347937954062,9.664347937954062,0.08,0.0,0.0,0.08,9.584347937954062,1278.8125354030897,1288.3968833410438,1304.1477877462905,15.750904405246729,1.2077545622698183,9.584347937954062,1,0
proxy_hardened_no_worst_hours,proxy_hardened_no_worst_hours-000493,2024-06-26 10:00:00,2024-06-26 11:00:00,XAUUSD,15m,SELL,LONDON,2313.408,2317.2584843041413,2305.707031391717,V50 realtime loss proxy | variant=proxy_hardened_no_worst_hours | Side=SELL | score=96.0 | opposite_score=4.0 | session=LONDON | RR=2.00,V50 realtime loss proxy,4.0,96.0,96.0,2.0,0.01,7.700968608282892,7.700968608282892,0.08,0.0,0.0,0.08,7.620968608282892,1288.3968833410438,1296.0178519493268,1304.1477877462905,8.129935796963764,0.6233906826628275,7.620968608282892,1,0
proxy_hardened_no_worst_hours,proxy_hardened_no_worst_hours-000494,2024-06-27 18:45:00,2024-06-28 00:45:00,XAUUSD,15m,BUY,NEW YORK,2326.148,2321.939800390839,2334.5643992183223,V50 realtime loss proxy | variant=proxy_hardened_no_worst_hours | Side=BUY | score=89.0 | opposite_score=30.0 | session=NEW YORK | RR=2.00,V50 realtime loss proxy,89.0,30.0,89.0,2.0,0.01,-4.208199609161056,-4.208199609161056,0.08,0.0,0.0,0.08,-4.288199609161056,1296.0178519493268,1291.7296523401658,1304.1477877462905,12.418135406124748,0.9522030802647481,-4.288199609161056,1,1
proxy_hardened_no_worst_hours,proxy_hardened_no_worst_hours-000495,2024-06-28 14:00:00,2024-06-28 14:30:00,XAUUSD,15m,BUY,LONDON,2332.325,2327.1623433288346,2342.6503133423303,V50 realtime loss proxy | variant=proxy_hardened_no_worst_hours | Side=BUY | score=89.0 | opposite_score=8.0 | session=LONDON | RR=2.00,V50 realtime loss proxy,89.0,8.0,89.0,2.0,0.01,-5.162656671165223,-5.162656671165223,0.08,0.0,0.0,0.08,-5.242656671165223,1291.7296523401658,1286.4869956690006,1304.1477877462905,17.660792077289898,1.3542017433323006,-5.242656671165223,1,1
proxy_hardened_no_worst_hours,proxy_hardened_no_worst_hours-000496,2024-07-03 18:00:00,2024-07-04 06:30:00,XAUUSD,15m,BUY,NEW YORK,2356.955,2351.745009950533,2367.3749800989335,V50 realtime loss proxy | variant=proxy_hardened_no_worst_hours | Side=BUY | score=89.0 | opposite_score=8.0 | session=NEW YORK | RR=2.00,V50 realtime loss proxy,89.0,8.0,89.0,2.0,0.01,-5.209990049466796,-5.209990049466796,0.08,0.0,0.0,0.08,-5.289990049466796,1286.4869956690006,1281.197005619534,1304.1477877462905,22.95078212675662,1.7598298553585,-5.289990049466796,1,1
proxy_hardened_no_worst_hours,proxy_hardened_no_worst_hours-000497,2024-07-04 10:15:00,2024-07-04 22:15:00,XAUUSD,15m,BUY,LONDON,2358.305,2355.2355779318377,2364.443844136324,V50 realtime loss proxy | variant=proxy_hardened_no_worst_hours | Side=BUY | score=74.0 | opposite_score=4.0 | session=LONDON | RR=2.00,V50 realtime loss proxy,74.0,4.0,74.0,2.0,0.01,-3.069422068162112,-3.069422068162112,0.08,0.0,0.0,0.08,-3.149422068162112,1281.197005619534,1278.0475835513719,1304.1477877462905,26.10020419491866,2.0013225832344244,-3.149422068162112,1,1
proxy_hardened_no_worst_hours,proxy_hardened_no_worst_hours-000498,2024-07-05 10:45:00,2024-07-05 12:30:00,XAUUSD,15m,BUY,LONDON,2364.945,2361.954636140607,2370.9257277187867,V50 realtime loss proxy | variant=proxy_hardened_no_worst_hours | Side=BUY | score=96.0 | opposite_score=4.0 | session=LONDON | RR=2.00,V50 realtime loss proxy,96.0,4.0,96.0,2.0,0.01,-2.9903638593932556,-2.9903638593932556,0.08,0.0,0.0,0.08,-3.0703638593932556,1278.0475835513719,1274.9772196919787,1304.1477877462905,29.170568054311843,2.2367532520774938,-3.0703638593932556,1,1
proxy_hardened_no_worst_hours,proxy_hardened_no_worst_hours-000499,2024-07-10 15:15:00,2024-07-10 17:15:00,XAUUSD,15m,BUY,LONDON,2378.845,2373.983186918056,2388.568626163887,V50 realtime loss proxy | variant=proxy_hardened_no_worst_hours | Side=BUY | score=96.0 | opposite_score=4.0 | session=LONDON | RR=2.00,V50 realtime loss proxy,96.0,4.0,96.0,2.0,0.01,-4.861813081943637,-4.861813081943637,0.08,0.0,0.0,0.08,-4.941813081943637,1274.9772196919787,1270.0354066100351,1304.1477877462905,34.11238113625541,2.6156837021673223,-4.941813081943637,1,1
proxy_hardened_no_worst_hours,proxy_hardened_no_worst_hours-000500,2024-07-11 10:15:00,2024-07-11 11:45:00,XAUUSD,15m,BUY,LONDON,2382.375,2379.276401912695,2388.572196174611,V50 realtime loss proxy | variant=proxy_hardened_no_worst_hours | Side=BUY | score=96.0 | opposite_score=4.0 | session=LONDON | RR=2.00,V50 realtime loss proxy,96.0,4.0,96.0,2.0000000000001465,0.01,-3.098598087305163,-3.098598087305163,0.08,0.0,0.0,0.08,-3.178598087305163,1270.0354066100351,1266.85680852273,1304.1477877462905,37.2909792235605,2.8594136012762306,-3.178598087305163,1,1
proxy_hardened_no_worst_hours,proxy_hardened_no_worst_hours-000501,2024-07-12 19:15:00,2024-07-14 22:00:00,XAUUSD,15m,BUY,NEW YORK,2413.618,2409.9901359871255,2420.873728025749,V50 realtime loss proxy | variant=proxy_hardened_no_worst_hours | Side=BUY | score=100.0 | opposite_score=8.0 | session=NEW YORK | RR=2.00,V50 realtime loss proxy,100.0,8.0,100.0,2.0000000000001252,0.01,-3.6278640128743973,-3.6278640128743973,0.08,0.0,0.0,0.08,-3.7078640128743974,1266.85680852273,1263.1489445098557,1304.1477877462905,40.99884323643482,3.143726778641038,-3.7078640128743974,1,1
proxy_hardened_no_worst_hours,proxy_hardened_no_worst_hours-000502,2024-07-15 10:00:00,2024-07-15 11:00:00,XAUUSD,15m,BUY,LONDON,2411.025,2407.648623388727,2417.777753222546,V50 realtime loss proxy | variant=proxy_hardened_no_worst_hours | Side=BUY | score=76.0 | opposite_score=4.0 | session=LONDON | RR=2.00,V50 realtime loss proxy,76.0,4.0,76.0,2.0,0.01,6.752753222545834,6.752753222545834,0.08,0.0,0.0,0.08,6.672753222545834,1263.1489445098557,1269.8216977324016,1304.1477877462905,34.326090013888916,2.632070562586173,6.672753222545834,1,0
proxy_hardened_no_worst_hours,proxy_hardened_no_worst_hours-000503,2024-07-15 13:30:00,2024-07-15 14:45:00,XAUUSD,15m,BUY,LONDON,2415.125,2410.4748294726037,2424.4253410547926,V50 realtime loss proxy | variant=proxy_hardened_no_worst_hours | Side=BUY | score=76.0 | opposite_score=4.0 | session=LONDON | RR=2.00,V50 realtime loss proxy,76.0,4.0,76.0,2.0,0.01,9.300341054792625,9.300341054792625,0.08,0.0,0.0,0.08,9.220341054792625,1269.8216977324016,1279.0420387871943,1304.1477877462905,25.105748959096218,1.9250693207463616,15.89309427733846,2,0
proxy_hardened_no_worst_hours,proxy_hardened_no_worst_hours-000504,2024-07-16 13:15:00,2024-07-16 14:45:00,XAUUSD,15m,BUY,LONDON,2438.005,2432.331985194436,2449.3510296111285,V50 realtime loss proxy | variant=proxy_hardened_no_worst_hours | Side=BUY | score=74.0 | opposite_score=4.0 | session=LONDON | RR=2.00,V50 realtime loss proxy,74.0,4.0,74.0,2.0000000000000804,0.01,11.346029611128415,11.346029611128415,0.08,0.0,0.0,0.08,11.266029611128415,1279.0420387871943,1290.3080683983228,1304.1477877462905,13.83971934796773,1.0612078997491745,11.266029611128415,1,0
proxy_hardened_no_worst_hours,proxy_hardened_no_worst_hours-000505,2024-07-17 10:00:00,2024-07-17 10:30:00,XAUUSD,15m,BUY,LONDON,2473.805,2468.398183250237,2484.6186334995264,V50 realtime loss proxy | variant=proxy_hardened_no_worst_hours | Side=BUY | score=96.0 | opposite_score=4.0 | session=LONDON | RR=2.00,V50 realtime loss proxy,96.0,4.0,96.0,2.000000000000084,0.01,-5.406816749763038,-5.406816749763038,0.08,0.0,0.0,0.08,-5.4868167497630385,1290.3080683983228,1284.8212516485598,1304.1477877462905,19.326536097730695,1.4819283734038344,-5.4868167497630385,1,1
proxy_hardened_no_worst_hours,proxy_hardened_no_worst_hours-000506,2024-07-17 13:30:00,2024-07-17 14:00:00,XAUUSD,15m,BUY,LONDON,2476.855,2470.674589085799,2489.2158218284017,V50 realtime loss proxy | variant=proxy_hardened_no_worst_hours | Side=BUY | score=96.0 | opposite_score=4.0 | session=LONDON | RR=2.00,V50 realtime loss proxy,96.0,4.0,96.0,2.0,0.01,-6.18041091420082,-6.18041091420082,0.08,0.0,0.0,0.08,-6.26041091420082,1284.8212516485598,1278.560840734359,1304.1477877462905,25.586947011931443,1.9619668301664241,-11.747227663963859,2,2
proxy_hardened_no_worst_hours,proxy_hardened_no_worst_hours-000507,2024-07-19 15:15:00,2024-07-21 22:45:00,XAUUSD,15m,SELL,LONDON,2404.135,2411.477670673503,2389.4496586529945,V50 realtime loss proxy | variant=proxy_hardened_no_worst_hours | Side=SELL | score=85.0 | opposite_score=4.0 | session=LONDON | RR=2.00,V50 realtime loss proxy,4.0,85.0,85.0,2.0000000000000617,0.01,-7.342670673502653,-7.342670673502653,0.08,0.0,0.0,0.08,-7.422670673502653,1278.560840734359,1271.1381700608565,1304.1477877462905,33.00961768543402,2.5311255362000225,-7.422670673502653,1,1
proxy_hardened_no_worst_hours,proxy_hardened_no_worst_hours-000508,2024-07-22 13:00:00,2024-07-22 14:30:00,XAUUSD,15m,SELL,LONDON,2397.608,2403.3640757990606,2386.0958484018793,V50 realtime loss proxy | variant=proxy_hardened_no_worst_hours | Side=SELL | score=85.0 | opposite_score=4.0 | session=LONDON | RR=2.00,V50 realtime loss proxy,4.0,85.0,85.0,2.0,0.01,11.512151598120909,11.512151598120909,0.08,0.0,0.0,0.08,11.432151598120909,1271.1381700608565,1282.5703216589775,1304.1477877462905,21.57746608731304,1.6545261426698619,11.432151598120909,1,0
proxy_hardened_no_worst_hours,proxy_hardened_no_worst_hours-000509,2024-07-23 19:00:00,2024-07-24 02:15:00,XAUUSD,15m,BUY,NEW YORK,2407.215,2403.0937833583084,2415.4574332833836,V50 realtime loss proxy | variant=proxy_hardened_no_worst_hours | Side=BUY | score=72.0 | opposite_score=19.0 | session=NEW YORK | RR=2.00,V50 realtime loss proxy,72.0,19.0,72.0,2.0,0.01,8.242433283383434,8.242433283383434,0.08,0.0,0.0,0.08,8.162433283383434,1282.5703216589775,1290.732754942361,1304.1477877462905,13.415032803929535,1.0286436038903362,8.162433283383434,1,0
proxy_hardened_no_worst_hours,proxy_hardened_no_worst_hours-000510,2024-07-24 10:15:00,2024-07-24 12:45:00,XAUUSD,15m,BUY,LONDON,2413.865,2410.0595380987083,2421.4759238025827,V50 realtime loss proxy | variant=proxy_hardened_no_worst_hours | Side=BUY | score=76.0 | opposite_score=15.0 | session=LONDON | RR=2.00,V50 realtime loss proxy,76.0,15.0,76.0,2.0,0.01,7.6109238025828745,7.6109238025828745,0.08,0.0,0.0,0.08,7.530923802582874,1290.732754942361,1298.263678744944,1304.1477877462905,5.884109001346587,0.45118421827904714,7.530923802582874,1,0
proxy_hardened_no_worst_hours,proxy_hardened_no_worst_hours-000511,2024-07-24 13:00:00,2024-07-24 14:00:00,XAUUSD,15m,BUY,LONDON,2417.675,2413.012864196746,2426.9992716065094,V50 realtime loss proxy | variant=proxy_hardened_no_worst_hours | Side=BUY | score=90.0 | opposite_score=11.0 | session=LONDON | RR=2.00,V50 realtime loss proxy,90.0,11.0,90.0,2.0000000000000977,0.01,9.324271606509228,9.324271606509228,0.08,0.0,0.0,0.08,9.244271606509228,1298.263678744944,1307.5079503514532,1307.5079503514532,0.0,0.0,16.775195409092102,2,0
proxy_hardened_no_worst_hours,proxy_hardened_no_worst_hours-000512,2024-07-25 13:30:00,2024-07-25 17:15:00,XAUUSD,15m,SELL,LONDON,2370.225,2378.7448144324794,2353.185371135041,V50 realtime loss proxy | variant=proxy_hardened_no_worst_hours | Side=SELL | score=85.0 | opposite_score=4.0 | session=LONDON | RR=2.00,V50 realtime loss proxy,4.0,85.0,85.0,2.0,0.01,17.039628864959013,17.039628864959013,0.08,0.0,0.0,0.08,16.959628864959015,1307.5079503514532,1324.4675792164123,1324.4675792164123,0.0,0.0,16.959628864959015,1,0
proxy_hardened_no_worst_hours,proxy_hardened_no_worst_hours-000513,2024-07-26 14:45:00,2024-07-28 22:00:00,XAUUSD,15m,BUY,LONDON,2381.768,2375.06606342774,2395.1718731445203,V50 realtime loss proxy | variant=proxy_hardened_no_worst_hours | Side=BUY | score=72.0 | opposite_score=19.0 | session=LONDON | RR=2.00,V50 realtime loss proxy,72.0,19.0,72.0,2.000000000000068,0.01,13.403873144520276,13.403873144520276,0.08,0.0,0.0,0.08,13.323873144520276,1324.4675792164123,1337.7914523609327,1337.7914523609327,0.0,0.0,13.323873144520276,1,0
proxy_hardened_no_worst_hours,proxy_hardened_no_worst_hours-000514,2024-07-31 10:15:00,2024-07-31 14:00:00,XAUUSD,15m,BUY,LONDON,2419.095,2414.714987343309,2427.8550253133812,V50 realtime loss proxy | variant=proxy_hardened_no_worst_hours | Side=BUY | score=86.0 | opposite_score=4.0 | session=LONDON | RR=2.00,V50 realtime loss proxy,86.0,4.0,86.0,2.0,0.01,8.760025313381448,8.760025313381448,0.08,0.0,0.0,0.08,8.680025313381448,1337.7914523609327,1346.4714776743142,1346.4714776743142,0.0,0.0,8.680025313381448,1,0
proxy_hardened_no_worst_hours,proxy_hardened_no_worst_hours-000515,2024-07-31 14:15:00,2024-07-31 18:45:00,XAUUSD,15m,BUY,LONDON,2422.878,2417.5877994826174,2433.458401034766,V50 realtime loss proxy | variant=proxy_hardened_no_worst_hours | Side=BUY | score=100.0 | opposite_score=15.0 | session=LONDON | RR=2.00,V50 realtime loss proxy,100.0,15.0,100.0,2.000000000000086,0.01,10.580401034766055,10.580401034766055,0.08,0.0,0.0,0.08,10.500401034766055,1346.4714776743142,1356.9718787090803,1356.9718787090803,0.0,0.0,19.180426348147503,2,0
proxy_hardened_no_worst_hours,proxy_hardened_no_worst_hours-000516,2024-08-01 14:45:00,2024-08-01 17:00:00,XAUUSD,15m,BUY,LONDON,2448.455,2440.188229606266,2464.988540787468,V50 realtime loss proxy | variant=proxy_hardened_no_worst_hours | Side=BUY | score=100.0 | opposite_score=8.0 | session=LONDON | RR=2.00,V50 realtime loss proxy,100.0,8.0,100.0,2.0,0.01,-8.266770393734078,-8.266770393734078,0.08,0.0,0.0,0.08,-8.346770393734078,1356.9718787090803,1348.6251083153463,1356.9718787090803,8.346770393734005,0.615102680069869,-8.346770393734078,1,1
proxy_hardened_no_worst_hours,proxy_hardened_no_worst_hours-000517,2024-08-01 22:00:00,2024-08-02 01:00:00,XAUUSD,15m,BUY,NEW YORK,2444.275,2438.9383178880926,2454.948364223815,V50 realtime loss proxy | variant=proxy_hardened_no_worst_hours | Side=BUY | score=100.0 | opposite_score=8.0 | session=NEW YORK | RR=2.00,V50 realtime loss proxy,100.0,8.0,100.0,2.0,0.01,-5.336682111907521,-5.336682111907521,0.08,0.0,0.0,0.08,-5.416682111907521,1348.6251083153463,1343.2084262034389,1356.9718787090803,13.763452505641453,1.0142769147681199,-13.763452505641599,2,2
proxy_hardened_no_worst_hours,proxy_hardened_no_worst_hours-000518,2024-08-02 13:15:00,2024-08-02 14:30:00,XAUUSD,15m,BUY,LONDON,2465.985,2457.4963127437654,2482.9623745124695,V50 realtime loss proxy | variant=proxy_hardened_no_worst_hours | Side=BUY | score=81.0 | opposite_score=4.0 | session=LONDON | RR=2.00,V50 realtime loss proxy,81.0,4.0,81.0,2.0,0.01,-8.488687256234698,-8.488687256234698,0.08,0.0,0.0,0.08,-8.568687256234698,1343.2084262034389,1334.6397389472043,1356.9718787090803,22.33213976187608,1.6457334239764185,-8.568687256234698,1,1
proxy_hardened_no_worst_hours,proxy_hardened_no_worst_hours-000519,2024-08-05 14:45:00,2024-08-05 15:15:00,XAUUSD,15m,SELL,LONDON,2396.424,2409.5545879016204,2370.162824196759,V50 realtime loss proxy | variant=proxy_hardened_no_worst_hours | Side=SELL | score=89.0 | opposite_score=8.0 | session=LONDON | RR=2.00,V50 realtime loss proxy,8.0,89.0,89.0,2.0,0.01,-13.130587901620402,-13.130587901620402,0.08,0.0,0.0,0.08,-13.210587901620402,1334.6397389472043,1321.429151045584,1356.9718787090803,35.54272766349641,2.61926781395861,-13.210587901620402,1,1
proxy_hardened_no_worst_hours,proxy_hardened_no_worst_hours-000520,2024-08-08 13:00:00,2024-08-08 14:00:00,XAUUSD,15m,BUY,LONDON,2405.225,2399.5964165474998,2416.4821669050007,V50 realtime loss proxy | variant=proxy_hardened_no_worst_hours | Side=BUY | score=79.0 | opposite_score=4.0 | session=LONDON | RR=2.00,V50 realtime loss proxy,79.0,4.0,79.0,2.000000000000081,0.01,11.257166905000759,11.257166905000759,0.08,0.0,0.0,0.08,11.177166905000758,1321.429151045584,1332.6063179505848,1356.9718787090803,24.365560758495576,1.7955833234860485,11.177166905000758,1,0
proxy_hardened_no_worst_hours,proxy_hardened_no_worst_hours-000521,2024-08-08 15:00:00,2024-08-09 10:30:00,XAUUSD,15m,BUY,LONDON,2412.795,2404.7194238261436,2428.946152347713,V50 realtime loss proxy | variant=proxy_hardened_no_worst_hours | Side=BUY | score=85.0 | opposite_score=4.0 | session=LONDON | RR=2.00,V50 realtime loss proxy,85.0,4.0,85.0,2.0,0.01,16.151152347712923,16.151152347712923,0.08,0.0,0.0,0.08,16.071152347712925,1332.6063179505848,1348.6774702982977,1356.9718787090803,8.29440841078258,0.6112439425548928,27.248319252713685,2,0
proxy_hardened_no_worst_hours,proxy_hardened_no_worst_hours-000522,2024-08-09 13:00:00,2024-08-09 13:30:00,XAUUSD,15m,BUY,LONDON,2429.215,2424.9978389861353,2437.64932202773,V50 realtime loss proxy | variant=proxy_hardened_no_worst_hours | Side=BUY | score=96.0 | opposite_score=4.0 | session=LONDON | RR=2.00,V50 realtime loss proxy,96.0,4.0,96.0,2.0,0.01,-4.217161013864825,-4.217161013864825,0.08,0.0,0.0,0.08,-4.297161013864825,1348.6774702982977,1344.380309284433,1356.9718787090803,12.591569424647332,0.9279167551081451,-4.297161013864825,1,1
proxy_hardened_no_worst_hours,proxy_hardened_no_worst_hours-000523,2024-08-09 14:00:00,2024-08-12 01:45:00,XAUUSD,15m,BUY,LONDON,2430.055,2424.517735000599,2441.129529998802,V50 realtime loss proxy | variant=proxy_hardened_no_worst_hours | Side=BUY | score=78.0 | opposite_score=8.0 | session=LONDON | RR=2.00,V50 realtime loss proxy,78.0,8.0,78.0,2.0,0.01,-5.537264999401032,-5.537264999401032,0.08,0.0,0.0,0.08,-5.617264999401032,1344.380309284433,1338.763044285032,1356.9718787090803,18.20883442404829,1.3418726437699497,-9.914426013265857,2,2
proxy_hardened_no_worst_hours,proxy_hardened_no_worst_hours-000524,2024-08-13 14:30:00,2024-08-13 19:30:00,XAUUSD,15m,BUY,LONDON,2468.905,2462.620222629822,2481.474554740357,V50 realtime loss proxy | variant=proxy_hardened_no_worst_hours | Side=BUY | score=78.0 | opposite_score=8.0 | session=LONDON | RR=2.00,V50 realtime loss proxy,78.0,8.0,78.0,2.0,0.01,-6.28477737017829,-6.28477737017829,0.08,0.0,0.0,0.08,-6.36477737017829,1338.763044285032,1332.3982669148538,1356.9718787090803,24.573611794226508,1.8109153313924213,-6.36477737017829,1,1
proxy_hardened_no_worst_hours,proxy_hardened_no_worst_hours-000525,2024-08-19 14:45:00,2024-08-20 07:45:00,XAUUSD,15m,BUY,LONDON,2501.198,2494.6939206008333,2514.206158798333,V50 realtime loss proxy | variant=proxy_hardened_no_worst_hours | Side=BUY | score=79.0 | opposite_score=8.0 | session=LONDON | RR=2.00,V50 realtime loss proxy,79.0,8.0,79.0,2.0,0.01,13.00815879833317,13.00815879833317,0.08,0.0,0.0,0.08,12.92815879833317,1332.3982669148538,1345.326425713187,1356.9718787090803,11.645452995893265,0.8581941290464961,12.92815879833317,1,0
proxy_hardened_no_worst_hours,proxy_hardened_no_worst_hours-000526,2024-08-20 14:30:00,2024-08-20 15:00:00,XAUUSD,15m,BUY,LONDON,2523.734,2516.783731293587,2537.6345374128255,V50 realtime loss proxy | variant=proxy_hardened_no_worst_hours | Side=BUY | score=78.0 | opposite_score=8.0 | session=LONDON | RR=2.00,V50 realtime loss proxy,78.0,8.0,78.0,2.0,0.01,-6.950268706412771,-6.950268706412771,0.08,0.0,0.0,0.08,-7.030268706412771,1345.326425713187,1338.2961570067744,1356.9718787090803,18.675721702305964,1.3762791989523484,-7.030268706412771,1,1
proxy_hardened_no_worst_hours,proxy_hardened_no_worst_hours-000527,2024-08-20 22:15:00,2024-08-21 01:30:00,XAUUSD,15m,BUY,NEW YORK,2515.418,2510.9457003632206,2524.362599273559,V50 realtime loss proxy | variant=proxy_hardened_no_worst_hours | Side=BUY | score=78.0 | opposite_score=8.0 | session=NEW YORK | RR=2.00,V50 realtime loss proxy,78.0,8.0,78.0,2.0,0.01,-4.472299636779553,-4.472299636779553,0.08,0.0,0.0,0.08,-4.552299636779553,1338.2961570067744,1333.7438573699949,1356.9718787090803,23.228021339085444,1.7117540682702146,-11.582568343192325,2,2
proxy_hardened_no_worst_hours,proxy_hardened_no_worst_hours-000528,2024-08-21 19:00:00,2024-08-22 02:00:00,XAUUSD,15m,BUY,NEW YORK,2512.705,2506.7507260875996,2524.6135478248007,V50 realtime loss proxy | variant=proxy_hardened_no_worst_hours | Side=BUY | score=94.0 | opposite_score=8.0 | session=NEW YORK | RR=2.00,V50 realtime loss proxy,94.0,8.0,94.0,2.0,0.01,-5.954273912400367,-5.954273912400367,0.08,0.0,0.0,0.08,-6.0342739124003675,1333.7438573699949,1327.7095834575946,1356.9718787090803,29.26229525148574,2.1564408010668323,-6.0342739124003675,1,1
proxy_hardened_no_worst_hours,proxy_hardened_no_worst_hours-000529,2024-08-23 10:15:00,2024-08-23 13:15:00,XAUUSD,15m,BUY,LONDON,2496.205,2492.7352877875514,2503.144424424897,V50 realtime loss proxy | variant=proxy_hardened_no_worst_hours | Side=BUY | score=87.0 | opposite_score=4.0 | session=LONDON | RR=2.00,V50 realtime loss proxy,87.0,4.0,87.0,2.0,0.01,6.93942442489697,6.93942442489697,0.08,0.0,0.0,0.08,6.85942442489697,1327.7095834575946,1334.5690078824916,1356.9718787090803,22.402870826588696,1.6509458433214608,6.85942442489697,1,0
proxy_hardened_no_worst_hours,proxy_hardened_no_worst_hours-000530,2024-08-23 14:00:00,2024-08-23 14:15:00,XAUUSD,15m,BUY,LONDON,2516.915,2510.7261221085528,2529.2927557828943,V50 realtime loss proxy | variant=proxy_hardened_no_worst_hours | Side=BUY | score=100.0 | opposite_score=8.0 | session=LONDON | RR=2.00,V50 realtime loss proxy,100.0,8.0,100.0,2.0,0.01,-6.188877891447191,-6.188877891447191,0.08,0.0,0.0,0.08,-6.268877891447191,1334.5690078824916,1328.3001299910445,1356.9718787090803,28.671748718035815,2.112921363212916,0.5905465334497784,2,1
proxy_hardened_no_worst_hours,proxy_hardened_no_worst_hours-000531,2024-08-26 13:00:00,2024-08-26 13:45:00,XAUUSD,15m,BUY,LONDON,2525.215,2520.890473383097,2533.8640532338068,V50 realtime loss proxy | variant=proxy_hardened_no_worst_hours | Side=BUY | score=74.0 | opposite_score=4.0 | session=LONDON | RR=2.00,V50 realtime loss proxy,74.0,4.0,74.0,2.0,0.01,-4.324526616903313,-4.324526616903313,0.08,0.0,0.0,0.08,-4.404526616903313,1328.3001299910445,1323.8956033741413,1356.9718787090803,33.076275334939055,2.437506322268469,-4.404526616903313,1,1
proxy_hardened_no_worst_hours,proxy_hardened_no_worst_hours-000532,2024-08-26 19:00:00,2024-08-26 23:45:00,XAUUSD,15m,BUY,NEW YORK,2519.935,2515.673937461447,2528.457125077106,V50 realtime loss proxy | variant=proxy_hardened_no_worst_hours | Side=BUY | score=100.0 | opposite_score=8.0 | session=NEW YORK | RR=2.00,V50 realtime loss proxy,100.0,8.0,100.0,2.0000000000001066,0.01,-4.261062538552778,-4.261062538552778,0.08,0.0,0.0,0.08,-4.341062538552778,1323.8956033741413,1319.5545408355886,1356.9718787090803,37.41733787349176,2.757414391600198,-8.745589155456091,2,2
proxy_hardened_no_worst_hours,proxy_hardened_no_worst_hours-000533,2024-08-28 13:30:00,2024-08-28 15:45:00,XAUUSD,15m,SELL,LONDON,2503.815,2509.8703203870423,2491.7043592259156,V50 realtime loss proxy | variant=proxy_hardened_no_worst_hours | Side=SELL | score=79.0 | opposite_score=26.0 | session=LONDON | RR=2.00,V50 realtime loss proxy,26.0,79.0,79.0,2.0,0.01,-6.055320387042229,-6.055320387042229,0.08,0.0,0.0,0.08,-6.1353203870422295,1319.5545408355886,1313.4192204485464,1356.9718787090803,43.55265826053392,3.2095475922438865,-6.1353203870422295,1,1
proxy_hardened_no_worst_hours,proxy_hardened_no_worst_hours-000534,2024-08-29 13:45:00,2024-08-30 14:15:00,XAUUSD,15m,BUY,LONDON,2516.605,2510.5843431958583,2528.6463136082834,V50 realtime loss proxy | variant=proxy_hardened_no_worst_hours | Side=BUY | score=76.0 | opposite_score=18.0 | session=LONDON | RR=2.00,V50 realtime loss proxy,76.0,18.0,76.0,2.0,0.01,-6.020656804141709,-6.020656804141709,0.08,0.0,0.0,0.08,-6.100656804141709,1313.4192204485464,1307.3185636444048,1356.9718787090803,49.65331506467555,3.659126312323578,-6.100656804141709,1,1
proxy_hardened_no_worst_hours,proxy_hardened_no_worst_hours-000535,2024-09-03 13:00:00,2024-09-03 13:30:00,XAUUSD,15m,SELL,LONDON,2493.778,2500.1544362874156,2481.025127425168,V50 realtime loss proxy | variant=proxy_hardened_no_worst_hours | Side=SELL | score=85.0 | opposite_score=4.0 | session=LONDON | RR=2.00,V50 realtime loss proxy,4.0,85.0,85.0,2.0,0.01,12.7528725748316,12.7528725748316,0.08,0.0,0.0,0.08,12.6728725748316,1307.3185636444048,1319.9914362192364,1356.9718787090803,36.98044248984388,2.725218043945336,12.6728725748316,1,0
proxy_hardened_no_worst_hours,proxy_hardened_no_worst_hours-000536,2024-09-03 15:30:00,2024-09-03 19:00:00,XAUUSD,15m,SELL,LONDON,2484.145,2492.0435160420934,2468.347967915813,V50 realtime loss proxy | variant=proxy_hardened_no_worst_hours | Side=SELL | score=85.0 | opposite_score=4.0 | session=LONDON | RR=2.00,V50 realtime loss proxy,4.0,85.0,85.0,2.0,0.01,-7.8985160420934335,-7.8985160420934335,0.08,0.0,0.0,0.08,-7.978516042093434,1319.9914362192364,1312.012920177143,1356.9718787090803,44.95895853193724,3.313182773891215,4.6943565327381656,2,1
proxy_hardened_no_worst_hours,proxy_hardened_no_worst_hours-000537,2024-09-04 10:00:00,2024-09-04 10:30:00,XAUUSD,15m,SELL,LONDON,2483.025,2487.91657332618,2473.2418533476402,V50 realtime loss proxy | variant=proxy_hardened_no_worst_hours | Side=SELL | score=85.0 | opposite_score=4.0 | session=LONDON | RR=2.00,V50 realtime loss proxy,4.0,85.0,85.0,2.000000000000093,0.01,-4.891573326179696,-4.891573326179696,0.08,0.0,0.0,0.08,-4.971573326179696,1312.012920177143,1307.0413468509635,1356.9718787090803,49.930531858116865,3.6795553866316646,-4.971573326179696,1,1
proxy_hardened_no_worst_hours,proxy_hardened_no_worst_hours-000538,2024-09-05 13:15:00,2024-09-05 14:00:00,XAUUSD,15m,BUY,LONDON,2518.475,2513.0894485304293,2529.246102939141,V50 realtime loss proxy | variant=proxy_hardened_no_worst_hours | Side=BUY | score=96.0 | opposite_score=4.0 | session=LONDON | RR=2.00,V50 realtime loss proxy,96.0,4.0,96.0,2.0,0.01,-5.385551469570601,-5.385551469570601,0.08,0.0,0.0,0.08,-5.465551469570601,1307.0413468509635,1301.575795381393,1356.9718787090803,55.39608332768739,4.082330975081592,-5.465551469570601,1,1
proxy_hardened_no_worst_hours,proxy_hardened_no_worst_hours-000539,2024-09-05 14:15:00,2024-09-05 14:45:00,XAUUSD,15m,BUY,LONDON,2517.055,2510.9346022224486,2529.2957955551024,V50 realtime loss proxy | variant=proxy_hardened_no_worst_hours | Side=BUY | score=100.0 | opposite_score=8.0 | session=LONDON | RR=2.00,V50 realtime loss proxy,100.0,8.0,100.0,2.0,0.01,-6.120397777551261,-6.120397777551261,0.08,0.0,0.0,0.08,-6.200397777551261,1301.575795381393,1295.3753976038417,1356.9718787090803,61.59648110523858,4.539259956060164,-11.665949247121862,2,2
proxy_hardened_no_worst_hours,proxy_hardened_no_worst_hours-000540,2024-09-10 10:45:00,2024-09-10 12:45:00,XAUUSD,15m,BUY,LONDON,2505.555,2502.313192603874,2512.038614792252,V50 realtime loss proxy | variant=proxy_hardened_no_worst_hours | Side=BUY | score=76.0 | opposite_score=15.0 | session=LONDON | RR=2.00,V50 realtime loss proxy,76.0,15.0,76.0,2.0000000000001403,0.01,6.483614792251956,6.483614792251956,0.08,0.0,0.0,0.08,6.403614792251956,1295.3753976038417,1301.7790123960938,1356.9718787090803,55.19286631298655,4.067355203078551,6.403614792251956,1,0
proxy_hardened_no_worst_hours,proxy_hardened_no_worst_hours-000541,2024-09-10 15:00:00,2024-09-11 01:30:00,XAUUSD,15m,BUY,LONDON,2509.595,2504.3996884701864,2519.9856230596265,V50 realtime loss proxy | variant=proxy_hardened_no_worst_hours | Side=BUY | score=76.0 | opposite_score=4.0 | session=LONDON | RR=2.00,V50 realtime loss proxy,76.0,4.0,76.0,2.0,0.01,10.390623059626705,10.390623059626705,0.08,0.0,0.0,0.08,10.310623059626705,1301.7790123960938,1312.0896354557206,1356.9718787090803,44.882243253359775,3.3075293569132267,16.71423785187866,2,0
proxy_hardened_no_worst_hours,proxy_hardened_no_worst_hours-000542,2024-09-11 14:45:00,2024-09-11 16:30:00,XAUUSD,15m,SELL,LONDON,2509.335,2516.5017343753366,2495.001531249327,V50 realtime loss proxy | variant=proxy_hardened_no_worst_hours | Side=SELL | score=78.0 | opposite_score=30.0 | session=LONDON | RR=2.00,V50 realtime loss proxy,30.0,78.0,78.0,2.0,0.01,-7.166734375336546,-7.166734375336546,0.08,0.0,0.0,0.08,-7.246734375336546,1312.0896354557206,1304.842901080384,1356.9718787090803,52.12897762869625,3.8415665384523505,-7.246734375336546,1,1
proxy_hardened_no_worst_hours,proxy_hardened_no_worst_hours-000543,2024-09-12 10:15:00,2024-09-12 10:45:00,XAUUSD,15m,BUY,LONDON,2517.755,2514.818587293717,2523.627825412567,V50 realtime loss proxy | variant=proxy_hardened_no_worst_hours | Side=BUY | score=90.0 | opposite_score=4.0 | session=LONDON | RR=2.00,V50 realtime loss proxy,90.0,4.0,90.0,2.000000000000155,0.01,-2.9364127062831358,-2.9364127062831358,0.08,0.0,0.0,0.08,-3.016412706283136,1304.842901080384,1301.826488374101,1356.9718787090803,55.14539033497931,4.063856532343207,-3.016412706283136,1,1
proxy_hardened_no_worst_hours,proxy_hardened_no_worst_hours-000544,2024-09-13 15:15:00,2024-09-16 05:30:00,XAUUSD,15m,BUY,LONDON,2577.205,2571.3050518668133,2589.004896266373,V50 realtime loss proxy | variant=proxy_hardened_no_worst_hours | Side=BUY | score=96.0 | opposite_score=4.0 | session=LONDON | RR=2.00,V50 realtime loss proxy,96.0,4.0,96.0,2.0,0.01,11.799896266373253,11.799896266373253,0.08,0.0,0.0,0.08,11.719896266373253,1301.826488374101,1313.5463846404743,1356.9718787090803,43.425494068605985,3.200176418535489,11.719896266373253,1,0
proxy_hardened_no_worst_hours,proxy_hardened_no_worst_hours-000545,2024-09-16 13:45:00,2024-09-16 14:00:00,XAUUSD,15m,BUY,LONDON,2588.115,2583.1843960478986,2597.976207904202,V50 realtime loss proxy | variant=proxy_hardened_no_worst_hours | Side=BUY | score=96.0 | opposite_score=4.0 | session=LONDON | RR=2.00,V50 realtime loss proxy,96.0,4.0,96.0,2.0,0.01,-4.930603952101137,-4.930603952101137,0.08,0.0,0.0,0.08,-5.010603952101137,1313.5463846404743,1308.5357806883733,1356.9718787090803,48.43609802070705,3.569425334501807,-5.010603952101137,1,1
proxy_hardened_no_worst_hours,proxy_hardened_no_worst_hours-000546,2024-09-18 18:30:00,2024-09-18 19:00:00,XAUUSD,15m,BUY,NEW YORK,2580.604,2571.297201632894,2599.2175967342114,V50 realtime loss proxy | variant=proxy_hardened_no_worst_hours | Side=BUY | score=80.0 | opposite_score=15.0 | session=NEW YORK | RR=2.00,V50 realtime loss proxy,80.0,15.0,80.0,2.0,0.01,-9.306798367105785,-9.306798367105785,0.08,0.0,0.0,0.08,-9.386798367105785,1308.5357806883733,1299.1489823212676,1356.9718787090803,57.82289638781276,4.261171310552217,-9.386798367105785,1,1
proxy_hardened_no_worst_hours,proxy_hardened_no_worst_hours-000547,2024-09-19 14:30:00,2024-09-20 06:15:00,XAUUSD,15m,BUY,LONDON,2583.095,2575.644307788129,2597.996384423742,V50 realtime loss proxy | variant=proxy_hardened_no_worst_hours | Side=BUY | score=80.0 | opposite_score=8.0 | session=LONDON | RR=2.00,V50 realtime loss proxy,80.0,8.0,80.0,2.000000000000061,0.01,14.901384423742002,14.901384423742002,0.08,0.0,0.0,0.08,14.821384423742002,1299.1489823212676,1313.9703667450096,1356.9718787090803,43.00151196407069,3.1689316955469296,14.821384423742002,1,0
proxy_hardened_no_worst_hours,proxy_hardened_no_worst_hours-000548,2024-09-20 14:15:00,2024-09-23 02:45:00,XAUUSD,15m,BUY,LONDON,2613.335,2606.9812997847525,2626.042400430495,V50 realtime loss proxy | variant=proxy_hardened_no_worst_hours | Side=BUY | score=100.0 | opposite_score=8.0 | session=LONDON | RR=2.00,V50 realtime loss proxy,100.0,8.0,100.0,2.0,0.01,12.707400430495,12.707400430495,0.08,0.0,0.0,0.08,12.627400430495,1313.9703667450096,1326.5977671755047,1356.9718787090803,30.374111533575615,2.2383744283979734,12.627400430495,1,0
proxy_hardened_no_worst_hours,proxy_hardened_no_worst_hours-000549,2024-09-23 10:00:00,2024-09-23 13:30:00,XAUUSD,15m,BUY,LONDON,2622.865,2618.655085835171,2631.284828329657,V50 realtime loss proxy | variant=proxy_hardened_no_worst_hours | Side=BUY | score=75.0 | opposite_score=4.0 | session=LONDON | RR=2.00,V50 realtime loss proxy,75.0,4.0,75.0,2.0,0.01,8.41982832965732,8.41982832965732,0.08,0.0,0.0,0.08,8.33982832965732,1326.5977671755047,1334.937595505162,1356.9718787090803,22.03428320391822,1.623783333290588,8.33982832965732,1,0
proxy_hardened_no_worst_hours,proxy_hardened_no_worst_hours-000550,2024-09-23 15:30:00,2024-09-24 00:45:00,XAUUSD,15m,BUY,LONDON,2629.445,2623.7726045058753,2640.7897909882504,V50 realtime loss proxy | variant=proxy_hardened_no_worst_hours | Side=BUY | score=96.0 | opposite_score=4.0 | session=LONDON | RR=2.00,V50 realtime loss proxy,96.0,4.0,96.0,2.0000000000000804,0.01,-5.672395494124885,-5.672395494124885,0.08,0.0,0.0,0.08,-5.752395494124885,1334.937595505162,1329.1852000110373,1356.9718787090803,27.786678698043033,2.0476974603539437,2.587432835532436,2,1
proxy_hardened_no_worst_hours,proxy_hardened_no_worst_hours-000551,2024-09-24 13:00:00,2024-09-24 14:45:00,XAUUSD,15m,BUY,LONDON,2632.545,2626.886730120912,2643.861539758176,V50 realtime loss proxy | variant=proxy_hardened_no_worst_hours | Side=BUY | score=90.0 | opposite_score=11.0 | session=LONDON | RR=2.00,V50 realtime loss proxy,90.0,11.0,90.0,2.0,0.01,11.316539758176077,11.316539758176077,0.08,0.0,0.0,0.08,11.236539758176077,1329.1852000110373,1340.4217397692134,1356.9718787090803,16.550138939866883,1.2196375768384695,11.236539758176077,1,0
proxy_hardened_no_worst_hours,proxy_hardened_no_worst_hours-000552,2024-09-25 14:00:00,2024-09-25 14:45:00,XAUUSD,15m,BUY,LONDON,2663.155,2657.8136530373145,2673.8376939253717,V50 realtime loss proxy | variant=proxy_hardened_no_worst_hours | Side=BUY | score=100.0 | opposite_score=15.0 | session=LONDON | RR=2.00,V50 realtime loss proxy,100.0,15.0,100.0,2.0,0.01,-5.341346962685748,-5.341346962685748,0.08,0.0,0.0,0.08,-5.421346962685748,1340.4217397692134,1335.0003928065278,1356.9718787090803,21.97148590255256,1.619155580692988,-5.421346962685748,1,1
proxy_hardened_no_worst_hours,proxy_hardened_no_worst_hours-000553,2024-09-25 19:15:00,2024-09-26 00:00:00,XAUUSD,15m,BUY,NEW YORK,2660.495,2656.019980853721,2669.4450382925584,V50 realtime loss proxy | variant=proxy_hardened_no_worst_hours | Side=BUY | score=100.0 | opposite_score=8.0 | session=NEW YORK | RR=2.00,V50 realtime loss proxy,100.0,8.0,100.0,2.0000000000001017,0.01,-4.47501914627901,-4.47501914627901,0.08,0.0,0.0,0.08,-4.55501914627901,1335.0003928065278,1330.4453736602488,1356.9718787090803,26.526505048831496,1.9548308601698359,-9.976366108964758,2,2
proxy_hardened_no_worst_hours,proxy_hardened_no_worst_hours-000554,2024-09-26 15:15:00,2024-09-27 09:00:00,XAUUSD,15m,BUY,LONDON,2669.545,2660.6977598425788,2687.239480314843,V50 realtime loss proxy | variant=proxy_hardened_no_worst_hours | Side=BUY | score=74.0 | opposite_score=4.0 | session=LONDON | RR=2.00,V50 realtime loss proxy,74.0,4.0,74.0,2.0000000000000515,0.01,-8.84724015742131,-8.84724015742131,0.08,0.0,0.0,0.08,-8.927240157421311,1330.4453736602488,1321.5181335028276,1356.9718787090803,35.453745206252734,2.6127103857141627,-8.927240157421311,1,1
proxy_hardened_no_worst_hours,proxy_hardened_no_worst_hours-000555,2024-10-01 13:00:00,2024-10-01 13:30:00,XAUUSD,15m,BUY,LONDON,2649.915,2645.7319644486206,2658.281071102759,V50 realtime loss proxy | variant=proxy_hardened_no_worst_hours | Side=BUY | score=96.0 | opposite_score=4.0 | session=LONDON | RR=2.00,V50 realtime loss proxy,96.0,4.0,96.0,2.000000000000109,0.01,8.366071102759179,8.366071102759179,0.08,0.0,0.0,0.08,8.286071102759179,1321.5181335028276,1329.8042046055868,1356.9718787090803,27.167674103493482,2.002080848524196,8.286071102759179,1,0
proxy_hardened_no_worst_hours,proxy_hardened_no_worst_hours-000556,2024-10-01 15:30:00,2024-10-02 05:15:00,XAUUSD,15m,BUY,LONDON,2660.085,2652.241344375982,2675.772311248036,V50 realtime loss proxy | variant=proxy_hardened_no_worst_hours | Side=BUY | score=96.0 | opposite_score=4.0 | session=LONDON | RR=2.00,V50 realtime loss proxy,96.0,4.0,96.0,2.0,0.01,-7.8436556240180835,-7.8436556240180835,0.08,0.0,0.0,0.08,-7.9236556240180835,1329.8042046055868,1321.8805489815688,1356.9718787090803,35.09132972751149,2.5860027225394466,0.36241547874109514,2,1
proxy_hardened_no_worst_hours,proxy_hardened_no_worst_hours-000557,2024-10-11 10:45:00,2024-10-11 12:30:00,XAUUSD,15m,BUY,LONDON,2641.465,2637.7707246846044,2648.853550630792,V50 realtime loss proxy | variant=proxy_hardened_no_worst_hours | Side=BUY | score=96.0 | opposite_score=4.0 | session=LONDON | RR=2.00,V50 realtime loss proxy,96.0,4.0,96.0,2.000000000000123,0.01,7.388550630791997,7.388550630791997,0.08,0.0,0.0,0.08,7.308550630791997,1321.8805489815688,1329.189099612361,1356.9718787090803,27.782779096719423,2.047410085104331,7.308550630791997,1,0
proxy_hardened_no_worst_hours,proxy_hardened_no_worst_hours-000558,2024-10-11 19:45:00,2024-10-13 22:00:00,XAUUSD,15m,BUY,NEW YORK,2656.028,2652.364491283565,2663.35501743287,V50 realtime loss proxy | variant=proxy_hardened_no_worst_hours | Side=BUY | score=100.0 | opposite_score=8.0 | session=NEW YORK | RR=2.00,V50 realtime loss proxy,100.0,8.0,100.0,2.0000000000001243,0.01,-3.6635087164349898,-3.6635087164349898,0.08,0.0,0.0,0.08,-3.74350871643499,1329.189099612361,1325.445590895926,1356.9718787090803,31.52628781315434,2.323282324991587,3.565041914357007,2,1
proxy_hardened_no_worst_hours,proxy_hardened_no_worst_hours-000559,2024-10-14 10:30:00,2024-10-14 11:00:00,XAUUSD,15m,BUY,LONDON,2659.205,2655.1319211444643,2667.351157711071,V50 realtime loss proxy | variant=proxy_hardened_no_worst_hours | Side=BUY | score=74.0 | opposite_score=4.0 | session=LONDON | RR=2.00,V50 realtime loss proxy,74.0,4.0,74.0,2.0,0.01,-4.073078855535641,-4.073078855535641,0.08,0.0,0.0,0.08,-4.153078855535641,1325.445590895926,1321.2925120403904,1356.9718787090803,35.67936666868991,2.629337219768514,-4.153078855535641,1,1
proxy_hardened_no_worst_hours,proxy_hardened_no_worst_hours-000560,2024-10-15 10:45:00,2024-10-15 11:45:00,XAUUSD,15m,BUY,LONDON,2652.875,2648.9583741553497,2660.7082516893006,V50 realtime loss proxy | variant=proxy_hardened_no_worst_hours | Side=BUY | score=76.0 | opposite_score=4.0 | session=LONDON | RR=2.00,V50 realtime loss proxy,76.0,4.0,76.0,2.0,0.01,-3.916625844650298,-3.916625844650298,0.08,0.0,0.0,0.08,-3.996625844650298,1321.2925120403904,1317.2958861957402,1356.9718787090803,39.675992513340134,2.923862545411394,-3.996625844650298,1,1
proxy_hardened_no_worst_hours,proxy_hardened_no_worst_hours-000561,2024-10-15 14:15:00,2024-10-16 06:00:00,XAUUSD,15m,BUY,LONDON,2659.185,2652.6531420190845,2672.2487159618313,V50 realtime loss proxy | variant=proxy_hardened_no_worst_hours | Side=BUY | score=84.0 | opposite_score=8.0 | session=LONDON | RR=2.00,V50 realtime loss proxy,84.0,8.0,84.0,2.0000000000000697,0.01,13.063715961831349,13.063715961831349,0.08,0.0,0.0,0.08,12.983715961831349,1317.2958861957402,1330.2796021575716,1356.9718787090803,26.692276551508712,1.967047141529691,8.98709011718105,2,0
proxy_hardened_no_worst_hours,proxy_hardened_no_worst_hours-000562,2024-10-16 14:15:00,2024-10-16 14:30:00,XAUUSD,15m,BUY,LONDON,2678.325,2672.4127505799156,2690.1494988401682,V50 realtime loss proxy | variant=proxy_hardened_no_worst_hours | Side=BUY | score=100.0 | opposite_score=8.0 | session=LONDON | RR=2.00,V50 realtime loss proxy,100.0,8.0,100.0,2.0,0.01,-5.912249420084208,-5.912249420084208,0.08,0.0,0.0,0.08,-5.9922494200842085,1330.2796021575716,1324.2873527374875,1356.9718787090803,32.68452597159285,2.4086369426230423,-5.9922494200842085,1,1
proxy_hardened_no_worst_hours,proxy_hardened_no_worst_hours-000563,2024-10-16 19:45:00,2024-10-17 01:45:00,XAUUSD,15m,BUY,NEW YORK,2674.698,2670.6547396768783,2682.784520646243,V50 realtime loss proxy | variant=proxy_hardened_no_worst_hours | Side=BUY | score=78.0 | opposite_score=8.0 | session=NEW YORK | RR=2.00,V50 realtime loss proxy,78.0,8.0,78.0,2.0,0.01,8.086520646243116,8.086520646243116,0.08,0.0,0.0,0.08,8.006520646243116,1324.2873527374875,1332.2938733837307,1356.9718787090803,24.67800532534966,1.8186084555286757,2.0142712261589075,2,0
proxy_hardened_no_worst_hours,proxy_hardened_no_worst_hours-000564,2024-10-17 13:00:00,2024-10-17 14:30:00,XAUUSD,15m,BUY,LONDON,2682.254,2676.8199779233546,2693.1220441532905,V50 realtime loss proxy | variant=proxy_hardened_no_worst_hours | Side=BUY | score=74.0 | opposite_score=4.0 | session=LONDON | RR=2.00,V50 realtime loss proxy,74.0,4.0,74.0,2.0,0.01,10.868044153290612,10.868044153290612,0.08,0.0,0.0,0.08,10.788044153290612,1332.2938733837307,1343.0819175370214,1356.9718787090803,13.889961172058975,1.0235997805107668,10.788044153290612,1,0
proxy_hardened_no_worst_hours,proxy_hardened_no_worst_hours-000565,2024-10-18 13:30:00,2024-10-20 22:45:00,XAUUSD,15m,BUY,LONDON,2712.405,2706.7819838460123,2723.651032307976,V50 realtime loss proxy | variant=proxy_hardened_no_worst_hours | Side=BUY | score=96.0 | opposite_score=4.0 | session=LONDON | RR=2.00,V50 realtime loss proxy,96.0,4.0,96.0,2.0,0.01,11.246032307975838,11.246032307975838,0.08,0.0,0.0,0.08,11.166032307975838,1343.0819175370214,1354.2479498449973,1356.9718787090803,2.7239288640830637,0.2007358374054444,11.166032307975838,1,0
proxy_hardened_no_worst_hours,proxy_hardened_no_worst_hours-000566,2024-10-21 10:45:00,2024-10-21 14:30:00,XAUUSD,15m,BUY,LONDON,2733.215,2728.8386268335744,2741.9677463328517,V50 realtime loss proxy | variant=proxy_hardened_no_worst_hours | Side=BUY | score=96.0 | opposite_score=4.0 | session=LONDON | RR=2.00,V50 realtime loss proxy,96.0,4.0,96.0,2.0,0.01,-4.376373166425765,-4.376373166425765,0.08,0.0,0.0,0.08,-4.456373166425765,1354.2479498449973,1349.7915766785716,1356.9718787090803,7.180302030508756,0.5291415498852893,-4.456373166425765,1,1
proxy_hardened_no_worst_hours,proxy_hardened_no_worst_hours-000567,2024-10-22 10:00:00,2024-10-22 11:45:00,XAUUSD,15m,BUY,LONDON,2734.385,2730.432197349345,2742.2906053013107,V50 realtime loss proxy | variant=proxy_hardened_no_worst_hours | Side=BUY | score=96.0 | opposite_score=4.0 | session=LONDON | RR=2.00,V50 realtime loss proxy,96.0,4.0,96.0,2.000000000000115,0.01,-3.9528026506550304,-3.9528026506550304,0.08,0.0,0.0,0.08,-4.0328026506550305,1349.7915766785716,1345.7587740279166,1356.9718787090803,11.213104681163713,0.8263328707910297,-4.0328026506550305,1,1
proxy_hardened_no_worst_hours,proxy_hardened_no_worst_hours-000568,2024-10-22 13:00:00,2024-10-22 16:45:00,XAUUSD,15m,BUY,LONDON,2735.818,2731.2485440617193,2744.956911876562,V50 realtime loss proxy | variant=proxy_hardened_no_worst_hours | Side=BUY | score=96.0 | opposite_score=4.0 | session=LONDON | RR=2.00,V50 realtime loss proxy,96.0,4.0,96.0,2.0,0.01,9.138911876561906,9.138911876561906,0.08,0.0,0.0,0.08,9.058911876561906,1345.7587740279166,1354.8176859044786,1356.9718787090803,2.1541928046017347,0.15874999610537763,5.026109225906875,2,0
proxy_hardened_no_worst_hours,proxy_hardened_no_worst_hours-000569,2024-10-24 13:30:00,2024-10-24 13:45:00,XAUUSD,15m,BUY,LONDON,2738.455,2733.9580686283775,2747.4488627432447,V50 realtime loss proxy | variant=proxy_hardened_no_worst_hours | Side=BUY | score=96.0 | opposite_score=11.0 | session=LONDON | RR=2.00,V50 realtime loss proxy,96.0,11.0,96.0,2.0,0.01,-4.496931371622395,-4.496931371622395,0.08,0.0,0.0,0.08,-4.576931371622395,1354.8176859044786,1350.2407545328563,1356.9718787090803,6.731124176224057,0.49604006404521334,-4.576931371622395,1,1
proxy_hardened_no_worst_hours,proxy_hardened_no_worst_hours-000570,2024-10-28 15:45:00,2024-10-29 01:30:00,XAUUSD,15m,BUY,LONDON,2740.688,2735.8031685468513,2750.457662906298,V50 realtime loss proxy | variant=proxy_hardened_no_worst_hours | Side=BUY | score=76.0 | opposite_score=4.0 | session=LONDON | RR=2.00,V50 realtime loss proxy,76.0,4.0,76.0,2.0000000000000933,0.01,9.769662906297981,9.769662906297981,0.08,0.0,0.0,0.08,9.68966290629798,1350.2407545328563,1359.9304174391543,1359.9304174391543,0.0,0.0,9.68966290629798,1,0
proxy_hardened_no_worst_hours,proxy_hardened_no_worst_hours-000571,2024-10-29 13:00:00,2024-10-29 14:00:00,XAUUSD,15m,BUY,LONDON,2755.395,2750.1854061754298,2765.8141876491404,V50 realtime loss proxy | variant=proxy_hardened_no_worst_hours | Side=BUY | score=96.0 | opposite_score=4.0 | session=LONDON | RR=2.00,V50 realtime loss proxy,96.0,4.0,96.0,2.0,0.01,10.41918764914044,10.41918764914044,0.08,0.0,0.0,0.08,10.33918764914044,1359.9304174391543,1370.2696050882948,1370.2696050882948,0.0,0.0,10.33918764914044,1,0
proxy_hardened_no_worst_hours,proxy_hardened_no_worst_hours-000572,2024-10-30 13:00:00,2024-10-30 13:15:00,XAUUSD,15m,BUY,LONDON,2786.925,2782.1279119265146,2796.5191761469714,V50 realtime loss proxy | variant=proxy_hardened_no_worst_hours | Side=BUY | score=100.0 | opposite_score=4.0 | session=LONDON | RR=2.00,V50 realtime loss proxy,100.0,4.0,100.0,2.0,0.01,-4.797088073485611,-4.797088073485611,0.08,0.0,0.0,0.08,-4.877088073485611,1370.2696050882948,1365.3925170148093,1370.2696050882948,4.877088073485538,0.3559217876084523,-4.877088073485611,1,1
proxy_hardened_no_worst_hours,proxy_hardened_no_worst_hours-000573,2024-11-06 10:00:00,2024-11-06 11:45:00,XAUUSD,15m,SELL,LONDON,2723.505,2734.724202223376,2701.0665955532486,V50 realtime loss proxy | variant=proxy_hardened_no_worst_hours | Side=SELL | score=85.0 | opposite_score=4.0 | session=LONDON | RR=2.00,V50 realtime loss proxy,4.0,85.0,85.0,2.0,0.01,22.43840444675152,22.43840444675152,0.08,0.0,0.0,0.08,22.35840444675152,1365.3925170148093,1387.750921461561,1387.750921461561,0.0,0.0,22.35840444675152,1,0
proxy_hardened_no_worst_hours,proxy_hardened_no_worst_hours-000574,2024-11-08 10:00:00,2024-11-08 11:30:00,XAUUSD,15m,SELL,LONDON,2686.765,2692.2606120731275,2675.7737758537446,V50 realtime loss proxy | variant=proxy_hardened_no_worst_hours | Side=SELL | score=85.0 | opposite_score=4.0 | session=LONDON | RR=2.00,V50 realtime loss proxy,4.0,85.0,85.0,2.0,0.01,-5.4956120731276314,-5.4956120731276314,0.08,0.0,0.0,0.08,-5.5756120731276315,1387.750921461561,1382.1753093884333,1387.750921461561,5.575612073127559,0.40177325677834164,-5.5756120731276315,1,1
proxy_hardened_no_worst_hours,proxy_hardened_no_worst_hours-000575,2024-11-08 15:45:00,2024-11-11 01:45:00,XAUUSD,15m,SELL,LONDON,2687.355,2694.9730639523937,2672.1188720952127,V50 realtime loss proxy | variant=proxy_hardened_no_worst_hours | Side=SELL | score=79.0 | opposite_score=4.0 | session=LONDON | RR=2.00,V50 realtime loss proxy,4.0,79.0,79.0,2.0,0.01,15.236127904787281,15.236127904787281,0.08,0.0,0.0,0.08,15.156127904787281,1382.1753093884333,1397.3314372932207,1397.3314372932207,0.0,0.0,9.58051583165965,2,0
proxy_hardened_no_worst_hours,proxy_hardened_no_worst_hours-000576,2024-11-12 15:15:00,2024-11-13 02:45:00,XAUUSD,15m,SELL,LONDON,2603.255,2611.874415996485,2586.0161680070305,V50 realtime loss proxy | variant=proxy_hardened_no_worst_hours | Side=SELL | score=85.0 | opposite_score=4.0 | session=LONDON | RR=2.00,V50 realtime loss proxy,4.0,85.0,85.0,2.0,0.01,-8.619415996484804,-8.619415996484804,0.08,0.0,0.0,0.08,-8.699415996484804,1397.3314372932207,1388.632021296736,1397.3314372932207,8.699415996484731,0.6225735544414877,-8.699415996484804,1,1
proxy_hardened_no_worst_hours,proxy_hardened_no_worst_hours-000577,2024-11-13 15:45:00,2024-11-13 16:30:00,XAUUSD,15m,SELL,LONDON,2605.325,2612.769873576939,2590.4352528461213,V50 realtime loss proxy | variant=proxy_hardened_no_worst_hours | Side=SELL | score=90.0 | opposite_score=4.0 | session=LONDON | RR=2.00,V50 realtime loss proxy,4.0,90.0,90.0,2.0,0.01,14.889747153878488,14.889747153878488,0.08,0.0,0.0,0.08,14.809747153878488,1388.632021296736,1403.4417684506145,1403.4417684506145,0.0,0.0,14.809747153878488,1,0
proxy_hardened_no_worst_hours,proxy_hardened_no_worst_hours-000578,2024-11-18 18:45:00,2024-11-19 02:30:00,XAUUSD,15m,BUY,NEW YORK,2611.005,2606.1578227449463,2620.699354510108,V50 realtime loss proxy | variant=proxy_hardened_no_worst_hours | Side=BUY | score=72.0 | opposite_score=30.0 | session=NEW YORK | RR=2.00,V50 realtime loss proxy,72.0,30.0,72.0,2.0000000000000937,0.01,9.694354510108042,9.694354510108042,0.08,0.0,0.0,0.08,9.614354510108042,1403.4417684506145,1413.0561229607226,1413.0561229607226,0.0,0.0,9.614354510108042,1,0
proxy_hardened_no_worst_hours,proxy_hardened_no_worst_hours-000579,2024-11-19 13:30:00,2024-11-19 14:15:00,XAUUSD,15m,BUY,LONDON,2634.615,2628.513281255042,2646.8184374899156,V50 realtime loss proxy | variant=proxy_hardened_no_worst_hours | Side=BUY | score=85.0 | opposite_score=4.0 | session=LONDON | RR=2.00,V50 realtime loss proxy,85.0,4.0,85.0,2.0,0.01,-6.101718744957907,-6.101718744957907,0.08,0.0,0.0,0.08,-6.181718744957907,1413.0561229607226,1406.8744042157648,1413.0561229607226,6.181718744957834,0.4374715656732384,-6.181718744957907,1,1
proxy_hardened_no_worst_hours,proxy_hardened_no_worst_hours-000580,2024-11-19 18:45:00,2024-11-20 07:30:00,XAUUSD,15m,BUY,NEW YORK,2630.065,2624.2512036341723,2641.6925927316556,V50 realtime loss proxy | variant=proxy_hardened_no_worst_hours | Side=BUY | score=89.0 | opposite_score=8.0 | session=NEW YORK | RR=2.00,V50 realtime loss proxy,89.0,8.0,89.0,2.0,0.01,-5.813796365827784,-5.813796365827784,0.08,0.0,0.0,0.08,-5.893796365827784,1406.8744042157648,1400.980607849937,1413.0561229607226,12.075515110785545,0.8545672683887586,-12.075515110785691,2,2
proxy_hardened_no_worst_hours,proxy_hardened_no_worst_hours-000581,2024-11-21 18:00:00,2024-11-22 02:30:00,XAUUSD,15m,BUY,NEW YORK,2671.015,2664.7945512006095,2683.455897598781,V50 realtime loss proxy | variant=proxy_hardened_no_worst_hours | Side=BUY | score=89.0 | opposite_score=8.0 | session=NEW YORK | RR=2.00,V50 realtime loss proxy,89.0,8.0,89.0,2.0000000000000733,0.01,12.440897598781248,12.440897598781248,0.08,0.0,0.0,0.08,12.360897598781248,1400.980607849937,1413.3415054487184,1413.3415054487184,0.0,0.0,12.360897598781248,1,0
proxy_hardened_no_worst_hours,proxy_hardened_no_worst_hours-000582,2024-11-22 21:00:00,2024-11-24 23:00:00,XAUUSD,15m,BUY,NEW YORK,2708.665,2703.770499236289,2718.4540015274215,V50 realtime loss proxy | variant=proxy_hardened_no_worst_hours | Side=BUY | score=89.0 | opposite_score=8.0 | session=NEW YORK | RR=2.00,V50 realtime loss proxy,89.0,8.0,89.0,2.0,0.01,-4.8945007637107665,-4.8945007637107665,0.08,0.0,0.0,0.08,-4.9745007637107665,1413.3415054487184,1408.3670046850077,1413.3415054487184,4.974500763710694,0.35196735852821015,-4.9745007637107665,1,1
proxy_hardened_no_worst_hours,proxy_hardened_no_worst_hours-000583,2024-11-26 14:30:00,2024-11-26 15:30:00,XAUUSD,15m,SELL,LONDON,2622.298,2630.504497423885,2605.8850051522295,V50 realtime loss proxy | variant=proxy_hardened_no_worst_hours | Side=SELL | score=79.0 | opposite_score=8.0 | session=LONDON | RR=2.00,V50 realtime loss proxy,8.0,79.0,79.0,2.0,0.01,-8.20649742388514,-8.20649742388514,0.08,0.0,0.0,0.08,-8.28649742388514,1408.3670046850077,1400.0805072611226,1413.3415054487184,13.26099818759576,0.9382727484101981,-8.28649742388514,1,1
proxy_hardened_no_worst_hours,proxy_hardened_no_worst_hours-000584,2024-11-27 13:30:00,2024-11-27 15:00:00,XAUUSD,15m,BUY,LONDON,2652.145,2646.7768426329053,2662.88131473419,V50 realtime loss proxy | variant=proxy_hardened_no_worst_hours | Side=BUY | score=85.0 | opposite_score=4.0 | session=LONDON | RR=2.00,V50 realtime loss proxy,85.0,4.0,85.0,2.000000000000085,0.01,-5.368157367094682,-5.368157367094682,0.08,0.0,0.0,0.08,-5.448157367094682,1400.0805072611226,1394.632349894028,1413.3415054487184,18.70915555469037,1.3237533520782327,-5.448157367094682,1,1
proxy_hardened_no_worst_hours,proxy_hardened_no_worst_hours-000585,2024-11-28 13:00:00,2024-11-28 14:45:00,XAUUSD,15m,BUY,LONDON,2644.858,2640.9604621008684,2652.6530757982637,V50 realtime loss proxy | variant=proxy_hardened_no_worst_hours | Side=BUY | score=79.0 | opposite_score=26.0 | session=LONDON | RR=2.00,V50 realtime loss proxy,79.0,26.0,79.0,2.0,0.01,-3.8975378991317484,-3.8975378991317484,0.08,0.0,0.0,0.08,-3.9775378991317485,1394.632349894028,1390.6548119948964,1413.3415054487184,22.686693453822045,1.6051812931524503,-3.9775378991317485,1,1
proxy_hardened_no_worst_hours,proxy_hardened_no_worst_hours-000586,2024-11-29 10:30:00,2024-11-29 13:15:00,XAUUSD,15m,BUY,LONDON,2661.748,2656.3575652176028,2672.5288695647946,V50 realtime loss proxy | variant=proxy_hardened_no_worst_hours | Side=BUY | score=85.0 | opposite_score=4.0 | session=LONDON | RR=2.00,V50 realtime loss proxy,85.0,4.0,85.0,2.0,0.01,-5.3904347823972785,-5.3904347823972785,0.08,0.0,0.0,0.08,-5.4704347823972785,1390.6548119948964,1385.1843772124992,1413.3415054487184,28.15712823621925,1.9922381199213215,-5.4704347823972785,1,1
proxy_hardened_no_worst_hours,proxy_hardened_no_worst_hours-000587,2024-12-04 10:00:00,2024-12-04 11:00:00,XAUUSD,15m,SELL,LONDON,2641.465,2645.397389271786,2633.6002214564287,V50 realtime loss proxy | variant=proxy_hardened_no_worst_hours | Side=SELL | score=76.0 | opposite_score=4.0 | session=LONDON | RR=2.00,V50 realtime loss proxy,4.0,76.0,76.0,2.0,0.01,-3.9323892717857234,-3.9323892717857234,0.08,0.0,0.0,0.08,-4.0123892717857235,1385.1843772124992,1381.1719879407135,1413.3415054487184,32.1695175080049,2.276131945745942,-4.0123892717857235,1,1
proxy_hardened_no_worst_hours,proxy_hardened_no_worst_hours-000588,2024-12-10 13:15:00,2024-12-10 14:15:00,XAUUSD,15m,BUY,LONDON,2674.564,2669.2022372378187,2685.2875255243625,V50 realtime loss proxy | variant=proxy_hardened_no_worst_hours | Side=BUY | score=85.0 | opposite_score=4.0 | session=LONDON | RR=2.00,V50 realtime loss proxy,85.0,4.0,85.0,2.000000000000085,0.01,10.723525524362685,10.723525524362685,0.08,0.0,0.0,0.08,10.643525524362685,1381.1719879407135,1391.8155134650763,1413.3415054487184,21.525991983642143,1.5230566639877958,10.643525524362685,1,0
proxy_hardened_no_worst_hours,proxy_hardened_no_worst_hours-000589,2024-12-11 10:45:00,2024-12-11 15:00:00,XAUUSD,15m,BUY,LONDON,2694.264,2687.2757864752816,2708.240427049437,V50 realtime loss proxy | variant=proxy_hardened_no_worst_hours | Side=BUY | score=74.0 | opposite_score=4.0 | session=LONDON | RR=2.00,V50 realtime loss proxy,74.0,4.0,74.0,2.0,0.01,13.976427049437007,13.976427049437007,0.08,0.0,0.0,0.08,13.896427049437007,1391.8155134650763,1405.7119405145133,1413.3415054487184,7.629564934205064,0.5398245862582781,13.896427049437007,1,0
proxy_hardened_no_worst_hours,proxy_hardened_no_worst_hours-000590,2024-12-17 13:45:00,2024-12-17 15:15:00,XAUUSD,15m,SELL,LONDON,2636.848,2642.382003395288,2625.779993209424,V50 realtime loss proxy | variant=proxy_hardened_no_worst_hours | Side=SELL | score=85.0 | opposite_score=4.0 | session=LONDON | RR=2.00,V50 realtime loss proxy,4.0,85.0,85.0,2.0,0.01,-5.534003395287982,-5.534003395287982,0.08,0.0,0.0,0.08,-5.614003395287982,1405.7119405145133,1400.0979371192254,1413.3415054487184,13.243568329492973,0.9370395108638874,-5.614003395287982,1,1
proxy_hardened_no_worst_hours,proxy_hardened_no_worst_hours-000591,2024-12-17 15:30:00,2024-12-17 17:45:00,XAUUSD,15m,SELL,LONDON,2638.084,2644.3389763330774,2625.5740473338446,V50 realtime loss proxy | variant=proxy_hardened_no_worst_hours | Side=SELL | score=85.0 | opposite_score=4.0 | session=LONDON | RR=2.00,V50 realtime loss proxy,4.0,85.0,85.0,2.0,0.01,-6.254976333077593,-6.254976333077593,0.08,0.0,0.0,0.08,-6.334976333077593,1400.0979371192254,1393.762960786148,1413.3415054487184,19.578544662570494,1.3852663766747972,-11.948979728365575,2,2
proxy_hardened_no_worst_hours,proxy_hardened_no_worst_hours-000592,2024-12-23 13:30:00,2024-12-23 15:15:00,XAUUSD,15m,SELL,LONDON,2618.905,2623.370584645792,2609.9738307084162,V50 realtime loss proxy | variant=proxy_hardened_no_worst_hours | Side=SELL | score=87.0 | opposite_score=4.0 | session=LONDON | RR=2.00,V50 realtime loss proxy,4.0,87.0,87.0,2.0000000000001017,0.01,8.931169291583956,8.931169291583956,0.08,0.0,0.0,0.08,8.851169291583956,1393.762960786148,1402.614130077732,1413.3415054487184,10.727375370986465,0.7590080196208953,8.851169291583956,1,0
proxy_hardened_no_worst_hours,proxy_hardened_no_worst_hours-000593,2024-12-24 10:45:00,2024-12-24 17:15:00,XAUUSD,15m,SELL,LONDON,2615.385,2618.5062840695787,2609.142431860843,V50 realtime loss proxy | variant=proxy_hardened_no_worst_hours | Side=SELL | score=76.0 | opposite_score=4.0 | session=LONDON | RR=2.00,V50 realtime loss proxy,4.0,76.0,76.0,2.0000000000001457,0.01,-3.1212840695784507,-3.1212840695784507,0.08,0.0,0.0,0.08,-3.201284069578451,1402.614130077732,1399.4128460081536,1413.3415054487184,13.928659440564843,0.9855126582547129,-3.201284069578451,1,1
proxy_hardened_no_worst_hours,proxy_hardened_no_worst_hours-000594,2024-12-26 13:15:00,2024-12-26 13:30:00,XAUUSD,15m,BUY,LONDON,2627.704,2624.6025358513402,2633.90692829732,V50 realtime loss proxy | variant=proxy_hardened_no_worst_hours | Side=BUY | score=74.0 | opposite_score=26.0 | session=LONDON | RR=2.00,V50 realtime loss proxy,74.0,26.0,74.0,2.0,0.01,-3.101464148659943,-3.101464148659943,0.08,0.0,0.0,0.08,-3.181464148659943,1399.4128460081536,1396.2313818594937,1413.3415054487184,17.110123589224713,1.2106149521019312,-3.181464148659943,1,1
proxy_hardened_no_worst_hours,proxy_hardened_no_worst_hours-000595,2024-12-26 14:45:00,2024-12-26 15:30:00,XAUUSD,15m,BUY,LONDON,2629.898,2626.2839624822927,2637.1260750354154,V50 realtime loss proxy | variant=proxy_hardened_no_worst_hours | Side=BUY | score=72.0 | opposite_score=30.0 | session=LONDON | RR=2.00,V50 realtime loss proxy,72.0,30.0,72.0,2.0000000000001257,0.01,7.228075035415259,7.228075035415259,0.08,0.0,0.0,0.08,7.148075035415259,1396.2313818594937,1403.379456894909,1413.3415054487184,9.962048553809382,0.7048578503782463,3.9666108867553156,2,0
proxy_hardened_no_worst_hours,proxy_hardened_no_worst_hours-000596,2024-12-30 13:30:00,2024-12-30 15:00:00,XAUUSD,15m,SELL,LONDON,2613.028,2618.406409148079,2602.2711817038407,V50 realtime loss proxy | variant=proxy_hardened_no_worst_hours | Side=SELL | score=90.0 | opposite_score=4.0 | session=LONDON | RR=2.00,V50 realtime loss proxy,4.0,90.0,90.0,2.0000000000000844,0.01,10.756818296159054,10.756818296159054,0.08,0.0,0.0,0.08,10.676818296159054,1403.379456894909,1414.0562751910682,1414.0562751910682,0.0,0.0,10.676818296159054,1,0
proxy_hardened_no_worst_hours,proxy_hardened_no_worst_hours-000597,2024-12-31 19:30:00,2025-01-02 01:15:00,XAUUSD,15m,BUY,NEW YORK,2623.055,2618.627809932683,2631.9093801346344,V50 realtime loss proxy | variant=proxy_hardened_no_worst_hours | Side=BUY | score=83.0 | opposite_score=30.0 | session=NEW YORK | RR=2.00,V50 realtime loss proxy,83.0,30.0,83.0,2.0000000000001026,0.01,8.854380134634539,8.854380134634539,0.08,0.0,0.0,0.08,8.774380134634539,1414.0562751910682,1422.8306553257028,1422.8306553257028,0.0,0.0,8.774380134634539,1,0
proxy_hardened_no_worst_hours,proxy_hardened_no_worst_hours-000598,2025-01-02 10:00:00,2025-01-02 13:45:00,XAUUSD,15m,BUY,LONDON,2638.735,2634.5864554219725,2647.0320891560555,V50 realtime loss proxy | variant=proxy_hardened_no_worst_hours | Side=BUY | score=85.0 | opposite_score=4.0 | session=LONDON | RR=2.00,V50 realtime loss proxy,85.0,4.0,85.0,2.0,0.01,8.297089156055335,8.297089156055335,0.08,0.0,0.0,0.08,8.217089156055335,1422.8306553257028,1431.0477444817582,1431.0477444817582,0.0,0.0,8.217089156055335,1,0
proxy_hardened_no_worst_hours,proxy_hardened_no_worst_hours-000599,2025-01-02 14:00:00,2025-01-02 16:45:00,XAUUSD,15m,BUY,LONDON,2646.775,2640.836005423706,2658.6529891525884,V50 realtime loss proxy | variant=proxy_hardened_no_worst_hours | Side=BUY | score=89.0 | opposite_score=8.0 | session=LONDON | RR=2.00,V50 realtime loss proxy,89.0,8.0,89.0,2.0,0.01,11.87798915258827,11.87798915258827,0.08,0.0,0.0,0.08,11.79798915258827,1431.0477444817582,1442.8457336343465,1442.8457336343465,0.0,0.0,20.015078308643606,2,0
proxy_hardened_no_worst_hours,proxy_hardened_no_worst_hours-000600,2025-01-06 10:00:00,2025-01-06 11:00:00,XAUUSD,15m,SELL,LONDON,2631.195,2635.395503917826,2622.7939921643488,V50 realtime loss proxy | variant=proxy_hardened_no_worst_hours | Side=SELL | score=85.0 | opposite_score=4.0 | session=LONDON | RR=2.00,V50 realtime loss proxy,4.0,85.0,85.0,2.0,0.01,-4.200503917825699,-4.200503917825699,0.08,0.0,0.0,0.08,-4.280503917825699,1442.8457336343465,1438.565229716521,1442.8457336343465,4.280503917825627,0.2966709342545982,-4.280503917825699,1,1
proxy_hardened_no_worst_hours,proxy_hardened_no_worst_hours-000601,2025-01-06 13:15:00,2025-01-06 13:30:00,XAUUSD,15m,BUY,LONDON,2642.195,2636.2983789882387,2653.988242023523,V50 realtime loss proxy | variant=proxy_hardened_no_worst_hours | Side=BUY | score=85.0 | opposite_score=4.0 | session=LONDON | RR=2.00,V50 realtime loss proxy,85.0,4.0,85.0,2.0,0.01,-5.896621011761454,-5.896621011761454,0.08,0.0,0.0,0.08,-5.976621011761454,1438.565229716521,1432.5886087047595,1442.8457336343465,10.257124929587008,0.7108954679271638,-10.257124929587153,2,2
proxy_hardened_no_worst_hours,proxy_hardened_no_worst_hours-000602,2025-01-07 10:00:00,2025-01-07 12:00:00,XAUUSD,15m,BUY,LONDON,2642.848,2638.998934343807,2650.546131312386,V50 realtime loss proxy | variant=proxy_hardened_no_worst_hours | Side=BUY | score=79.0 | opposite_score=4.0 | session=LONDON | RR=2.00,V50 realtime loss proxy,79.0,4.0,79.0,2.0,0.01,7.698131312386067,7.698131312386067,0.08,0.0,0.0,0.08,7.618131312386067,1432.5886087047595,1440.2067400171456,1442.8457336343465,2.6389936172008674,0.18290199400275284,7.618131312386067,1,0
proxy_hardened_no_worst_hours,proxy_hardened_no_worst_hours-000603,2025-01-08 10:45:00,2025-01-08 11:15:00,XAUUSD,15m,BUY,LONDON,2653.138,2650.209899233959,2658.994201532082,V50 realtime loss proxy | variant=proxy_hardened_no_worst_hours | Side=BUY | score=79.0 | opposite_score=4.0 | session=LONDON | RR=2.00,V50 realtime loss proxy,79.0,4.0,79.0,2.0,0.01,-2.928100766041098,-2.928100766041098,0.08,0.0,0.0,0.08,-3.008100766041098,1440.2067400171456,1437.1986392511046,1442.8457336343465,5.6470943832418925,0.3913858738742342,-3.008100766041098,1,1
proxy_hardened_no_worst_hours,proxy_hardened_no_worst_hours-000604,2025-01-08 13:00:00,2025-01-08 13:15:00,XAUUSD,15m,BUY,LONDON,2655.588,2651.6858612439514,2663.392277512098,V50 realtime loss proxy | variant=proxy_hardened_no_worst_hours | Side=BUY | score=83.0 | opposite_score=4.0 | session=LONDON | RR=2.00,V50 realtime loss proxy,83.0,4.0,83.0,2.0000000000001164,0.01,-3.902138756048771,-3.902138756048771,0.08,0.0,0.0,0.08,-3.982138756048771,1437.1986392511046,1433.216500495056,1442.8457336343465,9.62923313929059,0.6673778710240744,-6.990239522089869,2,2
proxy_hardened_no_worst_hours,proxy_hardened_no_worst_hours-000605,2025-01-09 14:45:00,2025-01-09 16:45:00,XAUUSD,15m,BUY,LONDON,2672.204,2666.624435270228,2683.363129459545,V50 realtime loss proxy | variant=proxy_hardened_no_worst_hours | Side=BUY | score=94.0 | opposite_score=8.0 | session=LONDON | RR=2.00,V50 realtime loss proxy,94.0,8.0,94.0,2.0,0.01,-5.579564729772301,-5.579564729772301,0.08,0.0,0.0,0.08,-5.659564729772301,1433.216500495056,1427.5569357652837,1442.8457336343465,15.288797869062819,1.0596280331752628,-5.659564729772301,1,1
proxy_hardened_no_worst_hours,proxy_hardened_no_worst_hours-000606,2025-01-09 18:15:00,2025-01-10 09:15:00,XAUUSD,15m,BUY,NEW YORK,2669.914,2664.3317844630137,2681.078431073973,V50 realtime loss proxy | variant=proxy_hardened_no_worst_hours | Side=BUY | score=100.0 | opposite_score=8.0 | session=NEW YORK | RR=2.00,V50 realtime loss proxy,100.0,8.0,100.0,2.0,0.01,11.164431073972992,11.164431073972992,0.08,0.0,0.0,0.08,11.084431073972992,1427.5569357652837,1438.6413668392568,1442.8457336343465,4.204366795089754,0.29139406223972986,5.424866344200691,2,0
proxy_hardened_no_worst_hours,proxy_hardened_no_worst_hours-000607,2025-01-10 13:00:00,2025-01-10 13:30:00,XAUUSD,15m,BUY,LONDON,2679.755,2675.5611432344626,2688.142713531075,V50 realtime loss proxy | variant=proxy_hardened_no_worst_hours | Side=BUY | score=74.0 | opposite_score=4.0 | session=LONDON | RR=2.00,V50 realtime loss proxy,74.0,4.0,74.0,2.0,0.01,-4.193856765537475,-4.193856765537475,0.08,0.0,0.0,0.08,-4.2738567655374755,1438.6413668392568,1434.3675100737194,1442.8457336343465,8.478223560627157,0.5876042991284717,-4.2738567655374755,1,1
proxy_hardened_no_worst_hours,proxy_hardened_no_worst_hours-000608,2025-01-10 13:45:00,2025-01-10 15:15:00,XAUUSD,15m,BUY,LONDON,2682.248,2676.169870330217,2694.404259339567,V50 realtime loss proxy | variant=proxy_hardened_no_worst_hours | Side=BUY | score=74.0 | opposite_score=4.0 | session=LONDON | RR=2.00,V50 realtime loss proxy,74.0,4.0,74.0,2.0000000000000746,0.01,12.156259339566986,12.156259339566986,0.08,0.0,0.0,0.08,12.076259339566986,1434.3675100737194,1446.4437694132864,1446.4437694132864,0.0,0.0,7.802402574029511,2,0
proxy_hardened_no_worst_hours,proxy_hardened_no_worst_hours-000609,2025-01-15 13:00:00,2025-01-15 13:15:00,XAUUSD,15m,BUY,LONDON,2685.635,2682.0399561813024,2692.8250876373963,V50 realtime loss proxy | variant=proxy_hardened_no_worst_hours | Side=BUY | score=96.0 | opposite_score=4.0 | session=LONDON | RR=2.00,V50 realtime loss proxy,96.0,4.0,96.0,2.0000000000001266,0.01,-3.5950438186978317,-3.5950438186978317,0.08,0.0,0.0,0.08,-3.675043818697832,1446.4437694132864,1442.7687255945887,1446.4437694132864,3.675043818697759,0.2540744338916437,-3.675043818697832,1,1
proxy_hardened_no_worst_hours,proxy_hardened_no_worst_hours-000610,2025-01-15 13:30:00,2025-01-15 14:30:00,XAUUSD,15m,BUY,LONDON,2686.705,2682.034967319592,2696.045065360816,V50 realtime loss proxy | variant=proxy_hardened_no_worst_hours | Side=BUY | score=96.0 | opposite_score=4.0 | session=LONDON | RR=2.00,V50 realtime loss proxy,96.0,4.0,96.0,2.0,0.01,-4.670032680407985,-4.670032680407985,0.08,0.0,0.0,0.08,-4.750032680407985,1442.7687255945887,1438.0186929141807,1446.4437694132864,8.425076499105671,0.5824683044901975,-8.425076499105817,2,2
proxy_hardened_no_worst_hours,proxy_hardened_no_worst_hours-000611,2025-01-23 19:45:00,2025-01-24 02:00:00,XAUUSD,15m,BUY,NEW YORK,2753.945,2749.1612801575716,2763.512439684858,V50 realtime loss proxy | variant=proxy_hardened_no_worst_hours | Side=BUY | score=100.0 | opposite_score=8.0 | session=NEW YORK | RR=2.00,V50 realtime loss proxy,100.0,8.0,100.0,2.000000000000095,0.01,9.567439684857618,9.567439684857618,0.08,0.0,0.0,0.08,9.487439684857618,1438.0186929141807,1447.5061325990384,1447.5061325990384,0.0,0.0,9.487439684857618,1,0
proxy_hardened_no_worst_hours,proxy_hardened_no_worst_hours-000612,2025-01-24 10:00:00,2025-01-24 13:00:00,XAUUSD,15m,BUY,LONDON,2773.265,2768.848521157814,2782.0979576843715,V50 realtime loss proxy | variant=proxy_hardened_no_worst_hours | Side=BUY | score=96.0 | opposite_score=4.0 | session=LONDON | RR=2.00,V50 realtime loss proxy,96.0,4.0,96.0,2.0,0.01,8.83295768437165,8.83295768437165,0.08,0.0,0.0,0.08,8.75295768437165,1447.5061325990384,1456.2590902834102,1456.2590902834102,0.0,0.0,8.75295768437165,1,0
proxy_hardened_no_worst_hours,proxy_hardened_no_worst_hours-000613,2025-01-24 14:30:00,2025-01-24 16:45:00,XAUUSD,15m,BUY,LONDON,2777.545,2772.4036771163096,2787.8276457673815,V50 realtime loss proxy | variant=proxy_hardened_no_worst_hours | Side=BUY | score=78.0 | opposite_score=8.0 | session=LONDON | RR=2.00,V50 realtime loss proxy,78.0,8.0,78.0,2.0000000000000884,0.01,-5.141322883690464,-5.141322883690464,0.08,0.0,0.0,0.08,-5.221322883690464,1456.2590902834102,1451.0377673997198,1456.2590902834102,5.221322883690391,0.3585435393007052,3.5316348006811857,2,1
proxy_hardened_no_worst_hours,proxy_hardened_no_worst_hours-000614,2025-01-30 19:30:00,2025-01-31 12:15:00,XAUUSD,15m,BUY,NEW YORK,2792.715,2787.6479225914172,2802.8491548171664,V50 realtime loss proxy | variant=proxy_hardened_no_worst_hours | Side=BUY | score=100.0 | opposite_score=8.0 | session=NEW YORK | RR=2.00,V50 realtime loss proxy,100.0,8.0,100.0,2.0000000000000897,0.01,10.13415481716629,10.13415481716629,0.08,0.0,0.0,0.08,10.05415481716629,1451.0377673997198,1461.0919222168861,1461.0919222168861,0.0,0.0,10.05415481716629,1,0
proxy_hardened_no_worst_hours,proxy_hardened_no_worst_hours-000615,2025-02-03 10:00:00,2025-02-03 12:30:00,XAUUSD,15m,BUY,LONDON,2795.058,2789.3058019507403,2806.5623960985195,V50 realtime loss proxy | variant=proxy_hardened_no_worst_hours | Side=BUY | score=96.0 | opposite_score=4.0 | session=LONDON | RR=2.00,V50 realtime loss proxy,96.0,4.0,96.0,2.0,0.01,11.504396098519464,11.504396098519464,0.08,0.0,0.0,0.08,11.424396098519464,1461.0919222168861,1472.5163183154057,1472.5163183154057,0.0,0.0,11.424396098519464,1,0
proxy_hardened_no_worst_hours,proxy_hardened_no_worst_hours-000616,2025-02-04 21:30:00,2025-02-05 02:00:00,XAUUSD,15m,BUY,NEW YORK,2841.855,2837.7459721562586,2850.0730556874832,V50 realtime loss proxy | variant=proxy_hardened_no_worst_hours | Side=BUY | score=100.0 | opposite_score=8.0 | session=NEW YORK | RR=2.00,V50 realtime loss proxy,100.0,8.0,100.0,2.0000000000001106,0.01,8.21805568748323,8.21805568748323,0.08,0.0,0.0,0.08,8.138055687483229,1472.5163183154057,1480.654374002889,1480.654374002889,0.0,0.0,8.138055687483229,1,0
proxy_hardened_no_worst_hours,proxy_hardened_no_worst_hours-000617,2025-02-05 14:30:00,2025-02-05 15:45:00,XAUUSD,15m,BUY,LONDON,2866.385,2860.7074401427435,2877.7401197145136,V50 realtime loss proxy | variant=proxy_hardened_no_worst_hours | Side=BUY | score=100.0 | opposite_score=8.0 | session=LONDON | RR=2.00,V50 realtime loss proxy,100.0,8.0,100.0,2.0,0.01,11.355119714513421,11.355119714513421,0.08,0.0,0.0,0.08,11.275119714513421,1480.654374002889,1491.9294937174025,1491.9294937174025,0.0,0.0,11.275119714513421,1,0
proxy_hardened_no_worst_hours,proxy_hardened_no_worst_hours-000618,2025-02-07 10:00:00,2025-02-07 13:00:00,XAUUSD,15m,BUY,LONDON,2866.975,2862.94482055774,2875.03535888452,V50 realtime loss proxy | variant=proxy_hardened_no_worst_hours | Side=BUY | score=90.0 | opposite_score=4.0 | session=LONDON | RR=2.00,V50 realtime loss proxy,90.0,4.0,90.0,2.000000000000113,0.01,-4.0301794422598505,-4.0301794422598505,0.08,0.0,0.0,0.08,-4.1101794422598505,1491.9294937174025,1487.8193142751427,1491.9294937174025,4.110179442259778,0.27549421467756824,-4.1101794422598505,1,1
proxy_hardened_no_worst_hours,proxy_hardened_no_worst_hours-000619,2025-02-10 13:45:00,2025-02-10 23:00:00,XAUUSD,15m,BUY,LONDON,2900.678,2894.716839703296,2912.6003205934076,V50 realtime loss proxy | variant=proxy_hardened_no_worst_hours | Side=BUY | score=96.0 | opposite_score=4.0 | session=LONDON | RR=2.00,V50 realtime loss proxy,96.0,4.0,96.0,2.0,0.01,11.922320593407676,11.922320593407676,0.08,0.0,0.0,0.08,11.842320593407676,1487.8193142751427,1499.6616348685504,1499.6616348685504,0.0,0.0,11.842320593407676,1,0
proxy_hardened_no_worst_hours,proxy_hardened_no_worst_hours-000620,2025-02-12 18:45:00,2025-02-12 19:15:00,XAUUSD,15m,BUY,NEW YORK,2900.768,2893.762549347747,2914.778901304506,V50 realtime loss proxy | variant=proxy_hardened_no_worst_hours | Side=BUY | score=80.0 | opposite_score=8.0 | session=NEW YORK | RR=2.00,V50 realtime loss proxy,80.0,8.0,80.0,2.0,0.01,-7.005450652252875,-7.005450652252875,0.08,0.0,0.0,0.08,-7.0854506522528755,1499.6616348685504,1492.5761842162976,1499.6616348685504,7.085450652252803,0.4724699550558192,-7.0854506522528755,1,1
proxy_hardened_no_worst_hours,proxy_hardened_no_worst_hours-000621,2025-02-12 19:45:00,2025-02-13 03:15:00,XAUUSD,15m,BUY,NEW YORK,2897.675,2890.8670897261823,2911.290820547636,V50 realtime loss proxy | variant=proxy_hardened_no_worst_hours | Side=BUY | score=80.0 | opposite_score=8.0 | session=NEW YORK | RR=2.00,V50 realtime loss proxy,80.0,8.0,80.0,2.0,0.01,13.615820547635849,13.615820547635849,0.08,0.0,0.0,0.08,13.535820547635849,1492.5761842162976,1506.1120047639336,1506.1120047639336,0.0,0.0,6.450369895382973,2,0
proxy_hardened_no_worst_hours,proxy_hardened_no_worst_hours-000622,2025-02-13 10:15:00,2025-02-13 13:30:00,XAUUSD,15m,BUY,LONDON,2915.885,2910.3269787158615,2927.0010425682776,V50 realtime loss proxy | variant=proxy_hardened_no_worst_hours | Side=BUY | score=96.0 | opposite_score=4.0 | session=LONDON | RR=2.00,V50 realtime loss proxy,96.0,4.0,96.0,2.0,0.01,-5.558021284138704,-5.558021284138704,0.08,0.0,0.0,0.08,-5.638021284138704,1506.1120047639336,1500.473983479795,1506.1120047639336,5.638021284138631,0.3743427624443063,-5.638021284138704,1,1
proxy_hardened_no_worst_hours,proxy_hardened_no_worst_hours-000623,2025-02-13 14:45:00,2025-02-13 21:30:00,XAUUSD,15m,BUY,LONDON,2914.905,2907.875735567144,2928.9635288657128,V50 realtime loss proxy | variant=proxy_hardened_no_worst_hours | Side=BUY | score=78.0 | opposite_score=8.0 | session=LONDON | RR=2.00,V50 realtime loss proxy,78.0,8.0,78.0,2.000000000000065,0.01,14.05852886571256,14.05852886571256,0.08,0.0,0.0,0.08,13.97852886571256,1500.473983479795,1514.4525123455076,1514.4525123455076,0.0,0.0,8.340507581573856,2,0
proxy_hardened_no_worst_hours,proxy_hardened_no_worst_hours-000624,2025-02-14 10:45:00,2025-02-14 11:45:00,XAUUSD,15m,BUY,LONDON,2935.685,2931.113645090045,2944.82770981991,V50 realtime loss proxy | variant=proxy_hardened_no_worst_hours | Side=BUY | score=96.0 | opposite_score=4.0 | session=LONDON | RR=2.00,V50 realtime loss proxy,96.0,4.0,96.0,2.0,0.01,-4.571354909955062,-4.571354909955062,0.08,0.0,0.0,0.08,-4.651354909955062,1514.4525123455076,1509.8011574355526,1514.4525123455076,4.651354909954989,0.3071311164951092,-4.651354909955062,1,1
proxy_hardened_no_worst_hours,proxy_hardened_no_worst_hours-000625,2025-02-18 10:00:00,2025-02-18 10:45:00,XAUUSD,15m,BUY,LONDON,2911.455,2907.3905681821157,2919.5838636357685,V50 realtime loss proxy | variant=proxy_hardened_no_worst_hours | Side=BUY | score=90.0 | opposite_score=4.0 | session=LONDON | RR=2.00,V50 realtime loss proxy,90.0,4.0,90.0,2.0,0.01,-4.0644318178842695,-4.0644318178842695,0.08,0.0,0.0,0.08,-4.14443181788427,1509.8011574355526,1505.6567256176684,1514.4525123455076,8.795786727839186,0.5807898667100968,-4.14443181788427,1,1
proxy_hardened_no_worst_hours,proxy_hardened_no_worst_hours-000626,2025-02-18 13:00:00,2025-02-18 14:30:00,XAUUSD,15m,BUY,LONDON,2914.395,2909.991692162273,2923.201615675454,V50 realtime loss proxy | variant=proxy_hardened_no_worst_hours | Side=BUY | score=90.0 | opposite_score=4.0 | session=LONDON | RR=2.00,V50 realtime loss proxy,90.0,4.0,90.0,2.0,0.01,8.80661567545394,8.80661567545394,0.08,0.0,0.0,0.08,8.72661567545394,1505.6567256176684,1514.3833412931224,1514.4525123455076,0.06917105238517252,0.00456739658862224,4.582183857569671,2,0
proxy_hardened_no_worst_hours,proxy_hardened_no_worst_hours-000627,2025-02-19 13:00:00,2025-02-19 13:45:00,XAUUSD,15m,BUY,LONDON,2939.955,2934.2843860249977,2951.296227950005,V50 realtime loss proxy | variant=proxy_hardened_no_worst_hours | Side=BUY | score=96.0 | opposite_score=4.0 | session=LONDON | RR=2.00,V50 realtime loss proxy,96.0,4.0,96.0,2.0000000000000804,0.01,-5.6706139750021975,-5.6706139750021975,0.08,0.0,0.0,0.08,-5.750613975002198,1514.3833412931224,1508.6327273181203,1514.4525123455076,5.819785027387297,0.3842830976835258,-5.750613975002198,1,1
proxy_hardened_no_worst_hours,proxy_hardened_no_worst_hours-000628,2025-02-19 14:00:00,2025-02-19 14:15:00,XAUUSD,15m,BUY,LONDON,2938.955,2932.7115506367127,2951.4418987265744,V50 realtime loss proxy | variant=proxy_hardened_no_worst_hours | Side=BUY | score=78.0 | opposite_score=8.0 | session=LONDON | RR=2.00,V50 realtime loss proxy,78.0,8.0,78.0,2.0,0.01,-6.2434493632872545,-6.2434493632872545,0.08,0.0,0.0,0.08,-6.323449363287255,1508.6327273181203,1502.309277954833,1514.4525123455076,12.143234390674479,0.8018233844696557,-12.074063338289452,2,2
proxy_hardened_no_worst_hours,proxy_hardened_no_worst_hours-000629,2025-02-26 15:00:00,2025-02-26 15:45:00,XAUUSD,15m,SELL,LONDON,2905.225,2912.9357014350153,2889.8035971299687,V50 realtime loss proxy | variant=proxy_hardened_no_worst_hours | Side=SELL | score=85.0 | opposite_score=4.0 | session=LONDON | RR=2.00,V50 realtime loss proxy,4.0,85.0,85.0,2.000000000000059,0.01,-7.71070143501538,-7.71070143501538,0.08,0.0,0.0,0.08,-7.7907014350153805,1502.309277954833,1494.5185765198178,1514.4525123455076,19.933935825689787,1.3162470043261452,-7.7907014350153805,1,1
proxy_hardened_no_worst_hours,proxy_hardened_no_worst_hours-000630,2025-02-27 10:15:00,2025-02-27 14:45:00,XAUUSD,15m,SELL,LONDON,2890.965,2898.6259168512474,2875.643166297505,V50 realtime loss proxy | variant=proxy_hardened_no_worst_hours | Side=SELL | score=85.0 | opposite_score=4.0 | session=LONDON | RR=2.00,V50 realtime loss proxy,4.0,85.0,85.0,2.0000000000000595,0.01,15.321833702495042,15.321833702495042,0.08,0.0,0.0,0.08,15.241833702495041,1494.5185765198178,1509.7604102223129,1514.4525123455076,4.6921021231946725,0.30982167383563464,15.241833702495041,1,0
proxy_hardened_no_worst_hours,proxy_hardened_no_worst_hours-000631,2025-02-28 10:15:00,2025-02-28 13:45:00,XAUUSD,15m,SELL,LONDON,2861.085,2866.771499801788,2849.7120003964233,V50 realtime loss proxy | variant=proxy_hardened_no_worst_hours | Side=SELL | score=75.0 | opposite_score=4.0 | session=LONDON | RR=2.00,V50 realtime loss proxy,4.0,75.0,75.0,2.00000000000008,0.01,11.372999603576773,11.372999603576773,0.08,0.0,0.0,0.08,11.292999603576773,1509.7604102223129,1521.0534098258897,1521.0534098258897,0.0,0.0,11.292999603576773,1,0
proxy_hardened_no_worst_hours,proxy_hardened_no_worst_hours-000632,2025-02-28 15:45:00,2025-02-28 21:45:00,XAUUSD,15m,SELL,LONDON,2849.915,2858.771796901677,2832.2014061966456,V50 realtime loss proxy | variant=proxy_hardened_no_worst_hours | Side=SELL | score=85.0 | opposite_score=4.0 | session=LONDON | RR=2.00,V50 realtime loss proxy,4.0,85.0,85.0,2.0,0.01,-8.856796901677171,-8.856796901677171,0.08,0.0,0.0,0.08,-8.936796901677171,1521.0534098258897,1512.1166129242126,1521.0534098258897,8.936796901677099,0.5875399801181252,2.3562027018996012,2,1
proxy_hardened_no_worst_hours,proxy_hardened_no_worst_hours-000633,2025-03-04 18:00:00,2025-03-05 01:00:00,XAUUSD,15m,BUY,NEW YORK,2913.585,2906.398204739893,2927.958590520214,V50 realtime loss proxy | variant=proxy_hardened_no_worst_hours | Side=BUY | score=78.0 | opposite_score=8.0 | session=NEW YORK | RR=2.00,V50 realtime loss proxy,78.0,8.0,78.0,2.0,0.01,-7.186795260106919,-7.186795260106919,0.08,0.0,0.0,0.08,-7.266795260106919,1512.1166129242126,1504.8498176641058,1521.0534098258897,16.203592161783945,1.0652875209450219,-7.266795260106919,1,1
proxy_hardened_no_worst_hours,proxy_hardened_no_worst_hours-000634,2025-03-06 18:45:00,2025-03-06 20:45:00,XAUUSD,15m,BUY,NEW YORK,2915.925,2909.067792039746,2929.639415920509,V50 realtime loss proxy | variant=proxy_hardened_no_worst_hours | Side=BUY | score=94.0 | opposite_score=8.0 | session=NEW YORK | RR=2.00,V50 realtime loss proxy,94.0,8.0,94.0,2.000000000000066,0.01,-6.8572079602540725,-6.8572079602540725,0.08,0.0,0.0,0.08,-6.937207960254073,1504.8498176641058,1497.9126097038518,1521.0534098258897,23.140800122037945,1.5213667036640615,-6.937207960254073,1,1
proxy_hardened_no_worst_hours,proxy_hardened_no_worst_hours-000635,2025-03-07 10:45:00,2025-03-07 13:15:00,XAUUSD,15m,BUY,LONDON,2917.668,2913.3546546707685,2926.2946906584634,V50 realtime loss proxy | variant=proxy_hardened_no_worst_hours | Side=BUY | score=76.0 | opposite_score=4.0 | session=LONDON | RR=2.00,V50 realtime loss proxy,76.0,4.0,76.0,2.0,0.01,-4.313345329231652,-4.313345329231652,0.08,0.0,0.0,0.08,-4.393345329231652,1497.9126097038518,1493.5192643746202,1521.0534098258897,27.534145451269524,1.8102024079760142,-4.393345329231652,1,1
proxy_hardened_no_worst_hours,proxy_hardened_no_worst_hours-000636,2025-03-07 13:30:00,2025-03-07 13:45:00,XAUUSD,15m,BUY,LONDON,2922.725,2916.3847822979656,2935.4054354040686,V50 realtime loss proxy | variant=proxy_hardened_no_worst_hours | Side=BUY | score=76.0 | opposite_score=4.0 | session=LONDON | RR=2.00,V50 realtime loss proxy,76.0,4.0,76.0,2.0,0.01,-6.3402177020343515,-6.3402177020343515,0.08,0.0,0.0,0.08,-6.420217702034352,1493.5192643746202,1487.099046672586,1521.0534098258897,33.9543631533038,2.2322926291714142,-10.813563031266003,2,2
proxy_hardened_no_worst_hours,proxy_hardened_no_worst_hours-000637,2025-03-10 13:15:00,2025-03-10 14:00:00,XAUUSD,15m,SELL,LONDON,2901.355,2908.487551726699,2887.0898965466017,V50 realtime loss proxy | variant=proxy_hardened_no_worst_hours | Side=SELL | score=85.0 | opposite_score=26.0 | session=LONDON | RR=2.00,V50 realtime loss proxy,26.0,85.0,85.0,2.0,0.01,-7.132551726699148,-7.132551726699148,0.08,0.0,0.0,0.08,-7.212551726699148,1487.099046672586,1479.8864949458869,1521.0534098258897,41.16691488000288,2.7064739879656905,-7.212551726699148,1,1
proxy_hardened_no_worst_hours,proxy_hardened_no_worst_hours-000638,2025-03-10 14:15:00,2025-03-10 17:30:00,XAUUSD,15m,SELL,LONDON,2903.648,2911.32775353671,2888.28849292658,V50 realtime loss proxy | variant=proxy_hardened_no_worst_hours | Side=SELL | score=83.0 | opposite_score=30.0 | session=LONDON | RR=2.00,V50 realtime loss proxy,30.0,83.0,83.0,2.0,0.01,15.35950707341999,15.35950707341999,0.08,0.0,0.0,0.08,15.27950707341999,1479.8864949458869,1495.166002019307,1521.0534098258897,25.887407806582814,1.7019394348253731,8.066955346720842,2,0
proxy_hardened_no_worst_hours,proxy_hardened_no_worst_hours-000639,2025-03-11 13:15:00,2025-03-11 13:45:00,XAUUSD,15m,BUY,LONDON,2911.215,2906.073546202512,2921.497907594977,V50 realtime loss proxy | variant=proxy_hardened_no_worst_hours | Side=BUY | score=74.0 | opposite_score=4.0 | session=LONDON | RR=2.00,V50 realtime loss proxy,74.0,4.0,74.0,2.0,0.01,10.282907594976678,10.282907594976678,0.08,0.0,0.0,0.08,10.202907594976677,1495.166002019307,1505.3689096142837,1521.0534098258897,15.684500211606064,1.0311603859723386,10.202907594976677,1,0
proxy_hardened_no_worst_hours,proxy_hardened_no_worst_hours-000640,2025-03-11 14:45:00,2025-03-12 13:15:00,XAUUSD,15m,BUY,LONDON,2913.725,2907.4229245908646,2926.329150818271,V50 realtime loss proxy | variant=proxy_hardened_no_worst_hours | Side=BUY | score=100.0 | opposite_score=8.0 | session=LONDON | RR=2.00,V50 realtime loss proxy,100.0,8.0,100.0,2.000000000000072,0.01,-6.302075409135341,-6.302075409135341,0.08,0.0,0.0,0.08,-6.382075409135341,1505.3689096142837,1498.9868342051484,1521.0534098258897,22.066575620741332,1.4507429836580967,3.8208321858413363,2,1
proxy_hardened_no_worst_hours,proxy_hardened_no_worst_hours-000641,2025-03-13 10:15:00,2025-03-13 13:00:00,XAUUSD,15m,BUY,LONDON,2943.745,2939.2582633237116,2952.718473352577,V50 realtime loss proxy | variant=proxy_hardened_no_worst_hours | Side=BUY | score=96.0 | opposite_score=4.0 | session=LONDON | RR=2.00,V50 realtime loss proxy,96.0,4.0,96.0,2.0000000000001013,0.01,-4.486736676288274,-4.486736676288274,0.08,0.0,0.0,0.08,-4.566736676288274,1498.9868342051484,1494.4200975288602,1521.0534098258897,26.633312297029534,1.7509781132589004,-4.566736676288274,1,1
proxy_hardened_no_worst_hours,proxy_hardened_no_worst_hours-000642,2025-03-16 22:00:00,2025-03-17 04:15:00,XAUUSD,15m,BUY,NEW YORK,2989.759,2984.1460493170557,3000.9849013658886,V50 realtime loss proxy | variant=proxy_hardened_no_worst_hours | Side=BUY | score=79.0 | opposite_score=8.0 | session=NEW YORK | RR=2.00,V50 realtime loss proxy,79.0,8.0,79.0,2.0,0.01,-5.612950682944302,-5.612950682944302,0.08,0.0,0.0,0.08,-5.692950682944302,1494.4200975288602,1488.727146845916,1521.0534098258897,32.32626297997376,2.125254956278889,-5.692950682944302,1,1
proxy_hardened_no_worst_hours,proxy_hardened_no_worst_hours-000643,2025-03-17 14:15:00,2025-03-18 02:45:00,XAUUSD,15m,BUY,LONDON,2997.715,2991.331538216511,3010.4819235669784,V50 realtime loss proxy | variant=proxy_hardened_no_worst_hours | Side=BUY | score=80.0 | opposite_score=8.0 | session=LONDON | RR=2.00,V50 realtime loss proxy,80.0,8.0,80.0,2.0,0.01,12.766923566978221,12.766923566978221,0.08,0.0,0.0,0.08,12.686923566978221,1488.727146845916,1501.4140704128943,1521.0534098258897,19.63933941299547,1.2911669824430112,12.686923566978221,1,0
proxy_hardened_no_worst_hours,proxy_hardened_no_worst_hours-000644,2025-03-18 14:15:00,2025-03-19 05:45:00,XAUUSD,15m,BUY,LONDON,3028.948,3021.30529894218,3044.23340211564,V50 realtime loss proxy | variant=proxy_hardened_no_worst_hours | Side=BUY | score=100.0 | opposite_score=8.0 | session=LONDON | RR=2.00,V50 realtime loss proxy,100.0,8.0,100.0,2.0,0.01,15.285402115639954,15.285402115639954,0.08,0.0,0.0,0.08,15.205402115639954,1501.4140704128943,1516.6194725285343,1521.0534098258897,4.433937297355442,0.2915043790515535,15.205402115639954,1,0
proxy_hardened_no_worst_hours,proxy_hardened_no_worst_hours-000645,2025-03-19 10:45:00,2025-03-19 13:30:00,XAUUSD,15m,BUY,LONDON,3034.285,3028.5723104642757,3045.7103790714486,V50 realtime loss proxy | variant=proxy_hardened_no_worst_hours | Side=BUY | score=76.0 | opposite_score=4.0 | session=LONDON | RR=2.00,V50 realtime loss proxy,76.0,4.0,76.0,2.0000000000000795,0.01,-5.7126895357241665,-5.7126895357241665,0.08,0.0,0.0,0.08,-5.792689535724167,1516.6194725285343,1510.8267829928102,1521.0534098258897,10.226626833079536,0.672338444331823,-5.792689535724167,1,1
proxy_hardened_no_worst_hours,proxy_hardened_no_worst_hours-000646,2025-03-19 19:15:00,2025-03-20 04:30:00,XAUUSD,15m,BUY,NEW YORK,3041.948,3034.3932734183363,3057.057453163327,V50 realtime loss proxy | variant=proxy_hardened_no_worst_hours | Side=BUY | score=100.0 | opposite_score=8.0 | session=NEW YORK | RR=2.00,V50 realtime loss proxy,100.0,8.0,100.0,2.0,0.01,15.109453163327089,15.109453163327089,0.08,0.0,0.0,0.08,15.029453163327089,1510.8267829928102,1525.8562361561374,1525.8562361561374,0.0,0.0,9.236763627602922,2,0
proxy_hardened_no_worst_hours,proxy_hardened_no_worst_hours-000647,2025-03-24 10:30:00,2025-03-24 12:45:00,XAUUSD,15m,BUY,LONDON,3029.215,3023.827014250608,3039.990971498785,V50 realtime loss proxy | variant=proxy_hardened_no_worst_hours | Side=BUY | score=76.0 | opposite_score=11.0 | session=LONDON | RR=2.00,V50 realtime loss proxy,76.0,11.0,76.0,2.0000000000000844,0.01,-5.387985749392101,-5.387985749392101,0.08,0.0,0.0,0.08,-5.467985749392101,1525.8562361561374,1520.3882504067453,1525.8562361561374,5.467985749392028,0.358355238181987,-5.467985749392101,1,1
proxy_hardened_no_worst_hours,proxy_hardened_no_worst_hours-000648,2025-03-26 10:30:00,2025-03-26 13:45:00,XAUUSD,15m,BUY,LONDON,3022.625,3018.475581289076,3030.9238374218476,V50 realtime loss proxy | variant=proxy_hardened_no_worst_hours | Side=BUY | score=76.0 | opposite_score=4.0 | session=LONDON | RR=2.00,V50 realtime loss proxy,76.0,4.0,76.0,2.0,0.01,-4.149418710923783,-4.149418710923783,0.08,0.0,0.0,0.08,-4.229418710923783,1520.3882504067453,1516.1588316958216,1525.8562361561374,9.697404460315738,0.6355385409535677,-4.229418710923783,1,1
proxy_hardened_no_worst_hours,proxy_hardened_no_worst_hours-000649,2025-03-27 15:45:00,2025-03-28 01:30:00,XAUUSD,15m,BUY,LONDON,3051.878,3043.616385818655,3068.4012283626907,V50 realtime loss proxy | variant=proxy_hardened_no_worst_hours | Side=BUY | score=96.0 | opposite_score=4.0 | session=LONDON | RR=2.00,V50 realtime loss proxy,96.0,4.0,96.0,2.000000000000055,0.01,16.52322836269059,16.52322836269059,0.08,0.0,0.0,0.08,16.44322836269059,1516.1588316958216,1532.6020600585123,1532.6020600585123,0.0,0.0,16.44322836269059,1,0
proxy_hardened_no_worst_hours,proxy_hardened_no_worst_hours-000650,2025-03-28 10:45:00,2025-03-28 14:00:00,XAUUSD,15m,BUY,LONDON,3074.145,3068.292696624817,3085.8496067503665,V50 realtime loss proxy | variant=proxy_hardened_no_worst_hours | Side=BUY | score=74.0 | opposite_score=4.0 | session=LONDON | RR=2.00,V50 realtime loss proxy,74.0,4.0,74.0,2.0000000000000777,0.01,11.704606750366565,11.704606750366565,0.08,0.0,0.0,0.08,11.624606750366565,1532.6020600585123,1544.226666808879,1544.226666808879,0.0,0.0,11.624606750366565,1,0
proxy_hardened_no_worst_hours,proxy_hardened_no_worst_hours-000651,2025-03-31 14:30:00,2025-04-01 02:00:00,XAUUSD,15m,BUY,LONDON,3119.315,3109.1623066494053,3139.62038670119,V50 realtime loss proxy | variant=proxy_hardened_no_worst_hours | Side=BUY | score=78.0 | opposite_score=8.0 | session=LONDON | RR=2.00,V50 realtime loss proxy,78.0,8.0,78.0,2.000000000000045,0.01,20.305386701189946,20.305386701189946,0.08,0.0,0.0,0.08,20.225386701189947,1544.226666808879,1564.452053510069,1564.452053510069,0.0,0.0,20.225386701189947,1,0
proxy_hardened_no_worst_hours,proxy_hardened_no_worst_hours-000652,2025-04-01 10:15:00,2025-04-01 11:15:00,XAUUSD,15m,BUY,LONDON,3135.935,3129.149730334921,3149.5055393301577,V50 realtime loss proxy | variant=proxy_hardened_no_worst_hours | Side=BUY | score=76.0 | opposite_score=4.0 | session=LONDON | RR=2.00,V50 realtime loss proxy,76.0,4.0,76.0,2.0,0.01,-6.785269665078886,-6.785269665078886,0.08,0.0,0.0,0.08,-6.865269665078886,1564.452053510069,1557.5867838449901,1564.452053510069,6.865269665078813,0.4388290232145889,-6.865269665078886,1,1
proxy_hardened_no_worst_hours,proxy_hardened_no_worst_hours-000653,2025-04-02 13:00:00,2025-04-02 20:00:00,XAUUSD,15m,BUY,LONDON,3123.775,3116.1392649889626,3139.046470022075,V50 realtime loss proxy | variant=proxy_hardened_no_worst_hours | Side=BUY | score=76.0 | opposite_score=4.0 | session=LONDON | RR=2.00,V50 realtime loss proxy,76.0,4.0,76.0,2.0,0.01,-7.635735011037468,-7.635735011037468,0.08,0.0,0.0,0.08,-7.715735011037468,1557.5867838449901,1549.8710488339527,1564.452053510069,14.581004676116208,0.9320199135155128,-7.715735011037468,1,1
proxy_hardened_no_worst_hours,proxy_hardened_no_worst_hours-000654,2025-04-07 13:45:00,2025-04-07 14:00:00,XAUUSD,15m,SELL,LONDON,3015.195,3031.882499087117,2981.8200018257658,V50 realtime loss proxy | variant=proxy_hardened_no_worst_hours | Side=SELL | score=79.0 | opposite_score=4.0 | session=LONDON | RR=2.00,V50 realtime loss proxy,4.0,79.0,79.0,2.000000000000027,0.01,-16.687499087116976,-16.687499087116976,0.08,0.0,0.0,0.08,-16.767499087116974,1549.8710488339527,1533.1035497468358,1564.452053510069,31.34850376323311,2.003800863880636,-16.767499087116974,1,1
proxy_hardened_no_worst_hours,proxy_hardened_no_worst_hours-000655,2025-04-07 14:30:00,2025-04-07 17:00:00,XAUUSD,15m,SELL,LONDON,3002.425,3022.9173689848385,2961.4402620303235,V50 realtime loss proxy | variant=proxy_hardened_no_worst_hours | Side=SELL | score=83.0 | opposite_score=8.0 | session=LONDON | RR=2.00,V50 realtime loss proxy,8.0,83.0,83.0,2.0,0.01,40.984737969676644,40.984737969676644,0.08,0.0,0.0,0.08,40.904737969676646,1533.1035497468358,1574.0082877165125,1574.0082877165125,0.0,0.0,24.13723888255967,2,0
proxy_hardened_no_worst_hours,proxy_hardened_no_worst_hours-000656,2025-04-09 13:00:00,2025-04-09 15:15:00,XAUUSD,15m,BUY,LONDON,3056.735,3042.1157143271353,3085.9735713457303,V50 realtime loss proxy | variant=proxy_hardened_no_worst_hours | Side=BUY | score=85.0 | opposite_score=4.0 | session=LONDON | RR=2.00,V50 realtime loss proxy,85.0,4.0,85.0,2.000000000000031,0.01,29.23857134573018,29.23857134573018,0.08,0.0,0.0,0.08,29.15857134573018,1574.0082877165125,1603.1668590622428,1603.1668590622428,0.0,0.0,29.15857134573018,1,0
proxy_hardened_no_worst_hours,proxy_hardened_no_worst_hours-000657,2025-04-09 18:15:00,2025-04-10 02:00:00,XAUUSD,15m,BUY,NEW YORK,3063.705,3043.9874124303783,3103.140175139243,V50 realtime loss proxy | variant=proxy_hardened_no_worst_hours | Side=BUY | score=72.0 | opposite_score=18.0 | session=NEW YORK | RR=2.00,V50 realtime loss proxy,72.0,18.0,72.0,2.0,0.01,39.435175139243256,39.435175139243256,0.08,0.0,0.0,0.08,39.35517513924326,1603.1668590622428,1642.5220342014861,1642.5220342014861,0.0,0.0,68.51374648497344,2,0
proxy_hardened_no_worst_hours,proxy_hardened_no_worst_hours-000658,2025-04-10 10:00:00,2025-04-10 14:00:00,XAUUSD,15m,BUY,LONDON,3118.245,3107.2384021491193,3140.258195701761,V50 realtime loss proxy | variant=proxy_hardened_no_worst_hours | Side=BUY | score=96.0 | opposite_score=4.0 | session=LONDON | RR=2.00,V50 realtime loss proxy,96.0,4.0,96.0,2.0,0.01,22.013195701761106,22.013195701761106,0.08,0.0,0.0,0.08,21.933195701761107,1642.5220342014861,1664.4552299032473,1664.4552299032473,0.0,0.0,21.933195701761107,1,0
proxy_hardened_no_worst_hours,proxy_hardened_no_worst_hours-000659,2025-04-11 14:15:00,2025-04-13 22:00:00,XAUUSD,15m,BUY,LONDON,3227.835,3211.7822324264894,3259.9405351470214,V50 realtime loss proxy | variant=proxy_hardened_no_worst_hours | Side=BUY | score=100.0 | opposite_score=8.0 | session=LONDON | RR=2.00,V50 realtime loss proxy,100.0,8.0,100.0,2.0,0.01,-16.052767573510664,-16.052767573510664,0.08,0.0,0.0,0.08,-16.132767573510662,1664.4552299032473,1648.3224623297367,1664.4552299032473,16.13276757351059,0.9692521182710556,-16.132767573510662,1,1
proxy_hardened_no_worst_hours,proxy_hardened_no_worst_hours-000660,2025-04-22 10:00:00,2025-04-22 11:00:00,XAUUSD,15m,BUY,LONDON,3465.345,3450.1812450971506,3495.6725098056986,V50 realtime loss proxy | variant=proxy_hardened_no_worst_hours | Side=BUY | score=86.0 | opposite_score=4.0 | session=LONDON | RR=2.00,V50 realtime loss proxy,86.0,4.0,86.0,2.00000000000003,0.01,-15.163754902849178,-15.163754902849178,0.08,0.0,0.0,0.08,-15.243754902849178,1648.3224623297367,1633.0787074268876,1664.4552299032473,31.376522476359696,1.8850926064369766,-15.243754902849178,1,1
proxy_hardened_no_worst_hours,proxy_hardened_no_worst_hours-000661,2025-04-25 10:15:00,2025-04-25 13:00:00,XAUUSD,15m,SELL,LONDON,3304.645,3316.4725944383003,3280.9898111233992,V50 realtime loss proxy | variant=proxy_hardened_no_worst_hours | Side=SELL | score=85.0 | opposite_score=26.0 | session=LONDON | RR=2.00,V50 realtime loss proxy,26.0,85.0,85.0,2.0,0.01,23.655188876600732,23.655188876600732,0.08,0.0,0.0,0.08,23.575188876600734,1633.0787074268876,1656.6538963034884,1664.4552299032473,7.801333599758891,0.46870191877809614,23.575188876600734,1,0
proxy_hardened_no_worst_hours,proxy_hardened_no_worst_hours-000662,2025-04-28 10:00:00,2025-04-28 10:30:00,XAUUSD,15m,SELL,LONDON,3278.365,3288.290872031937,3258.513255936125,V50 realtime loss proxy | variant=proxy_hardened_no_worst_hours | Side=SELL | score=85.0 | opposite_score=11.0 | session=LONDON | RR=2.00,V50 realtime loss proxy,11.0,85.0,85.0,2.0000000000000457,0.01,-9.92587203193716,-9.92587203193716,0.08,0.0,0.0,0.08,-10.00587203193716,1656.6538963034884,1646.6480242715513,1664.4552299032473,17.80720563169598,1.0698518837740736,-10.00587203193716,1,1
proxy_hardened_no_worst_hours,proxy_hardened_no_worst_hours-000663,2025-05-01 14:15:00,2025-05-01 20:15:00,XAUUSD,15m,SELL,LONDON,3222.635,3235.966816497676,3195.9713670046485,V50 realtime loss proxy | variant=proxy_hardened_no_worst_hours | Side=SELL | score=79.0 | opposite_score=8.0 | session=LONDON | RR=2.00,V50 realtime loss proxy,8.0,79.0,79.0,2.0,0.01,-13.331816497675845,-13.331816497675845,0.08,0.0,0.0,0.08,-13.411816497675845,1646.6480242715513,1633.2362077738755,1664.4552299032473,31.21902212937175,1.875630030084166,-13.411816497675845,1,1
proxy_hardened_no_worst_hours,proxy_hardened_no_worst_hours-000664,2025-05-06 14:45:00,2025-05-06 16:45:00,XAUUSD,15m,BUY,LONDON,3386.005,3374.7199406717655,3408.5751186564694,V50 realtime loss proxy | variant=proxy_hardened_no_worst_hours | Side=BUY | score=78.0 | opposite_score=8.0 | session=LONDON | RR=2.00,V50 realtime loss proxy,78.0,8.0,78.0,2.0,0.01,22.570118656469276,22.570118656469276,0.08,0.0,0.0,0.08,22.490118656469278,1633.2362077738755,1655.726326430345,1664.4552299032473,8.728903472902402,0.5244300547158486,22.490118656469278,1,0
proxy_hardened_no_worst_hours,proxy_hardened_no_worst_hours-000665,2025-05-09 18:00:00,2025-05-09 19:15:00,XAUUSD,15m,BUY,NEW YORK,3338.745,3329.683258760649,3356.868482478702,V50 realtime loss proxy | variant=proxy_hardened_no_worst_hours | Side=BUY | score=80.0 | opposite_score=8.0 | session=NEW YORK | RR=2.00,V50 realtime loss proxy,80.0,8.0,80.0,2.00000000000005,0.01,-9.061741239350795,-9.061741239350795,0.08,0.0,0.0,0.08,-9.141741239350795,1655.726326430345,1646.5845851909942,1664.4552299032473,17.870644712253124,1.0736632858122548,-9.141741239350795,1,1
proxy_hardened_no_worst_hours,proxy_hardened_no_worst_hours-000666,2025-05-13 14:15:00,2025-05-13 15:30:00,XAUUSD,15m,SELL,LONDON,3240.305,3251.5599091582303,3217.795181683539,V50 realtime loss proxy | variant=proxy_hardened_no_worst_hours | Side=SELL | score=89.0 | opposite_score=8.0 | session=LONDON | RR=2.00,V50 realtime loss proxy,8.0,89.0,89.0,2.0,0.01,-11.254909158230475,-11.254909158230475,0.08,0.0,0.0,0.08,-11.334909158230476,1646.5845851909942,1635.2496760327638,1664.4552299032473,29.205553870483527,1.7546614258997648,-11.334909158230476,1,1
proxy_hardened_no_worst_hours,proxy_hardened_no_worst_hours-000667,2025-05-16 13:30:00,2025-05-16 20:00:00,XAUUSD,15m,SELL,LONDON,3185.355,3200.4903599620743,3155.084280075851,V50 realtime loss proxy | variant=proxy_hardened_no_worst_hours | Side=SELL | score=85.0 | opposite_score=4.0 | session=LONDON | RR=2.00,V50 realtime loss proxy,4.0,85.0,85.0,2.00000000000003,0.01,-15.13535996207429,-15.13535996207429,0.08,0.0,0.0,0.08,-15.21535996207429,1635.2496760327638,1620.0343160706896,1664.4552299032473,44.420913832557744,2.6687959540455695,-15.21535996207429,1,1
proxy_hardened_no_worst_hours,proxy_hardened_no_worst_hours-000668,2025-05-21 10:00:00,2025-05-21 12:15:00,XAUUSD,15m,BUY,LONDON,3311.125,3302.7233398362287,3327.9283203275427,V50 realtime loss proxy | variant=proxy_hardened_no_worst_hours | Side=BUY | score=96.0 | opposite_score=4.0 | session=LONDON | RR=2.00,V50 realtime loss proxy,96.0,4.0,96.0,2.0,0.01,-8.40166016377134,-8.40166016377134,0.08,0.0,0.0,0.08,-8.48166016377134,1620.0343160706896,1611.5526559069183,1664.4552299032473,52.90257399632901,3.178371700595646,-8.48166016377134,1,1
proxy_hardened_no_worst_hours,proxy_hardened_no_worst_hours-000669,2025-05-21 14:15:00,2025-05-22 01:00:00,XAUUSD,15m,BUY,LONDON,3306.045,3294.81140834043,3328.5121833191406,V50 realtime loss proxy | variant=proxy_hardened_no_worst_hours | Side=BUY | score=78.0 | opposite_score=8.0 | session=LONDON | RR=2.00,V50 realtime loss proxy,78.0,8.0,78.0,2.0,0.01,22.46718331914053,22.46718331914053,0.08,0.0,0.0,0.08,22.387183319140533,1611.5526559069183,1633.939839226059,1664.4552299032473,30.515390677188407,1.8333560512145604,13.905523155369194,2,0
proxy_hardened_no_worst_hours,proxy_hardened_no_worst_hours-000670,2025-05-23 14:00:00,2025-05-26 09:15:00,XAUUSD,15m,BUY,LONDON,3343.755,3330.299397197434,3370.6662056051327,V50 realtime loss proxy | variant=proxy_hardened_no_worst_hours | Side=BUY | score=100.0 | opposite_score=8.0 | session=LONDON | RR=2.00,V50 realtime loss proxy,100.0,8.0,100.0,2.0,0.01,-13.455602802566318,-13.455602802566318,0.08,0.0,0.0,0.08,-13.535602802566318,1633.939839226059,1620.4042364234926,1664.4552299032473,44.05099347975465,2.646571243752545,-13.535602802566318,1,1
proxy_hardened_no_worst_hours,proxy_hardened_no_worst_hours-000671,2025-05-26 18:00:00,2025-05-27 00:15:00,XAUUSD,15m,BUY,NEW YORK,3341.148,3336.918592359304,3349.6068152813923,V50 realtime loss proxy | variant=proxy_hardened_no_worst_hours | Side=BUY | score=80.0 | opposite_score=8.0 | session=NEW YORK | RR=2.00,V50 realtime loss proxy,80.0,8.0,80.0,2.0,0.01,8.458815281392162,8.458815281392162,0.08,0.0,0.0,0.08,8.378815281392162,1620.4042364234926,1628.7830517048849,1664.4552299032473,35.67217819836242,2.143174388681875,8.378815281392162,1,0
proxy_hardened_no_worst_hours,proxy_hardened_no_worst_hours-000672,2025-05-27 13:15:00,2025-05-27 19:00:00,XAUUSD,15m,SELL,LONDON,3296.198,3305.149894293224,3278.2942114135517,V50 realtime loss proxy | variant=proxy_hardened_no_worst_hours | Side=SELL | score=85.0 | opposite_score=26.0 | session=LONDON | RR=2.00,V50 realtime loss proxy,26.0,85.0,85.0,2.0,0.01,-8.951894293224086,-8.951894293224086,0.08,0.0,0.0,0.08,-9.031894293224086,1628.7830517048849,1619.7511574116609,1664.4552299032473,44.70407249158643,2.685808046287014,-9.031894293224086,1,1
proxy_hardened_no_worst_hours,proxy_hardened_no_worst_hours-000673,2025-05-30 14:45:00,2025-05-30 16:45:00,XAUUSD,15m,SELL,LONDON,3282.498,3295.008708224194,3257.4765835516123,V50 realtime loss proxy | variant=proxy_hardened_no_worst_hours | Side=SELL | score=78.0 | opposite_score=19.0 | session=LONDON | RR=2.00,V50 realtime loss proxy,19.0,78.0,78.0,2.0,0.01,-12.510708224193877,-12.510708224193877,0.08,0.0,0.0,0.08,-12.590708224193877,1619.7511574116609,1607.160449187467,1664.4552299032473,57.294780715780234,3.4422542394913624,-12.590708224193877,1,1
proxy_hardened_no_worst_hours,proxy_hardened_no_worst_hours-000674,2025-06-02 13:30:00,2025-06-02 22:00:00,XAUUSD,15m,BUY,LONDON,3366.108,3356.8229396025763,3384.6781207948484,V50 realtime loss proxy | variant=proxy_hardened_no_worst_hours | Side=BUY | score=100.0 | opposite_score=4.0 | session=LONDON | RR=2.00,V50 realtime loss proxy,100.0,4.0,100.0,2.000000000000049,0.01,18.570120794848208,18.570120794848208,0.08,0.0,0.0,0.08,18.49012079484821,1607.160449187467,1625.6505699823153,1664.4552299032473,38.804659920931954,2.331373005640267,18.49012079484821,1,0
proxy_hardened_no_worst_hours,proxy_hardened_no_worst_hours-000675,2025-06-04 19:00:00,2025-06-05 04:15:00,XAUUSD,15m,BUY,NEW YORK,3374.048,3367.260233543853,3387.6235329122937,V50 realtime loss proxy | variant=proxy_hardened_no_worst_hours | Side=BUY | score=94.0 | opposite_score=8.0 | session=NEW YORK | RR=2.00,V50 realtime loss proxy,94.0,8.0,94.0,2.0,0.01,-6.787766456146983,-6.787766456146983,0.08,0.0,0.0,0.08,-6.867766456146983,1625.6505699823153,1618.7828035261684,1664.4552299032473,45.672426377078864,2.743986474165108,-6.867766456146983,1,1
proxy_hardened_no_worst_hours,proxy_hardened_no_worst_hours-000676,2025-06-10 14:00:00,2025-06-10 14:45:00,XAUUSD,15m,BUY,LONDON,3335.965,3327.7904201703313,3352.3141596593377,V50 realtime loss proxy | variant=proxy_hardened_no_worst_hours | Side=BUY | score=78.0 | opposite_score=19.0 | session=LONDON | RR=2.00,V50 realtime loss proxy,78.0,19.0,78.0,2.0,0.01,-8.1745798296688,-8.1745798296688,0.08,0.0,0.0,0.08,-8.2545798296688,1618.7828035261684,1610.5282236964997,1664.4552299032473,53.92700620674759,3.2399192983930423,-8.2545798296688,1,1
proxy_hardened_no_worst_hours,proxy_hardened_no_worst_hours-000677,2025-06-11 14:30:00,2025-06-11 15:45:00,XAUUSD,15m,BUY,LONDON,3340.498,3329.5312896913697,3362.4314206172608,V50 realtime loss proxy | variant=proxy_hardened_no_worst_hours | Side=BUY | score=80.0 | opposite_score=8.0 | session=LONDON | RR=2.00,V50 realtime loss proxy,80.0,8.0,80.0,2.0,0.01,-10.966710308630354,-10.966710308630354,0.08,0.0,0.0,0.08,-11.046710308630354,1610.5282236964997,1599.4815133878694,1664.4552299032473,64.97371651537787,3.903602533013442,-11.046710308630354,1,1
proxy_hardened_no_worst_hours,proxy_hardened_no_worst_hours-000678,2025-06-11 18:00:00,2025-06-11 22:15:00,XAUUSD,15m,BUY,NEW YORK,3341.805,3331.6708940992858,3362.073211801428,V50 realtime loss proxy | variant=proxy_hardened_no_worst_hours | Side=BUY | score=73.0 | opposite_score=19.0 | session=NEW YORK | RR=2.00,V50 realtime loss proxy,73.0,19.0,73.0,2.0,0.01,20.26821180142815,20.26821180142815,0.08,0.0,0.0,0.08,20.188211801428153,1599.4815133878694,1619.6697251892977,1664.4552299032473,44.78550471394965,2.690700471201798,9.141501492797799,2,0
proxy_hardened_no_worst_hours,proxy_hardened_no_worst_hours-000679,2025-06-12 14:30:00,2025-06-13 00:00:00,XAUUSD,15m,BUY,LONDON,3387.765,3375.825596694073,3411.643806611854,V50 realtime loss proxy | variant=proxy_hardened_no_worst_hours | Side=BUY | score=100.0 | opposite_score=8.0 | session=LONDON | RR=2.00,V50 realtime loss proxy,100.0,8.0,100.0,2.0,0.01,23.87880661185409,23.87880661185409,0.08,0.0,0.0,0.08,23.79880661185409,1619.6697251892977,1643.4685318011518,1664.4552299032473,20.986698102095488,1.2608748931814417,23.79880661185409,1,0
proxy_hardened_no_worst_hours,proxy_hardened_no_worst_hours-000680,2025-06-13 14:00:00,2025-06-15 22:00:00,XAUUSD,15m,BUY,LONDON,3429.248,3418.891353124257,3449.961293751486,V50 realtime loss proxy | variant=proxy_hardened_no_worst_hours | Side=BUY | score=100.0 | opposite_score=8.0 | session=LONDON | RR=2.00,V50 realtime loss proxy,100.0,8.0,100.0,2.0,0.01,20.713293751486162,20.713293751486162,0.08,0.0,0.0,0.08,20.633293751486164,1643.4685318011518,1664.101825552638,1664.4552299032473,0.353404350609253,0.021232433547028837,20.633293751486164,1,0
proxy_hardened_no_worst_hours,proxy_hardened_no_worst_hours-000681,2025-06-19 15:00:00,2025-06-19 17:15:00,XAUUSD,15m,SELL,LONDON,3366.365,3373.982442951719,3351.1301140965616,V50 realtime loss proxy | variant=proxy_hardened_no_worst_hours | Side=SELL | score=79.0 | opposite_score=4.0 | session=LONDON | RR=2.00,V50 realtime loss proxy,4.0,79.0,79.0,2.0,0.01,-7.617442951719113,-7.617442951719113,0.08,0.0,0.0,0.08,-7.697442951719113,1664.101825552638,1656.404382600919,1664.4552299032473,8.050847302328293,0.4836926315402475,-7.697442951719113,1,1
proxy_hardened_no_worst_hours,proxy_hardened_no_worst_hours-000682,2025-06-24 15:15:00,2025-06-24 19:30:00,XAUUSD,15m,SELL,LONDON,3312.055,3323.261919251242,3289.641161497515,V50 realtime loss proxy | variant=proxy_hardened_no_worst_hours | Side=SELL | score=85.0 | opposite_score=4.0 | session=LONDON | RR=2.00,V50 realtime loss proxy,4.0,85.0,85.0,2.0000000000000404,0.01,-11.206919251242198,-11.206919251242198,0.08,0.0,0.0,0.08,-11.286919251242198,1656.404382600919,1645.1174633496769,1664.4552299032473,19.337766553570418,1.1618075515731654,-11.286919251242198,1,1
proxy_hardened_no_worst_hours,proxy_hardened_no_worst_hours-000683,2025-06-25 14:00:00,2025-06-25 15:45:00,XAUUSD,15m,SELL,LONDON,3319.705,3326.9670908531243,3305.180818293751,V50 realtime loss proxy | variant=proxy_hardened_no_worst_hours | Side=SELL | score=83.0 | opposite_score=8.0 | session=LONDON | RR=2.00,V50 realtime loss proxy,8.0,83.0,83.0,2.0,0.01,-7.262090853124391,-7.262090853124391,0.08,0.0,0.0,0.08,-7.342090853124391,1645.1174633496769,1637.7753724965526,1664.4552299032473,26.679857406694737,1.6029182958706318,-7.342090853124391,1,1
proxy_hardened_no_worst_hours,proxy_hardened_no_worst_hours-000684,2025-06-26 15:00:00,2025-06-26 16:45:00,XAUUSD,15m,SELL,LONDON,3322.998,3332.761655282811,3303.4706894343785,V50 realtime loss proxy | variant=proxy_hardened_no_worst_hours | Side=SELL | score=85.0 | opposite_score=4.0 | session=LONDON | RR=2.00,V50 realtime loss proxy,4.0,85.0,85.0,2.0,0.01,-9.76365528281076,-9.76365528281076,0.08,0.0,0.0,0.08,-9.84365528281076,1637.7753724965526,1627.9317172137419,1664.4552299032473,36.523512689505424,2.1943223244057153,-9.84365528281076,1,1
proxy_hardened_no_worst_hours,proxy_hardened_no_worst_hours-000685,2025-06-27 10:15:00,2025-06-27 12:30:00,XAUUSD,15m,SELL,LONDON,3287.215,3295.182663652022,3271.279672695957,V50 realtime loss proxy | variant=proxy_hardened_no_worst_hours | Side=SELL | score=85.0 | opposite_score=4.0 | session=LONDON | RR=2.00,V50 realtime loss proxy,4.0,85.0,85.0,2.0,0.01,15.935327304043312,15.935327304043312,0.08,0.0,0.0,0.08,15.855327304043312,1627.9317172137419,1643.7870445177853,1664.4552299032473,20.66818538546204,1.241738739146709,15.855327304043312,1,0
proxy_hardened_no_worst_hours,proxy_hardened_no_worst_hours-000686,2025-06-27 14:00:00,2025-06-27 17:45:00,XAUUSD,15m,SELL,LONDON,3270.295,3280.8378530739415,3249.209293852117,V50 realtime loss proxy | variant=proxy_hardened_no_worst_hours | Side=SELL | score=89.0 | opposite_score=8.0 | session=LONDON | RR=2.00,V50 realtime loss proxy,8.0,89.0,89.0,2.000000000000043,0.01,-10.542853073941387,-10.542853073941387,0.08,0.0,0.0,0.08,-10.622853073941387,1643.7870445177853,1633.164191443844,1664.4552299032473,31.291038459403353,1.8799567508476789,5.232474230101925,2,1
proxy_hardened_no_worst_hours,proxy_hardened_no_worst_hours-000687,2025-07-01 13:15:00,2025-07-01 15:00:00,XAUUSD,15m,BUY,LONDON,3349.555,3342.9010568959206,3362.862886208158,V50 realtime loss proxy | variant=proxy_hardened_no_worst_hours | Side=BUY | score=96.0 | opposite_score=4.0 | session=LONDON | RR=2.00,V50 realtime loss proxy,96.0,4.0,96.0,2.0,0.01,-6.65394310407919,-6.65394310407919,0.08,0.0,0.0,0.08,-6.73394310407919,1633.164191443844,1626.4302483397648,1664.4552299032473,38.02498156348247,2.284530150185705,-6.73394310407919,1,1
proxy_hardened_no_worst_hours,proxy_hardened_no_worst_hours-000688,2025-07-01 19:00:00,2025-07-02 01:15:00,XAUUSD,15m,BUY,NEW YORK,3339.048,3333.792249973226,3349.5595000535477,V50 realtime loss proxy | variant=proxy_hardened_no_worst_hours | Side=BUY | score=72.0 | opposite_score=18.0 | session=NEW YORK | RR=2.00,V50 realtime loss proxy,72.0,18.0,72.0,2.0,0.01,-5.255750026773967,-5.255750026773967,0.08,0.0,0.0,0.08,-5.335750026773967,1626.4302483397648,1621.094498312991,1664.4552299032473,43.360731590256364,2.605100504432124,-12.069693130853157,2,2
proxy_hardened_no_worst_hours,proxy_hardened_no_worst_hours-000689,2025-07-02 13:00:00,2025-07-02 13:45:00,XAUUSD,15m,BUY,LONDON,3344.578,3337.8886612226524,3357.9566775546955,V50 realtime loss proxy | variant=proxy_hardened_no_worst_hours | Side=BUY | score=96.0 | opposite_score=4.0 | session=LONDON | RR=2.00,V50 realtime loss proxy,96.0,4.0,96.0,2.000000000000068,0.01,-6.68933877734753,-6.68933877734753,0.08,0.0,0.0,0.08,-6.76933877734753,1621.094498312991,1614.3251595356435,1664.4552299032473,50.13007036760382,3.0118004658207487,-6.76933877734753,1,1
proxy_hardened_no_worst_hours,proxy_hardened_no_worst_hours-000690,2025-07-03 10:30:00,2025-07-03 11:15:00,XAUUSD,15m,BUY,LONDON,3353.185,3347.6020075931247,3364.3509848137505,V50 realtime loss proxy | variant=proxy_hardened_no_worst_hours | Side=BUY | score=76.0 | opposite_score=4.0 | session=LONDON | RR=2.00,V50 realtime loss proxy,76.0,4.0,76.0,2.0,0.01,-5.582992406875292,-5.582992406875292,0.08,0.0,0.0,0.08,-5.662992406875292,1614.3251595356435,1608.6621671287683,1664.4552299032473,55.79306277447904,3.3520314498169004,-5.662992406875292,1,1
proxy_hardened_no_worst_hours,proxy_hardened_no_worst_hours-000691,2025-07-06 22:00:00,2025-07-06 22:15:00,XAUUSD,15m,BUY,NEW YORK,3338.048,3333.452102039773,3347.2397959204536,V50 realtime loss proxy | variant=proxy_hardened_no_worst_hours | Side=BUY | score=73.0 | opposite_score=8.0 | session=NEW YORK | RR=2.00,V50 realtime loss proxy,73.0,8.0,73.0,2.0,0.01,-4.595897960226921,-4.595897960226921,0.08,0.0,0.0,0.08,-4.675897960226921,1608.6621671287683,1603.9862691685414,1664.4552299032473,60.46896073470589,3.6329580783149615,-4.675897960226921,1,1
proxy_hardened_no_worst_hours,proxy_hardened_no_worst_hours-000692,2025-07-07 10:15:00,2025-07-07 10:45:00,XAUUSD,15m,SELL,LONDON,3308.048,3313.8975289011228,3296.348942197754,V50 realtime loss proxy | variant=proxy_hardened_no_worst_hours | Side=SELL | score=85.0 | opposite_score=4.0 | session=LONDON | RR=2.00,V50 realtime loss proxy,4.0,85.0,85.0,2.0,0.01,11.699057802245989,11.699057802245989,0.08,0.0,0.0,0.08,11.619057802245988,1603.9862691685414,1615.6053269707875,1664.4552299032473,48.84990293245983,2.934888367967663,11.619057802245988,1,0
proxy_hardened_no_worst_hours,proxy_hardened_no_worst_hours-000693,2025-07-08 10:30:00,2025-07-08 14:00:00,XAUUSD,15m,SELL,LONDON,3325.485,3331.018314544517,3314.418370910966,V50 realtime loss proxy | variant=proxy_hardened_no_worst_hours | Side=SELL | score=79.0 | opposite_score=26.0 | session=LONDON | RR=2.00,V50 realtime loss proxy,26.0,79.0,79.0,2.0,0.01,11.066629089033995,11.066629089033995,0.08,0.0,0.0,0.08,10.986629089033995,1615.6053269707875,1626.5919560598215,1664.4552299032473,37.86327384342576,2.2748147960475156,10.986629089033995,1,0
proxy_hardened_no_worst_hours,proxy_hardened_no_worst_hours-000694,2025-07-09 10:00:00,2025-07-09 10:30:00,XAUUSD,15m,SELL,LONDON,3289.225,3295.164640643821,3277.3457187123577,V50 realtime loss proxy | variant=proxy_hardened_no_worst_hours | Side=SELL | score=96.0 | opposite_score=4.0 | session=LONDON | RR=2.00,V50 realtime loss proxy,4.0,96.0,96.0,2.0000000000000764,0.01,-5.939640643820894,-5.939640643820894,0.08,0.0,0.0,0.08,-6.019640643820894,1626.5919560598215,1620.5723154160007,1664.4552299032473,43.88291448724658,2.636473105365378,-6.019640643820894,1,1
proxy_hardened_no_worst_hours,proxy_hardened_no_worst_hours-000695,2025-07-10 10:30:00,2025-07-10 11:45:00,XAUUSD,15m,BUY,LONDON,3326.398,3321.431267641993,3336.3314647160146,V50 realtime loss proxy | variant=proxy_hardened_no_worst_hours | Side=BUY | score=74.0 | opposite_score=26.0 | session=LONDON | RR=2.00,V50 realtime loss proxy,74.0,26.0,74.0,2.0000000000000915,0.01,-4.966732358006993,-4.966732358006993,0.08,0.0,0.0,0.08,-5.046732358006993,1620.5723154160007,1615.5255830579938,1664.4552299032473,48.9296468452535,2.9396793597204605,-5.046732358006993,1,1
proxy_hardened_no_worst_hours,proxy_hardened_no_worst_hours-000696,2025-07-10 13:00:00,2025-07-10 13:30:00,XAUUSD,15m,BUY,LONDON,3327.195,3321.1206510031875,3339.3436979936255,V50 realtime loss proxy | variant=proxy_hardened_no_worst_hours | Side=BUY | score=74.0 | opposite_score=26.0 | session=LONDON | RR=2.00,V50 realtime loss proxy,74.0,26.0,74.0,2.0,0.01,-6.07434899681266,-6.07434899681266,0.08,0.0,0.0,0.08,-6.15434899681266,1615.5255830579938,1609.3712340611812,1664.4552299032473,55.08399584206609,3.309430908830636,-11.201081354819653,2,2
proxy_hardened_no_worst_hours,proxy_hardened_no_worst_hours-000697,2025-07-11 18:00:00,2025-07-13 22:15:00,XAUUSD,15m,BUY,NEW YORK,3354.785,3348.482690925138,3367.389618149724,V50 realtime loss proxy | variant=proxy_hardened_no_worst_hours | Side=BUY | score=100.0 | opposite_score=8.0 | session=NEW YORK | RR=2.00,V50 realtime loss proxy,100.0,8.0,100.0,2.0,0.01,12.604618149724047,12.604618149724047,0.08,0.0,0.0,0.08,12.524618149724047,1609.3712340611812,1621.8958522109053,1664.4552299032473,42.55937769234197,2.5569553886298215,12.524618149724047,1,0
proxy_hardened_no_worst_hours,proxy_hardened_no_worst_hours-000698,2025-07-14 10:15:00,2025-07-14 11:45:00,XAUUSD,15m,BUY,LONDON,3370.245,3364.141819394105,3382.4513612117903,V50 realtime loss proxy | variant=proxy_hardened_no_worst_hours | Side=BUY | score=96.0 | opposite_score=4.0 | session=LONDON | RR=2.00,V50 realtime loss proxy,96.0,4.0,96.0,2.0000000000000746,0.01,-6.103180605894977,-6.103180605894977,0.08,0.0,0.0,0.08,-6.183180605894977,1621.8958522109053,1615.7126716050104,1664.4552299032473,48.74255829823687,2.928439132668664,-6.183180605894977,1,1
proxy_hardened_no_worst_hours,proxy_hardened_no_worst_hours-000699,2025-07-15 10:15:00,2025-07-15 11:30:00,XAUUSD,15m,BUY,LONDON,3362.718,3357.3687828784105,3373.4164342431786,V50 realtime loss proxy | variant=proxy_hardened_no_worst_hours | Side=BUY | score=96.0 | opposite_score=11.0 | session=LONDON | RR=2.00,V50 realtime loss proxy,96.0,11.0,96.0,2.0,0.01,-5.3492171215893904,-5.3492171215893904,0.08,0.0,0.0,0.08,-5.4292171215893905,1615.7126716050104,1610.283454483421,1664.4552299032473,54.17177541982619,3.254624963566916,-5.4292171215893905,1,1
proxy_hardened_no_worst_hours,proxy_hardened_no_worst_hours-000700,2025-07-16 15:45:00,2025-07-17 06:30:00,XAUUSD,15m,BUY,LONDON,3343.148,3328.0336864885753,3373.3766270228502,V50 realtime loss proxy | variant=proxy_hardened_no_worst_hours | Side=BUY | score=96.0 | opposite_score=4.0 | session=LONDON | RR=2.00,V50 realtime loss proxy,96.0,4.0,96.0,2.00000000000003,0.01,-15.114313511424825,-15.114313511424825,0.08,0.0,0.0,0.08,-15.194313511424825,1610.283454483421,1595.0891409719964,1664.4552299032473,69.36608893125094,4.1674950269033735,-15.194313511424825,1,1
proxy_hardened_no_worst_hours,proxy_hardened_no_worst_hours-000701,2025-07-17 10:30:00,2025-07-17 12:30:00,XAUUSD,15m,SELL,LONDON,3330.875,3336.1331961433652,3320.3586077132695,V50 realtime loss proxy | variant=proxy_hardened_no_worst_hours | Side=SELL | score=79.0 | opposite_score=4.0 | session=LONDON | RR=2.00,V50 realtime loss proxy,4.0,79.0,79.0,2.0,0.01,10.516392286730479,10.516392286730479,0.08,0.0,0.0,0.08,10.436392286730479,1595.0891409719964,1605.525533258727,1664.4552299032473,58.92969664452039,3.5404795266224074,10.436392286730479,1,0
proxy_hardened_no_worst_hours,proxy_hardened_no_worst_hours-000702,2025-07-17 22:30:00,2025-07-18 00:15:00,XAUUSD,15m,BUY,NEW YORK,3342.798,3338.7183929113035,3350.9572141773924,V50 realtime loss proxy | variant=proxy_hardened_no_worst_hours | Side=BUY | score=73.0 | opposite_score=8.0 | session=NEW YORK | RR=2.00,V50 realtime loss proxy,73.0,8.0,73.0,2.0,0.01,-4.079607088696321,-4.079607088696321,0.08,0.0,0.0,0.08,-4.159607088696321,1605.525533258727,1601.3659261700307,1664.4552299032473,63.08930373321664,3.7903875454123175,6.276785198034158,2,1
proxy_hardened_no_worst_hours,proxy_hardened_no_worst_hours-000703,2025-07-18 14:00:00,2025-07-18 19:30:00,XAUUSD,15m,BUY,LONDON,3354.895,3349.345202717052,3365.9945945658965,V50 realtime loss proxy | variant=proxy_hardened_no_worst_hours | Side=BUY | score=94.0 | opposite_score=8.0 | session=LONDON | RR=2.00,V50 realtime loss proxy,94.0,8.0,94.0,2.000000000000082,0.01,-5.54979728294802,-5.54979728294802,0.08,0.0,0.0,0.08,-5.6297972829480205,1601.3659261700307,1595.7361288870827,1664.4552299032473,68.71910101616459,4.128624175740621,-5.6297972829480205,1,1
proxy_hardened_no_worst_hours,proxy_hardened_no_worst_hours-000704,2025-07-25 13:30:00,2025-07-25 15:30:00,XAUUSD,15m,SELL,LONDON,3339.845,3346.138457698958,3327.2580846020833,V50 realtime loss proxy | variant=proxy_hardened_no_worst_hours | Side=SELL | score=85.0 | opposite_score=4.0 | session=LONDON | RR=2.00,V50 realtime loss proxy,4.0,85.0,85.0,2.0,0.01,12.586915397916528,12.586915397916528,0.08,0.0,0.0,0.08,12.506915397916528,1595.7361288870827,1608.2430442849993,1664.4552299032473,56.212185618247986,3.3772122318673317,12.506915397916528,1,0
proxy_hardened_no_worst_hours,proxy_hardened_no_worst_hours-000705,2025-07-31 15:00:00,2025-08-01 01:45:00,XAUUSD,15m,SELL,LONDON,3296.298,3303.714280647631,3281.4654387047376,V50 realtime loss proxy | variant=proxy_hardened_no_worst_hours | Side=SELL | score=75.0 | opposite_score=11.0 | session=LONDON | RR=2.00,V50 realtime loss proxy,11.0,75.0,75.0,2.0,0.01,14.832561295262167,14.832561295262167,0.08,0.0,0.0,0.08,14.752561295262167,1608.2430442849993,1622.9956055802616,1664.4552299032473,41.459624322985746,2.490882516881859,14.752561295262167,1,0
proxy_hardened_no_worst_hours,proxy_hardened_no_worst_hours-000706,2025-08-04 15:30:00,2025-08-05 05:00:00,XAUUSD,15m,BUY,LONDON,3375.405,3368.602217869332,3389.0105642613366,V50 realtime loss proxy | variant=proxy_hardened_no_worst_hours | Side=BUY | score=85.0 | opposite_score=4.0 | session=LONDON | RR=2.00,V50 realtime loss proxy,85.0,4.0,85.0,2.0,0.01,-6.80278213066822,-6.80278213066822,0.08,0.0,0.0,0.08,-6.88278213066822,1622.9956055802616,1616.1128234495934,1664.4552299032473,48.34240645365389,2.9043981228899725,-6.88278213066822,1,1
proxy_hardened_no_worst_hours,proxy_hardened_no_worst_hours-000707,2025-08-05 13:00:00,2025-08-05 14:15:00,XAUUSD,15m,BUY,LONDON,3368.875,3362.9306498326036,3380.763700334793,V50 realtime loss proxy | variant=proxy_hardened_no_worst_hours | Side=BUY | score=75.0 | opposite_score=4.0 | session=LONDON | RR=2.00,V50 realtime loss proxy,75.0,4.0,75.0,2.0000000000000764,0.01,11.888700334793157,11.888700334793157,0.08,0.0,0.0,0.08,11.808700334793157,1616.1128234495934,1627.9215237843866,1664.4552299032473,36.533706118860664,2.1949347427617094,11.808700334793157,1,0
proxy_hardened_no_worst_hours,proxy_hardened_no_worst_hours-000708,2025-08-05 18:00:00,2025-08-06 04:45:00,XAUUSD,15m,BUY,NEW YORK,3379.015,3372.7587665039305,3391.5274669921387,V50 realtime loss proxy | variant=proxy_hardened_no_worst_hours | Side=BUY | score=100.0 | opposite_score=8.0 | session=NEW YORK | RR=2.00,V50 realtime loss proxy,100.0,8.0,100.0,2.0,0.01,-6.256233496069399,-6.256233496069399,0.08,0.0,0.0,0.08,-6.336233496069399,1627.9215237843866,1621.5852902883173,1664.4552299032473,42.86993961492999,2.575613861204423,5.472466838723758,2,1
proxy_hardened_no_worst_hours,proxy_hardened_no_worst_hours-000709,2025-08-07 13:45:00,2025-08-07 14:00:00,XAUUSD,15m,BUY,LONDON,3384.735,3376.2466728337736,3401.7116543324532,V50 realtime loss proxy | variant=proxy_hardened_no_worst_hours | Side=BUY | score=90.0 | opposite_score=11.0 | session=LONDON | RR=2.00,V50 realtime loss proxy,90.0,11.0,90.0,2.0,0.01,-8.488327166226554,-8.488327166226554,0.08,0.0,0.0,0.08,-8.568327166226554,1621.5852902883173,1613.0169631220908,1664.4552299032473,51.43826678115647,3.0903965367783734,-8.568327166226554,1,1
proxy_hardened_no_worst_hours,proxy_hardened_no_worst_hours-000710,2025-08-08 13:30:00,2025-08-08 14:00:00,XAUUSD,15m,BUY,LONDON,3395.989,3386.1283356319313,3415.7103287361374,V50 realtime loss proxy | variant=proxy_hardened_no_worst_hours | Side=BUY | score=74.0 | opposite_score=4.0 | session=LONDON | RR=2.00,V50 realtime loss proxy,74.0,4.0,74.0,2.0,0.01,-9.860664368068683,-9.860664368068683,0.08,0.0,0.0,0.08,-9.940664368068683,1613.0169631220908,1603.0762987540222,1664.4552299032473,61.37893114922508,3.687628843750454,-9.940664368068683,1,1
proxy_hardened_no_worst_hours,proxy_hardened_no_worst_hours-000711,2025-08-11 13:00:00,2025-08-11 13:45:00,XAUUSD,15m,SELL,LONDON,3349.759,3358.619209036333,3332.0385819273342,V50 realtime loss proxy | variant=proxy_hardened_no_worst_hours | Side=SELL | score=85.0 | opposite_score=4.0 | session=LONDON | RR=2.00,V50 realtime loss proxy,4.0,85.0,85.0,2.0,0.01,-8.86020903633289,-8.86020903633289,0.08,0.0,0.0,0.08,-8.94020903633289,1603.0762987540222,1594.1360897176894,1664.4552299032473,70.3191401855579,4.224754077022874,-8.94020903633289,1,1
proxy_hardened_no_worst_hours,proxy_hardened_no_worst_hours-000712,2025-08-11 14:15:00,2025-08-12 14:15:00,XAUUSD,15m,SELL,LONDON,3351.715,3360.66693901021,3333.81112197958,V50 realtime loss proxy | variant=proxy_hardened_no_worst_hours | Side=SELL | score=89.0 | opposite_score=8.0 | session=LONDON | RR=2.00,V50 realtime loss proxy,8.0,89.0,89.0,2.0,0.01,17.903878020420052,17.903878020420052,0.08,0.0,0.0,0.08,17.823878020420054,1594.1360897176894,1611.9599677381095,1664.4552299032473,52.495262165137774,3.153900520844244,8.883668984087164,2,0
proxy_hardened_no_worst_hours,proxy_hardened_no_worst_hours-000713,2025-08-12 14:30:00,2025-08-12 15:15:00,XAUUSD,15m,SELL,LONDON,3335.909,3346.9710709558867,3313.7848580882264,V50 realtime loss proxy | variant=proxy_hardened_no_worst_hours | Side=SELL | score=89.0 | opposite_score=8.0 | session=LONDON | RR=2.00,V50 realtime loss proxy,8.0,89.0,89.0,2.0000000000000413,0.01,-11.062070955886611,-11.062070955886611,0.08,0.0,0.0,0.08,-11.142070955886611,1611.9599677381095,1600.817896782223,1664.4552299032473,63.63733312102431,3.823312996212189,-11.142070955886611,1,1
proxy_hardened_no_worst_hours,proxy_hardened_no_worst_hours-000714,2025-08-13 14:15:00,2025-08-13 15:00:00,XAUUSD,15m,BUY,LONDON,3364.785,3357.9646423521763,3378.425715295647,V50 realtime loss proxy | variant=proxy_hardened_no_worst_hours | Side=BUY | score=72.0 | opposite_score=19.0 | session=LONDON | RR=2.00,V50 realtime loss proxy,72.0,19.0,72.0,2.0,0.01,-6.820357647823585,-6.820357647823585,0.08,0.0,0.0,0.08,-6.900357647823585,1600.817896782223,1593.9175391343995,1664.4552299032473,70.53769076884782,4.237884534325871,-6.900357647823585,1,1
proxy_hardened_no_worst_hours,proxy_hardened_no_worst_hours-000715,2025-08-14 13:30:00,2025-08-14 16:15:00,XAUUSD,15m,SELL,LONDON,3348.045,3356.2211685397738,3331.6926629204527,V50 realtime loss proxy | variant=proxy_hardened_no_worst_hours | Side=SELL | score=79.0 | opposite_score=4.0 | session=LONDON | RR=2.00,V50 realtime loss proxy,4.0,79.0,79.0,2.0,0.01,16.352337079547397,16.352337079547397,0.08,0.0,0.0,0.08,16.2723370795474,1593.9175391343995,1610.189876213947,1664.4552299032473,54.265353689300355,3.2602471195608382,16.2723370795474,1,0
proxy_hardened_no_worst_hours,proxy_hardened_no_worst_hours-000716,2025-08-19 14:00:00,2025-08-19 14:45:00,XAUUSD,15m,SELL,LONDON,3334.565,3340.389584767693,3322.915830464614,V50 realtime loss proxy | variant=proxy_hardened_no_worst_hours | Side=SELL | score=83.0 | opposite_score=8.0 | session=LONDON | RR=2.00,V50 realtime loss proxy,8.0,83.0,83.0,2.0,0.01,11.649169535386136,11.649169535386136,0.08,0.0,0.0,0.08,11.569169535386136,1610.189876213947,1621.7590457493332,1664.4552299032473,42.696184153914146,2.5651746821929255,11.569169535386136,1,0
proxy_hardened_no_worst_hours,proxy_hardened_no_worst_hours-000717,2025-08-26 18:00:00,2025-08-26 20:45:00,XAUUSD,15m,BUY,NEW YORK,3382.345,3377.5387328230954,3391.9575343538086,V50 realtime loss proxy | variant=proxy_hardened_no_worst_hours | Side=BUY | score=80.0 | opposite_score=8.0 | session=NEW YORK | RR=2.00,V50 realtime loss proxy,80.0,8.0,80.0,2.0,0.01,9.612534353808769,9.612534353808769,0.08,0.0,0.0,0.08,9.532534353808769,1621.7590457493332,1631.291580103142,1664.4552299032473,33.163649800105304,1.9924627111798654,9.532534353808769,1,0
proxy_hardened_no_worst_hours,proxy_hardened_no_worst_hours-000718,2025-08-28 10:30:00,2025-08-28 11:30:00,XAUUSD,15m,BUY,LONDON,3396.985,3392.7411513848933,3405.4726972302137,V50 realtime loss proxy | variant=proxy_hardened_no_worst_hours | Side=BUY | score=76.0 | opposite_score=4.0 | session=LONDON | RR=2.00,V50 realtime loss proxy,76.0,4.0,76.0,2.0,0.01,8.487697230213598,8.487697230213598,0.08,0.0,0.0,0.08,8.407697230213598,1631.291580103142,1639.6992773333557,1664.4552299032473,24.755952569891633,1.4873306367832235,8.407697230213598,1,0
proxy_hardened_no_worst_hours,proxy_hardened_no_worst_hours-000719,2025-08-28 15:15:00,2025-08-28 17:45:00,XAUUSD,15m,BUY,LONDON,3406.009,3399.7309643456415,3418.565071308717,V50 realtime loss proxy | variant=proxy_hardened_no_worst_hours | Side=BUY | score=96.0 | opposite_score=4.0 | session=LONDON | RR=2.00,V50 realtime loss proxy,96.0,4.0,96.0,2.0,0.01,12.556071308717037,12.556071308717037,0.08,0.0,0.0,0.08,12.476071308717037,1639.6992773333557,1652.1753486420728,1664.4552299032473,12.279881261174523,0.7377717970755115,20.883768538930635,2,0
proxy_hardened_no_worst_hours,proxy_hardened_no_worst_hours-000720,2025-08-31 22:00:00,2025-09-01 01:00:00,XAUUSD,15m,BUY,NEW YORK,3445.865,3439.860626857456,3457.8737462850877,V50 realtime loss proxy | variant=proxy_hardened_no_worst_hours | Side=BUY | score=100.0 | opposite_score=8.0 | session=NEW YORK | RR=2.00,V50 realtime loss proxy,100.0,8.0,100.0,2.0,0.01,-6.004373142543955,-6.004373142543955,0.08,0.0,0.0,0.08,-6.084373142543955,1652.1753486420728,1646.090975499529,1664.4552299032473,18.364254403718405,1.1033192166295693,-6.084373142543955,1,1
proxy_hardened_no_worst_hours,proxy_hardened_no_worst_hours-000721,2025-09-01 13:45:00,2025-09-02 01:00:00,XAUUSD,15m,BUY,LONDON,3475.135,3468.7195876109645,3487.9658247780717,V50 realtime loss proxy | variant=proxy_hardened_no_worst_hours | Side=BUY | score=96.0 | opposite_score=4.0 | session=LONDON | RR=2.00,V50 realtime loss proxy,96.0,4.0,96.0,2.0,0.01,12.830824778071474,12.830824778071474,0.08,0.0,0.0,0.08,12.750824778071474,1646.090975499529,1658.8418002776004,1664.4552299032473,5.613429625646859,0.33725326610155565,12.750824778071474,1,0
proxy_hardened_no_worst_hours,proxy_hardened_no_worst_hours-000722,2025-09-02 13:30:00,2025-09-02 14:30:00,XAUUSD,15m,BUY,LONDON,3489.149,3479.1524426102674,3509.142114779465,V50 realtime loss proxy | variant=proxy_hardened_no_worst_hours | Side=BUY | score=74.0 | opposite_score=4.0 | session=LONDON | RR=2.00,V50 realtime loss proxy,74.0,4.0,74.0,2.0,0.01,19.99311477946503,19.99311477946503,0.08,0.0,0.0,0.08,19.913114779465033,1658.8418002776004,1678.7549150570655,1678.7549150570655,0.0,0.0,19.913114779465033,1,0
proxy_hardened_no_worst_hours,proxy_hardened_no_worst_hours-000723,2025-09-04 13:15:00,2025-09-04 13:45:00,XAUUSD,15m,BUY,LONDON,3552.585,3543.4085577408864,3570.9378845182273,V50 realtime loss proxy | variant=proxy_hardened_no_worst_hours | Side=BUY | score=80.0 | opposite_score=4.0 | session=LONDON | RR=2.00,V50 realtime loss proxy,80.0,4.0,80.0,2.0,0.01,-9.176442259113628,-9.176442259113628,0.08,0.0,0.0,0.08,-9.256442259113628,1678.7549150570655,1669.498472797952,1678.7549150570655,9.256442259113555,0.5513873511905043,-9.256442259113628,1,1
proxy_hardened_no_worst_hours,proxy_hardened_no_worst_hours-000724,2025-09-07 22:15:00,2025-09-08 03:30:00,XAUUSD,15m,BUY,NEW YORK,3593.175,3584.186351078401,3611.1522978431985,V50 realtime loss proxy | variant=proxy_hardened_no_worst_hours | Side=BUY | score=78.0 | opposite_score=8.0 | session=NEW YORK | RR=2.00,V50 realtime loss proxy,78.0,8.0,78.0,2.0,0.01,-8.988648921599179,-8.988648921599179,0.08,0.0,0.0,0.08,-9.068648921599179,1669.498472797952,1660.4298238763529,1678.7549150570655,18.32509118071266,1.0915882369934709,-9.068648921599179,1,1
proxy_hardened_no_worst_hours,proxy_hardened_no_worst_hours-000725,2025-09-08 18:00:00,2025-09-09 02:00:00,XAUUSD,15m,BUY,NEW YORK,3633.729,3626.2515738322445,3648.6838523355104,V50 realtime loss proxy | variant=proxy_hardened_no_worst_hours | Side=BUY | score=78.0 | opposite_score=8.0 | session=NEW YORK | RR=2.00,V50 realtime loss proxy,78.0,8.0,78.0,2.0,0.01,14.954852335510623,14.954852335510623,0.08,0.0,0.0,0.08,14.874852335510623,1660.4298238763529,1675.3046762118636,1678.7549150570655,3.450238845201966,0.20552367795061274,14.874852335510623,1,0
proxy_hardened_no_worst_hours,proxy_hardened_no_worst_hours-000726,2025-09-09 10:15:00,2025-09-09 12:30:00,XAUUSD,15m,BUY,LONDON,3653.065,3645.7105901973555,3667.7738196052896,V50 realtime loss proxy | variant=proxy_hardened_no_worst_hours | Side=BUY | score=96.0 | opposite_score=4.0 | session=LONDON | RR=2.00,V50 realtime loss proxy,96.0,4.0,96.0,2.0000000000000617,0.01,-7.354409802644568,-7.354409802644568,0.08,0.0,0.0,0.08,-7.434409802644568,1675.3046762118636,1667.870266409219,1678.7549150570655,10.884648647846461,0.6483762787658889,-7.434409802644568,1,1
proxy_hardened_no_worst_hours,proxy_hardened_no_worst_hours-000727,2025-09-11 19:00:00,2025-09-12 02:00:00,XAUUSD,15m,BUY,NEW YORK,3634.275,3627.259498344009,3648.3060033119823,V50 realtime loss proxy | variant=proxy_hardened_no_worst_hours | Side=BUY | score=80.0 | opposite_score=8.0 | session=NEW YORK | RR=2.00,V50 realtime loss proxy,80.0,8.0,80.0,2.0,0.01,14.031003311982204,14.031003311982204,0.08,0.0,0.0,0.08,13.951003311982204,1667.870266409219,1681.8212697212014,1681.8212697212014,0.0,0.0,13.951003311982204,1,0
proxy_hardened_no_worst_hours,proxy_hardened_no_worst_hours-000728,2025-09-12 10:00:00,2025-09-12 12:15:00,XAUUSD,15m,BUY,LONDON,3647.865,3641.854898532876,3659.885202934247,V50 realtime loss proxy | variant=proxy_hardened_no_worst_hours | Side=BUY | score=74.0 | opposite_score=4.0 | session=LONDON | RR=2.00,V50 realtime loss proxy,74.0,4.0,74.0,2.0,0.01,-6.010101467123604,-6.010101467123604,0.08,0.0,0.0,0.08,-6.0901014671236045,1681.8212697212014,1675.7311682540778,1681.8212697212014,6.090101467123532,0.362113476429817,-6.0901014671236045,1,1
proxy_hardened_no_worst_hours,proxy_hardened_no_worst_hours-000729,2025-09-12 13:30:00,2025-09-12 15:00:00,XAUUSD,15m,BUY,LONDON,3650.848,3644.1396208458564,3664.2647583082876,V50 realtime loss proxy | variant=proxy_hardened_no_worst_hours | Side=BUY | score=76.0 | opposite_score=4.0 | session=LONDON | RR=2.00,V50 realtime loss proxy,76.0,4.0,76.0,2.000000000000068,0.01,-6.708379154143586,-6.708379154143586,0.08,0.0,0.0,0.08,-6.788379154143586,1675.7311682540778,1668.9427890999343,1681.8212697212014,12.878480621267045,0.7657460904512127,-12.87848062126719,2,2
proxy_hardened_no_worst_hours,proxy_hardened_no_worst_hours-000730,2025-09-15 22:15:00,2025-09-16 06:30:00,XAUUSD,15m,BUY,NEW YORK,3678.725,3673.4149335000156,3689.345132999969,V50 realtime loss proxy | variant=proxy_hardened_no_worst_hours | Side=BUY | score=100.0 | opposite_score=8.0 | session=NEW YORK | RR=2.00,V50 realtime loss proxy,100.0,8.0,100.0,2.0000000000000857,0.01,10.620132999968973,10.620132999968973,0.08,0.0,0.0,0.08,10.540132999968973,1668.9427890999343,1679.4829220999034,1681.8212697212014,2.3383476212979986,0.13903663031242497,10.540132999968973,1,0
proxy_hardened_no_worst_hours,proxy_hardened_no_worst_hours-000731,2025-09-16 13:15:00,2025-09-16 14:45:00,XAUUSD,15m,BUY,LONDON,3694.105,3687.840425349018,3706.634149301964,V50 realtime loss proxy | variant=proxy_hardened_no_worst_hours | Side=BUY | score=100.0 | opposite_score=4.0 | session=LONDON | RR=2.00,V50 realtime loss proxy,100.0,4.0,100.0,2.0,0.01,-6.264574650982013,-6.264574650982013,0.08,0.0,0.0,0.08,-6.344574650982013,1679.4829220999034,1673.1383474489214,1681.8212697212014,8.682922272279939,0.5162809169204599,-6.344574650982013,1,1
proxy_hardened_no_worst_hours,proxy_hardened_no_worst_hours-000732,2025-09-22 13:00:00,2025-09-22 13:45:00,XAUUSD,15m,BUY,LONDON,3722.275,3714.841245704598,3737.1425085908045,V50 realtime loss proxy | variant=proxy_hardened_no_worst_hours | Side=BUY | score=96.0 | opposite_score=4.0 | session=LONDON | RR=2.00,V50 realtime loss proxy,96.0,4.0,96.0,2.0,0.01,-7.433754295402196,-7.433754295402196,0.08,0.0,0.0,0.08,-7.513754295402196,1673.1383474489214,1665.6245931535193,1681.8212697212014,16.19667656768206,0.9630438655569515,-7.513754295402196,1,1
proxy_hardened_no_worst_hours,proxy_hardened_no_worst_hours-000733,2025-09-22 14:15:00,2025-09-22 16:00:00,XAUUSD,15m,BUY,LONDON,3721.335,3713.0361549361824,3737.9326901276354,V50 realtime loss proxy | variant=proxy_hardened_no_worst_hours | Side=BUY | score=78.0 | opposite_score=8.0 | session=LONDON | RR=2.00,V50 realtime loss proxy,78.0,8.0,78.0,2.0,0.01,16.59769012763536,16.59769012763536,0.08,0.0,0.0,0.08,16.517690127635362,1665.6245931535193,1682.1422832811547,1682.1422832811547,0.0,0.0,9.003935832233166,2,0
proxy_hardened_no_worst_hours,proxy_hardened_no_worst_hours-000734,2025-09-23 15:00:00,2025-09-23 16:30:00,XAUUSD,15m,BUY,LONDON,3778.838,3769.016208853109,3798.4815822937826,V50 realtime loss proxy | variant=proxy_hardened_no_worst_hours | Side=BUY | score=96.0 | opposite_score=4.0 | session=LONDON | RR=2.00,V50 realtime loss proxy,96.0,4.0,96.0,2.000000000000046,0.01,-9.821791146890973,-9.821791146890973,0.08,0.0,0.0,0.08,-9.901791146890973,1682.1422832811547,1672.2404921342638,1682.1422832811547,9.9017911468909,0.5886417127317349,-9.901791146890973,1,1
proxy_hardened_no_worst_hours,proxy_hardened_no_worst_hours-000735,2025-09-25 19:30:00,2025-09-26 03:00:00,XAUUSD,15m,BUY,NEW YORK,3747.195,3736.4715658712157,3768.641868257569,V50 realtime loss proxy | variant=proxy_hardened_no_worst_hours | Side=BUY | score=94.0 | opposite_score=8.0 | session=NEW YORK | RR=2.00,V50 realtime loss proxy,94.0,8.0,94.0,2.0,0.01,-10.723434128784447,-10.723434128784447,0.08,0.0,0.0,0.08,-10.803434128784447,1672.2404921342638,1661.4370580054795,1682.1422832811547,20.705225275675275,1.2308843004224386,-10.803434128784447,1,1
proxy_hardened_no_worst_hours,proxy_hardened_no_worst_hours-000736,2025-09-26 13:30:00,2025-09-26 14:15:00,XAUUSD,15m,BUY,LONDON,3757.975,3749.1911529244653,3775.542694151069,V50 realtime loss proxy | variant=proxy_hardened_no_worst_hours | Side=BUY | score=76.0 | opposite_score=4.0 | session=LONDON | RR=2.00,V50 realtime loss proxy,76.0,4.0,76.0,2.0,0.01,17.56769415106919,17.56769415106919,0.08,0.0,0.0,0.08,17.487694151069192,1661.4370580054795,1678.9247521565487,1682.1422832811547,3.217531124606012,0.19127580089895588,17.487694151069192,1,0
proxy_hardened_no_worst_hours,proxy_hardened_no_worst_hours-000737,2025-09-28 22:00:00,2025-09-29 00:45:00,XAUUSD,15m,BUY,NEW YORK,3767.835,3759.5509754109653,3784.4030491780695,V50 realtime loss proxy | variant=proxy_hardened_no_worst_hours | Side=BUY | score=72.0 | opposite_score=18.0 | session=NEW YORK | RR=2.00,V50 realtime loss proxy,72.0,18.0,72.0,2.0,0.01,16.568049178069487,16.568049178069487,0.08,0.0,0.0,0.08,16.488049178069488,1678.9247521565487,1695.4128013346183,1695.4128013346183,0.0,0.0,16.488049178069488,1,0
proxy_hardened_no_worst_hours,proxy_hardened_no_worst_hours-000738,2025-09-29 10:15:00,2025-09-30 00:00:00,XAUUSD,15m,BUY,LONDON,3815.535,3806.197451473372,3834.2100970532556,V50 realtime loss proxy | variant=proxy_hardened_no_worst_hours | Side=BUY | score=96.0 | opposite_score=4.0 | session=LONDON | RR=2.00,V50 realtime loss proxy,96.0,4.0,96.0,2.0,0.01,18.67509705325574,18.67509705325574,0.08,0.0,0.0,0.08,18.595097053255742,1695.4128013346183,1714.007898387874,1714.007898387874,0.0,0.0,18.595097053255742,1,0
proxy_hardened_no_worst_hours,proxy_hardened_no_worst_hours-000739,2025-09-30 14:00:00,2025-10-01 02:00:00,XAUUSD,15m,BUY,LONDON,3843.705,3829.422761098552,3872.269477802896,V50 realtime loss proxy | variant=proxy_hardened_no_worst_hours | Side=BUY | score=83.0 | opposite_score=8.0 | session=LONDON | RR=2.00,V50 realtime loss proxy,83.0,8.0,83.0,2.000000000000032,0.01,28.564477802895908,28.564477802895908,0.08,0.0,0.0,0.08,28.48447780289591,1714.007898387874,1742.49237619077,1742.49237619077,0.0,0.0,28.48447780289591,1,0
proxy_hardened_no_worst_hours,proxy_hardened_no_worst_hours-000740,2025-10-01 14:30:00,2025-10-01 14:45:00,XAUUSD,15m,BUY,LONDON,3876.985,3866.875371160742,3897.2042576785166,V50 realtime loss proxy | variant=proxy_hardened_no_worst_hours | Side=BUY | score=78.0 | opposite_score=8.0 | session=LONDON | RR=2.00,V50 realtime loss proxy,78.0,8.0,78.0,2.0,0.01,-10.109628839258221,-10.109628839258221,0.08,0.0,0.0,0.08,-10.189628839258221,1742.49237619077,1732.302747351512,1742.49237619077,10.189628839258148,0.5847732236013281,-10.189628839258221,1,1
proxy_hardened_no_worst_hours,proxy_hardened_no_worst_hours-000741,2025-10-02 10:00:00,2025-10-02 12:00:00,XAUUSD,15m,BUY,LONDON,3875.785,3868.52514272069,3890.3047145586197,V50 realtime loss proxy | variant=proxy_hardened_no_worst_hours | Side=BUY | score=76.0 | opposite_score=11.0 | session=LONDON | RR=2.00,V50 realtime loss proxy,76.0,11.0,76.0,2.0,0.01,14.519714558619853,14.519714558619853,0.08,0.0,0.0,0.08,14.439714558619853,1732.302747351512,1746.7424619101319,1746.7424619101319,0.0,0.0,14.439714558619853,1,0
proxy_hardened_no_worst_hours,proxy_hardened_no_worst_hours-000742,2025-10-03 14:15:00,2025-10-05 22:45:00,XAUUSD,15m,BUY,LONDON,3878.855,3867.449897673225,3901.6652046535496,V50 realtime loss proxy | variant=proxy_hardened_no_worst_hours | Side=BUY | score=80.0 | opposite_score=8.0 | session=LONDON | RR=2.00,V50 realtime loss proxy,80.0,8.0,80.0,2.0,0.01,22.81020465354959,22.81020465354959,0.08,0.0,0.0,0.08,22.730204653549592,1746.7424619101319,1769.4726665636815,1769.4726665636815,0.0,0.0,22.730204653549592,1,0
proxy_hardened_no_worst_hours,proxy_hardened_no_worst_hours-000743,2025-10-06 13:30:00,2025-10-06 16:00:00,XAUUSD,15m,BUY,LONDON,3944.645,3933.078313848124,3967.7783723037523,V50 realtime loss proxy | variant=proxy_hardened_no_worst_hours | Side=BUY | score=96.0 | opposite_score=4.0 | session=LONDON | RR=2.00,V50 realtime loss proxy,96.0,4.0,96.0,2.0,0.01,23.133372303752367,23.133372303752367,0.08,0.0,0.0,0.08,23.05337230375237,1769.4726665636815,1792.526038867434,1792.526038867434,0.0,0.0,23.05337230375237,1,0
proxy_hardened_no_worst_hours,proxy_hardened_no_worst_hours-000744,2025-10-07 13:30:00,2025-10-07 15:45:00,XAUUSD,15m,BUY,LONDON,3972.505,3962.0297704265854,3993.4554591468295,V50 realtime loss proxy | variant=proxy_hardened_no_worst_hours | Side=BUY | score=96.0 | opposite_score=4.0 | session=LONDON | RR=2.00,V50 realtime loss proxy,96.0,4.0,96.0,2.0,0.01,-10.475229573414708,-10.475229573414708,0.08,0.0,0.0,0.08,-10.555229573414708,1792.526038867434,1781.9708092940193,1792.526038867434,10.555229573414636,0.5888466524081131,-10.555229573414708,1,1
proxy_hardened_no_worst_hours,proxy_hardened_no_worst_hours-000745,2025-10-08 13:45:00,2025-10-08 22:00:00,XAUUSD,15m,BUY,LONDON,4037.848,4026.133160101548,4061.2776797969036,V50 realtime loss proxy | variant=proxy_hardened_no_worst_hours | Side=BUY | score=74.0 | opposite_score=4.0 | session=LONDON | RR=2.00,V50 realtime loss proxy,74.0,4.0,74.0,2.0,0.01,-11.714839898451828,-11.714839898451828,0.08,0.0,0.0,0.08,-11.794839898451828,1781.9708092940193,1770.1759693955676,1792.526038867434,22.35006947186639,1.2468476879693065,-11.794839898451828,1,1
proxy_hardened_no_worst_hours,proxy_hardened_no_worst_hours-000746,2025-10-10 15:30:00,2025-10-10 16:00:00,XAUUSD,15m,BUY,LONDON,4007.098,3989.9140398778227,4041.4659202443545,V50 realtime loss proxy | variant=proxy_hardened_no_worst_hours | Side=BUY | score=76.0 | opposite_score=11.0 | session=LONDON | RR=2.00,V50 realtime loss proxy,76.0,11.0,76.0,2.0,0.01,-17.183960122177268,-17.183960122177268,0.08,0.0,0.0,0.08,-17.263960122177266,1770.1759693955676,1752.9120092733904,1792.526038867434,39.614029594043586,2.2099556009279953,-17.263960122177266,1,1
proxy_hardened_no_worst_hours,proxy_hardened_no_worst_hours-000747,2025-10-12 22:00:00,2025-10-12 23:00:00,XAUUSD,15m,BUY,NEW YORK,4021.365,4003.702586081777,4056.6898278364456,V50 realtime loss proxy | variant=proxy_hardened_no_worst_hours | Side=BUY | score=100.0 | opposite_score=8.0 | session=NEW YORK | RR=2.00,V50 realtime loss proxy,100.0,8.0,100.0,2.0000000000000258,0.01,35.32482783644582,35.32482783644582,0.08,0.0,0.0,0.08,35.24482783644582,1752.9120092733904,1788.1568371098363,1792.526038867434,4.369201757597693,0.24374551124279747,35.24482783644582,1,0
proxy_hardened_no_worst_hours,proxy_hardened_no_worst_hours-000748,2025-10-13 19:15:00,2025-10-13 23:30:00,XAUUSD,15m,BUY,NEW YORK,4104.565,4093.1342011105694,4127.42659777886,V50 realtime loss proxy | variant=proxy_hardened_no_worst_hours | Side=BUY | score=100.0 | opposite_score=8.0 | session=NEW YORK | RR=2.00,V50 realtime loss proxy,100.0,8.0,100.0,2.0,0.01,22.861597778860414,22.861597778860414,0.08,0.0,0.0,0.08,22.781597778860416,1788.1568371098363,1810.9384348886967,1810.9384348886967,0.0,0.0,22.781597778860416,1,0
proxy_hardened_no_worst_hours,proxy_hardened_no_worst_hours-000749,2025-10-14 10:15:00,2025-10-14 12:15:00,XAUUSD,15m,BUY,LONDON,4139.285,4120.810127069069,4176.234745861862,V50 realtime loss proxy | variant=proxy_hardened_no_worst_hours | Side=BUY | score=74.0 | opposite_score=4.0 | session=LONDON | RR=2.00,V50 realtime loss proxy,74.0,4.0,74.0,2.0,0.01,-18.47487293093127,-18.47487293093127,0.08,0.0,0.0,0.08,-18.554872930931268,1810.9384348886967,1792.3835619577656,1810.9384348886967,18.554872930931197,1.0245998744883678,-18.554872930931268,1,1
proxy_hardened_no_worst_hours,proxy_hardened_no_worst_hours-000750,2025-10-14 15:00:00,2025-10-15 01:00:00,XAUUSD,15m,BUY,LONDON,4140.798,4122.314085190295,4177.7658296194095,V50 realtime loss proxy | variant=proxy_hardened_no_worst_hours | Side=BUY | score=76.0 | opposite_score=4.0 | session=LONDON | RR=2.00,V50 realtime loss proxy,76.0,4.0,76.0,2.0000000000000493,0.01,36.96782961940971,36.96782961940971,0.08,0.0,0.0,0.08,36.887829619409715,1792.3835619577656,1829.2713915771753,1829.2713915771753,0.0,0.0,18.332956688478447,2,0
proxy_hardened_no_worst_hours,proxy_hardened_no_worst_hours-000751,2025-10-15 19:00:00,2025-10-16 01:30:00,XAUUSD,15m,BUY,NEW YORK,4205.578,4192.069068577046,4232.59586284591,V50 realtime loss proxy | variant=proxy_hardened_no_worst_hours | Side=BUY | score=80.0 | opposite_score=8.0 | session=NEW YORK | RR=2.00,V50 realtime loss proxy,80.0,8.0,80.0,2.0000000000000675,0.01,27.017862845909804,27.017862845909804,0.08,0.0,0.0,0.08,26.937862845909805,1829.2713915771753,1856.2092544230852,1856.2092544230852,0.0,0.0,26.937862845909805,1,0
proxy_hardened_no_worst_hours,proxy_hardened_no_worst_hours-000752,2025-10-22 10:15:00,2025-10-22 10:45:00,XAUUSD,15m,SELL,LONDON,4084.159,4113.85167583084,4024.773648338321,V50 realtime loss proxy | variant=proxy_hardened_no_worst_hours | Side=SELL | score=85.0 | opposite_score=4.0 | session=LONDON | RR=2.00,V50 realtime loss proxy,4.0,85.0,85.0,2.0,0.01,59.385351661679124,59.385351661679124,0.08,0.0,0.0,0.08,59.305351661679126,1856.2092544230852,1915.5146060847644,1915.5146060847644,0.0,0.0,59.305351661679126,1,0
proxy_hardened_no_worst_hours,proxy_hardened_no_worst_hours-000753,2025-10-22 15:30:00,2025-10-22 17:45:00,XAUUSD,15m,SELL,LONDON,4034.598,4069.3858306649654,3965.022338670069,V50 realtime loss proxy | variant=proxy_hardened_no_worst_hours | Side=SELL | score=85.0 | opposite_score=4.0 | session=LONDON | RR=2.00,V50 realtime loss proxy,4.0,85.0,85.0,2.0,0.01,-34.78783066496544,-34.78783066496544,0.08,0.0,0.0,0.08,-34.86783066496544,1915.5146060847644,1880.646775419799,1915.5146060847644,34.86783066496537,1.8202852932682054,24.437520996713687,2,1
proxy_hardened_no_worst_hours,proxy_hardened_no_worst_hours-000754,2025-10-27 13:15:00,2025-10-27 14:15:00,XAUUSD,15m,SELL,LONDON,4033.595,4051.0149556977444,3998.7550886045105,V50 realtime loss proxy | variant=proxy_hardened_no_worst_hours | Side=SELL | score=85.0 | opposite_score=4.0 | session=LONDON | RR=2.00,V50 realtime loss proxy,4.0,85.0,85.0,2.0,0.01,34.83991139548925,34.83991139548925,0.08,0.0,0.0,0.08,34.759911395489254,1880.646775419799,1915.4066868152884,1915.5146060847644,0.10791926947604225,0.005633957012555751,34.759911395489254,1,0
proxy_hardened_no_worst_hours,proxy_hardened_no_worst_hours-000755,2025-10-29 14:00:00,2025-10-29 15:15:00,XAUUSD,15m,BUY,LONDON,4016.715,4002.446607322599,4045.2517853548025,V50 realtime loss proxy | variant=proxy_hardened_no_worst_hours | Side=BUY | score=72.0 | opposite_score=19.0 | session=LONDON | RR=2.00,V50 realtime loss proxy,72.0,19.0,72.0,2.0,0.01,-14.268392677401152,-14.268392677401152,0.08,0.0,0.0,0.08,-14.348392677401153,1915.4066868152884,1901.0582941378873,1915.5146060847644,14.456311946877122,0.7546959914038582,-14.348392677401153,1,1
proxy_hardened_no_worst_hours,proxy_hardened_no_worst_hours-000756,2025-10-30 14:15:00,2025-10-30 22:45:00,XAUUSD,15m,BUY,LONDON,3997.935,3976.9096151691415,4039.985769661717,V50 realtime loss proxy | variant=proxy_hardened_no_worst_hours | Side=BUY | score=72.0 | opposite_score=19.0 | session=LONDON | RR=2.00,V50 realtime loss proxy,72.0,19.0,72.0,2.0,0.01,42.05076966171691,42.05076966171691,0.08,0.0,0.0,0.08,41.970769661716915,1901.0582941378873,1943.0290637996043,1943.0290637996043,0.0,0.0,41.970769661716915,1,0
proxy_hardened_no_worst_hours,proxy_hardened_no_worst_hours-000757,2025-10-31 14:00:00,2025-10-31 16:00:00,XAUUSD,15m,BUY,LONDON,4019.625,4004.4836924929637,4049.907615014073,V50 realtime loss proxy | variant=proxy_hardened_no_worst_hours | Side=BUY | score=72.0 | opposite_score=19.0 | session=LONDON | RR=2.00,V50 realtime loss proxy,72.0,19.0,72.0,2.00000000000003,0.01,-15.141307507036345,-15.141307507036345,0.08,0.0,0.0,0.08,-15.221307507036345,1943.0290637996043,1927.807756292568,1943.0290637996043,15.221307507036272,0.7833803307744105,-15.221307507036345,1,1
proxy_hardened_no_worst_hours,proxy_hardened_no_worst_hours-000758,2025-11-04 15:30:00,2025-11-05 08:00:00,XAUUSD,15m,SELL,LONDON,3965.035,3984.283217808859,3926.5385643822815,V50 realtime loss proxy | variant=proxy_hardened_no_worst_hours | Side=SELL | score=85.0 | opposite_score=4.0 | session=LONDON | RR=2.00,V50 realtime loss proxy,4.0,85.0,85.0,2.0000000000000235,0.01,-19.248217808858954,-19.248217808858954,0.08,0.0,0.0,0.08,-19.328217808858952,1927.807756292568,1908.4795384837091,1943.0290637996043,34.54952531589515,1.7781270470722328,-19.328217808858952,1,1
proxy_hardened_no_worst_hours,proxy_hardened_no_worst_hours-000759,2025-11-06 13:00:00,2025-11-06 14:15:00,XAUUSD,15m,BUY,LONDON,4011.665,4003.2971604647187,4028.4006790705625,V50 realtime loss proxy | variant=proxy_hardened_no_worst_hours | Side=BUY | score=85.0 | opposite_score=4.0 | session=LONDON | RR=2.00,V50 realtime loss proxy,85.0,4.0,85.0,2.0,0.01,-8.367839535281291,-8.367839535281291,0.08,0.0,0.0,0.08,-8.447839535281291,1908.4795384837091,1900.031698948428,1943.0290637996043,42.99736485117637,2.21290384442808,-8.447839535281291,1,1
proxy_hardened_no_worst_hours,proxy_hardened_no_worst_hours-000760,2025-11-10 15:00:00,2025-11-10 18:15:00,XAUUSD,15m,BUY,LONDON,4087.325,4076.3397732877975,4109.2954534244045,V50 realtime loss proxy | variant=proxy_hardened_no_worst_hours | Side=BUY | score=96.0 | opposite_score=4.0 | session=LONDON | RR=2.00,V50 realtime loss proxy,96.0,4.0,96.0,2.0,0.01,21.970453424404695,21.970453424404695,0.08,0.0,0.0,0.08,21.890453424404697,1900.031698948428,1921.9221523728327,1943.0290637996043,21.106911426771603,1.0862890226406041,21.890453424404697,1,0
proxy_hardened_no_worst_hours,proxy_hardened_no_worst_hours-000761,2025-11-13 10:45:00,2025-11-13 14:15:00,XAUUSD,15m,BUY,LONDON,4225.325,4212.940274502968,4250.094450994064,V50 realtime loss proxy | variant=proxy_hardened_no_worst_hours | Side=BUY | score=96.0 | opposite_score=4.0 | session=LONDON | RR=2.00,V50 realtime loss proxy,96.0,4.0,96.0,2.0000000000000733,0.01,-12.384725497031468,-12.384725497031468,0.08,0.0,0.0,0.08,-12.464725497031468,1921.9221523728327,1909.4574268758013,1943.0290637996043,33.571636923803,1.7277990097664044,-12.464725497031468,1,1
proxy_hardened_no_worst_hours,proxy_hardened_no_worst_hours-000762,2025-11-19 13:15:00,2025-11-19 15:15:00,XAUUSD,15m,BUY,LONDON,4109.165,4097.655442886721,4132.184114226558,V50 realtime loss proxy | variant=proxy_hardened_no_worst_hours | Side=BUY | score=96.0 | opposite_score=4.0 | session=LONDON | RR=2.00,V50 realtime loss proxy,96.0,4.0,96.0,2.000000000000079,0.01,23.019114226558486,23.019114226558486,0.08,0.0,0.0,0.08,22.939114226558488,1909.4574268758013,1932.3965411023598,1943.0290637996043,10.63252269724444,0.5472137754055248,22.939114226558488,1,0
proxy_hardened_no_worst_hours,proxy_hardened_no_worst_hours-000763,2025-11-20 10:00:00,2025-11-20 12:15:00,XAUUSD,15m,SELL,LONDON,4059.335,4076.0490519867417,4025.9068960265167,V50 realtime loss proxy | variant=proxy_hardened_no_worst_hours | Side=SELL | score=85.0 | opposite_score=4.0 | session=LONDON | RR=2.00,V50 realtime loss proxy,4.0,85.0,85.0,2.0,0.01,-16.71405198674165,-16.71405198674165,0.08,0.0,0.0,0.08,-16.79405198674165,1932.3965411023598,1915.6024891156183,1943.0290637996043,27.42657468398602,1.4115370271586776,-16.79405198674165,1,1
proxy_hardened_no_worst_hours,proxy_hardened_no_worst_hours-000764,2025-11-21 10:00:00,2025-11-21 12:30:00,XAUUSD,15m,SELL,LONDON,4038.485,4054.707999470202,4006.039001059596,V50 realtime loss proxy | variant=proxy_hardened_no_worst_hours | Side=SELL | score=85.0 | opposite_score=4.0 | session=LONDON | RR=2.00,V50 realtime loss proxy,4.0,85.0,85.0,2.0,0.01,-16.222999470202012,-16.222999470202012,0.08,0.0,0.0,0.08,-16.30299947020201,1915.6024891156183,1899.2994896454163,1943.0290637996043,43.72957415418796,2.25058775336456,-16.30299947020201,1,1
proxy_hardened_no_worst_hours,proxy_hardened_no_worst_hours-000765,2025-11-21 18:00:00,2025-11-21 20:30:00,XAUUSD,15m,BUY,NEW YORK,4081.005,4065.0628610110234,4112.8892779779535,V50 realtime loss proxy | variant=proxy_hardened_no_worst_hours | Side=BUY | score=78.0 | opposite_score=19.0 | session=NEW YORK | RR=2.00,V50 realtime loss proxy,78.0,19.0,78.0,2.0,0.01,-15.942138988976694,-15.942138988976694,0.08,0.0,0.0,0.08,-16.022138988976693,1899.2994896454163,1883.2773506564397,1943.0290637996043,59.75171314316458,3.0751837044742794,-32.3251384591787,2,2
proxy_hardened_no_worst_hours,proxy_hardened_no_worst_hours-000766,2025-11-24 18:00:00,2025-11-24 18:30:00,XAUUSD,15m,BUY,NEW YORK,4089.825,4079.8177187895467,4109.839562420906,V50 realtime loss proxy | variant=proxy_hardened_no_worst_hours | Side=BUY | score=83.0 | opposite_score=8.0 | session=NEW YORK | RR=2.00,V50 realtime loss proxy,83.0,8.0,83.0,2.0,0.01,20.01456242090626,20.01456242090626,0.08,0.0,0.0,0.08,19.93456242090626,1883.2773506564397,1903.211913077346,1943.0290637996043,39.81715072225825,2.049230835713573,19.93456242090626,1,0
proxy_hardened_no_worst_hours,proxy_hardened_no_worst_hours-000767,2025-11-28 13:45:00,2025-11-28 14:30:00,XAUUSD,15m,BUY,LONDON,4182.385,4170.654293553045,4205.846412893911,V50 realtime loss proxy | variant=proxy_hardened_no_worst_hours | Side=BUY | score=80.0 | opposite_score=4.0 | session=LONDON | RR=2.00,V50 realtime loss proxy,80.0,4.0,80.0,2.0000000000000777,0.01,23.461412893911074,23.461412893911074,0.08,0.0,0.0,0.08,23.381412893911076,1903.211913077346,1926.5933259712572,1943.0290637996043,16.4357378283471,0.8458822430688157,23.381412893911076,1,0
proxy_hardened_no_worst_hours,proxy_hardened_no_worst_hours-000768,2025-12-03 15:00:00,2025-12-03 16:45:00,XAUUSD,15m,BUY,LONDON,4217.455,4202.628508804177,4247.107982391646,V50 realtime loss proxy | variant=proxy_hardened_no_worst_hours | Side=BUY | score=90.0 | opposite_score=4.0 | session=LONDON | RR=2.00,V50 realtime loss proxy,90.0,4.0,90.0,2.0,0.01,-14.82649119582311,-14.82649119582311,0.08,0.0,0.0,0.08,-14.90649119582311,1926.5933259712572,1911.6868347754341,1943.0290637996043,31.342229024170138,1.6130602268439689,-14.90649119582311,1,1
proxy_hardened_no_worst_hours,proxy_hardened_no_worst_hours-000769,2025-12-05 10:15:00,2025-12-05 13:30:00,XAUUSD,15m,BUY,LONDON,4223.895,4217.153726795528,4237.377546408946,V50 realtime loss proxy | variant=proxy_hardened_no_worst_hours | Side=BUY | score=76.0 | opposite_score=4.0 | session=LONDON | RR=2.00,V50 realtime loss proxy,76.0,4.0,76.0,2.000000000000135,0.01,13.482546408945382,13.482546408945382,0.08,0.0,0.0,0.08,13.402546408945382,1911.6868347754341,1925.0893811843796,1943.0290637996043,17.939682615224683,0.923284316712357,13.402546408945382,1,0
proxy_hardened_no_worst_hours,proxy_hardened_no_worst_hours-000770,2025-12-05 14:30:00,2025-12-05 15:30:00,XAUUSD,15m,BUY,LONDON,4235.948,4227.012962252772,4253.818075494458,V50 realtime loss proxy | variant=proxy_hardened_no_worst_hours | Side=BUY | score=80.0 | opposite_score=8.0 | session=LONDON | RR=2.00,V50 realtime loss proxy,80.0,8.0,80.0,2.0000000000001017,0.01,17.870075494457524,17.870075494457524,0.08,0.0,0.0,0.08,17.790075494457525,1925.0893811843796,1942.8794566788372,1943.0290637996043,0.1496071207670866,0.007699685174782153,31.19262190340291,2,0
proxy_hardened_no_worst_hours,proxy_hardened_no_worst_hours-000771,2025-12-09 13:45:00,2025-12-09 14:00:00,XAUUSD,15m,BUY,LONDON,4201.175,4193.326591445126,4216.87181710975,V50 realtime loss proxy | variant=proxy_hardened_no_worst_hours | Side=BUY | score=96.0 | opposite_score=4.0 | session=LONDON | RR=2.00,V50 realtime loss proxy,96.0,4.0,96.0,2.000000000000116,0.01,-7.848408554874368,-7.848408554874368,0.08,0.0,0.0,0.08,-7.928408554874368,1942.8794566788372,1934.951048123963,1943.0290637996043,8.078015675641382,0.41574342999506025,-7.928408554874368,1,1
proxy_hardened_no_worst_hours,proxy_hardened_no_worst_hours-000772,2025-12-09 14:45:00,2025-12-09 15:00:00,XAUUSD,15m,BUY,LONDON,4204.485,4194.863079557065,4223.7288408858685,V50 realtime loss proxy | variant=proxy_hardened_no_worst_hours | Side=BUY | score=80.0 | opposite_score=29.0 | session=LONDON | RR=2.00,V50 realtime loss proxy,80.0,29.0,80.0,2.0,0.01,-9.621920442934424,-9.621920442934424,0.08,0.0,0.0,0.08,-9.701920442934425,1934.951048123963,1925.2491276810285,1943.0290637996043,17.779936118575733,0.9150627980729721,-17.630328997808792,2,2
proxy_hardened_no_worst_hours,proxy_hardened_no_worst_hours-000773,2025-12-16 18:45:00,2025-12-16 19:15:00,XAUUSD,15m,BUY,NEW YORK,4311.165,4298.519719672756,4336.455560654489,V50 realtime loss proxy | variant=proxy_hardened_no_worst_hours | Side=BUY | score=80.0 | opposite_score=8.0 | session=NEW YORK | RR=2.00,V50 realtime loss proxy,80.0,8.0,80.0,2.000000000000072,0.01,-12.645280327244109,-12.645280327244109,0.08,0.0,0.0,0.08,-12.725280327244109,1925.2491276810285,1912.5238473537845,1943.0290637996043,30.50521644581977,1.569982508968067,-12.725280327244109,1,1
proxy_hardened_no_worst_hours,proxy_hardened_no_worst_hours-000774,2025-12-16 19:45:00,2025-12-17 05:15:00,XAUUSD,15m,BUY,NEW YORK,4310.315,4297.7863230313815,4335.372353937236,V50 realtime loss proxy | variant=proxy_hardened_no_worst_hours | Side=BUY | score=80.0 | opposite_score=8.0 | session=NEW YORK | RR=2.00,V50 realtime loss proxy,80.0,8.0,80.0,2.0,0.01,25.057353937236257,25.057353937236257,0.08,0.0,0.0,0.08,24.97735393723626,1912.5238473537845,1937.5012012910208,1943.0290637996043,5.527862508583439,0.2844971602109581,12.25207360999215,2,0
proxy_hardened_no_worst_hours,proxy_hardened_no_worst_hours-000775,2025-12-17 13:00:00,2025-12-17 13:45:00,XAUUSD,15m,BUY,LONDON,4323.075,4314.18676552692,4340.85146894616,V50 realtime loss proxy | variant=proxy_hardened_no_worst_hours | Side=BUY | score=76.0 | opposite_score=4.0 | session=LONDON | RR=2.00,V50 realtime loss proxy,76.0,4.0,76.0,2.0,0.01,17.776468946160094,17.776468946160094,0.08,0.0,0.0,0.08,17.696468946160095,1937.5012012910208,1955.197670237181,1955.197670237181,0.0,0.0,17.696468946160095,1,0
proxy_hardened_no_worst_hours,proxy_hardened_no_worst_hours-000776,2025-12-17 14:00:00,2025-12-18 13:00:00,XAUUSD,15m,BUY,LONDON,4327.325,4315.795678342731,4350.383643314538,V50 realtime loss proxy | variant=proxy_hardened_no_worst_hours | Side=BUY | score=94.0 | opposite_score=15.0 | session=LONDON | RR=2.00,V50 realtime loss proxy,94.0,15.0,94.0,2.0,0.01,-11.529321657269065,-11.529321657269065,0.08,0.0,0.0,0.08,-11.609321657269065,1955.197670237181,1943.588348579912,1955.197670237181,11.609321657268993,0.5937671588909315,6.08714728889103,2,1
proxy_hardened_no_worst_hours,proxy_hardened_no_worst_hours-000777,2025-12-18 18:00:00,2025-12-19 01:00:00,XAUUSD,15m,BUY,NEW YORK,4339.145,4320.208562336624,4377.017875326754,V50 realtime loss proxy | variant=proxy_hardened_no_worst_hours | Side=BUY | score=72.0 | opposite_score=8.0 | session=NEW YORK | RR=2.00,V50 realtime loss proxy,72.0,8.0,72.0,2.0,0.01,-18.936437663376637,-18.936437663376637,0.08,0.0,0.0,0.08,-19.016437663376635,1943.588348579912,1924.5719109165354,1955.197670237181,30.625759320645557,1.5663766271228428,-19.016437663376635,1,1
proxy_hardened_no_worst_hours,proxy_hardened_no_worst_hours-000778,2025-12-19 18:30:00,2025-12-22 00:30:00,XAUUSD,15m,BUY,NEW YORK,4344.698,4334.392625506994,4365.3087489860145,V50 realtime loss proxy | variant=proxy_hardened_no_worst_hours | Side=BUY | score=94.0 | opposite_score=8.0 | session=NEW YORK | RR=2.00,V50 realtime loss proxy,94.0,8.0,94.0,2.0000000000000884,0.01,20.610748986014187,20.610748986014187,0.08,0.0,0.0,0.08,20.53074898601419,1924.5719109165354,1945.1026599025497,1955.197670237181,10.095010334631297,0.5163166102487576,20.53074898601419,1,0
proxy_hardened_no_worst_hours,proxy_hardened_no_worst_hours-000779,2025-12-22 15:15:00,2025-12-22 16:15:00,XAUUSD,15m,BUY,LONDON,4417.845,4407.065494482672,4439.404011034657,V50 realtime loss proxy | variant=proxy_hardened_no_worst_hours | Side=BUY | score=74.0 | opposite_score=4.0 | session=LONDON | RR=2.00,V50 realtime loss proxy,74.0,4.0,74.0,2.0,0.01,21.559011034656578,21.559011034656578,0.08,0.0,0.0,0.08,21.47901103465658,1945.1026599025497,1966.5816709372064,1966.5816709372064,0.0,0.0,21.47901103465658,1,0
proxy_hardened_no_worst_hours,proxy_hardened_no_worst_hours-000780,2025-12-22 18:45:00,2025-12-22 23:15:00,XAUUSD,15m,BUY,NEW YORK,4435.105,4425.168620912968,4454.977758174062,V50 realtime loss proxy | variant=proxy_hardened_no_worst_hours | Side=BUY | score=100.0 | opposite_score=8.0 | session=NEW YORK | RR=2.00,V50 realtime loss proxy,100.0,8.0,100.0,2.0,0.01,19.872758174062255,19.872758174062255,0.08,0.0,0.0,0.08,19.792758174062257,1966.5816709372064,1986.3744291112687,1986.3744291112687,0.0,0.0,41.27176920871884,2,0
proxy_hardened_no_worst_hours,proxy_hardened_no_worst_hours-000781,2025-12-23 10:00:00,2025-12-23 13:45:00,XAUUSD,15m,BUY,LONDON,4484.355,4475.541758566388,4501.981482867223,V50 realtime loss proxy | variant=proxy_hardened_no_worst_hours | Side=BUY | score=96.0 | opposite_score=4.0 | session=LONDON | RR=2.00,V50 realtime loss proxy,96.0,4.0,96.0,2.000000000000103,0.01,-8.813241433611438,-8.813241433611438,0.08,0.0,0.0,0.08,-8.893241433611438,1986.3744291112687,1977.4811876776573,1986.3744291112687,8.893241433611365,0.44771223910641683,-8.893241433611438,1,1
proxy_hardened_no_worst_hours,proxy_hardened_no_worst_hours-000782,2025-12-23 21:30:00,2025-12-23 23:45:00,XAUUSD,15m,BUY,NEW YORK,4488.959,4478.635167634859,4509.606664730282,V50 realtime loss proxy | variant=proxy_hardened_no_worst_hours | Side=BUY | score=100.0 | opposite_score=8.0 | session=NEW YORK | RR=2.00,V50 realtime loss proxy,100.0,8.0,100.0,2.0,0.01,20.647664730282486,20.647664730282486,0.08,0.0,0.0,0.08,20.567664730282488,1977.4811876776573,1998.0488524079399,1998.0488524079399,0.0,0.0,11.67442329667105,2,0
proxy_hardened_no_worst_hours,proxy_hardened_no_worst_hours-000783,2025-12-26 10:45:00,2025-12-26 11:00:00,XAUUSD,15m,BUY,LONDON,4513.865,4504.8619245492,4531.871150901599,V50 realtime loss proxy | variant=proxy_hardened_no_worst_hours | Side=BUY | score=96.0 | opposite_score=4.0 | session=LONDON | RR=2.00,V50 realtime loss proxy,96.0,4.0,96.0,2.0,0.01,-9.00307545079977,-9.00307545079977,0.08,0.0,0.0,0.08,-9.08307545079977,1998.0488524079399,1988.9657769571402,1998.0488524079399,9.083075450799697,0.45459726572016834,-9.08307545079977,1,1
proxy_hardened_no_worst_hours,proxy_hardened_no_worst_hours-000784,2025-12-31 10:15:00,2025-12-31 13:45:00,XAUUSD,15m,SELL,LONDON,4319.415,4337.540271046837,4283.164457906326,V50 realtime loss proxy | variant=proxy_hardened_no_worst_hours | Side=SELL | score=75.0 | opposite_score=4.0 | session=LONDON | RR=2.00,V50 realtime loss proxy,4.0,75.0,75.0,2.0,0.01,-18.125271046837042,-18.125271046837042,0.08,0.0,0.0,0.08,-18.20527104683704,1988.9657769571402,1970.7605059103032,1998.0488524079399,27.288346497636667,1.36574971451525,-18.20527104683704,1,1
proxy_hardened_no_worst_hours,proxy_hardened_no_worst_hours-000785,2026-01-05 14:00:00,2026-01-05 15:00:00,XAUUSD,15m,BUY,LONDON,4426.025,4412.176217016285,4453.72256596743,V50 realtime loss proxy | variant=proxy_hardened_no_worst_hours | Side=BUY | score=78.0 | opposite_score=8.0 | session=LONDON | RR=2.00,V50 realtime loss proxy,78.0,8.0,78.0,2.0,0.01,27.69756596742991,27.69756596742991,0.08,0.0,0.0,0.08,27.61756596742991,1970.7605059103032,1998.3780718777332,1998.3780718777332,0.0,0.0,27.61756596742991,1,0
proxy_hardened_no_worst_hours,proxy_hardened_no_worst_hours-000786,2026-01-05 18:30:00,2026-01-06 01:00:00,XAUUSD,15m,BUY,NEW YORK,4443.285,4429.359080578973,4471.136838842055,V50 realtime loss proxy | variant=proxy_hardened_no_worst_hours | Side=BUY | score=100.0 | opposite_score=8.0 | session=NEW YORK | RR=2.00,V50 realtime loss proxy,100.0,8.0,100.0,2.0000000000000653,0.01,-13.925919421027174,-13.925919421027174,0.08,0.0,0.0,0.08,-14.005919421027174,1998.3780718777332,1984.372152456706,1998.3780718777332,14.005919421027102,0.7008643468483788,13.611646546402737,2,1
proxy_hardened_no_worst_hours,proxy_hardened_no_worst_hours-000787,2026-01-06 15:30:00,2026-01-07 01:45:00,XAUUSD,15m,BUY,LONDON,4475.258,4461.033709274682,4503.706581450636,V50 realtime loss proxy | variant=proxy_hardened_no_worst_hours | Side=BUY | score=96.0 | opposite_score=4.0 | session=LONDON | RR=2.00,V50 realtime loss proxy,96.0,4.0,96.0,2.000000000000064,0.01,-14.224290725317587,-14.224290725317587,0.08,0.0,0.0,0.08,-14.304290725317587,1984.372152456706,1970.0678617313886,1998.3780718777332,28.310210146344616,1.416659367150858,-14.304290725317587,1,1
proxy_hardened_no_worst_hours,proxy_hardened_no_worst_hours-000788,2026-01-08 13:00:00,2026-01-08 13:15:00,XAUUSD,15m,SELL,LONDON,4420.425,4432.008569622472,4397.257860755056,V50 realtime loss proxy | variant=proxy_hardened_no_worst_hours | Side=SELL | score=79.0 | opposite_score=26.0 | session=LONDON | RR=2.00,V50 realtime loss proxy,26.0,79.0,79.0,2.0,0.01,-11.583569622472169,-11.583569622472169,0.08,0.0,0.0,0.08,-11.663569622472169,1970.0678617313886,1958.4042921089165,1998.3780718777332,39.97377976881671,2.000311168909905,-11.663569622472169,1,1
proxy_hardened_no_worst_hours,proxy_hardened_no_worst_hours-000789,2026-01-08 13:45:00,2026-01-08 14:45:00,XAUUSD,15m,SELL,LONDON,4423.515,4436.489867879217,4397.565264241566,V50 realtime loss proxy | variant=proxy_hardened_no_worst_hours | Side=SELL | score=79.0 | opposite_score=26.0 | session=LONDON | RR=2.00,V50 realtime loss proxy,26.0,79.0,79.0,2.00000000000007,0.01,-12.974867879216617,-12.974867879216617,0.08,0.0,0.0,0.08,-13.054867879216618,1958.4042921089165,1945.3494242297,1998.3780718777332,53.02864764803326,2.6535843439377826,-24.718437501688786,2,2
proxy_hardened_no_worst_hours,proxy_hardened_no_worst_hours-000790,2026-01-09 14:30:00,2026-01-09 15:30:00,XAUUSD,15m,BUY,LONDON,4487.515,4473.0591888128765,4516.426622374248,V50 realtime loss proxy | variant=proxy_hardened_no_worst_hours | Side=BUY | score=80.0 | opposite_score=15.0 | session=LONDON | RR=2.00,V50 realtime loss proxy,80.0,15.0,80.0,2.0,0.01,28.9116223742476,28.9116223742476,0.08,0.0,0.0,0.08,28.8316223742476,1945.3494242297,1974.1810466039476,1998.3780718777332,24.197025273785584,1.2108332059032938,28.8316223742476,1,0
proxy_hardened_no_worst_hours,proxy_hardened_no_worst_hours-000791,2026-01-09 18:30:00,2026-01-11 23:15:00,XAUUSD,15m,BUY,NEW YORK,4502.085,4486.8692373771455,4532.516525245709,V50 realtime loss proxy | variant=proxy_hardened_no_worst_hours | Side=BUY | score=94.0 | opposite_score=8.0 | session=NEW YORK | RR=2.00,V50 realtime loss proxy,94.0,8.0,94.0,2.0,0.01,30.431525245709054,30.431525245709054,0.08,0.0,0.0,0.08,30.351525245709055,1974.1810466039476,2004.5325718496567,2004.5325718496567,0.0,0.0,59.18314761995666,2,0
proxy_hardened_no_worst_hours,proxy_hardened_no_worst_hours-000792,2026-01-12 14:00:00,2026-01-12 15:30:00,XAUUSD,15m,BUY,LONDON,4596.295,4582.156937840267,4624.5711243194655,V50 realtime loss proxy | variant=proxy_hardened_no_worst_hours | Side=BUY | score=100.0 | opposite_score=8.0 | session=LONDON | RR=2.00,V50 realtime loss proxy,100.0,8.0,100.0,2.0,0.02,28.276124319465453,56.552248638930905,0.16,0.0,0.0,0.16,56.39224863893091,2004.5325718496567,2060.9248204885876,2060.9248204885876,0.0,0.0,56.39224863893091,1,0
proxy_hardened_no_worst_hours,proxy_hardened_no_worst_hours-000793,2026-01-12 18:45:00,2026-01-12 20:30:00,XAUUSD,15m,BUY,NEW YORK,4610.655,4596.54329059377,4638.87841881246,V50 realtime loss proxy | variant=proxy_hardened_no_worst_hours | Side=BUY | score=78.0 | opposite_score=8.0 | session=NEW YORK | RR=2.00,V50 realtime loss proxy,78.0,8.0,78.0,2.0,0.02,-14.111709406230148,-28.223418812460295,0.16,0.0,0.0,0.16,-28.383418812460295,2060.9248204885876,2032.5414016761272,2060.9248204885876,28.383418812460377,1.3772175738914854,28.008829826470613,2,1
proxy_hardened_no_worst_hours,proxy_hardened_no_worst_hours-000794,2026-01-13 13:15:00,2026-01-13 14:15:00,XAUUSD,15m,BUY,LONDON,4600.155,4589.2776067387995,4621.909786522401,V50 realtime loss proxy | variant=proxy_hardened_no_worst_hours | Side=BUY | score=75.0 | opposite_score=11.0 | session=LONDON | RR=2.00,V50 realtime loss proxy,75.0,11.0,75.0,2.0000000000000835,0.02,21.754786522401446,43.50957304480289,0.16,0.0,0.0,0.16,43.349573044802895,2032.5414016761272,2075.89097472093,2075.89097472093,0.0,0.0,43.349573044802895,1,0
proxy_hardened_no_worst_hours,proxy_hardened_no_worst_hours-000795,2026-01-13 15:15:00,2026-01-13 17:45:00,XAUUSD,15m,BUY,LONDON,4608.405,4592.407827481718,4640.399345036563,V50 realtime loss proxy | variant=proxy_hardened_no_worst_hours | Side=BUY | score=96.0 | opposite_score=4.0 | session=LONDON | RR=2.00,V50 realtime loss proxy,96.0,4.0,96.0,2.000000000000057,0.02,-15.997172518281332,-31.994345036562663,0.16,0.0,0.0,0.16,-32.15434503656266,2075.89097472093,2043.7366296843672,2075.89097472093,32.154345036562745,1.548941896666099,11.195228008240235,2,1
proxy_hardened_no_worst_hours,proxy_hardened_no_worst_hours-000796,2026-01-14 19:15:00,2026-01-14 21:15:00,XAUUSD,15m,BUY,NEW YORK,4634.825,4621.137490717995,4662.200018564009,V50 realtime loss proxy | variant=proxy_hardened_no_worst_hours | Side=BUY | score=80.0 | opposite_score=8.0 | session=NEW YORK | RR=2.00,V50 realtime loss proxy,80.0,8.0,80.0,2.0,0.02,-13.687509282004612,-27.375018564009224,0.16,0.0,0.0,0.16,-27.535018564009224,2043.7366296843672,2016.201611120358,2075.89097472093,59.68936360057205,2.875361198031911,-27.535018564009224,1,1
proxy_hardened_no_worst_hours,proxy_hardened_no_worst_hours-000797,2026-01-20 13:30:00,2026-01-20 14:15:00,XAUUSD,15m,BUY,LONDON,4729.515,4719.1869304323,4750.171139135402,V50 realtime loss proxy | variant=proxy_hardened_no_worst_hours | Side=BUY | score=81.0 | opposite_score=4.0 | session=LONDON | RR=2.00,V50 realtime loss proxy,81.0,4.0,81.0,2.000000000000088,0.02,20.656139135401645,41.31227827080329,0.16,0.0,0.0,0.16,41.15227827080329,2016.201611120358,2057.3538893911614,2075.89097472093,18.537085329768615,0.892970081545859,41.15227827080329,1,0
proxy_hardened_no_worst_hours,proxy_hardened_no_worst_hours-000798,2026-01-20 15:30:00,2026-01-20 18:00:00,XAUUSD,15m,BUY,LONDON,4732.535,4717.102935608865,4763.39912878227,V50 realtime loss proxy | variant=proxy_hardened_no_worst_hours | Side=BUY | score=74.0 | opposite_score=4.0 | session=LONDON | RR=2.00,V50 realtime loss proxy,74.0,4.0,74.0,2.0,0.02,30.8641287822702,61.7282575645404,0.16,0.0,0.0,0.16,61.5682575645404,2057.3538893911614,2118.922146955702,2118.922146955702,0.0,0.0,102.7205358353437,2,0
proxy_hardened_no_worst_hours,proxy_hardened_no_worst_hours-000799,2026-01-21 13:00:00,2026-01-21 14:00:00,XAUUSD,15m,BUY,LONDON,4869.055,4854.256862928981,4898.65127414204,V50 realtime loss proxy | variant=proxy_hardened_no_worst_hours | Side=BUY | score=96.0 | opposite_score=4.0 | session=LONDON | RR=2.00,V50 realtime loss proxy,96.0,4.0,96.0,2.0000000000000613,0.02,-14.798137071019482,-29.596274142038965,0.16,0.0,0.0,0.16,-29.756274142038965,2118.922146955702,2089.165872813663,2118.922146955702,29.75627414203882,1.4043118188551786,-29.756274142038965,1,1
proxy_hardened_no_worst_hours,proxy_hardened_no_worst_hours-000800,2026-01-22 10:30:00,2026-01-22 13:30:00,XAUUSD,15m,BUY,LONDON,4828.145,4815.450027628765,4853.534944742471,V50 realtime loss proxy | variant=proxy_hardened_no_worst_hours | Side=BUY | score=76.0 | opposite_score=4.0 | session=LONDON | RR=2.00,V50 realtime loss proxy,76.0,4.0,76.0,2.0000000000000715,0.02,-12.694972371235053,-25.389944742470107,0.16,0.0,0.0,0.16,-25.549944742470107,2089.165872813663,2063.615928071193,2118.922146955702,55.30621888450878,2.610110945509175,-25.549944742470107,1,1
proxy_hardened_no_worst_hours,proxy_hardened_no_worst_hours-000801,2026-01-23 14:30:00,2026-01-23 16:15:00,XAUUSD,15m,BUY,LONDON,4946.515,4930.208406652434,4979.128186695134,V50 realtime loss proxy | variant=proxy_hardened_no_worst_hours | Side=BUY | score=78.0 | opposite_score=8.0 | session=LONDON | RR=2.00,V50 realtime loss proxy,78.0,8.0,78.0,2.000000000000056,0.02,32.61318669513366,65.22637339026733,0.16,0.0,0.0,0.16,65.06637339026733,2063.615928071193,2128.6823014614606,2128.6823014614606,0.0,0.0,65.06637339026733,1,0
proxy_hardened_no_worst_hours,proxy_hardened_no_worst_hours-000802,2026-01-23 18:45:00,2026-01-25 23:00:00,XAUUSD,15m,BUY,NEW YORK,4966.375,4947.984789296954,5003.155421406093,V50 realtime loss proxy | variant=proxy_hardened_no_worst_hours | Side=BUY | score=78.0 | opposite_score=8.0 | session=NEW YORK | RR=2.00,V50 realtime loss proxy,78.0,8.0,78.0,2.0000000000000493,0.02,36.78042140609341,73.56084281218682,0.16,0.0,0.0,0.16,73.40084281218682,2128.6823014614606,2202.0831442736476,2202.0831442736476,0.0,0.0,138.46721620245415,2,0
proxy_hardened_no_worst_hours,proxy_hardened_no_worst_hours-000803,2026-01-26 10:00:00,2026-01-26 13:00:00,XAUUSD,15m,BUY,LONDON,5089.065,5070.500122225446,5126.194755549107,V50 realtime loss proxy | variant=proxy_hardened_no_worst_hours | Side=BUY | score=74.0 | opposite_score=4.0 | session=LONDON | RR=2.00,V50 realtime loss proxy,74.0,4.0,74.0,2.0,0.02,-18.56487777455368,-37.12975554910736,0.16,0.0,0.0,0.16,-37.289755549107355,2202.0831442736476,2164.7933887245404,2202.0831442736476,37.28975554910721,1.6933854494130447,-37.289755549107355,1,1
proxy_hardened_no_worst_hours,proxy_hardened_no_worst_hours-000804,2026-01-26 14:45:00,2026-01-26 15:30:00,XAUUSD,15m,BUY,LONDON,5095.898,5077.041933667123,5133.6101326657545,V50 realtime loss proxy | variant=proxy_hardened_no_worst_hours | Side=BUY | score=78.0 | opposite_score=8.0 | session=LONDON | RR=2.00,V50 realtime loss proxy,78.0,8.0,78.0,2.0,0.02,-18.856066332877162,-37.712132665754325,0.16,0.0,0.0,0.16,-37.87213266575432,2164.7933887245404,2126.921256058786,2202.0831442736476,75.16188821486139,3.41321754404752,-75.16188821486168,2,2
proxy_hardened_no_worst_hours,proxy_hardened_no_worst_hours-000805,2026-01-28 15:15:00,2026-01-28 19:45:00,XAUUSD,15m,BUY,LONDON,5269.045,5238.515912967368,5330.103174065263,V50 realtime loss proxy | variant=proxy_hardened_no_worst_hours | Side=BUY | score=74.0 | opposite_score=4.0 | session=LONDON | RR=2.00,V50 realtime loss proxy,74.0,4.0,74.0,2.0,0.02,61.0581740652633,122.1163481305266,0.16,0.0,0.0,0.16,121.9563481305266,2126.921256058786,2248.877604189313,2248.877604189313,0.0,0.0,121.9563481305266,1,0
proxy_hardened_no_worst_hours,proxy_hardened_no_worst_hours-000806,2026-01-29 14:15:00,2026-01-29 14:30:00,XAUUSD,15m,BUY,LONDON,5543.298,5509.185848541335,5611.522302917329,V50 realtime loss proxy | variant=proxy_hardened_no_worst_hours | Side=BUY | score=78.0 | opposite_score=8.0 | session=LONDON | RR=2.00,V50 realtime loss proxy,78.0,8.0,78.0,2.0,0.02,-34.11215145866481,-68.22430291732962,0.16,0.0,0.0,0.16,-68.38430291732962,2248.877604189313,2180.4933012719835,2248.877604189313,68.38430291732948,3.0408192420049915,-68.38430291732962,1,1
proxy_hardened_no_worst_hours,proxy_hardened_no_worst_hours-000807,2026-01-30 14:45:00,2026-01-30 17:30:00,XAUUSD,15m,SELL,LONDON,5031.825,5107.4365426644,4880.6019146712,V50 realtime loss proxy | variant=proxy_hardened_no_worst_hours | Side=SELL | score=78.0 | opposite_score=30.0 | session=LONDON | RR=2.00,V50 realtime loss proxy,30.0,78.0,78.0,2.0,0.02,151.22308532880015,302.4461706576003,0.16,0.0,0.0,0.16,302.2861706576003,2180.4933012719835,2482.779471929584,2482.779471929584,0.0,0.0,302.2861706576003,1,0
proxy_hardened_no_worst_hours,proxy_hardened_no_worst_hours-000808,2026-02-03 18:00:00,2026-02-03 18:30:00,XAUUSD,15m,BUY,NEW YORK,4942.718,4897.9828741902475,5032.1882516195055,V50 realtime loss proxy | variant=proxy_hardened_no_worst_hours | Side=BUY | score=72.0 | opposite_score=19.0 | session=NEW YORK | RR=2.00,V50 realtime loss proxy,72.0,19.0,72.0,2.0000000000000204,0.02,-44.73512580975239,-89.47025161950478,0.16,0.0,0.0,0.16,-89.63025161950478,2482.779471929584,2393.1492203100793,2482.779471929584,89.63025161950463,3.61007703796766,-89.63025161950478,1,1
proxy_hardened_no_worst_hours,proxy_hardened_no_worst_hours-000809,2026-02-05 10:15:00,2026-02-05 21:30:00,XAUUSD,15m,SELL,LONDON,4861.045,4906.566464449437,4770.002071101125,V50 realtime loss proxy | variant=proxy_hardened_no_worst_hours | Side=SELL | score=85.0 | opposite_score=4.0 | session=LONDON | RR=2.00,V50 realtime loss proxy,4.0,85.0,85.0,2.00000000000002,0.02,91.04292889887529,182.08585779775058,0.16,0.0,0.0,0.16,181.92585779775058,2393.1492203100793,2575.07507810783,2575.07507810783,0.0,0.0,181.92585779775058,1,0
proxy_hardened_no_worst_hours,proxy_hardened_no_worst_hours-000810,2026-02-06 14:15:00,2026-02-08 23:00:00,XAUUSD,15m,BUY,LONDON,4904.855,4871.81544757979,4970.9341048404185,V50 realtime loss proxy | variant=proxy_hardened_no_worst_hours | Side=BUY | score=72.0 | opposite_score=19.0 | session=LONDON | RR=2.00,V50 realtime loss proxy,72.0,19.0,72.0,2.0,0.02,66.07910484041895,132.1582096808379,0.16,0.0,0.0,0.16,131.9982096808379,2575.07507810783,2707.073287788668,2707.073287788668,0.0,0.0,131.9982096808379,1,0
proxy_hardened_no_worst_hours,proxy_hardened_no_worst_hours-000811,2026-02-09 18:00:00,2026-02-09 23:00:00,XAUUSD,15m,BUY,NEW YORK,5058.095,5036.853489676011,5100.578020647979,V50 realtime loss proxy | variant=proxy_hardened_no_worst_hours | Side=BUY | score=100.0 | opposite_score=8.0 | session=NEW YORK | RR=2.00,V50 realtime loss proxy,100.0,8.0,100.0,2.0000000000000426,0.02,-21.241510323989132,-42.483020647978265,0.16,0.0,0.0,0.16,-42.64302064797826,2707.073287788668,2664.43026714069,2707.073287788668,42.64302064797812,1.5752444102764578,-42.64302064797826,1,1
proxy_hardened_no_worst_hours,proxy_hardened_no_worst_hours-000812,2026-02-10 10:00:00,2026-02-10 12:45:00,XAUUSD,15m,BUY,LONDON,5040.985,5021.819914599436,5079.315170801127,V50 realtime loss proxy | variant=proxy_hardened_no_worst_hours | Side=BUY | score=76.0 | opposite_score=4.0 | session=LONDON | RR=2.00,V50 realtime loss proxy,76.0,4.0,76.0,2.0,0.02,-19.16508540056384,-38.33017080112768,0.16,0.0,0.0,0.16,-38.490170801127675,2664.43026714069,2625.9400963395624,2707.073287788668,81.13319144910565,2.9970814538006496,-38.490170801127675,1,1
proxy_hardened_no_worst_hours,proxy_hardened_no_worst_hours-000813,2026-02-10 13:30:00,2026-02-10 14:45:00,XAUUSD,15m,BUY,LONDON,5052.675,5032.067956129035,5093.889087741931,V50 realtime loss proxy | variant=proxy_hardened_no_worst_hours | Side=BUY | score=76.0 | opposite_score=4.0 | session=LONDON | RR=2.00,V50 realtime loss proxy,76.0,4.0,76.0,2.000000000000044,0.02,-20.607043870964844,-41.21408774192969,0.16,0.0,0.0,0.16,-41.374087741929685,2625.9400963395624,2584.566008597633,2707.073287788668,122.5072791910352,4.525451148428565,-79.86425854305736,2,2
proxy_hardened_no_worst_hours,proxy_hardened_no_worst_hours-000814,2026-02-11 18:30:00,2026-02-11 23:00:00,XAUUSD,15m,BUY,NEW YORK,5083.255,5056.231458410574,5137.302083178852,V50 realtime loss proxy | variant=proxy_hardened_no_worst_hours | Side=BUY | score=72.0 | opposite_score=8.0 | session=NEW YORK | RR=2.00,V50 realtime loss proxy,72.0,8.0,72.0,2.0,0.02,-27.023541589425804,-54.04708317885161,0.16,0.0,0.0,0.16,-54.207083178851605,2584.566008597633,2530.3589254187814,2707.073287788668,176.71436236988666,6.527875073313573,-54.207083178851605,1,1
proxy_hardened_no_worst_hours,proxy_hardened_no_worst_hours-000815,2026-02-13 19:45:00,2026-02-16 00:00:00,XAUUSD,15m,BUY,NEW YORK,5023.285,5000.907809704266,5068.039380591469,V50 realtime loss proxy | variant=proxy_hardened_no_worst_hours | Side=BUY | score=89.0 | opposite_score=8.0 | session=NEW YORK | RR=2.00,V50 realtime loss proxy,89.0,8.0,89.0,2.000000000000041,0.02,-22.37719029573418,-44.75438059146836,0.16,0.0,0.0,0.16,-44.91438059146836,2530.3589254187814,2485.444544827313,2707.073287788668,221.62874296135487,8.187024117932069,-44.91438059146836,1,1
proxy_hardened_no_worst_hours,proxy_hardened_no_worst_hours-000816,2026-02-17 13:15:00,2026-02-17 13:45:00,XAUUSD,15m,SELL,LONDON,4918.775,4936.276497547765,4883.772004904468,V50 realtime loss proxy | variant=proxy_hardened_no_worst_hours | Side=SELL | score=85.0 | opposite_score=4.0 | session=LONDON | RR=2.00,V50 realtime loss proxy,4.0,85.0,85.0,2.000000000000052,0.02,35.00299509553133,70.00599019106266,0.16,0.0,0.0,0.16,69.84599019106267,2485.444544827313,2555.290535018376,2707.073287788668,151.78275277029206,5.606894850426422,69.84599019106267,1,0
proxy_hardened_no_worst_hours,proxy_hardened_no_worst_hours-000817,2026-02-18 19:00:00,2026-02-18 19:15:00,XAUUSD,15m,BUY,NEW YORK,4991.795,4978.042051817755,5019.30089636449,V50 realtime loss proxy | variant=proxy_hardened_no_worst_hours | Side=BUY | score=89.0 | opposite_score=8.0 | session=NEW YORK | RR=2.00,V50 realtime loss proxy,89.0,8.0,89.0,2.0,0.02,-13.752948182244836,-27.505896364489672,0.16,0.0,0.0,0.16,-27.665896364489672,2555.290535018376,2527.6246386538864,2707.073287788668,179.4486491347816,6.628880346322951,-27.665896364489672,1,1
proxy_hardened_no_worst_hours,proxy_hardened_no_worst_hours-000818,2026-02-19 13:45:00,2026-02-19 14:00:00,XAUUSD,15m,BUY,LONDON,4996.815,4982.194623966188,5026.055752067623,V50 realtime loss proxy | variant=proxy_hardened_no_worst_hours | Side=BUY | score=74.0 | opposite_score=4.0 | session=LONDON | RR=2.00,V50 realtime loss proxy,74.0,4.0,74.0,2.000000000000062,0.02,-14.620376033811226,-29.240752067622452,0.16,0.0,0.0,0.16,-29.400752067622452,2527.6246386538864,2498.223886586264,2707.073287788668,208.8494012024039,7.714951868665776,-29.400752067622452,1,1
proxy_hardened_no_worst_hours,proxy_hardened_no_worst_hours-000819,2026-02-19 14:45:00,2026-02-19 17:45:00,XAUUSD,15m,BUY,LONDON,5005.138,4985.467656734129,5044.478686531742,V50 realtime loss proxy | variant=proxy_hardened_no_worst_hours | Side=BUY | score=80.0 | opposite_score=8.0 | session=LONDON | RR=2.00,V50 realtime loss proxy,80.0,8.0,80.0,2.000000000000046,0.02,-19.670343265870542,-39.340686531741085,0.16,0.0,0.0,0.16,-39.50068653174108,2498.223886586264,2458.723200054523,2707.073287788668,248.35008773414484,9.174117629338916,-68.90143859936353,2,2
proxy_hardened_no_worst_hours,proxy_hardened_no_worst_hours-000820,2026-02-20 13:30:00,2026-02-20 14:45:00,XAUUSD,15m,BUY,LONDON,5030.775,5016.404383602857,5059.516232794285,V50 realtime loss proxy | variant=proxy_hardened_no_worst_hours | Side=BUY | score=74.0 | opposite_score=4.0 | session=LONDON | RR=2.00,V50 realtime loss proxy,74.0,4.0,74.0,2.0,0.02,28.74123279428568,57.48246558857136,0.16,0.0,0.0,0.16,57.32246558857136,2458.723200054523,2516.0456656430947,2707.073287788668,191.02762214557333,7.056610657985489,57.32246558857136,1,0
proxy_hardened_no_worst_hours,proxy_hardened_no_worst_hours-000821,2026-02-20 15:30:00,2026-02-20 20:45:00,XAUUSD,15m,BUY,LONDON,5044.765,5018.707402106443,5096.880195787116,V50 realtime loss proxy | variant=proxy_hardened_no_worst_hours | Side=BUY | score=74.0 | opposite_score=4.0 | session=LONDON | RR=2.00,V50 realtime loss proxy,74.0,4.0,74.0,2.0,0.02,52.115195787115226,104.23039157423045,0.16,0.0,0.0,0.16,104.07039157423046,2516.0456656430947,2620.1160572173253,2707.073287788668,86.95723057134273,3.212222992395439,161.39285716280182,2,0
proxy_hardened_no_worst_hours,proxy_hardened_no_worst_hours-000822,2026-02-27 18:00:00,2026-02-27 21:30:00,XAUUSD,15m,BUY,NEW YORK,5233.295,5214.025998889871,5271.833002220259,V50 realtime loss proxy | variant=proxy_hardened_no_worst_hours | Side=BUY | score=100.0 | opposite_score=8.0 | session=NEW YORK | RR=2.00,V50 realtime loss proxy,100.0,8.0,100.0,2.0,0.02,38.53800222025893,77.07600444051786,0.16,0.0,0.0,0.16,76.91600444051787,2620.1160572173253,2697.0320616578433,2707.073287788668,10.041226130824725,0.3709255370410426,76.91600444051787,1,0
proxy_hardened_no_worst_hours,proxy_hardened_no_worst_hours-000823,2026-03-02 13:15:00,2026-03-02 14:00:00,XAUUSD,15m,BUY,LONDON,5401.285,5378.223368223877,5447.408263552246,V50 realtime loss proxy | variant=proxy_hardened_no_worst_hours | Side=BUY | score=96.0 | opposite_score=4.0 | session=LONDON | RR=2.00,V50 realtime loss proxy,96.0,4.0,96.0,2.0,0.02,-23.06163177612325,-46.1232635522465,0.16,0.0,0.0,0.16,-46.283263552246495,2697.0320616578433,2650.748798105597,2707.073287788668,56.32448968307108,2.08064147864578,-46.283263552246495,1,1
proxy_hardened_no_worst_hours,proxy_hardened_no_worst_hours-000824,2026-03-06 13:15:00,2026-03-06 13:30:00,XAUUSD,15m,SELL,LONDON,5082.138,5102.680031727077,5041.053936545845,V50 realtime loss proxy | variant=proxy_hardened_no_worst_hours | Side=SELL | score=85.0 | opposite_score=4.0 | session=LONDON | RR=2.00,V50 realtime loss proxy,4.0,85.0,85.0,2.0,0.02,-20.5420317270773,-41.0840634541546,0.16,0.0,0.0,0.16,-41.2440634541546,2650.748798105597,2609.5047346514425,2707.073287788668,97.56855313722554,3.6042080418490086,-41.2440634541546,1,1
proxy_hardened_no_worst_hours,proxy_hardened_no_worst_hours-000825,2026-03-10 14:00:00,2026-03-10 15:30:00,XAUUSD,15m,BUY,LONDON,5195.035,5174.392737024318,5236.319525951363,V50 realtime loss proxy | variant=proxy_hardened_no_worst_hours | Side=BUY | score=80.0 | opposite_score=8.0 | session=LONDON | RR=2.00,V50 realtime loss proxy,80.0,8.0,80.0,2.0,0.02,41.28452595136332,82.56905190272664,0.16,0.0,0.0,0.16,82.40905190272665,2609.5047346514425,2691.9137865541693,2707.073287788668,15.159501234498748,0.5599959669685234,82.40905190272665,1,0
proxy_hardened_no_worst_hours,proxy_hardened_no_worst_hours-000826,2026-03-12 10:15:00,2026-03-12 12:00:00,XAUUSD,15m,BUY,LONDON,5180.125,5168.492896773562,5203.389206452875,V50 realtime loss proxy | variant=proxy_hardened_no_worst_hours | Side=BUY | score=85.0 | opposite_score=4.0 | session=LONDON | RR=2.00,V50 realtime loss proxy,85.0,4.0,85.0,2.0,0.02,-11.63210322643772,-23.26420645287544,0.16,0.0,0.0,0.16,-23.424206452875442,2691.9137865541693,2668.489580101294,2707.073287788668,38.583707687374044,1.4252923207295947,-23.424206452875442,1,1
proxy_hardened_no_worst_hours,proxy_hardened_no_worst_hours-000827,2026-03-13 10:15:00,2026-03-13 11:45:00,XAUUSD,15m,SELL,LONDON,5089.065,5104.478601293191,5058.237797413616,V50 realtime loss proxy | variant=proxy_hardened_no_worst_hours | Side=SELL | score=85.0 | opposite_score=4.0 | session=LONDON | RR=2.00,V50 realtime loss proxy,4.0,85.0,85.0,2.000000000000059,0.02,-15.413601293191277,-30.827202586382555,0.16,0.0,0.0,0.16,-30.987202586382555,2668.489580101294,2637.5023775149116,2707.073287788668,69.57091027375645,2.569967742934177,-30.987202586382555,1,1
proxy_hardened_no_worst_hours,proxy_hardened_no_worst_hours-000828,2026-03-13 14:00:00,2026-03-13 14:45:00,XAUUSD,15m,SELL,LONDON,5090.635,5108.085673987064,5055.733652025871,V50 realtime loss proxy | variant=proxy_hardened_no_worst_hours | Side=SELL | score=89.0 | opposite_score=8.0 | session=LONDON | RR=2.00,V50 realtime loss proxy,8.0,89.0,89.0,2.000000000000052,0.02,34.90134797412884,69.80269594825768,0.16,0.0,0.0,0.16,69.64269594825768,2637.5023775149116,2707.1450734631694,2707.1450734631694,0.0,0.0,38.65549336187513,2,0
proxy_hardened_no_worst_hours,proxy_hardened_no_worst_hours-000829,2026-03-16 15:00:00,2026-03-16 18:45:00,XAUUSD,15m,SELL,LONDON,4998.295,5017.617432489465,4959.650135021071,V50 realtime loss proxy | variant=proxy_hardened_no_worst_hours | Side=SELL | score=85.0 | opposite_score=4.0 | session=LONDON | RR=2.00,V50 realtime loss proxy,4.0,85.0,85.0,2.0,0.02,-19.322432489464518,-38.644864978929036,0.16,0.0,0.0,0.16,-38.80486497892903,2707.1450734631694,2668.3402084842405,2707.1450734631694,38.80486497892889,1.4334239180350608,-38.80486497892903,1,1
proxy_hardened_no_worst_hours,proxy_hardened_no_worst_hours-000830,2026-03-18 10:00:00,2026-03-18 10:30:00,XAUUSD,15m,SELL,LONDON,4988.725,5000.52001194249,4965.134976115021,V50 realtime loss proxy | variant=proxy_hardened_no_worst_hours | Side=SELL | score=79.0 | opposite_score=4.0 | session=LONDON | RR=2.00,V50 realtime loss proxy,4.0,79.0,79.0,2.0,0.02,23.59002388497902,47.18004776995804,0.16,0.0,0.0,0.16,47.02004776995804,2668.3402084842405,2715.3602562541987,2715.3602562541987,0.0,0.0,47.02004776995804,1,0
proxy_hardened_no_worst_hours,proxy_hardened_no_worst_hours-000831,2026-03-19 15:15:00,2026-03-19 19:00:00,XAUUSD,15m,SELL,LONDON,4602.935,4660.191288248421,4488.422423503159,V50 realtime loss proxy | variant=proxy_hardened_no_worst_hours | Side=SELL | score=96.0 | opposite_score=4.0 | session=LONDON | RR=2.00,V50 realtime loss proxy,4.0,96.0,96.0,2.0,0.02,-57.25628824842079,-114.51257649684158,0.16,0.0,0.0,0.16,-114.67257649684157,2715.3602562541987,2600.6876797573573,2715.3602562541987,114.67257649684143,4.223107273987674,-114.67257649684157,1,1
proxy_hardened_no_worst_hours,proxy_hardened_no_worst_hours-000832,2026-03-20 13:00:00,2026-03-20 14:00:00,XAUUSD,15m,SELL,LONDON,4661.805,4689.329578585818,4606.755842828365,V50 realtime loss proxy | variant=proxy_hardened_no_worst_hours | Side=SELL | score=96.0 | opposite_score=4.0 | session=LONDON | RR=2.00,V50 realtime loss proxy,4.0,96.0,96.0,2.0,0.02,55.04915717163567,110.09831434327134,0.16,0.0,0.0,0.16,109.93831434327134,2600.6876797573573,2710.6259941006288,2715.3602562541987,4.734262153569944,0.17435116179025142,109.93831434327134,1,0
proxy_hardened_no_worst_hours,proxy_hardened_no_worst_hours-000833,2026-03-23 10:00:00,2026-03-23 11:00:00,XAUUSD,15m,SELL,LONDON,4263.445,4331.3050118680385,4127.724976263922,V50 realtime loss proxy | variant=proxy_hardened_no_worst_hours | Side=SELL | score=96.0 | opposite_score=4.0 | session=LONDON | RR=2.00,V50 realtime loss proxy,4.0,96.0,96.0,2.0,0.02,-67.86001186803878,-135.72002373607756,0.16,0.0,0.0,0.16,-135.88002373607756,2710.6259941006288,2574.7459703645513,2715.3602562541987,140.61428588964736,5.178476246964843,-135.88002373607756,1,1
proxy_hardened_no_worst_hours,proxy_hardened_no_worst_hours-000834,2026-03-24 13:00:00,2026-03-24 14:30:00,XAUUSD,15m,SELL,LONDON,4377.765,4416.802913996335,4299.689172007331,V50 realtime loss proxy | variant=proxy_hardened_no_worst_hours | Side=SELL | score=75.0 | opposite_score=4.0 | session=LONDON | RR=2.00,V50 realtime loss proxy,4.0,75.0,75.0,2.000000000000023,0.02,-39.03791399633428,-78.07582799266856,0.16,0.0,0.0,0.16,-78.23582799266856,2574.7459703645513,2496.510142371883,2715.3602562541987,218.85011388231578,8.059708223917825,-78.23582799266856,1,1
proxy_hardened_no_worst_hours,proxy_hardened_no_worst_hours-000835,2026-03-26 10:45:00,2026-03-26 14:30:00,XAUUSD,15m,SELL,LONDON,4442.898,4469.611153628879,4389.471692742241,V50 realtime loss proxy | variant=proxy_hardened_no_worst_hours | Side=SELL | score=96.0 | opposite_score=4.0 | session=LONDON | RR=2.00,V50 realtime loss proxy,4.0,96.0,96.0,2.000000000000034,0.02,-26.7131536288789,-53.4263072577578,0.16,0.0,0.0,0.16,-53.586307257757795,2496.510142371883,2442.9238351141253,2715.3602562541987,272.43642114007343,10.033159339081424,-53.586307257757795,1,1
proxy_hardened_no_worst_hours,proxy_hardened_no_worst_hours-000836,2026-03-26 15:30:00,2026-03-26 16:30:00,XAUUSD,15m,SELL,LONDON,4439.895,4468.179027249294,4383.3269455014115,V50 realtime loss proxy | variant=proxy_hardened_no_worst_hours | Side=SELL | score=96.0 | opposite_score=4.0 | session=LONDON | RR=2.00,V50 realtime loss proxy,4.0,96.0,96.0,2.000000000000032,0.02,56.568054498588936,113.13610899717787,0.16,0.0,0.0,0.16,112.97610899717787,2442.9238351141253,2555.8999441113033,2715.3602562541987,159.46031214289542,5.872528765773006,59.38980173942008,2,0
proxy_hardened_no_worst_hours,proxy_hardened_no_worst_hours-000837,2026-03-27 13:00:00,2026-03-27 14:00:00,XAUUSD,15m,SELL,LONDON,4428.255,4446.885483050659,4390.994033898683,V50 realtime loss proxy | variant=proxy_hardened_no_worst_hours | Side=SELL | score=96.0 | opposite_score=4.0 | session=LONDON | RR=2.00,V50 realtime loss proxy,4.0,96.0,96.0,2.0,0.02,-18.630483050658768,-37.260966101317536,0.16,0.0,0.0,0.16,-37.42096610131753,2555.8999441113033,2518.478978009986,2715.3602562541987,196.8812782442128,7.25065036179795,-37.42096610131753,1,1
proxy_hardened_no_worst_hours,proxy_hardened_no_worst_hours-000838,2026-03-27 18:00:00,2026-03-29 22:00:00,XAUUSD,15m,BUY,NEW YORK,4498.225,4471.2727223709835,4552.129555258034,V50 realtime loss proxy | variant=proxy_hardened_no_worst_hours | Side=BUY | score=72.0 | opposite_score=30.0 | session=NEW YORK | RR=2.00,V50 realtime loss proxy,72.0,30.0,72.0,2.0,0.02,-26.952277629016862,-53.904555258033724,0.16,0.0,0.0,0.16,-54.06455525803372,2518.478978009986,2464.4144227519523,2715.3602562541987,250.9458335022464,9.241714167549269,-91.48552135935125,2,2
proxy_hardened_no_worst_hours,proxy_hardened_no_worst_hours-000839,2026-04-01 10:00:00,2026-04-01 11:30:00,XAUUSD,15m,BUY,LONDON,4715.525,4695.1766925236925,4756.221614952615,V50 realtime loss proxy | variant=proxy_hardened_no_worst_hours | Side=BUY | score=85.0 | opposite_score=4.0 | session=LONDON | RR=2.00,V50 realtime loss proxy,85.0,4.0,85.0,2.000000000000045,0.02,40.696614952615164,81.39322990523033,0.16,0.0,0.0,0.16,81.23322990523033,2464.4144227519523,2545.647652657183,2715.3602562541987,169.7126035970159,6.250095294210871,81.23322990523033,1,0
proxy_hardened_no_worst_hours,proxy_hardened_no_worst_hours-000840,2026-04-01 13:00:00,2026-04-01 15:30:00,XAUUSD,15m,BUY,LONDON,4731.505,4708.2281552324275,4778.058689535146,V50 realtime loss proxy | variant=proxy_hardened_no_worst_hours | Side=BUY | score=85.0 | opposite_score=4.0 | session=LONDON | RR=2.00,V50 realtime loss proxy,85.0,4.0,85.0,2.000000000000039,0.02,46.55368953514608,93.10737907029215,0.16,0.0,0.0,0.16,92.94737907029216,2545.647652657183,2638.595031727475,2715.3602562541987,76.76522452672361,2.8270732898116497,174.1806089755225,2,0
proxy_hardened_no_worst_hours,proxy_hardened_no_worst_hours-000841,2026-04-09 18:15:00,2026-04-09 20:30:00,XAUUSD,15m,BUY,NEW YORK,4781.875,4764.214439672785,4817.196120654429,V50 realtime loss proxy | variant=proxy_hardened_no_worst_hours | Side=BUY | score=89.0 | opposite_score=8.0 | session=NEW YORK | RR=2.00,V50 realtime loss proxy,89.0,8.0,89.0,2.0,0.02,-17.660560327214625,-35.32112065442925,0.16,0.0,0.0,0.16,-35.48112065442925,2638.595031727475,2603.113911073046,2715.3602562541987,112.24634518115272,4.133755177517218,-35.48112065442925,1,1
proxy_hardened_no_worst_hours,proxy_hardened_no_worst_hours-000842,2026-04-14 10:15:00,2026-04-14 10:30:00,XAUUSD,15m,BUY,LONDON,4783.745,4770.672977491603,4809.889045016795,V50 realtime loss proxy | variant=proxy_hardened_no_worst_hours | Side=BUY | score=85.0 | opposite_score=4.0 | session=LONDON | RR=2.00,V50 realtime loss proxy,85.0,4.0,85.0,2.0000000000000697,0.02,-13.072022508396913,-26.144045016793825,0.16,0.0,0.0,0.16,-26.304045016793825,2603.113911073046,2576.8098660562523,2715.3602562541987,138.5503901979464,5.102468075049265,-26.304045016793825,1,1
proxy_hardened_no_worst_hours,proxy_hardened_no_worst_hours-000843,2026-04-14 15:00:00,2026-04-14 17:00:00,XAUUSD,15m,BUY,LONDON,4794.375,4776.757137359547,4829.610725280905,V50 realtime loss proxy | variant=proxy_hardened_no_worst_hours | Side=BUY | score=85.0 | opposite_score=4.0 | session=LONDON | RR=2.00,V50 realtime loss proxy,85.0,4.0,85.0,2.0,0.02,35.23572528090517,70.47145056181034,0.16,0.0,0.0,0.16,70.31145056181035,2576.8098660562523,2647.121316618063,2715.3602562541987,68.23893963613591,2.5130713126909567,44.007405545016525,2,0
proxy_hardened_no_worst_hours,proxy_hardened_no_worst_hours-000844,2026-04-15 14:30:00,2026-04-15 15:00:00,XAUUSD,15m,BUY,LONDON,4819.075,4805.442516389914,4846.339967220171,V50 realtime loss proxy | variant=proxy_hardened_no_worst_hours | Side=BUY | score=89.0 | opposite_score=8.0 | session=LONDON | RR=2.00,V50 realtime loss proxy,89.0,8.0,89.0,2.0,0.02,-13.632483610085728,-27.264967220171457,0.16,0.0,0.0,0.16,-27.424967220171457,2647.121316618063,2619.6963493978915,2715.3602562541987,95.66390685630722,3.523065001631652,-27.424967220171457,1,1
proxy_hardened_no_worst_hours,proxy_hardened_no_worst_hours-000845,2026-04-17 18:45:00,2026-04-17 20:30:00,XAUUSD,15m,BUY,NEW YORK,4857.858,4841.0511865142025,4891.4716269715955,V50 realtime loss proxy | variant=proxy_hardened_no_worst_hours | Side=BUY | score=89.0 | opposite_score=8.0 | session=NEW YORK | RR=2.00,V50 realtime loss proxy,89.0,8.0,89.0,2.0,0.02,-16.806813485797647,-33.613626971595295,0.16,0.0,0.0,0.16,-33.77362697159529,2619.6963493978915,2585.9227224262963,2715.3602562541987,129.43753382790237,4.766864121612343,-33.77362697159529,1,1
proxy_hardened_no_worst_hours,proxy_hardened_no_worst_hours-000846,2026-04-20 13:00:00,2026-04-20 14:45:00,XAUUSD,15m,BUY,LONDON,4815.315,4801.143872233507,4843.657255532986,V50 realtime loss proxy | variant=proxy_hardened_no_worst_hours | Side=BUY | score=85.0 | opposite_score=4.0 | session=LONDON | RR=2.00,V50 realtime loss proxy,85.0,4.0,85.0,2.0000000000000644,0.02,-14.171127766492646,-28.34225553298529,0.16,0.0,0.0,0.16,-28.50225553298529,2585.9227224262963,2557.420466893311,2715.3602562541987,157.93978936088752,5.816531673729483,-28.50225553298529,1,1
proxy_hardened_no_worst_hours,proxy_hardened_no_worst_hours-000847,2026-04-21 10:15:00,2026-04-21 11:30:00,XAUUSD,15m,SELL,LONDON,4782.715,4793.809061098043,4760.526877803914,V50 realtime loss proxy | variant=proxy_hardened_no_worst_hours | Side=SELL | score=79.0 | opposite_score=4.0 | session=LONDON | RR=2.00,V50 realtime loss proxy,4.0,79.0,79.0,2.000000000000082,0.02,-11.094061098042403,-22.188122196084805,0.16,0.0,0.0,0.16,-22.348122196084805,2557.420466893311,2535.0723446972265,2715.3602562541987,180.28791155697218,6.639557721363898,-22.348122196084805,1,1
proxy_hardened_no_worst_hours,proxy_hardened_no_worst_hours-000848,2026-04-21 14:00:00,2026-04-21 14:30:00,XAUUSD,15m,SELL,LONDON,4778.325,4795.310680770992,4744.353638458016,V50 realtime loss proxy | variant=proxy_hardened_no_worst_hours | Side=SELL | score=78.0 | opposite_score=19.0 | session=LONDON | RR=2.00,V50 realtime loss proxy,19.0,78.0,78.0,2.0,0.02,33.97136154198415,67.9427230839683,0.16,0.0,0.0,0.16,67.7827230839683,2535.0723446972265,2602.855067781195,2715.3602562541987,112.50518847300373,4.14328773553617,45.434600887883505,2,0
proxy_hardened_no_worst_hours,proxy_hardened_no_worst_hours-000849,2026-04-22 10:00:00,2026-04-22 10:30:00,XAUUSD,15m,SELL,LONDON,4748.395,4758.506125150183,4728.1727496996355,V50 realtime loss proxy | variant=proxy_hardened_no_worst_hours | Side=SELL | score=79.0 | opposite_score=4.0 | session=LONDON | RR=2.00,V50 realtime loss proxy,4.0,79.0,79.0,2.0,0.02,-10.111125150182488,-20.222250300364976,0.16,0.0,0.0,0.16,-20.382250300364976,2602.855067781195,2582.47281748083,2715.3602562541987,132.88743877336856,4.893915585134361,-20.382250300364976,1,1
proxy_hardened_no_worst_hours,proxy_hardened_no_worst_hours-000850,2026-04-22 13:15:00,2026-04-22 15:30:00,XAUUSD,15m,SELL,LONDON,4749.798,4761.565866487129,4726.2622670257415,V50 realtime loss proxy | variant=proxy_hardened_no_worst_hours | Side=SELL | score=96.0 | opposite_score=11.0 | session=LONDON | RR=2.00,V50 realtime loss proxy,11.0,96.0,96.0,2.0,0.02,23.53573297425828,47.07146594851656,0.16,0.0,0.0,0.16,46.911465948516565,2582.47281748083,2629.384283429347,2715.3602562541987,85.97597282485185,3.166282360759544,26.529215648151588,2,0
proxy_hardened_no_worst_hours,proxy_hardened_no_worst_hours-000851,2026-04-23 10:45:00,2026-04-23 11:45:00,XAUUSD,15m,SELL,LONDON,4696.425,4710.082386463059,4669.110227073882,V50 realtime loss proxy | variant=proxy_hardened_no_worst_hours | Side=SELL | score=90.0 | opposite_score=4.0 | session=LONDON | RR=2.00,V50 realtime loss proxy,4.0,90.0,90.0,2.0,0.02,-13.657386463059083,-27.314772926118167,0.16,0.0,0.0,0.16,-27.474772926118167,2629.384283429347,2601.909510503229,2715.3602562541987,113.45074575096987,4.178110270622933,-27.474772926118167,1,1
proxy_hardened_no_worst_hours,proxy_hardened_no_worst_hours-000852,2026-04-24 18:00:00,2026-04-24 20:00:00,XAUUSD,15m,BUY,NEW YORK,4723.615,4709.823289484086,4751.198421031829,V50 realtime loss proxy | variant=proxy_hardened_no_worst_hours | Side=BUY | score=72.0 | opposite_score=30.0 | session=NEW YORK | RR=2.00,V50 realtime loss proxy,72.0,30.0,72.0,2.0000000000000657,0.02,-13.79171051591402,-27.58342103182804,0.16,0.0,0.0,0.16,-27.74342103182804,2601.909510503229,2574.166089471401,2715.3602562541987,141.19416678279777,5.19983182554101,-27.74342103182804,1,1
proxy_hardened_no_worst_hours,proxy_hardened_no_worst_hours-000853,2026-04-27 14:30:00,2026-04-27 15:00:00,XAUUSD,15m,SELL,LONDON,4693.315,4705.4764310548635,4668.992137890272,V50 realtime loss proxy | variant=proxy_hardened_no_worst_hours | Side=SELL | score=80.0 | opposite_score=15.0 | session=LONDON | RR=2.00,V50 realtime loss proxy,15.0,80.0,80.0,2.0,0.02,24.322862109727794,48.64572421945559,0.16,0.0,0.0,0.16,48.48572421945559,2574.166089471401,2622.6518136908567,2715.3602562541987,92.70844256334203,3.4142225640155766,48.48572421945559,1,0
proxy_hardened_no_worst_hours,proxy_hardened_no_worst_hours-000854,2026-04-29 10:15:00,2026-04-29 12:45:00,XAUUSD,15m,SELL,LONDON,4571.655,4585.017974425431,4544.929051149136,V50 realtime loss proxy | variant=proxy_hardened_no_worst_hours | Side=SELL | score=96.0 | opposite_score=4.0 | session=LONDON | RR=2.00,V50 realtime loss proxy,4.0,96.0,96.0,2.000000000000068,0.02,26.72594885086346,53.45189770172692,0.16,0.0,0.0,0.16,53.291897701726924,2622.6518136908567,2675.9437113925837,2715.3602562541987,39.416544861614966,1.4516138243840078,53.291897701726924,1,0
proxy_hardened_no_worst_hours,proxy_hardened_no_worst_hours-000855,2026-04-29 15:15:00,2026-04-29 16:00:00,XAUUSD,15m,SELL,LONDON,4543.435,4560.314757021882,4509.675485956238,V50 realtime loss proxy | variant=proxy_hardened_no_worst_hours | Side=SELL | score=96.0 | opposite_score=4.0 | session=LONDON | RR=2.00,V50 realtime loss proxy,4.0,96.0,96.0,2.0,0.02,-16.879757021881233,-33.759514043762465,0.16,0.0,0.0,0.16,-33.91951404376246,2675.9437113925837,2642.0241973488214,2715.3602562541987,73.33605890537729,2.700785604284543,19.372383657964463,2,1
proxy_hardened_no_worst_hours,proxy_hardened_no_worst_hours-000856,2026-05-01 19:00:00,2026-05-01 19:30:00,XAUUSD,15m,BUY,NEW YORK,4626.085,4611.190253436353,4655.874493127295,V50 realtime loss proxy | variant=proxy_hardened_no_worst_hours | Side=BUY | score=72.0 | opposite_score=30.0 | session=NEW YORK | RR=2.00,V50 realtime loss proxy,72.0,30.0,72.0,2.0,0.02,-14.894746563647459,-29.789493127294918,0.16,0.0,0.0,0.16,-29.949493127294918,2642.0241973488214,2612.0747042215266,2715.3602562541987,103.28555203267206,3.8037513363016155,-29.949493127294918,1,1
proxy_hardened_no_worst_hours,proxy_hardened_no_worst_hours-000857,2026-05-03 22:30:00,2026-05-03 23:00:00,XAUUSD,15m,BUY,NEW YORK,4627.895,4613.445628016467,4656.793743967068,V50 realtime loss proxy | variant=proxy_hardened_no_worst_hours | Side=BUY | score=72.0 | opposite_score=30.0 | session=NEW YORK | RR=2.00,V50 realtime loss proxy,72.0,30.0,72.0,2.0,0.02,-14.449371983533638,-28.898743967067276,0.16,0.0,0.0,0.16,-29.058743967067276,2612.0747042215266,2583.0159602544595,2715.3602562541987,132.3442959997392,4.873912980604138,-29.058743967067276,1,1
proxy_hardened_no_worst_hours,proxy_hardened_no_worst_hours-000858,2026-05-04 13:00:00,2026-05-04 15:15:00,XAUUSD,15m,SELL,LONDON,4565.865,4583.1312594269975,4531.332481146004,V50 realtime loss proxy | variant=proxy_hardened_no_worst_hours | Side=SELL | score=86.0 | opposite_score=4.0 | session=LONDON | RR=2.00,V50 realtime loss proxy,4.0,86.0,86.0,2.0,0.02,34.5325188539955,69.065037707991,0.16,0.0,0.0,0.16,68.905037707991,2583.0159602544595,2651.9209979624507,2715.3602562541987,63.43925829174805,2.336310923960477,68.905037707991,1,0
proxy_hardened_no_worst_hours,proxy_hardened_no_worst_hours-000859,2026-05-06 19:00:00,2026-05-07 01:45:00,XAUUSD,15m,BUY,NEW YORK,4695.005,4682.275003659402,4720.464992681197,V50 realtime loss proxy | variant=proxy_hardened_no_worst_hours | Side=BUY | score=89.0 | opposite_score=8.0 | session=NEW YORK | RR=2.00,V50 realtime loss proxy,89.0,8.0,89.0,2.0,0.02,25.459992681197036,50.91998536239407,0.16,0.0,0.0,0.16,50.759985362394076,2651.9209979624507,2702.680983324845,2715.3602562541987,12.679272929353829,0.4669462514283356,50.759985362394076,1,0
proxy_hardened_no_worst_hours,proxy_hardened_no_worst_hours-000860,2026-05-07 10:15:00,2026-05-07 14:45:00,XAUUSD,15m,BUY,LONDON,4732.275,4718.043101355343,4760.738797289312,V50 realtime loss proxy | variant=proxy_hardened_no_worst_hours | Side=BUY | score=85.0 | opposite_score=4.0 | session=LONDON | RR=2.00,V50 realtime loss proxy,85.0,4.0,85.0,2.0,0.02,28.463797289312424,56.92759457862485,0.16,0.0,0.0,0.16,56.76759457862485,2702.680983324845,2759.44857790347,2759.44857790347,0.0,0.0,56.76759457862485,1,0
proxy_hardened_no_worst_hours_high_margin,proxy_hardened_no_worst_hours_high_margin-000001,2022-02-16 19:30:00,2022-02-17 04:00:00,XAUUSD,15m,BUY,NEW YORK,1866.378,1861.9854949982157,1875.1630100035684,V50 realtime loss proxy | variant=proxy_hardened_no_worst_hours | Side=BUY | score=100.0 | opposite_score=8.0 | session=NEW YORK | RR=2.00,V50 realtime loss proxy,100.0,8.0,100.0,2.0,0.01,8.785010003568459,8.785010003568459,0.08,0.0,0.0,0.08,8.705010003568459,1000.0,1008.7050100035684,1008.7050100035684,0.0,0.0,8.705010003568459,1,0
proxy_hardened_no_worst_hours_high_margin,proxy_hardened_no_worst_hours_high_margin-000002,2022-02-18 14:30:00,2022-02-18 14:45:00,XAUUSD,15m,BUY,LONDON,1897.426,1893.436082999742,1905.4058340005158,V50 realtime loss proxy | variant=proxy_hardened_no_worst_hours | Side=BUY | score=100.0 | opposite_score=8.0 | session=LONDON | RR=2.00,V50 realtime loss proxy,100.0,8.0,100.0,2.0,0.01,-3.9899170002579467,-3.9899170002579467,0.08,0.0,0.0,0.08,-4.069917000257947,1008.7050100035684,1004.6350930033104,1008.7050100035684,4.069917000257988,0.40347940774514346,-4.069917000257947,1,1
proxy_hardened_no_worst_hours_high_margin,proxy_hardened_no_worst_hours_high_margin-000003,2022-02-18 18:00:00,2022-02-20 23:00:00,XAUUSD,15m,BUY,NEW YORK,1897.198,1893.2528671239334,1905.0882657521336,V50 realtime loss proxy | variant=proxy_hardened_no_worst_hours | Side=BUY | score=100.0 | opposite_score=8.0 | session=NEW YORK | RR=2.00,V50 realtime loss proxy,100.0,8.0,100.0,2.0,0.01,7.890265752133473,7.890265752133473,0.08,0.0,0.0,0.08,7.810265752133473,1004.6350930033104,1012.4453587554439,1012.4453587554439,0.0,0.0,3.7403487518755263,2,0
proxy_hardened_no_worst_hours_high_margin,proxy_hardened_no_worst_hours_high_margin-000004,2022-02-23 19:30:00,2022-02-24 00:30:00,XAUUSD,15m,BUY,NEW YORK,1906.848,1903.5981270810526,1913.3477458378948,V50 realtime loss proxy | variant=proxy_hardened_no_worst_hours | Side=BUY | score=100.0 | opposite_score=8.0 | session=NEW YORK | RR=2.00,V50 realtime loss proxy,100.0,8.0,100.0,2.0,0.01,6.499745837894807,6.499745837894807,0.08,0.0,0.0,0.08,6.419745837894807,1012.4453587554439,1018.8651045933386,1018.8651045933386,0.0,0.0,6.419745837894807,1,0
proxy_hardened_no_worst_hours_high_margin,proxy_hardened_no_worst_hours_high_margin-000005,2022-02-28 14:45:00,2022-02-28 16:00:00,XAUUSD,15m,BUY,LONDON,1910.358,1903.727914603618,1923.6181707927637,V50 realtime loss proxy | variant=proxy_hardened_no_worst_hours | Side=BUY | score=100.0 | opposite_score=8.0 | session=LONDON | RR=2.00,V50 realtime loss proxy,100.0,8.0,100.0,2.0,0.01,-6.630085396381901,-6.630085396381901,0.08,0.0,0.0,0.08,-6.710085396381901,1018.8651045933386,1012.1550191969567,1018.8651045933386,6.710085396381942,0.6585842783437116,-6.710085396381901,1,1
proxy_hardened_no_worst_hours_high_margin,proxy_hardened_no_worst_hours_high_margin-000006,2022-02-28 21:15:00,2022-03-01 01:30:00,XAUUSD,15m,BUY,NEW YORK,1908.113,1903.1989629851096,1917.941074029781,V50 realtime loss proxy | variant=proxy_hardened_no_worst_hours | Side=BUY | score=94.0 | opposite_score=8.0 | session=NEW YORK | RR=2.00,V50 realtime loss proxy,94.0,8.0,94.0,2.0,0.01,-4.914037014890482,-4.914037014890482,0.08,0.0,0.0,0.08,-4.994037014890482,1012.1550191969567,1007.1609821820662,1018.8651045933386,11.704122411272465,1.1487411197524477,-11.704122411272383,2,2
proxy_hardened_no_worst_hours_high_margin,proxy_hardened_no_worst_hours_high_margin-000007,2022-03-01 15:00:00,2022-03-01 16:45:00,XAUUSD,15m,BUY,LONDON,1920.268,1913.9659379131558,1932.8721241736887,V50 realtime loss proxy | variant=proxy_hardened_no_worst_hours | Side=BUY | score=90.0 | opposite_score=4.0 | session=LONDON | RR=2.00,V50 realtime loss proxy,90.0,4.0,90.0,2.000000000000036,0.01,12.60412417368866,12.60412417368866,0.08,0.0,0.0,0.08,12.52412417368866,1007.1609821820662,1019.6851063557548,1019.6851063557548,0.0,0.0,12.52412417368866,1,0
proxy_hardened_no_worst_hours_high_margin,proxy_hardened_no_worst_hours_high_margin-000008,2022-03-03 21:45:00,2022-03-04 00:15:00,XAUUSD,15m,BUY,NEW YORK,1935.438,1931.5238616066272,1943.2662767867462,V50 realtime loss proxy | variant=proxy_hardened_no_worst_hours | Side=BUY | score=80.0 | opposite_score=8.0 | session=NEW YORK | RR=2.00,V50 realtime loss proxy,80.0,8.0,80.0,2.000000000000058,0.01,7.828276786746073,7.828276786746073,0.08,0.0,0.0,0.08,7.748276786746073,1019.6851063557548,1027.4333831425008,1027.4333831425008,0.0,0.0,7.748276786746073,1,0
proxy_hardened_no_worst_hours_high_margin,proxy_hardened_no_worst_hours_high_margin-000009,2022-03-04 15:00:00,2022-03-04 19:30:00,XAUUSD,15m,BUY,LONDON,1955.258,1948.0894837079952,1969.59503258401,V50 realtime loss proxy | variant=proxy_hardened_no_worst_hours | Side=BUY | score=90.0 | opposite_score=4.0 | session=LONDON | RR=2.00,V50 realtime loss proxy,90.0,4.0,90.0,2.0000000000000315,0.01,14.337032584009876,14.337032584009876,0.08,0.0,0.0,0.08,14.257032584009876,1027.4333831425008,1041.6904157265108,1041.6904157265108,0.0,0.0,14.257032584009876,1,0
proxy_hardened_no_worst_hours_high_margin,proxy_hardened_no_worst_hours_high_margin-000010,2022-03-08 10:30:00,2022-03-08 14:30:00,XAUUSD,15m,BUY,LONDON,2005.369,1997.7573518849429,2020.5922962301142,V50 realtime loss proxy | variant=proxy_hardened_no_worst_hours | Side=BUY | score=96.0 | opposite_score=4.0 | session=LONDON | RR=2.00,V50 realtime loss proxy,96.0,4.0,96.0,2.0000000000000298,0.01,15.223296230114329,15.223296230114329,0.08,0.0,0.0,0.08,15.143296230114329,1041.6904157265108,1056.8337119566252,1056.8337119566252,0.0,0.0,15.143296230114329,1,0
proxy_hardened_no_worst_hours_high_margin,proxy_hardened_no_worst_hours_high_margin-000011,2022-03-08 18:15:00,2022-03-09 09:45:00,XAUUSD,15m,BUY,NEW YORK,2037.528,2019.133833875832,2074.3163322483365,V50 realtime loss proxy | variant=proxy_hardened_no_worst_hours | Side=BUY | score=100.0 | opposite_score=8.0 | session=NEW YORK | RR=2.00,V50 realtime loss proxy,100.0,8.0,100.0,2.0000000000000124,0.01,-18.394166124168123,-18.394166124168123,0.08,0.0,0.0,0.08,-18.47416612416812,1056.8337119566252,1038.3595458324571,1056.8337119566252,18.47416612416805,1.7480674504567917,-3.3308698940537926,2,1
proxy_hardened_no_worst_hours_high_margin,proxy_hardened_no_worst_hours_high_margin-000012,2022-03-10 14:15:00,2022-03-10 15:00:00,XAUUSD,15m,BUY,LONDON,2001.962,1992.3153895462262,2021.2552209075477,V50 realtime loss proxy | variant=proxy_hardened_no_worst_hours | Side=BUY | score=80.0 | opposite_score=8.0 | session=LONDON | RR=2.00,V50 realtime loss proxy,80.0,8.0,80.0,2.0000000000000235,0.01,-9.646610453773746,-9.646610453773746,0.08,0.0,0.0,0.08,-9.726610453773747,1038.3595458324571,1028.6329353786834,1056.8337119566252,28.200776577941724,2.668421366473134,-9.726610453773747,1,1
proxy_hardened_no_worst_hours_high_margin,proxy_hardened_no_worst_hours_high_margin-000013,2022-03-11 14:30:00,2022-03-11 16:00:00,XAUUSD,15m,SELL,LONDON,1972.588,1983.453992030381,1950.856015939238,V50 realtime loss proxy | variant=proxy_hardened_no_worst_hours | Side=SELL | score=89.0 | opposite_score=30.0 | session=LONDON | RR=2.00,V50 realtime loss proxy,30.0,89.0,89.0,2.0,0.01,-10.865992030380994,-10.865992030380994,0.08,0.0,0.0,0.08,-10.945992030380994,1028.6329353786834,1017.6869433483024,1056.8337119566252,39.14676860832276,3.7041559296822872,-10.945992030380994,1,1
proxy_hardened_no_worst_hours_high_margin,proxy_hardened_no_worst_hours_high_margin-000014,2022-03-14 13:00:00,2022-03-15 01:15:00,XAUUSD,15m,SELL,LONDON,1959.344,1966.344102791374,1945.3437944172517,V50 realtime loss proxy | variant=proxy_hardened_no_worst_hours | Side=SELL | score=85.0 | opposite_score=4.0 | session=LONDON | RR=2.00,V50 realtime loss proxy,4.0,85.0,85.0,2.0000000000000324,0.01,14.000205582748322,14.000205582748322,0.08,0.0,0.0,0.08,13.920205582748322,1017.6869433483024,1031.6071489310507,1056.8337119566252,25.226563025574478,2.3869945422984227,13.920205582748322,1,0
proxy_hardened_no_worst_hours_high_margin,proxy_hardened_no_worst_hours_high_margin-000015,2022-03-15 10:00:00,2022-03-15 13:00:00,XAUUSD,15m,SELL,LONDON,1929.593,1935.7660549131847,1917.2468901736306,V50 realtime loss proxy | variant=proxy_hardened_no_worst_hours | Side=SELL | score=85.0 | opposite_score=4.0 | session=LONDON | RR=2.00,V50 realtime loss proxy,4.0,85.0,85.0,2.000000000000037,0.01,12.346109826369457,12.346109826369457,0.08,0.0,0.0,0.08,12.266109826369457,1031.6071489310507,1043.8732587574202,1056.8337119566252,12.960453199204949,1.2263474426085375,12.266109826369457,1,0
proxy_hardened_no_worst_hours_high_margin,proxy_hardened_no_worst_hours_high_margin-000016,2022-03-15 13:30:00,2022-03-15 14:30:00,XAUUSD,15m,SELL,LONDON,1925.038,1932.936884773812,1909.2402304523762,V50 realtime loss proxy | variant=proxy_hardened_no_worst_hours | Side=SELL | score=85.0 | opposite_score=4.0 | session=LONDON | RR=2.00,V50 realtime loss proxy,4.0,85.0,85.0,2.0,0.01,15.79776954762383,15.79776954762383,0.08,0.0,0.0,0.08,15.71776954762383,1043.8732587574202,1059.5910283050441,1059.5910283050441,0.0,0.0,27.983879373993286,2,0
proxy_hardened_no_worst_hours_high_margin,proxy_hardened_no_worst_hours_high_margin-000017,2022-03-18 10:00:00,2022-03-18 11:00:00,XAUUSD,15m,SELL,LONDON,1933.643,1937.617601025865,1925.69379794827,V50 realtime loss proxy | variant=proxy_hardened_no_worst_hours | Side=SELL | score=85.0 | opposite_score=4.0 | session=LONDON | RR=2.00,V50 realtime loss proxy,4.0,85.0,85.0,2.0,0.01,-3.974601025865013,-3.974601025865013,0.08,0.0,0.0,0.08,-4.054601025865013,1059.5910283050441,1055.5364272791792,1059.5910283050441,4.05460102586494,0.3826571684313721,-4.054601025865013,1,1
proxy_hardened_no_worst_hours_high_margin,proxy_hardened_no_worst_hours_high_margin-000018,2022-03-18 13:00:00,2022-03-18 13:15:00,XAUUSD,15m,SELL,LONDON,1932.318,1937.5494822457467,1921.8550355085065,V50 realtime loss proxy | variant=proxy_hardened_no_worst_hours | Side=SELL | score=85.0 | opposite_score=4.0 | session=LONDON | RR=2.00,V50 realtime loss proxy,4.0,85.0,85.0,2.0,0.01,10.462964491493494,10.462964491493494,0.08,0.0,0.0,0.08,10.382964491493494,1055.5364272791792,1065.9193917706727,1065.9193917706727,0.0,0.0,6.328363465628481,2,0
proxy_hardened_no_worst_hours_high_margin,proxy_hardened_no_worst_hours_high_margin-000019,2022-03-22 10:00:00,2022-03-22 13:45:00,XAUUSD,15m,SELL,LONDON,1927.955,1931.763954209552,1920.337091580896,V50 realtime loss proxy | variant=proxy_hardened_no_worst_hours | Side=SELL | score=79.0 | opposite_score=4.0 | session=LONDON | RR=2.00,V50 realtime loss proxy,4.0,79.0,79.0,2.0,0.01,7.617908419103969,7.617908419103969,0.08,0.0,0.0,0.08,7.537908419103969,1065.9193917706727,1073.4573001897768,1073.4573001897768,0.0,0.0,7.537908419103969,1,0
proxy_hardened_no_worst_hours_high_margin,proxy_hardened_no_worst_hours_high_margin-000020,2022-03-24 10:00:00,2022-03-24 11:30:00,XAUUSD,15m,BUY,LONDON,1942.628,1939.3752517406458,1949.1334965187082,V50 realtime loss proxy | variant=proxy_hardened_no_worst_hours | Side=BUY | score=96.0 | opposite_score=4.0 | session=LONDON | RR=2.00,V50 realtime loss proxy,96.0,4.0,96.0,2.0,0.01,6.505496518708242,6.505496518708242,0.08,0.0,0.0,0.08,6.425496518708242,1073.4573001897768,1079.882796708485,1079.882796708485,0.0,0.0,6.425496518708242,1,0
proxy_hardened_no_worst_hours_high_margin,proxy_hardened_no_worst_hours_high_margin-000021,2022-03-24 13:45:00,2022-03-24 16:15:00,XAUUSD,15m,BUY,LONDON,1953.353,1947.1154985257263,1965.828002948548,V50 realtime loss proxy | variant=proxy_hardened_no_worst_hours | Side=BUY | score=96.0 | opposite_score=4.0 | session=LONDON | RR=2.00,V50 realtime loss proxy,96.0,4.0,96.0,2.0000000000000364,0.01,12.475002948547854,12.475002948547854,0.08,0.0,0.0,0.08,12.395002948547853,1079.882796708485,1092.277799657033,1092.277799657033,0.0,0.0,18.820499467256095,2,0
proxy_hardened_no_worst_hours_high_margin,proxy_hardened_no_worst_hours_high_margin-000022,2022-03-30 18:30:00,2022-03-31 00:30:00,XAUUSD,15m,BUY,NEW YORK,1933.853,1929.7748074103276,1942.009385179345,V50 realtime loss proxy | variant=proxy_hardened_no_worst_hours | Side=BUY | score=83.0 | opposite_score=8.0 | session=NEW YORK | RR=2.00,V50 realtime loss proxy,83.0,8.0,83.0,2.0,0.01,-4.078192589672426,-4.078192589672426,0.08,0.0,0.0,0.08,-4.158192589672426,1092.277799657033,1088.1196070673607,1092.277799657033,4.158192589672353,0.3806900214375861,-4.158192589672426,1,1
proxy_hardened_no_worst_hours_high_margin,proxy_hardened_no_worst_hours_high_margin-000023,2022-03-31 10:00:00,2022-03-31 10:45:00,XAUUSD,15m,SELL,LONDON,1925.078,1928.9415018077068,1917.3509963845863,V50 realtime loss proxy | variant=proxy_hardened_no_worst_hours | Side=SELL | score=79.0 | opposite_score=4.0 | session=LONDON | RR=2.00,V50 realtime loss proxy,4.0,79.0,79.0,2.0,0.01,-3.8635018077068253,-3.8635018077068253,0.08,0.0,0.0,0.08,-3.9435018077068253,1088.1196070673607,1084.176105259654,1092.277799657033,8.101694397379106,0.7417247150791655,-3.9435018077068253,1,1
proxy_hardened_no_worst_hours_high_margin,proxy_hardened_no_worst_hours_high_margin-000024,2022-04-07 18:15:00,2022-04-07 19:15:00,XAUUSD,15m,BUY,NEW YORK,1933.872,1930.2236504373705,1941.1686991252595,V50 realtime loss proxy | variant=proxy_hardened_no_worst_hours | Side=BUY | score=80.0 | opposite_score=8.0 | session=NEW YORK | RR=2.00,V50 realtime loss proxy,80.0,8.0,80.0,2.000000000000062,0.01,-3.648349562629619,-3.648349562629619,0.08,0.0,0.0,0.08,-3.728349562629619,1084.176105259654,1080.4477556970244,1092.277799657033,11.830043960008652,1.08306183314567,-3.728349562629619,1,1
proxy_hardened_no_worst_hours_high_margin,proxy_hardened_no_worst_hours_high_margin-000025,2022-04-11 19:15:00,2022-04-12 12:00:00,XAUUSD,15m,BUY,NEW YORK,1951.822,1947.3993456561018,1960.667308687796,V50 realtime loss proxy | variant=proxy_hardened_no_worst_hours | Side=BUY | score=79.0 | opposite_score=8.0 | session=NEW YORK | RR=2.00,V50 realtime loss proxy,79.0,8.0,79.0,2.0,0.01,8.845308687796205,8.845308687796205,0.08,0.0,0.0,0.08,8.765308687796205,1080.4477556970244,1089.2130643848207,1092.277799657033,3.064735272212374,0.2805820344581459,8.765308687796205,1,0
proxy_hardened_no_worst_hours_high_margin,proxy_hardened_no_worst_hours_high_margin-000026,2022-04-12 19:00:00,2022-04-13 00:15:00,XAUUSD,15m,BUY,NEW YORK,1969.068,1963.8395453871065,1979.5249092257873,V50 realtime loss proxy | variant=proxy_hardened_no_worst_hours | Side=BUY | score=78.0 | opposite_score=8.0 | session=NEW YORK | RR=2.00,V50 realtime loss proxy,78.0,8.0,78.0,2.0000000000000435,0.01,-5.228454612893529,-5.228454612893529,0.08,0.0,0.0,0.08,-5.308454612893529,1089.2130643848207,1083.9046097719272,1092.277799657033,8.37318988510583,0.7665806160058319,-5.308454612893529,1,1
proxy_hardened_no_worst_hours_high_margin,proxy_hardened_no_worst_hours_high_margin-000027,2022-04-18 13:45:00,2022-04-18 14:30:00,XAUUSD,15m,BUY,LONDON,1992.678,1988.8115334917513,2000.4109330164977,V50 realtime loss proxy | variant=proxy_hardened_no_worst_hours | Side=BUY | score=96.0 | opposite_score=4.0 | session=LONDON | RR=2.00,V50 realtime loss proxy,96.0,4.0,96.0,2.0,0.01,-3.8664665082487772,-3.8664665082487772,0.08,0.0,0.0,0.08,-3.9464665082487773,1083.9046097719272,1079.9581432636785,1092.277799657033,12.319656393354535,1.1278867333221287,-3.9464665082487773,1,1
proxy_hardened_no_worst_hours_high_margin,proxy_hardened_no_worst_hours_high_margin-000028,2022-04-21 14:00:00,2022-04-21 17:30:00,XAUUSD,15m,SELL,LONDON,1941.748,1947.0236210544576,1931.1967578910846,V50 realtime loss proxy | variant=proxy_hardened_no_worst_hours | Side=SELL | score=89.0 | opposite_score=8.0 | session=LONDON | RR=2.00,V50 realtime loss proxy,8.0,89.0,89.0,2.000000000000043,0.01,-5.275621054457588,-5.275621054457588,0.08,0.0,0.0,0.08,-5.355621054457588,1079.9581432636785,1074.602522209221,1092.277799657033,17.67527744781205,1.6182034875525213,-5.355621054457588,1,1
proxy_hardened_no_worst_hours_high_margin,proxy_hardened_no_worst_hours_high_margin-000029,2022-04-22 14:30:00,2022-04-25 01:15:00,XAUUSD,15m,SELL,LONDON,1938.358,1944.7668641499097,1925.5402717001805,V50 realtime loss proxy | variant=proxy_hardened_no_worst_hours | Side=SELL | score=83.0 | opposite_score=8.0 | session=LONDON | RR=2.00,V50 realtime loss proxy,8.0,83.0,83.0,2.0,0.01,12.817728299819464,12.817728299819464,0.08,0.0,0.0,0.08,12.737728299819464,1074.602522209221,1087.3402505090405,1092.277799657033,4.937549147992513,0.4520415181506816,12.737728299819464,1,0
proxy_hardened_no_worst_hours_high_margin,proxy_hardened_no_worst_hours_high_margin-000030,2022-04-25 10:00:00,2022-04-25 11:00:00,XAUUSD,15m,SELL,LONDON,1915.153,1919.6422137851425,1906.1745724297148,V50 realtime loss proxy | variant=proxy_hardened_no_worst_hours | Side=SELL | score=85.0 | opposite_score=4.0 | session=LONDON | RR=2.00,V50 realtime loss proxy,4.0,85.0,85.0,2.0000000000000506,0.01,8.978427570285248,8.978427570285248,0.08,0.0,0.0,0.08,8.898427570285248,1087.3402505090405,1096.2386780793258,1096.2386780793258,0.0,0.0,8.898427570285248,1,0
proxy_hardened_no_worst_hours_high_margin,proxy_hardened_no_worst_hours_high_margin-000031,2022-04-27 10:00:00,2022-04-27 11:15:00,XAUUSD,15m,SELL,LONDON,1895.878,1900.807268247606,1886.0194635047876,V50 realtime loss proxy | variant=proxy_hardened_no_worst_hours | Side=SELL | score=96.0 | opposite_score=4.0 | session=LONDON | RR=2.00,V50 realtime loss proxy,4.0,96.0,96.0,2.0,0.01,-4.92926824760616,-4.92926824760616,0.08,0.0,0.0,0.08,-5.00926824760616,1096.2386780793258,1091.2294098317197,1096.2386780793258,5.009268247606087,0.4569505115786115,-5.00926824760616,1,1
proxy_hardened_no_worst_hours_high_margin,proxy_hardened_no_worst_hours_high_margin-000032,2022-04-27 13:00:00,2022-04-27 13:45:00,XAUUSD,15m,SELL,LONDON,1894.498,1900.123493754571,1883.2470124908582,V50 realtime loss proxy | variant=proxy_hardened_no_worst_hours | Side=SELL | score=96.0 | opposite_score=4.0 | session=LONDON | RR=2.00,V50 realtime loss proxy,4.0,96.0,96.0,2.0,0.01,11.25098750914185,11.25098750914185,0.08,0.0,0.0,0.08,11.17098750914185,1091.2294098317197,1102.4003973408617,1102.4003973408617,0.0,0.0,6.161719261535691,2,0
proxy_hardened_no_worst_hours_high_margin,proxy_hardened_no_worst_hours_high_margin-000033,2022-05-03 10:30:00,2022-05-03 11:30:00,XAUUSD,15m,SELL,LONDON,1856.933,1861.0960475890822,1848.6069048218355,V50 realtime loss proxy | variant=proxy_hardened_no_worst_hours | Side=SELL | score=96.0 | opposite_score=4.0 | session=LONDON | RR=2.00,V50 realtime loss proxy,4.0,96.0,96.0,2.0,0.01,-4.163047589082225,-4.163047589082225,0.08,0.0,0.0,0.08,-4.2430475890822255,1102.4003973408617,1098.1573497517795,1102.4003973408617,4.243047589082153,0.3848916962763217,-4.2430475890822255,1,1
proxy_hardened_no_worst_hours_high_margin,proxy_hardened_no_worst_hours_high_margin-000034,2022-05-09 13:30:00,2022-05-09 19:15:00,XAUUSD,15m,SELL,LONDON,1864.058,1869.558012498927,1853.0579750021461,V50 realtime loss proxy | variant=proxy_hardened_no_worst_hours | Side=SELL | score=96.0 | opposite_score=4.0 | session=LONDON | RR=2.00,V50 realtime loss proxy,4.0,96.0,96.0,2.0,0.01,11.00002499785387,11.00002499785387,0.08,0.0,0.0,0.08,10.92002499785387,1098.1573497517795,1109.0773747496335,1109.0773747496335,0.0,0.0,10.92002499785387,1,0
proxy_hardened_no_worst_hours_high_margin,proxy_hardened_no_worst_hours_high_margin-000035,2022-05-10 14:15:00,2022-05-10 14:45:00,XAUUSD,15m,SELL,LONDON,1858.392,1862.9599112295443,1849.2561775409113,V50 realtime loss proxy | variant=proxy_hardened_no_worst_hours | Side=SELL | score=80.0 | opposite_score=8.0 | session=LONDON | RR=2.00,V50 realtime loss proxy,8.0,80.0,80.0,2.0000000000000497,0.01,9.135822459088786,9.135822459088786,0.08,0.0,0.0,0.08,9.055822459088786,1109.0773747496335,1118.1331972087223,1118.1331972087223,0.0,0.0,9.055822459088786,1,0
proxy_hardened_no_worst_hours_high_margin,proxy_hardened_no_worst_hours_high_margin-000036,2022-05-12 14:45:00,2022-05-12 16:45:00,XAUUSD,15m,SELL,LONDON,1842.088,1848.398280029052,1829.4674399418955,V50 realtime loss proxy | variant=proxy_hardened_no_worst_hours | Side=SELL | score=94.0 | opposite_score=8.0 | session=LONDON | RR=2.00,V50 realtime loss proxy,8.0,94.0,94.0,2.000000000000036,0.01,12.620560058104502,12.620560058104502,0.08,0.0,0.0,0.08,12.540560058104502,1118.1331972087223,1130.673757266827,1130.673757266827,0.0,0.0,12.540560058104502,1,0
proxy_hardened_no_worst_hours_high_margin,proxy_hardened_no_worst_hours_high_margin-000037,2022-05-13 15:15:00,2022-05-16 07:30:00,XAUUSD,15m,SELL,LONDON,1811.628,1818.0677705475885,1798.7484589048229,V50 realtime loss proxy | variant=proxy_hardened_no_worst_hours | Side=SELL | score=96.0 | opposite_score=4.0 | session=LONDON | RR=2.00,V50 realtime loss proxy,4.0,96.0,96.0,2.0,0.01,12.879541095177046,12.879541095177046,0.08,0.0,0.0,0.08,12.799541095177046,1130.673757266827,1143.473298362004,1143.473298362004,0.0,0.0,12.799541095177046,1,0
proxy_hardened_no_worst_hours_high_margin,proxy_hardened_no_worst_hours_high_margin-000038,2022-05-19 19:00:00,2022-05-20 02:15:00,XAUUSD,15m,BUY,NEW YORK,1840.683,1836.6681952317952,1848.7126095364097,V50 realtime loss proxy | variant=proxy_hardened_no_worst_hours | Side=BUY | score=89.0 | opposite_score=30.0 | session=NEW YORK | RR=2.00,V50 realtime loss proxy,89.0,30.0,89.0,2.0,0.01,-4.01480476820484,-4.01480476820484,0.08,0.0,0.0,0.08,-4.09480476820484,1143.473298362004,1139.3784935937992,1143.473298362004,4.094804768204767,0.35810235132472873,-4.09480476820484,1,1
proxy_hardened_no_worst_hours_high_margin,proxy_hardened_no_worst_hours_high_margin-000039,2022-05-24 10:45:00,2022-05-24 12:30:00,XAUUSD,15m,BUY,LONDON,1857.738,1854.8318984695252,1863.5502030609498,V50 realtime loss proxy | variant=proxy_hardened_no_worst_hours | Side=BUY | score=85.0 | opposite_score=4.0 | session=LONDON | RR=2.00,V50 realtime loss proxy,85.0,4.0,85.0,2.0,0.01,-2.9061015304748707,-2.9061015304748707,0.08,0.0,0.0,0.08,-2.986101530474871,1139.3784935937992,1136.3923920633245,1143.473298362004,7.080906298679565,0.6192454435816543,-2.986101530474871,1,1
proxy_hardened_no_worst_hours_high_margin,proxy_hardened_no_worst_hours_high_margin-000040,2022-05-24 13:30:00,2022-05-24 13:45:00,XAUUSD,15m,BUY,LONDON,1859.788,1856.0722756399784,1867.2194487200431,V50 realtime loss proxy | variant=proxy_hardened_no_worst_hours | Side=BUY | score=85.0 | opposite_score=4.0 | session=LONDON | RR=2.00,V50 realtime loss proxy,85.0,4.0,85.0,2.0,0.01,7.431448720043136,7.431448720043136,0.08,0.0,0.0,0.08,7.351448720043136,1136.3923920633245,1143.7438407833677,1143.7438407833677,0.0,0.0,4.365347189568265,2,0
proxy_hardened_no_worst_hours_high_margin,proxy_hardened_no_worst_hours_high_margin-000041,2022-05-26 15:00:00,2022-05-26 18:15:00,XAUUSD,15m,SELL,LONDON,1845.608,1850.4559187209104,1835.912162558179,V50 realtime loss proxy | variant=proxy_hardened_no_worst_hours | Side=SELL | score=85.0 | opposite_score=4.0 | session=LONDON | RR=2.00,V50 realtime loss proxy,4.0,85.0,85.0,2.0,0.01,-4.847918720910457,-4.847918720910457,0.08,0.0,0.0,0.08,-4.927918720910457,1143.7438407833677,1138.8159220624573,1143.7438407833677,4.927918720910384,0.4308586018295125,-4.927918720910457,1,1
proxy_hardened_no_worst_hours_high_margin,proxy_hardened_no_worst_hours_high_margin-000042,2022-05-27 10:45:00,2022-05-27 12:30:00,XAUUSD,15m,BUY,LONDON,1857.716,1854.9127262374138,1863.322547525172,V50 realtime loss proxy | variant=proxy_hardened_no_worst_hours | Side=BUY | score=85.0 | opposite_score=4.0 | session=LONDON | RR=2.00,V50 realtime loss proxy,85.0,4.0,85.0,2.0,0.01,-2.803273762586059,-2.803273762586059,0.08,0.0,0.0,0.08,-2.883273762586059,1138.8159220624573,1135.9326482998713,1143.7438407833677,7.81119248349637,0.68294946866305,-2.883273762586059,1,1
proxy_hardened_no_worst_hours_high_margin,proxy_hardened_no_worst_hours_high_margin-000043,2022-05-31 14:45:00,2022-05-31 19:45:00,XAUUSD,15m,SELL,LONDON,1845.168,1850.1947539066175,1835.1144921867647,V50 realtime loss proxy | variant=proxy_hardened_no_worst_hours | Side=SELL | score=78.0 | opposite_score=19.0 | session=LONDON | RR=2.00,V50 realtime loss proxy,19.0,78.0,78.0,2.0,0.01,10.053507813235228,10.053507813235228,0.08,0.0,0.0,0.08,9.973507813235228,1135.9326482998713,1145.9061561131066,1145.9061561131066,0.0,0.0,9.973507813235228,1,0
proxy_hardened_no_worst_hours_high_margin,proxy_hardened_no_worst_hours_high_margin-000044,2022-06-02 22:00:00,2022-06-03 00:30:00,XAUUSD,15m,BUY,NEW YORK,1869.018,1866.7624753378518,1873.5290493242965,V50 realtime loss proxy | variant=proxy_hardened_no_worst_hours | Side=BUY | score=89.0 | opposite_score=8.0 | session=NEW YORK | RR=2.00,V50 realtime loss proxy,89.0,8.0,89.0,2.0,0.01,4.511049324296437,4.511049324296437,0.08,0.0,0.0,0.08,4.431049324296437,1145.9061561131066,1150.337205437403,1150.337205437403,0.0,0.0,4.431049324296437,1,0
proxy_hardened_no_worst_hours_high_margin,proxy_hardened_no_worst_hours_high_margin-000045,2022-06-07 14:30:00,2022-06-08 03:00:00,XAUUSD,15m,BUY,LONDON,1852.038,1847.4845574920378,1861.1448850159245,V50 realtime loss proxy | variant=proxy_hardened_no_worst_hours | Side=BUY | score=78.0 | opposite_score=30.0 | session=LONDON | RR=2.00,V50 realtime loss proxy,78.0,30.0,78.0,2.0,0.01,-4.553442507962245,-4.553442507962245,0.08,0.0,0.0,0.08,-4.633442507962245,1150.337205437403,1145.703762929441,1150.337205437403,4.633442507962172,0.4027899372515172,-4.633442507962245,1,1
proxy_hardened_no_worst_hours_high_margin,proxy_hardened_no_worst_hours_high_margin-000046,2022-06-09 15:30:00,2022-06-09 16:15:00,XAUUSD,15m,SELL,LONDON,1844.718,1848.8222840353124,1836.5094319293755,V50 realtime loss proxy | variant=proxy_hardened_no_worst_hours | Side=SELL | score=96.0 | opposite_score=4.0 | session=LONDON | RR=2.00,V50 realtime loss proxy,4.0,96.0,96.0,2.0,0.01,-4.104284035312276,-4.104284035312276,0.08,0.0,0.0,0.08,-4.184284035312276,1145.703762929441,1141.5194788941287,1150.337205437403,8.817726543274375,0.7665340651067207,-4.184284035312276,1,1
proxy_hardened_no_worst_hours_high_margin,proxy_hardened_no_worst_hours_high_margin-000047,2022-06-10 10:15:00,2022-06-10 11:30:00,XAUUSD,15m,SELL,LONDON,1842.653,1845.0075490707654,1837.943901858469,V50 realtime loss proxy | variant=proxy_hardened_no_worst_hours | Side=SELL | score=96.0 | opposite_score=4.0 | session=LONDON | RR=2.00,V50 realtime loss proxy,4.0,96.0,96.0,2.0000000000000964,0.01,4.709098141531058,4.709098141531058,0.08,0.0,0.0,0.08,4.629098141531058,1141.5194788941287,1146.1485770356599,1150.337205437403,4.1886284017432445,0.36412178811086654,4.629098141531058,1,0
proxy_hardened_no_worst_hours_high_margin,proxy_hardened_no_worst_hours_high_margin-000048,2022-06-10 14:00:00,2022-06-10 14:15:00,XAUUSD,15m,SELL,LONDON,1834.576,1841.2380592724826,1821.251881455035,V50 realtime loss proxy | variant=proxy_hardened_no_worst_hours | Side=SELL | score=100.0 | opposite_score=8.0 | session=LONDON | RR=2.00,V50 realtime loss proxy,8.0,100.0,100.0,2.0,0.01,-6.662059272482566,-6.662059272482566,0.08,0.0,0.0,0.08,-6.742059272482566,1146.1485770356599,1139.4065177631774,1150.337205437403,10.930687674225737,0.9502159560308634,-2.1129611309515077,2,1
proxy_hardened_no_worst_hours_high_margin,proxy_hardened_no_worst_hours_high_margin-000049,2022-06-22 14:45:00,2022-06-23 01:45:00,XAUUSD,15m,BUY,LONDON,1840.108,1834.353218621617,1851.6175627567657,V50 realtime loss proxy | variant=proxy_hardened_no_worst_hours | Side=BUY | score=78.0 | opposite_score=30.0 | session=LONDON | RR=2.00,V50 realtime loss proxy,78.0,30.0,78.0,2.0,0.01,-5.754781378382859,-5.754781378382859,0.08,0.0,0.0,0.08,-5.834781378382859,1139.4065177631774,1133.5717363847946,1150.337205437403,16.765469052608523,1.4574395206346158,-5.834781378382859,1,1
proxy_hardened_no_worst_hours_high_margin,proxy_hardened_no_worst_hours_high_margin-000050,2022-06-27 10:00:00,2022-06-27 11:15:00,XAUUSD,15m,BUY,LONDON,1838.308,1835.0527648104453,1844.8184703791094,V50 realtime loss proxy | variant=proxy_hardened_no_worst_hours | Side=BUY | score=85.0 | opposite_score=26.0 | session=LONDON | RR=2.00,V50 realtime loss proxy,85.0,26.0,85.0,2.0,0.01,-3.2552351895546963,-3.2552351895546963,0.08,0.0,0.0,0.08,-3.3352351895546963,1133.5717363847946,1130.23650119524,1150.337205437403,20.100704242163147,1.7473749564172425,-3.3352351895546963,1,1
proxy_hardened_no_worst_hours_high_margin,proxy_hardened_no_worst_hours_high_margin-000051,2022-06-28 13:00:00,2022-06-29 06:30:00,XAUUSD,15m,SELL,LONDON,1823.488,1826.8843753295155,1816.6952493409692,V50 realtime loss proxy | variant=proxy_hardened_no_worst_hours | Side=SELL | score=90.0 | opposite_score=4.0 | session=LONDON | RR=2.00,V50 realtime loss proxy,4.0,90.0,90.0,2.0,0.01,6.792750659030844,6.792750659030844,0.08,0.0,0.0,0.08,6.712750659030844,1130.23650119524,1136.9492518542709,1150.337205437403,13.38795358313223,1.163828616500464,6.712750659030844,1,0
proxy_hardened_no_worst_hours_high_margin,proxy_hardened_no_worst_hours_high_margin-000052,2022-06-29 10:00:00,2022-06-29 10:30:00,XAUUSD,15m,SELL,LONDON,1816.743,1819.6375162909928,1810.953967418014,V50 realtime loss proxy | variant=proxy_hardened_no_worst_hours | Side=SELL | score=96.0 | opposite_score=4.0 | session=LONDON | RR=2.00,V50 realtime loss proxy,4.0,96.0,96.0,2.0000000000000786,0.01,-2.8945162909928968,-2.8945162909928968,0.08,0.0,0.0,0.08,-2.974516290992897,1136.9492518542709,1133.974735563278,1150.337205437403,16.362469874125054,1.422406386299868,-2.974516290992897,1,1
proxy_hardened_no_worst_hours_high_margin,proxy_hardened_no_worst_hours_high_margin-000053,2022-06-29 14:00:00,2022-06-30 11:30:00,XAUUSD,15m,SELL,LONDON,1818.188,1823.4595918143139,1807.6448163713724,V50 realtime loss proxy | variant=proxy_hardened_no_worst_hours | Side=SELL | score=79.0 | opposite_score=8.0 | session=LONDON | RR=2.00,V50 realtime loss proxy,8.0,79.0,79.0,2.000000000000043,0.01,10.54318362862773,10.54318362862773,0.08,0.0,0.0,0.08,10.46318362862773,1133.974735563278,1144.4379191919058,1150.337205437403,5.899286245497251,0.512831039247671,7.488667337634833,2,0
proxy_hardened_no_worst_hours_high_margin,proxy_hardened_no_worst_hours_high_margin-000054,2022-06-30 14:30:00,2022-07-01 05:30:00,XAUUSD,15m,SELL,LONDON,1809.935,1816.2951579780738,1797.2146840438522,V50 realtime loss proxy | variant=proxy_hardened_no_worst_hours | Side=SELL | score=80.0 | opposite_score=8.0 | session=LONDON | RR=2.00,V50 realtime loss proxy,8.0,80.0,80.0,2.0,0.01,12.720315956147715,12.720315956147715,0.08,0.0,0.0,0.08,12.640315956147715,1144.4379191919058,1157.0782351480536,1157.0782351480536,0.0,0.0,12.640315956147715,1,0
proxy_hardened_no_worst_hours_high_margin,proxy_hardened_no_worst_hours_high_margin-000055,2022-07-06 13:45:00,2022-07-06 14:45:00,XAUUSD,15m,SELL,LONDON,1760.344,1765.8095979906782,1749.4128040186438,V50 realtime loss proxy | variant=proxy_hardened_no_worst_hours | Side=SELL | score=96.0 | opposite_score=4.0 | session=LONDON | RR=2.00,V50 realtime loss proxy,4.0,96.0,96.0,2.0,0.01,10.931195981356268,10.931195981356268,0.08,0.0,0.0,0.08,10.851195981356268,1157.0782351480536,1167.92943112941,1167.92943112941,0.0,0.0,10.851195981356268,1,0
proxy_hardened_no_worst_hours_high_margin,proxy_hardened_no_worst_hours_high_margin-000056,2022-07-11 10:30:00,2022-07-11 13:45:00,XAUUSD,15m,SELL,LONDON,1736.888,1739.489980624608,1731.6840387507837,V50 realtime loss proxy | variant=proxy_hardened_no_worst_hours | Side=SELL | score=90.0 | opposite_score=4.0 | session=LONDON | RR=2.00,V50 realtime loss proxy,4.0,90.0,90.0,2.0,0.01,-2.6019806246081316,-2.6019806246081316,0.08,0.0,0.0,0.08,-2.6819806246081317,1167.92943112941,1165.247450504802,1167.92943112941,2.681980624608059,0.22963550306413055,-2.6819806246081317,1,1
proxy_hardened_no_worst_hours_high_margin,proxy_hardened_no_worst_hours_high_margin-000057,2022-07-12 14:00:00,2022-07-13 12:30:00,XAUUSD,15m,SELL,LONDON,1729.978,1734.3395859647392,1721.2548280705219,V50 realtime loss proxy | variant=proxy_hardened_no_worst_hours | Side=SELL | score=94.0 | opposite_score=8.0 | session=LONDON | RR=2.00,V50 realtime loss proxy,8.0,94.0,94.0,2.0,0.01,8.723171929478212,8.723171929478212,0.08,0.0,0.0,0.08,8.643171929478212,1165.247450504802,1173.8906224342802,1173.8906224342802,0.0,0.0,8.643171929478212,1,0
proxy_hardened_no_worst_hours_high_margin,proxy_hardened_no_worst_hours_high_margin-000058,2022-07-13 13:00:00,2022-07-13 13:30:00,XAUUSD,15m,SELL,LONDON,1718.918,1725.4443890238433,1705.865221952313,V50 realtime loss proxy | variant=proxy_hardened_no_worst_hours | Side=SELL | score=90.0 | opposite_score=4.0 | session=LONDON | RR=2.00,V50 realtime loss proxy,4.0,90.0,90.0,2.0,0.01,-6.5263890238434215,-6.5263890238434215,0.08,0.0,0.0,0.08,-6.6063890238434215,1173.8906224342802,1167.2842334104369,1173.8906224342802,6.606389023843349,0.562777221113137,-6.6063890238434215,1,1
proxy_hardened_no_worst_hours_high_margin,proxy_hardened_no_worst_hours_high_margin-000059,2022-07-13 14:00:00,2022-07-13 14:30:00,XAUUSD,15m,SELL,LONDON,1723.048,1730.597900572938,1707.9481988541238,V50 realtime loss proxy | variant=proxy_hardened_no_worst_hours | Side=SELL | score=90.0 | opposite_score=8.0 | session=LONDON | RR=2.00,V50 realtime loss proxy,8.0,90.0,90.0,2.00000000000003,0.01,-7.549900572937986,-7.549900572937986,0.08,0.0,0.0,0.08,-7.629900572937986,1167.2842334104369,1159.654332837499,1173.8906224342802,14.236289596781262,1.2127441283464444,-14.236289596781408,2,2
proxy_hardened_no_worst_hours_high_margin,proxy_hardened_no_worst_hours_high_margin-000060,2022-07-14 14:30:00,2022-07-15 02:00:00,XAUUSD,15m,SELL,LONDON,1708.324,1715.229618480635,1694.51276303873,V50 realtime loss proxy | variant=proxy_hardened_no_worst_hours | Side=SELL | score=100.0 | opposite_score=8.0 | session=LONDON | RR=2.00,V50 realtime loss proxy,8.0,100.0,100.0,2.0,0.01,-6.905618480634985,-6.905618480634985,0.08,0.0,0.0,0.08,-6.985618480634985,1159.654332837499,1152.668714356864,1173.8906224342802,21.221908077416174,1.8078266979770743,-6.985618480634985,1,1
proxy_hardened_no_worst_hours_high_margin,proxy_hardened_no_worst_hours_high_margin-000061,2022-07-15 10:30:00,2022-07-15 10:45:00,XAUUSD,15m,SELL,LONDON,1703.938,1706.9601577619949,1697.8936844760105,V50 realtime loss proxy | variant=proxy_hardened_no_worst_hours | Side=SELL | score=96.0 | opposite_score=4.0 | session=LONDON | RR=2.00,V50 realtime loss proxy,4.0,96.0,96.0,2.0,0.01,-3.0221577619947766,-3.0221577619947766,0.08,0.0,0.0,0.08,-3.1021577619947767,1152.668714356864,1149.5665565948693,1173.8906224342802,24.324065839410878,2.072089628671742,-3.1021577619947767,1,1
proxy_hardened_no_worst_hours_high_margin,proxy_hardened_no_worst_hours_high_margin-000062,2022-07-22 13:30:00,2022-07-22 13:45:00,XAUUSD,15m,BUY,LONDON,1727.923,1723.540124272753,1736.688751454494,V50 realtime loss proxy | variant=proxy_hardened_no_worst_hours | Side=BUY | score=85.0 | opposite_score=4.0 | session=LONDON | RR=2.00,V50 realtime loss proxy,85.0,4.0,85.0,2.0,0.01,8.765751454493966,8.765751454493966,0.08,0.0,0.0,0.08,8.685751454493966,1149.5665565948693,1158.2523080493634,1173.8906224342802,15.63831438491684,1.3321781506770956,8.685751454493966,1,0
proxy_hardened_no_worst_hours_high_margin,proxy_hardened_no_worst_hours_high_margin-000063,2022-07-25 10:15:00,2022-07-25 11:45:00,XAUUSD,15m,BUY,LONDON,1729.809,1726.3137157797714,1736.799568440457,V50 realtime loss proxy | variant=proxy_hardened_no_worst_hours | Side=BUY | score=85.0 | opposite_score=4.0 | session=LONDON | RR=2.00,V50 realtime loss proxy,85.0,4.0,85.0,2.0,0.01,-3.495284220228541,-3.495284220228541,0.08,0.0,0.0,0.08,-3.575284220228541,1158.2523080493634,1154.677023829135,1173.8906224342802,19.213598605145307,1.636745216117524,-3.575284220228541,1,1
proxy_hardened_no_worst_hours_high_margin,proxy_hardened_no_worst_hours_high_margin-000064,2022-07-27 18:30:00,2022-07-28 07:00:00,XAUUSD,15m,BUY,NEW YORK,1732.688,1727.6563686897734,1742.7512626204534,V50 realtime loss proxy | variant=proxy_hardened_no_worst_hours | Side=BUY | score=87.0 | opposite_score=8.0 | session=NEW YORK | RR=2.00,V50 realtime loss proxy,87.0,8.0,87.0,2.0,0.01,10.063262620453315,10.063262620453315,0.08,0.0,0.0,0.08,9.983262620453315,1154.677023829135,1164.6602864495883,1173.8906224342802,9.23033598469192,0.7863028980971927,9.983262620453315,1,0
proxy_hardened_no_worst_hours_high_margin,proxy_hardened_no_worst_hours_high_margin-000065,2022-07-28 13:00:00,2022-07-28 14:45:00,XAUUSD,15m,BUY,LONDON,1745.425,1740.3010733479578,1755.6728533040846,V50 realtime loss proxy | variant=proxy_hardened_no_worst_hours | Side=BUY | score=85.0 | opposite_score=4.0 | session=LONDON | RR=2.00,V50 realtime loss proxy,85.0,4.0,85.0,2.0000000000000444,0.01,10.247853304084629,10.247853304084629,0.08,0.0,0.0,0.08,10.167853304084629,1164.6602864495883,1174.828139753673,1174.828139753673,0.0,0.0,10.167853304084629,1,0
proxy_hardened_no_worst_hours_high_margin,proxy_hardened_no_worst_hours_high_margin-000066,2022-07-28 18:15:00,2022-07-29 03:15:00,XAUUSD,15m,BUY,NEW YORK,1751.368,1747.1598657166103,1759.7842685667792,V50 realtime loss proxy | variant=proxy_hardened_no_worst_hours | Side=BUY | score=89.0 | opposite_score=8.0 | session=NEW YORK | RR=2.00,V50 realtime loss proxy,89.0,8.0,89.0,2.0,0.01,8.416268566779308,8.416268566779308,0.08,0.0,0.0,0.08,8.336268566779308,1174.828139753673,1183.1644083204524,1183.1644083204524,0.0,0.0,18.504121870863937,2,0
proxy_hardened_no_worst_hours_high_margin,proxy_hardened_no_worst_hours_high_margin-000067,2022-07-29 18:45:00,2022-08-01 04:30:00,XAUUSD,15m,BUY,NEW YORK,1763.764,1760.234808897194,1770.822382205612,V50 realtime loss proxy | variant=proxy_hardened_no_worst_hours | Side=BUY | score=89.0 | opposite_score=8.0 | session=NEW YORK | RR=2.00,V50 realtime loss proxy,89.0,8.0,89.0,2.0000000000000644,0.01,-3.529191102805953,-3.529191102805953,0.08,0.0,0.0,0.08,-3.609191102805953,1183.1644083204524,1179.5552172176465,1183.1644083204524,3.6091911028058803,0.3050456113642961,-3.609191102805953,1,1
proxy_hardened_no_worst_hours_high_margin,proxy_hardened_no_worst_hours_high_margin-000068,2022-08-01 13:00:00,2022-08-01 14:00:00,XAUUSD,15m,BUY,LONDON,1772.598,1768.3604568291746,1781.0730863416509,V50 realtime loss proxy | variant=proxy_hardened_no_worst_hours | Side=BUY | score=79.0 | opposite_score=4.0 | session=LONDON | RR=2.00,V50 realtime loss proxy,79.0,4.0,79.0,2.0000000000000537,0.01,-4.237543170825347,-4.237543170825347,0.08,0.0,0.0,0.08,-4.317543170825347,1179.5552172176465,1175.2376740468212,1183.1644083204524,7.926734273631155,0.6699605074229253,-4.317543170825347,1,1
proxy_hardened_no_worst_hours_high_margin,proxy_hardened_no_worst_hours_high_margin-000069,2022-08-04 13:45:00,2022-08-04 17:45:00,XAUUSD,15m,BUY,LONDON,1783.388,1778.878014140337,1792.4079717193258,V50 realtime loss proxy | variant=proxy_hardened_no_worst_hours | Side=BUY | score=85.0 | opposite_score=4.0 | session=LONDON | RR=2.00,V50 realtime loss proxy,85.0,4.0,85.0,2.0,0.01,9.019971719325895,9.019971719325895,0.08,0.0,0.0,0.08,8.939971719325895,1175.2376740468212,1184.1776457661472,1184.1776457661472,0.0,0.0,8.939971719325895,1,0
proxy_hardened_no_worst_hours_high_margin,proxy_hardened_no_worst_hours_high_margin-000070,2022-08-08 18:00:00,2022-08-09 01:45:00,XAUUSD,15m,BUY,NEW YORK,1787.554,1784.7643386216143,1793.1333227567716,V50 realtime loss proxy | variant=proxy_hardened_no_worst_hours | Side=BUY | score=100.0 | opposite_score=8.0 | session=NEW YORK | RR=2.00,V50 realtime loss proxy,100.0,8.0,100.0,2.0,0.01,-2.7896613783857447,-2.7896613783857447,0.08,0.0,0.0,0.08,-2.8696613783857448,1184.1776457661472,1181.3079843877615,1184.1776457661472,2.869661378385672,0.24233368942959901,-2.8696613783857448,1,1
proxy_hardened_no_worst_hours_high_margin,proxy_hardened_no_worst_hours_high_margin-000071,2022-08-09 10:45:00,2022-08-09 13:00:00,XAUUSD,15m,BUY,LONDON,1790.964,1787.607272453207,1797.6774550935856,V50 realtime loss proxy | variant=proxy_hardened_no_worst_hours | Side=BUY | score=96.0 | opposite_score=11.0 | session=LONDON | RR=2.00,V50 realtime loss proxy,96.0,11.0,96.0,2.0,0.01,6.713455093585708,6.713455093585708,0.08,0.0,0.0,0.08,6.633455093585708,1181.3079843877615,1187.9414394813473,1187.9414394813473,0.0,0.0,6.633455093585708,1,0
proxy_hardened_no_worst_hours_high_margin,proxy_hardened_no_worst_hours_high_margin-000072,2022-08-09 14:30:00,2022-08-09 14:45:00,XAUUSD,15m,BUY,LONDON,1795.646,1791.5683695484695,1803.801260903061,V50 realtime loss proxy | variant=proxy_hardened_no_worst_hours | Side=BUY | score=100.0 | opposite_score=8.0 | session=LONDON | RR=2.00,V50 realtime loss proxy,100.0,8.0,100.0,2.0,0.01,-4.077630451530467,-4.077630451530467,0.08,0.0,0.0,0.08,-4.157630451530467,1187.9414394813473,1183.783809029817,1187.9414394813473,4.157630451530395,0.34998614522156973,2.4758246420552403,2,1
proxy_hardened_no_worst_hours_high_margin,proxy_hardened_no_worst_hours_high_margin-000073,2022-08-10 13:00:00,2022-08-10 18:15:00,XAUUSD,15m,BUY,LONDON,1796.608,1791.186546739454,1807.450906521092,V50 realtime loss proxy | variant=proxy_hardened_no_worst_hours | Side=BUY | score=90.0 | opposite_score=4.0 | session=LONDON | RR=2.00,V50 realtime loss proxy,90.0,4.0,90.0,2.0,0.01,-5.421453260546059,-5.421453260546059,0.08,0.0,0.0,0.08,-5.501453260546059,1183.783809029817,1178.282355769271,1187.9414394813473,9.65908371207638,0.8130942646712885,-5.501453260546059,1,1
proxy_hardened_no_worst_hours_high_margin,proxy_hardened_no_worst_hours_high_margin-000074,2022-08-11 13:30:00,2022-08-11 14:30:00,XAUUSD,15m,BUY,LONDON,1796.078,1792.1961594135225,1803.8416811729548,V50 realtime loss proxy | variant=proxy_hardened_no_worst_hours | Side=BUY | score=90.0 | opposite_score=4.0 | session=LONDON | RR=2.00,V50 realtime loss proxy,90.0,4.0,90.0,2.0,0.01,-3.8818405864774377,-3.8818405864774377,0.08,0.0,0.0,0.08,-3.9618405864774378,1178.282355769271,1174.3205151827935,1187.9414394813473,13.620924298553746,1.1465989690957,-3.9618405864774378,1,1
proxy_hardened_no_worst_hours_high_margin,proxy_hardened_no_worst_hours_high_margin-000075,2022-08-12 14:15:00,2022-08-12 17:00:00,XAUUSD,15m,BUY,LONDON,1791.814,1787.4650018236339,1800.5119963527327,V50 realtime loss proxy | variant=proxy_hardened_no_worst_hours | Side=BUY | score=80.0 | opposite_score=8.0 | session=LONDON | RR=2.00,V50 realtime loss proxy,80.0,8.0,80.0,2.0000000000000524,0.01,8.697996352732616,8.697996352732616,0.08,0.0,0.0,0.08,8.617996352732616,1174.3205151827935,1182.9385115355262,1187.9414394813473,5.002927945821057,0.4211426404996297,8.617996352732616,1,0
proxy_hardened_no_worst_hours_high_margin,proxy_hardened_no_worst_hours_high_margin-000076,2022-08-15 13:30:00,2022-08-15 16:45:00,XAUUSD,15m,SELL,LONDON,1777.108,1782.5477579152337,1766.2284841695325,V50 realtime loss proxy | variant=proxy_hardened_no_worst_hours | Side=SELL | score=85.0 | opposite_score=26.0 | session=LONDON | RR=2.00,V50 realtime loss proxy,26.0,85.0,85.0,2.0,0.01,-5.439757915233713,-5.439757915233713,0.08,0.0,0.0,0.08,-5.519757915233713,1182.9385115355262,1177.4187536202926,1187.9414394813473,10.522685861054697,0.8857916317532352,-5.519757915233713,1,1
proxy_hardened_no_worst_hours_high_margin,proxy_hardened_no_worst_hours_high_margin-000077,2022-08-16 13:00:00,2022-08-16 14:45:00,XAUUSD,15m,SELL,LONDON,1774.618,1778.417794242347,1767.0184115153056,V50 realtime loss proxy | variant=proxy_hardened_no_worst_hours | Side=SELL | score=79.0 | opposite_score=4.0 | session=LONDON | RR=2.00,V50 realtime loss proxy,4.0,79.0,79.0,2.0,0.01,-3.7997942423471613,-3.7997942423471613,0.08,0.0,0.0,0.08,-3.8797942423471614,1177.4187536202926,1173.5389593779455,1187.9414394813473,14.402480103401786,1.2123897378047421,-3.8797942423471614,1,1
proxy_hardened_no_worst_hours_high_margin,proxy_hardened_no_worst_hours_high_margin-000078,2022-08-17 13:00:00,2022-08-17 15:30:00,XAUUSD,15m,SELL,LONDON,1769.559,1773.3983642724768,1761.8802714550463,V50 realtime loss proxy | variant=proxy_hardened_no_worst_hours | Side=SELL | score=85.0 | opposite_score=4.0 | session=LONDON | RR=2.00,V50 realtime loss proxy,4.0,85.0,85.0,2.0,0.01,7.678728544953628,7.678728544953628,0.08,0.0,0.0,0.08,7.598728544953628,1173.5389593779455,1181.1376879228992,1187.9414394813473,6.803751558448084,0.5727345921545247,7.598728544953628,1,0
proxy_hardened_no_worst_hours_high_margin,proxy_hardened_no_worst_hours_high_margin-000079,2022-08-19 15:30:00,2022-08-22 06:00:00,XAUUSD,15m,SELL,LONDON,1749.844,1753.5927317035027,1742.3465365929947,V50 realtime loss proxy | variant=proxy_hardened_no_worst_hours | Side=SELL | score=85.0 | opposite_score=4.0 | session=LONDON | RR=2.00,V50 realtime loss proxy,4.0,85.0,85.0,2.0,0.01,7.497463407005398,7.497463407005398,0.08,0.0,0.0,0.08,7.417463407005398,1181.1376879228992,1188.5551513299047,1188.5551513299047,0.0,0.0,7.417463407005398,1,0
proxy_hardened_no_worst_hours_high_margin,proxy_hardened_no_worst_hours_high_margin-000080,2022-08-22 13:45:00,2022-08-22 14:00:00,XAUUSD,15m,SELL,LONDON,1733.074,1737.3138065310084,1724.5943869379832,V50 realtime loss proxy | variant=proxy_hardened_no_worst_hours | Side=SELL | score=96.0 | opposite_score=4.0 | session=LONDON | RR=2.00,V50 realtime loss proxy,4.0,96.0,96.0,2.0000000000000537,0.01,-4.239806531008298,-4.239806531008298,0.08,0.0,0.0,0.08,-4.3198065310082985,1188.5551513299047,1184.2353447988964,1188.5551513299047,4.319806531008226,0.3634502383986712,-4.3198065310082985,1,1
proxy_hardened_no_worst_hours_high_margin,proxy_hardened_no_worst_hours_high_margin-000081,2022-08-26 14:15:00,2022-08-26 15:15:00,XAUUSD,15m,SELL,LONDON,1746.024,1751.8138634332324,1734.4442731335346,V50 realtime loss proxy | variant=proxy_hardened_no_worst_hours | Side=SELL | score=80.0 | opposite_score=8.0 | session=LONDON | RR=2.00,V50 realtime loss proxy,8.0,80.0,80.0,2.000000000000039,0.01,11.579726866465307,11.579726866465307,0.08,0.0,0.0,0.08,11.499726866465307,1184.2353447988964,1195.7350716653618,1195.7350716653618,0.0,0.0,11.499726866465307,1,0
proxy_hardened_no_worst_hours_high_margin,proxy_hardened_no_worst_hours_high_margin-000082,2022-08-30 13:45:00,2022-08-30 14:15:00,XAUUSD,15m,SELL,LONDON,1732.424,1735.9620323391557,1725.3479353216883,V50 realtime loss proxy | variant=proxy_hardened_no_worst_hours | Side=SELL | score=90.0 | opposite_score=4.0 | session=LONDON | RR=2.00,V50 realtime loss proxy,4.0,90.0,90.0,2.0000000000000644,0.01,7.076064678311695,7.076064678311695,0.08,0.0,0.0,0.08,6.996064678311695,1195.7350716653618,1202.7311363436736,1202.7311363436736,0.0,0.0,6.996064678311695,1,0
proxy_hardened_no_worst_hours_high_margin,proxy_hardened_no_worst_hours_high_margin-000083,2022-09-01 13:45:00,2022-09-01 14:45:00,XAUUSD,15m,SELL,LONDON,1698.888,1703.6424792471248,1689.3790415057501,V50 realtime loss proxy | variant=proxy_hardened_no_worst_hours | Side=SELL | score=96.0 | opposite_score=4.0 | session=LONDON | RR=2.00,V50 realtime loss proxy,4.0,96.0,96.0,2.0,0.01,9.508958494249782,9.508958494249782,0.08,0.0,0.0,0.08,9.428958494249782,1202.7311363436736,1212.1600948379235,1212.1600948379235,0.0,0.0,9.428958494249782,1,0
proxy_hardened_no_worst_hours_high_margin,proxy_hardened_no_worst_hours_high_margin-000084,2022-09-01 15:00:00,2022-09-02 07:30:00,XAUUSD,15m,SELL,LONDON,1697.615,1703.4685630598538,1685.9078738802925,V50 realtime loss proxy | variant=proxy_hardened_no_worst_hours | Side=SELL | score=96.0 | opposite_score=4.0 | session=LONDON | RR=2.00,V50 realtime loss proxy,4.0,96.0,96.0,2.0,0.01,-5.853563059853741,-5.853563059853741,0.08,0.0,0.0,0.08,-5.933563059853741,1212.1600948379235,1206.2265317780698,1212.1600948379235,5.933563059853668,0.4895032500345623,3.495395434396041,2,1
proxy_hardened_no_worst_hours_high_margin,proxy_hardened_no_worst_hours_high_margin-000085,2022-09-06 13:45:00,2022-09-06 15:15:00,XAUUSD,15m,SELL,LONDON,1708.728,1712.4250319289613,1701.3339361420776,V50 realtime loss proxy | variant=proxy_hardened_no_worst_hours | Side=SELL | score=96.0 | opposite_score=4.0 | session=LONDON | RR=2.00,V50 realtime loss proxy,4.0,96.0,96.0,2.0,0.01,7.394063857922447,7.394063857922447,0.08,0.0,0.0,0.08,7.314063857922447,1206.2265317780698,1213.5405956359923,1213.5405956359923,0.0,0.0,7.314063857922447,1,0
proxy_hardened_no_worst_hours_high_margin,proxy_hardened_no_worst_hours_high_margin-000086,2022-09-12 14:30:00,2022-09-13 01:00:00,XAUUSD,15m,BUY,LONDON,1728.044,1723.559648808665,1737.0127023826703,V50 realtime loss proxy | variant=proxy_hardened_no_worst_hours | Side=BUY | score=89.0 | opposite_score=8.0 | session=LONDON | RR=2.00,V50 realtime loss proxy,89.0,8.0,89.0,2.0000000000000506,0.01,-4.4843511913350085,-4.4843511913350085,0.08,0.0,0.0,0.08,-4.5643511913350086,1213.5405956359923,1208.9762444446574,1213.5405956359923,4.564351191334936,0.3761185417075274,-4.5643511913350086,1,1
proxy_hardened_no_worst_hours_high_margin,proxy_hardened_no_worst_hours_high_margin-000087,2022-09-13 10:15:00,2022-09-13 11:30:00,XAUUSD,15m,BUY,LONDON,1725.144,1722.5246623757423,1730.3826752485156,V50 realtime loss proxy | variant=proxy_hardened_no_worst_hours | Side=BUY | score=79.0 | opposite_score=4.0 | session=LONDON | RR=2.00,V50 realtime loss proxy,79.0,4.0,79.0,2.0000000000000866,0.01,5.238675248515619,5.238675248515619,0.08,0.0,0.0,0.08,5.158675248515619,1208.9762444446574,1214.134919693173,1214.134919693173,0.0,0.0,5.158675248515619,1,0
proxy_hardened_no_worst_hours_high_margin,proxy_hardened_no_worst_hours_high_margin-000088,2022-09-14 14:15:00,2022-09-14 14:45:00,XAUUSD,15m,SELL,LONDON,1701.864,1705.5054128519207,1694.5811742961585,V50 realtime loss proxy | variant=proxy_hardened_no_worst_hours | Side=SELL | score=79.0 | opposite_score=8.0 | session=LONDON | RR=2.00,V50 realtime loss proxy,8.0,79.0,79.0,2.0000000000000626,0.01,-3.641412851920677,-3.641412851920677,0.08,0.0,0.0,0.08,-3.721412851920677,1214.134919693173,1210.4135068412525,1214.134919693173,3.7214128519206042,0.30650735693040204,-3.721412851920677,1,1
proxy_hardened_no_worst_hours_high_margin,proxy_hardened_no_worst_hours_high_margin-000089,2022-09-15 10:30:00,2022-09-15 12:45:00,XAUUSD,15m,SELL,LONDON,1686.234,1689.1601855879617,1680.3816288240762,V50 realtime loss proxy | variant=proxy_hardened_no_worst_hours | Side=SELL | score=96.0 | opposite_score=4.0 | session=LONDON | RR=2.00,V50 realtime loss proxy,4.0,96.0,96.0,2.0000000000000777,0.01,-2.926185587961754,-2.926185587961754,0.08,0.0,0.0,0.08,-3.0061855879617543,1210.4135068412525,1207.4073212532908,1214.134919693173,6.727598439882286,0.5541063295982323,-3.0061855879617543,1,1
proxy_hardened_no_worst_hours_high_margin,proxy_hardened_no_worst_hours_high_margin-000090,2022-09-15 13:00:00,2022-09-15 14:00:00,XAUUSD,15m,SELL,LONDON,1686.186,1690.1986742942502,1678.1606514114994,V50 realtime loss proxy | variant=proxy_hardened_no_worst_hours | Side=SELL | score=96.0 | opposite_score=4.0 | session=LONDON | RR=2.00,V50 realtime loss proxy,4.0,96.0,96.0,2.0,0.01,-4.012674294250246,-4.012674294250246,0.08,0.0,0.0,0.08,-4.092674294250246,1207.4073212532908,1203.3146469590406,1214.134919693173,10.820272734132459,0.891191955574993,-7.098859882212,2,2
proxy_hardened_no_worst_hours_high_margin,proxy_hardened_no_worst_hours_high_margin-000091,2022-09-16 13:15:00,2022-09-16 13:45:00,XAUUSD,15m,SELL,LONDON,1660.515,1664.7641321114709,1652.0167357770586,V50 realtime loss proxy | variant=proxy_hardened_no_worst_hours | Side=SELL | score=96.0 | opposite_score=4.0 | session=LONDON | RR=2.00,V50 realtime loss proxy,4.0,96.0,96.0,2.0,0.01,-4.249132111470772,-4.249132111470772,0.08,0.0,0.0,0.08,-4.329132111470772,1203.3146469590406,1198.98551484757,1214.134919693173,15.149404845603158,1.247752996794755,-4.329132111470772,1,1
proxy_hardened_no_worst_hours_high_margin,proxy_hardened_no_worst_hours_high_margin-000092,2022-09-19 10:15:00,2022-09-19 13:45:00,XAUUSD,15m,SELL,LONDON,1664.458,1667.791654060271,1657.7906918794583,V50 realtime loss proxy | variant=proxy_hardened_no_worst_hours | Side=SELL | score=96.0 | opposite_score=4.0 | session=LONDON | RR=2.00,V50 realtime loss proxy,4.0,96.0,96.0,2.0,0.01,-3.3336540602708737,-3.3336540602708737,0.08,0.0,0.0,0.08,-3.413654060270874,1198.98551484757,1195.571860787299,1214.134919693173,18.56305890587396,1.5289123642506777,-3.413654060270874,1,1
proxy_hardened_no_worst_hours_high_margin,proxy_hardened_no_worst_hours_high_margin-000093,2022-09-20 10:15:00,2022-09-20 13:30:00,XAUUSD,15m,SELL,LONDON,1668.958,1671.9505456160311,1662.972908767938,V50 realtime loss proxy | variant=proxy_hardened_no_worst_hours | Side=SELL | score=90.0 | opposite_score=11.0 | session=LONDON | RR=2.00,V50 realtime loss proxy,11.0,90.0,90.0,2.0,0.01,5.985091232062132,5.985091232062132,0.08,0.0,0.0,0.08,5.905091232062132,1195.571860787299,1201.4769520193613,1214.134919693173,12.657967673811754,1.0425503350987202,5.905091232062132,1,0
proxy_hardened_no_worst_hours_high_margin,proxy_hardened_no_worst_hours_high_margin-000094,2022-09-20 13:45:00,2022-09-21 06:00:00,XAUUSD,15m,SELL,LONDON,1665.105,1668.9008135007152,1657.5133729985696,V50 realtime loss proxy | variant=proxy_hardened_no_worst_hours | Side=SELL | score=90.0 | opposite_score=4.0 | session=LONDON | RR=2.00,V50 realtime loss proxy,4.0,90.0,90.0,2.0,0.01,-3.7958135007152123,-3.7958135007152123,0.08,0.0,0.0,0.08,-3.8758135007152124,1201.4769520193613,1197.6011385186462,1214.134919693173,16.533781174526894,1.3617746188129722,2.0292777313469195,2,1
proxy_hardened_no_worst_hours_high_margin,proxy_hardened_no_worst_hours_high_margin-000095,2022-09-23 13:15:00,2022-09-23 18:45:00,XAUUSD,15m,SELL,LONDON,1652.508,1658.919068076073,1639.685863847854,V50 realtime loss proxy | variant=proxy_hardened_no_worst_hours | Side=SELL | score=96.0 | opposite_score=4.0 | session=LONDON | RR=2.00,V50 realtime loss proxy,4.0,96.0,96.0,2.0,0.01,12.822136152145958,12.822136152145958,0.08,0.0,0.0,0.08,12.742136152145958,1197.6011385186462,1210.3432746707922,1214.134919693173,3.7916450223808624,0.31229190107958166,12.742136152145958,1,0
proxy_hardened_no_worst_hours_high_margin,proxy_hardened_no_worst_hours_high_margin-000096,2022-09-26 10:00:00,2022-09-26 12:00:00,XAUUSD,15m,SELL,LONDON,1636.678,1641.8500791439217,1626.333841712157,V50 realtime loss proxy | variant=proxy_hardened_no_worst_hours | Side=SELL | score=96.0 | opposite_score=4.0 | session=LONDON | RR=2.00,V50 realtime loss proxy,4.0,96.0,96.0,2.0,0.01,-5.1720791439215645,-5.1720791439215645,0.08,0.0,0.0,0.08,-5.252079143921565,1210.3432746707922,1205.0911955268707,1214.134919693173,9.043724166302354,0.744869785030795,-5.252079143921565,1,1
proxy_hardened_no_worst_hours_high_margin,proxy_hardened_no_worst_hours_high_margin-000097,2022-09-30 13:30:00,2022-09-30 17:00:00,XAUUSD,15m,BUY,LONDON,1668.828,1663.7417177735751,1679.0005644528496,V50 realtime loss proxy | variant=proxy_hardened_no_worst_hours | Side=BUY | score=85.0 | opposite_score=4.0 | session=LONDON | RR=2.00,V50 realtime loss proxy,85.0,4.0,85.0,2.0,0.01,-5.086282226424828,-5.086282226424828,0.08,0.0,0.0,0.08,-5.166282226424828,1205.0911955268707,1199.924913300446,1214.134919693173,14.21000639272711,1.1703811629368304,-5.166282226424828,1,1
proxy_hardened_no_worst_hours_high_margin,proxy_hardened_no_worst_hours_high_margin-000098,2022-10-04 13:15:00,2022-10-04 14:30:00,XAUUSD,15m,BUY,LONDON,1708.722,1703.9297298020022,1718.3065403959956,V50 realtime loss proxy | variant=proxy_hardened_no_worst_hours | Side=BUY | score=85.0 | opposite_score=4.0 | session=LONDON | RR=2.00,V50 realtime loss proxy,85.0,4.0,85.0,2.0,0.01,9.584540395995646,9.584540395995646,0.08,0.0,0.0,0.08,9.504540395995646,1199.924913300446,1209.4294536964417,1214.134919693173,4.705465996731391,0.3875570927422564,9.504540395995646,1,0
proxy_hardened_no_worst_hours_high_margin,proxy_hardened_no_worst_hours_high_margin-000099,2022-10-05 22:00:00,2022-10-06 00:15:00,XAUUSD,15m,BUY,NEW YORK,1714.814,1711.5059902860141,1721.4300194279722,V50 realtime loss proxy | variant=proxy_hardened_no_worst_hours | Side=BUY | score=89.0 | opposite_score=8.0 | session=NEW YORK | RR=2.00,V50 realtime loss proxy,89.0,8.0,89.0,2.000000000000069,0.01,6.616019427972105,6.616019427972105,0.08,0.0,0.0,0.08,6.536019427972105,1209.4294536964417,1215.9654731244138,1215.9654731244138,0.0,0.0,6.536019427972105,1,0
proxy_hardened_no_worst_hours_high_margin,proxy_hardened_no_worst_hours_high_margin-000100,2022-10-11 10:15:00,2022-10-11 11:00:00,XAUUSD,15m,SELL,LONDON,1663.105,1667.0296689245308,1655.2556621509384,V50 realtime loss proxy | variant=proxy_hardened_no_worst_hours | Side=SELL | score=96.0 | opposite_score=11.0 | session=LONDON | RR=2.00,V50 realtime loss proxy,11.0,96.0,96.0,2.0,0.01,-3.924668924530806,-3.924668924530806,0.08,0.0,0.0,0.08,-4.004668924530806,1215.9654731244138,1211.9608041998831,1215.9654731244138,4.004668924530733,0.3293406772678148,-4.004668924530806,1,1
proxy_hardened_no_worst_hours_high_margin,proxy_hardened_no_worst_hours_high_margin-000101,2022-10-18 14:30:00,2022-10-19 06:15:00,XAUUSD,15m,SELL,LONDON,1650.967,1654.7618075316639,1643.3773849366726,V50 realtime loss proxy | variant=proxy_hardened_no_worst_hours | Side=SELL | score=80.0 | opposite_score=15.0 | session=LONDON | RR=2.00,V50 realtime loss proxy,15.0,80.0,80.0,2.0,0.01,7.589615063327528,7.589615063327528,0.08,0.0,0.0,0.08,7.509615063327528,1211.9608041998831,1219.4704192632107,1219.4704192632107,0.0,0.0,7.509615063327528,1,0
proxy_hardened_no_worst_hours_high_margin,proxy_hardened_no_worst_hours_high_margin-000102,2022-10-19 14:00:00,2022-10-20 01:00:00,XAUUSD,15m,SELL,LONDON,1634.898,1639.5725426960994,1625.548914607801,V50 realtime loss proxy | variant=proxy_hardened_no_worst_hours | Side=SELL | score=100.0 | opposite_score=8.0 | session=LONDON | RR=2.00,V50 realtime loss proxy,8.0,100.0,100.0,2.0,0.01,9.349085392198958,9.349085392198958,0.08,0.0,0.0,0.08,9.269085392198958,1219.4704192632107,1228.7395046554097,1228.7395046554097,0.0,0.0,9.269085392198958,1,0
proxy_hardened_no_worst_hours_high_margin,proxy_hardened_no_worst_hours_high_margin-000103,2022-10-25 18:30:00,2022-10-26 00:15:00,XAUUSD,15m,BUY,NEW YORK,1654.418,1650.773717730744,1661.7065645385117,V50 realtime loss proxy | variant=proxy_hardened_no_worst_hours | Side=BUY | score=89.0 | opposite_score=30.0 | session=NEW YORK | RR=2.00,V50 realtime loss proxy,89.0,30.0,89.0,2.0,0.01,-3.644282269255882,-3.644282269255882,0.08,0.0,0.0,0.08,-3.724282269255882,1228.7395046554097,1225.015222386154,1228.7395046554097,3.7242822692558093,0.3030977888433932,-3.724282269255882,1,1
proxy_hardened_no_worst_hours_high_margin,proxy_hardened_no_worst_hours_high_margin-000104,2022-10-26 14:15:00,2022-10-26 20:15:00,XAUUSD,15m,BUY,LONDON,1668.098,1663.4226755590262,1677.4486488819475,V50 realtime loss proxy | variant=proxy_hardened_no_worst_hours | Side=BUY | score=89.0 | opposite_score=8.0 | session=LONDON | RR=2.00,V50 realtime loss proxy,89.0,8.0,89.0,2.0,0.01,-4.675324440973782,-4.675324440973782,0.08,0.0,0.0,0.08,-4.755324440973782,1225.015222386154,1220.2598979451802,1228.7395046554097,8.479606710229518,0.6901061354422356,-4.755324440973782,1,1
proxy_hardened_no_worst_hours_high_margin,proxy_hardened_no_worst_hours_high_margin-000105,2022-10-28 13:30:00,2022-10-31 13:15:00,XAUUSD,15m,SELL,LONDON,1646.618,1652.3811070081535,1635.0917859836927,V50 realtime loss proxy | variant=proxy_hardened_no_worst_hours | Side=SELL | score=96.0 | opposite_score=4.0 | session=LONDON | RR=2.00,V50 realtime loss proxy,4.0,96.0,96.0,2.0,0.01,11.526214016307222,11.526214016307222,0.08,0.0,0.0,0.08,11.446214016307222,1220.2598979451802,1231.7061119614875,1231.7061119614875,0.0,0.0,11.446214016307222,1,0
proxy_hardened_no_worst_hours_high_margin,proxy_hardened_no_worst_hours_high_margin-000106,2022-10-31 13:45:00,2022-10-31 14:30:00,XAUUSD,15m,SELL,LONDON,1637.198,1640.78492984855,1630.0241403029,V50 realtime loss proxy | variant=proxy_hardened_no_worst_hours | Side=SELL | score=96.0 | opposite_score=4.0 | session=LONDON | RR=2.00,V50 realtime loss proxy,4.0,96.0,96.0,2.0000000000000635,0.01,-3.586929848549971,-3.586929848549971,0.08,0.0,0.0,0.08,-3.6669298485499713,1231.7061119614875,1228.0391821129376,1231.7061119614875,3.6669298485498985,0.2977114275019977,-3.6669298485499713,1,1
proxy_hardened_no_worst_hours_high_margin,proxy_hardened_no_worst_hours_high_margin-000107,2022-10-31 15:30:00,2022-11-01 05:45:00,XAUUSD,15m,SELL,LONDON,1637.358,1640.8009791336322,1630.4720417327355,V50 realtime loss proxy | variant=proxy_hardened_no_worst_hours | Side=SELL | score=96.0 | opposite_score=4.0 | session=LONDON | RR=2.00,V50 realtime loss proxy,4.0,96.0,96.0,2.0,0.01,-3.442979133632207,-3.442979133632207,0.08,0.0,0.0,0.08,-3.522979133632207,1228.0391821129376,1224.5162029793055,1231.7061119614875,7.189908982182033,0.5837357558234512,-7.189908982182178,2,2
proxy_hardened_no_worst_hours_high_margin,proxy_hardened_no_worst_hours_high_margin-000108,2022-11-01 18:15:00,2022-11-02 10:30:00,XAUUSD,15m,BUY,NEW YORK,1648.738,1644.905770932151,1656.4024581356982,V50 realtime loss proxy | variant=proxy_hardened_no_worst_hours | Side=BUY | score=78.0 | opposite_score=30.0 | session=NEW YORK | RR=2.00,V50 realtime loss proxy,78.0,30.0,78.0,2.0,0.01,7.664458135698169,7.664458135698169,0.08,0.0,0.0,0.08,7.584458135698169,1224.5162029793055,1232.1006611150037,1232.1006611150037,0.0,0.0,7.584458135698169,1,0
proxy_hardened_no_worst_hours_high_margin,proxy_hardened_no_worst_hours_high_margin-000109,2022-11-02 13:15:00,2022-11-02 13:45:00,XAUUSD,15m,BUY,LONDON,1656.018,1652.7849158908507,1662.4841682182987,V50 realtime loss proxy | variant=proxy_hardened_no_worst_hours | Side=BUY | score=85.0 | opposite_score=4.0 | session=LONDON | RR=2.00,V50 realtime loss proxy,85.0,4.0,85.0,2.0,0.01,-3.233084109149331,-3.233084109149331,0.08,0.0,0.0,0.08,-3.3130841091493313,1232.1006611150037,1228.7875770058545,1232.1006611150037,3.3130841091492584,0.2688971943372747,-3.3130841091493313,1,1
proxy_hardened_no_worst_hours_high_margin,proxy_hardened_no_worst_hours_high_margin-000110,2022-11-03 13:45:00,2022-11-03 14:00:00,XAUUSD,15m,SELL,LONDON,1619.108,1624.266729794494,1608.7905404110115,V50 realtime loss proxy | variant=proxy_hardened_no_worst_hours | Side=SELL | score=96.0 | opposite_score=4.0 | session=LONDON | RR=2.00,V50 realtime loss proxy,4.0,96.0,96.0,2.000000000000044,0.01,-5.158729794494093,-5.158729794494093,0.08,0.0,0.0,0.08,-5.238729794494093,1228.7875770058545,1223.5488472113605,1232.1006611150037,8.551813903643279,0.6940840284838591,-5.238729794494093,1,1
proxy_hardened_no_worst_hours_high_margin,proxy_hardened_no_worst_hours_high_margin-000111,2022-11-04 10:00:00,2022-11-04 12:30:00,XAUUSD,15m,BUY,LONDON,1646.178,1642.5108489432755,1653.5123021134493,V50 realtime loss proxy | variant=proxy_hardened_no_worst_hours | Side=BUY | score=85.0 | opposite_score=26.0 | session=LONDON | RR=2.00,V50 realtime loss proxy,85.0,26.0,85.0,2.0,0.01,7.334302113449212,7.334302113449212,0.08,0.0,0.0,0.08,7.254302113449212,1223.5488472113605,1230.8031493248097,1232.1006611150037,1.2975117901939939,0.10530891112580003,7.254302113449212,1,0
proxy_hardened_no_worst_hours_high_margin,proxy_hardened_no_worst_hours_high_margin-000112,2022-11-07 13:00:00,2022-11-08 00:00:00,XAUUSD,15m,BUY,LONDON,1676.168,1672.9049454606297,1682.6941090787402,V50 realtime loss proxy | variant=proxy_hardened_no_worst_hours | Side=BUY | score=85.0 | opposite_score=4.0 | session=LONDON | RR=2.00,V50 realtime loss proxy,85.0,4.0,85.0,2.0,0.01,-3.2630545393701595,-3.2630545393701595,0.08,0.0,0.0,0.08,-3.3430545393701596,1230.8031493248097,1227.4600947854397,1232.1006611150037,4.640566329564081,0.3766385715079924,-3.3430545393701596,1,1
proxy_hardened_no_worst_hours_high_margin,proxy_hardened_no_worst_hours_high_margin-000113,2022-11-09 15:15:00,2022-11-09 18:30:00,XAUUSD,15m,BUY,LONDON,1712.098,1706.7787070389718,1722.7365859220565,V50 realtime loss proxy | variant=proxy_hardened_no_worst_hours | Side=BUY | score=96.0 | opposite_score=4.0 | session=LONDON | RR=2.00,V50 realtime loss proxy,96.0,4.0,96.0,2.0000000000000426,0.01,-5.319292961028168,-5.319292961028168,0.08,0.0,0.0,0.08,-5.399292961028168,1227.4600947854397,1222.0608018244116,1232.1006611150037,10.039859290592176,0.8148570654532795,-5.399292961028168,1,1
proxy_hardened_no_worst_hours_high_margin,proxy_hardened_no_worst_hours_high_margin-000114,2022-11-11 13:00:00,2022-11-11 14:30:00,XAUUSD,15m,BUY,LONDON,1760.078,1755.5597394644426,1769.114521071115,V50 realtime loss proxy | variant=proxy_hardened_no_worst_hours | Side=BUY | score=96.0 | opposite_score=4.0 | session=LONDON | RR=2.00,V50 realtime loss proxy,96.0,4.0,96.0,2.00000000000005,0.01,-4.518260535557374,-4.518260535557374,0.08,0.0,0.0,0.08,-4.598260535557374,1222.0608018244116,1217.4625412888543,1232.1006611150037,14.638119826149477,1.1880620056564648,-4.598260535557374,1,1
proxy_hardened_no_worst_hours_high_margin,proxy_hardened_no_worst_hours_high_margin-000115,2022-11-11 14:45:00,2022-11-11 21:30:00,XAUUSD,15m,BUY,LONDON,1760.627,1755.5805646596534,1770.719870680693,V50 realtime loss proxy | variant=proxy_hardened_no_worst_hours | Side=BUY | score=78.0 | opposite_score=8.0 | session=LONDON | RR=2.00,V50 realtime loss proxy,78.0,8.0,78.0,2.0,0.01,10.092870680693068,10.092870680693068,0.08,0.0,0.0,0.08,10.012870680693068,1217.4625412888543,1227.4754119695474,1232.1006611150037,4.625249145456337,0.3753953951514533,5.414610145135693,2,0
proxy_hardened_no_worst_hours_high_margin,proxy_hardened_no_worst_hours_high_margin-000116,2022-11-14 14:00:00,2022-11-14 15:00:00,XAUUSD,15m,BUY,LONDON,1762.758,1758.7613629971686,1770.7512740056632,V50 realtime loss proxy | variant=proxy_hardened_no_worst_hours | Side=BUY | score=79.0 | opposite_score=15.0 | session=LONDON | RR=2.00,V50 realtime loss proxy,79.0,15.0,79.0,2.000000000000057,0.01,7.993274005663125,7.993274005663125,0.08,0.0,0.0,0.08,7.9132740056631246,1227.4754119695474,1235.3886859752106,1235.3886859752106,0.0,0.0,7.9132740056631246,1,0
proxy_hardened_no_worst_hours_high_margin,proxy_hardened_no_worst_hours_high_margin-000117,2022-11-14 21:00:00,2022-11-15 00:15:00,XAUUSD,15m,BUY,NEW YORK,1771.058,1767.9110259209037,1777.3519481581927,V50 realtime loss proxy | variant=proxy_hardened_no_worst_hours | Side=BUY | score=100.0 | opposite_score=8.0 | session=NEW YORK | RR=2.00,V50 realtime loss proxy,100.0,8.0,100.0,2.0000000000000724,0.01,-3.1469740790962533,-3.1469740790962533,0.08,0.0,0.0,0.08,-3.2269740790962533,1235.3886859752106,1232.1617118961144,1235.3886859752106,3.2269740790961805,0.26121123786630934,4.686299926566871,2,1
proxy_hardened_no_worst_hours_high_margin,proxy_hardened_no_worst_hours_high_margin-000118,2022-11-15 10:00:00,2022-11-15 13:30:00,XAUUSD,15m,BUY,LONDON,1775.958,1772.1065034209914,1783.6609931580176,V50 realtime loss proxy | variant=proxy_hardened_no_worst_hours | Side=BUY | score=96.0 | opposite_score=4.0 | session=LONDON | RR=2.00,V50 realtime loss proxy,96.0,4.0,96.0,2.000000000000059,0.01,7.702993158017534,7.702993158017534,0.08,0.0,0.0,0.08,7.622993158017534,1232.1617118961144,1239.784705054132,1239.784705054132,0.0,0.0,7.622993158017534,1,0
proxy_hardened_no_worst_hours_high_margin,proxy_hardened_no_worst_hours_high_margin-000119,2022-11-15 19:30:00,2022-11-17 01:45:00,XAUUSD,15m,BUY,NEW YORK,1775.647,1769.1711546598676,1788.5986906802648,V50 realtime loss proxy | variant=proxy_hardened_no_worst_hours | Side=BUY | score=100.0 | opposite_score=8.0 | session=NEW YORK | RR=2.00,V50 realtime loss proxy,100.0,8.0,100.0,2.000000000000035,0.01,-6.4758453401323095,-6.4758453401323095,0.08,0.0,0.0,0.08,-6.55584534013231,1239.784705054132,1233.2288597139998,1239.784705054132,6.555845340132237,0.5287890158191614,1.0671478178852247,2,1
proxy_hardened_no_worst_hours_high_margin,proxy_hardened_no_worst_hours_high_margin-000120,2022-11-21 10:45:00,2022-11-21 13:15:00,XAUUSD,15m,SELL,LONDON,1741.618,1744.778428498873,1735.297143002254,V50 realtime loss proxy | variant=proxy_hardened_no_worst_hours | Side=SELL | score=85.0 | opposite_score=4.0 | session=LONDON | RR=2.00,V50 realtime loss proxy,4.0,85.0,85.0,2.0,0.01,-3.1604284988729887,-3.1604284988729887,0.08,0.0,0.0,0.08,-3.240428498872989,1233.2288597139998,1229.9884312151269,1239.784705054132,9.796273839005153,0.7901592751603936,-3.240428498872989,1,1
proxy_hardened_no_worst_hours_high_margin,proxy_hardened_no_worst_hours_high_margin-000121,2022-11-24 10:15:00,2022-11-24 18:45:00,XAUUSD,15m,BUY,LONDON,1756.258,1753.7088190177374,1761.3563619645256,V50 realtime loss proxy | variant=proxy_hardened_no_worst_hours | Side=BUY | score=96.0 | opposite_score=4.0 | session=LONDON | RR=2.00,V50 realtime loss proxy,96.0,4.0,96.0,2.0000000000000893,0.01,-2.549180982262669,-2.549180982262669,0.08,0.0,0.0,0.08,-2.6291809822626693,1229.9884312151269,1227.3592502328643,1239.784705054132,12.42545482126775,1.0022268197545818,-2.6291809822626693,1,1
proxy_hardened_no_worst_hours_high_margin,proxy_hardened_no_worst_hours_high_margin-000122,2022-11-30 10:45:00,2022-11-30 13:15:00,XAUUSD,15m,BUY,LONDON,1758.498,1755.8323693875284,1763.8292612249436,V50 realtime loss proxy | variant=proxy_hardened_no_worst_hours | Side=BUY | score=90.0 | opposite_score=4.0 | session=LONDON | RR=2.00,V50 realtime loss proxy,90.0,4.0,90.0,2.0000000000000853,0.01,5.331261224943546,5.331261224943546,0.08,0.0,0.0,0.08,5.251261224943546,1227.3592502328643,1232.610511457808,1239.784705054132,7.17419359632413,0.5786644702969527,5.251261224943546,1,0
proxy_hardened_no_worst_hours_high_margin,proxy_hardened_no_worst_hours_high_margin-000123,2022-11-30 14:30:00,2022-11-30 14:45:00,XAUUSD,15m,BUY,LONDON,1762.198,1757.856696416628,1770.8806071667443,V50 realtime loss proxy | variant=proxy_hardened_no_worst_hours | Side=BUY | score=80.0 | opposite_score=8.0 | session=LONDON | RR=2.00,V50 realtime loss proxy,80.0,8.0,80.0,2.0,0.01,-4.34130358337211,-4.34130358337211,0.08,0.0,0.0,0.08,-4.42130358337211,1232.610511457808,1228.1892078744359,1239.784705054132,11.595497179696167,0.9352831287904847,0.8299576415714363,2,1
proxy_hardened_no_worst_hours_high_margin,proxy_hardened_no_worst_hours_high_margin-000124,2022-12-01 10:00:00,2022-12-01 13:00:00,XAUUSD,15m,BUY,LONDON,1778.948,1775.602556117453,1785.638887765094,V50 realtime loss proxy | variant=proxy_hardened_no_worst_hours | Side=BUY | score=96.0 | opposite_score=4.0 | session=LONDON | RR=2.00,V50 realtime loss proxy,96.0,4.0,96.0,2.0,0.01,6.690887765093976,6.690887765093976,0.08,0.0,0.0,0.08,6.610887765093976,1228.1892078744359,1234.80009563953,1239.784705054132,4.984609414602119,0.40205443689390236,6.610887765093976,1,0
proxy_hardened_no_worst_hours_high_margin,proxy_hardened_no_worst_hours_high_margin-000125,2022-12-02 21:00:00,2022-12-05 01:15:00,XAUUSD,15m,BUY,NEW YORK,1797.198,1793.9655017364853,1803.6629965270297,V50 realtime loss proxy | variant=proxy_hardened_no_worst_hours | Side=BUY | score=100.0 | opposite_score=8.0 | session=NEW YORK | RR=2.00,V50 realtime loss proxy,100.0,8.0,100.0,2.0,0.01,6.464996527029598,6.464996527029598,0.08,0.0,0.0,0.08,6.384996527029598,1234.80009563953,1241.1850921665596,1241.1850921665596,0.0,0.0,6.384996527029598,1,0
proxy_hardened_no_worst_hours_high_margin,proxy_hardened_no_worst_hours_high_margin-000126,2022-12-07 21:30:00,2022-12-08 01:15:00,XAUUSD,15m,BUY,NEW YORK,1785.958,1782.976402041472,1791.9211959170561,V50 realtime loss proxy | variant=proxy_hardened_no_worst_hours | Side=BUY | score=100.0 | opposite_score=8.0 | session=NEW YORK | RR=2.00,V50 realtime loss proxy,100.0,8.0,100.0,2.0,0.01,-2.9815979585280274,-2.9815979585280274,0.08,0.0,0.0,0.08,-3.0615979585280275,1241.1850921665596,1238.1234942080316,1241.1850921665596,3.0615979585279547,0.2466673164099772,-3.0615979585280275,1,1
proxy_hardened_no_worst_hours_high_margin,proxy_hardened_no_worst_hours_high_margin-000127,2022-12-08 13:00:00,2022-12-08 14:45:00,XAUUSD,15m,BUY,LONDON,1786.708,1783.9971764927866,1792.1296470144273,V50 realtime loss proxy | variant=proxy_hardened_no_worst_hours | Side=BUY | score=96.0 | opposite_score=4.0 | session=LONDON | RR=2.00,V50 realtime loss proxy,96.0,4.0,96.0,2.000000000000084,0.01,5.421647014427208,5.421647014427208,0.08,0.0,0.0,0.08,5.341647014427208,1238.1234942080316,1243.465141222459,1243.465141222459,0.0,0.0,5.341647014427208,1,0
proxy_hardened_no_worst_hours_high_margin,proxy_hardened_no_worst_hours_high_margin-000128,2022-12-08 15:45:00,2022-12-09 11:30:00,XAUUSD,15m,BUY,LONDON,1790.108,1785.716337294951,1798.8913254100978,V50 realtime loss proxy | variant=proxy_hardened_no_worst_hours | Side=BUY | score=96.0 | opposite_score=4.0 | session=LONDON | RR=2.00,V50 realtime loss proxy,96.0,4.0,96.0,2.0,0.01,8.78332541009786,8.78332541009786,0.08,0.0,0.0,0.08,8.70332541009786,1243.465141222459,1252.1684666325568,1252.1684666325568,0.0,0.0,14.044972424525067,2,0
proxy_hardened_no_worst_hours_high_margin,proxy_hardened_no_worst_hours_high_margin-000129,2022-12-13 18:00:00,2022-12-14 19:00:00,XAUUSD,15m,BUY,NEW YORK,1809.755,1803.493273479309,1822.2784530413824,V50 realtime loss proxy | variant=proxy_hardened_no_worst_hours | Side=BUY | score=100.0 | opposite_score=8.0 | session=NEW YORK | RR=2.00,V50 realtime loss proxy,100.0,8.0,100.0,2.0,0.01,-6.261726520691127,-6.261726520691127,0.08,0.0,0.0,0.08,-6.341726520691127,1252.1684666325568,1245.8267401118658,1252.1684666325568,6.341726520691054,0.5064595291834645,-6.341726520691127,1,1
proxy_hardened_no_worst_hours_high_margin,proxy_hardened_no_worst_hours_high_margin-000130,2022-12-15 13:45:00,2022-12-15 14:00:00,XAUUSD,15m,SELL,LONDON,1776.325,1781.2820631793143,1766.4108736413716,V50 realtime loss proxy | variant=proxy_hardened_no_worst_hours | Side=SELL | score=85.0 | opposite_score=4.0 | session=LONDON | RR=2.00,V50 realtime loss proxy,4.0,85.0,85.0,2.0,0.01,-4.957063179314218,-4.957063179314218,0.08,0.0,0.0,0.08,-5.037063179314218,1245.8267401118658,1240.7896769325516,1252.1684666325568,11.3787897000052,0.9087267411074531,-5.037063179314218,1,1
proxy_hardened_no_worst_hours_high_margin,proxy_hardened_no_worst_hours_high_margin-000131,2022-12-15 15:15:00,2022-12-16 07:00:00,XAUUSD,15m,SELL,LONDON,1778.095,1784.3221786927484,1765.6406426145031,V50 realtime loss proxy | variant=proxy_hardened_no_worst_hours | Side=SELL | score=85.0 | opposite_score=4.0 | session=LONDON | RR=2.00,V50 realtime loss proxy,4.0,85.0,85.0,2.0000000000000364,0.01,-6.227178692748339,-6.227178692748339,0.08,0.0,0.0,0.08,-6.307178692748339,1240.7896769325516,1234.4824982398034,1252.1684666325568,17.685968392753466,1.4124272303643095,-11.344241872062558,2,2
proxy_hardened_no_worst_hours_high_margin,proxy_hardened_no_worst_hours_high_margin-000132,2022-12-16 18:00:00,2022-12-19 08:15:00,XAUUSD,15m,BUY,NEW YORK,1789.795,1785.8567658343468,1797.6714683313066,V50 realtime loss proxy | variant=proxy_hardened_no_worst_hours | Side=BUY | score=89.0 | opposite_score=8.0 | session=NEW YORK | RR=2.00,V50 realtime loss proxy,89.0,8.0,89.0,2.0,0.01,7.876468331306569,7.876468331306569,0.08,0.0,0.0,0.08,7.796468331306569,1234.4824982398034,1242.27896657111,1252.1684666325568,9.889500061446824,0.7897898984824742,7.796468331306569,1,0
proxy_hardened_no_worst_hours_high_margin,proxy_hardened_no_worst_hours_high_margin-000133,2022-12-19 10:00:00,2022-12-19 13:00:00,XAUUSD,15m,BUY,LONDON,1795.925,1793.233931304953,1801.3071373900937,V50 realtime loss proxy | variant=proxy_hardened_no_worst_hours | Side=BUY | score=96.0 | opposite_score=4.0 | session=LONDON | RR=2.00,V50 realtime loss proxy,96.0,4.0,96.0,2.0,0.01,-2.6910686950468516,-2.6910686950468516,0.08,0.0,0.0,0.08,-2.7710686950468517,1242.27896657111,1239.5078978760632,1252.1684666325568,12.660568756493603,1.0110914859996063,-2.7710686950468517,1,1
proxy_hardened_no_worst_hours_high_margin,proxy_hardened_no_worst_hours_high_margin-000134,2022-12-21 14:15:00,2022-12-21 15:30:00,XAUUSD,15m,BUY,LONDON,1816.248,1813.5967176673435,1821.5505646653132,V50 realtime loss proxy | variant=proxy_hardened_no_worst_hours | Side=BUY | score=100.0 | opposite_score=8.0 | session=LONDON | RR=2.00,V50 realtime loss proxy,100.0,8.0,100.0,2.0,0.01,5.302564665313184,5.302564665313184,0.08,0.0,0.0,0.08,5.222564665313184,1239.5078978760632,1244.7304625413765,1252.1684666325568,7.438004091180346,0.5940098548546978,5.222564665313184,1,0
proxy_hardened_no_worst_hours_high_margin,proxy_hardened_no_worst_hours_high_margin-000135,2022-12-21 15:45:00,2022-12-21 19:45:00,XAUUSD,15m,BUY,LONDON,1817.715,1814.1271438704446,1824.8907122591106,V50 realtime loss proxy | variant=proxy_hardened_no_worst_hours | Side=BUY | score=96.0 | opposite_score=4.0 | session=LONDON | RR=2.00,V50 realtime loss proxy,96.0,4.0,96.0,2.0,0.01,-3.587856129555348,-3.587856129555348,0.08,0.0,0.0,0.08,-3.6678561295553482,1244.7304625413765,1241.0626064118212,1252.1684666325568,11.105860220735622,0.8869301948325286,1.554708535757836,2,1
proxy_hardened_no_worst_hours_high_margin,proxy_hardened_no_worst_hours_high_margin-000136,2022-12-23 14:45:00,2022-12-23 15:15:00,XAUUSD,15m,SELL,LONDON,1793.745,1797.1890225576005,1786.8569548847984,V50 realtime loss proxy | variant=proxy_hardened_no_worst_hours | Side=SELL | score=89.0 | opposite_score=8.0 | session=LONDON | RR=2.00,V50 realtime loss proxy,8.0,89.0,89.0,2.000000000000066,0.01,-3.444022557600647,-3.444022557600647,0.08,0.0,0.0,0.08,-3.524022557600647,1241.0626064118212,1237.5385838542206,1252.1684666325568,14.629882778336196,1.168363775976581,-3.524022557600647,1,1
proxy_hardened_no_worst_hours_high_margin,proxy_hardened_no_worst_hours_high_margin-000137,2022-12-27 13:00:00,2022-12-27 13:15:00,XAUUSD,15m,BUY,LONDON,1808.385,1806.40139356553,1812.35221286894,V50 realtime loss proxy | variant=proxy_hardened_no_worst_hours | Side=BUY | score=96.0 | opposite_score=4.0 | session=LONDON | RR=2.00,V50 realtime loss proxy,96.0,4.0,96.0,2.0,0.01,-1.983606434469948,-1.983606434469948,0.08,0.0,0.0,0.08,-2.063606434469948,1237.5385838542206,1235.4749774197508,1252.1684666325568,16.69348921280607,1.3331663955489705,-2.063606434469948,1,1
proxy_hardened_no_worst_hours_high_margin,proxy_hardened_no_worst_hours_high_margin-000138,2022-12-27 14:30:00,2022-12-27 15:00:00,XAUUSD,15m,BUY,LONDON,1808.048,1804.9056219413976,1814.3327561172048,V50 realtime loss proxy | variant=proxy_hardened_no_worst_hours | Side=BUY | score=80.0 | opposite_score=8.0 | session=LONDON | RR=2.00,V50 realtime loss proxy,80.0,8.0,80.0,2.0,0.01,6.284756117204779,6.284756117204779,0.08,0.0,0.0,0.08,6.204756117204779,1235.4749774197508,1241.6797335369556,1252.1684666325568,10.48873309560122,0.8376455225556394,4.141149682734831,2,0
proxy_hardened_no_worst_hours_high_margin,proxy_hardened_no_worst_hours_high_margin-000139,2022-12-30 13:30:00,2022-12-30 14:45:00,XAUUSD,15m,BUY,LONDON,1821.308,1818.2839313121667,1827.3561373756668,V50 realtime loss proxy | variant=proxy_hardened_no_worst_hours | Side=BUY | score=100.0 | opposite_score=4.0 | session=LONDON | RR=2.00,V50 realtime loss proxy,100.0,4.0,100.0,2.000000000000075,0.01,-3.024068687833278,-3.024068687833278,0.08,0.0,0.0,0.08,-3.104068687833278,1241.6797335369556,1238.5756648491224,1252.1684666325568,13.592801783434425,1.0855409751684133,-3.104068687833278,1,1
proxy_hardened_no_worst_hours_high_margin,proxy_hardened_no_worst_hours_high_margin-000140,2022-12-30 18:00:00,2022-12-30 19:00:00,XAUUSD,15m,BUY,NEW YORK,1822.805,1818.7267528528234,1830.9614942943535,V50 realtime loss proxy | variant=proxy_hardened_no_worst_hours | Side=BUY | score=100.0 | opposite_score=15.0 | session=NEW YORK | RR=2.00,V50 realtime loss proxy,100.0,15.0,100.0,2.000000000000056,0.01,-4.078247147176626,-4.078247147176626,0.08,0.0,0.0,0.08,-4.158247147176626,1238.5756648491224,1234.4174177019459,1252.1684666325568,17.751048930610978,1.4176246570358606,-7.262315835009904,2,2
proxy_hardened_no_worst_hours_high_margin,proxy_hardened_no_worst_hours_high_margin-000141,2023-01-03 13:15:00,2023-01-03 14:30:00,XAUUSD,15m,BUY,LONDON,1838.785,1834.4851788221274,1847.3846423557454,V50 realtime loss proxy | variant=proxy_hardened_no_worst_hours | Side=BUY | score=96.0 | opposite_score=4.0 | session=LONDON | RR=2.00,V50 realtime loss proxy,96.0,4.0,96.0,2.0,0.01,8.599642355745345,8.599642355745345,0.08,0.0,0.0,0.08,8.519642355745345,1234.4174177019459,1242.9370600576913,1252.1684666325568,9.23140657486556,0.7372335928320797,8.519642355745345,1,0
proxy_hardened_no_worst_hours_high_margin,proxy_hardened_no_worst_hours_high_margin-000142,2023-01-03 18:15:00,2023-01-04 07:00:00,XAUUSD,15m,BUY,NEW YORK,1839.985,1834.6403853643453,1850.674229271309,V50 realtime loss proxy | variant=proxy_hardened_no_worst_hours | Side=BUY | score=100.0 | opposite_score=8.0 | session=NEW YORK | RR=2.00,V50 realtime loss proxy,100.0,8.0,100.0,2.0,0.01,10.68922927130916,10.68922927130916,0.08,0.0,0.0,0.08,10.60922927130916,1242.9370600576913,1253.5462893290005,1253.5462893290005,0.0,0.0,19.128871627054505,2,0
proxy_hardened_no_worst_hours_high_margin,proxy_hardened_no_worst_hours_high_margin-000143,2023-01-04 13:15:00,2023-01-04 15:00:00,XAUUSD,15m,BUY,LONDON,1859.085,1854.9332680461055,1867.3884639077892,V50 realtime loss proxy | variant=proxy_hardened_no_worst_hours | Side=BUY | score=96.0 | opposite_score=4.0 | session=LONDON | RR=2.00,V50 realtime loss proxy,96.0,4.0,96.0,2.0,0.01,-4.1517319538945685,-4.1517319538945685,0.08,0.0,0.0,0.08,-4.231731953894569,1253.5462893290005,1249.314557375106,1253.5462893290005,4.231731953894496,0.33758082887865765,-4.231731953894569,1,1
proxy_hardened_no_worst_hours_high_margin,proxy_hardened_no_worst_hours_high_margin-000144,2023-01-04 21:00:00,2023-01-05 04:00:00,XAUUSD,15m,BUY,NEW YORK,1856.218,1851.6578450142501,1865.3383099715002,V50 realtime loss proxy | variant=proxy_hardened_no_worst_hours | Side=BUY | score=100.0 | opposite_score=8.0 | session=NEW YORK | RR=2.00,V50 realtime loss proxy,100.0,8.0,100.0,2.0000000000000497,0.01,-4.560154985749932,-4.560154985749932,0.08,0.0,0.0,0.08,-4.640154985749932,1249.314557375106,1244.6744023893561,1253.5462893290005,8.871886939644355,0.7077430658259383,-8.8718869396445,2,2
proxy_hardened_no_worst_hours_high_margin,proxy_hardened_no_worst_hours_high_margin-000145,2023-01-06 13:30:00,2023-01-06 14:30:00,XAUUSD,15m,BUY,LONDON,1847.648,1843.0491003573202,1856.8457992853594,V50 realtime loss proxy | variant=proxy_hardened_no_worst_hours | Side=BUY | score=80.0 | opposite_score=18.0 | session=LONDON | RR=2.00,V50 realtime loss proxy,80.0,18.0,80.0,2.0,0.01,-4.598899642679726,-4.598899642679726,0.08,0.0,0.0,0.08,-4.678899642679726,1244.6744023893561,1239.9955027466765,1253.5462893290005,13.550786582324008,1.080996106619843,-4.678899642679726,1,1
proxy_hardened_no_worst_hours_high_margin,proxy_hardened_no_worst_hours_high_margin-000146,2023-01-06 14:45:00,2023-01-06 15:00:00,XAUUSD,15m,BUY,LONDON,1843.408,1837.5716191225576,1855.0807617548844,V50 realtime loss proxy | variant=proxy_hardened_no_worst_hours | Side=BUY | score=100.0 | opposite_score=8.0 | session=LONDON | RR=2.00,V50 realtime loss proxy,100.0,8.0,100.0,2.0,0.01,11.672761754884505,11.672761754884505,0.08,0.0,0.0,0.08,11.592761754884505,1239.9955027466765,1251.588264501561,1253.5462893290005,1.9580248274394307,0.15619884515692867,6.913862112204779,2,0
proxy_hardened_no_worst_hours_high_margin,proxy_hardened_no_worst_hours_high_margin-000147,2023-01-09 15:00:00,2023-01-09 15:30:00,XAUUSD,15m,BUY,LONDON,1877.225,1873.3685085092493,1884.9379829815011,V50 realtime loss proxy | variant=proxy_hardened_no_worst_hours | Side=BUY | score=96.0 | opposite_score=4.0 | session=LONDON | RR=2.00,V50 realtime loss proxy,96.0,4.0,96.0,2.0,0.01,-3.8564914907506136,-3.8564914907506136,0.08,0.0,0.0,0.08,-3.9364914907506137,1251.588264501561,1247.6517730108105,1253.5462893290005,5.894516318189972,0.470227255935255,-3.9364914907506137,1,1
proxy_hardened_no_worst_hours_high_margin,proxy_hardened_no_worst_hours_high_margin-000148,2023-01-10 10:00:00,2023-01-10 12:30:00,XAUUSD,15m,BUY,LONDON,1874.835,1871.9434840829322,1880.618031834136,V50 realtime loss proxy | variant=proxy_hardened_no_worst_hours | Side=BUY | score=96.0 | opposite_score=4.0 | session=LONDON | RR=2.00,V50 realtime loss proxy,96.0,4.0,96.0,2.0000000000000786,0.01,-2.8915159170678635,-2.8915159170678635,0.08,0.0,0.0,0.08,-2.9715159170678636,1247.6517730108105,1244.6802570937427,1253.5462893290005,8.866032235257762,0.707276014514277,-2.9715159170678636,1,1
proxy_hardened_no_worst_hours_high_margin,proxy_hardened_no_worst_hours_high_margin-000149,2023-01-10 14:30:00,2023-01-10 16:45:00,XAUUSD,15m,BUY,LONDON,1876.395,1872.5991120212161,1883.9867759575677,V50 realtime loss proxy | variant=proxy_hardened_no_worst_hours | Side=BUY | score=100.0 | opposite_score=15.0 | session=LONDON | RR=2.00,V50 realtime loss proxy,100.0,15.0,100.0,2.0,0.01,-3.795887978783867,-3.795887978783867,0.08,0.0,0.0,0.08,-3.875887978783867,1244.6802570937427,1240.804369114959,1253.5462893290005,12.741920214041556,1.0164698601486877,-6.8474038958517305,2,2
proxy_hardened_no_worst_hours_high_margin,proxy_hardened_no_worst_hours_high_margin-000150,2023-01-11 10:30:00,2023-01-11 12:00:00,XAUUSD,15m,BUY,LONDON,1883.035,1880.0594704961836,1888.986059007633,V50 realtime loss proxy | variant=proxy_hardened_no_worst_hours | Side=BUY | score=96.0 | opposite_score=4.0 | session=LONDON | RR=2.00,V50 realtime loss proxy,96.0,4.0,96.0,2.0,0.01,-2.9755295038164604,-2.9755295038164604,0.08,0.0,0.0,0.08,-3.0555295038164605,1240.804369114959,1237.7488396111426,1253.5462893290005,15.797449717857944,1.2602206916757752,-3.0555295038164605,1,1
proxy_hardened_no_worst_hours_high_margin,proxy_hardened_no_worst_hours_high_margin-000151,2023-01-12 10:15:00,2023-01-12 12:15:00,XAUUSD,15m,BUY,LONDON,1883.245,1880.986251083428,1887.762497833144,V50 realtime loss proxy | variant=proxy_hardened_no_worst_hours | Side=BUY | score=90.0 | opposite_score=4.0 | session=LONDON | RR=2.00,V50 realtime loss proxy,90.0,4.0,90.0,2.000000000000101,0.01,4.517497833144034,4.517497833144034,0.08,0.0,0.0,0.08,4.437497833144034,1237.7488396111426,1242.1863374442867,1253.5462893290005,11.359951884713837,0.9062251614812408,4.437497833144034,1,0
proxy_hardened_no_worst_hours_high_margin,proxy_hardened_no_worst_hours_high_margin-000152,2023-01-13 14:00:00,2023-01-13 14:45:00,XAUUSD,15m,BUY,LONDON,1901.978,1897.809716737041,1910.314566525918,V50 realtime loss proxy | variant=proxy_hardened_no_worst_hours | Side=BUY | score=94.0 | opposite_score=8.0 | session=LONDON | RR=2.00,V50 realtime loss proxy,94.0,8.0,94.0,2.0,0.01,8.336566525917988,8.336566525917988,0.08,0.0,0.0,0.08,8.256566525917988,1242.1863374442867,1250.4429039702047,1253.5462893290005,3.1033853587957765,0.24756846916733802,8.256566525917988,1,0
proxy_hardened_no_worst_hours_high_margin,proxy_hardened_no_worst_hours_high_margin-000153,2023-01-17 14:30:00,2023-01-17 17:15:00,XAUUSD,15m,BUY,LONDON,1911.665,1907.5469502469848,1919.9010995060303,V50 realtime loss proxy | variant=proxy_hardened_no_worst_hours | Side=BUY | score=80.0 | opposite_score=8.0 | session=LONDON | RR=2.00,V50 realtime loss proxy,80.0,8.0,80.0,2.0,0.01,-4.118049753015157,-4.118049753015157,0.08,0.0,0.0,0.08,-4.198049753015157,1250.4429039702047,1246.2448542171896,1253.5462893290005,7.301435111810861,0.5824623449461273,-4.198049753015157,1,1
proxy_hardened_no_worst_hours_high_margin,proxy_hardened_no_worst_hours_high_margin-000154,2023-01-18 15:15:00,2023-01-18 15:45:00,XAUUSD,15m,BUY,LONDON,1917.905,1912.7536607772129,1928.2076784455742,V50 realtime loss proxy | variant=proxy_hardened_no_worst_hours | Side=BUY | score=96.0 | opposite_score=4.0 | session=LONDON | RR=2.00,V50 realtime loss proxy,96.0,4.0,96.0,2.0,0.01,-5.151339222787101,-5.151339222787101,0.08,0.0,0.0,0.08,-5.231339222787101,1246.2448542171896,1241.0135149944026,1253.5462893290005,12.532774334597889,0.9997855237804137,-5.231339222787101,1,1
proxy_hardened_no_worst_hours_high_margin,proxy_hardened_no_worst_hours_high_margin-000155,2023-01-19 14:00:00,2023-01-19 15:30:00,XAUUSD,15m,BUY,LONDON,1914.355,1910.1758817790108,1922.7132364419786,V50 realtime loss proxy | variant=proxy_hardened_no_worst_hours | Side=BUY | score=98.0 | opposite_score=8.0 | session=LONDON | RR=2.00,V50 realtime loss proxy,98.0,8.0,98.0,2.0,0.01,8.358236441978534,8.358236441978534,0.08,0.0,0.0,0.08,8.278236441978533,1241.0135149944026,1249.2917514363812,1253.5462893290005,4.2545378926192825,0.33940014252657996,8.278236441978533,1,0
proxy_hardened_no_worst_hours_high_margin,proxy_hardened_no_worst_hours_high_margin-000156,2023-01-23 19:45:00,2023-01-24 01:30:00,XAUUSD,15m,BUY,NEW YORK,1926.335,1922.449410087932,1934.1061798241362,V50 realtime loss proxy | variant=proxy_hardened_no_worst_hours | Side=BUY | score=80.0 | opposite_score=8.0 | session=NEW YORK | RR=2.00,V50 realtime loss proxy,80.0,8.0,80.0,2.0,0.01,7.771179824136198,7.771179824136198,0.08,0.0,0.0,0.08,7.6911798241361975,1249.2917514363812,1256.9829312605175,1256.9829312605175,0.0,0.0,7.6911798241361975,1,0
proxy_hardened_no_worst_hours_high_margin,proxy_hardened_no_worst_hours_high_margin-000157,2023-01-24 10:15:00,2023-01-24 13:30:00,XAUUSD,15m,BUY,LONDON,1936.795,1933.853291975201,1942.6784160495981,V50 realtime loss proxy | variant=proxy_hardened_no_worst_hours | Side=BUY | score=90.0 | opposite_score=4.0 | session=LONDON | RR=2.00,V50 realtime loss proxy,90.0,4.0,90.0,2.0,0.01,-2.941708024799027,-2.941708024799027,0.08,0.0,0.0,0.08,-3.021708024799027,1256.9829312605175,1253.9612232357185,1256.9829312605175,3.0217080247989543,0.24039371972766166,-3.021708024799027,1,1
proxy_hardened_no_worst_hours_high_margin,proxy_hardened_no_worst_hours_high_margin-000158,2023-02-01 14:30:00,2023-02-01 15:00:00,XAUUSD,15m,BUY,LONDON,1929.307,1925.7289877806736,1936.463024438653,V50 realtime loss proxy | variant=proxy_hardened_no_worst_hours | Side=BUY | score=94.0 | opposite_score=8.0 | session=LONDON | RR=2.00,V50 realtime loss proxy,94.0,8.0,94.0,2.0000000000000635,0.01,-3.5780122193264106,-3.5780122193264106,0.08,0.0,0.0,0.08,-3.6580122193264106,1253.9612232357185,1250.3032110163922,1256.9829312605175,6.679720244125292,0.5314089855959133,-3.6580122193264106,1,1
proxy_hardened_no_worst_hours_high_margin,proxy_hardened_no_worst_hours_high_margin-000159,2023-02-01 19:30:00,2023-02-01 20:30:00,XAUUSD,15m,BUY,NEW YORK,1938.698,1932.4763824200738,1951.1412351598528,V50 realtime loss proxy | variant=proxy_hardened_no_worst_hours | Side=BUY | score=84.0 | opposite_score=8.0 | session=NEW YORK | RR=2.00,V50 realtime loss proxy,84.0,8.0,84.0,2.0000000000000364,0.01,12.443235159852748,12.443235159852748,0.08,0.0,0.0,0.08,12.363235159852747,1250.3032110163922,1262.666446176245,1262.666446176245,0.0,0.0,8.705222940526337,2,0
proxy_hardened_no_worst_hours_high_margin,proxy_hardened_no_worst_hours_high_margin-000160,2023-02-02 10:15:00,2023-02-02 10:45:00,XAUUSD,15m,BUY,LONDON,1955.215,1951.7833005294099,1962.0783989411802,V50 realtime loss proxy | variant=proxy_hardened_no_worst_hours | Side=BUY | score=96.0 | opposite_score=4.0 | session=LONDON | RR=2.00,V50 realtime loss proxy,96.0,4.0,96.0,2.000000000000066,0.01,-3.431699470590047,-3.431699470590047,0.08,0.0,0.0,0.08,-3.511699470590047,1262.666446176245,1259.154746705655,1262.666446176245,3.5116994705899742,0.2781177468700871,-3.511699470590047,1,1
proxy_hardened_no_worst_hours_high_margin,proxy_hardened_no_worst_hours_high_margin-000161,2023-02-03 13:15:00,2023-02-03 13:30:00,XAUUSD,15m,SELL,LONDON,1913.438,1916.9104503983472,1906.493099203306,V50 realtime loss proxy | variant=proxy_hardened_no_worst_hours | Side=SELL | score=85.0 | opposite_score=4.0 | session=LONDON | RR=2.00,V50 realtime loss proxy,4.0,85.0,85.0,2.0,0.01,6.944900796694128,6.944900796694128,0.08,0.0,0.0,0.08,6.864900796694128,1259.154746705655,1266.0196475023492,1266.0196475023492,0.0,0.0,6.864900796694128,1,0
proxy_hardened_no_worst_hours_high_margin,proxy_hardened_no_worst_hours_high_margin-000162,2023-02-06 10:00:00,2023-02-06 15:45:00,XAUUSD,15m,SELL,LONDON,1873.045,1877.1587627818712,1864.8174744362577,V50 realtime loss proxy | variant=proxy_hardened_no_worst_hours | Side=SELL | score=85.0 | opposite_score=4.0 | session=LONDON | RR=2.00,V50 realtime loss proxy,4.0,85.0,85.0,2.0,0.01,8.227525563742347,8.227525563742347,0.08,0.0,0.0,0.08,8.147525563742347,1266.0196475023492,1274.1671730660917,1274.1671730660917,0.0,0.0,8.147525563742347,1,0
proxy_hardened_no_worst_hours_high_margin,proxy_hardened_no_worst_hours_high_margin-000163,2023-02-07 13:00:00,2023-02-07 15:30:00,XAUUSD,15m,SELL,LONDON,1869.095,1873.0582251634598,1861.1685496730802,V50 realtime loss proxy | variant=proxy_hardened_no_worst_hours | Side=SELL | score=85.0 | opposite_score=4.0 | session=LONDON | RR=2.00,V50 realtime loss proxy,4.0,85.0,85.0,2.0000000000000573,0.01,-3.9632251634598106,-3.9632251634598106,0.08,0.0,0.0,0.08,-4.043225163459811,1274.1671730660917,1270.123947902632,1274.1671730660917,4.043225163459738,0.31732297369820983,-4.043225163459811,1,1
proxy_hardened_no_worst_hours_high_margin,proxy_hardened_no_worst_hours_high_margin-000164,2023-02-14 14:45:00,2023-02-14 15:00:00,XAUUSD,15m,SELL,LONDON,1856.148,1864.4434439749573,1839.5571120500852,V50 realtime loss proxy | variant=proxy_hardened_no_worst_hours | Side=SELL | score=80.0 | opposite_score=8.0 | session=LONDON | RR=2.00,V50 realtime loss proxy,8.0,80.0,80.0,2.0,0.01,-8.29544397495738,-8.29544397495738,0.08,0.0,0.0,0.08,-8.37544397495738,1270.123947902632,1261.7485039276746,1274.1671730660917,12.418669138417044,0.9746499047321542,-8.37544397495738,1,1
proxy_hardened_no_worst_hours_high_margin,proxy_hardened_no_worst_hours_high_margin-000165,2023-02-15 14:45:00,2023-02-15 20:45:00,XAUUSD,15m,SELL,LONDON,1833.298,1838.0708657979478,1823.7522684041044,V50 realtime loss proxy | variant=proxy_hardened_no_worst_hours | Side=SELL | score=100.0 | opposite_score=8.0 | session=LONDON | RR=2.00,V50 realtime loss proxy,8.0,100.0,100.0,2.0,0.01,-4.772865797947816,-4.772865797947816,0.08,0.0,0.0,0.08,-4.852865797947816,1261.7485039276746,1256.8956381297269,1274.1671730660917,17.271534936364787,1.3555156106245805,-4.852865797947816,1,1
proxy_hardened_no_worst_hours_high_margin,proxy_hardened_no_worst_hours_high_margin-000166,2023-02-16 15:00:00,2023-02-16 16:15:00,XAUUSD,15m,SELL,LONDON,1831.595,1836.6911229208763,1821.4027541582473,V50 realtime loss proxy | variant=proxy_hardened_no_worst_hours | Side=SELL | score=90.0 | opposite_score=11.0 | session=LONDON | RR=2.00,V50 realtime loss proxy,11.0,90.0,90.0,2.0000000000000444,0.01,-5.096122920876269,-5.096122920876269,0.08,0.0,0.0,0.08,-5.176122920876269,1256.8956381297269,1251.7195152088507,1274.1671730660917,22.447657857240984,1.7617513880242317,-5.176122920876269,1,1
proxy_hardened_no_worst_hours_high_margin,proxy_hardened_no_worst_hours_high_margin-000167,2023-02-17 14:30:00,2023-02-17 15:00:00,XAUUSD,15m,SELL,LONDON,1825.635,1829.563602328435,1817.7777953431298,V50 realtime loss proxy | variant=proxy_hardened_no_worst_hours | Side=SELL | score=78.0 | opposite_score=8.0 | session=LONDON | RR=2.00,V50 realtime loss proxy,8.0,78.0,78.0,2.0,0.01,-3.9286023284350904,-3.9286023284350904,0.08,0.0,0.0,0.08,-4.0086023284350905,1251.7195152088507,1247.7109128804157,1274.1671730660917,26.456260185676,2.076357070321706,-4.0086023284350905,1,1
proxy_hardened_no_worst_hours_high_margin,proxy_hardened_no_worst_hours_high_margin-000168,2023-02-21 10:00:00,2023-02-21 14:00:00,XAUUSD,15m,SELL,LONDON,1835.635,1838.745802081171,1829.4133958376578,V50 realtime loss proxy | variant=proxy_hardened_no_worst_hours | Side=SELL | score=90.0 | opposite_score=4.0 | session=LONDON | RR=2.00,V50 realtime loss proxy,4.0,90.0,90.0,2.0000000000000733,0.01,-3.1108020811709594,-3.1108020811709594,0.08,0.0,0.0,0.08,-3.1908020811709594,1247.7109128804157,1244.5201107992448,1274.1671730660917,29.647062266846888,2.3267796324956085,-3.1908020811709594,1,1
proxy_hardened_no_worst_hours_high_margin,proxy_hardened_no_worst_hours_high_margin-000169,2023-02-27 10:00:00,2023-02-27 11:00:00,XAUUSD,15m,SELL,LONDON,1808.858,1811.461137824256,1803.6517243514877,V50 realtime loss proxy | variant=proxy_hardened_no_worst_hours | Side=SELL | score=96.0 | opposite_score=4.0 | session=LONDON | RR=2.00,V50 realtime loss proxy,4.0,96.0,96.0,2.0000000000000875,0.01,-2.6031378242560095,-2.6031378242560095,0.08,0.0,0.0,0.08,-2.6831378242560096,1244.5201107992448,1241.8369729749888,1274.1671730660917,32.330200091102824,2.537359364965043,-2.6831378242560096,1,1
proxy_hardened_no_worst_hours_high_margin,proxy_hardened_no_worst_hours_high_margin-000170,2023-02-28 10:00:00,2023-02-28 13:45:00,XAUUSD,15m,SELL,LONDON,1810.645,1813.8458290683739,1804.243341863252,V50 realtime loss proxy | variant=proxy_hardened_no_worst_hours | Side=SELL | score=90.0 | opposite_score=4.0 | session=LONDON | RR=2.00,V50 realtime loss proxy,4.0,90.0,90.0,2.000000000000071,0.01,-3.200829068373878,-3.200829068373878,0.08,0.0,0.0,0.08,-3.280829068373878,1241.8369729749888,1238.556143906615,1274.1671730660917,35.61102915947663,2.7948474825155043,-3.280829068373878,1,1
proxy_hardened_no_worst_hours_high_margin,proxy_hardened_no_worst_hours_high_margin-000171,2023-02-28 21:00:00,2023-03-01 00:45:00,XAUUSD,15m,BUY,NEW YORK,1826.555,1823.6740577585276,1832.316884482945,V50 realtime loss proxy | variant=proxy_hardened_no_worst_hours | Side=BUY | score=83.0 | opposite_score=30.0 | session=NEW YORK | RR=2.00,V50 realtime loss proxy,83.0,30.0,83.0,2.0,0.01,-2.8809422414724395,-2.8809422414724395,0.08,0.0,0.0,0.08,-2.9609422414724396,1238.556143906615,1235.5952016651427,1274.1671730660917,38.571971400948996,3.0272300382791486,-6.2417713098463175,2,2
proxy_hardened_no_worst_hours_high_margin,proxy_hardened_no_worst_hours_high_margin-000172,2023-03-01 13:15:00,2023-03-01 14:45:00,XAUUSD,15m,BUY,LONDON,1836.805,1833.1289395661684,1844.1571208676635,V50 realtime loss proxy | variant=proxy_hardened_no_worst_hours | Side=BUY | score=85.0 | opposite_score=4.0 | session=LONDON | RR=2.00,V50 realtime loss proxy,85.0,4.0,85.0,2.0,0.01,7.352120867663416,7.352120867663416,0.08,0.0,0.0,0.08,7.272120867663416,1235.5952016651427,1242.8673225328062,1274.1671730660917,31.299850533285507,2.456494814410194,7.272120867663416,1,0
proxy_hardened_no_worst_hours_high_margin,proxy_hardened_no_worst_hours_high_margin-000173,2023-03-01 15:15:00,2023-03-02 01:30:00,XAUUSD,15m,BUY,LONDON,1838.165,1832.893839365187,1848.7073212696262,V50 realtime loss proxy | variant=proxy_hardened_no_worst_hours | Side=BUY | score=85.0 | opposite_score=4.0 | session=LONDON | RR=2.00,V50 realtime loss proxy,85.0,4.0,85.0,2.000000000000043,0.01,-5.271160634812986,-5.271160634812986,0.08,0.0,0.0,0.08,-5.351160634812986,1242.8673225328062,1237.5161618979932,1274.1671730660917,36.65101116809842,2.8764680132123694,1.9209602328504296,2,1
proxy_hardened_no_worst_hours_high_margin,proxy_hardened_no_worst_hours_high_margin-000174,2023-03-02 15:00:00,2023-03-02 17:15:00,XAUUSD,15m,BUY,LONDON,1836.535,1832.5602720166203,1844.4844559667597,V50 realtime loss proxy | variant=proxy_hardened_no_worst_hours | Side=BUY | score=85.0 | opposite_score=4.0 | session=LONDON | RR=2.00,V50 realtime loss proxy,85.0,4.0,85.0,2.0,0.01,-3.9747279833798075,-3.9747279833798075,0.08,0.0,0.0,0.08,-4.0547279833798076,1237.5161618979932,1233.4614339146135,1274.1671730660917,40.705739151478156,3.194693758553355,-4.0547279833798076,1,1
proxy_hardened_no_worst_hours_high_margin,proxy_hardened_no_worst_hours_high_margin-000175,2023-03-02 19:00:00,2023-03-03 06:15:00,XAUUSD,15m,BUY,NEW YORK,1835.495,1832.0938114204748,1842.29737715905,V50 realtime loss proxy | variant=proxy_hardened_no_worst_hours | Side=BUY | score=89.0 | opposite_score=8.0 | session=NEW YORK | RR=2.00,V50 realtime loss proxy,89.0,8.0,89.0,2.0,0.01,6.802377159050138,6.802377159050138,0.08,0.0,0.0,0.08,6.722377159050138,1233.4614339146135,1240.1838110736637,1274.1671730660917,33.983361992427945,2.6671038707308785,2.6676491756703307,2,0
proxy_hardened_no_worst_hours_high_margin,proxy_hardened_no_worst_hours_high_margin-000176,2023-03-03 13:00:00,2023-03-03 14:15:00,XAUUSD,15m,BUY,LONDON,1845.955,1843.3642919340855,1851.136416131829,V50 realtime loss proxy | variant=proxy_hardened_no_worst_hours | Side=BUY | score=85.0 | opposite_score=4.0 | session=LONDON | RR=2.00,V50 realtime loss proxy,85.0,4.0,85.0,2.000000000000088,0.01,-2.5907080659144412,-2.5907080659144412,0.08,0.0,0.0,0.08,-2.6707080659144413,1240.1838110736637,1237.5131030077494,1274.1671730660917,36.65407005834231,2.8767080829856737,-2.6707080659144413,1,1
proxy_hardened_no_worst_hours_high_margin,proxy_hardened_no_worst_hours_high_margin-000177,2023-03-10 10:00:00,2023-03-10 13:30:00,XAUUSD,15m,BUY,LONDON,1833.105,1829.8344266167135,1839.6461467665733,V50 realtime loss proxy | variant=proxy_hardened_no_worst_hours | Side=BUY | score=85.0 | opposite_score=4.0 | session=LONDON | RR=2.00,V50 realtime loss proxy,85.0,4.0,85.0,2.0000000000000697,0.01,6.54114676657332,6.54114676657332,0.08,0.0,0.0,0.08,6.46114676657332,1237.5131030077494,1243.9742497743227,1274.1671730660917,30.19292329176892,2.3696202452865105,6.46114676657332,1,0
proxy_hardened_no_worst_hours_high_margin,proxy_hardened_no_worst_hours_high_margin-000178,2023-03-13 10:15:00,2023-03-13 12:15:00,XAUUSD,15m,BUY,LONDON,1883.935,1878.085330173686,1895.6343396526277,V50 realtime loss proxy | variant=proxy_hardened_no_worst_hours | Side=BUY | score=85.0 | opposite_score=4.0 | session=LONDON | RR=2.00,V50 realtime loss proxy,85.0,4.0,85.0,2.0,0.01,11.699339652627714,11.699339652627714,0.08,0.0,0.0,0.08,11.619339652627714,1243.9742497743227,1255.5935894269505,1274.1671730660917,18.573583639141134,1.4577038266059388,11.619339652627714,1,0
proxy_hardened_no_worst_hours_high_margin,proxy_hardened_no_worst_hours_high_margin-000179,2023-03-15 10:00:00,2023-03-15 11:30:00,XAUUSD,15m,BUY,LONDON,1905.145,1899.7067025521064,1916.0215948957873,V50 realtime loss proxy | variant=proxy_hardened_no_worst_hours | Side=BUY | score=79.0 | opposite_score=4.0 | session=LONDON | RR=2.00,V50 realtime loss proxy,79.0,4.0,79.0,2.0000000000000417,0.01,10.87659489578732,10.87659489578732,0.08,0.0,0.0,0.08,10.79659489578732,1255.5935894269505,1266.390184322738,1274.1671730660917,7.776988743353741,0.6103585862002383,10.79659489578732,1,0
proxy_hardened_no_worst_hours_high_margin,proxy_hardened_no_worst_hours_high_margin-000180,2023-03-15 14:15:00,2023-03-15 18:30:00,XAUUSD,15m,BUY,LONDON,1919.925,1910.9559242891467,1937.8631514217066,V50 realtime loss proxy | variant=proxy_hardened_no_worst_hours | Side=BUY | score=100.0 | opposite_score=8.0 | session=LONDON | RR=2.00,V50 realtime loss proxy,100.0,8.0,100.0,2.0,0.01,-8.969075710853303,-8.969075710853303,0.08,0.0,0.0,0.08,-9.049075710853304,1266.390184322738,1257.3411086118847,1274.1671730660917,16.82606445420697,1.320553912381652,1.747519184934017,2,1
proxy_hardened_no_worst_hours_high_margin,proxy_hardened_no_worst_hours_high_margin-000181,2023-03-16 14:00:00,2023-03-16 14:45:00,XAUUSD,15m,BUY,LONDON,1928.505,1922.4784261146785,1940.5581477706432,V50 realtime loss proxy | variant=proxy_hardened_no_worst_hours | Side=BUY | score=100.0 | opposite_score=8.0 | session=LONDON | RR=2.00,V50 realtime loss proxy,100.0,8.0,100.0,2.0,0.01,-6.026573885321568,-6.026573885321568,0.08,0.0,0.0,0.08,-6.106573885321568,1257.3411086118847,1251.2345347265632,1274.1671730660917,22.932638339528467,1.799813935273856,-6.106573885321568,1,1
proxy_hardened_no_worst_hours_high_margin,proxy_hardened_no_worst_hours_high_margin-000182,2023-03-17 10:15:00,2023-03-17 12:15:00,XAUUSD,15m,BUY,LONDON,1931.595,1928.1627571605857,1938.4594856788287,V50 realtime loss proxy | variant=proxy_hardened_no_worst_hours | Side=BUY | score=96.0 | opposite_score=4.0 | session=LONDON | RR=2.00,V50 realtime loss proxy,96.0,4.0,96.0,2.0,0.01,6.864485678828714,6.864485678828714,0.08,0.0,0.0,0.08,6.784485678828714,1251.2345347265632,1258.019020405392,1274.1671730660917,16.14815266069968,1.2673496070253936,6.784485678828714,1,0
proxy_hardened_no_worst_hours_high_margin,proxy_hardened_no_worst_hours_high_margin-000183,2023-03-20 18:15:00,2023-03-21 06:30:00,XAUUSD,15m,BUY,NEW YORK,1981.715,1975.2077996762143,1994.729400647571,V50 realtime loss proxy | variant=proxy_hardened_no_worst_hours | Side=BUY | score=79.0 | opposite_score=8.0 | session=NEW YORK | RR=2.00,V50 realtime loss proxy,79.0,8.0,79.0,2.0,0.01,-6.507200323785582,-6.507200323785582,0.08,0.0,0.0,0.08,-6.5872003237855825,1258.019020405392,1251.4318200816065,1274.1671730660917,22.73535298448519,1.784330460325389,-6.5872003237855825,1,1
proxy_hardened_no_worst_hours_high_margin,proxy_hardened_no_worst_hours_high_margin-000184,2023-03-22 18:00:00,2023-03-22 18:30:00,XAUUSD,15m,BUY,NEW YORK,1953.204,1946.8121839534858,1965.9876320930284,V50 realtime loss proxy | variant=proxy_hardened_no_worst_hours | Side=BUY | score=100.0 | opposite_score=8.0 | session=NEW YORK | RR=2.00,V50 realtime loss proxy,100.0,8.0,100.0,2.0000000000000355,0.01,12.783632093028473,12.783632093028473,0.08,0.0,0.0,0.08,12.703632093028473,1251.4318200816065,1264.135452174635,1274.1671730660917,10.031720891456644,0.7873159114056295,12.703632093028473,1,0
proxy_hardened_no_worst_hours_high_margin,proxy_hardened_no_worst_hours_high_margin-000185,2023-03-23 10:15:00,2023-03-23 12:30:00,XAUUSD,15m,BUY,LONDON,1979.435,1974.6628930016848,1988.9792139966305,V50 realtime loss proxy | variant=proxy_hardened_no_worst_hours | Side=BUY | score=96.0 | opposite_score=4.0 | session=LONDON | RR=2.00,V50 realtime loss proxy,96.0,4.0,96.0,2.0000000000000475,0.01,-4.7721069983151665,-4.7721069983151665,0.08,0.0,0.0,0.08,-4.852106998315167,1264.135452174635,1259.28334517632,1274.1671730660917,14.883827889771737,1.1681220647017647,-4.852106998315167,1,1
proxy_hardened_no_worst_hours_high_margin,proxy_hardened_no_worst_hours_high_margin-000186,2023-03-23 19:00:00,2023-03-24 06:15:00,XAUUSD,15m,BUY,NEW YORK,1996.085,1988.6267353417047,2011.0015293165907,V50 realtime loss proxy | variant=proxy_hardened_no_worst_hours | Side=BUY | score=100.0 | opposite_score=8.0 | session=NEW YORK | RR=2.00,V50 realtime loss proxy,100.0,8.0,100.0,2.0,0.01,-7.45826465829532,-7.45826465829532,0.08,0.0,0.0,0.08,-7.53826465829532,1259.28334517632,1251.7450805180247,1274.1671730660917,22.422092548066985,1.7597449551389395,-12.390371656610487,2,2
proxy_hardened_no_worst_hours_high_margin,proxy_hardened_no_worst_hours_high_margin-000187,2023-03-24 14:30:00,2023-03-24 15:30:00,XAUUSD,15m,BUY,LONDON,1997.085,1989.861929125327,2011.5311417493463,V50 realtime loss proxy | variant=proxy_hardened_no_worst_hours | Side=BUY | score=78.0 | opposite_score=8.0 | session=LONDON | RR=2.00,V50 realtime loss proxy,78.0,8.0,78.0,2.0,0.01,-7.2230708746731125,-7.2230708746731125,0.08,0.0,0.0,0.08,-7.3030708746731126,1251.7450805180247,1244.4420096433516,1274.1671730660917,29.725163422740025,2.3329092171799473,-7.3030708746731126,1,1
proxy_hardened_no_worst_hours_high_margin,proxy_hardened_no_worst_hours_high_margin-000188,2023-03-27 14:45:00,2023-03-28 00:45:00,XAUUSD,15m,SELL,LONDON,1954.135,1960.4141662947372,1941.5766674105255,V50 realtime loss proxy | variant=proxy_hardened_no_worst_hours | Side=SELL | score=89.0 | opposite_score=30.0 | session=LONDON | RR=2.00,V50 realtime loss proxy,30.0,89.0,89.0,2.0,0.01,-6.2791662947372515,-6.2791662947372515,0.08,0.0,0.0,0.08,-6.359166294737252,1244.4420096433516,1238.0828433486145,1274.1671730660917,36.0843297174772,2.8319933585045747,-6.359166294737252,1,1
proxy_hardened_no_worst_hours_high_margin,proxy_hardened_no_worst_hours_high_margin-000189,2023-03-30 13:00:00,2023-03-30 14:00:00,XAUUSD,15m,BUY,LONDON,1968.795,1964.8117223475226,1976.7615553049552,V50 realtime loss proxy | variant=proxy_hardened_no_worst_hours | Side=BUY | score=80.0 | opposite_score=4.0 | session=LONDON | RR=2.00,V50 realtime loss proxy,80.0,4.0,80.0,2.0000000000000573,0.01,-3.9832776524774545,-3.9832776524774545,0.08,0.0,0.0,0.08,-4.0632776524774545,1238.0828433486145,1234.019565696137,1274.1671730660917,40.147607369954585,3.1508901044236923,-4.0632776524774545,1,1
proxy_hardened_no_worst_hours_high_margin,proxy_hardened_no_worst_hours_high_margin-000190,2023-03-30 14:15:00,2023-03-30 16:00:00,XAUUSD,15m,BUY,LONDON,1968.858,1964.2404233198567,1978.0931533602864,V50 realtime loss proxy | variant=proxy_hardened_no_worst_hours | Side=BUY | score=80.0 | opposite_score=8.0 | session=LONDON | RR=2.00,V50 realtime loss proxy,80.0,8.0,80.0,2.0,0.01,9.235153360286404,9.235153360286404,0.08,0.0,0.0,0.08,9.155153360286404,1234.019565696137,1243.1747190564236,1274.1671730660917,30.99245400966811,2.4323695245647734,5.091875707808949,2,0
proxy_hardened_no_worst_hours_high_margin,proxy_hardened_no_worst_hours_high_margin-000191,2023-04-03 13:30:00,2023-04-03 14:30:00,XAUUSD,15m,BUY,LONDON,1979.844,1975.2695971191174,1988.9928057617656,V50 realtime loss proxy | variant=proxy_hardened_no_worst_hours | Side=BUY | score=96.0 | opposite_score=4.0 | session=LONDON | RR=2.00,V50 realtime loss proxy,96.0,4.0,96.0,2.0000000000000497,0.01,9.148805761765516,9.148805761765516,0.08,0.0,0.0,0.08,9.068805761765516,1243.1747190564236,1252.2435248181891,1274.1671730660917,21.92364824790252,1.7206257319552942,9.068805761765516,1,0
proxy_hardened_no_worst_hours_high_margin,proxy_hardened_no_worst_hours_high_margin-000192,2023-04-03 19:00:00,2023-04-04 01:45:00,XAUUSD,15m,BUY,NEW YORK,1984.205,1980.0267965350329,1992.561406929934,V50 realtime loss proxy | variant=proxy_hardened_no_worst_hours | Side=BUY | score=78.0 | opposite_score=8.0 | session=NEW YORK | RR=2.00,V50 realtime loss proxy,78.0,8.0,78.0,2.0,0.01,-4.178203464967055,-4.178203464967055,0.08,0.0,0.0,0.08,-4.258203464967055,1252.2435248181891,1247.9853213532222,1274.1671730660917,26.181851712869502,2.054820769700636,4.810602296798461,2,1
proxy_hardened_no_worst_hours_high_margin,proxy_hardened_no_worst_hours_high_margin-000193,2023-04-04 10:00:00,2023-04-04 11:15:00,XAUUSD,15m,BUY,LONDON,1982.075,1979.1915679735068,1987.8418640529867,V50 realtime loss proxy | variant=proxy_hardened_no_worst_hours | Side=BUY | score=96.0 | opposite_score=4.0 | session=LONDON | RR=2.00,V50 realtime loss proxy,96.0,4.0,96.0,2.000000000000079,0.01,-2.8834320264932103,-2.8834320264932103,0.08,0.0,0.0,0.08,-2.9634320264932104,1247.9853213532222,1245.021889326729,1274.1671730660917,29.14528373936264,2.2873987303588192,-2.9634320264932104,1,1
proxy_hardened_no_worst_hours_high_margin,proxy_hardened_no_worst_hours_high_margin-000194,2023-04-05 10:00:00,2023-04-05 12:30:00,XAUUSD,15m,BUY,LONDON,2024.068,2021.0494865665762,2030.1050268668475,V50 realtime loss proxy | variant=proxy_hardened_no_worst_hours | Side=BUY | score=86.0 | opposite_score=4.0 | session=LONDON | RR=2.00,V50 realtime loss proxy,86.0,4.0,86.0,2.0,0.01,6.037026866847555,6.037026866847555,0.08,0.0,0.0,0.08,5.957026866847555,1245.021889326729,1250.9789161935767,1274.1671730660917,23.188256872515012,1.819875551864671,5.957026866847555,1,0
proxy_hardened_no_worst_hours_high_margin,proxy_hardened_no_worst_hours_high_margin-000195,2023-04-06 10:00:00,2023-04-06 12:15:00,XAUUSD,15m,BUY,LONDON,2018.785,2015.7381318844816,2024.8787362310372,V50 realtime loss proxy | variant=proxy_hardened_no_worst_hours | Side=BUY | score=96.0 | opposite_score=4.0 | session=LONDON | RR=2.00,V50 realtime loss proxy,96.0,4.0,96.0,2.0000000000000746,0.01,-3.046868115518464,-3.046868115518464,0.08,0.0,0.0,0.08,-3.126868115518464,1250.9789161935767,1247.8520480780583,1274.1671730660917,26.315124988033403,2.0652804078063016,-3.126868115518464,1,1
proxy_hardened_no_worst_hours_high_margin,proxy_hardened_no_worst_hours_high_margin-000196,2023-04-11 10:00:00,2023-04-11 11:30:00,XAUUSD,15m,BUY,LONDON,2002.485,1999.3847677072629,2008.6854645854742,V50 realtime loss proxy | variant=proxy_hardened_no_worst_hours | Side=BUY | score=96.0 | opposite_score=4.0 | session=LONDON | RR=2.00,V50 realtime loss proxy,96.0,4.0,96.0,2.0000000000000733,0.01,-3.1002322927370187,-3.1002322927370187,0.08,0.0,0.0,0.08,-3.180232292737019,1247.8520480780583,1244.6718157853213,1274.1671730660917,29.49535728077035,2.314873425109062,-3.180232292737019,1,1
proxy_hardened_no_worst_hours_high_margin,proxy_hardened_no_worst_hours_high_margin-000197,2023-04-11 14:15:00,2023-04-12 01:30:00,XAUUSD,15m,BUY,LONDON,2002.845,1998.981945016259,2010.571109967482,V50 realtime loss proxy | variant=proxy_hardened_no_worst_hours | Side=BUY | score=80.0 | opposite_score=8.0 | session=LONDON | RR=2.00,V50 realtime loss proxy,80.0,8.0,80.0,2.0,0.01,7.726109967481989,7.726109967481989,0.08,0.0,0.0,0.08,7.646109967481989,1244.6718157853213,1252.3179257528034,1274.1671730660917,21.849247313288288,1.714786550395217,4.46587767474497,2,0
proxy_hardened_no_worst_hours_high_margin,proxy_hardened_no_worst_hours_high_margin-000198,2023-04-12 19:30:00,2023-04-13 07:30:00,XAUUSD,15m,BUY,NEW YORK,2014.858,2010.272340741208,2024.029318517584,V50 realtime loss proxy | variant=proxy_hardened_no_worst_hours | Side=BUY | score=100.0 | opposite_score=8.0 | session=NEW YORK | RR=2.00,V50 realtime loss proxy,100.0,8.0,100.0,2.0,0.01,9.17131851758404,9.17131851758404,0.08,0.0,0.0,0.08,9.09131851758404,1252.3179257528034,1261.4092442703875,1274.1671730660917,12.757928795704174,1.0012758973380342,9.09131851758404,1,0
proxy_hardened_no_worst_hours_high_margin,proxy_hardened_no_worst_hours_high_margin-000199,2023-04-13 15:00:00,2023-04-14 12:30:00,XAUUSD,15m,BUY,LONDON,2037.155,2031.200797015812,2049.063405968376,V50 realtime loss proxy | variant=proxy_hardened_no_worst_hours | Side=BUY | score=96.0 | opposite_score=4.0 | session=LONDON | RR=2.00,V50 realtime loss proxy,96.0,4.0,96.0,2.000000000000038,0.01,-5.954202984187987,-5.954202984187987,0.08,0.0,0.0,0.08,-6.034202984187987,1261.4092442703875,1255.3750412861996,1274.1671730660917,18.792131779892088,1.474856061051365,-6.034202984187987,1,1
proxy_hardened_no_worst_hours_high_margin,proxy_hardened_no_worst_hours_high_margin-000200,2023-04-20 14:15:00,2023-04-20 15:00:00,XAUUSD,15m,BUY,LONDON,2005.965,2000.2209211515124,2017.453157696975,V50 realtime loss proxy | variant=proxy_hardened_no_worst_hours | Side=BUY | score=78.0 | opposite_score=19.0 | session=LONDON | RR=2.00,V50 realtime loss proxy,78.0,19.0,78.0,2.0,0.01,-5.744078848487561,-5.744078848487561,0.08,0.0,0.0,0.08,-5.824078848487561,1255.3750412861996,1249.550962437712,1274.1671730660917,24.616210628379577,1.9319451284515805,-5.824078848487561,1,1
proxy_hardened_no_worst_hours_high_margin,proxy_hardened_no_worst_hours_high_margin-000201,2023-04-20 18:30:00,2023-04-21 01:30:00,XAUUSD,15m,BUY,NEW YORK,2005.585,2001.464917922852,2013.8251641542963,V50 realtime loss proxy | variant=proxy_hardened_no_worst_hours | Side=BUY | score=89.0 | opposite_score=8.0 | session=NEW YORK | RR=2.00,V50 realtime loss proxy,89.0,8.0,89.0,2.000000000000055,0.01,-4.120082077148027,-4.120082077148027,0.08,0.0,0.0,0.08,-4.200082077148027,1249.550962437712,1245.3508803605641,1274.1671730660917,28.81629270552753,2.2615786464020617,-10.024160925635588,2,2
proxy_hardened_no_worst_hours_high_margin,proxy_hardened_no_worst_hours_high_margin-000202,2023-04-21 10:45:00,2023-04-21 13:15:00,XAUUSD,15m,SELL,LONDON,1988.015,1992.3829135940537,1979.2791728118927,V50 realtime loss proxy | variant=proxy_hardened_no_worst_hours | Side=SELL | score=85.0 | opposite_score=4.0 | session=LONDON | RR=2.00,V50 realtime loss proxy,4.0,85.0,85.0,2.000000000000052,0.01,-4.367913594053562,-4.367913594053562,0.08,0.0,0.0,0.08,-4.447913594053562,1245.3508803605641,1240.9029667665106,1274.1671730660917,33.26420629958102,2.6106626353852542,-4.447913594053562,1,1
proxy_hardened_no_worst_hours_high_margin,proxy_hardened_no_worst_hours_high_margin-000203,2023-04-21 14:15:00,2023-04-24 17:15:00,XAUUSD,15m,SELL,LONDON,1982.125,1990.3877079145232,1965.5995841709537,V50 realtime loss proxy | variant=proxy_hardened_no_worst_hours | Side=SELL | score=89.0 | opposite_score=8.0 | session=LONDON | RR=2.00,V50 realtime loss proxy,8.0,89.0,89.0,2.0,0.01,-8.262707914523162,-8.262707914523162,0.08,0.0,0.0,0.08,-8.342707914523162,1240.9029667665106,1232.5602588519876,1274.1671730660917,41.60691421410411,3.2654203540641626,-12.790621508576724,2,2
proxy_hardened_no_worst_hours_high_margin,proxy_hardened_no_worst_hours_high_margin-000204,2023-04-28 10:15:00,2023-04-28 12:30:00,XAUUSD,15m,SELL,LONDON,1983.348,1986.3132713357925,1977.417457328415,V50 realtime loss proxy | variant=proxy_hardened_no_worst_hours | Side=SELL | score=85.0 | opposite_score=4.0 | session=LONDON | RR=2.00,V50 realtime loss proxy,4.0,85.0,85.0,2.0,0.01,-2.9652713357925222,-2.9652713357925222,0.08,0.0,0.0,0.08,-3.0452713357925223,1232.5602588519876,1229.514987516195,1274.1671730660917,44.65218554989656,3.5044212795443306,-3.0452713357925223,1,1
proxy_hardened_no_worst_hours_high_margin,proxy_hardened_no_worst_hours_high_margin-000205,2023-04-28 14:00:00,2023-04-28 14:30:00,XAUUSD,15m,SELL,LONDON,1983.325,1988.4281520505276,1973.118695898945,V50 realtime loss proxy | variant=proxy_hardened_no_worst_hours | Side=SELL | score=89.0 | opposite_score=8.0 | session=LONDON | RR=2.00,V50 realtime loss proxy,8.0,89.0,89.0,2.0,0.01,-5.103152050527569,-5.103152050527569,0.08,0.0,0.0,0.08,-5.183152050527569,1229.514987516195,1224.3318354656676,1274.1671730660917,49.835337600424054,3.9112087215763696,-8.228423386320092,2,2
proxy_hardened_no_worst_hours_high_margin,proxy_hardened_no_worst_hours_high_margin-000206,2023-05-02 14:00:00,2023-05-02 14:30:00,XAUUSD,15m,BUY,LONDON,1999.148,1994.6384624884727,2008.1670750230546,V50 realtime loss proxy | variant=proxy_hardened_no_worst_hours | Side=BUY | score=82.0 | opposite_score=19.0 | session=LONDON | RR=2.00,V50 realtime loss proxy,82.0,19.0,82.0,2.0000000000000506,0.01,9.019075023054711,9.019075023054711,0.08,0.0,0.0,0.08,8.939075023054711,1224.3318354656676,1233.2709104887224,1274.1671730660917,40.89626257736927,3.2096465394692726,8.939075023054711,1,0
proxy_hardened_no_worst_hours_high_margin,proxy_hardened_no_worst_hours_high_margin-000207,2023-05-03 14:30:00,2023-05-03 17:15:00,XAUUSD,15m,BUY,LONDON,2018.625,2013.9752906037077,2027.9244187925847,V50 realtime loss proxy | variant=proxy_hardened_no_worst_hours | Side=BUY | score=78.0 | opposite_score=8.0 | session=LONDON | RR=2.00,V50 realtime loss proxy,78.0,8.0,78.0,2.0,0.01,9.299418792584675,9.299418792584675,0.08,0.0,0.0,0.08,9.219418792584674,1233.2709104887224,1242.4903292813071,1274.1671730660917,31.676843784784523,2.486082239001572,9.219418792584674,1,0
proxy_hardened_no_worst_hours_high_margin,proxy_hardened_no_worst_hours_high_margin-000208,2023-05-03 18:00:00,2023-05-03 18:30:00,XAUUSD,15m,BUY,NEW YORK,2025.485,2019.554328041151,2037.3463439176978,V50 realtime loss proxy | variant=proxy_hardened_no_worst_hours | Side=BUY | score=100.0 | opposite_score=8.0 | session=NEW YORK | RR=2.00,V50 realtime loss proxy,100.0,8.0,100.0,2.0,0.01,-5.930671958848961,-5.930671958848961,0.08,0.0,0.0,0.08,-6.010671958848961,1242.4903292813071,1236.4796573224583,1274.1671730660917,37.68751574363341,2.9578156257898303,3.208746833735713,2,1
proxy_hardened_no_worst_hours_high_margin,proxy_hardened_no_worst_hours_high_margin-000209,2023-05-04 15:00:00,2023-05-05 08:00:00,XAUUSD,15m,BUY,LONDON,2046.825,2039.0993390076576,2062.276321984685,V50 realtime loss proxy | variant=proxy_hardened_no_worst_hours | Side=BUY | score=96.0 | opposite_score=4.0 | session=LONDON | RR=2.00,V50 realtime loss proxy,96.0,4.0,96.0,2.0000000000000293,0.01,-7.725660992342455,-7.725660992342455,0.08,0.0,0.0,0.08,-7.805660992342455,1236.4796573224583,1228.6739963301159,1274.1671730660917,45.493176735975794,3.570424485705695,-7.805660992342455,1,1
proxy_hardened_no_worst_hours_high_margin,proxy_hardened_no_worst_hours_high_margin-000210,2023-05-11 13:00:00,2023-05-11 13:15:00,XAUUSD,15m,BUY,LONDON,2032.754,2027.449979112988,2043.3620417740235,V50 realtime loss proxy | variant=proxy_hardened_no_worst_hours | Side=BUY | score=90.0 | opposite_score=4.0 | session=LONDON | RR=2.00,V50 realtime loss proxy,90.0,4.0,90.0,2.0,0.01,-5.304020887011802,-5.304020887011802,0.08,0.0,0.0,0.08,-5.384020887011802,1228.6739963301159,1223.2899754431041,1274.1671730660917,50.877197622987524,3.992976643760112,-5.384020887011802,1,1
proxy_hardened_no_worst_hours_high_margin,proxy_hardened_no_worst_hours_high_margin-000211,2023-05-12 10:30:00,2023-05-12 12:30:00,XAUUSD,15m,SELL,LONDON,2006.485,2010.0242480275815,1999.4065039448367,V50 realtime loss proxy | variant=proxy_hardened_no_worst_hours | Side=SELL | score=85.0 | opposite_score=4.0 | session=LONDON | RR=2.00,V50 realtime loss proxy,4.0,85.0,85.0,2.0,0.01,-3.539248027581607,-3.539248027581607,0.08,0.0,0.0,0.08,-3.619248027581607,1223.2899754431041,1219.6707274155226,1274.1671730660917,54.49644565056906,4.277024773714077,-3.619248027581607,1,1
proxy_hardened_no_worst_hours_high_margin,proxy_hardened_no_worst_hours_high_margin-000212,2023-05-16 10:00:00,2023-05-16 11:45:00,XAUUSD,15m,SELL,LONDON,2009.894,2012.227753151706,2005.2264936965876,V50 realtime loss proxy | variant=proxy_hardened_no_worst_hours | Side=SELL | score=79.0 | opposite_score=4.0 | session=LONDON | RR=2.00,V50 realtime loss proxy,4.0,79.0,79.0,2.0000000000000973,0.01,4.667506303412438,4.667506303412438,0.08,0.0,0.0,0.08,4.587506303412438,1219.6707274155226,1224.2582337189351,1274.1671730660917,49.90893934715655,3.9169851807638545,4.587506303412438,1,0
proxy_hardened_no_worst_hours_high_margin,proxy_hardened_no_worst_hours_high_margin-000213,2023-05-16 14:00:00,2023-05-16 15:45:00,XAUUSD,15m,SELL,LONDON,2005.754,2010.377301236147,1996.5073975277055,V50 realtime loss proxy | variant=proxy_hardened_no_worst_hours | Side=SELL | score=89.0 | opposite_score=8.0 | session=LONDON | RR=2.00,V50 realtime loss proxy,8.0,89.0,89.0,2.0,0.01,9.246602472294398,9.246602472294398,0.08,0.0,0.0,0.08,9.166602472294398,1224.2582337189351,1233.4248361912296,1274.1671730660917,40.742336874862076,3.1975660444007334,13.754108775706836,2,0
proxy_hardened_no_worst_hours_high_margin,proxy_hardened_no_worst_hours_high_margin-000214,2023-05-17 13:00:00,2023-05-17 13:45:00,XAUUSD,15m,SELL,LONDON,1985.395,1988.6229030853426,1978.9391938293147,V50 realtime loss proxy | variant=proxy_hardened_no_worst_hours | Side=SELL | score=85.0 | opposite_score=4.0 | session=LONDON | RR=2.00,V50 realtime loss proxy,4.0,85.0,85.0,2.0,0.01,6.455806170685264,6.455806170685264,0.08,0.0,0.0,0.08,6.375806170685264,1233.4248361912296,1239.800642361915,1274.1671730660917,34.36653070417674,2.6971759617286994,6.375806170685264,1,0
proxy_hardened_no_worst_hours_high_margin,proxy_hardened_no_worst_hours_high_margin-000215,2023-05-17 14:45:00,2023-05-18 07:45:00,XAUUSD,15m,SELL,LONDON,1982.905,1987.3739551604838,1973.9670896790324,V50 realtime loss proxy | variant=proxy_hardened_no_worst_hours | Side=SELL | score=89.0 | opposite_score=8.0 | session=LONDON | RR=2.00,V50 realtime loss proxy,8.0,89.0,89.0,2.0,0.01,8.937910320967603,8.937910320967603,0.08,0.0,0.0,0.08,8.857910320967603,1239.800642361915,1248.6585526828826,1274.1671730660917,25.508620383209063,2.0019837994904863,15.233716491652867,2,0
proxy_hardened_no_worst_hours_high_margin,proxy_hardened_no_worst_hours_high_margin-000216,2023-05-18 10:30:00,2023-05-18 12:30:00,XAUUSD,15m,SELL,LONDON,1976.814,1979.5561129818043,1971.3297740363917,V50 realtime loss proxy | variant=proxy_hardened_no_worst_hours | Side=SELL | score=85.0 | opposite_score=4.0 | session=LONDON | RR=2.00,V50 realtime loss proxy,4.0,85.0,85.0,2.0,0.01,5.484225963608424,5.484225963608424,0.08,0.0,0.0,0.08,5.4042259636084236,1248.6585526828826,1254.062778646491,1274.1671730660917,20.104394419600567,1.5778458937395448,5.4042259636084236,1,0
proxy_hardened_no_worst_hours_high_margin,proxy_hardened_no_worst_hours_high_margin-000217,2023-05-19 13:45:00,2023-05-19 15:00:00,XAUUSD,15m,SELL,LONDON,1960.905,1964.427263998016,1953.8604720039675,V50 realtime loss proxy | variant=proxy_hardened_no_worst_hours | Side=SELL | score=85.0 | opposite_score=4.0 | session=LONDON | RR=2.00,V50 realtime loss proxy,4.0,85.0,85.0,2.0000000000000644,0.01,-3.522263998016115,-3.522263998016115,0.08,0.0,0.0,0.08,-3.602263998016115,1254.062778646491,1250.460514648475,1274.1671730660917,23.70665841761661,1.8605610722626058,-3.602263998016115,1,1
proxy_hardened_no_worst_hours_high_margin,proxy_hardened_no_worst_hours_high_margin-000218,2023-05-26 15:45:00,2023-05-29 06:00:00,XAUUSD,15m,SELL,LONDON,1943.415,1948.13795304697,1933.9690939060595,V50 realtime loss proxy | variant=proxy_hardened_no_worst_hours | Side=SELL | score=96.0 | opposite_score=4.0 | session=LONDON | RR=2.00,V50 realtime loss proxy,4.0,96.0,96.0,2.000000000000048,0.01,-4.722953046970133,-4.722953046970133,0.08,0.0,0.0,0.08,-4.802953046970133,1250.460514648475,1245.657561601505,1274.1671730660917,28.50961146458667,2.2375094938274525,-4.802953046970133,1,1
proxy_hardened_no_worst_hours_high_margin,proxy_hardened_no_worst_hours_high_margin-000219,2023-05-31 15:45:00,2023-05-31 17:30:00,XAUUSD,15m,BUY,LONDON,1968.468,1963.0233301107498,1979.3573397785005,V50 realtime loss proxy | variant=proxy_hardened_no_worst_hours | Side=BUY | score=85.0 | opposite_score=26.0 | session=LONDON | RR=2.00,V50 realtime loss proxy,85.0,26.0,85.0,2.0,0.01,-5.444669889250235,-5.444669889250235,0.08,0.0,0.0,0.08,-5.5246698892502355,1245.657561601505,1240.1328917122548,1274.1671730660917,34.03428135383683,2.6711001564997514,-5.5246698892502355,1,1
proxy_hardened_no_worst_hours_high_margin,proxy_hardened_no_worst_hours_high_margin-000220,2023-05-31 18:00:00,2023-05-31 20:15:00,XAUUSD,15m,BUY,NEW YORK,1966.995,1962.4768245020243,1976.031350995951,V50 realtime loss proxy | variant=proxy_hardened_no_worst_hours | Side=BUY | score=89.0 | opposite_score=8.0 | session=NEW YORK | RR=2.00,V50 realtime loss proxy,89.0,8.0,89.0,2.0,0.01,-4.518175497975562,-4.518175497975562,0.08,0.0,0.0,0.08,-4.5981754979755625,1240.1328917122548,1235.5347162142793,1274.1671730660917,38.63245685181232,3.031977095976278,-10.122845387225798,2,2
proxy_hardened_no_worst_hours_high_margin,proxy_hardened_no_worst_hours_high_margin-000221,2023-06-01 19:00:00,2023-06-02 03:15:00,XAUUSD,15m,BUY,NEW YORK,1976.885,1973.6976419934874,1983.2597160130251,V50 realtime loss proxy | variant=proxy_hardened_no_worst_hours | Side=BUY | score=89.0 | opposite_score=8.0 | session=NEW YORK | RR=2.00,V50 realtime loss proxy,89.0,8.0,89.0,2.0,0.01,6.374716013025136,6.374716013025136,0.08,0.0,0.0,0.08,6.294716013025136,1235.5347162142793,1241.8294322273046,1274.1671730660917,32.33774083878711,2.537951182729908,6.294716013025136,1,0
proxy_hardened_no_worst_hours_high_margin,proxy_hardened_no_worst_hours_high_margin-000222,2023-06-02 10:15:00,2023-06-02 12:30:00,XAUUSD,15m,BUY,LONDON,1979.135,1976.7757697109419,1983.8534605781165,V50 realtime loss proxy | variant=proxy_hardened_no_worst_hours | Side=BUY | score=79.0 | opposite_score=4.0 | session=LONDON | RR=2.00,V50 realtime loss proxy,79.0,4.0,79.0,2.0000000000000964,0.01,-2.3592302890581323,-2.3592302890581323,0.08,0.0,0.0,0.08,-2.4392302890581323,1241.8294322273046,1239.3902019382465,1274.1671730660917,34.77697112784517,2.7293884085994478,-2.4392302890581323,1,1
proxy_hardened_no_worst_hours_high_margin,proxy_hardened_no_worst_hours_high_margin-000223,2023-06-05 10:00:00,2023-06-05 13:15:00,XAUUSD,15m,SELL,LONDON,1943.145,1946.3932697814987,1936.6484604370025,V50 realtime loss proxy | variant=proxy_hardened_no_worst_hours | Side=SELL | score=96.0 | opposite_score=4.0 | session=LONDON | RR=2.00,V50 realtime loss proxy,4.0,96.0,96.0,2.0,0.01,-3.2482697814987205,-3.2482697814987205,0.08,0.0,0.0,0.08,-3.3282697814987205,1239.3902019382465,1236.0619321567478,1274.1671730660917,38.10524090934382,2.990599798427493,-3.3282697814987205,1,1
proxy_hardened_no_worst_hours_high_margin,proxy_hardened_no_worst_hours_high_margin-000224,2023-06-06 13:00:00,2023-06-06 13:30:00,XAUUSD,15m,BUY,LONDON,1963.665,1960.3864164309937,1970.2221671380125,V50 realtime loss proxy | variant=proxy_hardened_no_worst_hours | Side=BUY | score=85.0 | opposite_score=4.0 | session=LONDON | RR=2.00,V50 realtime loss proxy,85.0,4.0,85.0,2.0,0.01,-3.278583569006287,-3.278583569006287,0.08,0.0,0.0,0.08,-3.358583569006287,1236.0619321567478,1232.7033485877416,1274.1671730660917,41.463824478350034,3.2541902942432257,-3.358583569006287,1,1
proxy_hardened_no_worst_hours_high_margin,proxy_hardened_no_worst_hours_high_margin-000225,2023-06-06 18:15:00,2023-06-07 06:15:00,XAUUSD,15m,BUY,NEW YORK,1963.925,1960.7783855980229,1970.2182288039544,V50 realtime loss proxy | variant=proxy_hardened_no_worst_hours | Side=BUY | score=89.0 | opposite_score=8.0 | session=NEW YORK | RR=2.00,V50 realtime loss proxy,89.0,8.0,89.0,2.0000000000000724,0.01,-3.1466144019771036,-3.1466144019771036,0.08,0.0,0.0,0.08,-3.2266144019771037,1232.7033485877416,1229.4767341857646,1274.1671730660917,44.690438880327065,3.507423501798924,-6.5851979709833905,2,2
proxy_hardened_no_worst_hours_high_margin,proxy_hardened_no_worst_hours_high_margin-000226,2023-06-08 18:30:00,2023-06-08 20:45:00,XAUUSD,15m,BUY,NEW YORK,1963.945,1960.5600410688235,1970.714917862353,V50 realtime loss proxy | variant=proxy_hardened_no_worst_hours | Side=BUY | score=89.0 | opposite_score=30.0 | session=NEW YORK | RR=2.00,V50 realtime loss proxy,89.0,30.0,89.0,2.000000000000067,0.01,-3.3849589311764703,-3.3849589311764703,0.08,0.0,0.0,0.08,-3.4649589311764704,1229.4767341857646,1226.0117752545882,1274.1671730660917,48.15539781150346,3.77936261657289,-3.4649589311764704,1,1
proxy_hardened_no_worst_hours_high_margin,proxy_hardened_no_worst_hours_high_margin-000227,2023-06-15 10:15:00,2023-06-15 12:15:00,XAUUSD,15m,SELL,LONDON,1933.565,1937.1440830743293,1926.4068338513414,V50 realtime loss proxy | variant=proxy_hardened_no_worst_hours | Side=SELL | score=96.0 | opposite_score=4.0 | session=LONDON | RR=2.00,V50 realtime loss proxy,4.0,96.0,96.0,2.0000000000000635,0.01,7.158166148658665,7.158166148658665,0.08,0.0,0.0,0.08,7.078166148658665,1226.0117752545882,1233.089941403247,1274.1671730660917,41.077231662844724,3.223849470552482,7.078166148658665,1,0
proxy_hardened_no_worst_hours_high_margin,proxy_hardened_no_worst_hours_high_margin-000228,2023-06-19 14:00:00,2023-06-19 15:00:00,XAUUSD,15m,SELL,LONDON,1950.905,1953.1441947089502,1946.4266105820996,V50 realtime loss proxy | variant=proxy_hardened_no_worst_hours | Side=SELL | score=94.0 | opposite_score=8.0 | session=LONDON | RR=2.00,V50 realtime loss proxy,8.0,94.0,94.0,2.0,0.01,-2.2391947089502082,-2.2391947089502082,0.08,0.0,0.0,0.08,-2.3191947089502083,1233.089941403247,1230.7707466942968,1274.1671730660917,43.39642637179486,3.405865987535049,-2.3191947089502083,1,1
proxy_hardened_no_worst_hours_high_margin,proxy_hardened_no_worst_hours_high_margin-000229,2023-06-21 10:00:00,2023-06-21 12:15:00,XAUUSD,15m,SELL,LONDON,1933.205,1935.9205723517805,1927.7738552964388,V50 realtime loss proxy | variant=proxy_hardened_no_worst_hours | Side=SELL | score=96.0 | opposite_score=4.0 | session=LONDON | RR=2.00,V50 realtime loss proxy,4.0,96.0,96.0,2.0,0.01,5.431144703561131,5.431144703561131,0.08,0.0,0.0,0.08,5.351144703561131,1230.7707466942968,1236.121891397858,1274.1671730660917,38.045281668233656,2.985894039059522,5.351144703561131,1,0
proxy_hardened_no_worst_hours_high_margin,proxy_hardened_no_worst_hours_high_margin-000230,2023-06-21 13:45:00,2023-06-21 14:45:00,XAUUSD,15m,SELL,LONDON,1928.505,1933.9466285101482,1917.6217429797036,V50 realtime loss proxy | variant=proxy_hardened_no_worst_hours | Side=SELL | score=96.0 | opposite_score=4.0 | session=LONDON | RR=2.00,V50 realtime loss proxy,4.0,96.0,96.0,2.0000000000000417,0.01,-5.441628510148121,-5.441628510148121,0.08,0.0,0.0,0.08,-5.521628510148121,1236.121891397858,1230.60026288771,1274.1671730660917,43.566910178381704,3.4192460062791046,-0.17048380658699003,2,1
proxy_hardened_no_worst_hours_high_margin,proxy_hardened_no_worst_hours_high_margin-000231,2023-06-22 10:15:00,2023-06-22 12:30:00,XAUUSD,15m,SELL,LONDON,1927.575,1930.3438973959048,1922.0372052081902,V50 realtime loss proxy | variant=proxy_hardened_no_worst_hours | Side=SELL | score=96.0 | opposite_score=4.0 | session=LONDON | RR=2.00,V50 realtime loss proxy,4.0,96.0,96.0,2.000000000000082,0.01,-2.768897395904787,-2.768897395904787,0.08,0.0,0.0,0.08,-2.848897395904787,1230.60026288771,1227.7513654918052,1274.1671730660917,46.41580757428642,3.6428349870758137,-2.848897395904787,1,1
proxy_hardened_no_worst_hours_high_margin,proxy_hardened_no_worst_hours_high_margin-000232,2023-06-22 13:30:00,2023-06-22 14:45:00,XAUUSD,15m,SELL,LONDON,1923.585,1927.7681798860274,1915.2186402279453,V50 realtime loss proxy | variant=proxy_hardened_no_worst_hours | Side=SELL | score=96.0 | opposite_score=4.0 | session=LONDON | RR=2.00,V50 realtime loss proxy,4.0,96.0,96.0,2.0,0.01,8.366359772054693,8.366359772054693,0.08,0.0,0.0,0.08,8.286359772054693,1227.7513654918052,1236.03772526386,1274.1671730660917,38.12944780223165,2.992499619220206,5.437462376149906,2,0
proxy_hardened_no_worst_hours_high_margin,proxy_hardened_no_worst_hours_high_margin-000233,2023-06-28 14:45:00,2023-06-28 15:15:00,XAUUSD,15m,SELL,LONDON,1906.975,1911.1813175745338,1898.5623648509322,V50 realtime loss proxy | variant=proxy_hardened_no_worst_hours | Side=SELL | score=100.0 | opposite_score=8.0 | session=LONDON | RR=2.00,V50 realtime loss proxy,8.0,100.0,100.0,2.0,0.01,-4.206317574533841,-4.206317574533841,0.08,0.0,0.0,0.08,-4.286317574533841,1236.03772526386,1231.7514076893262,1274.1671730660917,42.41576537676542,3.328901126427411,-4.286317574533841,1,1
proxy_hardened_no_worst_hours_high_margin,proxy_hardened_no_worst_hours_high_margin-000234,2023-07-03 10:00:00,2023-07-03 12:30:00,XAUUSD,15m,SELL,LONDON,1912.855,1915.1299494484476,1908.3051011031048,V50 realtime loss proxy | variant=proxy_hardened_no_worst_hours | Side=SELL | score=96.0 | opposite_score=4.0 | session=LONDON | RR=2.00,V50 realtime loss proxy,4.0,96.0,96.0,2.0,0.01,-2.2749494484476145,-2.2749494484476145,0.08,0.0,0.0,0.08,-2.3549494484476146,1231.7514076893262,1229.3964582408787,1274.1671730660917,44.77071482521296,3.5137237696588093,-2.3549494484476146,1,1
proxy_hardened_no_worst_hours_high_margin,proxy_hardened_no_worst_hours_high_margin-000235,2023-07-04 13:15:00,2023-07-04 16:00:00,XAUUSD,15m,BUY,LONDON,1927.775,1925.7812408910615,1931.7625182178774,V50 realtime loss proxy | variant=proxy_hardened_no_worst_hours | Side=BUY | score=85.0 | opposite_score=4.0 | session=LONDON | RR=2.00,V50 realtime loss proxy,85.0,4.0,85.0,2.000000000000114,0.01,-1.9937591089385478,-1.9937591089385478,0.08,0.0,0.0,0.08,-2.073759108938548,1229.3964582408787,1227.3226991319402,1274.1671730660917,46.84447393415144,3.6764778534850535,-2.073759108938548,1,1
proxy_hardened_no_worst_hours_high_margin,proxy_hardened_no_worst_hours_high_margin-000236,2023-07-07 18:30:00,2023-07-10 00:00:00,XAUUSD,15m,BUY,NEW YORK,1926.315,1922.8001709863388,1933.3446580273226,V50 realtime loss proxy | variant=proxy_hardened_no_worst_hours | Side=BUY | score=89.0 | opposite_score=30.0 | session=NEW YORK | RR=2.00,V50 realtime loss proxy,89.0,30.0,89.0,2.0,0.01,-3.514829013661256,-3.514829013661256,0.08,0.0,0.0,0.08,-3.594829013661256,1227.3226991319402,1223.727870118279,1274.1671730660917,50.43930294781262,3.9586095148282645,-3.594829013661256,1,1
proxy_hardened_no_worst_hours_high_margin,proxy_hardened_no_worst_hours_high_margin-000237,2023-07-11 22:15:00,2023-07-12 01:00:00,XAUUSD,15m,BUY,NEW YORK,1933.185,1931.4684638764513,1936.6180722470974,V50 realtime loss proxy | variant=proxy_hardened_no_worst_hours | Side=BUY | score=93.0 | opposite_score=8.0 | session=NEW YORK | RR=2.00,V50 realtime loss proxy,93.0,8.0,93.0,2.0000000000001323,0.01,3.4330722470974706,3.4330722470974706,0.08,0.0,0.0,0.08,3.3530722470974705,1223.727870118279,1227.0809423653766,1274.1671730660917,47.08623070071508,3.6954515620904864,3.3530722470974705,1,0
proxy_hardened_no_worst_hours_high_margin,proxy_hardened_no_worst_hours_high_margin-000238,2023-07-12 22:00:00,2023-07-13 04:30:00,XAUUSD,15m,BUY,NEW YORK,1957.265,1954.8752359657376,1962.0445280685253,V50 realtime loss proxy | variant=proxy_hardened_no_worst_hours | Side=BUY | score=89.0 | opposite_score=8.0 | session=NEW YORK | RR=2.00,V50 realtime loss proxy,89.0,8.0,89.0,2.000000000000095,0.01,4.779528068525224,4.779528068525224,0.08,0.0,0.0,0.08,4.699528068525224,1227.0809423653766,1231.7804704339019,1274.1671730660917,42.38670263218978,3.3266202055882945,4.699528068525224,1,0
proxy_hardened_no_worst_hours_high_margin,proxy_hardened_no_worst_hours_high_margin-000239,2023-07-18 18:15:00,2023-07-19 06:30:00,XAUUSD,15m,BUY,NEW YORK,1977.485,1973.358077000046,1985.7388459999079,V50 realtime loss proxy | variant=proxy_hardened_no_worst_hours | Side=BUY | score=100.0 | opposite_score=8.0 | session=NEW YORK | RR=2.00,V50 realtime loss proxy,100.0,8.0,100.0,2.000000000000055,0.01,-4.126922999953877,-4.126922999953877,0.08,0.0,0.0,0.08,-4.206922999953877,1231.7804704339019,1227.573547433948,1274.1671730660917,46.593625632143585,3.65679061720159,-4.206922999953877,1,1
proxy_hardened_no_worst_hours_high_margin,proxy_hardened_no_worst_hours_high_margin-000240,2023-07-19 13:00:00,2023-07-19 14:00:00,XAUUSD,15m,BUY,LONDON,1977.375,1974.3340679304426,1983.456864139115,V50 realtime loss proxy | variant=proxy_hardened_no_worst_hours | Side=BUY | score=96.0 | opposite_score=4.0 | session=LONDON | RR=2.00,V50 realtime loss proxy,96.0,4.0,96.0,2.0000000000000746,0.01,-3.040932069557357,-3.040932069557357,0.08,0.0,0.0,0.08,-3.120932069557357,1227.573547433948,1224.4526153643908,1274.1671730660917,49.71455770170087,3.9017295966015406,-3.120932069557357,1,1
proxy_hardened_no_worst_hours_high_margin,proxy_hardened_no_worst_hours_high_margin-000241,2023-07-21 14:45:00,2023-07-21 17:00:00,XAUUSD,15m,SELL,LONDON,1959.705,1963.997267605327,1951.120464789346,V50 realtime loss proxy | variant=proxy_hardened_no_worst_hours | Side=SELL | score=78.0 | opposite_score=30.0 | session=LONDON | RR=2.00,V50 realtime loss proxy,30.0,78.0,78.0,2.0,0.01,-4.29226760532697,-4.29226760532697,0.08,0.0,0.0,0.08,-4.37226760532697,1224.4526153643908,1220.080347759064,1274.1671730660917,54.086825307027766,4.244876688894437,-4.37226760532697,1,1
proxy_hardened_no_worst_hours_high_margin,proxy_hardened_no_worst_hours_high_margin-000242,2023-07-25 22:30:00,2023-07-26 01:30:00,XAUUSD,15m,BUY,NEW YORK,1964.805,1962.681371519196,1969.0522569616082,V50 realtime loss proxy | variant=proxy_hardened_no_worst_hours | Side=BUY | score=80.0 | opposite_score=15.0 | session=NEW YORK | RR=2.00,V50 realtime loss proxy,80.0,15.0,80.0,2.000000000000107,0.01,-2.1236284808039727,-2.1236284808039727,0.08,0.0,0.0,0.08,-2.2036284808039728,1220.080347759064,1217.87671927826,1274.1671730660917,56.290453787831666,4.4178232635186445,-2.2036284808039728,1,1
proxy_hardened_no_worst_hours_high_margin,proxy_hardened_no_worst_hours_high_margin-000243,2023-07-26 10:30:00,2023-07-26 13:15:00,XAUUSD,15m,BUY,LONDON,1970.415,1968.491346557754,1974.2623068844919,V50 realtime loss proxy | variant=proxy_hardened_no_worst_hours | Side=BUY | score=90.0 | opposite_score=4.0 | session=LONDON | RR=2.00,V50 realtime loss proxy,90.0,4.0,90.0,2.0,0.01,-1.92365344224595,-1.92365344224595,0.08,0.0,0.0,0.08,-2.00365344224595,1217.87671927826,1215.8730658360141,1274.1671730660917,58.29410723007754,4.575075269738863,-2.00365344224595,1,1
proxy_hardened_no_worst_hours_high_margin,proxy_hardened_no_worst_hours_high_margin-000244,2023-07-26 19:15:00,2023-07-27 12:30:00,XAUUSD,15m,BUY,NEW YORK,1973.298,1968.3085131098271,1983.2769737803458,V50 realtime loss proxy | variant=proxy_hardened_no_worst_hours | Side=BUY | score=94.0 | opposite_score=8.0 | session=NEW YORK | RR=2.00,V50 realtime loss proxy,94.0,8.0,94.0,2.0,0.01,-4.989486890172884,-4.989486890172884,0.08,0.0,0.0,0.08,-5.069486890172884,1215.8730658360141,1210.8035789458413,1274.1671730660917,63.363594120250355,4.972941970226356,-7.073140332418834,2,2
proxy_hardened_no_worst_hours_high_margin,proxy_hardened_no_worst_hours_high_margin-000245,2023-07-28 18:00:00,2023-07-31 00:30:00,XAUUSD,15m,BUY,NEW YORK,1960.105,1956.938211933356,1966.4385761332883,V50 realtime loss proxy | variant=proxy_hardened_no_worst_hours | Side=BUY | score=83.0 | opposite_score=8.0 | session=NEW YORK | RR=2.00,V50 realtime loss proxy,83.0,8.0,83.0,2.0,0.01,-3.1667880666441306,-3.1667880666441306,0.08,0.0,0.0,0.08,-3.2467880666441307,1210.8035789458413,1207.5567908791973,1274.1671730660917,66.61038218689441,5.227758460187492,-3.2467880666441307,1,1
proxy_hardened_no_worst_hours_high_margin,proxy_hardened_no_worst_hours_high_margin-000246,2023-08-02 13:30:00,2023-08-02 14:15:00,XAUUSD,15m,SELL,LONDON,1946.525,1950.106831401969,1939.3613371960623,V50 realtime loss proxy | variant=proxy_hardened_no_worst_hours | Side=SELL | score=79.0 | opposite_score=4.0 | session=LONDON | RR=2.00,V50 realtime loss proxy,4.0,79.0,79.0,2.0,0.01,7.163662803937768,7.163662803937768,0.08,0.0,0.0,0.08,7.083662803937768,1207.5567908791973,1214.640453683135,1274.1671730660917,59.52671938295657,4.6718139221648975,7.083662803937768,1,0
proxy_hardened_no_worst_hours_high_margin,proxy_hardened_no_worst_hours_high_margin-000247,2023-08-04 10:00:00,2023-08-04 12:30:00,XAUUSD,15m,SELL,LONDON,1932.515,1934.5486047181482,1928.4477905637038,V50 realtime loss proxy | variant=proxy_hardened_no_worst_hours | Side=SELL | score=90.0 | opposite_score=4.0 | session=LONDON | RR=2.00,V50 realtime loss proxy,4.0,90.0,90.0,2.0,0.01,-2.0336047181481263,-2.0336047181481263,0.08,0.0,0.0,0.08,-2.1136047181481263,1214.640453683135,1212.526848964987,1274.1671730660917,61.640324101104625,4.837695194483504,-2.1136047181481263,1,1
proxy_hardened_no_worst_hours_high_margin,proxy_hardened_no_worst_hours_high_margin-000248,2023-08-08 13:30:00,2023-08-08 14:30:00,XAUUSD,15m,SELL,LONDON,1926.565,1930.8412245670318,1918.0125508659366,V50 realtime loss proxy | variant=proxy_hardened_no_worst_hours | Side=SELL | score=96.0 | opposite_score=11.0 | session=LONDON | RR=2.00,V50 realtime loss proxy,11.0,96.0,96.0,2.0,0.01,-4.276224567031704,-4.276224567031704,0.08,0.0,0.0,0.08,-4.356224567031704,1212.526848964987,1208.1706243979554,1274.1671730660917,65.99654866813626,5.179583186821985,-4.356224567031704,1,1
proxy_hardened_no_worst_hours_high_margin,proxy_hardened_no_worst_hours_high_margin-000249,2023-08-08 14:45:00,2023-08-09 05:00:00,XAUUSD,15m,SELL,LONDON,1926.998,1931.610726767803,1917.772546464394,V50 realtime loss proxy | variant=proxy_hardened_no_worst_hours | Side=SELL | score=100.0 | opposite_score=8.0 | session=LONDON | RR=2.00,V50 realtime loss proxy,8.0,100.0,100.0,2.0,0.01,-4.612726767802997,-4.612726767802997,0.08,0.0,0.0,0.08,-4.692726767802997,1208.1706243979554,1203.4778976301525,1274.1671730660917,70.68927543593918,5.547880759306965,-9.048951334834701,2,2
proxy_hardened_no_worst_hours_high_margin,proxy_hardened_no_worst_hours_high_margin-000250,2023-08-09 13:15:00,2023-08-09 14:00:00,XAUUSD,15m,SELL,LONDON,1924.835,1927.3406340750694,1919.8237318498614,V50 realtime loss proxy | variant=proxy_hardened_no_worst_hours | Side=SELL | score=96.0 | opposite_score=4.0 | session=LONDON | RR=2.00,V50 realtime loss proxy,4.0,96.0,96.0,2.0,0.01,-2.505634075069338,-2.505634075069338,0.08,0.0,0.0,0.08,-2.585634075069338,1203.4778976301525,1200.8922635550832,1274.1671730660917,73.27490951100845,5.750808140401499,-2.585634075069338,1,1
proxy_hardened_no_worst_hours_high_margin,proxy_hardened_no_worst_hours_high_margin-000251,2023-08-10 15:15:00,2023-08-10 16:00:00,XAUUSD,15m,SELL,LONDON,1916.315,1920.7061389124767,1907.5327221750467,V50 realtime loss proxy | variant=proxy_hardened_no_worst_hours | Side=SELL | score=96.0 | opposite_score=4.0 | session=LONDON | RR=2.00,V50 realtime loss proxy,4.0,96.0,96.0,2.0,0.01,-4.391138912476663,-4.391138912476663,0.08,0.0,0.0,0.08,-4.471138912476663,1200.8922635550832,1196.4211246426066,1274.1671730660917,77.74604842348504,6.101714913624785,-4.471138912476663,1,1
proxy_hardened_no_worst_hours_high_margin,proxy_hardened_no_worst_hours_high_margin-000252,2023-08-15 10:00:00,2023-08-15 12:30:00,XAUUSD,15m,SELL,LONDON,1904.025,1905.917322793345,1900.2403544133103,V50 realtime loss proxy | variant=proxy_hardened_no_worst_hours | Side=SELL | score=96.0 | opposite_score=4.0 | session=LONDON | RR=2.00,V50 realtime loss proxy,4.0,96.0,96.0,2.0,0.01,3.7846455866897486,3.7846455866897486,0.08,0.0,0.0,0.08,3.7046455866897485,1196.4211246426066,1200.1257702292964,1274.1671730660917,74.04140283679521,5.810964558019943,3.7046455866897485,1,0
proxy_hardened_no_worst_hours_high_margin,proxy_hardened_no_worst_hours_high_margin-000253,2023-08-15 13:30:00,2023-08-15 14:15:00,XAUUSD,15m,SELL,LONDON,1902.735,1906.6195658161348,1894.96586836773,V50 realtime loss proxy | variant=proxy_hardened_no_worst_hours | Side=SELL | score=96.0 | opposite_score=4.0 | session=LONDON | RR=2.00,V50 realtime loss proxy,4.0,96.0,96.0,2.0,0.01,-3.8845658161349093,-3.8845658161349093,0.08,0.0,0.0,0.08,-3.9645658161349093,1200.1257702292964,1196.1612044131616,1274.1671730660917,78.00596865293005,6.122114138698176,-0.2599202294451608,2,1
proxy_hardened_no_worst_hours_high_margin,proxy_hardened_no_worst_hours_high_margin-000254,2023-08-22 14:45:00,2023-08-22 15:45:00,XAUUSD,15m,SELL,LONDON,1895.065,1898.6731413217667,1887.8487173564665,V50 realtime loss proxy | variant=proxy_hardened_no_worst_hours | Side=SELL | score=91.0 | opposite_score=8.0 | session=LONDON | RR=2.00,V50 realtime loss proxy,8.0,91.0,91.0,2.000000000000063,0.01,-3.6081413217666523,-3.6081413217666523,0.08,0.0,0.0,0.08,-3.6881413217666523,1196.1612044131616,1192.473063091395,1274.1671730660917,81.69410997469663,6.411569196066481,-3.6881413217666523,1,1
proxy_hardened_no_worst_hours_high_margin,proxy_hardened_no_worst_hours_high_margin-000255,2023-08-23 10:45:00,2023-08-23 12:30:00,XAUUSD,15m,BUY,LONDON,1903.128,1900.8933023617772,1907.5973952764455,V50 realtime loss proxy | variant=proxy_hardened_no_worst_hours | Side=BUY | score=79.0 | opposite_score=26.0 | session=LONDON | RR=2.00,V50 realtime loss proxy,79.0,26.0,79.0,2.0,0.01,4.469395276445539,4.469395276445539,0.08,0.0,0.0,0.08,4.389395276445539,1192.473063091395,1196.8624583678406,1274.1671730660917,77.30471469825102,6.06707787897477,4.389395276445539,1,0
proxy_hardened_no_worst_hours_high_margin,proxy_hardened_no_worst_hours_high_margin-000256,2023-08-23 13:00:00,2023-08-23 13:45:00,XAUUSD,15m,BUY,LONDON,1906.005,1902.9020352935647,1912.2109294128709,V50 realtime loss proxy | variant=proxy_hardened_no_worst_hours | Side=BUY | score=79.0 | opposite_score=4.0 | session=LONDON | RR=2.00,V50 realtime loss proxy,79.0,4.0,79.0,2.0,0.01,6.205929412870773,6.205929412870773,0.08,0.0,0.0,0.08,6.125929412870773,1196.8624583678406,1202.9883877807115,1274.1671730660917,71.17878528538017,5.58629878323573,10.515324689316312,2,0
proxy_hardened_no_worst_hours_high_margin,proxy_hardened_no_worst_hours_high_margin-000257,2023-08-30 10:00:00,2023-08-30 12:15:00,XAUUSD,15m,BUY,LONDON,1937.405,1935.764459199485,1940.68608160103,V50 realtime loss proxy | variant=proxy_hardened_no_worst_hours | Side=BUY | score=85.0 | opposite_score=4.0 | session=LONDON | RR=2.00,V50 realtime loss proxy,85.0,4.0,85.0,2.0,0.01,3.2810816010301096,3.2810816010301096,0.08,0.0,0.0,0.08,3.2010816010301095,1202.9883877807115,1206.1894693817417,1274.1671730660917,67.97770368434999,5.335069457233925,3.2010816010301095,1,0
proxy_hardened_no_worst_hours_high_margin,proxy_hardened_no_worst_hours_high_margin-000258,2023-08-30 18:00:00,2023-08-30 20:45:00,XAUUSD,15m,BUY,NEW YORK,1944.205,1941.923037821807,1948.7689243563862,V50 realtime loss proxy | variant=proxy_hardened_no_worst_hours | Side=BUY | score=89.0 | opposite_score=8.0 | session=NEW YORK | RR=2.00,V50 realtime loss proxy,89.0,8.0,89.0,2.0000000000000995,0.01,-2.281962178192998,-2.281962178192998,0.08,0.0,0.0,0.08,-2.3619621781929983,1206.1894693817417,1203.8275072035487,1274.1671730660917,70.33966586254292,5.520442477989845,0.8391194228371113,2,1
proxy_hardened_no_worst_hours_high_margin,proxy_hardened_no_worst_hours_high_margin-000259,2023-09-05 13:00:00,2023-09-05 13:15:00,XAUUSD,15m,SELL,LONDON,1930.175,1933.1150122718648,1924.29497545627,V50 realtime loss proxy | variant=proxy_hardened_no_worst_hours | Side=SELL | score=85.0 | opposite_score=26.0 | session=LONDON | RR=2.00,V50 realtime loss proxy,26.0,85.0,85.0,2.0000000000000773,0.01,-2.9400122718648163,-2.9400122718648163,0.08,0.0,0.0,0.08,-3.0200122718648164,1203.8275072035487,1200.807494931684,1274.1671730660917,73.35967813440766,5.757461005519286,-3.0200122718648164,1,1
proxy_hardened_no_worst_hours_high_margin,proxy_hardened_no_worst_hours_high_margin-000260,2023-09-05 15:00:00,2023-09-06 13:00:00,XAUUSD,15m,SELL,LONDON,1928.715,1932.3179877864438,1921.509024427112,V50 realtime loss proxy | variant=proxy_hardened_no_worst_hours | Side=SELL | score=85.0 | opposite_score=26.0 | session=LONDON | RR=2.00,V50 realtime loss proxy,26.0,85.0,85.0,2.0,0.01,7.205975572887837,7.205975572887837,0.08,0.0,0.0,0.08,7.125975572887837,1200.807494931684,1207.933470504572,1274.1671730660917,66.23370256151975,5.1981956498014545,4.105963301023021,2,0
proxy_hardened_no_worst_hours_high_margin,proxy_hardened_no_worst_hours_high_margin-000261,2023-09-08 13:15:00,2023-09-08 13:30:00,XAUUSD,15m,SELL,LONDON,1922.065,1924.3616487655077,1917.4717024689849,V50 realtime loss proxy | variant=proxy_hardened_no_worst_hours | Side=SELL | score=96.0 | opposite_score=11.0 | session=LONDON | RR=2.00,V50 realtime loss proxy,11.0,96.0,96.0,2.0,0.01,-2.296648765507598,-2.296648765507598,0.08,0.0,0.0,0.08,-2.376648765507598,1207.933470504572,1205.5568217390644,1274.1671730660917,68.61035132702727,5.38472131266157,-2.376648765507598,1,1
proxy_hardened_no_worst_hours_high_margin,proxy_hardened_no_worst_hours_high_margin-000262,2023-09-12 14:45:00,2023-09-13 13:30:00,XAUUSD,15m,SELL,LONDON,1911.825,1915.0209666193991,1905.4330667612019,V50 realtime loss proxy | variant=proxy_hardened_no_worst_hours | Side=SELL | score=100.0 | opposite_score=8.0 | session=LONDON | RR=2.00,V50 realtime loss proxy,8.0,100.0,100.0,2.0,0.01,-3.195966619399087,-3.195966619399087,0.08,0.0,0.0,0.08,-3.275966619399087,1205.5568217390644,1202.2808551196654,1274.1671730660917,71.88631794642629,5.641827812393148,-3.275966619399087,1,1
proxy_hardened_no_worst_hours_high_margin,proxy_hardened_no_worst_hours_high_margin-000263,2023-09-13 14:00:00,2023-09-14 12:30:00,XAUUSD,15m,SELL,LONDON,1911.165,1914.903668026959,1903.687663946082,V50 realtime loss proxy | variant=proxy_hardened_no_worst_hours | Side=SELL | score=79.0 | opposite_score=8.0 | session=LONDON | RR=2.00,V50 realtime loss proxy,8.0,79.0,79.0,2.0,0.01,7.477336053917952,7.477336053917952,0.08,0.0,0.0,0.08,7.397336053917952,1202.2808551196654,1209.6781911735834,1274.1671730660917,64.48898189250826,5.061265370487079,7.397336053917952,1,0
proxy_hardened_no_worst_hours_high_margin,proxy_hardened_no_worst_hours_high_margin-000264,2023-09-14 13:15:00,2023-09-14 13:30:00,XAUUSD,15m,SELL,LONDON,1902.335,1905.5801575174814,1895.844684965037,V50 realtime loss proxy | variant=proxy_hardened_no_worst_hours | Side=SELL | score=96.0 | opposite_score=4.0 | session=LONDON | RR=2.00,V50 realtime loss proxy,4.0,96.0,96.0,2.00000000000007,0.01,-3.2451575174814025,-3.2451575174814025,0.08,0.0,0.0,0.08,-3.3251575174814025,1209.6781911735834,1206.353033656102,1274.1671730660917,67.8141394099896,5.322232501627323,-3.3251575174814025,1,1
proxy_hardened_no_worst_hours_high_margin,proxy_hardened_no_worst_hours_high_margin-000265,2023-09-26 10:30:00,2023-09-26 12:30:00,XAUUSD,15m,SELL,LONDON,1912.415,1914.2002355401034,1908.8445289197928,V50 realtime loss proxy | variant=proxy_hardened_no_worst_hours | Side=SELL | score=96.0 | opposite_score=4.0 | session=LONDON | RR=2.00,V50 realtime loss proxy,4.0,96.0,96.0,2.0000000000001275,0.01,3.5704710802071986,3.5704710802071986,0.08,0.0,0.0,0.08,3.4904710802071985,1206.353033656102,1209.8435047363093,1274.1671730660917,64.32366832978232,5.048291126116292,3.4904710802071985,1,0
proxy_hardened_no_worst_hours_high_margin,proxy_hardened_no_worst_hours_high_margin-000266,2023-10-02 14:00:00,2023-10-02 15:15:00,XAUUSD,15m,SELL,LONDON,1828.148,1832.835991378211,1818.7720172435777,V50 realtime loss proxy | variant=proxy_hardened_no_worst_hours | Side=SELL | score=100.0 | opposite_score=8.0 | session=LONDON | RR=2.00,V50 realtime loss proxy,8.0,100.0,100.0,2.0,0.01,-4.687991378211109,-4.687991378211109,0.08,0.0,0.0,0.08,-4.767991378211109,1209.8435047363093,1205.0755133580983,1274.1671730660917,69.09165970799336,5.422495663715356,-4.767991378211109,1,1
proxy_hardened_no_worst_hours_high_margin,proxy_hardened_no_worst_hours_high_margin-000267,2023-10-02 15:30:00,2023-10-02 23:00:00,XAUUSD,15m,SELL,LONDON,1833.005,1837.9011649058816,1823.2126701882369,V50 realtime loss proxy | variant=proxy_hardened_no_worst_hours | Side=SELL | score=96.0 | opposite_score=4.0 | session=LONDON | RR=2.00,V50 realtime loss proxy,4.0,96.0,96.0,2.0000000000000466,0.01,9.792329811763238,9.792329811763238,0.08,0.0,0.0,0.08,9.712329811763238,1205.0755133580983,1214.7878431698616,1274.1671730660917,59.37932989623005,4.660246406548256,4.944338433552129,2,0
proxy_hardened_no_worst_hours_high_margin,proxy_hardened_no_worst_hours_high_margin-000268,2023-10-04 14:00:00,2023-10-04 15:15:00,XAUUSD,15m,SELL,LONDON,1820.595,1824.7151366204755,1812.3547267590488,V50 realtime loss proxy | variant=proxy_hardened_no_worst_hours | Side=SELL | score=79.0 | opposite_score=15.0 | session=LONDON | RR=2.00,V50 realtime loss proxy,15.0,79.0,79.0,2.000000000000055,0.01,-4.120136620475478,-4.120136620475478,0.08,0.0,0.0,0.08,-4.200136620475478,1214.7878431698616,1210.5877065493862,1274.1671730660917,63.57946651670545,4.9898842052029195,-4.200136620475478,1,1
proxy_hardened_no_worst_hours_high_margin,proxy_hardened_no_worst_hours_high_margin-000269,2023-10-09 14:15:00,2023-10-09 18:45:00,XAUUSD,15m,BUY,LONDON,1850.465,1847.022536001629,1857.3499279967418,V50 realtime loss proxy | variant=proxy_hardened_no_worst_hours | Side=BUY | score=89.0 | opposite_score=8.0 | session=LONDON | RR=2.00,V50 realtime loss proxy,89.0,8.0,89.0,2.000000000000066,0.01,6.884927996741908,6.884927996741908,0.08,0.0,0.0,0.08,6.804927996741908,1210.5877065493862,1217.3926345461282,1274.1671730660917,56.77453851996347,4.455815509933761,6.804927996741908,1,0
proxy_hardened_no_worst_hours_high_margin,proxy_hardened_no_worst_hours_high_margin-000270,2023-10-11 18:45:00,2023-10-12 01:30:00,XAUUSD,15m,BUY,NEW YORK,1872.375,1869.2280752719907,1878.6688494560187,V50 realtime loss proxy | variant=proxy_hardened_no_worst_hours | Side=BUY | score=89.0 | opposite_score=8.0 | session=NEW YORK | RR=2.00,V50 realtime loss proxy,89.0,8.0,89.0,2.0000000000000724,0.01,6.293849456018734,6.293849456018734,0.08,0.0,0.0,0.08,6.213849456018734,1217.3926345461282,1223.606484002147,1274.1671730660917,50.560689063944665,3.968136217344069,6.213849456018734,1,0
proxy_hardened_no_worst_hours_high_margin,proxy_hardened_no_worst_hours_high_margin-000271,2023-10-16 13:00:00,2023-10-16 13:30:00,XAUUSD,15m,BUY,LONDON,1918.465,1914.570411844559,1926.254176310882,V50 realtime loss proxy | variant=proxy_hardened_no_worst_hours | Side=BUY | score=85.0 | opposite_score=4.0 | session=LONDON | RR=2.00,V50 realtime loss proxy,85.0,4.0,85.0,2.000000000000058,0.01,-3.8945881554409425,-3.8945881554409425,0.08,0.0,0.0,0.08,-3.9745881554409426,1223.606484002147,1219.6318958467061,1274.1671730660917,54.535277219385534,4.280072377642142,-3.9745881554409426,1,1
proxy_hardened_no_worst_hours_high_margin,proxy_hardened_no_worst_hours_high_margin-000272,2023-10-16 13:45:00,2023-10-17 01:30:00,XAUUSD,15m,BUY,LONDON,1917.865,1913.7055166991604,1926.1839666016792,V50 realtime loss proxy | variant=proxy_hardened_no_worst_hours | Side=BUY | score=85.0 | opposite_score=4.0 | session=LONDON | RR=2.00,V50 realtime loss proxy,85.0,4.0,85.0,2.0,0.01,-4.159483300839611,-4.159483300839611,0.08,0.0,0.0,0.08,-4.239483300839611,1219.6318958467061,1215.3924125458666,1274.1671730660917,58.77476052022507,4.612798207537591,-8.214071456280553,2,2
proxy_hardened_no_worst_hours_high_margin,proxy_hardened_no_worst_hours_high_margin-000273,2023-10-17 13:00:00,2023-10-17 18:00:00,XAUUSD,15m,BUY,LONDON,1923.504,1919.4783071265265,1931.5553857469467,V50 realtime loss proxy | variant=proxy_hardened_no_worst_hours | Side=BUY | score=85.0 | opposite_score=4.0 | session=LONDON | RR=2.00,V50 realtime loss proxy,85.0,4.0,85.0,2.0,0.01,-4.025692873473417,-4.025692873473417,0.08,0.0,0.0,0.08,-4.1056928734734175,1215.3924125458666,1211.2867196723932,1274.1671730660917,62.88045339369842,4.935023811858695,-4.1056928734734175,1,1
proxy_hardened_no_worst_hours_high_margin,proxy_hardened_no_worst_hours_high_margin-000274,2023-10-18 18:00:00,2023-10-19 03:45:00,XAUUSD,15m,BUY,NEW YORK,1950.145,1945.1807091092362,1960.0735817815275,V50 realtime loss proxy | variant=proxy_hardened_no_worst_hours | Side=BUY | score=100.0 | opposite_score=8.0 | session=NEW YORK | RR=2.00,V50 realtime loss proxy,100.0,8.0,100.0,2.0,0.01,-4.9642908907637775,-4.9642908907637775,0.08,0.0,0.0,0.08,-5.044290890763778,1211.2867196723932,1206.2424287816295,1274.1671730660917,67.92474428446212,5.330913063865195,-5.044290890763778,1,1
proxy_hardened_no_worst_hours_high_margin,proxy_hardened_no_worst_hours_high_margin-000275,2023-10-19 10:30:00,2023-10-19 12:30:00,XAUUSD,15m,BUY,LONDON,1950.885,1947.8232596103053,1957.0084807793894,V50 realtime loss proxy | variant=proxy_hardened_no_worst_hours | Side=BUY | score=96.0 | opposite_score=4.0 | session=LONDON | RR=2.00,V50 realtime loss proxy,96.0,4.0,96.0,2.0,0.01,6.123480779389411,6.123480779389411,0.08,0.0,0.0,0.08,6.0434807793894105,1206.2424287816295,1212.285909561019,1274.1671730660917,61.88126350507264,4.856604754316868,6.0434807793894105,1,0
proxy_hardened_no_worst_hours_high_margin,proxy_hardened_no_worst_hours_high_margin-000276,2023-10-19 13:00:00,2023-10-19 15:30:00,XAUUSD,15m,BUY,LONDON,1951.605,1947.9896066166825,1958.8357867666352,V50 realtime loss proxy | variant=proxy_hardened_no_worst_hours | Side=BUY | score=96.0 | opposite_score=4.0 | session=LONDON | RR=2.00,V50 realtime loss proxy,96.0,4.0,96.0,2.000000000000063,0.01,7.2307867666352195,7.2307867666352195,0.08,0.0,0.0,0.08,7.150786766635219,1212.285909561019,1219.4366963276543,1274.1671730660917,54.730476738437346,4.2953921506811925,13.19426754602463,2,0
proxy_hardened_no_worst_hours_high_margin,proxy_hardened_no_worst_hours_high_margin-000277,2023-10-20 13:45:00,2023-10-20 15:15:00,XAUUSD,15m,BUY,LONDON,1987.005,1982.2319880178165,1996.5510239643672,V50 realtime loss proxy | variant=proxy_hardened_no_worst_hours | Side=BUY | score=100.0 | opposite_score=4.0 | session=LONDON | RR=2.00,V50 realtime loss proxy,100.0,4.0,100.0,2.0,0.01,9.546023964367123,9.546023964367123,0.08,0.0,0.0,0.08,9.466023964367123,1219.4366963276543,1228.9027202920215,1274.1671730660917,45.26445277407015,3.5524736259801806,9.466023964367123,1,0
proxy_hardened_no_worst_hours_high_margin,proxy_hardened_no_worst_hours_high_margin-000278,2023-10-24 18:30:00,2023-10-25 07:15:00,XAUUSD,15m,BUY,NEW YORK,1972.185,1968.2547840906443,1980.0454318187112,V50 realtime loss proxy | variant=proxy_hardened_no_worst_hours | Side=BUY | score=80.0 | opposite_score=8.0 | session=NEW YORK | RR=2.00,V50 realtime loss proxy,80.0,8.0,80.0,2.0,0.01,-3.9302159093556384,-3.9302159093556384,0.08,0.0,0.0,0.08,-4.010215909355638,1228.9027202920215,1224.892504382666,1274.1671730660917,49.274668683425716,3.867205946363666,-4.010215909355638,1,1
proxy_hardened_no_worst_hours_high_margin,proxy_hardened_no_worst_hours_high_margin-000279,2023-10-25 14:00:00,2023-10-25 15:00:00,XAUUSD,15m,BUY,LONDON,1976.615,1971.482366402724,1986.880267194552,V50 realtime loss proxy | variant=proxy_hardened_no_worst_hours | Side=BUY | score=80.0 | opposite_score=8.0 | session=LONDON | RR=2.00,V50 realtime loss proxy,80.0,8.0,80.0,2.0,0.01,-5.132633597276026,-5.132633597276026,0.08,0.0,0.0,0.08,-5.212633597276026,1224.892504382666,1219.67987078539,1274.1671730660917,54.48730228070167,4.276307177933816,-5.212633597276026,1,1
proxy_hardened_no_worst_hours_high_margin,proxy_hardened_no_worst_hours_high_margin-000280,2023-10-30 14:00:00,2023-10-30 14:30:00,XAUUSD,15m,BUY,LONDON,2000.408,1996.2551466598354,2008.7137066803289,V50 realtime loss proxy | variant=proxy_hardened_no_worst_hours | Side=BUY | score=94.0 | opposite_score=8.0 | session=LONDON | RR=2.00,V50 realtime loss proxy,94.0,8.0,94.0,2.0,0.01,-4.152853340164484,-4.152853340164484,0.08,0.0,0.0,0.08,-4.232853340164484,1219.67987078539,1215.4470174452256,1274.1671730660917,58.72015562086608,4.608512671030824,-4.232853340164484,1,1
proxy_hardened_no_worst_hours_high_margin,proxy_hardened_no_worst_hours_high_margin-000281,2023-11-01 14:45:00,2023-11-01 15:15:00,XAUUSD,15m,BUY,LONDON,1986.465,1982.3244178849807,1994.7461642300386,V50 realtime loss proxy | variant=proxy_hardened_no_worst_hours | Side=BUY | score=91.0 | opposite_score=8.0 | session=LONDON | RR=2.00,V50 realtime loss proxy,91.0,8.0,91.0,2.000000000000055,0.01,-4.140582115019242,-4.140582115019242,0.08,0.0,0.0,0.08,-4.220582115019242,1215.4470174452256,1211.2264353302064,1274.1671730660917,62.94073773588525,4.939755086016525,-4.220582115019242,1,1
proxy_hardened_no_worst_hours_high_margin,proxy_hardened_no_worst_hours_high_margin-000282,2023-11-02 10:00:00,2023-11-02 13:30:00,XAUUSD,15m,BUY,LONDON,1987.025,1984.674294355291,1991.7264112894184,V50 realtime loss proxy | variant=proxy_hardened_no_worst_hours | Side=BUY | score=90.0 | opposite_score=4.0 | session=LONDON | RR=2.00,V50 realtime loss proxy,90.0,4.0,90.0,2.000000000000097,0.01,-2.3507056447090235,-2.3507056447090235,0.08,0.0,0.0,0.08,-2.4307056447090236,1211.2264353302064,1208.7957296854975,1274.1671730660917,65.3714433805942,5.130523275316193,-2.4307056447090236,1,1
proxy_hardened_no_worst_hours_high_margin,proxy_hardened_no_worst_hours_high_margin-000283,2023-11-07 14:30:00,2023-11-07 18:15:00,XAUUSD,15m,SELL,LONDON,1963.105,1966.9047686622878,1955.5054626754243,V50 realtime loss proxy | variant=proxy_hardened_no_worst_hours | Side=SELL | score=89.0 | opposite_score=8.0 | session=LONDON | RR=2.00,V50 realtime loss proxy,8.0,89.0,89.0,2.00000000000006,0.01,-3.799768662287761,-3.799768662287761,0.08,0.0,0.0,0.08,-3.879768662287761,1208.7957296854975,1204.9159610232098,1274.1671730660917,69.25121204288189,5.435017751731844,-3.879768662287761,1,1
proxy_hardened_no_worst_hours_high_margin,proxy_hardened_no_worst_hours_high_margin-000284,2023-11-08 14:30:00,2023-11-08 15:15:00,XAUUSD,15m,SELL,LONDON,1961.995,1965.038814866382,1955.9073702672358,V50 realtime loss proxy | variant=proxy_hardened_no_worst_hours | Side=SELL | score=89.0 | opposite_score=8.0 | session=LONDON | RR=2.00,V50 realtime loss proxy,8.0,89.0,89.0,2.0,0.01,6.087629732764071,6.087629732764071,0.08,0.0,0.0,0.08,6.007629732764071,1204.9159610232098,1210.923590755974,1274.1671730660917,63.243582310117745,4.963523126869732,6.007629732764071,1,0
proxy_hardened_no_worst_hours_high_margin,proxy_hardened_no_worst_hours_high_margin-000285,2023-11-09 10:45:00,2023-11-09 13:45:00,XAUUSD,15m,SELL,LONDON,1946.908,1949.30051303565,1942.1229739286994,V50 realtime loss proxy | variant=proxy_hardened_no_worst_hours | Side=SELL | score=85.0 | opposite_score=4.0 | session=LONDON | RR=2.00,V50 realtime loss proxy,4.0,85.0,85.0,2.000000000000095,0.01,-2.392513035650154,-2.392513035650154,0.08,0.0,0.0,0.08,-2.472513035650154,1210.923590755974,1208.4510777203238,1274.1671730660917,65.71609534576783,5.157572470465702,-2.472513035650154,1,1
proxy_hardened_no_worst_hours_high_margin,proxy_hardened_no_worst_hours_high_margin-000286,2023-11-10 10:45:00,2023-11-10 11:15:00,XAUUSD,15m,SELL,LONDON,1953.918,1956.2140187672883,1949.325962465423,V50 realtime loss proxy | variant=proxy_hardened_no_worst_hours | Side=SELL | score=85.0 | opposite_score=4.0 | session=LONDON | RR=2.00,V50 realtime loss proxy,4.0,85.0,85.0,2.000000000000099,0.01,4.592037534577003,4.592037534577003,0.08,0.0,0.0,0.08,4.5120375345770025,1208.4510777203238,1212.963115254901,1274.1671730660917,61.20405781119075,4.80345586552135,4.5120375345770025,1,0
proxy_hardened_no_worst_hours_high_margin,proxy_hardened_no_worst_hours_high_margin-000287,2023-11-10 15:00:00,2023-11-10 16:15:00,XAUUSD,15m,SELL,LONDON,1946.555,1950.7599147583624,1938.1451704832753,V50 realtime loss proxy | variant=proxy_hardened_no_worst_hours | Side=SELL | score=85.0 | opposite_score=11.0 | session=LONDON | RR=2.00,V50 realtime loss proxy,11.0,85.0,85.0,2.000000000000054,0.01,8.409829516724812,8.409829516724812,0.08,0.0,0.0,0.08,8.329829516724812,1212.963115254901,1221.2929447716258,1274.1671730660917,52.874228294465865,4.149708877464798,12.841867051301815,2,0
proxy_hardened_no_worst_hours_high_margin,proxy_hardened_no_worst_hours_high_margin-000288,2023-11-14 21:30:00,2023-11-15 04:45:00,XAUUSD,15m,BUY,NEW YORK,1962.728,1960.2360684236598,1967.7118631526807,V50 realtime loss proxy | variant=proxy_hardened_no_worst_hours | Side=BUY | score=78.0 | opposite_score=8.0 | session=NEW YORK | RR=2.00,V50 realtime loss proxy,78.0,8.0,78.0,2.000000000000091,0.01,4.983863152680669,4.983863152680669,0.08,0.0,0.0,0.08,4.903863152680669,1221.2929447716258,1226.1968079243065,1274.1671730660917,47.97036514178512,3.764840764681737,4.903863152680669,1,0
proxy_hardened_no_worst_hours_high_margin,proxy_hardened_no_worst_hours_high_margin-000289,2023-11-15 13:00:00,2023-11-15 13:30:00,XAUUSD,15m,BUY,LONDON,1971.835,1969.5455595694048,1976.4138808611906,V50 realtime loss proxy | variant=proxy_hardened_no_worst_hours | Side=BUY | score=96.0 | opposite_score=4.0 | session=LONDON | RR=2.00,V50 realtime loss proxy,96.0,4.0,96.0,2.0,0.01,-2.2894404305952776,-2.2894404305952776,0.08,0.0,0.0,0.08,-2.3694404305952776,1226.1968079243065,1223.8273674937113,1274.1671730660917,50.33980557238033,3.9508006984079773,-2.3694404305952776,1,1
proxy_hardened_no_worst_hours_high_margin,proxy_hardened_no_worst_hours_high_margin-000290,2023-11-16 10:00:00,2023-11-16 12:00:00,XAUUSD,15m,BUY,LONDON,1966.205,1964.2382480393653,1970.1385039212694,V50 realtime loss proxy | variant=proxy_hardened_no_worst_hours | Side=BUY | score=96.0 | opposite_score=4.0 | session=LONDON | RR=2.00,V50 realtime loss proxy,96.0,4.0,96.0,2.0000000000001155,0.01,-1.9667519606346104,-1.9667519606346104,0.08,0.0,0.0,0.08,-2.0467519606346105,1223.8273674937113,1221.7806155330768,1274.1671730660917,52.386557533014866,4.111435190011567,-2.0467519606346105,1,1
proxy_hardened_no_worst_hours_high_margin,proxy_hardened_no_worst_hours_high_margin-000291,2023-11-16 13:30:00,2023-11-16 14:30:00,XAUUSD,15m,BUY,LONDON,1970.515,1967.729061210054,1976.0868775798926,V50 realtime loss proxy | variant=proxy_hardened_no_worst_hours | Side=BUY | score=80.0 | opposite_score=4.0 | session=LONDON | RR=2.00,V50 realtime loss proxy,80.0,4.0,80.0,2.0000000000000817,0.01,5.5718775798925435,5.5718775798925435,0.08,0.0,0.0,0.08,5.491877579892543,1221.7806155330768,1227.2724931129694,1274.1671730660917,46.89467995312225,3.6804181542581462,3.445125619257933,2,0
proxy_hardened_no_worst_hours_high_margin,proxy_hardened_no_worst_hours_high_margin-000292,2023-11-17 13:00:00,2023-11-17 13:30:00,XAUUSD,15m,BUY,LONDON,1991.305,1988.1054966303884,1997.7040067392234,V50 realtime loss proxy | variant=proxy_hardened_no_worst_hours | Side=BUY | score=96.0 | opposite_score=4.0 | session=LONDON | RR=2.00,V50 realtime loss proxy,96.0,4.0,96.0,2.0,0.01,-3.199503369611648,-3.199503369611648,0.08,0.0,0.0,0.08,-3.279503369611648,1227.2724931129694,1223.9929897433578,1274.1671730660917,50.174183322733825,3.9378022274735893,-3.279503369611648,1,1
proxy_hardened_no_worst_hours_high_margin,proxy_hardened_no_worst_hours_high_margin-000293,2023-11-20 21:00:00,2023-11-21 00:15:00,XAUUSD,15m,BUY,NEW YORK,1976.975,1974.3081124582382,1982.3087750835236,V50 realtime loss proxy | variant=proxy_hardened_no_worst_hours | Side=BUY | score=80.0 | opposite_score=8.0 | session=NEW YORK | RR=2.00,V50 realtime loss proxy,80.0,8.0,80.0,2.0000000000000853,0.01,5.333775083523733,5.333775083523733,0.08,0.0,0.0,0.08,5.253775083523733,1223.9929897433578,1229.2467648268816,1274.1671730660917,44.92040823921002,3.525472103563602,5.253775083523733,1,0
proxy_hardened_no_worst_hours_high_margin,proxy_hardened_no_worst_hours_high_margin-000294,2023-11-21 19:15:00,2023-11-22 01:15:00,XAUUSD,15m,BUY,NEW YORK,1999.965,1996.289509500403,2007.315980999194,V50 realtime loss proxy | variant=proxy_hardened_no_worst_hours | Side=BUY | score=78.0 | opposite_score=8.0 | session=NEW YORK | RR=2.00,V50 realtime loss proxy,78.0,8.0,78.0,2.0000000000000617,0.01,-3.67549049959689,-3.67549049959689,0.08,0.0,0.0,0.08,-3.75549049959689,1229.2467648268816,1225.4912743272848,1274.1671730660917,48.675898738806836,3.820212902022551,-3.75549049959689,1,1
proxy_hardened_no_worst_hours_high_margin,proxy_hardened_no_worst_hours_high_margin-000295,2023-11-22 10:45:00,2023-11-22 13:30:00,XAUUSD,15m,BUY,LONDON,2001.025,1998.2916869266062,2006.491626146788,V50 realtime loss proxy | variant=proxy_hardened_no_worst_hours | Side=BUY | score=96.0 | opposite_score=4.0 | session=LONDON | RR=2.00,V50 realtime loss proxy,96.0,4.0,96.0,2.0,0.01,-2.7333130733939015,-2.7333130733939015,0.08,0.0,0.0,0.08,-2.8133130733939016,1225.4912743272848,1222.677961253891,1274.1671730660917,51.489211812200665,4.041009131344957,-2.8133130733939016,1,1
proxy_hardened_no_worst_hours_high_margin,proxy_hardened_no_worst_hours_high_margin-000296,2023-11-24 15:30:00,2023-11-27 01:00:00,XAUUSD,15m,BUY,LONDON,1999.265,1996.089948914932,2005.6151021701364,V50 realtime loss proxy | variant=proxy_hardened_no_worst_hours | Side=BUY | score=90.0 | opposite_score=4.0 | session=LONDON | RR=2.00,V50 realtime loss proxy,90.0,4.0,90.0,2.0,0.01,6.350102170136324,6.350102170136324,0.08,0.0,0.0,0.08,6.270102170136324,1222.677961253891,1228.9480634240274,1274.1671730660917,45.21910964206427,3.5489149774005933,6.270102170136324,1,0
proxy_hardened_no_worst_hours_high_margin,proxy_hardened_no_worst_hours_high_margin-000297,2023-11-27 10:15:00,2023-11-27 13:30:00,XAUUSD,15m,BUY,LONDON,2013.445,2010.7568823932027,2018.8212352135947,V50 realtime loss proxy | variant=proxy_hardened_no_worst_hours | Side=BUY | score=96.0 | opposite_score=4.0 | session=LONDON | RR=2.00,V50 realtime loss proxy,96.0,4.0,96.0,2.0000000000000844,0.01,-2.6881176067972774,-2.6881176067972774,0.08,0.0,0.0,0.08,-2.7681176067972775,1228.9480634240274,1226.1799458172302,1274.1671730660917,47.98722724886147,3.766164147314157,-2.7681176067972775,1,1
proxy_hardened_no_worst_hours_high_margin,proxy_hardened_no_worst_hours_high_margin-000298,2023-11-27 15:15:00,2023-11-27 15:30:00,XAUUSD,15m,BUY,LONDON,2013.535,2010.0403269598105,2020.5243460803792,V50 realtime loss proxy | variant=proxy_hardened_no_worst_hours | Side=BUY | score=96.0 | opposite_score=4.0 | session=LONDON | RR=2.00,V50 realtime loss proxy,96.0,4.0,96.0,2.0,0.01,-3.494673040189582,-3.494673040189582,0.08,0.0,0.0,0.08,-3.574673040189582,1226.1799458172302,1222.6052727770407,1274.1671730660917,51.56190028905098,4.046713914703596,-6.34279064698686,2,2
proxy_hardened_no_worst_hours_high_margin,proxy_hardened_no_worst_hours_high_margin-000299,2023-12-01 10:15:00,2023-12-01 11:00:00,XAUUSD,15m,BUY,LONDON,2044.365,2041.61401422576,2049.8669715484803,V50 realtime loss proxy | variant=proxy_hardened_no_worst_hours | Side=BUY | score=90.0 | opposite_score=4.0 | session=LONDON | RR=2.00,V50 realtime loss proxy,90.0,4.0,90.0,2.0000000000000826,0.01,-2.7509857742400072,-2.7509857742400072,0.08,0.0,0.0,0.08,-2.8309857742400073,1222.6052727770407,1219.7742870028007,1274.1671730660917,54.392886063290916,4.2688971441951855,-2.8309857742400073,1,1
proxy_hardened_no_worst_hours_high_margin,proxy_hardened_no_worst_hours_high_margin-000300,2023-12-11 13:00:00,2023-12-11 14:45:00,XAUUSD,15m,SELL,LONDON,1992.975,1996.1499086195615,1986.6251827608764,V50 realtime loss proxy | variant=proxy_hardened_no_worst_hours | Side=SELL | score=85.0 | opposite_score=4.0 | session=LONDON | RR=2.00,V50 realtime loss proxy,4.0,85.0,85.0,2.0000000000000715,0.01,6.3498172391234675,6.3498172391234675,0.08,0.0,0.0,0.08,6.2698172391234674,1219.7742870028007,1226.0441042419243,1274.1671730660917,48.123068824167376,3.7768253523881365,6.2698172391234674,1,0
proxy_hardened_no_worst_hours_high_margin,proxy_hardened_no_worst_hours_high_margin-000301,2023-12-12 15:15:00,2023-12-13 06:45:00,XAUUSD,15m,SELL,LONDON,1983.335,1988.3465837813458,1973.3118324373086,V50 realtime loss proxy | variant=proxy_hardened_no_worst_hours | Side=SELL | score=85.0 | opposite_score=4.0 | session=LONDON | RR=2.00,V50 realtime loss proxy,4.0,85.0,85.0,2.0,0.01,10.02316756269147,10.02316756269147,0.08,0.0,0.0,0.08,9.94316756269147,1226.0441042419243,1235.9872718046158,1274.1671730660917,38.179901261475834,2.9964593397585064,9.94316756269147,1,0
proxy_hardened_no_worst_hours_high_margin,proxy_hardened_no_worst_hours_high_margin-000302,2023-12-14 10:30:00,2023-12-14 13:30:00,XAUUSD,15m,BUY,LONDON,2034.565,2030.2687028639089,2043.1575942721825,V50 realtime loss proxy | variant=proxy_hardened_no_worst_hours | Side=BUY | score=96.0 | opposite_score=4.0 | session=LONDON | RR=2.00,V50 realtime loss proxy,96.0,4.0,96.0,2.0,0.01,-4.296297136091198,-4.296297136091198,0.08,0.0,0.0,0.08,-4.376297136091198,1235.9872718046158,1231.6109746685247,1274.1671730660917,42.55619839756696,3.339922680252535,-4.376297136091198,1,1
proxy_hardened_no_worst_hours_high_margin,proxy_hardened_no_worst_hours_high_margin-000303,2023-12-14 15:30:00,2023-12-14 18:00:00,XAUUSD,15m,BUY,LONDON,2038.545,2032.395525007394,2050.843949985212,V50 realtime loss proxy | variant=proxy_hardened_no_worst_hours | Side=BUY | score=96.0 | opposite_score=4.0 | session=LONDON | RR=2.00,V50 realtime loss proxy,96.0,4.0,96.0,2.0,0.01,-6.149474992605974,-6.149474992605974,0.08,0.0,0.0,0.08,-6.229474992605974,1231.6109746685247,1225.3814996759188,1274.1671730660917,48.78567339017286,3.8288283061615433,-10.605772128697172,2,2
proxy_hardened_no_worst_hours_high_margin,proxy_hardened_no_worst_hours_high_margin-000304,2023-12-18 18:00:00,2023-12-19 02:15:00,XAUUSD,15m,BUY,NEW YORK,2027.825,2023.5294311379082,2036.4161377241837,V50 realtime loss proxy | variant=proxy_hardened_no_worst_hours | Side=BUY | score=100.0 | opposite_score=15.0 | session=NEW YORK | RR=2.00,V50 realtime loss proxy,100.0,15.0,100.0,2.0,0.01,-4.295568862091841,-4.295568862091841,0.08,0.0,0.0,0.08,-4.375568862091841,1225.3814996759188,1221.005930813827,1274.1671730660917,53.16124225226463,4.172234489791484,-4.375568862091841,1,1
proxy_hardened_no_worst_hours_high_margin,proxy_hardened_no_worst_hours_high_margin-000305,2023-12-19 18:30:00,2023-12-20 11:00:00,XAUUSD,15m,BUY,NEW YORK,2038.565,2034.91625124872,2045.86249750256,V50 realtime loss proxy | variant=proxy_hardened_no_worst_hours | Side=BUY | score=100.0 | opposite_score=8.0 | session=NEW YORK | RR=2.00,V50 realtime loss proxy,100.0,8.0,100.0,2.0,0.01,-3.6487487512799817,-3.6487487512799817,0.08,0.0,0.0,0.08,-3.7287487512799817,1221.005930813827,1217.2771820625471,1274.1671730660917,56.88999100354454,4.464876525318678,-3.7287487512799817,1,1
proxy_hardened_no_worst_hours_high_margin,proxy_hardened_no_worst_hours_high_margin-000306,2023-12-20 14:00:00,2023-12-20 14:15:00,XAUUSD,15m,BUY,LONDON,2039.105,2035.6808118839817,2045.9533762320368,V50 realtime loss proxy | variant=proxy_hardened_no_worst_hours | Side=BUY | score=79.0 | opposite_score=8.0 | session=LONDON | RR=2.00,V50 realtime loss proxy,79.0,8.0,79.0,2.0000000000000666,0.01,-3.4241881160182857,-3.4241881160182857,0.08,0.0,0.0,0.08,-3.5041881160182857,1217.2771820625471,1213.772993946529,1274.1671730660917,60.39417911956275,4.739894449974978,-3.5041881160182857,1,1
proxy_hardened_no_worst_hours_high_margin,proxy_hardened_no_worst_hours_high_margin-000307,2023-12-21 14:00:00,2023-12-21 23:00:00,XAUUSD,15m,BUY,LONDON,2039.215,2035.0321328469615,2047.5807343060767,V50 realtime loss proxy | variant=proxy_hardened_no_worst_hours | Side=BUY | score=80.0 | opposite_score=8.0 | session=LONDON | RR=2.00,V50 realtime loss proxy,80.0,8.0,80.0,2.0,0.01,8.365734306076774,8.365734306076774,0.08,0.0,0.0,0.08,8.285734306076774,1213.772993946529,1222.0587282526058,1274.1671730660917,52.1084448134859,4.089608170338808,8.285734306076774,1,0
proxy_hardened_no_worst_hours_high_margin,proxy_hardened_no_worst_hours_high_margin-000308,2023-12-27 18:45:00,2023-12-28 01:45:00,XAUUSD,15m,BUY,NEW YORK,2078.375,2074.4184789689266,2086.2880420621473,V50 realtime loss proxy | variant=proxy_hardened_no_worst_hours | Side=BUY | score=100.0 | opposite_score=8.0 | session=NEW YORK | RR=2.00,V50 realtime loss proxy,100.0,8.0,100.0,2.000000000000115,0.01,7.9130420621472695,7.9130420621472695,0.08,0.0,0.0,0.08,7.833042062147269,1222.0587282526058,1229.891770314753,1274.1671730660917,44.27540275133856,3.474850371854775,7.833042062147269,1,0
proxy_hardened_no_worst_hours_high_margin,proxy_hardened_no_worst_hours_high_margin-000309,2024-01-02 10:00:00,2024-01-02 11:30:00,XAUUSD,15m,BUY,LONDON,2074.875,2071.6237538332252,2081.3774923335495,V50 realtime loss proxy | variant=proxy_hardened_no_worst_hours | Side=BUY | score=96.0 | opposite_score=4.0 | session=LONDON | RR=2.00,V50 realtime loss proxy,96.0,4.0,96.0,2.0,0.01,-3.251246166774763,-3.251246166774763,0.08,0.0,0.0,0.08,-3.331246166774763,1229.891770314753,1226.5605241479784,1274.1671730660917,47.60664891811325,3.736295356248663,-3.331246166774763,1,1
proxy_hardened_no_worst_hours_high_margin,proxy_hardened_no_worst_hours_high_margin-000310,2024-01-08 13:00:00,2024-01-08 14:45:00,XAUUSD,15m,SELL,LONDON,2020.785,2025.016626473321,2012.3217470533582,V50 realtime loss proxy | variant=proxy_hardened_no_worst_hours | Side=SELL | score=85.0 | opposite_score=4.0 | session=LONDON | RR=2.00,V50 realtime loss proxy,4.0,85.0,85.0,2.0000000000000537,0.01,-4.23162647332083,-4.23162647332083,0.08,0.0,0.0,0.08,-4.31162647332083,1226.5605241479784,1222.2488976746577,1274.1671730660917,51.91827539143401,4.074683172577777,-4.31162647332083,1,1
proxy_hardened_no_worst_hours_high_margin,proxy_hardened_no_worst_hours_high_margin-000311,2024-01-12 15:45:00,2024-01-12 17:00:00,XAUUSD,15m,BUY,LONDON,2053.595,2047.9089855366983,2064.967028926603,V50 realtime loss proxy | variant=proxy_hardened_no_worst_hours | Side=BUY | score=96.0 | opposite_score=4.0 | session=LONDON | RR=2.00,V50 realtime loss proxy,96.0,4.0,96.0,2.0,0.01,-5.68601446330149,-5.68601446330149,0.08,0.0,0.0,0.08,-5.76601446330149,1222.2488976746577,1216.4828832113562,1274.1671730660917,57.684289854735425,4.527215193900096,-5.76601446330149,1,1
proxy_hardened_no_worst_hours_high_margin,proxy_hardened_no_worst_hours_high_margin-000312,2024-01-12 19:00:00,2024-01-15 08:45:00,XAUUSD,15m,BUY,NEW YORK,2048.585,2043.7313947955834,2058.2922104088334,V50 realtime loss proxy | variant=proxy_hardened_no_worst_hours | Side=BUY | score=78.0 | opposite_score=8.0 | session=NEW YORK | RR=2.00,V50 realtime loss proxy,78.0,8.0,78.0,2.0,0.01,9.707210408833362,9.707210408833362,0.08,0.0,0.0,0.08,9.627210408833362,1216.4828832113562,1226.1100936201897,1274.1671730660917,48.05707944590199,3.771646331953433,3.861195945531872,2,0
proxy_hardened_no_worst_hours_high_margin,proxy_hardened_no_worst_hours_high_margin-000313,2024-01-16 14:45:00,2024-01-16 17:00:00,XAUUSD,15m,SELL,LONDON,2038.095,2043.279414832231,2027.7261703355382,V50 realtime loss proxy | variant=proxy_hardened_no_worst_hours | Side=SELL | score=89.0 | opposite_score=30.0 | session=LONDON | RR=2.00,V50 realtime loss proxy,30.0,89.0,89.0,2.0,0.01,10.368829664461828,10.368829664461828,0.08,0.0,0.0,0.08,10.288829664461828,1226.1100936201897,1236.3989232846516,1274.1671730660917,37.76824978144009,2.9641518459902305,10.288829664461828,1,0
proxy_hardened_no_worst_hours_high_margin,proxy_hardened_no_worst_hours_high_margin-000314,2024-01-17 14:00:00,2024-01-17 15:15:00,XAUUSD,15m,SELL,LONDON,2019.678,2024.353724231542,2010.3265515369164,V50 realtime loss proxy | variant=proxy_hardened_no_worst_hours | Side=SELL | score=89.0 | opposite_score=8.0 | session=LONDON | RR=2.00,V50 realtime loss proxy,8.0,89.0,89.0,2.0,0.01,9.35144846308367,9.35144846308367,0.08,0.0,0.0,0.08,9.27144846308367,1236.3989232846516,1245.6703717477353,1274.1671730660917,28.496801318356347,2.236504119768137,9.27144846308367,1,0
proxy_hardened_no_worst_hours_high_margin,proxy_hardened_no_worst_hours_high_margin-000315,2024-01-22 10:00:00,2024-01-22 11:45:00,XAUUSD,15m,SELL,LONDON,2022.695,2025.9450779197177,2016.1948441605643,V50 realtime loss proxy | variant=proxy_hardened_no_worst_hours | Side=SELL | score=79.0 | opposite_score=4.0 | session=LONDON | RR=2.00,V50 realtime loss proxy,4.0,79.0,79.0,2.0,0.01,-3.2500779197177962,-3.2500779197177962,0.08,0.0,0.0,0.08,-3.3300779197177963,1245.6703717477353,1242.3402938280176,1274.1671730660917,31.82687923807407,2.4978574170520713,-3.3300779197177963,1,1
proxy_hardened_no_worst_hours_high_margin,proxy_hardened_no_worst_hours_high_margin-000316,2024-01-22 14:00:00,2024-01-23 03:45:00,XAUUSD,15m,SELL,LONDON,2023.135,2026.745387156795,2015.91422568641,V50 realtime loss proxy | variant=proxy_hardened_no_worst_hours | Side=SELL | score=83.0 | opposite_score=8.0 | session=LONDON | RR=2.00,V50 realtime loss proxy,8.0,83.0,83.0,2.0,0.01,-3.6103871567950137,-3.6103871567950137,0.08,0.0,0.0,0.08,-3.6903871567950137,1242.3402938280176,1238.6499066712227,1274.1671730660917,35.51726639486901,2.7874887334761613,-7.02046507651281,2,2
proxy_hardened_no_worst_hours_high_margin,proxy_hardened_no_worst_hours_high_margin-000317,2024-01-23 14:30:00,2024-01-23 16:00:00,XAUUSD,15m,SELL,LONDON,2023.428,2027.1237233672653,2016.0365532654698,V50 realtime loss proxy | variant=proxy_hardened_no_worst_hours | Side=SELL | score=80.0 | opposite_score=15.0 | session=LONDON | RR=2.00,V50 realtime loss proxy,15.0,80.0,80.0,2.0,0.01,-3.6957233672651455,-3.6957233672651455,0.08,0.0,0.0,0.08,-3.7757233672651456,1238.6499066712227,1234.8741833039576,1274.1671730660917,39.292989762134084,3.0838174607482167,-3.7757233672651456,1,1
proxy_hardened_no_worst_hours_high_margin,proxy_hardened_no_worst_hours_high_margin-000318,2024-01-23 21:00:00,2024-01-24 02:00:00,XAUUSD,15m,BUY,NEW YORK,2027.965,2025.4062402061497,2033.0825195877003,V50 realtime loss proxy | variant=proxy_hardened_no_worst_hours | Side=BUY | score=83.0 | opposite_score=30.0 | session=NEW YORK | RR=2.00,V50 realtime loss proxy,83.0,30.0,83.0,2.0,0.01,-2.558759793850186,-2.558759793850186,0.08,0.0,0.0,0.08,-2.638759793850186,1234.8741833039576,1232.2354235101075,1274.1671730660917,41.9317495559842,3.2909142883568214,-6.4144831611153315,2,2
proxy_hardened_no_worst_hours_high_margin,proxy_hardened_no_worst_hours_high_margin-000319,2024-01-24 10:30:00,2024-01-24 13:15:00,XAUUSD,15m,BUY,LONDON,2029.875,2026.9046362477268,2035.8157275045464,V50 realtime loss proxy | variant=proxy_hardened_no_worst_hours | Side=BUY | score=85.0 | opposite_score=26.0 | session=LONDON | RR=2.00,V50 realtime loss proxy,85.0,26.0,85.0,2.0,0.01,5.94072750454643,5.94072750454643,0.08,0.0,0.0,0.08,5.86072750454643,1232.2354235101075,1238.096151014654,1274.1671730660917,36.071022051437694,2.830948937778565,5.86072750454643,1,0
proxy_hardened_no_worst_hours_high_margin,proxy_hardened_no_worst_hours_high_margin-000320,2024-01-24 13:30:00,2024-01-24 14:30:00,XAUUSD,15m,BUY,LONDON,2032.445,2028.8875853459986,2039.559829308003,V50 realtime loss proxy | variant=proxy_hardened_no_worst_hours | Side=BUY | score=85.0 | opposite_score=11.0 | session=LONDON | RR=2.00,V50 realtime loss proxy,85.0,11.0,85.0,2.000000000000064,0.01,-3.557414654001377,-3.557414654001377,0.08,0.0,0.0,0.08,-3.637414654001377,1238.096151014654,1234.4587363606527,1274.1671730660917,39.708436705439,3.1164228324833245,2.223312850545053,2,1
proxy_hardened_no_worst_hours_high_margin,proxy_hardened_no_worst_hours_high_margin-000321,2024-01-30 10:00:00,2024-01-30 11:15:00,XAUUSD,15m,BUY,LONDON,2036.295,2033.9519894501088,2040.9810210997828,V50 realtime loss proxy | variant=proxy_hardened_no_worst_hours | Side=BUY | score=85.0 | opposite_score=4.0 | session=LONDON | RR=2.00,V50 realtime loss proxy,85.0,4.0,85.0,2.0000000000000973,0.01,-2.3430105498912326,-2.3430105498912326,0.08,0.0,0.0,0.08,-2.4230105498912327,1234.4587363606527,1232.0357258107615,1274.1671730660917,42.13144725533016,3.3065870904480423,-2.4230105498912327,1,1
proxy_hardened_no_worst_hours_high_margin,proxy_hardened_no_worst_hours_high_margin-000322,2024-01-31 10:00:00,2024-01-31 13:30:00,XAUUSD,15m,BUY,LONDON,2037.425,2035.361801969873,2041.5513960602536,V50 realtime loss proxy | variant=proxy_hardened_no_worst_hours | Side=BUY | score=85.0 | opposite_score=4.0 | session=LONDON | RR=2.00,V50 realtime loss proxy,85.0,4.0,85.0,2.0,0.01,4.126396060253683,4.126396060253683,0.08,0.0,0.0,0.08,4.046396060253683,1232.0357258107615,1236.0821218710153,1274.1671730660917,38.0850511950764,2.9890152564070895,4.046396060253683,1,0
proxy_hardened_no_worst_hours_high_margin,proxy_hardened_no_worst_hours_high_margin-000323,2024-01-31 19:30:00,2024-01-31 20:00:00,XAUUSD,15m,BUY,NEW YORK,2048.665,2043.3128354503826,2059.3693290992346,V50 realtime loss proxy | variant=proxy_hardened_no_worst_hours | Side=BUY | score=78.0 | opposite_score=8.0 | session=NEW YORK | RR=2.00,V50 realtime loss proxy,78.0,8.0,78.0,2.0,0.01,-5.352164549617328,-5.352164549617328,0.08,0.0,0.0,0.08,-5.432164549617328,1236.0821218710153,1230.649957321398,1274.1671730660917,43.51721574469366,3.415345856068166,-1.3857684893636453,2,1
proxy_hardened_no_worst_hours_high_margin,proxy_hardened_no_worst_hours_high_margin-000324,2024-02-01 18:15:00,2024-02-02 13:30:00,XAUUSD,15m,BUY,NEW YORK,2054.125,2047.6666027149427,2067.0417945701147,V50 realtime loss proxy | variant=proxy_hardened_no_worst_hours | Side=BUY | score=100.0 | opposite_score=8.0 | session=NEW YORK | RR=2.00,V50 realtime loss proxy,100.0,8.0,100.0,2.0,0.01,-6.458397285057345,-6.458397285057345,0.08,0.0,0.0,0.08,-6.538397285057345,1230.649957321398,1224.1115600363407,1274.1671730660917,50.05561302975093,3.9284965181844727,-6.538397285057345,1,1
proxy_hardened_no_worst_hours_high_margin,proxy_hardened_no_worst_hours_high_margin-000325,2024-02-05 15:00:00,2024-02-05 17:30:00,XAUUSD,15m,SELL,LONDON,2019.815,2024.079075304544,2011.286849390912,V50 realtime loss proxy | variant=proxy_hardened_no_worst_hours | Side=SELL | score=85.0 | opposite_score=4.0 | session=LONDON | RR=2.00,V50 realtime loss proxy,4.0,85.0,85.0,2.0000000000000533,0.01,-4.264075304543894,-4.264075304543894,0.08,0.0,0.0,0.08,-4.344075304543894,1224.1115600363407,1219.767484731797,1274.1671730660917,54.39968833429475,4.269431004362644,-4.344075304543894,1,1
proxy_hardened_no_worst_hours_high_margin,proxy_hardened_no_worst_hours_high_margin-000326,2024-02-06 10:15:00,2024-02-06 11:30:00,XAUUSD,15m,SELL,LONDON,2024.365,2026.7910347457644,2019.512930508471,V50 realtime loss proxy | variant=proxy_hardened_no_worst_hours | Side=SELL | score=79.0 | opposite_score=4.0 | session=LONDON | RR=2.00,V50 realtime loss proxy,4.0,79.0,79.0,2.0000000000000937,0.01,-2.4260347457643547,-2.4260347457643547,0.08,0.0,0.0,0.08,-2.506034745764355,1219.767484731797,1217.2614499860326,1274.1671730660917,56.90572308005903,4.466111220172466,-2.506034745764355,1,1
proxy_hardened_no_worst_hours_high_margin,proxy_hardened_no_worst_hours_high_margin-000327,2024-02-07 15:15:00,2024-02-07 17:15:00,XAUUSD,15m,BUY,LONDON,2038.875,2034.8736336071593,2046.8777327856815,V50 realtime loss proxy | variant=proxy_hardened_no_worst_hours | Side=BUY | score=90.0 | opposite_score=15.0 | session=LONDON | RR=2.00,V50 realtime loss proxy,90.0,15.0,90.0,2.0,0.01,-4.001366392840737,-4.001366392840737,0.08,0.0,0.0,0.08,-4.081366392840737,1217.2614499860326,1213.180083593192,1274.1671730660917,60.9870894728997,4.786427618139262,-4.081366392840737,1,1
proxy_hardened_no_worst_hours_high_margin,proxy_hardened_no_worst_hours_high_margin-000328,2024-02-14 14:00:00,2024-02-14 15:00:00,XAUUSD,15m,SELL,LONDON,1990.145,1993.081055332773,1984.2728893344536,V50 realtime loss proxy | variant=proxy_hardened_no_worst_hours | Side=SELL | score=100.0 | opposite_score=8.0 | session=LONDON | RR=2.00,V50 realtime loss proxy,8.0,100.0,100.0,2.0000000000000773,0.01,5.8721106655464155,5.8721106655464155,0.08,0.0,0.0,0.08,5.792110665546415,1213.180083593192,1218.9721942587385,1274.1671730660917,55.19497880735321,4.331847498043353,5.792110665546415,1,0
proxy_hardened_no_worst_hours_high_margin,proxy_hardened_no_worst_hours_high_margin-000329,2024-02-14 15:15:00,2024-02-14 16:00:00,XAUUSD,15m,SELL,LONDON,1987.245,1991.0077682172443,1979.7194635655108,V50 realtime loss proxy | variant=proxy_hardened_no_worst_hours | Side=SELL | score=96.0 | opposite_score=4.0 | session=LONDON | RR=2.00,V50 realtime loss proxy,4.0,96.0,96.0,2.0000000000000604,0.01,-3.7627682172444565,-3.7627682172444565,0.08,0.0,0.0,0.08,-3.8427682172444566,1218.9721942587385,1215.129426041494,1274.1671730660917,59.03774702459759,4.633438081953731,1.9493424483019588,2,1
proxy_hardened_no_worst_hours_high_margin,proxy_hardened_no_worst_hours_high_margin-000330,2024-02-20 14:45:00,2024-02-20 19:45:00,XAUUSD,15m,BUY,LONDON,2028.058,2025.2387312846695,2033.696537430661,V50 realtime loss proxy | variant=proxy_hardened_no_worst_hours | Side=BUY | score=89.0 | opposite_score=8.0 | session=LONDON | RR=2.00,V50 realtime loss proxy,89.0,8.0,89.0,2.0,0.01,-2.8192687153305087,-2.8192687153305087,0.08,0.0,0.0,0.08,-2.899268715330509,1215.129426041494,1212.2301573261636,1274.1671730660917,61.93701573992803,4.860980336739167,-2.899268715330509,1,1
proxy_hardened_no_worst_hours_high_margin,proxy_hardened_no_worst_hours_high_margin-000331,2024-02-21 13:30:00,2024-02-21 13:45:00,XAUUSD,15m,BUY,LONDON,2030.165,2027.8807088219912,2034.7335823560177,V50 realtime loss proxy | variant=proxy_hardened_no_worst_hours | Side=BUY | score=85.0 | opposite_score=4.0 | session=LONDON | RR=2.00,V50 realtime loss proxy,85.0,4.0,85.0,2.0000000000000995,0.01,-2.2842911780087434,-2.2842911780087434,0.08,0.0,0.0,0.08,-2.3642911780087434,1212.2301573261636,1209.865866148155,1274.1671730660917,64.3013069179367,5.046536143542709,-2.3642911780087434,1,1
proxy_hardened_no_worst_hours_high_margin,proxy_hardened_no_worst_hours_high_margin-000332,2024-02-23 13:45:00,2024-02-23 16:00:00,XAUUSD,15m,BUY,LONDON,2025.275,2022.3594632827517,2031.106073434497,V50 realtime loss proxy | variant=proxy_hardened_no_worst_hours | Side=BUY | score=85.0 | opposite_score=4.0 | session=LONDON | RR=2.00,V50 realtime loss proxy,85.0,4.0,85.0,2.0,0.01,5.83107343449683,5.83107343449683,0.08,0.0,0.0,0.08,5.7510734344968295,1209.865866148155,1215.6169395826519,1274.1671730660917,58.5502334834398,4.595176733563734,5.7510734344968295,1,0
proxy_hardened_no_worst_hours_high_margin,proxy_hardened_no_worst_hours_high_margin-000333,2024-02-23 21:30:00,2024-02-25 23:00:00,XAUUSD,15m,BUY,NEW YORK,2035.798,2033.5358194069229,2040.3223611861545,V50 realtime loss proxy | variant=proxy_hardened_no_worst_hours | Side=BUY | score=89.0 | opposite_score=8.0 | session=NEW YORK | RR=2.00,V50 realtime loss proxy,89.0,8.0,89.0,2.0000000000001004,0.01,-2.262180593077119,-2.262180593077119,0.08,0.0,0.0,0.08,-2.342180593077119,1215.6169395826519,1213.2747589895748,1274.1671730660917,60.89241407651684,4.778997243351389,3.4088928414197106,2,1
proxy_hardened_no_worst_hours_high_margin,proxy_hardened_no_worst_hours_high_margin-000334,2024-02-26 10:00:00,2024-02-26 10:30:00,XAUUSD,15m,BUY,LONDON,2035.195,2032.9764273679484,2039.632145264103,V50 realtime loss proxy | variant=proxy_hardened_no_worst_hours | Side=BUY | score=85.0 | opposite_score=4.0 | session=LONDON | RR=2.00,V50 realtime loss proxy,85.0,4.0,85.0,2.0,0.01,-2.2185726320515187,-2.2185726320515187,0.08,0.0,0.0,0.08,-2.2985726320515187,1213.2747589895748,1210.9761863575234,1274.1671730660917,63.19098670856829,4.959395285354015,-2.2985726320515187,1,1
proxy_hardened_no_worst_hours_high_margin,proxy_hardened_no_worst_hours_high_margin-000335,2024-02-27 10:30:00,2024-02-27 14:00:00,XAUUSD,15m,BUY,LONDON,2035.678,2033.7854391362566,2039.463121727487,V50 realtime loss proxy | variant=proxy_hardened_no_worst_hours | Side=BUY | score=96.0 | opposite_score=4.0 | session=LONDON | RR=2.00,V50 realtime loss proxy,96.0,4.0,96.0,2.0,0.01,-1.8925608637434834,-1.8925608637434834,0.08,0.0,0.0,0.08,-1.9725608637434835,1210.9761863575234,1209.00362549378,1274.1671730660917,65.1635475723117,5.1142070640154245,-1.9725608637434835,1,1
proxy_hardened_no_worst_hours_high_margin,proxy_hardened_no_worst_hours_high_margin-000336,2024-02-27 14:15:00,2024-02-27 14:30:00,XAUUSD,15m,BUY,LONDON,2036.345,2033.9570914767191,2041.1208170465618,V50 realtime loss proxy | variant=proxy_hardened_no_worst_hours | Side=BUY | score=80.0 | opposite_score=8.0 | session=LONDON | RR=2.00,V50 realtime loss proxy,80.0,8.0,80.0,2.0,0.01,-2.3879085232808848,-2.3879085232808848,0.08,0.0,0.0,0.08,-2.467908523280885,1209.00362549378,1206.5357169704992,1274.1671730660917,67.63145609559251,5.307895033337547,-4.440469387024368,2,2
proxy_hardened_no_worst_hours_high_margin,proxy_hardened_no_worst_hours_high_margin-000337,2024-02-28 14:45:00,2024-02-29 02:15:00,XAUUSD,15m,BUY,LONDON,2031.695,2029.0443673497368,2036.9962653005264,V50 realtime loss proxy | variant=proxy_hardened_no_worst_hours | Side=BUY | score=94.0 | opposite_score=8.0 | session=LONDON | RR=2.00,V50 realtime loss proxy,94.0,8.0,94.0,2.0000000000000857,0.01,5.301265300526438,5.301265300526438,0.08,0.0,0.0,0.08,5.221265300526438,1206.5357169704992,1211.7569822710257,1274.1671730660917,62.410190795066,4.898116362932601,5.221265300526438,1,0
proxy_hardened_no_worst_hours_high_margin,proxy_hardened_no_worst_hours_high_margin-000338,2024-03-01 13:15:00,2024-03-01 14:45:00,XAUUSD,15m,BUY,LONDON,2051.615,2048.653997195784,2057.5370056084316,V50 realtime loss proxy | variant=proxy_hardened_no_worst_hours | Side=BUY | score=96.0 | opposite_score=4.0 | session=LONDON | RR=2.00,V50 realtime loss proxy,96.0,4.0,96.0,2.0000000000001537,0.01,-2.9610028042156955,-2.9610028042156955,0.08,0.0,0.0,0.08,-3.0410028042156956,1211.7569822710257,1208.71597946681,1274.1671730660917,65.45119359928162,5.136782282797568,-3.0410028042156956,1,1
proxy_hardened_no_worst_hours_high_margin,proxy_hardened_no_worst_hours_high_margin-000339,2024-03-01 15:00:00,2024-03-01 15:30:00,XAUUSD,15m,BUY,LONDON,2055.575,2051.032307506561,2064.6603849868775,V50 realtime loss proxy | variant=proxy_hardened_no_worst_hours | Side=BUY | score=96.0 | opposite_score=4.0 | session=LONDON | RR=2.00,V50 realtime loss proxy,96.0,4.0,96.0,2.0000000000001,0.01,9.08538498687767,9.08538498687767,0.08,0.0,0.0,0.08,9.00538498687767,1208.71597946681,1217.7213644536878,1274.1671730660917,56.44580861240388,4.430015919855754,5.964382182661975,2,0
proxy_hardened_no_worst_hours_high_margin,proxy_hardened_no_worst_hours_high_margin-000340,2024-03-04 10:00:00,2024-03-04 13:00:00,XAUUSD,15m,BUY,LONDON,2083.998,2081.653385824142,2088.687228351717,V50 realtime loss proxy | variant=proxy_hardened_no_worst_hours | Side=BUY | score=96.0 | opposite_score=4.0 | session=LONDON | RR=2.00,V50 realtime loss proxy,96.0,4.0,96.0,2.000000000000194,0.01,-2.344614175858169,-2.344614175858169,0.08,0.0,0.0,0.08,-2.424614175858169,1217.7213644536878,1215.2967502778297,1274.1671730660917,58.870422788261976,4.62030603461547,-2.424614175858169,1,1
proxy_hardened_no_worst_hours_high_margin,proxy_hardened_no_worst_hours_high_margin-000341,2024-03-05 14:00:00,2024-03-05 15:45:00,XAUUSD,15m,BUY,LONDON,2130.228,2123.7816896911254,2143.1206206177494,V50 realtime loss proxy | variant=proxy_hardened_no_worst_hours | Side=BUY | score=100.0 | opposite_score=8.0 | session=LONDON | RR=2.00,V50 realtime loss proxy,100.0,8.0,100.0,2.0,0.01,-6.446310308874672,-6.446310308874672,0.08,0.0,0.0,0.08,-6.526310308874672,1215.2967502778297,1208.770439968955,1274.1671730660917,65.39673309713658,5.132508078964959,-6.526310308874672,1,1
proxy_hardened_no_worst_hours_high_margin,proxy_hardened_no_worst_hours_high_margin-000342,2024-03-05 18:00:00,2024-03-06 01:15:00,XAUUSD,15m,BUY,NEW YORK,2131.865,2125.6790547230366,2144.236890553926,V50 realtime loss proxy | variant=proxy_hardened_no_worst_hours | Side=BUY | score=100.0 | opposite_score=8.0 | session=NEW YORK | RR=2.00,V50 realtime loss proxy,100.0,8.0,100.0,2.0,0.01,-6.185945276963139,-6.185945276963139,0.08,0.0,0.0,0.08,-6.265945276963139,1208.770439968955,1202.504494691992,1274.1671730660917,71.66267837409964,5.6242759889704415,-12.792255585837811,2,2
proxy_hardened_no_worst_hours_high_margin,proxy_hardened_no_worst_hours_high_margin-000343,2024-03-06 10:15:00,2024-03-06 12:30:00,XAUUSD,15m,BUY,LONDON,2127.505,2124.556741097205,2133.401517805591,V50 realtime loss proxy | variant=proxy_hardened_no_worst_hours | Side=BUY | score=96.0 | opposite_score=4.0 | session=LONDON | RR=2.00,V50 realtime loss proxy,96.0,4.0,96.0,2.000000000000154,0.01,5.896517805590975,5.896517805590975,0.08,0.0,0.0,0.08,5.8165178055909745,1202.504494691992,1208.321012497583,1274.1671730660917,65.8461605685086,5.167780332156864,5.8165178055909745,1,0
proxy_hardened_no_worst_hours_high_margin,proxy_hardened_no_worst_hours_high_margin-000344,2024-03-06 19:45:00,2024-03-07 04:00:00,XAUUSD,15m,BUY,NEW YORK,2144.295,2138.377133423941,2156.1307331521184,V50 realtime loss proxy | variant=proxy_hardened_no_worst_hours | Side=BUY | score=100.0 | opposite_score=8.0 | session=NEW YORK | RR=2.00,V50 realtime loss proxy,100.0,8.0,100.0,2.0,0.01,11.835733152118337,11.835733152118337,0.08,0.0,0.0,0.08,11.755733152118337,1208.321012497583,1220.0767456497015,1274.1671730660917,54.090427416390185,4.245159391936751,17.57225095770931,2,0
proxy_hardened_no_worst_hours_high_margin,proxy_hardened_no_worst_hours_high_margin-000345,2024-03-07 13:00:00,2024-03-07 14:00:00,XAUUSD,15m,BUY,LONDON,2157.945,2153.957428949627,2165.920142100747,V50 realtime loss proxy | variant=proxy_hardened_no_worst_hours | Side=BUY | score=96.0 | opposite_score=11.0 | session=LONDON | RR=2.00,V50 realtime loss proxy,96.0,11.0,96.0,2.0,0.01,-3.98757105037339,-3.98757105037339,0.08,0.0,0.0,0.08,-4.06757105037339,1220.0767456497015,1216.0091745993282,1274.1671730660917,58.1579984667635,4.564393095045372,-4.06757105037339,1,1
proxy_hardened_no_worst_hours_high_margin,proxy_hardened_no_worst_hours_high_margin-000346,2024-03-08 13:30:00,2024-03-08 13:45:00,XAUUSD,15m,BUY,LONDON,2180.625,2174.3292818333034,2193.216436333393,V50 realtime loss proxy | variant=proxy_hardened_no_worst_hours | Side=BUY | score=100.0 | opposite_score=4.0 | session=LONDON | RR=2.00,V50 realtime loss proxy,100.0,4.0,100.0,2.0,0.01,-6.295718166696588,-6.295718166696588,0.08,0.0,0.0,0.08,-6.375718166696588,1216.0091745993282,1209.6334564326316,1274.1671730660917,64.53371663346002,5.064776270932278,-6.375718166696588,1,1
proxy_hardened_no_worst_hours_high_margin,proxy_hardened_no_worst_hours_high_margin-000347,2024-03-08 14:15:00,2024-03-08 17:00:00,XAUUSD,15m,BUY,LONDON,2169.415,2161.515140921198,2185.214718157604,V50 realtime loss proxy | variant=proxy_hardened_no_worst_hours | Side=BUY | score=100.0 | opposite_score=8.0 | session=LONDON | RR=2.00,V50 realtime loss proxy,100.0,8.0,100.0,2.0,0.01,15.79971815760382,15.79971815760382,0.08,0.0,0.0,0.08,15.71971815760382,1209.6334564326316,1225.3531745902355,1274.1671730660917,48.813998475856124,3.8310513335854184,9.343999990907232,2,0
proxy_hardened_no_worst_hours_high_margin,proxy_hardened_no_worst_hours_high_margin-000348,2024-03-15 10:30:00,2024-03-15 12:00:00,XAUUSD,15m,BUY,LONDON,2168.645,2165.559773362272,2174.8154532754556,V50 realtime loss proxy | variant=proxy_hardened_no_worst_hours | Side=BUY | score=96.0 | opposite_score=4.0 | session=LONDON | RR=2.00,V50 realtime loss proxy,96.0,4.0,96.0,2.0,0.01,-3.0852266377278283,-3.0852266377278283,0.08,0.0,0.0,0.08,-3.1652266377278284,1225.3531745902355,1222.1879479525078,1274.1671730660917,51.97922511358388,4.07946666750986,-3.1652266377278284,1,1
proxy_hardened_no_worst_hours_high_margin,proxy_hardened_no_worst_hours_high_margin-000349,2024-03-18 14:15:00,2024-03-18 16:00:00,XAUUSD,15m,BUY,LONDON,2160.005,2156.3178591453448,2167.379281709311,V50 realtime loss proxy | variant=proxy_hardened_no_worst_hours | Side=BUY | score=80.0 | opposite_score=8.0 | session=LONDON | RR=2.00,V50 realtime loss proxy,80.0,8.0,80.0,2.0,0.01,-3.687140854655354,-3.687140854655354,0.08,0.0,0.0,0.08,-3.767140854655354,1222.1879479525078,1218.4208070978525,1274.1671730660917,55.74636596823916,4.375121816558334,-3.767140854655354,1,1
proxy_hardened_no_worst_hours_high_margin,proxy_hardened_no_worst_hours_high_margin-000350,2024-03-19 10:45:00,2024-03-19 12:30:00,XAUUSD,15m,SELL,LONDON,2154.025,2157.385392608716,2147.3042147825686,V50 realtime loss proxy | variant=proxy_hardened_no_worst_hours | Side=SELL | score=79.0 | opposite_score=26.0 | session=LONDON | RR=2.00,V50 realtime loss proxy,26.0,79.0,79.0,2.0,0.01,-3.360392608715756,-3.360392608715756,0.08,0.0,0.0,0.08,-3.440392608715756,1218.4208070978525,1214.9804144891368,1274.1671730660917,59.186758576954844,4.645132901558813,-3.440392608715756,1,1
proxy_hardened_no_worst_hours_high_margin,proxy_hardened_no_worst_hours_high_margin-000351,2024-03-19 14:00:00,2024-03-19 17:00:00,XAUUSD,15m,SELL,LONDON,2151.735,2155.9991445414303,2143.20671091714,V50 realtime loss proxy | variant=proxy_hardened_no_worst_hours | Side=SELL | score=78.0 | opposite_score=37.0 | session=LONDON | RR=2.00,V50 realtime loss proxy,37.0,78.0,78.0,2.0,0.01,-4.2641445414301415,-4.2641445414301415,0.08,0.0,0.0,0.08,-4.344144541430142,1214.9804144891368,1210.6362699477068,1274.1671730660917,63.53090311838491,4.986072821630411,-7.784537150145898,2,2
proxy_hardened_no_worst_hours_high_margin,proxy_hardened_no_worst_hours_high_margin-000352,2024-03-20 13:15:00,2024-03-20 13:30:00,XAUUSD,15m,SELL,LONDON,2151.045,2154.3094627490427,2144.5160745019148,V50 realtime loss proxy | variant=proxy_hardened_no_worst_hours | Side=SELL | score=79.0 | opposite_score=26.0 | session=LONDON | RR=2.00,V50 realtime loss proxy,26.0,79.0,79.0,2.0,0.01,-3.26446274904265,-3.26446274904265,0.08,0.0,0.0,0.08,-3.34446274904265,1210.6362699477068,1207.2918071986642,1274.1671730660917,66.87536586742749,5.248555078255703,-3.34446274904265,1,1
proxy_hardened_no_worst_hours_high_margin,proxy_hardened_no_worst_hours_high_margin-000353,2024-03-20 14:30:00,2024-03-20 18:00:00,XAUUSD,15m,BUY,LONDON,2157.885,2153.470910290392,2166.7131794192164,V50 realtime loss proxy | variant=proxy_hardened_no_worst_hours | Side=BUY | score=79.0 | opposite_score=19.0 | session=LONDON | RR=2.00,V50 realtime loss proxy,79.0,19.0,79.0,2.0,0.01,8.828179419216212,8.828179419216212,0.08,0.0,0.0,0.08,8.748179419216212,1207.2918071986642,1216.0399866178805,1274.1671730660917,58.127186448211205,4.56197488657135,5.403716670173562,2,0
proxy_hardened_no_worst_hours_high_margin,proxy_hardened_no_worst_hours_high_margin-000354,2024-03-25 15:15:00,2024-03-25 19:00:00,XAUUSD,15m,BUY,LONDON,2175.385,2171.30717853142,2183.5406429371606,V50 realtime loss proxy | variant=proxy_hardened_no_worst_hours | Side=BUY | score=90.0 | opposite_score=4.0 | session=LONDON | RR=2.00,V50 realtime loss proxy,90.0,4.0,90.0,2.0,0.01,-4.077821468580169,-4.077821468580169,0.08,0.0,0.0,0.08,-4.157821468580169,1216.0399866178805,1211.8821651493004,1274.1671730660917,62.2850079167913,4.888291680510949,-4.157821468580169,1,1
proxy_hardened_no_worst_hours_high_margin,proxy_hardened_no_worst_hours_high_margin-000355,2024-03-28 13:30:00,2024-03-28 16:30:00,XAUUSD,15m,BUY,LONDON,2208.235,2201.673973375219,2221.357053249563,V50 realtime loss proxy | variant=proxy_hardened_no_worst_hours | Side=BUY | score=96.0 | opposite_score=4.0 | session=LONDON | RR=2.00,V50 realtime loss proxy,96.0,4.0,96.0,2.0,0.01,13.122053249562668,13.122053249562668,0.08,0.0,0.0,0.08,13.042053249562668,1211.8821651493004,1224.924218398863,1274.1671730660917,49.24295466722856,3.8647169467357094,13.042053249562668,1,0
proxy_hardened_no_worst_hours_high_margin,proxy_hardened_no_worst_hours_high_margin-000356,2024-04-02 10:15:00,2024-04-02 11:15:00,XAUUSD,15m,BUY,LONDON,2260.605,2256.0519620355517,2269.711075928897,V50 realtime loss proxy | variant=proxy_hardened_no_worst_hours | Side=BUY | score=96.0 | opposite_score=4.0 | session=LONDON | RR=2.00,V50 realtime loss proxy,96.0,4.0,96.0,2.0000000000001,0.01,-4.553037964448322,-4.553037964448322,0.08,0.0,0.0,0.08,-4.633037964448322,1224.924218398863,1220.2911804344149,1274.1671730660917,53.87599263167681,4.2283299845209745,-4.633037964448322,1,1
proxy_hardened_no_worst_hours_high_margin,proxy_hardened_no_worst_hours_high_margin-000357,2024-04-03 14:00:00,2024-04-03 16:15:00,XAUUSD,15m,BUY,LONDON,2279.215,2273.0983077841374,2291.448384431726,V50 realtime loss proxy | variant=proxy_hardened_no_worst_hours | Side=BUY | score=79.0 | opposite_score=8.0 | session=LONDON | RR=2.00,V50 realtime loss proxy,79.0,8.0,79.0,2.000000000000074,0.01,12.23338443172588,12.23338443172588,0.08,0.0,0.0,0.08,12.15338443172588,1220.2911804344149,1232.4445648661408,1274.1671730660917,41.722608199950855,3.2745003231837844,12.15338443172588,1,0
proxy_hardened_no_worst_hours_high_margin,proxy_hardened_no_worst_hours_high_margin-000358,2024-04-04 19:00:00,2024-04-04 19:30:00,XAUUSD,15m,BUY,NEW YORK,2298.655,2291.5780428609146,2312.808914278172,V50 realtime loss proxy | variant=proxy_hardened_no_worst_hours | Side=BUY | score=100.0 | opposite_score=8.0 | session=NEW YORK | RR=2.00,V50 realtime loss proxy,100.0,8.0,100.0,2.0000000000000644,0.01,-7.076957139085607,-7.076957139085607,0.08,0.0,0.0,0.08,-7.156957139085607,1232.4445648661408,1225.2876077270553,1274.1671730660917,48.87956533903639,3.8361971939219774,-7.156957139085607,1,1
proxy_hardened_no_worst_hours_high_margin,proxy_hardened_no_worst_hours_high_margin-000359,2024-04-08 10:15:00,2024-04-08 12:00:00,XAUUSD,15m,BUY,LONDON,2340.195,2334.026298097337,2352.5324038053263,V50 realtime loss proxy | variant=proxy_hardened_no_worst_hours | Side=BUY | score=96.0 | opposite_score=4.0 | session=LONDON | RR=2.00,V50 realtime loss proxy,96.0,4.0,96.0,2.0,0.01,-6.168701902663088,-6.168701902663088,0.08,0.0,0.0,0.08,-6.248701902663088,1225.2876077270553,1219.0389058243923,1274.1671730660917,55.128267241699405,4.326611798437839,-6.248701902663088,1,1
proxy_hardened_no_worst_hours_high_margin,proxy_hardened_no_worst_hours_high_margin-000360,2024-04-08 19:00:00,2024-04-09 07:00:00,XAUUSD,15m,BUY,NEW YORK,2337.665,2331.6293038815747,2349.7363922368504,V50 realtime loss proxy | variant=proxy_hardened_no_worst_hours | Side=BUY | score=94.0 | opposite_score=8.0 | session=NEW YORK | RR=2.00,V50 realtime loss proxy,94.0,8.0,94.0,2.0,0.01,12.071392236850443,12.071392236850443,0.08,0.0,0.0,0.08,11.991392236850443,1219.0389058243923,1231.0302980612428,1274.1671730660917,43.13687500484889,3.385495711763354,5.742690334187355,2,0
proxy_hardened_no_worst_hours_high_margin,proxy_hardened_no_worst_hours_high_margin-000361,2024-04-09 13:30:00,2024-04-09 14:30:00,XAUUSD,15m,BUY,LONDON,2354.524,2347.902187358946,2367.767625282108,V50 realtime loss proxy | variant=proxy_hardened_no_worst_hours | Side=BUY | score=96.0 | opposite_score=4.0 | session=LONDON | RR=2.00,V50 realtime loss proxy,96.0,4.0,96.0,2.0,0.01,-6.621812641054021,-6.621812641054021,0.08,0.0,0.0,0.08,-6.701812641054021,1231.0302980612428,1224.3284854201888,1274.1671730660917,49.83868764590284,3.9114716419803477,-6.701812641054021,1,1
proxy_hardened_no_worst_hours_high_margin,proxy_hardened_no_worst_hours_high_margin-000362,2024-04-09 22:00:00,2024-04-10 01:00:00,XAUUSD,15m,BUY,NEW YORK,2352.345,2347.3315269476425,2362.371946104715,V50 realtime loss proxy | variant=proxy_hardened_no_worst_hours | Side=BUY | score=100.0 | opposite_score=8.0 | session=NEW YORK | RR=2.00,V50 realtime loss proxy,100.0,8.0,100.0,2.0000000000000906,0.01,-5.0134730523573126,-5.0134730523573126,0.08,0.0,0.0,0.08,-5.093473052357313,1224.3284854201888,1219.2350123678316,1274.1671730660917,54.93216069826008,4.311220839732834,-11.795285693411333,2,2
proxy_hardened_no_worst_hours_high_margin,proxy_hardened_no_worst_hours_high_margin-000363,2024-04-11 14:00:00,2024-04-11 14:15:00,XAUUSD,15m,BUY,LONDON,2341.955,2335.519344777854,2354.8263104442926,V50 realtime loss proxy | variant=proxy_hardened_no_worst_hours | Side=BUY | score=80.0 | opposite_score=8.0 | session=LONDON | RR=2.00,V50 realtime loss proxy,80.0,8.0,80.0,2.0000000000000706,0.01,-6.435655222146124,-6.435655222146124,0.08,0.0,0.0,0.08,-6.515655222146124,1219.2350123678316,1212.7193571456855,1274.1671730660917,61.44781592040613,4.822586644776069,-6.515655222146124,1,1
proxy_hardened_no_worst_hours_high_margin,proxy_hardened_no_worst_hours_high_margin-000364,2024-04-12 13:00:00,2024-04-12 14:00:00,XAUUSD,15m,BUY,LONDON,2395.315,2389.4887324168217,2406.967535166357,V50 realtime loss proxy | variant=proxy_hardened_no_worst_hours | Side=BUY | score=96.0 | opposite_score=4.0 | session=LONDON | RR=2.00,V50 realtime loss proxy,96.0,4.0,96.0,2.0,0.01,11.652535166356756,11.652535166356756,0.08,0.0,0.0,0.08,11.572535166356756,1212.7193571456855,1224.2918923120424,1274.1671730660917,49.8752807540493,3.9143435656117194,11.572535166356756,1,0
proxy_hardened_no_worst_hours_high_margin,proxy_hardened_no_worst_hours_high_margin-000365,2024-04-19 14:15:00,2024-04-22 01:15:00,XAUUSD,15m,BUY,LONDON,2388.255,2380.032120130266,2404.700759739469,V50 realtime loss proxy | variant=proxy_hardened_no_worst_hours | Side=BUY | score=83.0 | opposite_score=8.0 | session=LONDON | RR=2.00,V50 realtime loss proxy,83.0,8.0,83.0,2.0000000000000555,0.01,-8.222879869734243,-8.222879869734243,0.08,0.0,0.0,0.08,-8.302879869734243,1224.2918923120424,1215.9890124423082,1274.1671730660917,58.17816062378347,4.565975474300322,-8.302879869734243,1,1
proxy_hardened_no_worst_hours_high_margin,proxy_hardened_no_worst_hours_high_margin-000366,2024-04-23 10:30:00,2024-04-23 12:15:00,XAUUSD,15m,SELL,LONDON,2302.885,2309.97384794016,2288.707304119681,V50 realtime loss proxy | variant=proxy_hardened_no_worst_hours | Side=SELL | score=85.0 | opposite_score=4.0 | session=LONDON | RR=2.00,V50 realtime loss proxy,4.0,85.0,85.0,2.0,0.01,-7.088847940159667,-7.088847940159667,0.08,0.0,0.0,0.08,-7.168847940159667,1215.9890124423082,1208.8201645021486,1274.1671730660917,65.34700856394306,5.128605566465452,-7.168847940159667,1,1
proxy_hardened_no_worst_hours_high_margin,proxy_hardened_no_worst_hours_high_margin-000367,2024-04-24 10:00:00,2024-04-24 12:30:00,XAUUSD,15m,SELL,LONDON,2317.325,2321.8804093208964,2308.214181358206,V50 realtime loss proxy | variant=proxy_hardened_no_worst_hours | Side=SELL | score=79.0 | opposite_score=4.0 | session=LONDON | RR=2.00,V50 realtime loss proxy,4.0,79.0,79.0,2.0000000000001,0.01,-4.555409320896615,-4.555409320896615,0.08,0.0,0.0,0.08,-4.635409320896615,1208.8201645021486,1204.184755181252,1274.1671730660917,69.9824178848396,5.492404714558565,-4.635409320896615,1,1
proxy_hardened_no_worst_hours_high_margin,proxy_hardened_no_worst_hours_high_margin-000368,2024-04-26 13:00:00,2024-04-26 13:15:00,XAUUSD,15m,BUY,LONDON,2347.465,2341.90409043006,2358.5868191398804,V50 realtime loss proxy | variant=proxy_hardened_no_worst_hours | Side=BUY | score=96.0 | opposite_score=4.0 | session=LONDON | RR=2.00,V50 realtime loss proxy,96.0,4.0,96.0,2.0,0.01,-5.560909569940122,-5.560909569940122,0.08,0.0,0.0,0.08,-5.640909569940122,1204.184755181252,1198.543845611312,1274.1671730660917,75.62332745477966,5.93511817392089,-5.640909569940122,1,1
proxy_hardened_no_worst_hours_high_margin,proxy_hardened_no_worst_hours_high_margin-000369,2024-04-30 13:45:00,2024-04-30 14:45:00,XAUUSD,15m,SELL,LONDON,2307.585,2313.460896167647,2295.8332076647057,V50 realtime loss proxy | variant=proxy_hardened_no_worst_hours | Side=SELL | score=85.0 | opposite_score=4.0 | session=LONDON | RR=2.00,V50 realtime loss proxy,4.0,85.0,85.0,2.0,0.01,11.75179233529434,11.75179233529434,0.08,0.0,0.0,0.08,11.67179233529434,1198.543845611312,1210.2156379466064,1274.1671730660917,63.95153511948524,5.019085130375435,11.67179233529434,1,0
proxy_hardened_no_worst_hours_high_margin,proxy_hardened_no_worst_hours_high_margin-000370,2024-05-02 14:15:00,2024-05-02 14:45:00,XAUUSD,15m,SELL,LONDON,2296.125,2304.1744329271223,2280.026134145755,V50 realtime loss proxy | variant=proxy_hardened_no_worst_hours | Side=SELL | score=89.0 | opposite_score=8.0 | session=LONDON | RR=2.00,V50 realtime loss proxy,8.0,89.0,89.0,2.0000000000000564,0.01,-8.049432927122325,-8.049432927122325,0.08,0.0,0.0,0.08,-8.129432927122325,1210.2156379466064,1202.0862050194842,1274.1671730660917,72.0809680466075,5.657104465590295,-8.129432927122325,1,1
proxy_hardened_no_worst_hours_high_margin,proxy_hardened_no_worst_hours_high_margin-000371,2024-05-06 14:15:00,2024-05-06 16:30:00,XAUUSD,15m,BUY,LONDON,2324.685,2318.03691943966,2337.98116112068,V50 realtime loss proxy | variant=proxy_hardened_no_worst_hours | Side=BUY | score=78.0 | opposite_score=8.0 | session=LONDON | RR=2.00,V50 realtime loss proxy,78.0,8.0,78.0,2.0,0.01,-6.648080560340077,-6.648080560340077,0.08,0.0,0.0,0.08,-6.728080560340077,1202.0862050194842,1195.3581244591442,1274.1671730660917,78.8090486069475,6.185141971387112,-6.728080560340077,1,1
proxy_hardened_no_worst_hours_high_margin,proxy_hardened_no_worst_hours_high_margin-000372,2024-05-10 18:00:00,2024-05-10 19:15:00,XAUUSD,15m,BUY,NEW YORK,2369.618,2364.036461625368,2380.7810767492642,V50 realtime loss proxy | variant=proxy_hardened_no_worst_hours | Side=BUY | score=100.0 | opposite_score=8.0 | session=NEW YORK | RR=2.00,V50 realtime loss proxy,100.0,8.0,100.0,2.0,0.01,-5.581538374632146,-5.581538374632146,0.08,0.0,0.0,0.08,-5.661538374632146,1195.3581244591442,1189.696586084512,1274.1671730660917,84.47058698157957,6.629474433744342,-5.661538374632146,1,1
proxy_hardened_no_worst_hours_high_margin,proxy_hardened_no_worst_hours_high_margin-000373,2024-05-14 10:15:00,2024-05-14 12:30:00,XAUUSD,15m,BUY,LONDON,2344.685,2340.983518660384,2352.087962679232,V50 realtime loss proxy | variant=proxy_hardened_no_worst_hours | Side=BUY | score=96.0 | opposite_score=4.0 | session=LONDON | RR=2.00,V50 realtime loss proxy,96.0,4.0,96.0,2.000000000000123,0.01,-3.701481339615839,-3.701481339615839,0.08,0.0,0.0,0.08,-3.781481339615839,1189.696586084512,1185.9151047448963,1274.1671730660917,88.25206832119534,6.926255061871513,-3.781481339615839,1,1
proxy_hardened_no_worst_hours_high_margin,proxy_hardened_no_worst_hours_high_margin-000374,2024-05-15 14:15:00,2024-05-15 15:15:00,XAUUSD,15m,BUY,LONDON,2366.525,2358.04728480749,2383.48043038502,V50 realtime loss proxy | variant=proxy_hardened_no_worst_hours | Side=BUY | score=78.0 | opposite_score=8.0 | session=LONDON | RR=2.00,V50 realtime loss proxy,78.0,8.0,78.0,2.0,0.01,16.95543038502001,16.95543038502001,0.08,0.0,0.0,0.08,16.87543038502001,1185.9151047448963,1202.7905351299164,1274.1671730660917,71.37663793617526,5.601826781050882,16.87543038502001,1,0
proxy_hardened_no_worst_hours_high_margin,proxy_hardened_no_worst_hours_high_margin-000375,2024-05-17 10:00:00,2024-05-17 12:30:00,XAUUSD,15m,BUY,LONDON,2383.635,2379.998670318235,2390.907659363531,V50 realtime loss proxy | variant=proxy_hardened_no_worst_hours | Side=BUY | score=90.0 | opposite_score=4.0 | session=LONDON | RR=2.00,V50 realtime loss proxy,90.0,4.0,90.0,2.0,0.01,7.272659363530693,7.272659363530693,0.08,0.0,0.0,0.08,7.192659363530693,1202.7905351299164,1209.9831944934472,1274.1671730660917,64.18397857264449,5.037327905583645,7.192659363530693,1,0
proxy_hardened_no_worst_hours_high_margin,proxy_hardened_no_worst_hours_high_margin-000376,2024-05-20 10:00:00,2024-05-20 11:00:00,XAUUSD,15m,BUY,LONDON,2441.208,2434.3392641071073,2454.9454717857857,V50 realtime loss proxy | variant=proxy_hardened_no_worst_hours | Side=BUY | score=96.0 | opposite_score=4.0 | session=LONDON | RR=2.00,V50 realtime loss proxy,96.0,4.0,96.0,2.0,0.01,-6.868735892892801,-6.868735892892801,0.08,0.0,0.0,0.08,-6.948735892892801,1209.9831944934472,1203.0344586005544,1274.1671730660917,71.13271446553722,5.582683023795617,-6.948735892892801,1,1
proxy_hardened_no_worst_hours_high_margin,proxy_hardened_no_worst_hours_high_margin-000377,2024-05-20 19:00:00,2024-05-20 19:45:00,XAUUSD,15m,BUY,NEW YORK,2433.455,2427.243221203565,2445.8785575928696,V50 realtime loss proxy | variant=proxy_hardened_no_worst_hours | Side=BUY | score=100.0 | opposite_score=8.0 | session=NEW YORK | RR=2.00,V50 realtime loss proxy,100.0,8.0,100.0,2.0,0.01,-6.211778796434828,-6.211778796434828,0.08,0.0,0.0,0.08,-6.291778796434828,1203.0344586005544,1196.7426798041197,1274.1671730660917,77.42449326197197,6.076478416537885,-13.240514689327629,2,2
proxy_hardened_no_worst_hours_high_margin,proxy_hardened_no_worst_hours_high_margin-000378,2024-05-21 13:00:00,2024-05-21 15:45:00,XAUUSD,15m,BUY,LONDON,2427.875,2421.9172148122343,2439.790570375532,V50 realtime loss proxy | variant=proxy_hardened_no_worst_hours | Side=BUY | score=90.0 | opposite_score=4.0 | session=LONDON | RR=2.00,V50 realtime loss proxy,90.0,4.0,90.0,2.0000000000000764,0.01,-5.957785187765694,-5.957785187765694,0.08,0.0,0.0,0.08,-6.037785187765694,1196.7426798041197,1190.704894616354,1274.1671730660917,83.4622784497376,6.55033972103505,-6.037785187765694,1,1
proxy_hardened_no_worst_hours_high_margin,proxy_hardened_no_worst_hours_high_margin-000379,2024-05-23 14:00:00,2024-05-23 17:15:00,XAUUSD,15m,SELL,LONDON,2352.605,2360.5831560646157,2336.6486878707688,V50 realtime loss proxy | variant=proxy_hardened_no_worst_hours | Side=SELL | score=89.0 | opposite_score=8.0 | session=LONDON | RR=2.00,V50 realtime loss proxy,8.0,89.0,89.0,2.0,0.01,15.956312129231264,15.956312129231264,0.08,0.0,0.0,0.08,15.876312129231264,1190.704894616354,1206.5812067455854,1274.1671730660917,67.58596632050626,5.3043248758222825,15.876312129231264,1,0
proxy_hardened_no_worst_hours_high_margin,proxy_hardened_no_worst_hours_high_margin-000380,2024-05-28 10:00:00,2024-05-28 12:00:00,XAUUSD,15m,SELL,LONDON,2344.945,2348.3705750586646,2338.0938498826713,V50 realtime loss proxy | variant=proxy_hardened_no_worst_hours | Side=SELL | score=85.0 | opposite_score=4.0 | session=LONDON | RR=2.00,V50 realtime loss proxy,4.0,85.0,85.0,2.0,0.01,-3.4255750586644353,-3.4255750586644353,0.08,0.0,0.0,0.08,-3.5055750586644354,1206.5812067455854,1203.075631686921,1274.1671730660917,71.09154137917062,5.579451651395124,-3.5055750586644354,1,1
proxy_hardened_no_worst_hours_high_margin,proxy_hardened_no_worst_hours_high_margin-000381,2024-05-29 13:15:00,2024-05-30 02:30:00,XAUUSD,15m,SELL,LONDON,2344.375,2350.0787699532807,2332.9674600934386,V50 realtime loss proxy | variant=proxy_hardened_no_worst_hours | Side=SELL | score=85.0 | opposite_score=4.0 | session=LONDON | RR=2.00,V50 realtime loss proxy,4.0,85.0,85.0,2.0,0.01,11.407539906561396,11.407539906561396,0.08,0.0,0.0,0.08,11.327539906561396,1203.075631686921,1214.4031715934825,1274.1671730660917,59.76400147260915,4.690436446325648,11.327539906561396,1,0
proxy_hardened_no_worst_hours_high_margin,proxy_hardened_no_worst_hours_high_margin-000382,2024-06-04 14:00:00,2024-06-04 15:15:00,XAUUSD,15m,SELL,LONDON,2321.148,2327.993176283391,2307.457647433218,V50 realtime loss proxy | variant=proxy_hardened_no_worst_hours | Side=SELL | score=93.0 | opposite_score=8.0 | session=LONDON | RR=2.00,V50 realtime loss proxy,8.0,93.0,93.0,2.0,0.01,-6.845176283391083,-6.845176283391083,0.08,0.0,0.0,0.08,-6.9251762833910835,1214.4031715934825,1207.4779953100915,1274.1671730660917,66.68917775600016,5.233942544252077,-6.9251762833910835,1,1
proxy_hardened_no_worst_hours_high_margin,proxy_hardened_no_worst_hours_high_margin-000383,2024-06-06 14:45:00,2024-06-06 15:30:00,XAUUSD,15m,BUY,LONDON,2364.125,2358.0659620169536,2376.2430759660933,V50 realtime loss proxy | variant=proxy_hardened_no_worst_hours | Side=BUY | score=100.0 | opposite_score=8.0 | session=LONDON | RR=2.00,V50 realtime loss proxy,100.0,8.0,100.0,2.000000000000075,0.01,12.118075966093329,12.118075966093329,0.08,0.0,0.0,0.08,12.038075966093329,1207.4779953100915,1219.516071276185,1274.1671730660917,54.65110178990676,4.289162595391397,12.038075966093329,1,0
proxy_hardened_no_worst_hours_high_margin,proxy_hardened_no_worst_hours_high_margin-000384,2024-06-06 18:00:00,2024-06-07 03:45:00,XAUUSD,15m,BUY,NEW YORK,2370.385,2364.6721439952707,2381.8107120094596,V50 realtime loss proxy | variant=proxy_hardened_no_worst_hours | Side=BUY | score=100.0 | opposite_score=8.0 | session=NEW YORK | RR=2.00,V50 realtime loss proxy,100.0,8.0,100.0,2.0000000000000795,0.01,11.425712009459403,11.425712009459403,0.08,0.0,0.0,0.08,11.345712009459403,1219.516071276185,1230.8617832856444,1274.1671730660917,43.305389780447285,3.39872119576267,23.383787975552732,2,0
proxy_hardened_no_worst_hours_high_margin,proxy_hardened_no_worst_hours_high_margin-000385,2024-06-13 14:00:00,2024-06-13 15:00:00,XAUUSD,15m,SELL,LONDON,2306.185,2314.5840240016737,2289.386951996652,V50 realtime loss proxy | variant=proxy_hardened_no_worst_hours | Side=SELL | score=80.0 | opposite_score=8.0 | session=LONDON | RR=2.00,V50 realtime loss proxy,8.0,80.0,80.0,2.000000000000054,0.01,-8.399024001673752,-8.399024001673752,0.08,0.0,0.0,0.08,-8.479024001673752,1230.8617832856444,1222.3827592839707,1274.1671730660917,51.784413782120964,4.0641773604565214,-8.479024001673752,1,1
proxy_hardened_no_worst_hours_high_margin,proxy_hardened_no_worst_hours_high_margin-000386,2024-06-14 13:30:00,2024-06-14 15:45:00,XAUUSD,15m,BUY,LONDON,2330.695,2324.390511097035,2343.303977805931,V50 realtime loss proxy | variant=proxy_hardened_no_worst_hours | Side=BUY | score=85.0 | opposite_score=26.0 | session=LONDON | RR=2.00,V50 realtime loss proxy,85.0,26.0,85.0,2.000000000000072,0.01,-6.304488902965204,-6.304488902965204,0.08,0.0,0.0,0.08,-6.384488902965204,1222.3827592839707,1215.9982703810056,1274.1671730660917,58.168902685086096,4.56524888685614,-6.384488902965204,1,1
proxy_hardened_no_worst_hours_high_margin,proxy_hardened_no_worst_hours_high_margin-000387,2024-06-18 18:00:00,2024-06-20 04:30:00,XAUUSD,15m,BUY,NEW YORK,2328.155,2322.740364841616,2338.9842703167683,V50 realtime loss proxy | variant=proxy_hardened_no_worst_hours | Side=BUY | score=83.0 | opposite_score=30.0 | session=NEW YORK | RR=2.00,V50 realtime loss proxy,83.0,30.0,83.0,2.0,0.01,10.829270316768088,10.829270316768088,0.08,0.0,0.0,0.08,10.749270316768088,1215.9982703810056,1226.7475406977737,1274.1671730660917,47.419632368317934,3.7216178042171437,10.749270316768088,1,0
proxy_hardened_no_worst_hours_high_margin,proxy_hardened_no_worst_hours_high_margin-000388,2024-06-20 10:30:00,2024-06-20 12:45:00,XAUUSD,15m,BUY,LONDON,2338.925,2335.379711684094,2346.015576631812,V50 realtime loss proxy | variant=proxy_hardened_no_worst_hours | Side=BUY | score=85.0 | opposite_score=4.0 | session=LONDON | RR=2.00,V50 realtime loss proxy,85.0,4.0,85.0,2.0,0.01,-3.545288315905964,-3.545288315905964,0.08,0.0,0.0,0.08,-3.625288315905964,1226.7475406977737,1223.1222523818678,1274.1671730660917,51.044920684223825,4.006139991928367,-3.625288315905964,1,1
proxy_hardened_no_worst_hours_high_margin,proxy_hardened_no_worst_hours_high_margin-000389,2024-06-20 13:00:00,2024-06-20 13:45:00,XAUUSD,15m,BUY,LONDON,2338.745,2333.876641326074,2348.4817173478514,V50 realtime loss proxy | variant=proxy_hardened_no_worst_hours | Side=BUY | score=85.0 | opposite_score=4.0 | session=LONDON | RR=2.00,V50 realtime loss proxy,85.0,4.0,85.0,2.0,0.01,9.736717347851481,9.736717347851481,0.08,0.0,0.0,0.08,9.656717347851481,1223.1222523818678,1232.7789697297194,1274.1671730660917,41.38820333637227,3.248255347591304,6.0314290319455175,2,0
proxy_hardened_no_worst_hours_high_margin,proxy_hardened_no_worst_hours_high_margin-000390,2024-06-21 10:45:00,2024-06-21 13:00:00,XAUUSD,15m,BUY,LONDON,2363.535,2360.1505579646005,2370.3038840707986,V50 realtime loss proxy | variant=proxy_hardened_no_worst_hours | Side=BUY | score=85.0 | opposite_score=4.0 | session=LONDON | RR=2.00,V50 realtime loss proxy,85.0,4.0,85.0,2.0,0.01,-3.3844420353993883,-3.3844420353993883,0.08,0.0,0.0,0.08,-3.4644420353993883,1232.7789697297194,1229.31452769432,1274.1671730660917,44.85264537177159,3.5201538950215174,-3.4644420353993883,1,1
proxy_hardened_no_worst_hours_high_margin,proxy_hardened_no_worst_hours_high_margin-000391,2024-06-24 10:15:00,2024-06-24 13:15:00,XAUUSD,15m,SELL,LONDON,2324.475,2328.713316203007,2315.998367593986,V50 realtime loss proxy | variant=proxy_hardened_no_worst_hours | Side=SELL | score=96.0 | opposite_score=4.0 | session=LONDON | RR=2.00,V50 realtime loss proxy,4.0,96.0,96.0,2.0,0.01,-4.238316203006889,-4.238316203006889,0.08,0.0,0.0,0.08,-4.318316203006889,1229.31452769432,1224.9962114913133,1274.1671730660917,49.1709615747784,3.859066738978676,-4.318316203006889,1,1
proxy_hardened_no_worst_hours_high_margin,proxy_hardened_no_worst_hours_high_margin-000392,2024-06-25 13:45:00,2024-06-25 15:30:00,XAUUSD,15m,SELL,LONDON,2325.465,2330.297173968977,2315.800652062046,V50 realtime loss proxy | variant=proxy_hardened_no_worst_hours | Side=SELL | score=96.0 | opposite_score=4.0 | session=LONDON | RR=2.00,V50 realtime loss proxy,4.0,96.0,96.0,2.000000000000094,0.01,9.664347937954062,9.664347937954062,0.08,0.0,0.0,0.08,9.584347937954062,1224.9962114913133,1234.5805594292674,1274.1671730660917,39.58661363682427,3.1068618367843395,9.584347937954062,1,0
proxy_hardened_no_worst_hours_high_margin,proxy_hardened_no_worst_hours_high_margin-000393,2024-06-26 10:00:00,2024-06-26 11:00:00,XAUUSD,15m,SELL,LONDON,2313.408,2317.2584843041413,2305.707031391717,V50 realtime loss proxy | variant=proxy_hardened_no_worst_hours | Side=SELL | score=96.0 | opposite_score=4.0 | session=LONDON | RR=2.00,V50 realtime loss proxy,4.0,96.0,96.0,2.0,0.01,7.700968608282892,7.700968608282892,0.08,0.0,0.0,0.08,7.620968608282892,1234.5805594292674,1242.2015280375504,1274.1671730660917,31.965645028541303,2.5087481222437074,7.620968608282892,1,0
proxy_hardened_no_worst_hours_high_margin,proxy_hardened_no_worst_hours_high_margin-000394,2024-06-27 18:45:00,2024-06-28 00:45:00,XAUUSD,15m,BUY,NEW YORK,2326.148,2321.939800390839,2334.5643992183223,V50 realtime loss proxy | variant=proxy_hardened_no_worst_hours | Side=BUY | score=89.0 | opposite_score=30.0 | session=NEW YORK | RR=2.00,V50 realtime loss proxy,89.0,30.0,89.0,2.0,0.01,-4.208199609161056,-4.208199609161056,0.08,0.0,0.0,0.08,-4.288199609161056,1242.2015280375504,1237.9133284283894,1274.1671730660917,36.25384463770229,2.8452973364917935,-4.288199609161056,1,1
proxy_hardened_no_worst_hours_high_margin,proxy_hardened_no_worst_hours_high_margin-000395,2024-06-28 14:00:00,2024-06-28 14:30:00,XAUUSD,15m,BUY,LONDON,2332.325,2327.1623433288346,2342.6503133423303,V50 realtime loss proxy | variant=proxy_hardened_no_worst_hours | Side=BUY | score=89.0 | opposite_score=8.0 | session=LONDON | RR=2.00,V50 realtime loss proxy,89.0,8.0,89.0,2.0,0.01,-5.162656671165223,-5.162656671165223,0.08,0.0,0.0,0.08,-5.242656671165223,1237.9133284283894,1232.6706717572242,1274.1671730660917,41.49650130886744,3.256754858078187,-5.242656671165223,1,1
proxy_hardened_no_worst_hours_high_margin,proxy_hardened_no_worst_hours_high_margin-000396,2024-07-03 18:00:00,2024-07-04 06:30:00,XAUUSD,15m,BUY,NEW YORK,2356.955,2351.745009950533,2367.3749800989335,V50 realtime loss proxy | variant=proxy_hardened_no_worst_hours | Side=BUY | score=89.0 | opposite_score=8.0 | session=NEW YORK | RR=2.00,V50 realtime loss proxy,89.0,8.0,89.0,2.0,0.01,-5.209990049466796,-5.209990049466796,0.08,0.0,0.0,0.08,-5.289990049466796,1232.6706717572242,1227.3806817077575,1274.1671730660917,46.78649135833416,3.6719272280221684,-5.289990049466796,1,1
proxy_hardened_no_worst_hours_high_margin,proxy_hardened_no_worst_hours_high_margin-000397,2024-07-05 10:45:00,2024-07-05 12:30:00,XAUUSD,15m,BUY,LONDON,2364.945,2361.954636140607,2370.9257277187867,V50 realtime loss proxy | variant=proxy_hardened_no_worst_hours | Side=BUY | score=96.0 | opposite_score=4.0 | session=LONDON | RR=2.00,V50 realtime loss proxy,96.0,4.0,96.0,2.0,0.01,-2.9903638593932556,-2.9903638593932556,0.08,0.0,0.0,0.08,-3.0703638593932556,1227.3806817077575,1224.3103178483643,1274.1671730660917,49.85685521772734,3.9128974809289994,-3.0703638593932556,1,1
proxy_hardened_no_worst_hours_high_margin,proxy_hardened_no_worst_hours_high_margin-000398,2024-07-10 15:15:00,2024-07-10 17:15:00,XAUUSD,15m,BUY,LONDON,2378.845,2373.983186918056,2388.568626163887,V50 realtime loss proxy | variant=proxy_hardened_no_worst_hours | Side=BUY | score=96.0 | opposite_score=4.0 | session=LONDON | RR=2.00,V50 realtime loss proxy,96.0,4.0,96.0,2.0,0.01,-4.861813081943637,-4.861813081943637,0.08,0.0,0.0,0.08,-4.941813081943637,1224.3103178483643,1219.3685047664208,1274.1671730660917,54.79866829967091,4.300744004242878,-4.941813081943637,1,1
proxy_hardened_no_worst_hours_high_margin,proxy_hardened_no_worst_hours_high_margin-000399,2024-07-11 10:15:00,2024-07-11 11:45:00,XAUUSD,15m,BUY,LONDON,2382.375,2379.276401912695,2388.572196174611,V50 realtime loss proxy | variant=proxy_hardened_no_worst_hours | Side=BUY | score=96.0 | opposite_score=4.0 | session=LONDON | RR=2.00,V50 realtime loss proxy,96.0,4.0,96.0,2.0000000000001465,0.01,-3.098598087305163,-3.098598087305163,0.08,0.0,0.0,0.08,-3.178598087305163,1219.3685047664208,1216.1899066791157,1274.1671730660917,57.977266386976,4.550208764793589,-3.178598087305163,1,1
proxy_hardened_no_worst_hours_high_margin,proxy_hardened_no_worst_hours_high_margin-000400,2024-07-12 19:15:00,2024-07-14 22:00:00,XAUUSD,15m,BUY,NEW YORK,2413.618,2409.9901359871255,2420.873728025749,V50 realtime loss proxy | variant=proxy_hardened_no_worst_hours | Side=BUY | score=100.0 | opposite_score=8.0 | session=NEW YORK | RR=2.00,V50 realtime loss proxy,100.0,8.0,100.0,2.0000000000001252,0.01,-3.6278640128743973,-3.6278640128743973,0.08,0.0,0.0,0.08,-3.7078640128743974,1216.1899066791157,1212.4820426662413,1274.1671730660917,61.68513039985032,4.841211710973084,-3.7078640128743974,1,1
proxy_hardened_no_worst_hours_high_margin,proxy_hardened_no_worst_hours_high_margin-000401,2024-07-17 10:00:00,2024-07-17 10:30:00,XAUUSD,15m,BUY,LONDON,2473.805,2468.398183250237,2484.6186334995264,V50 realtime loss proxy | variant=proxy_hardened_no_worst_hours | Side=BUY | score=96.0 | opposite_score=4.0 | session=LONDON | RR=2.00,V50 realtime loss proxy,96.0,4.0,96.0,2.000000000000084,0.01,-5.406816749763038,-5.406816749763038,0.08,0.0,0.0,0.08,-5.4868167497630385,1212.4820426662413,1206.9952259164784,1274.1671730660917,67.17194714961329,5.271831559431413,-5.4868167497630385,1,1
proxy_hardened_no_worst_hours_high_margin,proxy_hardened_no_worst_hours_high_margin-000402,2024-07-17 13:30:00,2024-07-17 14:00:00,XAUUSD,15m,BUY,LONDON,2476.855,2470.674589085799,2489.2158218284017,V50 realtime loss proxy | variant=proxy_hardened_no_worst_hours | Side=BUY | score=96.0 | opposite_score=4.0 | session=LONDON | RR=2.00,V50 realtime loss proxy,96.0,4.0,96.0,2.0,0.01,-6.18041091420082,-6.18041091420082,0.08,0.0,0.0,0.08,-6.26041091420082,1206.9952259164784,1200.7348150022776,1274.1671730660917,73.43235806381404,5.763165118051983,-11.747227663963859,2,2
proxy_hardened_no_worst_hours_high_margin,proxy_hardened_no_worst_hours_high_margin-000403,2024-07-19 15:15:00,2024-07-21 22:45:00,XAUUSD,15m,SELL,LONDON,2404.135,2411.477670673503,2389.4496586529945,V50 realtime loss proxy | variant=proxy_hardened_no_worst_hours | Side=SELL | score=85.0 | opposite_score=4.0 | session=LONDON | RR=2.00,V50 realtime loss proxy,4.0,85.0,85.0,2.0000000000000617,0.01,-7.342670673502653,-7.342670673502653,0.08,0.0,0.0,0.08,-7.422670673502653,1200.7348150022776,1193.312144328775,1274.1671730660917,80.85502873731662,6.345715887715986,-7.422670673502653,1,1
proxy_hardened_no_worst_hours_high_margin,proxy_hardened_no_worst_hours_high_margin-000404,2024-07-22 13:00:00,2024-07-22 14:30:00,XAUUSD,15m,SELL,LONDON,2397.608,2403.3640757990606,2386.0958484018793,V50 realtime loss proxy | variant=proxy_hardened_no_worst_hours | Side=SELL | score=85.0 | opposite_score=4.0 | session=LONDON | RR=2.00,V50 realtime loss proxy,4.0,85.0,85.0,2.0,0.01,11.512151598120909,11.512151598120909,0.08,0.0,0.0,0.08,11.432151598120909,1193.312144328775,1204.744295926896,1274.1671730660917,69.42287713919563,5.448490481208986,11.432151598120909,1,0
proxy_hardened_no_worst_hours_high_margin,proxy_hardened_no_worst_hours_high_margin-000405,2024-07-24 13:00:00,2024-07-24 14:00:00,XAUUSD,15m,BUY,LONDON,2417.675,2413.012864196746,2426.9992716065094,V50 realtime loss proxy | variant=proxy_hardened_no_worst_hours | Side=BUY | score=90.0 | opposite_score=11.0 | session=LONDON | RR=2.00,V50 realtime loss proxy,90.0,11.0,90.0,2.0000000000000977,0.01,9.324271606509228,9.324271606509228,0.08,0.0,0.0,0.08,9.244271606509228,1204.744295926896,1213.9885675334053,1274.1671730660917,60.17860553268633,4.722975666362175,9.244271606509228,1,0
proxy_hardened_no_worst_hours_high_margin,proxy_hardened_no_worst_hours_high_margin-000406,2024-07-24 15:30:00,2024-07-24 17:00:00,XAUUSD,15m,BUY,LONDON,2424.018,2416.954163504406,2438.145672991188,V50 realtime loss proxy | variant=proxy_hardened_no_worst_hours | Side=BUY | score=96.0 | opposite_score=4.0 | session=LONDON | RR=2.00,V50 realtime loss proxy,96.0,4.0,96.0,2.0,0.01,-7.063836495593932,-7.063836495593932,0.08,0.0,0.0,0.08,-7.143836495593932,1213.9885675334053,1206.8447310378115,1274.1671730660917,67.3224420282802,5.2836427943971325,2.1004351109152957,2,1
proxy_hardened_no_worst_hours_high_margin,proxy_hardened_no_worst_hours_high_margin-000407,2024-07-25 13:30:00,2024-07-25 17:15:00,XAUUSD,15m,SELL,LONDON,2370.225,2378.7448144324794,2353.185371135041,V50 realtime loss proxy | variant=proxy_hardened_no_worst_hours | Side=SELL | score=85.0 | opposite_score=4.0 | session=LONDON | RR=2.00,V50 realtime loss proxy,4.0,85.0,85.0,2.0,0.01,17.039628864959013,17.039628864959013,0.08,0.0,0.0,0.08,16.959628864959015,1206.8447310378115,1223.8043599027706,1274.1671730660917,50.36281316332111,3.9526063948210637,16.959628864959015,1,0
proxy_hardened_no_worst_hours_high_margin,proxy_hardened_no_worst_hours_high_margin-000408,2024-07-31 10:15:00,2024-07-31 14:00:00,XAUUSD,15m,BUY,LONDON,2419.095,2414.714987343309,2427.8550253133812,V50 realtime loss proxy | variant=proxy_hardened_no_worst_hours | Side=BUY | score=86.0 | opposite_score=4.0 | session=LONDON | RR=2.00,V50 realtime loss proxy,86.0,4.0,86.0,2.0,0.01,8.760025313381448,8.760025313381448,0.08,0.0,0.0,0.08,8.680025313381448,1223.8043599027706,1232.484385216152,1274.1671730660917,41.68278784993959,3.2713751170999195,8.680025313381448,1,0
proxy_hardened_no_worst_hours_high_margin,proxy_hardened_no_worst_hours_high_margin-000409,2024-07-31 14:15:00,2024-07-31 18:45:00,XAUUSD,15m,BUY,LONDON,2422.878,2417.5877994826174,2433.458401034766,V50 realtime loss proxy | variant=proxy_hardened_no_worst_hours | Side=BUY | score=100.0 | opposite_score=15.0 | session=LONDON | RR=2.00,V50 realtime loss proxy,100.0,15.0,100.0,2.000000000000086,0.01,10.580401034766055,10.580401034766055,0.08,0.0,0.0,0.08,10.500401034766055,1232.484385216152,1242.9847862509182,1274.1671730660917,31.18238681517346,2.447275952035221,19.180426348147503,2,0
proxy_hardened_no_worst_hours_high_margin,proxy_hardened_no_worst_hours_high_margin-000410,2024-08-01 14:45:00,2024-08-01 17:00:00,XAUUSD,15m,BUY,LONDON,2448.455,2440.188229606266,2464.988540787468,V50 realtime loss proxy | variant=proxy_hardened_no_worst_hours | Side=BUY | score=100.0 | opposite_score=8.0 | session=LONDON | RR=2.00,V50 realtime loss proxy,100.0,8.0,100.0,2.0,0.01,-8.266770393734078,-8.266770393734078,0.08,0.0,0.0,0.08,-8.346770393734078,1242.9847862509182,1234.6380158571842,1274.1671730660917,39.52915720890746,3.10235250479625,-8.346770393734078,1,1
proxy_hardened_no_worst_hours_high_margin,proxy_hardened_no_worst_hours_high_margin-000411,2024-08-01 22:00:00,2024-08-02 01:00:00,XAUUSD,15m,BUY,NEW YORK,2444.275,2438.9383178880926,2454.948364223815,V50 realtime loss proxy | variant=proxy_hardened_no_worst_hours | Side=BUY | score=100.0 | opposite_score=8.0 | session=NEW YORK | RR=2.00,V50 realtime loss proxy,100.0,8.0,100.0,2.0,0.01,-5.336682111907521,-5.336682111907521,0.08,0.0,0.0,0.08,-5.416682111907521,1234.6380158571842,1229.2213337452768,1274.1671730660917,44.94583932081491,3.5274680019152833,-13.763452505641599,2,2
proxy_hardened_no_worst_hours_high_margin,proxy_hardened_no_worst_hours_high_margin-000412,2024-08-02 13:15:00,2024-08-02 14:30:00,XAUUSD,15m,BUY,LONDON,2465.985,2457.4963127437654,2482.9623745124695,V50 realtime loss proxy | variant=proxy_hardened_no_worst_hours | Side=BUY | score=81.0 | opposite_score=4.0 | session=LONDON | RR=2.00,V50 realtime loss proxy,81.0,4.0,81.0,2.0,0.01,-8.488687256234698,-8.488687256234698,0.08,0.0,0.0,0.08,-8.568687256234698,1229.2213337452768,1220.6526464890421,1274.1671730660917,53.51452657704954,4.199961175288709,-8.568687256234698,1,1
proxy_hardened_no_worst_hours_high_margin,proxy_hardened_no_worst_hours_high_margin-000413,2024-08-05 14:45:00,2024-08-05 15:15:00,XAUUSD,15m,SELL,LONDON,2396.424,2409.5545879016204,2370.162824196759,V50 realtime loss proxy | variant=proxy_hardened_no_worst_hours | Side=SELL | score=89.0 | opposite_score=8.0 | session=LONDON | RR=2.00,V50 realtime loss proxy,8.0,89.0,89.0,2.0,0.01,-13.130587901620402,-13.130587901620402,0.08,0.0,0.0,0.08,-13.210587901620402,1220.6526464890421,1207.4420585874218,1274.1671730660917,66.72511447866987,5.2367629530202,-13.210587901620402,1,1
proxy_hardened_no_worst_hours_high_margin,proxy_hardened_no_worst_hours_high_margin-000414,2024-08-08 13:00:00,2024-08-08 14:00:00,XAUUSD,15m,BUY,LONDON,2405.225,2399.5964165474998,2416.4821669050007,V50 realtime loss proxy | variant=proxy_hardened_no_worst_hours | Side=BUY | score=79.0 | opposite_score=4.0 | session=LONDON | RR=2.00,V50 realtime loss proxy,79.0,4.0,79.0,2.000000000000081,0.01,11.257166905000759,11.257166905000759,0.08,0.0,0.0,0.08,11.177166905000758,1207.4420585874218,1218.6192254924226,1274.1671730660917,55.547947573669035,4.359549417679727,11.177166905000758,1,0
proxy_hardened_no_worst_hours_high_margin,proxy_hardened_no_worst_hours_high_margin-000415,2024-08-08 15:00:00,2024-08-09 10:30:00,XAUUSD,15m,BUY,LONDON,2412.795,2404.7194238261436,2428.946152347713,V50 realtime loss proxy | variant=proxy_hardened_no_worst_hours | Side=BUY | score=85.0 | opposite_score=4.0 | session=LONDON | RR=2.00,V50 realtime loss proxy,85.0,4.0,85.0,2.0,0.01,16.151152347712923,16.151152347712923,0.08,0.0,0.0,0.08,16.071152347712925,1218.6192254924226,1234.6903778401356,1274.1671730660917,39.47679522595604,3.0982429982842103,27.248319252713685,2,0
proxy_hardened_no_worst_hours_high_margin,proxy_hardened_no_worst_hours_high_margin-000416,2024-08-09 13:00:00,2024-08-09 13:30:00,XAUUSD,15m,BUY,LONDON,2429.215,2424.9978389861353,2437.64932202773,V50 realtime loss proxy | variant=proxy_hardened_no_worst_hours | Side=BUY | score=96.0 | opposite_score=4.0 | session=LONDON | RR=2.00,V50 realtime loss proxy,96.0,4.0,96.0,2.0,0.01,-4.217161013864825,-4.217161013864825,0.08,0.0,0.0,0.08,-4.297161013864825,1234.6903778401356,1230.3932168262709,1274.1671730660917,43.77395623982079,3.4354955272066343,-4.297161013864825,1,1
proxy_hardened_no_worst_hours_high_margin,proxy_hardened_no_worst_hours_high_margin-000417,2024-08-09 14:00:00,2024-08-12 01:45:00,XAUUSD,15m,BUY,LONDON,2430.055,2424.517735000599,2441.129529998802,V50 realtime loss proxy | variant=proxy_hardened_no_worst_hours | Side=BUY | score=78.0 | opposite_score=8.0 | session=LONDON | RR=2.00,V50 realtime loss proxy,78.0,8.0,78.0,2.0,0.01,-5.537264999401032,-5.537264999401032,0.08,0.0,0.0,0.08,-5.617264999401032,1230.3932168262709,1224.77595182687,1274.1671730660917,49.39122123922175,3.876353298317144,-9.914426013265857,2,2
proxy_hardened_no_worst_hours_high_margin,proxy_hardened_no_worst_hours_high_margin-000418,2024-08-13 14:30:00,2024-08-13 19:30:00,XAUUSD,15m,BUY,LONDON,2468.905,2462.620222629822,2481.474554740357,V50 realtime loss proxy | variant=proxy_hardened_no_worst_hours | Side=BUY | score=78.0 | opposite_score=8.0 | session=LONDON | RR=2.00,V50 realtime loss proxy,78.0,8.0,78.0,2.0,0.01,-6.28477737017829,-6.28477737017829,0.08,0.0,0.0,0.08,-6.36477737017829,1224.77595182687,1218.4111744566917,1274.1671730660917,55.75599860939997,4.375877811640017,-6.36477737017829,1,1
proxy_hardened_no_worst_hours_high_margin,proxy_hardened_no_worst_hours_high_margin-000419,2024-08-19 14:45:00,2024-08-20 07:45:00,XAUUSD,15m,BUY,LONDON,2501.198,2494.6939206008333,2514.206158798333,V50 realtime loss proxy | variant=proxy_hardened_no_worst_hours | Side=BUY | score=79.0 | opposite_score=8.0 | session=LONDON | RR=2.00,V50 realtime loss proxy,79.0,8.0,79.0,2.0,0.01,13.00815879833317,13.00815879833317,0.08,0.0,0.0,0.08,12.92815879833317,1218.4111744566917,1231.339333255025,1274.1671730660917,42.827839811066724,3.3612418147618706,12.92815879833317,1,0
proxy_hardened_no_worst_hours_high_margin,proxy_hardened_no_worst_hours_high_margin-000420,2024-08-20 14:30:00,2024-08-20 15:00:00,XAUUSD,15m,BUY,LONDON,2523.734,2516.783731293587,2537.6345374128255,V50 realtime loss proxy | variant=proxy_hardened_no_worst_hours | Side=BUY | score=78.0 | opposite_score=8.0 | session=LONDON | RR=2.00,V50 realtime loss proxy,78.0,8.0,78.0,2.0,0.01,-6.950268706412771,-6.950268706412771,0.08,0.0,0.0,0.08,-7.030268706412771,1231.339333255025,1224.3090645486122,1274.1671730660917,49.85810851747942,3.912995843198768,-7.030268706412771,1,1
proxy_hardened_no_worst_hours_high_margin,proxy_hardened_no_worst_hours_high_margin-000421,2024-08-20 22:15:00,2024-08-21 01:30:00,XAUUSD,15m,BUY,NEW YORK,2515.418,2510.9457003632206,2524.362599273559,V50 realtime loss proxy | variant=proxy_hardened_no_worst_hours | Side=BUY | score=78.0 | opposite_score=8.0 | session=NEW YORK | RR=2.00,V50 realtime loss proxy,78.0,8.0,78.0,2.0,0.01,-4.472299636779553,-4.472299636779553,0.08,0.0,0.0,0.08,-4.552299636779553,1224.3090645486122,1219.7567649118328,1274.1671730660917,54.4104081542589,4.270272324103943,-11.582568343192325,2,2
proxy_hardened_no_worst_hours_high_margin,proxy_hardened_no_worst_hours_high_margin-000422,2024-08-21 19:00:00,2024-08-22 02:00:00,XAUUSD,15m,BUY,NEW YORK,2512.705,2506.7507260875996,2524.6135478248007,V50 realtime loss proxy | variant=proxy_hardened_no_worst_hours | Side=BUY | score=94.0 | opposite_score=8.0 | session=NEW YORK | RR=2.00,V50 realtime loss proxy,94.0,8.0,94.0,2.0,0.01,-5.954273912400367,-5.954273912400367,0.08,0.0,0.0,0.08,-6.0342739124003675,1219.7567649118328,1213.7224909994325,1274.1671730660917,60.4446820666592,4.743858054450435,-6.0342739124003675,1,1
proxy_hardened_no_worst_hours_high_margin,proxy_hardened_no_worst_hours_high_margin-000423,2024-08-23 10:15:00,2024-08-23 13:15:00,XAUUSD,15m,BUY,LONDON,2496.205,2492.7352877875514,2503.144424424897,V50 realtime loss proxy | variant=proxy_hardened_no_worst_hours | Side=BUY | score=87.0 | opposite_score=4.0 | session=LONDON | RR=2.00,V50 realtime loss proxy,87.0,4.0,87.0,2.0,0.01,6.93942442489697,6.93942442489697,0.08,0.0,0.0,0.08,6.85942442489697,1213.7224909994325,1220.5819154243295,1274.1671730660917,53.585257641762155,4.205512335780657,6.85942442489697,1,0
proxy_hardened_no_worst_hours_high_margin,proxy_hardened_no_worst_hours_high_margin-000424,2024-08-23 14:00:00,2024-08-23 14:15:00,XAUUSD,15m,BUY,LONDON,2516.915,2510.7261221085528,2529.2927557828943,V50 realtime loss proxy | variant=proxy_hardened_no_worst_hours | Side=BUY | score=100.0 | opposite_score=8.0 | session=LONDON | RR=2.00,V50 realtime loss proxy,100.0,8.0,100.0,2.0,0.01,-6.188877891447191,-6.188877891447191,0.08,0.0,0.0,0.08,-6.268877891447191,1220.5819154243295,1214.3130375328824,1274.1671730660917,59.85413553320927,4.6975104051047945,0.5905465334497784,2,1
proxy_hardened_no_worst_hours_high_margin,proxy_hardened_no_worst_hours_high_margin-000425,2024-08-26 19:00:00,2024-08-26 23:45:00,XAUUSD,15m,BUY,NEW YORK,2519.935,2515.673937461447,2528.457125077106,V50 realtime loss proxy | variant=proxy_hardened_no_worst_hours | Side=BUY | score=100.0 | opposite_score=8.0 | session=NEW YORK | RR=2.00,V50 realtime loss proxy,100.0,8.0,100.0,2.0000000000001066,0.01,-4.261062538552778,-4.261062538552778,0.08,0.0,0.0,0.08,-4.341062538552778,1214.3130375328824,1209.9719749943297,1274.1671730660917,64.19519807176198,5.03820844146266,-4.341062538552778,1,1
proxy_hardened_no_worst_hours_high_margin,proxy_hardened_no_worst_hours_high_margin-000426,2024-08-28 13:30:00,2024-08-28 15:45:00,XAUUSD,15m,SELL,LONDON,2503.815,2509.8703203870423,2491.7043592259156,V50 realtime loss proxy | variant=proxy_hardened_no_worst_hours | Side=SELL | score=79.0 | opposite_score=26.0 | session=LONDON | RR=2.00,V50 realtime loss proxy,26.0,79.0,79.0,2.0,0.01,-6.055320387042229,-6.055320387042229,0.08,0.0,0.0,0.08,-6.1353203870422295,1209.9719749943297,1203.8366546072875,1274.1671730660917,70.33051845880414,5.51972456562072,-6.1353203870422295,1,1
proxy_hardened_no_worst_hours_high_margin,proxy_hardened_no_worst_hours_high_margin-000427,2024-09-03 13:00:00,2024-09-03 13:30:00,XAUUSD,15m,SELL,LONDON,2493.778,2500.1544362874156,2481.025127425168,V50 realtime loss proxy | variant=proxy_hardened_no_worst_hours | Side=SELL | score=85.0 | opposite_score=4.0 | session=LONDON | RR=2.00,V50 realtime loss proxy,4.0,85.0,85.0,2.0,0.01,12.7528725748316,12.7528725748316,0.08,0.0,0.0,0.08,12.6728725748316,1203.8366546072875,1216.5095271821192,1274.1671730660917,57.657645883972464,4.525124104808635,12.6728725748316,1,0
proxy_hardened_no_worst_hours_high_margin,proxy_hardened_no_worst_hours_high_margin-000428,2024-09-03 15:30:00,2024-09-03 19:00:00,XAUUSD,15m,SELL,LONDON,2484.145,2492.0435160420934,2468.347967915813,V50 realtime loss proxy | variant=proxy_hardened_no_worst_hours | Side=SELL | score=85.0 | opposite_score=4.0 | session=LONDON | RR=2.00,V50 realtime loss proxy,4.0,85.0,85.0,2.0,0.01,-7.8985160420934335,-7.8985160420934335,0.08,0.0,0.0,0.08,-7.978516042093434,1216.5095271821192,1208.5310111400258,1274.1671730660917,65.63616192606582,5.151299084885562,4.6943565327381656,2,1
proxy_hardened_no_worst_hours_high_margin,proxy_hardened_no_worst_hours_high_margin-000429,2024-09-04 10:00:00,2024-09-04 10:30:00,XAUUSD,15m,SELL,LONDON,2483.025,2487.91657332618,2473.2418533476402,V50 realtime loss proxy | variant=proxy_hardened_no_worst_hours | Side=SELL | score=85.0 | opposite_score=4.0 | session=LONDON | RR=2.00,V50 realtime loss proxy,4.0,85.0,85.0,2.000000000000093,0.01,-4.891573326179696,-4.891573326179696,0.08,0.0,0.0,0.08,-4.971573326179696,1208.5310111400258,1203.5594378138462,1274.1671730660917,70.60773525224545,5.541481270651366,-4.971573326179696,1,1
proxy_hardened_no_worst_hours_high_margin,proxy_hardened_no_worst_hours_high_margin-000430,2024-09-05 13:15:00,2024-09-05 14:00:00,XAUUSD,15m,BUY,LONDON,2518.475,2513.0894485304293,2529.246102939141,V50 realtime loss proxy | variant=proxy_hardened_no_worst_hours | Side=BUY | score=96.0 | opposite_score=4.0 | session=LONDON | RR=2.00,V50 realtime loss proxy,96.0,4.0,96.0,2.0,0.01,-5.385551469570601,-5.385551469570601,0.08,0.0,0.0,0.08,-5.465551469570601,1203.5594378138462,1198.0938863442757,1274.1671730660917,76.07328672181598,5.970432163838992,-5.465551469570601,1,1
proxy_hardened_no_worst_hours_high_margin,proxy_hardened_no_worst_hours_high_margin-000431,2024-09-05 14:15:00,2024-09-05 14:45:00,XAUUSD,15m,BUY,LONDON,2517.055,2510.9346022224486,2529.2957955551024,V50 realtime loss proxy | variant=proxy_hardened_no_worst_hours | Side=BUY | score=100.0 | opposite_score=8.0 | session=LONDON | RR=2.00,V50 realtime loss proxy,100.0,8.0,100.0,2.0,0.01,-6.120397777551261,-6.120397777551261,0.08,0.0,0.0,0.08,-6.200397777551261,1198.0938863442757,1191.8934885667245,1274.1671730660917,82.27368449936716,6.457055733227526,-11.665949247121862,2,2
proxy_hardened_no_worst_hours_high_margin,proxy_hardened_no_worst_hours_high_margin-000432,2024-09-11 14:45:00,2024-09-11 16:30:00,XAUUSD,15m,SELL,LONDON,2509.335,2516.5017343753366,2495.001531249327,V50 realtime loss proxy | variant=proxy_hardened_no_worst_hours | Side=SELL | score=78.0 | opposite_score=30.0 | session=LONDON | RR=2.00,V50 realtime loss proxy,30.0,78.0,78.0,2.0,0.01,-7.166734375336546,-7.166734375336546,0.08,0.0,0.0,0.08,-7.246734375336546,1191.8934885667245,1184.646754191388,1274.1671730660917,89.52041887470364,7.025798558228918,-7.246734375336546,1,1
proxy_hardened_no_worst_hours_high_margin,proxy_hardened_no_worst_hours_high_margin-000433,2024-09-12 10:15:00,2024-09-12 10:45:00,XAUUSD,15m,BUY,LONDON,2517.755,2514.818587293717,2523.627825412567,V50 realtime loss proxy | variant=proxy_hardened_no_worst_hours | Side=BUY | score=90.0 | opposite_score=4.0 | session=LONDON | RR=2.00,V50 realtime loss proxy,90.0,4.0,90.0,2.000000000000155,0.01,-2.9364127062831358,-2.9364127062831358,0.08,0.0,0.0,0.08,-3.016412706283136,1184.646754191388,1181.630341485105,1274.1671730660917,92.5368315809867,7.262534582358667,-3.016412706283136,1,1
proxy_hardened_no_worst_hours_high_margin,proxy_hardened_no_worst_hours_high_margin-000434,2024-09-13 15:15:00,2024-09-16 05:30:00,XAUUSD,15m,BUY,LONDON,2577.205,2571.3050518668133,2589.004896266373,V50 realtime loss proxy | variant=proxy_hardened_no_worst_hours | Side=BUY | score=96.0 | opposite_score=4.0 | session=LONDON | RR=2.00,V50 realtime loss proxy,96.0,4.0,96.0,2.0,0.01,11.799896266373253,11.799896266373253,0.08,0.0,0.0,0.08,11.719896266373253,1181.630341485105,1193.3502377514783,1274.1671730660917,80.81693531461337,6.342726215441539,11.719896266373253,1,0
proxy_hardened_no_worst_hours_high_margin,proxy_hardened_no_worst_hours_high_margin-000435,2024-09-16 13:45:00,2024-09-16 14:00:00,XAUUSD,15m,BUY,LONDON,2588.115,2583.1843960478986,2597.976207904202,V50 realtime loss proxy | variant=proxy_hardened_no_worst_hours | Side=BUY | score=96.0 | opposite_score=4.0 | session=LONDON | RR=2.00,V50 realtime loss proxy,96.0,4.0,96.0,2.0,0.01,-4.930603952101137,-4.930603952101137,0.08,0.0,0.0,0.08,-5.010603952101137,1193.3502377514783,1188.3396337993772,1274.1671730660917,85.82753926671444,6.735971627661963,-5.010603952101137,1,1
proxy_hardened_no_worst_hours_high_margin,proxy_hardened_no_worst_hours_high_margin-000436,2024-09-18 18:30:00,2024-09-18 19:00:00,XAUUSD,15m,BUY,NEW YORK,2580.604,2571.297201632894,2599.2175967342114,V50 realtime loss proxy | variant=proxy_hardened_no_worst_hours | Side=BUY | score=80.0 | opposite_score=15.0 | session=NEW YORK | RR=2.00,V50 realtime loss proxy,80.0,15.0,80.0,2.0,0.01,-9.306798367105785,-9.306798367105785,0.08,0.0,0.0,0.08,-9.386798367105785,1188.3396337993772,1178.9528354322715,1274.1671730660917,95.21433763382015,7.47267231855465,-9.386798367105785,1,1
proxy_hardened_no_worst_hours_high_margin,proxy_hardened_no_worst_hours_high_margin-000437,2024-09-19 14:30:00,2024-09-20 06:15:00,XAUUSD,15m,BUY,LONDON,2583.095,2575.644307788129,2597.996384423742,V50 realtime loss proxy | variant=proxy_hardened_no_worst_hours | Side=BUY | score=80.0 | opposite_score=8.0 | session=LONDON | RR=2.00,V50 realtime loss proxy,80.0,8.0,80.0,2.000000000000061,0.01,14.901384423742002,14.901384423742002,0.08,0.0,0.0,0.08,14.821384423742002,1178.9528354322715,1193.7742198560136,1274.1671730660917,80.39295321007808,6.309450981743983,14.821384423742002,1,0
proxy_hardened_no_worst_hours_high_margin,proxy_hardened_no_worst_hours_high_margin-000438,2024-09-20 14:15:00,2024-09-23 02:45:00,XAUUSD,15m,BUY,LONDON,2613.335,2606.9812997847525,2626.042400430495,V50 realtime loss proxy | variant=proxy_hardened_no_worst_hours | Side=BUY | score=100.0 | opposite_score=8.0 | session=LONDON | RR=2.00,V50 realtime loss proxy,100.0,8.0,100.0,2.0,0.01,12.707400430495,12.707400430495,0.08,0.0,0.0,0.08,12.627400430495,1193.7742198560136,1206.4016202865087,1274.1671730660917,67.765552779583,5.318419294739432,12.627400430495,1,0
proxy_hardened_no_worst_hours_high_margin,proxy_hardened_no_worst_hours_high_margin-000439,2024-09-23 15:30:00,2024-09-24 00:45:00,XAUUSD,15m,BUY,LONDON,2629.445,2623.7726045058753,2640.7897909882504,V50 realtime loss proxy | variant=proxy_hardened_no_worst_hours | Side=BUY | score=96.0 | opposite_score=4.0 | session=LONDON | RR=2.00,V50 realtime loss proxy,96.0,4.0,96.0,2.0000000000000804,0.01,-5.672395494124885,-5.672395494124885,0.08,0.0,0.0,0.08,-5.752395494124885,1206.4016202865087,1200.6492247923838,1274.1671730660917,73.51794827370782,5.769882463444567,-5.752395494124885,1,1
proxy_hardened_no_worst_hours_high_margin,proxy_hardened_no_worst_hours_high_margin-000440,2024-09-24 13:00:00,2024-09-24 14:45:00,XAUUSD,15m,BUY,LONDON,2632.545,2626.886730120912,2643.861539758176,V50 realtime loss proxy | variant=proxy_hardened_no_worst_hours | Side=BUY | score=90.0 | opposite_score=11.0 | session=LONDON | RR=2.00,V50 realtime loss proxy,90.0,11.0,90.0,2.0,0.01,11.316539758176077,11.316539758176077,0.08,0.0,0.0,0.08,11.236539758176077,1200.6492247923838,1211.88576455056,1274.1671730660917,62.281408515531666,4.888009190007684,11.236539758176077,1,0
proxy_hardened_no_worst_hours_high_margin,proxy_hardened_no_worst_hours_high_margin-000441,2024-09-25 14:00:00,2024-09-25 14:45:00,XAUUSD,15m,BUY,LONDON,2663.155,2657.8136530373145,2673.8376939253717,V50 realtime loss proxy | variant=proxy_hardened_no_worst_hours | Side=BUY | score=100.0 | opposite_score=15.0 | session=LONDON | RR=2.00,V50 realtime loss proxy,100.0,15.0,100.0,2.0,0.01,-5.341346962685748,-5.341346962685748,0.08,0.0,0.0,0.08,-5.421346962685748,1211.88576455056,1206.4644175878743,1274.1671730660917,67.70275547821734,5.313490796918025,-5.421346962685748,1,1
proxy_hardened_no_worst_hours_high_margin,proxy_hardened_no_worst_hours_high_margin-000442,2024-09-25 19:15:00,2024-09-26 00:00:00,XAUUSD,15m,BUY,NEW YORK,2660.495,2656.019980853721,2669.4450382925584,V50 realtime loss proxy | variant=proxy_hardened_no_worst_hours | Side=BUY | score=100.0 | opposite_score=8.0 | session=NEW YORK | RR=2.00,V50 realtime loss proxy,100.0,8.0,100.0,2.0000000000001017,0.01,-4.47501914627901,-4.47501914627901,0.08,0.0,0.0,0.08,-4.55501914627901,1206.4644175878743,1201.9093984415954,1274.1671730660917,72.25777462449628,5.670980712100659,-9.976366108964758,2,2
proxy_hardened_no_worst_hours_high_margin,proxy_hardened_no_worst_hours_high_margin-000443,2024-10-01 13:00:00,2024-10-01 13:30:00,XAUUSD,15m,BUY,LONDON,2649.915,2645.7319644486206,2658.281071102759,V50 realtime loss proxy | variant=proxy_hardened_no_worst_hours | Side=BUY | score=96.0 | opposite_score=4.0 | session=LONDON | RR=2.00,V50 realtime loss proxy,96.0,4.0,96.0,2.000000000000109,0.01,8.366071102759179,8.366071102759179,0.08,0.0,0.0,0.08,8.286071102759179,1201.9093984415954,1210.1954695443546,1274.1671730660917,63.97170352173703,5.020667999772646,8.286071102759179,1,0
proxy_hardened_no_worst_hours_high_margin,proxy_hardened_no_worst_hours_high_margin-000444,2024-10-01 15:30:00,2024-10-02 05:15:00,XAUUSD,15m,BUY,LONDON,2660.085,2652.241344375982,2675.772311248036,V50 realtime loss proxy | variant=proxy_hardened_no_worst_hours | Side=BUY | score=96.0 | opposite_score=4.0 | session=LONDON | RR=2.00,V50 realtime loss proxy,96.0,4.0,96.0,2.0,0.01,-7.8436556240180835,-7.8436556240180835,0.08,0.0,0.0,0.08,-7.9236556240180835,1210.1954695443546,1202.2718139203366,1274.1671730660917,71.89535914575504,5.642537389560089,0.36241547874109514,2,1
proxy_hardened_no_worst_hours_high_margin,proxy_hardened_no_worst_hours_high_margin-000445,2024-10-11 10:45:00,2024-10-11 12:30:00,XAUUSD,15m,BUY,LONDON,2641.465,2637.7707246846044,2648.853550630792,V50 realtime loss proxy | variant=proxy_hardened_no_worst_hours | Side=BUY | score=96.0 | opposite_score=4.0 | session=LONDON | RR=2.00,V50 realtime loss proxy,96.0,4.0,96.0,2.000000000000123,0.01,7.388550630791997,7.388550630791997,0.08,0.0,0.0,0.08,7.308550630791997,1202.2718139203366,1209.5803645511287,1274.1671730660917,64.58680851496297,5.068943061807543,7.308550630791997,1,0
proxy_hardened_no_worst_hours_high_margin,proxy_hardened_no_worst_hours_high_margin-000446,2024-10-11 19:45:00,2024-10-13 22:00:00,XAUUSD,15m,BUY,NEW YORK,2656.028,2652.364491283565,2663.35501743287,V50 realtime loss proxy | variant=proxy_hardened_no_worst_hours | Side=BUY | score=100.0 | opposite_score=8.0 | session=NEW YORK | RR=2.00,V50 realtime loss proxy,100.0,8.0,100.0,2.0000000000001243,0.01,-3.6635087164349898,-3.6635087164349898,0.08,0.0,0.0,0.08,-3.74350871643499,1209.5803645511287,1205.8368558346938,1274.1671730660917,68.33031723139788,5.3627434983253615,3.565041914357007,2,1
proxy_hardened_no_worst_hours_high_margin,proxy_hardened_no_worst_hours_high_margin-000447,2024-10-15 14:15:00,2024-10-16 06:00:00,XAUUSD,15m,BUY,LONDON,2659.185,2652.6531420190845,2672.2487159618313,V50 realtime loss proxy | variant=proxy_hardened_no_worst_hours | Side=BUY | score=84.0 | opposite_score=8.0 | session=LONDON | RR=2.00,V50 realtime loss proxy,84.0,8.0,84.0,2.0000000000000697,0.01,13.063715961831349,13.063715961831349,0.08,0.0,0.0,0.08,12.983715961831349,1205.8368558346938,1218.8205717965252,1274.1671730660917,55.34660126956646,4.343747228739474,12.983715961831349,1,0
proxy_hardened_no_worst_hours_high_margin,proxy_hardened_no_worst_hours_high_margin-000448,2024-10-16 14:15:00,2024-10-16 14:30:00,XAUUSD,15m,BUY,LONDON,2678.325,2672.4127505799156,2690.1494988401682,V50 realtime loss proxy | variant=proxy_hardened_no_worst_hours | Side=BUY | score=100.0 | opposite_score=8.0 | session=LONDON | RR=2.00,V50 realtime loss proxy,100.0,8.0,100.0,2.0,0.01,-5.912249420084208,-5.912249420084208,0.08,0.0,0.0,0.08,-5.9922494200842085,1218.8205717965252,1212.828322376441,1274.1671730660917,61.3388506896506,4.814034766101208,-5.9922494200842085,1,1
proxy_hardened_no_worst_hours_high_margin,proxy_hardened_no_worst_hours_high_margin-000449,2024-10-16 19:45:00,2024-10-17 01:45:00,XAUUSD,15m,BUY,NEW YORK,2674.698,2670.6547396768783,2682.784520646243,V50 realtime loss proxy | variant=proxy_hardened_no_worst_hours | Side=BUY | score=78.0 | opposite_score=8.0 | session=NEW YORK | RR=2.00,V50 realtime loss proxy,78.0,8.0,78.0,2.0,0.01,8.086520646243116,8.086520646243116,0.08,0.0,0.0,0.08,8.006520646243116,1212.828322376441,1220.8348430226843,1274.1671730660917,53.33233004340741,4.1856619108363295,2.0142712261589075,2,0
proxy_hardened_no_worst_hours_high_margin,proxy_hardened_no_worst_hours_high_margin-000450,2024-10-18 13:30:00,2024-10-20 22:45:00,XAUUSD,15m,BUY,LONDON,2712.405,2706.7819838460123,2723.651032307976,V50 realtime loss proxy | variant=proxy_hardened_no_worst_hours | Side=BUY | score=96.0 | opposite_score=4.0 | session=LONDON | RR=2.00,V50 realtime loss proxy,96.0,4.0,96.0,2.0,0.01,11.246032307975838,11.246032307975838,0.08,0.0,0.0,0.08,11.166032307975838,1220.8348430226843,1232.0008753306602,1274.1671730660917,42.1662977354315,3.3093222480347415,11.166032307975838,1,0
proxy_hardened_no_worst_hours_high_margin,proxy_hardened_no_worst_hours_high_margin-000451,2024-10-21 10:45:00,2024-10-21 14:30:00,XAUUSD,15m,BUY,LONDON,2733.215,2728.8386268335744,2741.9677463328517,V50 realtime loss proxy | variant=proxy_hardened_no_worst_hours | Side=BUY | score=96.0 | opposite_score=4.0 | session=LONDON | RR=2.00,V50 realtime loss proxy,96.0,4.0,96.0,2.0,0.01,-4.376373166425765,-4.376373166425765,0.08,0.0,0.0,0.08,-4.456373166425765,1232.0008753306602,1227.5445021642345,1274.1671730660917,46.62267090185719,3.6590701665674485,-4.456373166425765,1,1
proxy_hardened_no_worst_hours_high_margin,proxy_hardened_no_worst_hours_high_margin-000452,2024-10-22 10:00:00,2024-10-22 11:45:00,XAUUSD,15m,BUY,LONDON,2734.385,2730.432197349345,2742.2906053013107,V50 realtime loss proxy | variant=proxy_hardened_no_worst_hours | Side=BUY | score=96.0 | opposite_score=4.0 | session=LONDON | RR=2.00,V50 realtime loss proxy,96.0,4.0,96.0,2.000000000000115,0.01,-3.9528026506550304,-3.9528026506550304,0.08,0.0,0.0,0.08,-4.0328026506550305,1227.5445021642345,1223.5116995135795,1274.1671730660917,50.65547355251215,3.9755751539742916,-4.0328026506550305,1,1
proxy_hardened_no_worst_hours_high_margin,proxy_hardened_no_worst_hours_high_margin-000453,2024-10-22 13:00:00,2024-10-22 16:45:00,XAUUSD,15m,BUY,LONDON,2735.818,2731.2485440617193,2744.956911876562,V50 realtime loss proxy | variant=proxy_hardened_no_worst_hours | Side=BUY | score=96.0 | opposite_score=4.0 | session=LONDON | RR=2.00,V50 realtime loss proxy,96.0,4.0,96.0,2.0,0.01,9.138911876561906,9.138911876561906,0.08,0.0,0.0,0.08,9.058911876561906,1223.5116995135795,1232.5706113901415,1274.1671730660917,41.59656167595017,3.2646078595679326,5.026109225906875,2,0
proxy_hardened_no_worst_hours_high_margin,proxy_hardened_no_worst_hours_high_margin-000454,2024-10-24 13:30:00,2024-10-24 13:45:00,XAUUSD,15m,BUY,LONDON,2738.455,2733.9580686283775,2747.4488627432447,V50 realtime loss proxy | variant=proxy_hardened_no_worst_hours | Side=BUY | score=96.0 | opposite_score=11.0 | session=LONDON | RR=2.00,V50 realtime loss proxy,96.0,11.0,96.0,2.0,0.01,-4.496931371622395,-4.496931371622395,0.08,0.0,0.0,0.08,-4.576931371622395,1232.5706113901415,1227.9936800185192,1274.1671730660917,46.17349304757249,3.6238175039828504,-4.576931371622395,1,1
proxy_hardened_no_worst_hours_high_margin,proxy_hardened_no_worst_hours_high_margin-000455,2024-10-29 13:00:00,2024-10-29 14:00:00,XAUUSD,15m,BUY,LONDON,2755.395,2750.1854061754298,2765.8141876491404,V50 realtime loss proxy | variant=proxy_hardened_no_worst_hours | Side=BUY | score=96.0 | opposite_score=4.0 | session=LONDON | RR=2.00,V50 realtime loss proxy,96.0,4.0,96.0,2.0,0.01,10.41918764914044,10.41918764914044,0.08,0.0,0.0,0.08,10.33918764914044,1227.9936800185192,1238.3328676676597,1274.1671730660917,35.83430539843198,2.812370790577041,10.33918764914044,1,0
proxy_hardened_no_worst_hours_high_margin,proxy_hardened_no_worst_hours_high_margin-000456,2024-10-30 13:00:00,2024-10-30 13:15:00,XAUUSD,15m,BUY,LONDON,2786.925,2782.1279119265146,2796.5191761469714,V50 realtime loss proxy | variant=proxy_hardened_no_worst_hours | Side=BUY | score=100.0 | opposite_score=4.0 | session=LONDON | RR=2.00,V50 realtime loss proxy,100.0,4.0,100.0,2.0,0.01,-4.797088073485611,-4.797088073485611,0.08,0.0,0.0,0.08,-4.877088073485611,1238.3328676676597,1233.4557795941741,1274.1671730660917,40.71139347191752,3.195137524533117,-4.877088073485611,1,1
proxy_hardened_no_worst_hours_high_margin,proxy_hardened_no_worst_hours_high_margin-000457,2024-11-06 10:00:00,2024-11-06 11:45:00,XAUUSD,15m,SELL,LONDON,2723.505,2734.724202223376,2701.0665955532486,V50 realtime loss proxy | variant=proxy_hardened_no_worst_hours | Side=SELL | score=85.0 | opposite_score=4.0 | session=LONDON | RR=2.00,V50 realtime loss proxy,4.0,85.0,85.0,2.0,0.01,22.43840444675152,22.43840444675152,0.08,0.0,0.0,0.08,22.35840444675152,1233.4557795941741,1255.8141840409257,1274.1671730660917,18.352989025165925,1.4403909795448753,22.35840444675152,1,0
proxy_hardened_no_worst_hours_high_margin,proxy_hardened_no_worst_hours_high_margin-000458,2024-11-08 10:00:00,2024-11-08 11:30:00,XAUUSD,15m,SELL,LONDON,2686.765,2692.2606120731275,2675.7737758537446,V50 realtime loss proxy | variant=proxy_hardened_no_worst_hours | Side=SELL | score=85.0 | opposite_score=4.0 | session=LONDON | RR=2.00,V50 realtime loss proxy,4.0,85.0,85.0,2.0,0.01,-5.4956120731276314,-5.4956120731276314,0.08,0.0,0.0,0.08,-5.5756120731276315,1255.8141840409257,1250.2385719677982,1274.1671730660917,23.928601098293484,1.8779797191535632,-5.5756120731276315,1,1
proxy_hardened_no_worst_hours_high_margin,proxy_hardened_no_worst_hours_high_margin-000459,2024-11-08 15:45:00,2024-11-11 01:45:00,XAUUSD,15m,SELL,LONDON,2687.355,2694.9730639523937,2672.1188720952127,V50 realtime loss proxy | variant=proxy_hardened_no_worst_hours | Side=SELL | score=79.0 | opposite_score=4.0 | session=LONDON | RR=2.00,V50 realtime loss proxy,4.0,79.0,79.0,2.0,0.01,15.236127904787281,15.236127904787281,0.08,0.0,0.0,0.08,15.156127904787281,1250.2385719677982,1265.3946998725855,1274.1671730660917,8.77247319350613,0.688486831158622,9.58051583165965,2,0
proxy_hardened_no_worst_hours_high_margin,proxy_hardened_no_worst_hours_high_margin-000460,2024-11-12 15:15:00,2024-11-13 02:45:00,XAUUSD,15m,SELL,LONDON,2603.255,2611.874415996485,2586.0161680070305,V50 realtime loss proxy | variant=proxy_hardened_no_worst_hours | Side=SELL | score=85.0 | opposite_score=4.0 | session=LONDON | RR=2.00,V50 realtime loss proxy,4.0,85.0,85.0,2.0,0.01,-8.619415996484804,-8.619415996484804,0.08,0.0,0.0,0.08,-8.699415996484804,1265.3946998725855,1256.6952838761008,1274.1671730660917,17.47188918999086,1.3712399408271827,-8.699415996484804,1,1
proxy_hardened_no_worst_hours_high_margin,proxy_hardened_no_worst_hours_high_margin-000461,2024-11-13 15:45:00,2024-11-13 16:30:00,XAUUSD,15m,SELL,LONDON,2605.325,2612.769873576939,2590.4352528461213,V50 realtime loss proxy | variant=proxy_hardened_no_worst_hours | Side=SELL | score=90.0 | opposite_score=4.0 | session=LONDON | RR=2.00,V50 realtime loss proxy,4.0,90.0,90.0,2.0,0.01,14.889747153878488,14.889747153878488,0.08,0.0,0.0,0.08,14.809747153878488,1256.6952838761008,1271.5050310299794,1274.1671730660917,2.6621420361123,0.20893192764543256,14.809747153878488,1,0
proxy_hardened_no_worst_hours_high_margin,proxy_hardened_no_worst_hours_high_margin-000462,2024-11-19 13:30:00,2024-11-19 14:15:00,XAUUSD,15m,BUY,LONDON,2634.615,2628.513281255042,2646.8184374899156,V50 realtime loss proxy | variant=proxy_hardened_no_worst_hours | Side=BUY | score=85.0 | opposite_score=4.0 | session=LONDON | RR=2.00,V50 realtime loss proxy,85.0,4.0,85.0,2.0,0.01,-6.101718744957907,-6.101718744957907,0.08,0.0,0.0,0.08,-6.181718744957907,1271.5050310299794,1265.3233122850215,1274.1671730660917,8.843860781070134,0.6940895172953415,-6.181718744957907,1,1
proxy_hardened_no_worst_hours_high_margin,proxy_hardened_no_worst_hours_high_margin-000463,2024-11-19 18:45:00,2024-11-20 07:30:00,XAUUSD,15m,BUY,NEW YORK,2630.065,2624.2512036341723,2641.6925927316556,V50 realtime loss proxy | variant=proxy_hardened_no_worst_hours | Side=BUY | score=89.0 | opposite_score=8.0 | session=NEW YORK | RR=2.00,V50 realtime loss proxy,89.0,8.0,89.0,2.0,0.01,-5.813796365827784,-5.813796365827784,0.08,0.0,0.0,0.08,-5.893796365827784,1265.3233122850215,1259.4295159191938,1274.1671730660917,14.737657146897845,1.1566501993167733,-12.075515110785691,2,2
proxy_hardened_no_worst_hours_high_margin,proxy_hardened_no_worst_hours_high_margin-000464,2024-11-21 18:00:00,2024-11-22 02:30:00,XAUUSD,15m,BUY,NEW YORK,2671.015,2664.7945512006095,2683.455897598781,V50 realtime loss proxy | variant=proxy_hardened_no_worst_hours | Side=BUY | score=89.0 | opposite_score=8.0 | session=NEW YORK | RR=2.00,V50 realtime loss proxy,89.0,8.0,89.0,2.0000000000000733,0.01,12.440897598781248,12.440897598781248,0.08,0.0,0.0,0.08,12.360897598781248,1259.4295159191938,1271.7904135179751,1274.1671730660917,2.3767595481165245,0.18653435737142796,12.360897598781248,1,0
proxy_hardened_no_worst_hours_high_margin,proxy_hardened_no_worst_hours_high_margin-000465,2024-11-22 21:00:00,2024-11-24 23:00:00,XAUUSD,15m,BUY,NEW YORK,2708.665,2703.770499236289,2718.4540015274215,V50 realtime loss proxy | variant=proxy_hardened_no_worst_hours | Side=BUY | score=89.0 | opposite_score=8.0 | session=NEW YORK | RR=2.00,V50 realtime loss proxy,89.0,8.0,89.0,2.0,0.01,-4.8945007637107665,-4.8945007637107665,0.08,0.0,0.0,0.08,-4.9745007637107665,1271.7904135179751,1266.8159127542644,1274.1671730660917,7.351260311827218,0.5769462961549634,-4.9745007637107665,1,1
proxy_hardened_no_worst_hours_high_margin,proxy_hardened_no_worst_hours_high_margin-000466,2024-11-26 14:30:00,2024-11-26 15:30:00,XAUUSD,15m,SELL,LONDON,2622.298,2630.504497423885,2605.8850051522295,V50 realtime loss proxy | variant=proxy_hardened_no_worst_hours | Side=SELL | score=79.0 | opposite_score=8.0 | session=LONDON | RR=2.00,V50 realtime loss proxy,8.0,79.0,79.0,2.0,0.01,-8.20649742388514,-8.20649742388514,0.08,0.0,0.0,0.08,-8.28649742388514,1266.8159127542644,1258.5294153303794,1274.1671730660917,15.637757735712285,1.2272924672892311,-8.28649742388514,1,1
proxy_hardened_no_worst_hours_high_margin,proxy_hardened_no_worst_hours_high_margin-000467,2024-11-27 13:30:00,2024-11-27 15:00:00,XAUUSD,15m,BUY,LONDON,2652.145,2646.7768426329053,2662.88131473419,V50 realtime loss proxy | variant=proxy_hardened_no_worst_hours | Side=BUY | score=85.0 | opposite_score=4.0 | session=LONDON | RR=2.00,V50 realtime loss proxy,85.0,4.0,85.0,2.000000000000085,0.01,-5.368157367094682,-5.368157367094682,0.08,0.0,0.0,0.08,-5.448157367094682,1258.5294153303794,1253.0812579632848,1274.1671730660917,21.085915102806894,1.6548782254424914,-5.448157367094682,1,1
proxy_hardened_no_worst_hours_high_margin,proxy_hardened_no_worst_hours_high_margin-000468,2024-11-28 13:00:00,2024-11-28 14:45:00,XAUUSD,15m,BUY,LONDON,2644.858,2640.9604621008684,2652.6530757982637,V50 realtime loss proxy | variant=proxy_hardened_no_worst_hours | Side=BUY | score=79.0 | opposite_score=26.0 | session=LONDON | RR=2.00,V50 realtime loss proxy,79.0,26.0,79.0,2.0,0.01,-3.8975378991317484,-3.8975378991317484,0.08,0.0,0.0,0.08,-3.9775378991317485,1253.0812579632848,1249.103720064153,1274.1671730660917,25.06345300193857,1.9670458894045384,-3.9775378991317485,1,1
proxy_hardened_no_worst_hours_high_margin,proxy_hardened_no_worst_hours_high_margin-000469,2024-11-29 10:30:00,2024-11-29 13:15:00,XAUUSD,15m,BUY,LONDON,2661.748,2656.3575652176028,2672.5288695647946,V50 realtime loss proxy | variant=proxy_hardened_no_worst_hours | Side=BUY | score=85.0 | opposite_score=4.0 | session=LONDON | RR=2.00,V50 realtime loss proxy,85.0,4.0,85.0,2.0,0.01,-5.3904347823972785,-5.3904347823972785,0.08,0.0,0.0,0.08,-5.4704347823972785,1249.103720064153,1243.633285281756,1274.1671730660917,30.533887784335775,2.3963800378611673,-5.4704347823972785,1,1
proxy_hardened_no_worst_hours_high_margin,proxy_hardened_no_worst_hours_high_margin-000470,2024-12-10 13:15:00,2024-12-10 14:15:00,XAUUSD,15m,BUY,LONDON,2674.564,2669.2022372378187,2685.2875255243625,V50 realtime loss proxy | variant=proxy_hardened_no_worst_hours | Side=BUY | score=85.0 | opposite_score=4.0 | session=LONDON | RR=2.00,V50 realtime loss proxy,85.0,4.0,85.0,2.000000000000085,0.01,10.723525524362685,10.723525524362685,0.08,0.0,0.0,0.08,10.643525524362685,1243.633285281756,1254.2768108061186,1274.1671730660917,19.890362259973017,1.5610480854023143,10.643525524362685,1,0
proxy_hardened_no_worst_hours_high_margin,proxy_hardened_no_worst_hours_high_margin-000471,2024-12-17 13:45:00,2024-12-17 15:15:00,XAUUSD,15m,SELL,LONDON,2636.848,2642.382003395288,2625.779993209424,V50 realtime loss proxy | variant=proxy_hardened_no_worst_hours | Side=SELL | score=85.0 | opposite_score=4.0 | session=LONDON | RR=2.00,V50 realtime loss proxy,4.0,85.0,85.0,2.0,0.01,-5.534003395287982,-5.534003395287982,0.08,0.0,0.0,0.08,-5.614003395287982,1254.2768108061186,1248.6628074108307,1274.1671730660917,25.504365655260926,2.0016498772204674,-5.614003395287982,1,1
proxy_hardened_no_worst_hours_high_margin,proxy_hardened_no_worst_hours_high_margin-000472,2024-12-17 15:30:00,2024-12-17 17:45:00,XAUUSD,15m,SELL,LONDON,2638.084,2644.3389763330774,2625.5740473338446,V50 realtime loss proxy | variant=proxy_hardened_no_worst_hours | Side=SELL | score=85.0 | opposite_score=4.0 | session=LONDON | RR=2.00,V50 realtime loss proxy,4.0,85.0,85.0,2.0,0.01,-6.254976333077593,-6.254976333077593,0.08,0.0,0.0,0.08,-6.334976333077593,1248.6628074108307,1242.3278310777532,1274.1671730660917,31.839341988338447,2.49883552655982,-11.948979728365575,2,2
proxy_hardened_no_worst_hours_high_margin,proxy_hardened_no_worst_hours_high_margin-000473,2024-12-23 13:30:00,2024-12-23 15:15:00,XAUUSD,15m,SELL,LONDON,2618.905,2623.370584645792,2609.9738307084162,V50 realtime loss proxy | variant=proxy_hardened_no_worst_hours | Side=SELL | score=87.0 | opposite_score=4.0 | session=LONDON | RR=2.00,V50 realtime loss proxy,4.0,87.0,87.0,2.0000000000001017,0.01,8.931169291583956,8.931169291583956,0.08,0.0,0.0,0.08,8.851169291583956,1242.3278310777532,1251.1790003693372,1274.1671730660917,22.988172696754418,1.8041724180852061,8.851169291583956,1,0
proxy_hardened_no_worst_hours_high_margin,proxy_hardened_no_worst_hours_high_margin-000474,2024-12-26 18:00:00,2024-12-27 08:15:00,XAUUSD,15m,BUY,NEW YORK,2631.415,2627.321617319687,2639.601765360626,V50 realtime loss proxy | variant=proxy_hardened_no_worst_hours | Side=BUY | score=89.0 | opposite_score=8.0 | session=NEW YORK | RR=2.00,V50 realtime loss proxy,89.0,8.0,89.0,2.0,0.01,-4.0933826803129705,-4.0933826803129705,0.08,0.0,0.0,0.08,-4.1733826803129705,1251.1790003693372,1247.0056176890243,1274.1671730660917,27.161555377067316,2.1317104969599177,-4.1733826803129705,1,1
proxy_hardened_no_worst_hours_high_margin,proxy_hardened_no_worst_hours_high_margin-000475,2024-12-30 13:30:00,2024-12-30 15:00:00,XAUUSD,15m,SELL,LONDON,2613.028,2618.406409148079,2602.2711817038407,V50 realtime loss proxy | variant=proxy_hardened_no_worst_hours | Side=SELL | score=90.0 | opposite_score=4.0 | session=LONDON | RR=2.00,V50 realtime loss proxy,4.0,90.0,90.0,2.0000000000000844,0.01,10.756818296159054,10.756818296159054,0.08,0.0,0.0,0.08,10.676818296159054,1247.0056176890243,1257.6824359851835,1274.1671730660917,16.48473708090819,1.2937656399701578,10.676818296159054,1,0
proxy_hardened_no_worst_hours_high_margin,proxy_hardened_no_worst_hours_high_margin-000476,2024-12-31 19:30:00,2025-01-02 01:15:00,XAUUSD,15m,BUY,NEW YORK,2623.055,2618.627809932683,2631.9093801346344,V50 realtime loss proxy | variant=proxy_hardened_no_worst_hours | Side=BUY | score=83.0 | opposite_score=30.0 | session=NEW YORK | RR=2.00,V50 realtime loss proxy,83.0,30.0,83.0,2.0000000000001026,0.01,8.854380134634539,8.854380134634539,0.08,0.0,0.0,0.08,8.774380134634539,1257.6824359851835,1266.456816119818,1274.1671730660917,7.710356946273578,0.6051291470427513,8.774380134634539,1,0
proxy_hardened_no_worst_hours_high_margin,proxy_hardened_no_worst_hours_high_margin-000477,2025-01-02 10:00:00,2025-01-02 13:45:00,XAUUSD,15m,BUY,LONDON,2638.735,2634.5864554219725,2647.0320891560555,V50 realtime loss proxy | variant=proxy_hardened_no_worst_hours | Side=BUY | score=85.0 | opposite_score=4.0 | session=LONDON | RR=2.00,V50 realtime loss proxy,85.0,4.0,85.0,2.0,0.01,8.297089156055335,8.297089156055335,0.08,0.0,0.0,0.08,8.217089156055335,1266.456816119818,1274.6739052758735,1274.6739052758735,0.0,0.0,8.217089156055335,1,0
proxy_hardened_no_worst_hours_high_margin,proxy_hardened_no_worst_hours_high_margin-000478,2025-01-02 14:00:00,2025-01-02 16:45:00,XAUUSD,15m,BUY,LONDON,2646.775,2640.836005423706,2658.6529891525884,V50 realtime loss proxy | variant=proxy_hardened_no_worst_hours | Side=BUY | score=89.0 | opposite_score=8.0 | session=LONDON | RR=2.00,V50 realtime loss proxy,89.0,8.0,89.0,2.0,0.01,11.87798915258827,11.87798915258827,0.08,0.0,0.0,0.08,11.79798915258827,1274.6739052758735,1286.4718944284618,1286.4718944284618,0.0,0.0,20.015078308643606,2,0
proxy_hardened_no_worst_hours_high_margin,proxy_hardened_no_worst_hours_high_margin-000479,2025-01-06 10:00:00,2025-01-06 11:00:00,XAUUSD,15m,SELL,LONDON,2631.195,2635.395503917826,2622.7939921643488,V50 realtime loss proxy | variant=proxy_hardened_no_worst_hours | Side=SELL | score=85.0 | opposite_score=4.0 | session=LONDON | RR=2.00,V50 realtime loss proxy,4.0,85.0,85.0,2.0,0.01,-4.200503917825699,-4.200503917825699,0.08,0.0,0.0,0.08,-4.280503917825699,1286.4718944284618,1282.1913905106362,1286.4718944284618,4.280503917825627,0.33273201974826794,-4.280503917825699,1,1
proxy_hardened_no_worst_hours_high_margin,proxy_hardened_no_worst_hours_high_margin-000480,2025-01-06 13:15:00,2025-01-06 13:30:00,XAUUSD,15m,BUY,LONDON,2642.195,2636.2983789882387,2653.988242023523,V50 realtime loss proxy | variant=proxy_hardened_no_worst_hours | Side=BUY | score=85.0 | opposite_score=4.0 | session=LONDON | RR=2.00,V50 realtime loss proxy,85.0,4.0,85.0,2.0,0.01,-5.896621011761454,-5.896621011761454,0.08,0.0,0.0,0.08,-5.976621011761454,1282.1913905106362,1276.2147694988748,1286.4718944284618,10.257124929587008,0.7973065695418025,-10.257124929587153,2,2
proxy_hardened_no_worst_hours_high_margin,proxy_hardened_no_worst_hours_high_margin-000481,2025-01-07 10:00:00,2025-01-07 12:00:00,XAUUSD,15m,BUY,LONDON,2642.848,2638.998934343807,2650.546131312386,V50 realtime loss proxy | variant=proxy_hardened_no_worst_hours | Side=BUY | score=79.0 | opposite_score=4.0 | session=LONDON | RR=2.00,V50 realtime loss proxy,79.0,4.0,79.0,2.0,0.01,7.698131312386067,7.698131312386067,0.08,0.0,0.0,0.08,7.618131312386067,1276.2147694988748,1283.832900811261,1286.4718944284618,2.6389936172008674,0.2051341835472657,7.618131312386067,1,0
proxy_hardened_no_worst_hours_high_margin,proxy_hardened_no_worst_hours_high_margin-000482,2025-01-08 10:45:00,2025-01-08 11:15:00,XAUUSD,15m,BUY,LONDON,2653.138,2650.209899233959,2658.994201532082,V50 realtime loss proxy | variant=proxy_hardened_no_worst_hours | Side=BUY | score=79.0 | opposite_score=4.0 | session=LONDON | RR=2.00,V50 realtime loss proxy,79.0,4.0,79.0,2.0,0.01,-2.928100766041098,-2.928100766041098,0.08,0.0,0.0,0.08,-3.008100766041098,1283.832900811261,1280.82480004522,1286.4718944284618,5.6470943832418925,0.4389597944345853,-3.008100766041098,1,1
proxy_hardened_no_worst_hours_high_margin,proxy_hardened_no_worst_hours_high_margin-000483,2025-01-08 13:00:00,2025-01-08 13:15:00,XAUUSD,15m,BUY,LONDON,2655.588,2651.6858612439514,2663.392277512098,V50 realtime loss proxy | variant=proxy_hardened_no_worst_hours | Side=BUY | score=83.0 | opposite_score=4.0 | session=LONDON | RR=2.00,V50 realtime loss proxy,83.0,4.0,83.0,2.0000000000001164,0.01,-3.902138756048771,-3.902138756048771,0.08,0.0,0.0,0.08,-3.982138756048771,1280.82480004522,1276.8426612891712,1286.4718944284618,9.62923313929059,0.7484993011501856,-6.990239522089869,2,2
proxy_hardened_no_worst_hours_high_margin,proxy_hardened_no_worst_hours_high_margin-000484,2025-01-09 14:45:00,2025-01-09 16:45:00,XAUUSD,15m,BUY,LONDON,2672.204,2666.624435270228,2683.363129459545,V50 realtime loss proxy | variant=proxy_hardened_no_worst_hours | Side=BUY | score=94.0 | opposite_score=8.0 | session=LONDON | RR=2.00,V50 realtime loss proxy,94.0,8.0,94.0,2.0,0.01,-5.579564729772301,-5.579564729772301,0.08,0.0,0.0,0.08,-5.659564729772301,1276.8426612891712,1271.183096559399,1286.4718944284618,15.288797869062819,1.1884284402384975,-5.659564729772301,1,1
proxy_hardened_no_worst_hours_high_margin,proxy_hardened_no_worst_hours_high_margin-000485,2025-01-09 18:15:00,2025-01-10 09:15:00,XAUUSD,15m,BUY,NEW YORK,2669.914,2664.3317844630137,2681.078431073973,V50 realtime loss proxy | variant=proxy_hardened_no_worst_hours | Side=BUY | score=100.0 | opposite_score=8.0 | session=NEW YORK | RR=2.00,V50 realtime loss proxy,100.0,8.0,100.0,2.0,0.01,11.164431073972992,11.164431073972992,0.08,0.0,0.0,0.08,11.084431073972992,1271.183096559399,1282.267527633372,1286.4718944284618,4.204366795089754,0.32681373089441795,5.424866344200691,2,0
proxy_hardened_no_worst_hours_high_margin,proxy_hardened_no_worst_hours_high_margin-000486,2025-01-15 13:00:00,2025-01-15 13:15:00,XAUUSD,15m,BUY,LONDON,2685.635,2682.0399561813024,2692.8250876373963,V50 realtime loss proxy | variant=proxy_hardened_no_worst_hours | Side=BUY | score=96.0 | opposite_score=4.0 | session=LONDON | RR=2.00,V50 realtime loss proxy,96.0,4.0,96.0,2.0000000000001266,0.01,-3.5950438186978317,-3.5950438186978317,0.08,0.0,0.0,0.08,-3.675043818697832,1282.267527633372,1278.5924838146743,1286.4718944284618,7.879410613787513,0.612482141888384,-3.675043818697832,1,1
proxy_hardened_no_worst_hours_high_margin,proxy_hardened_no_worst_hours_high_margin-000487,2025-01-15 13:30:00,2025-01-15 14:30:00,XAUUSD,15m,BUY,LONDON,2686.705,2682.034967319592,2696.045065360816,V50 realtime loss proxy | variant=proxy_hardened_no_worst_hours | Side=BUY | score=96.0 | opposite_score=4.0 | session=LONDON | RR=2.00,V50 realtime loss proxy,96.0,4.0,96.0,2.0,0.01,-4.670032680407985,-4.670032680407985,0.08,0.0,0.0,0.08,-4.750032680407985,1278.5924838146743,1273.8424511342664,1286.4718944284618,12.629443294195426,0.9817115592568993,-8.425076499105817,2,2
proxy_hardened_no_worst_hours_high_margin,proxy_hardened_no_worst_hours_high_margin-000488,2025-01-23 19:45:00,2025-01-24 02:00:00,XAUUSD,15m,BUY,NEW YORK,2753.945,2749.1612801575716,2763.512439684858,V50 realtime loss proxy | variant=proxy_hardened_no_worst_hours | Side=BUY | score=100.0 | opposite_score=8.0 | session=NEW YORK | RR=2.00,V50 realtime loss proxy,100.0,8.0,100.0,2.000000000000095,0.01,9.567439684857618,9.567439684857618,0.08,0.0,0.0,0.08,9.487439684857618,1273.8424511342664,1283.329890819124,1286.4718944284618,3.142003609337735,0.24423414323665624,9.487439684857618,1,0
proxy_hardened_no_worst_hours_high_margin,proxy_hardened_no_worst_hours_high_margin-000489,2025-01-24 10:00:00,2025-01-24 13:00:00,XAUUSD,15m,BUY,LONDON,2773.265,2768.848521157814,2782.0979576843715,V50 realtime loss proxy | variant=proxy_hardened_no_worst_hours | Side=BUY | score=96.0 | opposite_score=4.0 | session=LONDON | RR=2.00,V50 realtime loss proxy,96.0,4.0,96.0,2.0,0.01,8.83295768437165,8.83295768437165,0.08,0.0,0.0,0.08,8.75295768437165,1283.329890819124,1292.0828485034958,1292.0828485034958,0.0,0.0,8.75295768437165,1,0
proxy_hardened_no_worst_hours_high_margin,proxy_hardened_no_worst_hours_high_margin-000490,2025-01-24 14:30:00,2025-01-24 16:45:00,XAUUSD,15m,BUY,LONDON,2777.545,2772.4036771163096,2787.8276457673815,V50 realtime loss proxy | variant=proxy_hardened_no_worst_hours | Side=BUY | score=78.0 | opposite_score=8.0 | session=LONDON | RR=2.00,V50 realtime loss proxy,78.0,8.0,78.0,2.0000000000000884,0.01,-5.141322883690464,-5.141322883690464,0.08,0.0,0.0,0.08,-5.221322883690464,1292.0828485034958,1286.8615256198054,1292.0828485034958,5.221322883690391,0.4041012454996816,3.5316348006811857,2,1
proxy_hardened_no_worst_hours_high_margin,proxy_hardened_no_worst_hours_high_margin-000491,2025-01-30 19:30:00,2025-01-31 12:15:00,XAUUSD,15m,BUY,NEW YORK,2792.715,2787.6479225914172,2802.8491548171664,V50 realtime loss proxy | variant=proxy_hardened_no_worst_hours | Side=BUY | score=100.0 | opposite_score=8.0 | session=NEW YORK | RR=2.00,V50 realtime loss proxy,100.0,8.0,100.0,2.0000000000000897,0.01,10.13415481716629,10.13415481716629,0.08,0.0,0.0,0.08,10.05415481716629,1286.8615256198054,1296.9156804369718,1296.9156804369718,0.0,0.0,10.05415481716629,1,0
proxy_hardened_no_worst_hours_high_margin,proxy_hardened_no_worst_hours_high_margin-000492,2025-02-03 10:00:00,2025-02-03 12:30:00,XAUUSD,15m,BUY,LONDON,2795.058,2789.3058019507403,2806.5623960985195,V50 realtime loss proxy | variant=proxy_hardened_no_worst_hours | Side=BUY | score=96.0 | opposite_score=4.0 | session=LONDON | RR=2.00,V50 realtime loss proxy,96.0,4.0,96.0,2.0,0.01,11.504396098519464,11.504396098519464,0.08,0.0,0.0,0.08,11.424396098519464,1296.9156804369718,1308.3400765354913,1308.3400765354913,0.0,0.0,11.424396098519464,1,0
proxy_hardened_no_worst_hours_high_margin,proxy_hardened_no_worst_hours_high_margin-000493,2025-02-04 21:30:00,2025-02-05 02:00:00,XAUUSD,15m,BUY,NEW YORK,2841.855,2837.7459721562586,2850.0730556874832,V50 realtime loss proxy | variant=proxy_hardened_no_worst_hours | Side=BUY | score=100.0 | opposite_score=8.0 | session=NEW YORK | RR=2.00,V50 realtime loss proxy,100.0,8.0,100.0,2.0000000000001106,0.01,8.21805568748323,8.21805568748323,0.08,0.0,0.0,0.08,8.138055687483229,1308.3400765354913,1316.4781322229746,1316.4781322229746,0.0,0.0,8.138055687483229,1,0
proxy_hardened_no_worst_hours_high_margin,proxy_hardened_no_worst_hours_high_margin-000494,2025-02-05 14:30:00,2025-02-05 15:45:00,XAUUSD,15m,BUY,LONDON,2866.385,2860.7074401427435,2877.7401197145136,V50 realtime loss proxy | variant=proxy_hardened_no_worst_hours | Side=BUY | score=100.0 | opposite_score=8.0 | session=LONDON | RR=2.00,V50 realtime loss proxy,100.0,8.0,100.0,2.0,0.01,11.355119714513421,11.355119714513421,0.08,0.0,0.0,0.08,11.275119714513421,1316.4781322229746,1327.7532519374881,1327.7532519374881,0.0,0.0,11.275119714513421,1,0
proxy_hardened_no_worst_hours_high_margin,proxy_hardened_no_worst_hours_high_margin-000495,2025-02-07 10:00:00,2025-02-07 13:00:00,XAUUSD,15m,BUY,LONDON,2866.975,2862.94482055774,2875.03535888452,V50 realtime loss proxy | variant=proxy_hardened_no_worst_hours | Side=BUY | score=90.0 | opposite_score=4.0 | session=LONDON | RR=2.00,V50 realtime loss proxy,90.0,4.0,90.0,2.000000000000113,0.01,-4.0301794422598505,-4.0301794422598505,0.08,0.0,0.0,0.08,-4.1101794422598505,1327.7532519374881,1323.6430724952284,1327.7532519374881,4.110179442259778,0.3095589814042714,-4.1101794422598505,1,1
proxy_hardened_no_worst_hours_high_margin,proxy_hardened_no_worst_hours_high_margin-000496,2025-02-10 13:45:00,2025-02-10 23:00:00,XAUUSD,15m,BUY,LONDON,2900.678,2894.716839703296,2912.6003205934076,V50 realtime loss proxy | variant=proxy_hardened_no_worst_hours | Side=BUY | score=96.0 | opposite_score=4.0 | session=LONDON | RR=2.00,V50 realtime loss proxy,96.0,4.0,96.0,2.0,0.01,11.922320593407676,11.922320593407676,0.08,0.0,0.0,0.08,11.842320593407676,1323.6430724952284,1335.485393088636,1335.485393088636,0.0,0.0,11.842320593407676,1,0
proxy_hardened_no_worst_hours_high_margin,proxy_hardened_no_worst_hours_high_margin-000497,2025-02-12 18:45:00,2025-02-12 19:15:00,XAUUSD,15m,BUY,NEW YORK,2900.768,2893.762549347747,2914.778901304506,V50 realtime loss proxy | variant=proxy_hardened_no_worst_hours | Side=BUY | score=80.0 | opposite_score=8.0 | session=NEW YORK | RR=2.00,V50 realtime loss proxy,80.0,8.0,80.0,2.0,0.01,-7.005450652252875,-7.005450652252875,0.08,0.0,0.0,0.08,-7.0854506522528755,1335.485393088636,1328.3999424363833,1335.485393088636,7.085450652252803,0.5305524634654347,-7.0854506522528755,1,1
proxy_hardened_no_worst_hours_high_margin,proxy_hardened_no_worst_hours_high_margin-000498,2025-02-12 19:45:00,2025-02-13 03:15:00,XAUUSD,15m,BUY,NEW YORK,2897.675,2890.8670897261823,2911.290820547636,V50 realtime loss proxy | variant=proxy_hardened_no_worst_hours | Side=BUY | score=80.0 | opposite_score=8.0 | session=NEW YORK | RR=2.00,V50 realtime loss proxy,80.0,8.0,80.0,2.0,0.01,13.615820547635849,13.615820547635849,0.08,0.0,0.0,0.08,13.535820547635849,1328.3999424363833,1341.9357629840192,1341.9357629840192,0.0,0.0,6.450369895382973,2,0
proxy_hardened_no_worst_hours_high_margin,proxy_hardened_no_worst_hours_high_margin-000499,2025-02-13 10:15:00,2025-02-13 13:30:00,XAUUSD,15m,BUY,LONDON,2915.885,2910.3269787158615,2927.0010425682776,V50 realtime loss proxy | variant=proxy_hardened_no_worst_hours | Side=BUY | score=96.0 | opposite_score=4.0 | session=LONDON | RR=2.00,V50 realtime loss proxy,96.0,4.0,96.0,2.0,0.01,-5.558021284138704,-5.558021284138704,0.08,0.0,0.0,0.08,-5.638021284138704,1341.9357629840192,1336.2977416998806,1341.9357629840192,5.638021284138631,0.4201409217682332,-5.638021284138704,1,1
proxy_hardened_no_worst_hours_high_margin,proxy_hardened_no_worst_hours_high_margin-000500,2025-02-13 14:45:00,2025-02-13 21:30:00,XAUUSD,15m,BUY,LONDON,2914.905,2907.875735567144,2928.9635288657128,V50 realtime loss proxy | variant=proxy_hardened_no_worst_hours | Side=BUY | score=78.0 | opposite_score=8.0 | session=LONDON | RR=2.00,V50 realtime loss proxy,78.0,8.0,78.0,2.000000000000065,0.01,14.05852886571256,14.05852886571256,0.08,0.0,0.0,0.08,13.97852886571256,1336.2977416998806,1350.2762705655932,1350.2762705655932,0.0,0.0,8.340507581573856,2,0
proxy_hardened_no_worst_hours_high_margin,proxy_hardened_no_worst_hours_high_margin-000501,2025-02-14 10:45:00,2025-02-14 11:45:00,XAUUSD,15m,BUY,LONDON,2935.685,2931.113645090045,2944.82770981991,V50 realtime loss proxy | variant=proxy_hardened_no_worst_hours | Side=BUY | score=96.0 | opposite_score=4.0 | session=LONDON | RR=2.00,V50 realtime loss proxy,96.0,4.0,96.0,2.0,0.01,-4.571354909955062,-4.571354909955062,0.08,0.0,0.0,0.08,-4.651354909955062,1350.2762705655932,1345.6249156556382,1350.2762705655932,4.651354909954989,0.34447431324603417,-4.651354909955062,1,1
proxy_hardened_no_worst_hours_high_margin,proxy_hardened_no_worst_hours_high_margin-000502,2025-02-18 10:00:00,2025-02-18 10:45:00,XAUUSD,15m,BUY,LONDON,2911.455,2907.3905681821157,2919.5838636357685,V50 realtime loss proxy | variant=proxy_hardened_no_worst_hours | Side=BUY | score=90.0 | opposite_score=4.0 | session=LONDON | RR=2.00,V50 realtime loss proxy,90.0,4.0,90.0,2.0,0.01,-4.0644318178842695,-4.0644318178842695,0.08,0.0,0.0,0.08,-4.14443181788427,1345.6249156556382,1341.480483837754,1350.2762705655932,8.795786727839186,0.6514064506336081,-4.14443181788427,1,1
proxy_hardened_no_worst_hours_high_margin,proxy_hardened_no_worst_hours_high_margin-000503,2025-02-18 13:00:00,2025-02-18 14:30:00,XAUUSD,15m,BUY,LONDON,2914.395,2909.991692162273,2923.201615675454,V50 realtime loss proxy | variant=proxy_hardened_no_worst_hours | Side=BUY | score=90.0 | opposite_score=4.0 | session=LONDON | RR=2.00,V50 realtime loss proxy,90.0,4.0,90.0,2.0,0.01,8.80661567545394,8.80661567545394,0.08,0.0,0.0,0.08,8.72661567545394,1341.480483837754,1350.207099513208,1350.2762705655932,0.06917105238517252,0.0051227333171010025,4.582183857569671,2,0
proxy_hardened_no_worst_hours_high_margin,proxy_hardened_no_worst_hours_high_margin-000504,2025-02-19 13:00:00,2025-02-19 13:45:00,XAUUSD,15m,BUY,LONDON,2939.955,2934.2843860249977,2951.296227950005,V50 realtime loss proxy | variant=proxy_hardened_no_worst_hours | Side=BUY | score=96.0 | opposite_score=4.0 | session=LONDON | RR=2.00,V50 realtime loss proxy,96.0,4.0,96.0,2.0000000000000804,0.01,-5.6706139750021975,-5.6706139750021975,0.08,0.0,0.0,0.08,-5.750613975002198,1350.207099513208,1344.456485538206,1350.2762705655932,5.819785027387297,0.4310069838485387,-5.750613975002198,1,1
proxy_hardened_no_worst_hours_high_margin,proxy_hardened_no_worst_hours_high_margin-000505,2025-02-19 14:00:00,2025-02-19 14:15:00,XAUUSD,15m,BUY,LONDON,2938.955,2932.7115506367127,2951.4418987265744,V50 realtime loss proxy | variant=proxy_hardened_no_worst_hours | Side=BUY | score=78.0 | opposite_score=8.0 | session=LONDON | RR=2.00,V50 realtime loss proxy,78.0,8.0,78.0,2.0,0.01,-6.2434493632872545,-6.2434493632872545,0.08,0.0,0.0,0.08,-6.323449363287255,1344.456485538206,1338.1330361749187,1350.2762705655932,12.143234390674479,0.899314803598527,-12.074063338289452,2,2
proxy_hardened_no_worst_hours_high_margin,proxy_hardened_no_worst_hours_high_margin-000506,2025-02-26 15:00:00,2025-02-26 15:45:00,XAUUSD,15m,SELL,LONDON,2905.225,2912.9357014350153,2889.8035971299687,V50 realtime loss proxy | variant=proxy_hardened_no_worst_hours | Side=SELL | score=85.0 | opposite_score=4.0 | session=LONDON | RR=2.00,V50 realtime loss proxy,4.0,85.0,85.0,2.000000000000059,0.01,-7.71070143501538,-7.71070143501538,0.08,0.0,0.0,0.08,-7.7907014350153805,1338.1330361749187,1330.3423347399034,1350.2762705655932,19.933935825689787,1.4762857246495202,-7.7907014350153805,1,1
proxy_hardened_no_worst_hours_high_margin,proxy_hardened_no_worst_hours_high_margin-000507,2025-02-27 10:15:00,2025-02-27 14:45:00,XAUUSD,15m,SELL,LONDON,2890.965,2898.6259168512474,2875.643166297505,V50 realtime loss proxy | variant=proxy_hardened_no_worst_hours | Side=SELL | score=85.0 | opposite_score=4.0 | session=LONDON | RR=2.00,V50 realtime loss proxy,4.0,85.0,85.0,2.0000000000000595,0.01,15.321833702495042,15.321833702495042,0.08,0.0,0.0,0.08,15.241833702495041,1330.3423347399034,1345.5841684423985,1350.2762705655932,4.6921021231946725,0.3474920077821764,15.241833702495041,1,0
proxy_hardened_no_worst_hours_high_margin,proxy_hardened_no_worst_hours_high_margin-000508,2025-02-28 15:45:00,2025-02-28 21:45:00,XAUUSD,15m,SELL,LONDON,2849.915,2858.771796901677,2832.2014061966456,V50 realtime loss proxy | variant=proxy_hardened_no_worst_hours | Side=SELL | score=85.0 | opposite_score=4.0 | session=LONDON | RR=2.00,V50 realtime loss proxy,4.0,85.0,85.0,2.0,0.01,-8.856796901677171,-8.856796901677171,0.08,0.0,0.0,0.08,-8.936796901677171,1345.5841684423985,1336.6473715407215,1350.2762705655932,13.628899024871771,1.009341519359072,-8.936796901677171,1,1
proxy_hardened_no_worst_hours_high_margin,proxy_hardened_no_worst_hours_high_margin-000509,2025-03-04 18:00:00,2025-03-05 01:00:00,XAUUSD,15m,BUY,NEW YORK,2913.585,2906.398204739893,2927.958590520214,V50 realtime loss proxy | variant=proxy_hardened_no_worst_hours | Side=BUY | score=78.0 | opposite_score=8.0 | session=NEW YORK | RR=2.00,V50 realtime loss proxy,78.0,8.0,78.0,2.0,0.01,-7.186795260106919,-7.186795260106919,0.08,0.0,0.0,0.08,-7.266795260106919,1336.6473715407215,1329.3805762806146,1350.2762705655932,20.895694284978617,1.5475125158073015,-7.266795260106919,1,1
proxy_hardened_no_worst_hours_high_margin,proxy_hardened_no_worst_hours_high_margin-000510,2025-03-06 18:45:00,2025-03-06 20:45:00,XAUUSD,15m,BUY,NEW YORK,2915.925,2909.067792039746,2929.639415920509,V50 realtime loss proxy | variant=proxy_hardened_no_worst_hours | Side=BUY | score=94.0 | opposite_score=8.0 | session=NEW YORK | RR=2.00,V50 realtime loss proxy,94.0,8.0,94.0,2.000000000000066,0.01,-6.8572079602540725,-6.8572079602540725,0.08,0.0,0.0,0.08,-6.937207960254073,1329.3805762806146,1322.4433683203606,1350.2762705655932,27.832902245232617,2.061274633344048,-6.937207960254073,1,1
proxy_hardened_no_worst_hours_high_margin,proxy_hardened_no_worst_hours_high_margin-000511,2025-03-07 14:45:00,2025-03-07 15:30:00,XAUUSD,15m,BUY,LONDON,2926.498,2918.014193799939,2943.4656124001217,V50 realtime loss proxy | variant=proxy_hardened_no_worst_hours | Side=BUY | score=80.0 | opposite_score=8.0 | session=LONDON | RR=2.00,V50 realtime loss proxy,80.0,8.0,80.0,2.0,0.01,-8.483806200060826,-8.483806200060826,0.08,0.0,0.0,0.08,-8.563806200060826,1322.4433683203606,1313.8795621202999,1350.2762705655932,36.39670844529337,2.695500857024452,-8.563806200060826,1,1
proxy_hardened_no_worst_hours_high_margin,proxy_hardened_no_worst_hours_high_margin-000512,2025-03-10 13:15:00,2025-03-10 14:00:00,XAUUSD,15m,SELL,LONDON,2901.355,2908.487551726699,2887.0898965466017,V50 realtime loss proxy | variant=proxy_hardened_no_worst_hours | Side=SELL | score=85.0 | opposite_score=26.0 | session=LONDON | RR=2.00,V50 realtime loss proxy,26.0,85.0,85.0,2.0,0.01,-7.132551726699148,-7.132551726699148,0.08,0.0,0.0,0.08,-7.212551726699148,1313.8795621202999,1306.6670103936008,1350.2762705655932,43.609260171992446,3.229654636063903,-7.212551726699148,1,1
proxy_hardened_no_worst_hours_high_margin,proxy_hardened_no_worst_hours_high_margin-000513,2025-03-10 14:15:00,2025-03-10 17:30:00,XAUUSD,15m,SELL,LONDON,2903.648,2911.32775353671,2888.28849292658,V50 realtime loss proxy | variant=proxy_hardened_no_worst_hours | Side=SELL | score=83.0 | opposite_score=30.0 | session=LONDON | RR=2.00,V50 realtime loss proxy,30.0,83.0,83.0,2.0,0.01,15.35950707341999,15.35950707341999,0.08,0.0,0.0,0.08,15.27950707341999,1306.6670103936008,1321.9465174670208,1350.2762705655932,28.329753098572382,2.098070870097261,8.066955346720842,2,0
proxy_hardened_no_worst_hours_high_margin,proxy_hardened_no_worst_hours_high_margin-000514,2025-03-11 14:45:00,2025-03-12 13:15:00,XAUUSD,15m,BUY,LONDON,2913.725,2907.4229245908646,2926.329150818271,V50 realtime loss proxy | variant=proxy_hardened_no_worst_hours | Side=BUY | score=100.0 | opposite_score=8.0 | session=LONDON | RR=2.00,V50 realtime loss proxy,100.0,8.0,100.0,2.000000000000072,0.01,-6.302075409135341,-6.302075409135341,0.08,0.0,0.0,0.08,-6.382075409135341,1321.9465174670208,1315.5644420578856,1350.2762705655932,34.71182850770765,2.57072047138678,-6.382075409135341,1,1
proxy_hardened_no_worst_hours_high_margin,proxy_hardened_no_worst_hours_high_margin-000515,2025-03-13 10:15:00,2025-03-13 13:00:00,XAUUSD,15m,BUY,LONDON,2943.745,2939.2582633237116,2952.718473352577,V50 realtime loss proxy | variant=proxy_hardened_no_worst_hours | Side=BUY | score=96.0 | opposite_score=4.0 | session=LONDON | RR=2.00,V50 realtime loss proxy,96.0,4.0,96.0,2.0000000000001013,0.01,-4.486736676288274,-4.486736676288274,0.08,0.0,0.0,0.08,-4.566736676288274,1315.5644420578856,1310.9977053815974,1350.2762705655932,39.27856518399585,2.908928049779261,-4.566736676288274,1,1
proxy_hardened_no_worst_hours_high_margin,proxy_hardened_no_worst_hours_high_margin-000516,2025-03-16 22:00:00,2025-03-17 04:15:00,XAUUSD,15m,BUY,NEW YORK,2989.759,2984.1460493170557,3000.9849013658886,V50 realtime loss proxy | variant=proxy_hardened_no_worst_hours | Side=BUY | score=79.0 | opposite_score=8.0 | session=NEW YORK | RR=2.00,V50 realtime loss proxy,79.0,8.0,79.0,2.0,0.01,-5.612950682944302,-5.612950682944302,0.08,0.0,0.0,0.08,-5.692950682944302,1310.9977053815974,1305.3047546986531,1350.2762705655932,44.97151586694008,3.3305418192754557,-5.692950682944302,1,1
proxy_hardened_no_worst_hours_high_margin,proxy_hardened_no_worst_hours_high_margin-000517,2025-03-17 14:15:00,2025-03-18 02:45:00,XAUUSD,15m,BUY,LONDON,2997.715,2991.331538216511,3010.4819235669784,V50 realtime loss proxy | variant=proxy_hardened_no_worst_hours | Side=BUY | score=80.0 | opposite_score=8.0 | session=LONDON | RR=2.00,V50 realtime loss proxy,80.0,8.0,80.0,2.0,0.01,12.766923566978221,12.766923566978221,0.08,0.0,0.0,0.08,12.686923566978221,1305.3047546986531,1317.9916782656314,1350.2762705655932,32.28459229996179,2.39096198339016,12.686923566978221,1,0
proxy_hardened_no_worst_hours_high_margin,proxy_hardened_no_worst_hours_high_margin-000518,2025-03-18 14:15:00,2025-03-19 05:45:00,XAUUSD,15m,BUY,LONDON,3028.948,3021.30529894218,3044.23340211564,V50 realtime loss proxy | variant=proxy_hardened_no_worst_hours | Side=BUY | score=100.0 | opposite_score=8.0 | session=LONDON | RR=2.00,V50 realtime loss proxy,100.0,8.0,100.0,2.0,0.01,15.285402115639954,15.285402115639954,0.08,0.0,0.0,0.08,15.205402115639954,1317.9916782656314,1333.1970803812715,1350.2762705655932,17.07919018432176,1.2648663504371414,15.205402115639954,1,0
proxy_hardened_no_worst_hours_high_margin,proxy_hardened_no_worst_hours_high_margin-000519,2025-03-19 19:15:00,2025-03-20 04:30:00,XAUUSD,15m,BUY,NEW YORK,3041.948,3034.3932734183363,3057.057453163327,V50 realtime loss proxy | variant=proxy_hardened_no_worst_hours | Side=BUY | score=100.0 | opposite_score=8.0 | session=NEW YORK | RR=2.00,V50 realtime loss proxy,100.0,8.0,100.0,2.0,0.01,15.109453163327089,15.109453163327089,0.08,0.0,0.0,0.08,15.029453163327089,1333.1970803812715,1348.2265335445986,1350.2762705655932,2.0497370209945984,0.1518013065678789,15.029453163327089,1,0
proxy_hardened_no_worst_hours_high_margin,proxy_hardened_no_worst_hours_high_margin-000520,2025-03-27 15:45:00,2025-03-28 01:30:00,XAUUSD,15m,BUY,LONDON,3051.878,3043.616385818655,3068.4012283626907,V50 realtime loss proxy | variant=proxy_hardened_no_worst_hours | Side=BUY | score=96.0 | opposite_score=4.0 | session=LONDON | RR=2.00,V50 realtime loss proxy,96.0,4.0,96.0,2.000000000000055,0.01,16.52322836269059,16.52322836269059,0.08,0.0,0.0,0.08,16.44322836269059,1348.2265335445986,1364.6697619072893,1364.6697619072893,0.0,0.0,16.44322836269059,1,0
proxy_hardened_no_worst_hours_high_margin,proxy_hardened_no_worst_hours_high_margin-000521,2025-03-31 14:30:00,2025-04-01 02:00:00,XAUUSD,15m,BUY,LONDON,3119.315,3109.1623066494053,3139.62038670119,V50 realtime loss proxy | variant=proxy_hardened_no_worst_hours | Side=BUY | score=78.0 | opposite_score=8.0 | session=LONDON | RR=2.00,V50 realtime loss proxy,78.0,8.0,78.0,2.000000000000045,0.01,20.305386701189946,20.305386701189946,0.08,0.0,0.0,0.08,20.225386701189947,1364.6697619072893,1384.8951486084793,1384.8951486084793,0.0,0.0,20.225386701189947,1,0
proxy_hardened_no_worst_hours_high_margin,proxy_hardened_no_worst_hours_high_margin-000522,2025-04-07 13:45:00,2025-04-07 14:00:00,XAUUSD,15m,SELL,LONDON,3015.195,3031.882499087117,2981.8200018257658,V50 realtime loss proxy | variant=proxy_hardened_no_worst_hours | Side=SELL | score=79.0 | opposite_score=4.0 | session=LONDON | RR=2.00,V50 realtime loss proxy,4.0,79.0,79.0,2.000000000000027,0.01,-16.687499087116976,-16.687499087116976,0.08,0.0,0.0,0.08,-16.767499087116974,1384.8951486084793,1368.1276495213624,1384.8951486084793,16.767499087116903,1.2107414127318317,-16.767499087116974,1,1
proxy_hardened_no_worst_hours_high_margin,proxy_hardened_no_worst_hours_high_margin-000523,2025-04-07 14:30:00,2025-04-07 17:00:00,XAUUSD,15m,SELL,LONDON,3002.425,3022.9173689848385,2961.4402620303235,V50 realtime loss proxy | variant=proxy_hardened_no_worst_hours | Side=SELL | score=83.0 | opposite_score=8.0 | session=LONDON | RR=2.00,V50 realtime loss proxy,8.0,83.0,83.0,2.0,0.01,40.984737969676644,40.984737969676644,0.08,0.0,0.0,0.08,40.904737969676646,1368.1276495213624,1409.0323874910391,1409.0323874910391,0.0,0.0,24.13723888255967,2,0
proxy_hardened_no_worst_hours_high_margin,proxy_hardened_no_worst_hours_high_margin-000524,2025-04-09 13:00:00,2025-04-09 15:15:00,XAUUSD,15m,BUY,LONDON,3056.735,3042.1157143271353,3085.9735713457303,V50 realtime loss proxy | variant=proxy_hardened_no_worst_hours | Side=BUY | score=85.0 | opposite_score=4.0 | session=LONDON | RR=2.00,V50 realtime loss proxy,85.0,4.0,85.0,2.000000000000031,0.01,29.23857134573018,29.23857134573018,0.08,0.0,0.0,0.08,29.15857134573018,1409.0323874910391,1438.1909588367694,1438.1909588367694,0.0,0.0,29.15857134573018,1,0
proxy_hardened_no_worst_hours_high_margin,proxy_hardened_no_worst_hours_high_margin-000525,2025-04-10 10:00:00,2025-04-10 14:00:00,XAUUSD,15m,BUY,LONDON,3118.245,3107.2384021491193,3140.258195701761,V50 realtime loss proxy | variant=proxy_hardened_no_worst_hours | Side=BUY | score=96.0 | opposite_score=4.0 | session=LONDON | RR=2.00,V50 realtime loss proxy,96.0,4.0,96.0,2.0,0.01,22.013195701761106,22.013195701761106,0.08,0.0,0.0,0.08,21.933195701761107,1438.1909588367694,1460.1241545385305,1460.1241545385305,0.0,0.0,21.933195701761107,1,0
proxy_hardened_no_worst_hours_high_margin,proxy_hardened_no_worst_hours_high_margin-000526,2025-04-11 14:15:00,2025-04-13 22:00:00,XAUUSD,15m,BUY,LONDON,3227.835,3211.7822324264894,3259.9405351470214,V50 realtime loss proxy | variant=proxy_hardened_no_worst_hours | Side=BUY | score=100.0 | opposite_score=8.0 | session=LONDON | RR=2.00,V50 realtime loss proxy,100.0,8.0,100.0,2.0,0.01,-16.052767573510664,-16.052767573510664,0.08,0.0,0.0,0.08,-16.132767573510662,1460.1241545385305,1443.99138696502,1460.1241545385305,16.13276757351059,1.1048901234436,-16.132767573510662,1,1
proxy_hardened_no_worst_hours_high_margin,proxy_hardened_no_worst_hours_high_margin-000527,2025-04-22 10:00:00,2025-04-22 11:00:00,XAUUSD,15m,BUY,LONDON,3465.345,3450.1812450971506,3495.6725098056986,V50 realtime loss proxy | variant=proxy_hardened_no_worst_hours | Side=BUY | score=86.0 | opposite_score=4.0 | session=LONDON | RR=2.00,V50 realtime loss proxy,86.0,4.0,86.0,2.00000000000003,0.01,-15.163754902849178,-15.163754902849178,0.08,0.0,0.0,0.08,-15.243754902849178,1443.99138696502,1428.7476320621709,1460.1241545385305,31.376522476359696,2.148894145667783,-15.243754902849178,1,1
proxy_hardened_no_worst_hours_high_margin,proxy_hardened_no_worst_hours_high_margin-000528,2025-04-25 10:15:00,2025-04-25 13:00:00,XAUUSD,15m,SELL,LONDON,3304.645,3316.4725944383003,3280.9898111233992,V50 realtime loss proxy | variant=proxy_hardened_no_worst_hours | Side=SELL | score=85.0 | opposite_score=26.0 | session=LONDON | RR=2.00,V50 realtime loss proxy,26.0,85.0,85.0,2.0,0.01,23.655188876600732,23.655188876600732,0.08,0.0,0.0,0.08,23.575188876600734,1428.7476320621709,1452.3228209387717,1460.1241545385305,7.801333599758891,0.5342924829720721,23.575188876600734,1,0
proxy_hardened_no_worst_hours_high_margin,proxy_hardened_no_worst_hours_high_margin-000529,2025-04-28 10:00:00,2025-04-28 10:30:00,XAUUSD,15m,SELL,LONDON,3278.365,3288.290872031937,3258.513255936125,V50 realtime loss proxy | variant=proxy_hardened_no_worst_hours | Side=SELL | score=85.0 | opposite_score=11.0 | session=LONDON | RR=2.00,V50 realtime loss proxy,11.0,85.0,85.0,2.0000000000000457,0.01,-9.92587203193716,-9.92587203193716,0.08,0.0,0.0,0.08,-10.00587203193716,1452.3228209387717,1442.3169489068346,1460.1241545385305,17.80720563169598,1.2195679097798304,-10.00587203193716,1,1
proxy_hardened_no_worst_hours_high_margin,proxy_hardened_no_worst_hours_high_margin-000530,2025-05-01 14:15:00,2025-05-01 20:15:00,XAUUSD,15m,SELL,LONDON,3222.635,3235.966816497676,3195.9713670046485,V50 realtime loss proxy | variant=proxy_hardened_no_worst_hours | Side=SELL | score=79.0 | opposite_score=8.0 | session=LONDON | RR=2.00,V50 realtime loss proxy,8.0,79.0,79.0,2.0,0.01,-13.331816497675845,-13.331816497675845,0.08,0.0,0.0,0.08,-13.411816497675845,1442.3169489068346,1428.9051324091588,1460.1241545385305,31.21902212937175,2.1381073679476565,-13.411816497675845,1,1
proxy_hardened_no_worst_hours_high_margin,proxy_hardened_no_worst_hours_high_margin-000531,2025-05-06 14:45:00,2025-05-06 16:45:00,XAUUSD,15m,BUY,LONDON,3386.005,3374.7199406717655,3408.5751186564694,V50 realtime loss proxy | variant=proxy_hardened_no_worst_hours | Side=BUY | score=78.0 | opposite_score=8.0 | session=LONDON | RR=2.00,V50 realtime loss proxy,78.0,8.0,78.0,2.0,0.01,22.570118656469276,22.570118656469276,0.08,0.0,0.0,0.08,22.490118656469278,1428.9051324091588,1451.3952510656281,1460.1241545385305,8.728903472902402,0.5978192639146604,22.490118656469278,1,0
proxy_hardened_no_worst_hours_high_margin,proxy_hardened_no_worst_hours_high_margin-000532,2025-05-09 18:00:00,2025-05-09 19:15:00,XAUUSD,15m,BUY,NEW YORK,3338.745,3329.683258760649,3356.868482478702,V50 realtime loss proxy | variant=proxy_hardened_no_worst_hours | Side=BUY | score=80.0 | opposite_score=8.0 | session=NEW YORK | RR=2.00,V50 realtime loss proxy,80.0,8.0,80.0,2.00000000000005,0.01,-9.061741239350795,-9.061741239350795,0.08,0.0,0.0,0.08,-9.141741239350795,1451.3952510656281,1442.2535098262774,1460.1241545385305,17.870644712253124,1.223912682815737,-9.141741239350795,1,1
proxy_hardened_no_worst_hours_high_margin,proxy_hardened_no_worst_hours_high_margin-000533,2025-05-13 14:15:00,2025-05-13 15:30:00,XAUUSD,15m,SELL,LONDON,3240.305,3251.5599091582303,3217.795181683539,V50 realtime loss proxy | variant=proxy_hardened_no_worst_hours | Side=SELL | score=89.0 | opposite_score=8.0 | session=LONDON | RR=2.00,V50 realtime loss proxy,8.0,89.0,89.0,2.0,0.01,-11.254909158230475,-11.254909158230475,0.08,0.0,0.0,0.08,-11.334909158230476,1442.2535098262774,1430.918600668047,1460.1241545385305,29.205553870483527,2.000210309493434,-11.334909158230476,1,1
proxy_hardened_no_worst_hours_high_margin,proxy_hardened_no_worst_hours_high_margin-000534,2025-05-16 13:30:00,2025-05-16 20:00:00,XAUUSD,15m,SELL,LONDON,3185.355,3200.4903599620743,3155.084280075851,V50 realtime loss proxy | variant=proxy_hardened_no_worst_hours | Side=SELL | score=85.0 | opposite_score=4.0 | session=LONDON | RR=2.00,V50 realtime loss proxy,4.0,85.0,85.0,2.00000000000003,0.01,-15.13535996207429,-15.13535996207429,0.08,0.0,0.0,0.08,-15.21535996207429,1430.918600668047,1415.7032407059728,1460.1241545385305,44.420913832557744,3.0422696381320318,-15.21535996207429,1,1
proxy_hardened_no_worst_hours_high_margin,proxy_hardened_no_worst_hours_high_margin-000535,2025-05-21 10:00:00,2025-05-21 12:15:00,XAUUSD,15m,BUY,LONDON,3311.125,3302.7233398362287,3327.9283203275427,V50 realtime loss proxy | variant=proxy_hardened_no_worst_hours | Side=BUY | score=96.0 | opposite_score=4.0 | session=LONDON | RR=2.00,V50 realtime loss proxy,96.0,4.0,96.0,2.0,0.01,-8.40166016377134,-8.40166016377134,0.08,0.0,0.0,0.08,-8.48166016377134,1415.7032407059728,1407.2215805422015,1460.1241545385305,52.90257399632901,3.6231558687588983,-8.48166016377134,1,1
proxy_hardened_no_worst_hours_high_margin,proxy_hardened_no_worst_hours_high_margin-000536,2025-05-21 14:15:00,2025-05-22 01:00:00,XAUUSD,15m,BUY,LONDON,3306.045,3294.81140834043,3328.5121833191406,V50 realtime loss proxy | variant=proxy_hardened_no_worst_hours | Side=BUY | score=78.0 | opposite_score=8.0 | session=LONDON | RR=2.00,V50 realtime loss proxy,78.0,8.0,78.0,2.0,0.01,22.46718331914053,22.46718331914053,0.08,0.0,0.0,0.08,22.387183319140533,1407.2215805422015,1429.6087638613421,1460.1241545385305,30.515390677188407,2.0899175308029023,13.905523155369194,2,0
proxy_hardened_no_worst_hours_high_margin,proxy_hardened_no_worst_hours_high_margin-000537,2025-05-23 14:00:00,2025-05-26 09:15:00,XAUUSD,15m,BUY,LONDON,3343.755,3330.299397197434,3370.6662056051327,V50 realtime loss proxy | variant=proxy_hardened_no_worst_hours | Side=BUY | score=100.0 | opposite_score=8.0 | session=LONDON | RR=2.00,V50 realtime loss proxy,100.0,8.0,100.0,2.0,0.01,-13.455602802566318,-13.455602802566318,0.08,0.0,0.0,0.08,-13.535602802566318,1429.6087638613421,1416.073161058776,1460.1241545385305,44.05099347975465,3.0169347820752193,-13.535602802566318,1,1
proxy_hardened_no_worst_hours_high_margin,proxy_hardened_no_worst_hours_high_margin-000538,2025-05-26 18:00:00,2025-05-27 00:15:00,XAUUSD,15m,BUY,NEW YORK,3341.148,3336.918592359304,3349.6068152813923,V50 realtime loss proxy | variant=proxy_hardened_no_worst_hours | Side=BUY | score=80.0 | opposite_score=8.0 | session=NEW YORK | RR=2.00,V50 realtime loss proxy,80.0,8.0,80.0,2.0,0.01,8.458815281392162,8.458815281392162,0.08,0.0,0.0,0.08,8.378815281392162,1416.073161058776,1424.4519763401681,1460.1241545385305,35.67217819836242,2.4430921225076605,8.378815281392162,1,0
proxy_hardened_no_worst_hours_high_margin,proxy_hardened_no_worst_hours_high_margin-000539,2025-05-27 13:15:00,2025-05-27 19:00:00,XAUUSD,15m,SELL,LONDON,3296.198,3305.149894293224,3278.2942114135517,V50 realtime loss proxy | variant=proxy_hardened_no_worst_hours | Side=SELL | score=85.0 | opposite_score=26.0 | session=LONDON | RR=2.00,V50 realtime loss proxy,26.0,85.0,85.0,2.0,0.01,-8.951894293224086,-8.951894293224086,0.08,0.0,0.0,0.08,-9.031894293224086,1424.4519763401681,1415.4200820469441,1460.1241545385305,44.70407249158643,3.0616624177219416,-9.031894293224086,1,1
proxy_hardened_no_worst_hours_high_margin,proxy_hardened_no_worst_hours_high_margin-000540,2025-05-30 14:45:00,2025-05-30 16:45:00,XAUUSD,15m,SELL,LONDON,3282.498,3295.008708224194,3257.4765835516123,V50 realtime loss proxy | variant=proxy_hardened_no_worst_hours | Side=SELL | score=78.0 | opposite_score=19.0 | session=LONDON | RR=2.00,V50 realtime loss proxy,19.0,78.0,78.0,2.0,0.01,-12.510708224193877,-12.510708224193877,0.08,0.0,0.0,0.08,-12.590708224193877,1415.4200820469441,1402.8293738227503,1460.1241545385305,57.294780715780234,3.923966365304609,-12.590708224193877,1,1
proxy_hardened_no_worst_hours_high_margin,proxy_hardened_no_worst_hours_high_margin-000541,2025-06-02 13:30:00,2025-06-02 22:00:00,XAUUSD,15m,BUY,LONDON,3366.108,3356.8229396025763,3384.6781207948484,V50 realtime loss proxy | variant=proxy_hardened_no_worst_hours | Side=BUY | score=100.0 | opposite_score=4.0 | session=LONDON | RR=2.00,V50 realtime loss proxy,100.0,4.0,100.0,2.000000000000049,0.01,18.570120794848208,18.570120794848208,0.08,0.0,0.0,0.08,18.49012079484821,1402.8293738227503,1421.3194946175986,1460.1241545385305,38.804659920931954,2.6576274216349836,18.49012079484821,1,0
proxy_hardened_no_worst_hours_high_margin,proxy_hardened_no_worst_hours_high_margin-000542,2025-06-04 19:00:00,2025-06-05 04:15:00,XAUUSD,15m,BUY,NEW YORK,3374.048,3367.260233543853,3387.6235329122937,V50 realtime loss proxy | variant=proxy_hardened_no_worst_hours | Side=BUY | score=94.0 | opposite_score=8.0 | session=NEW YORK | RR=2.00,V50 realtime loss proxy,94.0,8.0,94.0,2.0,0.01,-6.787766456146983,-6.787766456146983,0.08,0.0,0.0,0.08,-6.867766456146983,1421.3194946175986,1414.4517281614517,1460.1241545385305,45.672426377078864,3.1279823866425622,-6.867766456146983,1,1
proxy_hardened_no_worst_hours_high_margin,proxy_hardened_no_worst_hours_high_margin-000543,2025-06-10 14:00:00,2025-06-10 14:45:00,XAUUSD,15m,BUY,LONDON,3335.965,3327.7904201703313,3352.3141596593377,V50 realtime loss proxy | variant=proxy_hardened_no_worst_hours | Side=BUY | score=78.0 | opposite_score=19.0 | session=LONDON | RR=2.00,V50 realtime loss proxy,78.0,19.0,78.0,2.0,0.01,-8.1745798296688,-8.1745798296688,0.08,0.0,0.0,0.08,-8.2545798296688,1414.4517281614517,1406.197148331783,1460.1241545385305,53.92700620674759,3.6933164922397386,-8.2545798296688,1,1
proxy_hardened_no_worst_hours_high_margin,proxy_hardened_no_worst_hours_high_margin-000544,2025-06-11 14:30:00,2025-06-11 15:45:00,XAUUSD,15m,BUY,LONDON,3340.498,3329.5312896913697,3362.4314206172608,V50 realtime loss proxy | variant=proxy_hardened_no_worst_hours | Side=BUY | score=80.0 | opposite_score=8.0 | session=LONDON | RR=2.00,V50 realtime loss proxy,80.0,8.0,80.0,2.0,0.01,-10.966710308630354,-10.966710308630354,0.08,0.0,0.0,0.08,-11.046710308630354,1406.197148331783,1395.1504380231527,1460.1241545385305,64.97371651537787,4.44987615014921,-11.046710308630354,1,1
proxy_hardened_no_worst_hours_high_margin,proxy_hardened_no_worst_hours_high_margin-000545,2025-06-12 14:30:00,2025-06-13 00:00:00,XAUUSD,15m,BUY,LONDON,3387.765,3375.825596694073,3411.643806611854,V50 realtime loss proxy | variant=proxy_hardened_no_worst_hours | Side=BUY | score=100.0 | opposite_score=8.0 | session=LONDON | RR=2.00,V50 realtime loss proxy,100.0,8.0,100.0,2.0,0.01,23.87880661185409,23.87880661185409,0.08,0.0,0.0,0.08,23.79880661185409,1395.1504380231527,1418.9492446350068,1460.1241545385305,41.17490990352371,2.8199595065624377,23.79880661185409,1,0
proxy_hardened_no_worst_hours_high_margin,proxy_hardened_no_worst_hours_high_margin-000546,2025-06-13 14:00:00,2025-06-15 22:00:00,XAUUSD,15m,BUY,LONDON,3429.248,3418.891353124257,3449.961293751486,V50 realtime loss proxy | variant=proxy_hardened_no_worst_hours | Side=BUY | score=100.0 | opposite_score=8.0 | session=LONDON | RR=2.00,V50 realtime loss proxy,100.0,8.0,100.0,2.0,0.01,20.713293751486162,20.713293751486162,0.08,0.0,0.0,0.08,20.633293751486164,1418.9492446350068,1439.582538386493,1460.1241545385305,20.541616152037477,1.4068403764287851,20.633293751486164,1,0
proxy_hardened_no_worst_hours_high_margin,proxy_hardened_no_worst_hours_high_margin-000547,2025-06-19 15:00:00,2025-06-19 17:15:00,XAUUSD,15m,SELL,LONDON,3366.365,3373.982442951719,3351.1301140965616,V50 realtime loss proxy | variant=proxy_hardened_no_worst_hours | Side=SELL | score=79.0 | opposite_score=4.0 | session=LONDON | RR=2.00,V50 realtime loss proxy,4.0,79.0,79.0,2.0,0.01,-7.617442951719113,-7.617442951719113,0.08,0.0,0.0,0.08,-7.697442951719113,1439.582538386493,1431.885095434774,1460.1241545385305,28.239059103756517,1.9340176666470816,-7.697442951719113,1,1
proxy_hardened_no_worst_hours_high_margin,proxy_hardened_no_worst_hours_high_margin-000548,2025-06-24 15:15:00,2025-06-24 19:30:00,XAUUSD,15m,SELL,LONDON,3312.055,3323.261919251242,3289.641161497515,V50 realtime loss proxy | variant=proxy_hardened_no_worst_hours | Side=SELL | score=85.0 | opposite_score=4.0 | session=LONDON | RR=2.00,V50 realtime loss proxy,4.0,85.0,85.0,2.0000000000000404,0.01,-11.206919251242198,-11.206919251242198,0.08,0.0,0.0,0.08,-11.286919251242198,1431.885095434774,1420.598176183532,1460.1241545385305,39.52597835499864,2.7070285928863873,-11.286919251242198,1,1
proxy_hardened_no_worst_hours_high_margin,proxy_hardened_no_worst_hours_high_margin-000549,2025-06-25 14:00:00,2025-06-25 15:45:00,XAUUSD,15m,SELL,LONDON,3319.705,3326.9670908531243,3305.180818293751,V50 realtime loss proxy | variant=proxy_hardened_no_worst_hours | Side=SELL | score=83.0 | opposite_score=8.0 | session=LONDON | RR=2.00,V50 realtime loss proxy,8.0,83.0,83.0,2.0,0.01,-7.262090853124391,-7.262090853124391,0.08,0.0,0.0,0.08,-7.342090853124391,1420.598176183532,1413.2560853304076,1460.1241545385305,46.86806920812296,3.2098687678333437,-7.342090853124391,1,1
proxy_hardened_no_worst_hours_high_margin,proxy_hardened_no_worst_hours_high_margin-000550,2025-06-26 15:00:00,2025-06-26 16:45:00,XAUUSD,15m,SELL,LONDON,3322.998,3332.761655282811,3303.4706894343785,V50 realtime loss proxy | variant=proxy_hardened_no_worst_hours | Side=SELL | score=85.0 | opposite_score=4.0 | session=LONDON | RR=2.00,V50 realtime loss proxy,4.0,85.0,85.0,2.0,0.01,-9.76365528281076,-9.76365528281076,0.08,0.0,0.0,0.08,-9.84365528281076,1413.2560853304076,1403.412430047597,1460.1241545385305,56.71172449093365,3.884034403146853,-9.84365528281076,1,1
proxy_hardened_no_worst_hours_high_margin,proxy_hardened_no_worst_hours_high_margin-000551,2025-06-27 10:15:00,2025-06-27 12:30:00,XAUUSD,15m,SELL,LONDON,3287.215,3295.182663652022,3271.279672695957,V50 realtime loss proxy | variant=proxy_hardened_no_worst_hours | Side=SELL | score=85.0 | opposite_score=4.0 | session=LONDON | RR=2.00,V50 realtime loss proxy,4.0,85.0,85.0,2.0,0.01,15.935327304043312,15.935327304043312,0.08,0.0,0.0,0.08,15.855327304043312,1403.412430047597,1419.2677573516403,1460.1241545385305,40.85639718689026,2.798145422079046,15.855327304043312,1,0
proxy_hardened_no_worst_hours_high_margin,proxy_hardened_no_worst_hours_high_margin-000552,2025-06-27 14:00:00,2025-06-27 17:45:00,XAUUSD,15m,SELL,LONDON,3270.295,3280.8378530739415,3249.209293852117,V50 realtime loss proxy | variant=proxy_hardened_no_worst_hours | Side=SELL | score=89.0 | opposite_score=8.0 | session=LONDON | RR=2.00,V50 realtime loss proxy,8.0,89.0,89.0,2.000000000000043,0.01,-10.542853073941387,-10.542853073941387,0.08,0.0,0.0,0.08,-10.622853073941387,1419.2677573516403,1408.644904277699,1460.1241545385305,51.47925026083158,3.5256762310806025,5.232474230101925,2,1
proxy_hardened_no_worst_hours_high_margin,proxy_hardened_no_worst_hours_high_margin-000553,2025-07-01 13:15:00,2025-07-01 15:00:00,XAUUSD,15m,BUY,LONDON,3349.555,3342.9010568959206,3362.862886208158,V50 realtime loss proxy | variant=proxy_hardened_no_worst_hours | Side=BUY | score=96.0 | opposite_score=4.0 | session=LONDON | RR=2.00,V50 realtime loss proxy,96.0,4.0,96.0,2.0,0.01,-6.65394310407919,-6.65394310407919,0.08,0.0,0.0,0.08,-6.73394310407919,1408.644904277699,1401.9109611736199,1460.1241545385305,58.213193364910694,3.986865992454516,-6.73394310407919,1,1
proxy_hardened_no_worst_hours_high_margin,proxy_hardened_no_worst_hours_high_margin-000554,2025-07-02 13:00:00,2025-07-02 13:45:00,XAUUSD,15m,BUY,LONDON,3344.578,3337.8886612226524,3357.9566775546955,V50 realtime loss proxy | variant=proxy_hardened_no_worst_hours | Side=BUY | score=96.0 | opposite_score=4.0 | session=LONDON | RR=2.00,V50 realtime loss proxy,96.0,4.0,96.0,2.000000000000068,0.01,-6.68933877734753,-6.68933877734753,0.08,0.0,0.0,0.08,-6.76933877734753,1401.9109611736199,1395.1416223962724,1460.1241545385305,64.98253214225815,4.450479908867459,-6.76933877734753,1,1
proxy_hardened_no_worst_hours_high_margin,proxy_hardened_no_worst_hours_high_margin-000555,2025-07-07 10:15:00,2025-07-07 10:45:00,XAUUSD,15m,SELL,LONDON,3308.048,3313.8975289011228,3296.348942197754,V50 realtime loss proxy | variant=proxy_hardened_no_worst_hours | Side=SELL | score=85.0 | opposite_score=4.0 | session=LONDON | RR=2.00,V50 realtime loss proxy,4.0,85.0,85.0,2.0,0.01,11.699057802245989,11.699057802245989,0.08,0.0,0.0,0.08,11.619057802245988,1395.1416223962724,1406.7606801985185,1460.1241545385305,53.36347434001209,3.6547217011746183,11.619057802245988,1,0
proxy_hardened_no_worst_hours_high_margin,proxy_hardened_no_worst_hours_high_margin-000556,2025-07-08 10:30:00,2025-07-08 14:00:00,XAUUSD,15m,SELL,LONDON,3325.485,3331.018314544517,3314.418370910966,V50 realtime loss proxy | variant=proxy_hardened_no_worst_hours | Side=SELL | score=79.0 | opposite_score=26.0 | session=LONDON | RR=2.00,V50 realtime loss proxy,26.0,79.0,79.0,2.0,0.01,11.066629089033995,11.066629089033995,0.08,0.0,0.0,0.08,10.986629089033995,1406.7606801985185,1417.7473092875525,1460.1241545385305,42.37684525097802,2.9022768453803947,10.986629089033995,1,0
proxy_hardened_no_worst_hours_high_margin,proxy_hardened_no_worst_hours_high_margin-000557,2025-07-09 10:00:00,2025-07-09 10:30:00,XAUUSD,15m,SELL,LONDON,3289.225,3295.164640643821,3277.3457187123577,V50 realtime loss proxy | variant=proxy_hardened_no_worst_hours | Side=SELL | score=96.0 | opposite_score=4.0 | session=LONDON | RR=2.00,V50 realtime loss proxy,4.0,96.0,96.0,2.0000000000000764,0.01,-5.939640643820894,-5.939640643820894,0.08,0.0,0.0,0.08,-6.019640643820894,1417.7473092875525,1411.7276686437317,1460.1241545385305,48.39648589479884,3.314545940793265,-6.019640643820894,1,1
proxy_hardened_no_worst_hours_high_margin,proxy_hardened_no_worst_hours_high_margin-000558,2025-07-10 14:45:00,2025-07-10 19:00:00,XAUUSD,15m,SELL,LONDON,3314.815,3322.7494688423735,3298.9460623152527,V50 realtime loss proxy | variant=proxy_hardened_no_worst_hours | Side=SELL | score=80.0 | opposite_score=8.0 | session=LONDON | RR=2.00,V50 realtime loss proxy,8.0,80.0,80.0,2.0000000000000573,0.01,-7.934468842373462,-7.934468842373462,0.08,0.0,0.0,0.08,-8.014468842373462,1411.7276686437317,1403.7131998013583,1460.1241545385305,56.41095473717223,3.863435486758372,-8.014468842373462,1,1
proxy_hardened_no_worst_hours_high_margin,proxy_hardened_no_worst_hours_high_margin-000559,2025-07-11 18:00:00,2025-07-13 22:15:00,XAUUSD,15m,BUY,NEW YORK,3354.785,3348.482690925138,3367.389618149724,V50 realtime loss proxy | variant=proxy_hardened_no_worst_hours | Side=BUY | score=100.0 | opposite_score=8.0 | session=NEW YORK | RR=2.00,V50 realtime loss proxy,100.0,8.0,100.0,2.0,0.01,12.604618149724047,12.604618149724047,0.08,0.0,0.0,0.08,12.524618149724047,1403.7131998013583,1416.2378179510824,1460.1241545385305,43.88633658744811,3.0056578716977875,12.524618149724047,1,0
proxy_hardened_no_worst_hours_high_margin,proxy_hardened_no_worst_hours_high_margin-000560,2025-07-14 10:15:00,2025-07-14 11:45:00,XAUUSD,15m,BUY,LONDON,3370.245,3364.141819394105,3382.4513612117903,V50 realtime loss proxy | variant=proxy_hardened_no_worst_hours | Side=BUY | score=96.0 | opposite_score=4.0 | session=LONDON | RR=2.00,V50 realtime loss proxy,96.0,4.0,96.0,2.0000000000000746,0.01,-6.103180605894977,-6.103180605894977,0.08,0.0,0.0,0.08,-6.183180605894977,1416.2378179510824,1410.0546373451875,1460.1241545385305,50.06951719334302,3.429127381922354,-6.183180605894977,1,1
proxy_hardened_no_worst_hours_high_margin,proxy_hardened_no_worst_hours_high_margin-000561,2025-07-15 10:15:00,2025-07-15 11:30:00,XAUUSD,15m,BUY,LONDON,3362.718,3357.3687828784105,3373.4164342431786,V50 realtime loss proxy | variant=proxy_hardened_no_worst_hours | Side=BUY | score=96.0 | opposite_score=11.0 | session=LONDON | RR=2.00,V50 realtime loss proxy,96.0,11.0,96.0,2.0,0.01,-5.3492171215893904,-5.3492171215893904,0.08,0.0,0.0,0.08,-5.4292171215893905,1410.0546373451875,1404.6254202235982,1460.1241545385305,55.498734314932335,3.8009599486745427,-5.4292171215893905,1,1
proxy_hardened_no_worst_hours_high_margin,proxy_hardened_no_worst_hours_high_margin-000562,2025-07-16 15:45:00,2025-07-17 06:30:00,XAUUSD,15m,BUY,LONDON,3343.148,3328.0336864885753,3373.3766270228502,V50 realtime loss proxy | variant=proxy_hardened_no_worst_hours | Side=BUY | score=96.0 | opposite_score=4.0 | session=LONDON | RR=2.00,V50 realtime loss proxy,96.0,4.0,96.0,2.00000000000003,0.01,-15.114313511424825,-15.114313511424825,0.08,0.0,0.0,0.08,-15.194313511424825,1404.6254202235982,1389.4311067121735,1460.1241545385305,70.69304782635709,4.8415778621715555,-15.194313511424825,1,1
proxy_hardened_no_worst_hours_high_margin,proxy_hardened_no_worst_hours_high_margin-000563,2025-07-17 10:30:00,2025-07-17 12:30:00,XAUUSD,15m,SELL,LONDON,3330.875,3336.1331961433652,3320.3586077132695,V50 realtime loss proxy | variant=proxy_hardened_no_worst_hours | Side=SELL | score=79.0 | opposite_score=4.0 | session=LONDON | RR=2.00,V50 realtime loss proxy,4.0,79.0,79.0,2.0,0.01,10.516392286730479,10.516392286730479,0.08,0.0,0.0,0.08,10.436392286730479,1389.4311067121735,1399.867498998904,1460.1241545385305,60.256655539626536,4.126817254021152,10.436392286730479,1,0
proxy_hardened_no_worst_hours_high_margin,proxy_hardened_no_worst_hours_high_margin-000564,2025-07-18 14:00:00,2025-07-18 19:30:00,XAUUSD,15m,BUY,LONDON,3354.895,3349.345202717052,3365.9945945658965,V50 realtime loss proxy | variant=proxy_hardened_no_worst_hours | Side=BUY | score=94.0 | opposite_score=8.0 | session=LONDON | RR=2.00,V50 realtime loss proxy,94.0,8.0,94.0,2.000000000000082,0.01,-5.54979728294802,-5.54979728294802,0.08,0.0,0.0,0.08,-5.6297972829480205,1399.867498998904,1394.237701715956,1460.1241545385305,65.88645282257448,4.512387019814611,-5.6297972829480205,1,1
proxy_hardened_no_worst_hours_high_margin,proxy_hardened_no_worst_hours_high_margin-000565,2025-07-25 13:30:00,2025-07-25 15:30:00,XAUUSD,15m,SELL,LONDON,3339.845,3346.138457698958,3327.2580846020833,V50 realtime loss proxy | variant=proxy_hardened_no_worst_hours | Side=SELL | score=85.0 | opposite_score=4.0 | session=LONDON | RR=2.00,V50 realtime loss proxy,4.0,85.0,85.0,2.0,0.01,12.586915397916528,12.586915397916528,0.08,0.0,0.0,0.08,12.506915397916528,1394.237701715956,1406.7446171138727,1460.1241545385305,53.37953742465788,3.655821818900625,12.506915397916528,1,0
proxy_hardened_no_worst_hours_high_margin,proxy_hardened_no_worst_hours_high_margin-000566,2025-08-04 15:30:00,2025-08-05 05:00:00,XAUUSD,15m,BUY,LONDON,3375.405,3368.602217869332,3389.0105642613366,V50 realtime loss proxy | variant=proxy_hardened_no_worst_hours | Side=BUY | score=85.0 | opposite_score=4.0 | session=LONDON | RR=2.00,V50 realtime loss proxy,85.0,4.0,85.0,2.0,0.01,-6.80278213066822,-6.80278213066822,0.08,0.0,0.0,0.08,-6.88278213066822,1406.7446171138727,1399.8618349832045,1460.1241545385305,60.26231955532603,4.127205167314818,-6.88278213066822,1,1
proxy_hardened_no_worst_hours_high_margin,proxy_hardened_no_worst_hours_high_margin-000567,2025-08-05 18:00:00,2025-08-06 04:45:00,XAUUSD,15m,BUY,NEW YORK,3379.015,3372.7587665039305,3391.5274669921387,V50 realtime loss proxy | variant=proxy_hardened_no_worst_hours | Side=BUY | score=100.0 | opposite_score=8.0 | session=NEW YORK | RR=2.00,V50 realtime loss proxy,100.0,8.0,100.0,2.0,0.01,-6.256233496069399,-6.256233496069399,0.08,0.0,0.0,0.08,-6.336233496069399,1399.8618349832045,1393.5256014871352,1460.1241545385305,66.59855305139536,4.561156860831721,-6.336233496069399,1,1
proxy_hardened_no_worst_hours_high_margin,proxy_hardened_no_worst_hours_high_margin-000568,2025-08-07 13:45:00,2025-08-07 14:00:00,XAUUSD,15m,BUY,LONDON,3384.735,3376.2466728337736,3401.7116543324532,V50 realtime loss proxy | variant=proxy_hardened_no_worst_hours | Side=BUY | score=90.0 | opposite_score=11.0 | session=LONDON | RR=2.00,V50 realtime loss proxy,90.0,11.0,90.0,2.0,0.01,-8.488327166226554,-8.488327166226554,0.08,0.0,0.0,0.08,-8.568327166226554,1393.5256014871352,1384.9572743209087,1460.1241545385305,75.16688021762184,5.1479786827701774,-8.568327166226554,1,1
proxy_hardened_no_worst_hours_high_margin,proxy_hardened_no_worst_hours_high_margin-000569,2025-08-11 13:00:00,2025-08-11 13:45:00,XAUUSD,15m,SELL,LONDON,3349.759,3358.619209036333,3332.0385819273342,V50 realtime loss proxy | variant=proxy_hardened_no_worst_hours | Side=SELL | score=85.0 | opposite_score=4.0 | session=LONDON | RR=2.00,V50 realtime loss proxy,4.0,85.0,85.0,2.0,0.01,-8.86020903633289,-8.86020903633289,0.08,0.0,0.0,0.08,-8.94020903633289,1384.9572743209087,1376.017065284576,1460.1241545385305,84.10708925395465,5.760269699841829,-8.94020903633289,1,1
proxy_hardened_no_worst_hours_high_margin,proxy_hardened_no_worst_hours_high_margin-000570,2025-08-11 14:15:00,2025-08-12 14:15:00,XAUUSD,15m,SELL,LONDON,3351.715,3360.66693901021,3333.81112197958,V50 realtime loss proxy | variant=proxy_hardened_no_worst_hours | Side=SELL | score=89.0 | opposite_score=8.0 | session=LONDON | RR=2.00,V50 realtime loss proxy,8.0,89.0,89.0,2.0,0.01,17.903878020420052,17.903878020420052,0.08,0.0,0.0,0.08,17.823878020420054,1376.017065284576,1393.840943304996,1460.1241545385305,66.28321123353453,4.5395599427285145,8.883668984087164,2,0
proxy_hardened_no_worst_hours_high_margin,proxy_hardened_no_worst_hours_high_margin-000571,2025-08-12 14:30:00,2025-08-12 15:15:00,XAUUSD,15m,SELL,LONDON,3335.909,3346.9710709558867,3313.7848580882264,V50 realtime loss proxy | variant=proxy_hardened_no_worst_hours | Side=SELL | score=89.0 | opposite_score=8.0 | session=LONDON | RR=2.00,V50 realtime loss proxy,8.0,89.0,89.0,2.0000000000000413,0.01,-11.062070955886611,-11.062070955886611,0.08,0.0,0.0,0.08,-11.142070955886611,1393.840943304996,1382.6988723491095,1460.1241545385305,77.42528218942107,5.302650596441313,-11.142070955886611,1,1
proxy_hardened_no_worst_hours_high_margin,proxy_hardened_no_worst_hours_high_margin-000572,2025-08-14 13:30:00,2025-08-14 16:15:00,XAUUSD,15m,SELL,LONDON,3348.045,3356.2211685397738,3331.6926629204527,V50 realtime loss proxy | variant=proxy_hardened_no_worst_hours | Side=SELL | score=79.0 | opposite_score=4.0 | session=LONDON | RR=2.00,V50 realtime loss proxy,4.0,79.0,79.0,2.0,0.01,16.352337079547397,16.352337079547397,0.08,0.0,0.0,0.08,16.2723370795474,1382.6988723491095,1398.971209428657,1460.1241545385305,61.1529451098736,4.188201730639876,16.2723370795474,1,0
proxy_hardened_no_worst_hours_high_margin,proxy_hardened_no_worst_hours_high_margin-000573,2025-08-19 14:00:00,2025-08-19 14:45:00,XAUUSD,15m,SELL,LONDON,3334.565,3340.389584767693,3322.915830464614,V50 realtime loss proxy | variant=proxy_hardened_no_worst_hours | Side=SELL | score=83.0 | opposite_score=8.0 | session=LONDON | RR=2.00,V50 realtime loss proxy,8.0,83.0,83.0,2.0,0.01,11.649169535386136,11.649169535386136,0.08,0.0,0.0,0.08,11.569169535386136,1398.971209428657,1410.5403789640432,1460.1241545385305,49.58377557448739,3.395860236978153,11.569169535386136,1,0
proxy_hardened_no_worst_hours_high_margin,proxy_hardened_no_worst_hours_high_margin-000574,2025-08-26 18:00:00,2025-08-26 20:45:00,XAUUSD,15m,BUY,NEW YORK,3382.345,3377.5387328230954,3391.9575343538086,V50 realtime loss proxy | variant=proxy_hardened_no_worst_hours | Side=BUY | score=80.0 | opposite_score=8.0 | session=NEW YORK | RR=2.00,V50 realtime loss proxy,80.0,8.0,80.0,2.0,0.01,9.612534353808769,9.612534353808769,0.08,0.0,0.0,0.08,9.532534353808769,1410.5403789640432,1420.072913317852,1460.1241545385305,40.05124122067855,2.743002442373585,9.532534353808769,1,0
proxy_hardened_no_worst_hours_high_margin,proxy_hardened_no_worst_hours_high_margin-000575,2025-08-28 15:15:00,2025-08-28 17:45:00,XAUUSD,15m,BUY,LONDON,3406.009,3399.7309643456415,3418.565071308717,V50 realtime loss proxy | variant=proxy_hardened_no_worst_hours | Side=BUY | score=96.0 | opposite_score=4.0 | session=LONDON | RR=2.00,V50 realtime loss proxy,96.0,4.0,96.0,2.0,0.01,12.556071308717037,12.556071308717037,0.08,0.0,0.0,0.08,12.476071308717037,1420.072913317852,1432.548984626569,1460.1241545385305,27.57516991196144,1.888549670673486,12.476071308717037,1,0
proxy_hardened_no_worst_hours_high_margin,proxy_hardened_no_worst_hours_high_margin-000576,2025-08-31 22:00:00,2025-09-01 01:00:00,XAUUSD,15m,BUY,NEW YORK,3445.865,3439.860626857456,3457.8737462850877,V50 realtime loss proxy | variant=proxy_hardened_no_worst_hours | Side=BUY | score=100.0 | opposite_score=8.0 | session=NEW YORK | RR=2.00,V50 realtime loss proxy,100.0,8.0,100.0,2.0,0.01,-6.004373142543955,-6.004373142543955,0.08,0.0,0.0,0.08,-6.084373142543955,1432.548984626569,1426.4646114840252,1460.1241545385305,33.65954305450532,2.305252121874756,-6.084373142543955,1,1
proxy_hardened_no_worst_hours_high_margin,proxy_hardened_no_worst_hours_high_margin-000577,2025-09-01 13:45:00,2025-09-02 01:00:00,XAUUSD,15m,BUY,LONDON,3475.135,3468.7195876109645,3487.9658247780717,V50 realtime loss proxy | variant=proxy_hardened_no_worst_hours | Side=BUY | score=96.0 | opposite_score=4.0 | session=LONDON | RR=2.00,V50 realtime loss proxy,96.0,4.0,96.0,2.0,0.01,12.830824778071474,12.830824778071474,0.08,0.0,0.0,0.08,12.750824778071474,1426.4646114840252,1439.2154362620968,1460.1241545385305,20.908718276433774,1.4319822195559757,12.750824778071474,1,0
proxy_hardened_no_worst_hours_high_margin,proxy_hardened_no_worst_hours_high_margin-000578,2025-09-04 13:15:00,2025-09-04 13:45:00,XAUUSD,15m,BUY,LONDON,3552.585,3543.4085577408864,3570.9378845182273,V50 realtime loss proxy | variant=proxy_hardened_no_worst_hours | Side=BUY | score=80.0 | opposite_score=4.0 | session=LONDON | RR=2.00,V50 realtime loss proxy,80.0,4.0,80.0,2.0,0.01,-9.176442259113628,-9.176442259113628,0.08,0.0,0.0,0.08,-9.256442259113628,1439.2154362620968,1429.9589940029832,1460.1241545385305,30.16516053554733,2.065931204670809,-9.256442259113628,1,1
proxy_hardened_no_worst_hours_high_margin,proxy_hardened_no_worst_hours_high_margin-000579,2025-09-07 22:15:00,2025-09-08 03:30:00,XAUUSD,15m,BUY,NEW YORK,3593.175,3584.186351078401,3611.1522978431985,V50 realtime loss proxy | variant=proxy_hardened_no_worst_hours | Side=BUY | score=78.0 | opposite_score=8.0 | session=NEW YORK | RR=2.00,V50 realtime loss proxy,78.0,8.0,78.0,2.0,0.01,-8.988648921599179,-8.988648921599179,0.08,0.0,0.0,0.08,-9.068648921599179,1429.9589940029832,1420.890345081384,1460.1241545385305,39.233809457146435,2.687018726126492,-9.068648921599179,1,1
proxy_hardened_no_worst_hours_high_margin,proxy_hardened_no_worst_hours_high_margin-000580,2025-09-08 18:00:00,2025-09-09 02:00:00,XAUUSD,15m,BUY,NEW YORK,3633.729,3626.2515738322445,3648.6838523355104,V50 realtime loss proxy | variant=proxy_hardened_no_worst_hours | Side=BUY | score=78.0 | opposite_score=8.0 | session=NEW YORK | RR=2.00,V50 realtime loss proxy,78.0,8.0,78.0,2.0,0.01,14.954852335510623,14.954852335510623,0.08,0.0,0.0,0.08,14.874852335510623,1420.890345081384,1435.7651974168948,1460.1241545385305,24.35895712163574,1.6682798545534876,14.874852335510623,1,0
proxy_hardened_no_worst_hours_high_margin,proxy_hardened_no_worst_hours_high_margin-000581,2025-09-09 10:15:00,2025-09-09 12:30:00,XAUUSD,15m,BUY,LONDON,3653.065,3645.7105901973555,3667.7738196052896,V50 realtime loss proxy | variant=proxy_hardened_no_worst_hours | Side=BUY | score=96.0 | opposite_score=4.0 | session=LONDON | RR=2.00,V50 realtime loss proxy,96.0,4.0,96.0,2.0000000000000617,0.01,-7.354409802644568,-7.354409802644568,0.08,0.0,0.0,0.08,-7.434409802644568,1435.7651974168948,1428.3307876142503,1460.1241545385305,31.793366924280235,2.177442707557185,-7.434409802644568,1,1
proxy_hardened_no_worst_hours_high_margin,proxy_hardened_no_worst_hours_high_margin-000582,2025-09-11 19:00:00,2025-09-12 02:00:00,XAUUSD,15m,BUY,NEW YORK,3634.275,3627.259498344009,3648.3060033119823,V50 realtime loss proxy | variant=proxy_hardened_no_worst_hours | Side=BUY | score=80.0 | opposite_score=8.0 | session=NEW YORK | RR=2.00,V50 realtime loss proxy,80.0,8.0,80.0,2.0,0.01,14.031003311982204,14.031003311982204,0.08,0.0,0.0,0.08,13.951003311982204,1428.3307876142503,1442.2817909262326,1460.1241545385305,17.84236361229796,1.2219757858835645,13.951003311982204,1,0
proxy_hardened_no_worst_hours_high_margin,proxy_hardened_no_worst_hours_high_margin-000583,2025-09-15 22:15:00,2025-09-16 06:30:00,XAUUSD,15m,BUY,NEW YORK,3678.725,3673.4149335000156,3689.345132999969,V50 realtime loss proxy | variant=proxy_hardened_no_worst_hours | Side=BUY | score=100.0 | opposite_score=8.0 | session=NEW YORK | RR=2.00,V50 realtime loss proxy,100.0,8.0,100.0,2.0000000000000857,0.01,10.620132999968973,10.620132999968973,0.08,0.0,0.0,0.08,10.540132999968973,1442.2817909262326,1452.8219239262016,1460.1241545385305,7.302230612328913,0.5001102536131093,10.540132999968973,1,0
proxy_hardened_no_worst_hours_high_margin,proxy_hardened_no_worst_hours_high_margin-000584,2025-09-16 13:15:00,2025-09-16 14:45:00,XAUUSD,15m,BUY,LONDON,3694.105,3687.840425349018,3706.634149301964,V50 realtime loss proxy | variant=proxy_hardened_no_worst_hours | Side=BUY | score=100.0 | opposite_score=4.0 | session=LONDON | RR=2.00,V50 realtime loss proxy,100.0,4.0,100.0,2.0,0.01,-6.264574650982013,-6.264574650982013,0.08,0.0,0.0,0.08,-6.344574650982013,1452.8219239262016,1446.4773492752197,1460.1241545385305,13.646805263310853,0.9346332105316003,-6.344574650982013,1,1
proxy_hardened_no_worst_hours_high_margin,proxy_hardened_no_worst_hours_high_margin-000585,2025-09-22 13:00:00,2025-09-22 13:45:00,XAUUSD,15m,BUY,LONDON,3722.275,3714.841245704598,3737.1425085908045,V50 realtime loss proxy | variant=proxy_hardened_no_worst_hours | Side=BUY | score=96.0 | opposite_score=4.0 | session=LONDON | RR=2.00,V50 realtime loss proxy,96.0,4.0,96.0,2.0,0.01,-7.433754295402196,-7.433754295402196,0.08,0.0,0.0,0.08,-7.513754295402196,1446.4773492752197,1438.9635949798176,1460.1241545385305,21.160559558712976,1.449230155732937,-7.513754295402196,1,1
proxy_hardened_no_worst_hours_high_margin,proxy_hardened_no_worst_hours_high_margin-000586,2025-09-22 14:15:00,2025-09-22 16:00:00,XAUUSD,15m,BUY,LONDON,3721.335,3713.0361549361824,3737.9326901276354,V50 realtime loss proxy | variant=proxy_hardened_no_worst_hours | Side=BUY | score=78.0 | opposite_score=8.0 | session=LONDON | RR=2.00,V50 realtime loss proxy,78.0,8.0,78.0,2.0,0.01,16.59769012763536,16.59769012763536,0.08,0.0,0.0,0.08,16.517690127635362,1438.9635949798176,1455.481285107453,1460.1241545385305,4.642869431077543,0.3179777155693252,9.003935832233166,2,0
proxy_hardened_no_worst_hours_high_margin,proxy_hardened_no_worst_hours_high_margin-000587,2025-09-23 15:00:00,2025-09-23 16:30:00,XAUUSD,15m,BUY,LONDON,3778.838,3769.016208853109,3798.4815822937826,V50 realtime loss proxy | variant=proxy_hardened_no_worst_hours | Side=BUY | score=96.0 | opposite_score=4.0 | session=LONDON | RR=2.00,V50 realtime loss proxy,96.0,4.0,96.0,2.000000000000046,0.01,-9.821791146890973,-9.821791146890973,0.08,0.0,0.0,0.08,-9.901791146890973,1455.481285107453,1445.579493960562,1460.1241545385305,14.544660577968443,0.9961249207993039,-9.901791146890973,1,1
proxy_hardened_no_worst_hours_high_margin,proxy_hardened_no_worst_hours_high_margin-000588,2025-09-25 19:30:00,2025-09-26 03:00:00,XAUUSD,15m,BUY,NEW YORK,3747.195,3736.4715658712157,3768.641868257569,V50 realtime loss proxy | variant=proxy_hardened_no_worst_hours | Side=BUY | score=94.0 | opposite_score=8.0 | session=NEW YORK | RR=2.00,V50 realtime loss proxy,94.0,8.0,94.0,2.0,0.01,-10.723434128784447,-10.723434128784447,0.08,0.0,0.0,0.08,-10.803434128784447,1445.579493960562,1434.7760598317777,1460.1241545385305,25.348094706752818,1.7360232435004155,-10.803434128784447,1,1
proxy_hardened_no_worst_hours_high_margin,proxy_hardened_no_worst_hours_high_margin-000589,2025-09-29 10:15:00,2025-09-30 00:00:00,XAUUSD,15m,BUY,LONDON,3815.535,3806.197451473372,3834.2100970532556,V50 realtime loss proxy | variant=proxy_hardened_no_worst_hours | Side=BUY | score=96.0 | opposite_score=4.0 | session=LONDON | RR=2.00,V50 realtime loss proxy,96.0,4.0,96.0,2.0,0.01,18.67509705325574,18.67509705325574,0.08,0.0,0.0,0.08,18.595097053255742,1434.7760598317777,1453.3711568850335,1460.1241545385305,6.752997653497005,0.46249475652508987,18.595097053255742,1,0
proxy_hardened_no_worst_hours_high_margin,proxy_hardened_no_worst_hours_high_margin-000590,2025-09-30 14:00:00,2025-10-01 02:00:00,XAUUSD,15m,BUY,LONDON,3843.705,3829.422761098552,3872.269477802896,V50 realtime loss proxy | variant=proxy_hardened_no_worst_hours | Side=BUY | score=83.0 | opposite_score=8.0 | session=LONDON | RR=2.00,V50 realtime loss proxy,83.0,8.0,83.0,2.000000000000032,0.01,28.564477802895908,28.564477802895908,0.08,0.0,0.0,0.08,28.48447780289591,1453.3711568850335,1481.8556346879295,1481.8556346879295,0.0,0.0,28.48447780289591,1,0
proxy_hardened_no_worst_hours_high_margin,proxy_hardened_no_worst_hours_high_margin-000591,2025-10-01 14:30:00,2025-10-01 14:45:00,XAUUSD,15m,BUY,LONDON,3876.985,3866.875371160742,3897.2042576785166,V50 realtime loss proxy | variant=proxy_hardened_no_worst_hours | Side=BUY | score=78.0 | opposite_score=8.0 | session=LONDON | RR=2.00,V50 realtime loss proxy,78.0,8.0,78.0,2.0,0.01,-10.109628839258221,-10.109628839258221,0.08,0.0,0.0,0.08,-10.189628839258221,1481.8556346879295,1471.6660058486714,1481.8556346879295,10.189628839258148,0.6876262842840306,-10.189628839258221,1,1
proxy_hardened_no_worst_hours_high_margin,proxy_hardened_no_worst_hours_high_margin-000592,2025-10-03 14:15:00,2025-10-05 22:45:00,XAUUSD,15m,BUY,LONDON,3878.855,3867.449897673225,3901.6652046535496,V50 realtime loss proxy | variant=proxy_hardened_no_worst_hours | Side=BUY | score=80.0 | opposite_score=8.0 | session=LONDON | RR=2.00,V50 realtime loss proxy,80.0,8.0,80.0,2.0,0.01,22.81020465354959,22.81020465354959,0.08,0.0,0.0,0.08,22.730204653549592,1471.6660058486714,1494.396210502221,1494.396210502221,0.0,0.0,22.730204653549592,1,0
proxy_hardened_no_worst_hours_high_margin,proxy_hardened_no_worst_hours_high_margin-000593,2025-10-06 13:30:00,2025-10-06 16:00:00,XAUUSD,15m,BUY,LONDON,3944.645,3933.078313848124,3967.7783723037523,V50 realtime loss proxy | variant=proxy_hardened_no_worst_hours | Side=BUY | score=96.0 | opposite_score=4.0 | session=LONDON | RR=2.00,V50 realtime loss proxy,96.0,4.0,96.0,2.0,0.01,23.133372303752367,23.133372303752367,0.08,0.0,0.0,0.08,23.05337230375237,1494.396210502221,1517.4495828059735,1517.4495828059735,0.0,0.0,23.05337230375237,1,0
proxy_hardened_no_worst_hours_high_margin,proxy_hardened_no_worst_hours_high_margin-000594,2025-10-07 13:30:00,2025-10-07 15:45:00,XAUUSD,15m,BUY,LONDON,3972.505,3962.0297704265854,3993.4554591468295,V50 realtime loss proxy | variant=proxy_hardened_no_worst_hours | Side=BUY | score=96.0 | opposite_score=4.0 | session=LONDON | RR=2.00,V50 realtime loss proxy,96.0,4.0,96.0,2.0,0.01,-10.475229573414708,-10.475229573414708,0.08,0.0,0.0,0.08,-10.555229573414708,1517.4495828059735,1506.8943532325588,1517.4495828059735,10.555229573414636,0.6955901331427803,-10.555229573414708,1,1
proxy_hardened_no_worst_hours_high_margin,proxy_hardened_no_worst_hours_high_margin-000595,2025-10-12 22:00:00,2025-10-12 23:00:00,XAUUSD,15m,BUY,NEW YORK,4021.365,4003.702586081777,4056.6898278364456,V50 realtime loss proxy | variant=proxy_hardened_no_worst_hours | Side=BUY | score=100.0 | opposite_score=8.0 | session=NEW YORK | RR=2.00,V50 realtime loss proxy,100.0,8.0,100.0,2.0000000000000258,0.01,35.32482783644582,35.32482783644582,0.08,0.0,0.0,0.08,35.24482783644582,1506.8943532325588,1542.1391810690047,1542.1391810690047,0.0,0.0,35.24482783644582,1,0
proxy_hardened_no_worst_hours_high_margin,proxy_hardened_no_worst_hours_high_margin-000596,2025-10-13 19:15:00,2025-10-13 23:30:00,XAUUSD,15m,BUY,NEW YORK,4104.565,4093.1342011105694,4127.42659777886,V50 realtime loss proxy | variant=proxy_hardened_no_worst_hours | Side=BUY | score=100.0 | opposite_score=8.0 | session=NEW YORK | RR=2.00,V50 realtime loss proxy,100.0,8.0,100.0,2.0,0.01,22.861597778860414,22.861597778860414,0.08,0.0,0.0,0.08,22.781597778860416,1542.1391810690047,1564.9207788478652,1564.9207788478652,0.0,0.0,22.781597778860416,1,0
proxy_hardened_no_worst_hours_high_margin,proxy_hardened_no_worst_hours_high_margin-000597,2025-10-15 19:00:00,2025-10-16 01:30:00,XAUUSD,15m,BUY,NEW YORK,4205.578,4192.069068577046,4232.59586284591,V50 realtime loss proxy | variant=proxy_hardened_no_worst_hours | Side=BUY | score=80.0 | opposite_score=8.0 | session=NEW YORK | RR=2.00,V50 realtime loss proxy,80.0,8.0,80.0,2.0000000000000675,0.01,27.017862845909804,27.017862845909804,0.08,0.0,0.0,0.08,26.937862845909805,1564.9207788478652,1591.858641693775,1591.858641693775,0.0,0.0,26.937862845909805,1,0
proxy_hardened_no_worst_hours_high_margin,proxy_hardened_no_worst_hours_high_margin-000598,2025-10-22 10:15:00,2025-10-22 10:45:00,XAUUSD,15m,SELL,LONDON,4084.159,4113.85167583084,4024.773648338321,V50 realtime loss proxy | variant=proxy_hardened_no_worst_hours | Side=SELL | score=85.0 | opposite_score=4.0 | session=LONDON | RR=2.00,V50 realtime loss proxy,4.0,85.0,85.0,2.0,0.01,59.385351661679124,59.385351661679124,0.08,0.0,0.0,0.08,59.305351661679126,1591.858641693775,1651.1639933554543,1651.1639933554543,0.0,0.0,59.305351661679126,1,0
proxy_hardened_no_worst_hours_high_margin,proxy_hardened_no_worst_hours_high_margin-000599,2025-10-22 15:30:00,2025-10-22 17:45:00,XAUUSD,15m,SELL,LONDON,4034.598,4069.3858306649654,3965.022338670069,V50 realtime loss proxy | variant=proxy_hardened_no_worst_hours | Side=SELL | score=85.0 | opposite_score=4.0 | session=LONDON | RR=2.00,V50 realtime loss proxy,4.0,85.0,85.0,2.0,0.01,-34.78783066496544,-34.78783066496544,0.08,0.0,0.0,0.08,-34.86783066496544,1651.1639933554543,1616.296162690489,1651.1639933554543,34.86783066496537,2.1117121500516634,24.437520996713687,2,1
proxy_hardened_no_worst_hours_high_margin,proxy_hardened_no_worst_hours_high_margin-000600,2025-10-27 13:15:00,2025-10-27 14:15:00,XAUUSD,15m,SELL,LONDON,4033.595,4051.0149556977444,3998.7550886045105,V50 realtime loss proxy | variant=proxy_hardened_no_worst_hours | Side=SELL | score=85.0 | opposite_score=4.0 | session=LONDON | RR=2.00,V50 realtime loss proxy,4.0,85.0,85.0,2.0,0.01,34.83991139548925,34.83991139548925,0.08,0.0,0.0,0.08,34.759911395489254,1616.296162690489,1651.0560740859783,1651.1639933554543,0.10791926947604225,0.006535950996407777,34.759911395489254,1,0
proxy_hardened_no_worst_hours_high_margin,proxy_hardened_no_worst_hours_high_margin-000601,2025-11-04 15:30:00,2025-11-05 08:00:00,XAUUSD,15m,SELL,LONDON,3965.035,3984.283217808859,3926.5385643822815,V50 realtime loss proxy | variant=proxy_hardened_no_worst_hours | Side=SELL | score=85.0 | opposite_score=4.0 | session=LONDON | RR=2.00,V50 realtime loss proxy,4.0,85.0,85.0,2.0000000000000235,0.01,-19.248217808858954,-19.248217808858954,0.08,0.0,0.0,0.08,-19.328217808858952,1651.0560740859783,1631.7278562771194,1651.1639933554543,19.436137078334923,1.1771173037050844,-19.328217808858952,1,1
proxy_hardened_no_worst_hours_high_margin,proxy_hardened_no_worst_hours_high_margin-000602,2025-11-06 13:00:00,2025-11-06 14:15:00,XAUUSD,15m,BUY,LONDON,4011.665,4003.2971604647187,4028.4006790705625,V50 realtime loss proxy | variant=proxy_hardened_no_worst_hours | Side=BUY | score=85.0 | opposite_score=4.0 | session=LONDON | RR=2.00,V50 realtime loss proxy,85.0,4.0,85.0,2.0,0.01,-8.367839535281291,-8.367839535281291,0.08,0.0,0.0,0.08,-8.447839535281291,1631.7278562771194,1623.2800167418382,1651.1639933554543,27.88397661361614,1.688746649383446,-8.447839535281291,1,1
proxy_hardened_no_worst_hours_high_margin,proxy_hardened_no_worst_hours_high_margin-000603,2025-11-10 15:00:00,2025-11-10 18:15:00,XAUUSD,15m,BUY,LONDON,4087.325,4076.3397732877975,4109.2954534244045,V50 realtime loss proxy | variant=proxy_hardened_no_worst_hours | Side=BUY | score=96.0 | opposite_score=4.0 | session=LONDON | RR=2.00,V50 realtime loss proxy,96.0,4.0,96.0,2.0,0.01,21.970453424404695,21.970453424404695,0.08,0.0,0.0,0.08,21.890453424404697,1623.2800167418382,1645.170470166243,1651.1639933554543,5.993523189211373,0.36298775974586783,21.890453424404697,1,0
proxy_hardened_no_worst_hours_high_margin,proxy_hardened_no_worst_hours_high_margin-000604,2025-11-13 10:45:00,2025-11-13 14:15:00,XAUUSD,15m,BUY,LONDON,4225.325,4212.940274502968,4250.094450994064,V50 realtime loss proxy | variant=proxy_hardened_no_worst_hours | Side=BUY | score=96.0 | opposite_score=4.0 | session=LONDON | RR=2.00,V50 realtime loss proxy,96.0,4.0,96.0,2.0000000000000733,0.01,-12.384725497031468,-12.384725497031468,0.08,0.0,0.0,0.08,-12.464725497031468,1645.170470166243,1632.7057446692115,1651.1639933554543,18.45824868624277,1.1178931202788873,-12.464725497031468,1,1
proxy_hardened_no_worst_hours_high_margin,proxy_hardened_no_worst_hours_high_margin-000605,2025-11-19 13:15:00,2025-11-19 15:15:00,XAUUSD,15m,BUY,LONDON,4109.165,4097.655442886721,4132.184114226558,V50 realtime loss proxy | variant=proxy_hardened_no_worst_hours | Side=BUY | score=96.0 | opposite_score=4.0 | session=LONDON | RR=2.00,V50 realtime loss proxy,96.0,4.0,96.0,2.000000000000079,0.01,23.019114226558486,23.019114226558486,0.08,0.0,0.0,0.08,22.939114226558488,1632.7057446692115,1655.64485889577,1655.64485889577,0.0,0.0,22.939114226558488,1,0
proxy_hardened_no_worst_hours_high_margin,proxy_hardened_no_worst_hours_high_margin-000606,2025-11-20 10:00:00,2025-11-20 12:15:00,XAUUSD,15m,SELL,LONDON,4059.335,4076.0490519867417,4025.9068960265167,V50 realtime loss proxy | variant=proxy_hardened_no_worst_hours | Side=SELL | score=85.0 | opposite_score=4.0 | session=LONDON | RR=2.00,V50 realtime loss proxy,4.0,85.0,85.0,2.0,0.01,-16.71405198674165,-16.71405198674165,0.08,0.0,0.0,0.08,-16.79405198674165,1655.64485889577,1638.8508069090285,1655.64485889577,16.79405198674158,1.0143511089656236,-16.79405198674165,1,1
proxy_hardened_no_worst_hours_high_margin,proxy_hardened_no_worst_hours_high_margin-000607,2025-11-21 10:00:00,2025-11-21 12:30:00,XAUUSD,15m,SELL,LONDON,4038.485,4054.707999470202,4006.039001059596,V50 realtime loss proxy | variant=proxy_hardened_no_worst_hours | Side=SELL | score=85.0 | opposite_score=4.0 | session=LONDON | RR=2.00,V50 realtime loss proxy,4.0,85.0,85.0,2.0,0.01,-16.222999470202012,-16.222999470202012,0.08,0.0,0.0,0.08,-16.30299947020201,1638.8508069090285,1622.5478074388266,1655.64485889577,33.09705145694352,1.9990429275404842,-16.30299947020201,1,1
proxy_hardened_no_worst_hours_high_margin,proxy_hardened_no_worst_hours_high_margin-000608,2025-11-21 18:00:00,2025-11-21 20:30:00,XAUUSD,15m,BUY,NEW YORK,4081.005,4065.0628610110234,4112.8892779779535,V50 realtime loss proxy | variant=proxy_hardened_no_worst_hours | Side=BUY | score=78.0 | opposite_score=19.0 | session=NEW YORK | RR=2.00,V50 realtime loss proxy,78.0,19.0,78.0,2.0,0.01,-15.942138988976694,-15.942138988976694,0.08,0.0,0.0,0.08,-16.022138988976693,1622.5478074388266,1606.52566844985,1655.64485889577,49.11919044592014,2.96677093411688,-32.3251384591787,2,2
proxy_hardened_no_worst_hours_high_margin,proxy_hardened_no_worst_hours_high_margin-000609,2025-11-24 18:00:00,2025-11-24 18:30:00,XAUUSD,15m,BUY,NEW YORK,4089.825,4079.8177187895467,4109.839562420906,V50 realtime loss proxy | variant=proxy_hardened_no_worst_hours | Side=BUY | score=83.0 | opposite_score=8.0 | session=NEW YORK | RR=2.00,V50 realtime loss proxy,83.0,8.0,83.0,2.0,0.01,20.01456242090626,20.01456242090626,0.08,0.0,0.0,0.08,19.93456242090626,1606.52566844985,1626.4602308707563,1655.64485889577,29.184628025013808,1.7627347959440078,19.93456242090626,1,0
proxy_hardened_no_worst_hours_high_margin,proxy_hardened_no_worst_hours_high_margin-000610,2025-11-28 13:45:00,2025-11-28 14:30:00,XAUUSD,15m,BUY,LONDON,4182.385,4170.654293553045,4205.846412893911,V50 realtime loss proxy | variant=proxy_hardened_no_worst_hours | Side=BUY | score=80.0 | opposite_score=4.0 | session=LONDON | RR=2.00,V50 realtime loss proxy,80.0,4.0,80.0,2.0000000000000777,0.01,23.461412893911074,23.461412893911074,0.08,0.0,0.0,0.08,23.381412893911076,1626.4602308707563,1649.8416437646674,1655.64485889577,5.803215131102661,0.35051086589747915,23.381412893911076,1,0
proxy_hardened_no_worst_hours_high_margin,proxy_hardened_no_worst_hours_high_margin-000611,2025-12-03 15:00:00,2025-12-03 16:45:00,XAUUSD,15m,BUY,LONDON,4217.455,4202.628508804177,4247.107982391646,V50 realtime loss proxy | variant=proxy_hardened_no_worst_hours | Side=BUY | score=90.0 | opposite_score=4.0 | session=LONDON | RR=2.00,V50 realtime loss proxy,90.0,4.0,90.0,2.0,0.01,-14.82649119582311,-14.82649119582311,0.08,0.0,0.0,0.08,-14.90649119582311,1649.8416437646674,1634.9351525688444,1655.64485889577,20.709706326925698,1.2508543855678087,-14.90649119582311,1,1
proxy_hardened_no_worst_hours_high_margin,proxy_hardened_no_worst_hours_high_margin-000612,2025-12-05 14:30:00,2025-12-05 15:30:00,XAUUSD,15m,BUY,LONDON,4235.948,4227.012962252772,4253.818075494458,V50 realtime loss proxy | variant=proxy_hardened_no_worst_hours | Side=BUY | score=80.0 | opposite_score=8.0 | session=LONDON | RR=2.00,V50 realtime loss proxy,80.0,8.0,80.0,2.0000000000001017,0.01,17.870075494457524,17.870075494457524,0.08,0.0,0.0,0.08,17.790075494457525,1634.9351525688444,1652.725228063302,1655.64485889577,2.9196308324681013,0.17634402793455023,17.790075494457525,1,0
proxy_hardened_no_worst_hours_high_margin,proxy_hardened_no_worst_hours_high_margin-000613,2025-12-09 13:45:00,2025-12-09 14:00:00,XAUUSD,15m,BUY,LONDON,4201.175,4193.326591445126,4216.87181710975,V50 realtime loss proxy | variant=proxy_hardened_no_worst_hours | Side=BUY | score=96.0 | opposite_score=4.0 | session=LONDON | RR=2.00,V50 realtime loss proxy,96.0,4.0,96.0,2.000000000000116,0.01,-7.848408554874368,-7.848408554874368,0.08,0.0,0.0,0.08,-7.928408554874368,1652.725228063302,1644.7968195084277,1655.64485889577,10.848039387342396,0.655215357874362,-7.928408554874368,1,1
proxy_hardened_no_worst_hours_high_margin,proxy_hardened_no_worst_hours_high_margin-000614,2025-12-09 14:45:00,2025-12-09 15:00:00,XAUUSD,15m,BUY,LONDON,4204.485,4194.863079557065,4223.7288408858685,V50 realtime loss proxy | variant=proxy_hardened_no_worst_hours | Side=BUY | score=80.0 | opposite_score=29.0 | session=LONDON | RR=2.00,V50 realtime loss proxy,80.0,29.0,80.0,2.0,0.01,-9.621920442934424,-9.621920442934424,0.08,0.0,0.0,0.08,-9.701920442934425,1644.7968195084277,1635.0948990654933,1655.64485889577,20.549959830276748,1.2412057887814487,-17.630328997808792,2,2
proxy_hardened_no_worst_hours_high_margin,proxy_hardened_no_worst_hours_high_margin-000615,2025-12-16 18:45:00,2025-12-16 19:15:00,XAUUSD,15m,BUY,NEW YORK,4311.165,4298.519719672756,4336.455560654489,V50 realtime loss proxy | variant=proxy_hardened_no_worst_hours | Side=BUY | score=80.0 | opposite_score=8.0 | session=NEW YORK | RR=2.00,V50 realtime loss proxy,80.0,8.0,80.0,2.000000000000072,0.01,-12.645280327244109,-12.645280327244109,0.08,0.0,0.0,0.08,-12.725280327244109,1635.0948990654933,1622.3696187382493,1655.64485889577,33.275240157520784,2.0098054228679003,-12.725280327244109,1,1
proxy_hardened_no_worst_hours_high_margin,proxy_hardened_no_worst_hours_high_margin-000616,2025-12-16 19:45:00,2025-12-17 05:15:00,XAUUSD,15m,BUY,NEW YORK,4310.315,4297.7863230313815,4335.372353937236,V50 realtime loss proxy | variant=proxy_hardened_no_worst_hours | Side=BUY | score=80.0 | opposite_score=8.0 | session=NEW YORK | RR=2.00,V50 realtime loss proxy,80.0,8.0,80.0,2.0,0.01,25.057353937236257,25.057353937236257,0.08,0.0,0.0,0.08,24.97735393723626,1622.3696187382493,1647.3469726754856,1655.64485889577,8.297886220284454,0.5011875690429599,12.25207360999215,2,0
proxy_hardened_no_worst_hours_high_margin,proxy_hardened_no_worst_hours_high_margin-000617,2025-12-17 14:00:00,2025-12-18 13:00:00,XAUUSD,15m,BUY,LONDON,4327.325,4315.795678342731,4350.383643314538,V50 realtime loss proxy | variant=proxy_hardened_no_worst_hours | Side=BUY | score=94.0 | opposite_score=15.0 | session=LONDON | RR=2.00,V50 realtime loss proxy,94.0,15.0,94.0,2.0,0.01,-11.529321657269065,-11.529321657269065,0.08,0.0,0.0,0.08,-11.609321657269065,1647.3469726754856,1635.7376510182166,1655.64485889577,19.907207877553446,1.20238393944161,-11.609321657269065,1,1
proxy_hardened_no_worst_hours_high_margin,proxy_hardened_no_worst_hours_high_margin-000618,2025-12-19 18:30:00,2025-12-22 00:30:00,XAUUSD,15m,BUY,NEW YORK,4344.698,4334.392625506994,4365.3087489860145,V50 realtime loss proxy | variant=proxy_hardened_no_worst_hours | Side=BUY | score=94.0 | opposite_score=8.0 | session=NEW YORK | RR=2.00,V50 realtime loss proxy,94.0,8.0,94.0,2.0000000000000884,0.01,20.610748986014187,20.610748986014187,0.08,0.0,0.0,0.08,20.53074898601419,1635.7376510182166,1656.268400004231,1656.268400004231,0.0,0.0,20.53074898601419,1,0
proxy_hardened_no_worst_hours_high_margin,proxy_hardened_no_worst_hours_high_margin-000619,2025-12-22 18:45:00,2025-12-22 23:15:00,XAUUSD,15m,BUY,NEW YORK,4435.105,4425.168620912968,4454.977758174062,V50 realtime loss proxy | variant=proxy_hardened_no_worst_hours | Side=BUY | score=100.0 | opposite_score=8.0 | session=NEW YORK | RR=2.00,V50 realtime loss proxy,100.0,8.0,100.0,2.0,0.01,19.872758174062255,19.872758174062255,0.08,0.0,0.0,0.08,19.792758174062257,1656.268400004231,1676.0611581782932,1676.0611581782932,0.0,0.0,19.792758174062257,1,0
proxy_hardened_no_worst_hours_high_margin,proxy_hardened_no_worst_hours_high_margin-000620,2025-12-23 10:00:00,2025-12-23 13:45:00,XAUUSD,15m,BUY,LONDON,4484.355,4475.541758566388,4501.981482867223,V50 realtime loss proxy | variant=proxy_hardened_no_worst_hours | Side=BUY | score=96.0 | opposite_score=4.0 | session=LONDON | RR=2.00,V50 realtime loss proxy,96.0,4.0,96.0,2.000000000000103,0.01,-8.813241433611438,-8.813241433611438,0.08,0.0,0.0,0.08,-8.893241433611438,1676.0611581782932,1667.1679167446819,1676.0611581782932,8.893241433611365,0.5306036352084794,-8.893241433611438,1,1
proxy_hardened_no_worst_hours_high_margin,proxy_hardened_no_worst_hours_high_margin-000621,2025-12-23 21:30:00,2025-12-23 23:45:00,XAUUSD,15m,BUY,NEW YORK,4488.959,4478.635167634859,4509.606664730282,V50 realtime loss proxy | variant=proxy_hardened_no_worst_hours | Side=BUY | score=100.0 | opposite_score=8.0 | session=NEW YORK | RR=2.00,V50 realtime loss proxy,100.0,8.0,100.0,2.0,0.01,20.647664730282486,20.647664730282486,0.08,0.0,0.0,0.08,20.567664730282488,1667.1679167446819,1687.7355814749644,1687.7355814749644,0.0,0.0,11.67442329667105,2,0
proxy_hardened_no_worst_hours_high_margin,proxy_hardened_no_worst_hours_high_margin-000622,2025-12-26 10:45:00,2025-12-26 11:00:00,XAUUSD,15m,BUY,LONDON,4513.865,4504.8619245492,4531.871150901599,V50 realtime loss proxy | variant=proxy_hardened_no_worst_hours | Side=BUY | score=96.0 | opposite_score=4.0 | session=LONDON | RR=2.00,V50 realtime loss proxy,96.0,4.0,96.0,2.0,0.01,-9.00307545079977,-9.00307545079977,0.08,0.0,0.0,0.08,-9.08307545079977,1687.7355814749644,1678.6525060241647,1687.7355814749644,9.083075450799697,0.5381811908510997,-9.08307545079977,1,1
proxy_hardened_no_worst_hours_high_margin,proxy_hardened_no_worst_hours_high_margin-000623,2026-01-05 14:00:00,2026-01-05 15:00:00,XAUUSD,15m,BUY,LONDON,4426.025,4412.176217016285,4453.72256596743,V50 realtime loss proxy | variant=proxy_hardened_no_worst_hours | Side=BUY | score=78.0 | opposite_score=8.0 | session=LONDON | RR=2.00,V50 realtime loss proxy,78.0,8.0,78.0,2.0,0.01,27.69756596742991,27.69756596742991,0.08,0.0,0.0,0.08,27.61756596742991,1678.6525060241647,1706.2700719915947,1706.2700719915947,0.0,0.0,27.61756596742991,1,0
proxy_hardened_no_worst_hours_high_margin,proxy_hardened_no_worst_hours_high_margin-000624,2026-01-05 18:30:00,2026-01-06 01:00:00,XAUUSD,15m,BUY,NEW YORK,4443.285,4429.359080578973,4471.136838842055,V50 realtime loss proxy | variant=proxy_hardened_no_worst_hours | Side=BUY | score=100.0 | opposite_score=8.0 | session=NEW YORK | RR=2.00,V50 realtime loss proxy,100.0,8.0,100.0,2.0000000000000653,0.01,-13.925919421027174,-13.925919421027174,0.08,0.0,0.0,0.08,-14.005919421027174,1706.2700719915947,1692.2641525705676,1706.2700719915947,14.005919421027102,0.8208500899672403,13.611646546402737,2,1
proxy_hardened_no_worst_hours_high_margin,proxy_hardened_no_worst_hours_high_margin-000625,2026-01-06 15:30:00,2026-01-07 01:45:00,XAUUSD,15m,BUY,LONDON,4475.258,4461.033709274682,4503.706581450636,V50 realtime loss proxy | variant=proxy_hardened_no_worst_hours | Side=BUY | score=96.0 | opposite_score=4.0 | session=LONDON | RR=2.00,V50 realtime loss proxy,96.0,4.0,96.0,2.000000000000064,0.01,-14.224290725317587,-14.224290725317587,0.08,0.0,0.0,0.08,-14.304290725317587,1692.2641525705676,1677.95986184525,1706.2700719915947,28.310210146344616,1.6591869371125014,-14.304290725317587,1,1
proxy_hardened_no_worst_hours_high_margin,proxy_hardened_no_worst_hours_high_margin-000626,2026-01-08 13:00:00,2026-01-08 13:15:00,XAUUSD,15m,SELL,LONDON,4420.425,4432.008569622472,4397.257860755056,V50 realtime loss proxy | variant=proxy_hardened_no_worst_hours | Side=SELL | score=79.0 | opposite_score=26.0 | session=LONDON | RR=2.00,V50 realtime loss proxy,26.0,79.0,79.0,2.0,0.01,-11.583569622472169,-11.583569622472169,0.08,0.0,0.0,0.08,-11.663569622472169,1677.95986184525,1666.296292222778,1706.2700719915947,39.97377976881671,2.342758067728309,-11.663569622472169,1,1
proxy_hardened_no_worst_hours_high_margin,proxy_hardened_no_worst_hours_high_margin-000627,2026-01-08 13:45:00,2026-01-08 14:45:00,XAUUSD,15m,SELL,LONDON,4423.515,4436.489867879217,4397.565264241566,V50 realtime loss proxy | variant=proxy_hardened_no_worst_hours | Side=SELL | score=79.0 | opposite_score=26.0 | session=LONDON | RR=2.00,V50 realtime loss proxy,26.0,79.0,79.0,2.00000000000007,0.01,-12.974867879216617,-12.974867879216617,0.08,0.0,0.0,0.08,-13.054867879216618,1666.296292222778,1653.2414243435614,1706.2700719915947,53.02864764803326,3.1078695288921696,-24.718437501688786,2,2
proxy_hardened_no_worst_hours_high_margin,proxy_hardened_no_worst_hours_high_margin-000628,2026-01-09 14:30:00,2026-01-09 15:30:00,XAUUSD,15m,BUY,LONDON,4487.515,4473.0591888128765,4516.426622374248,V50 realtime loss proxy | variant=proxy_hardened_no_worst_hours | Side=BUY | score=80.0 | opposite_score=15.0 | session=LONDON | RR=2.00,V50 realtime loss proxy,80.0,15.0,80.0,2.0,0.01,28.9116223742476,28.9116223742476,0.08,0.0,0.0,0.08,28.8316223742476,1653.2414243435614,1682.0730467178091,1706.2700719915947,24.197025273785584,1.4181239928531537,28.8316223742476,1,0
proxy_hardened_no_worst_hours_high_margin,proxy_hardened_no_worst_hours_high_margin-000629,2026-01-09 18:30:00,2026-01-11 23:15:00,XAUUSD,15m,BUY,NEW YORK,4502.085,4486.8692373771455,4532.516525245709,V50 realtime loss proxy | variant=proxy_hardened_no_worst_hours | Side=BUY | score=94.0 | opposite_score=8.0 | session=NEW YORK | RR=2.00,V50 realtime loss proxy,94.0,8.0,94.0,2.0,0.01,30.431525245709054,30.431525245709054,0.08,0.0,0.0,0.08,30.351525245709055,1682.0730467178091,1712.4245719635182,1712.4245719635182,0.0,0.0,59.18314761995666,2,0
proxy_hardened_no_worst_hours_high_margin,proxy_hardened_no_worst_hours_high_margin-000630,2026-01-12 14:00:00,2026-01-12 15:30:00,XAUUSD,15m,BUY,LONDON,4596.295,4582.156937840267,4624.5711243194655,V50 realtime loss proxy | variant=proxy_hardened_no_worst_hours | Side=BUY | score=100.0 | opposite_score=8.0 | session=LONDON | RR=2.00,V50 realtime loss proxy,100.0,8.0,100.0,2.0,0.01,28.276124319465453,28.276124319465453,0.08,0.0,0.0,0.08,28.196124319465454,1712.4245719635182,1740.6206962829838,1740.6206962829838,0.0,0.0,28.196124319465454,1,0
proxy_hardened_no_worst_hours_high_margin,proxy_hardened_no_worst_hours_high_margin-000631,2026-01-12 18:45:00,2026-01-12 20:30:00,XAUUSD,15m,BUY,NEW YORK,4610.655,4596.54329059377,4638.87841881246,V50 realtime loss proxy | variant=proxy_hardened_no_worst_hours | Side=BUY | score=78.0 | opposite_score=8.0 | session=NEW YORK | RR=2.00,V50 realtime loss proxy,78.0,8.0,78.0,2.0,0.01,-14.111709406230148,-14.111709406230148,0.08,0.0,0.0,0.08,-14.191709406230148,1740.6206962829838,1726.4289868767537,1740.6206962829838,14.191709406230075,0.8153246388794425,14.004414913235307,2,1
proxy_hardened_no_worst_hours_high_margin,proxy_hardened_no_worst_hours_high_margin-000632,2026-01-13 15:15:00,2026-01-13 17:45:00,XAUUSD,15m,BUY,LONDON,4608.405,4592.407827481718,4640.399345036563,V50 realtime loss proxy | variant=proxy_hardened_no_worst_hours | Side=BUY | score=96.0 | opposite_score=4.0 | session=LONDON | RR=2.00,V50 realtime loss proxy,96.0,4.0,96.0,2.000000000000057,0.01,-15.997172518281332,-15.997172518281332,0.08,0.0,0.0,0.08,-16.07717251828133,1726.4289868767537,1710.3518143584724,1740.6206962829838,30.268881924511334,1.7389705861333922,-16.07717251828133,1,1
proxy_hardened_no_worst_hours_high_margin,proxy_hardened_no_worst_hours_high_margin-000633,2026-01-14 19:15:00,2026-01-14 21:15:00,XAUUSD,15m,BUY,NEW YORK,4634.825,4621.137490717995,4662.200018564009,V50 realtime loss proxy | variant=proxy_hardened_no_worst_hours | Side=BUY | score=80.0 | opposite_score=8.0 | session=NEW YORK | RR=2.00,V50 realtime loss proxy,80.0,8.0,80.0,2.0,0.01,-13.687509282004612,-13.687509282004612,0.08,0.0,0.0,0.08,-13.767509282004612,1710.3518143584724,1696.584305076468,1740.6206962829838,44.03639120651587,2.5299246010663654,-13.767509282004612,1,1
proxy_hardened_no_worst_hours_high_margin,proxy_hardened_no_worst_hours_high_margin-000634,2026-01-20 13:30:00,2026-01-20 14:15:00,XAUUSD,15m,BUY,LONDON,4729.515,4719.1869304323,4750.171139135402,V50 realtime loss proxy | variant=proxy_hardened_no_worst_hours | Side=BUY | score=81.0 | opposite_score=4.0 | session=LONDON | RR=2.00,V50 realtime loss proxy,81.0,4.0,81.0,2.000000000000088,0.01,20.656139135401645,20.656139135401645,0.08,0.0,0.0,0.08,20.576139135401647,1696.584305076468,1717.1604442118696,1740.6206962829838,23.460252071114155,1.3478095555920055,20.576139135401647,1,0
proxy_hardened_no_worst_hours_high_margin,proxy_hardened_no_worst_hours_high_margin-000635,2026-01-21 13:00:00,2026-01-21 14:00:00,XAUUSD,15m,BUY,LONDON,4869.055,4854.256862928981,4898.65127414204,V50 realtime loss proxy | variant=proxy_hardened_no_worst_hours | Side=BUY | score=96.0 | opposite_score=4.0 | session=LONDON | RR=2.00,V50 realtime loss proxy,96.0,4.0,96.0,2.0000000000000613,0.01,-14.798137071019482,-14.798137071019482,0.08,0.0,0.0,0.08,-14.878137071019482,1717.1604442118696,1702.2823071408502,1740.6206962829838,38.338389142133565,2.202569992647074,-14.878137071019482,1,1
proxy_hardened_no_worst_hours_high_margin,proxy_hardened_no_worst_hours_high_margin-000636,2026-01-23 14:30:00,2026-01-23 16:15:00,XAUUSD,15m,BUY,LONDON,4946.515,4930.208406652434,4979.128186695134,V50 realtime loss proxy | variant=proxy_hardened_no_worst_hours | Side=BUY | score=78.0 | opposite_score=8.0 | session=LONDON | RR=2.00,V50 realtime loss proxy,78.0,8.0,78.0,2.000000000000056,0.01,32.61318669513366,32.61318669513366,0.08,0.0,0.0,0.08,32.533186695133665,1702.2823071408502,1734.815493835984,1740.6206962829838,5.805202446999829,0.33351335298934304,32.533186695133665,1,0
proxy_hardened_no_worst_hours_high_margin,proxy_hardened_no_worst_hours_high_margin-000637,2026-01-23 18:45:00,2026-01-25 23:00:00,XAUUSD,15m,BUY,NEW YORK,4966.375,4947.984789296954,5003.155421406093,V50 realtime loss proxy | variant=proxy_hardened_no_worst_hours | Side=BUY | score=78.0 | opposite_score=8.0 | session=NEW YORK | RR=2.00,V50 realtime loss proxy,78.0,8.0,78.0,2.0000000000000493,0.01,36.78042140609341,36.78042140609341,0.08,0.0,0.0,0.08,36.70042140609341,1734.815493835984,1771.5159152420774,1771.5159152420774,0.0,0.0,69.23360810122708,2,0
proxy_hardened_no_worst_hours_high_margin,proxy_hardened_no_worst_hours_high_margin-000638,2026-01-26 14:45:00,2026-01-26 15:30:00,XAUUSD,15m,BUY,LONDON,5095.898,5077.041933667123,5133.6101326657545,V50 realtime loss proxy | variant=proxy_hardened_no_worst_hours | Side=BUY | score=78.0 | opposite_score=8.0 | session=LONDON | RR=2.00,V50 realtime loss proxy,78.0,8.0,78.0,2.0,0.01,-18.856066332877162,-18.856066332877162,0.08,0.0,0.0,0.08,-18.93606633287716,1771.5159152420774,1752.5798489092003,1771.5159152420774,18.93606633287709,1.068918781364122,-18.93606633287716,1,1
proxy_hardened_no_worst_hours_high_margin,proxy_hardened_no_worst_hours_high_margin-000639,2026-01-29 14:15:00,2026-01-29 14:30:00,XAUUSD,15m,BUY,LONDON,5543.298,5509.185848541335,5611.522302917329,V50 realtime loss proxy | variant=proxy_hardened_no_worst_hours | Side=BUY | score=78.0 | opposite_score=8.0 | session=LONDON | RR=2.00,V50 realtime loss proxy,78.0,8.0,78.0,2.0,0.01,-34.11215145866481,-34.11215145866481,0.08,0.0,0.0,0.08,-34.19215145866481,1752.5798489092003,1718.3876974505356,1771.5159152420774,53.12821779154183,2.999025712071114,-34.19215145866481,1,1
proxy_hardened_no_worst_hours_high_margin,proxy_hardened_no_worst_hours_high_margin-000640,2026-01-30 14:45:00,2026-01-30 17:30:00,XAUUSD,15m,SELL,LONDON,5031.825,5107.4365426644,4880.6019146712,V50 realtime loss proxy | variant=proxy_hardened_no_worst_hours | Side=SELL | score=78.0 | opposite_score=30.0 | session=LONDON | RR=2.00,V50 realtime loss proxy,30.0,78.0,78.0,2.0,0.01,151.22308532880015,151.22308532880015,0.08,0.0,0.0,0.08,151.14308532880014,1718.3876974505356,1869.5307827793358,1869.5307827793358,0.0,0.0,151.14308532880014,1,0
proxy_hardened_no_worst_hours_high_margin,proxy_hardened_no_worst_hours_high_margin-000641,2026-02-05 10:15:00,2026-02-05 21:30:00,XAUUSD,15m,SELL,LONDON,4861.045,4906.566464449437,4770.002071101125,V50 realtime loss proxy | variant=proxy_hardened_no_worst_hours | Side=SELL | score=85.0 | opposite_score=4.0 | session=LONDON | RR=2.00,V50 realtime loss proxy,4.0,85.0,85.0,2.00000000000002,0.01,91.04292889887529,91.04292889887529,0.08,0.0,0.0,0.08,90.96292889887529,1869.5307827793358,1960.4937116782112,1960.4937116782112,0.0,0.0,90.96292889887529,1,0
proxy_hardened_no_worst_hours_high_margin,proxy_hardened_no_worst_hours_high_margin-000642,2026-02-09 18:00:00,2026-02-09 23:00:00,XAUUSD,15m,BUY,NEW YORK,5058.095,5036.853489676011,5100.578020647979,V50 realtime loss proxy | variant=proxy_hardened_no_worst_hours | Side=BUY | score=100.0 | opposite_score=8.0 | session=NEW YORK | RR=2.00,V50 realtime loss proxy,100.0,8.0,100.0,2.0000000000000426,0.01,-21.241510323989132,-21.241510323989132,0.08,0.0,0.0,0.08,-21.32151032398913,1960.4937116782112,1939.1722013542221,1960.4937116782112,21.32151032398906,1.0875582103110923,-21.32151032398913,1,1
proxy_hardened_no_worst_hours_high_margin,proxy_hardened_no_worst_hours_high_margin-000643,2026-02-13 19:45:00,2026-02-16 00:00:00,XAUUSD,15m,BUY,NEW YORK,5023.285,5000.907809704266,5068.039380591469,V50 realtime loss proxy | variant=proxy_hardened_no_worst_hours | Side=BUY | score=89.0 | opposite_score=8.0 | session=NEW YORK | RR=2.00,V50 realtime loss proxy,89.0,8.0,89.0,2.000000000000041,0.01,-22.37719029573418,-22.37719029573418,0.08,0.0,0.0,0.08,-22.45719029573418,1939.1722013542221,1916.715011058488,1960.4937116782112,43.77870061972317,2.233044684557951,-22.45719029573418,1,1
proxy_hardened_no_worst_hours_high_margin,proxy_hardened_no_worst_hours_high_margin-000644,2026-02-17 13:15:00,2026-02-17 13:45:00,XAUUSD,15m,SELL,LONDON,4918.775,4936.276497547765,4883.772004904468,V50 realtime loss proxy | variant=proxy_hardened_no_worst_hours | Side=SELL | score=85.0 | opposite_score=4.0 | session=LONDON | RR=2.00,V50 realtime loss proxy,4.0,85.0,85.0,2.000000000000052,0.01,35.00299509553133,35.00299509553133,0.08,0.0,0.0,0.08,34.922995095531334,1916.715011058488,1951.6380061540194,1960.4937116782112,8.855705524191762,0.4517079280305954,34.922995095531334,1,0
proxy_hardened_no_worst_hours_high_margin,proxy_hardened_no_worst_hours_high_margin-000645,2026-02-18 19:00:00,2026-02-18 19:15:00,XAUUSD,15m,BUY,NEW YORK,4991.795,4978.042051817755,5019.30089636449,V50 realtime loss proxy | variant=proxy_hardened_no_worst_hours | Side=BUY | score=89.0 | opposite_score=8.0 | session=NEW YORK | RR=2.00,V50 realtime loss proxy,89.0,8.0,89.0,2.0,0.01,-13.752948182244836,-13.752948182244836,0.08,0.0,0.0,0.08,-13.832948182244836,1951.6380061540194,1937.8050579717747,1960.4937116782112,22.688653706436526,1.1572928579819166,-13.832948182244836,1,1
proxy_hardened_no_worst_hours_high_margin,proxy_hardened_no_worst_hours_high_margin-000646,2026-02-19 14:45:00,2026-02-19 17:45:00,XAUUSD,15m,BUY,LONDON,5005.138,4985.467656734129,5044.478686531742,V50 realtime loss proxy | variant=proxy_hardened_no_worst_hours | Side=BUY | score=80.0 | opposite_score=8.0 | session=LONDON | RR=2.00,V50 realtime loss proxy,80.0,8.0,80.0,2.000000000000046,0.01,-19.670343265870542,-19.670343265870542,0.08,0.0,0.0,0.08,-19.75034326587054,1937.8050579717747,1918.0547147059042,1960.4937116782112,42.438996972306995,2.1647096708093287,-19.75034326587054,1,1
proxy_hardened_no_worst_hours_high_margin,proxy_hardened_no_worst_hours_high_margin-000647,2026-02-27 18:00:00,2026-02-27 21:30:00,XAUUSD,15m,BUY,NEW YORK,5233.295,5214.025998889871,5271.833002220259,V50 realtime loss proxy | variant=proxy_hardened_no_worst_hours | Side=BUY | score=100.0 | opposite_score=8.0 | session=NEW YORK | RR=2.00,V50 realtime loss proxy,100.0,8.0,100.0,2.0,0.01,38.53800222025893,38.53800222025893,0.08,0.0,0.0,0.08,38.45800222025893,1918.0547147059042,1956.5127169261632,1960.4937116782112,3.980994752047991,0.2030608273994514,38.45800222025893,1,0
proxy_hardened_no_worst_hours_high_margin,proxy_hardened_no_worst_hours_high_margin-000648,2026-03-02 13:15:00,2026-03-02 14:00:00,XAUUSD,15m,BUY,LONDON,5401.285,5378.223368223877,5447.408263552246,V50 realtime loss proxy | variant=proxy_hardened_no_worst_hours | Side=BUY | score=96.0 | opposite_score=4.0 | session=LONDON | RR=2.00,V50 realtime loss proxy,96.0,4.0,96.0,2.0,0.01,-23.06163177612325,-23.06163177612325,0.08,0.0,0.0,0.08,-23.141631776123248,1956.5127169261632,1933.37108515004,1960.4937116782112,27.122626528171168,1.3834589913044812,-23.141631776123248,1,1
proxy_hardened_no_worst_hours_high_margin,proxy_hardened_no_worst_hours_high_margin-000649,2026-03-06 13:15:00,2026-03-06 13:30:00,XAUUSD,15m,SELL,LONDON,5082.138,5102.680031727077,5041.053936545845,V50 realtime loss proxy | variant=proxy_hardened_no_worst_hours | Side=SELL | score=85.0 | opposite_score=4.0 | session=LONDON | RR=2.00,V50 realtime loss proxy,4.0,85.0,85.0,2.0,0.01,-20.5420317270773,-20.5420317270773,0.08,0.0,0.0,0.08,-20.6220317270773,1933.37108515004,1912.7490534229628,1960.4937116782112,47.744658255248396,2.435338505338957,-20.6220317270773,1,1
proxy_hardened_no_worst_hours_high_margin,proxy_hardened_no_worst_hours_high_margin-000650,2026-03-10 14:00:00,2026-03-10 15:30:00,XAUUSD,15m,BUY,LONDON,5195.035,5174.392737024318,5236.319525951363,V50 realtime loss proxy | variant=proxy_hardened_no_worst_hours | Side=BUY | score=80.0 | opposite_score=8.0 | session=LONDON | RR=2.00,V50 realtime loss proxy,80.0,8.0,80.0,2.0,0.01,41.28452595136332,41.28452595136332,0.08,0.0,0.0,0.08,41.20452595136332,1912.7490534229628,1953.9535793743262,1960.4937116782112,6.540132303885002,0.3335961888032048,41.20452595136332,1,0
proxy_hardened_no_worst_hours_high_margin,proxy_hardened_no_worst_hours_high_margin-000651,2026-03-12 10:15:00,2026-03-12 12:00:00,XAUUSD,15m,BUY,LONDON,5180.125,5168.492896773562,5203.389206452875,V50 realtime loss proxy | variant=proxy_hardened_no_worst_hours | Side=BUY | score=85.0 | opposite_score=4.0 | session=LONDON | RR=2.00,V50 realtime loss proxy,85.0,4.0,85.0,2.0,0.01,-11.63210322643772,-11.63210322643772,0.08,0.0,0.0,0.08,-11.712103226437721,1953.9535793743262,1942.2414761478885,1960.4937116782112,18.25223553032265,0.9310019930999152,-11.712103226437721,1,1
proxy_hardened_no_worst_hours_high_margin,proxy_hardened_no_worst_hours_high_margin-000652,2026-03-13 10:15:00,2026-03-13 11:45:00,XAUUSD,15m,SELL,LONDON,5089.065,5104.478601293191,5058.237797413616,V50 realtime loss proxy | variant=proxy_hardened_no_worst_hours | Side=SELL | score=85.0 | opposite_score=4.0 | session=LONDON | RR=2.00,V50 realtime loss proxy,4.0,85.0,85.0,2.000000000000059,0.01,-15.413601293191277,-15.413601293191277,0.08,0.0,0.0,0.08,-15.493601293191277,1942.2414761478885,1926.7478748546973,1960.4937116782112,33.745836823513855,1.721292785715029,-15.493601293191277,1,1
proxy_hardened_no_worst_hours_high_margin,proxy_hardened_no_worst_hours_high_margin-000653,2026-03-13 14:00:00,2026-03-13 14:45:00,XAUUSD,15m,SELL,LONDON,5090.635,5108.085673987064,5055.733652025871,V50 realtime loss proxy | variant=proxy_hardened_no_worst_hours | Side=SELL | score=89.0 | opposite_score=8.0 | session=LONDON | RR=2.00,V50 realtime loss proxy,8.0,89.0,89.0,2.000000000000052,0.01,34.90134797412884,34.90134797412884,0.08,0.0,0.0,0.08,34.82134797412884,1926.7478748546973,1961.5692228288262,1961.5692228288262,0.0,0.0,19.327746680937565,2,0
proxy_hardened_no_worst_hours_high_margin,proxy_hardened_no_worst_hours_high_margin-000654,2026-03-16 15:00:00,2026-03-16 18:45:00,XAUUSD,15m,SELL,LONDON,4998.295,5017.617432489465,4959.650135021071,V50 realtime loss proxy | variant=proxy_hardened_no_worst_hours | Side=SELL | score=85.0 | opposite_score=4.0 | session=LONDON | RR=2.00,V50 realtime loss proxy,4.0,85.0,85.0,2.0,0.01,-19.322432489464518,-19.322432489464518,0.08,0.0,0.0,0.08,-19.402432489464516,1961.5692228288262,1942.1667903393618,1961.5692228288262,19.402432489464445,0.9891281053790052,-19.402432489464516,1,1
proxy_hardened_no_worst_hours_high_margin,proxy_hardened_no_worst_hours_high_margin-000655,2026-03-18 10:00:00,2026-03-18 10:30:00,XAUUSD,15m,SELL,LONDON,4988.725,5000.52001194249,4965.134976115021,V50 realtime loss proxy | variant=proxy_hardened_no_worst_hours | Side=SELL | score=79.0 | opposite_score=4.0 | session=LONDON | RR=2.00,V50 realtime loss proxy,4.0,79.0,79.0,2.0,0.01,23.59002388497902,23.59002388497902,0.08,0.0,0.0,0.08,23.51002388497902,1942.1667903393618,1965.676814224341,1965.676814224341,0.0,0.0,23.51002388497902,1,0
proxy_hardened_no_worst_hours_high_margin,proxy_hardened_no_worst_hours_high_margin-000656,2026-03-19 15:15:00,2026-03-19 19:00:00,XAUUSD,15m,SELL,LONDON,4602.935,4660.191288248421,4488.422423503159,V50 realtime loss proxy | variant=proxy_hardened_no_worst_hours | Side=SELL | score=96.0 | opposite_score=4.0 | session=LONDON | RR=2.00,V50 realtime loss proxy,4.0,96.0,96.0,2.0,0.01,-57.25628824842079,-57.25628824842079,0.08,0.0,0.0,0.08,-57.336288248420786,1965.676814224341,1908.3405259759202,1965.676814224341,57.336288248420715,2.91687259235673,-57.336288248420786,1,1
proxy_hardened_no_worst_hours_high_margin,proxy_hardened_no_worst_hours_high_margin-000657,2026-03-20 13:00:00,2026-03-20 14:00:00,XAUUSD,15m,SELL,LONDON,4661.805,4689.329578585818,4606.755842828365,V50 realtime loss proxy | variant=proxy_hardened_no_worst_hours | Side=SELL | score=96.0 | opposite_score=4.0 | session=LONDON | RR=2.00,V50 realtime loss proxy,4.0,96.0,96.0,2.0,0.01,55.04915717163567,55.04915717163567,0.08,0.0,0.0,0.08,54.96915717163567,1908.3405259759202,1963.309683147556,1965.676814224341,2.367131076784972,0.12042320790760536,54.96915717163567,1,0
proxy_hardened_no_worst_hours_high_margin,proxy_hardened_no_worst_hours_high_margin-000658,2026-03-23 10:00:00,2026-03-23 11:00:00,XAUUSD,15m,SELL,LONDON,4263.445,4331.3050118680385,4127.724976263922,V50 realtime loss proxy | variant=proxy_hardened_no_worst_hours | Side=SELL | score=96.0 | opposite_score=4.0 | session=LONDON | RR=2.00,V50 realtime loss proxy,4.0,96.0,96.0,2.0,0.01,-67.86001186803878,-67.86001186803878,0.08,0.0,0.0,0.08,-67.94001186803878,1963.309683147556,1895.3696712795172,1965.676814224341,70.30714294482368,3.576739697800576,-67.94001186803878,1,1
proxy_hardened_no_worst_hours_high_margin,proxy_hardened_no_worst_hours_high_margin-000659,2026-03-26 10:45:00,2026-03-26 14:30:00,XAUUSD,15m,SELL,LONDON,4442.898,4469.611153628879,4389.471692742241,V50 realtime loss proxy | variant=proxy_hardened_no_worst_hours | Side=SELL | score=96.0 | opposite_score=4.0 | session=LONDON | RR=2.00,V50 realtime loss proxy,4.0,96.0,96.0,2.000000000000034,0.01,-26.7131536288789,-26.7131536288789,0.08,0.0,0.0,0.08,-26.793153628878898,1895.3696712795172,1868.5765176506384,1965.676814224341,97.10029657370251,4.939789484774406,-26.793153628878898,1,1
proxy_hardened_no_worst_hours_high_margin,proxy_hardened_no_worst_hours_high_margin-000660,2026-03-26 15:30:00,2026-03-26 16:30:00,XAUUSD,15m,SELL,LONDON,4439.895,4468.179027249294,4383.3269455014115,V50 realtime loss proxy | variant=proxy_hardened_no_worst_hours | Side=SELL | score=96.0 | opposite_score=4.0 | session=LONDON | RR=2.00,V50 realtime loss proxy,4.0,96.0,96.0,2.000000000000032,0.01,56.568054498588936,56.568054498588936,0.08,0.0,0.0,0.08,56.48805449858894,1868.5765176506384,1925.0645721492274,1965.676814224341,40.6122420751135,2.066069141235669,29.69490086971004,2,0
proxy_hardened_no_worst_hours_high_margin,proxy_hardened_no_worst_hours_high_margin-000661,2026-03-27 13:00:00,2026-03-27 14:00:00,XAUUSD,15m,SELL,LONDON,4428.255,4446.885483050659,4390.994033898683,V50 realtime loss proxy | variant=proxy_hardened_no_worst_hours | Side=SELL | score=96.0 | opposite_score=4.0 | session=LONDON | RR=2.00,V50 realtime loss proxy,4.0,96.0,96.0,2.0,0.01,-18.630483050658768,-18.630483050658768,0.08,0.0,0.0,0.08,-18.710483050658766,1925.0645721492274,1906.3540890985687,1965.676814224341,59.322725125772195,3.0179287203517755,-18.710483050658766,1,1
proxy_hardened_no_worst_hours_high_margin,proxy_hardened_no_worst_hours_high_margin-000662,2026-04-01 10:00:00,2026-04-01 11:30:00,XAUUSD,15m,BUY,LONDON,4715.525,4695.1766925236925,4756.221614952615,V50 realtime loss proxy | variant=proxy_hardened_no_worst_hours | Side=BUY | score=85.0 | opposite_score=4.0 | session=LONDON | RR=2.00,V50 realtime loss proxy,85.0,4.0,85.0,2.000000000000045,0.01,40.696614952615164,40.696614952615164,0.08,0.0,0.0,0.08,40.616614952615166,1906.3540890985687,1946.970704051184,1965.676814224341,18.706110173156958,0.9516371174443758,40.616614952615166,1,0
proxy_hardened_no_worst_hours_high_margin,proxy_hardened_no_worst_hours_high_margin-000663,2026-04-01 13:00:00,2026-04-01 15:30:00,XAUUSD,15m,BUY,LONDON,4731.505,4708.2281552324275,4778.058689535146,V50 realtime loss proxy | variant=proxy_hardened_no_worst_hours | Side=BUY | score=85.0 | opposite_score=4.0 | session=LONDON | RR=2.00,V50 realtime loss proxy,85.0,4.0,85.0,2.000000000000039,0.01,46.55368953514608,46.55368953514608,0.08,0.0,0.0,0.08,46.47368953514608,1946.970704051184,1993.44439358633,1993.44439358633,0.0,0.0,87.09030448776124,2,0
proxy_hardened_no_worst_hours_high_margin,proxy_hardened_no_worst_hours_high_margin-000664,2026-04-09 18:15:00,2026-04-09 20:30:00,XAUUSD,15m,BUY,NEW YORK,4781.875,4764.214439672785,4817.196120654429,V50 realtime loss proxy | variant=proxy_hardened_no_worst_hours | Side=BUY | score=89.0 | opposite_score=8.0 | session=NEW YORK | RR=2.00,V50 realtime loss proxy,89.0,8.0,89.0,2.0,0.01,-17.660560327214625,-17.660560327214625,0.08,0.0,0.0,0.08,-17.740560327214624,1993.44439358633,1975.7038332591155,1993.44439358633,17.740560327214553,0.8899450812017978,-17.740560327214624,1,1
proxy_hardened_no_worst_hours_high_margin,proxy_hardened_no_worst_hours_high_margin-000665,2026-04-14 10:15:00,2026-04-14 10:30:00,XAUUSD,15m,BUY,LONDON,4783.745,4770.672977491603,4809.889045016795,V50 realtime loss proxy | variant=proxy_hardened_no_worst_hours | Side=BUY | score=85.0 | opposite_score=4.0 | session=LONDON | RR=2.00,V50 realtime loss proxy,85.0,4.0,85.0,2.0000000000000697,0.01,-13.072022508396913,-13.072022508396913,0.08,0.0,0.0,0.08,-13.152022508396913,1975.7038332591155,1962.5518107507187,1993.44439358633,30.892582835611393,1.5497087821965136,-13.152022508396913,1,1
proxy_hardened_no_worst_hours_high_margin,proxy_hardened_no_worst_hours_high_margin-000666,2026-04-14 15:00:00,2026-04-14 17:00:00,XAUUSD,15m,BUY,LONDON,4794.375,4776.757137359547,4829.610725280905,V50 realtime loss proxy | variant=proxy_hardened_no_worst_hours | Side=BUY | score=85.0 | opposite_score=4.0 | session=LONDON | RR=2.00,V50 realtime loss proxy,85.0,4.0,85.0,2.0,0.01,35.23572528090517,35.23572528090517,0.08,0.0,0.0,0.08,35.15572528090517,1962.5518107507187,1997.707536031624,1997.707536031624,0.0,0.0,22.003702772508262,2,0
proxy_hardened_no_worst_hours_high_margin,proxy_hardened_no_worst_hours_high_margin-000667,2026-04-15 14:30:00,2026-04-15 15:00:00,XAUUSD,15m,BUY,LONDON,4819.075,4805.442516389914,4846.339967220171,V50 realtime loss proxy | variant=proxy_hardened_no_worst_hours | Side=BUY | score=89.0 | opposite_score=8.0 | session=LONDON | RR=2.00,V50 realtime loss proxy,89.0,8.0,89.0,2.0,0.01,-13.632483610085728,-13.632483610085728,0.08,0.0,0.0,0.08,-13.712483610085728,1997.707536031624,1983.9950524215383,1997.707536031624,13.712483610085656,0.6864109667086217,-13.712483610085728,1,1
proxy_hardened_no_worst_hours_high_margin,proxy_hardened_no_worst_hours_high_margin-000668,2026-04-17 18:45:00,2026-04-17 20:30:00,XAUUSD,15m,BUY,NEW YORK,4857.858,4841.0511865142025,4891.4716269715955,V50 realtime loss proxy | variant=proxy_hardened_no_worst_hours | Side=BUY | score=89.0 | opposite_score=8.0 | session=NEW YORK | RR=2.00,V50 realtime loss proxy,89.0,8.0,89.0,2.0,0.01,-16.806813485797647,-16.806813485797647,0.08,0.0,0.0,0.08,-16.886813485797646,1983.9950524215383,1967.1082389357407,1997.707536031624,30.59929709588323,1.5317205618930418,-16.886813485797646,1,1
proxy_hardened_no_worst_hours_high_margin,proxy_hardened_no_worst_hours_high_margin-000669,2026-04-20 13:00:00,2026-04-20 14:45:00,XAUUSD,15m,BUY,LONDON,4815.315,4801.143872233507,4843.657255532986,V50 realtime loss proxy | variant=proxy_hardened_no_worst_hours | Side=BUY | score=85.0 | opposite_score=4.0 | session=LONDON | RR=2.00,V50 realtime loss proxy,85.0,4.0,85.0,2.0000000000000644,0.01,-14.171127766492646,-14.171127766492646,0.08,0.0,0.0,0.08,-14.251127766492646,1967.1082389357407,1952.8571111692481,1997.707536031624,44.8504248623758,2.2450946424054443,-14.251127766492646,1,1
proxy_hardened_no_worst_hours_high_margin,proxy_hardened_no_worst_hours_high_margin-000670,2026-04-21 10:15:00,2026-04-21 11:30:00,XAUUSD,15m,SELL,LONDON,4782.715,4793.809061098043,4760.526877803914,V50 realtime loss proxy | variant=proxy_hardened_no_worst_hours | Side=SELL | score=79.0 | opposite_score=4.0 | session=LONDON | RR=2.00,V50 realtime loss proxy,4.0,79.0,79.0,2.000000000000082,0.01,-11.094061098042403,-11.094061098042403,0.08,0.0,0.0,0.08,-11.174061098042403,1952.8571111692481,1941.6830500712058,1997.707536031624,56.02448596041813,2.8044388355118697,-11.174061098042403,1,1
proxy_hardened_no_worst_hours_high_margin,proxy_hardened_no_worst_hours_high_margin-000671,2026-04-21 14:00:00,2026-04-21 14:30:00,XAUUSD,15m,SELL,LONDON,4778.325,4795.310680770992,4744.353638458016,V50 realtime loss proxy | variant=proxy_hardened_no_worst_hours | Side=SELL | score=78.0 | opposite_score=19.0 | session=LONDON | RR=2.00,V50 realtime loss proxy,19.0,78.0,78.0,2.0,0.01,33.97136154198415,33.97136154198415,0.08,0.0,0.0,0.08,33.89136154198415,1941.6830500712058,1975.57441161319,1997.707536031624,22.13312441843391,1.1079261613239235,22.717300443941753,2,0
proxy_hardened_no_worst_hours_high_margin,proxy_hardened_no_worst_hours_high_margin-000672,2026-04-22 10:00:00,2026-04-22 10:30:00,XAUUSD,15m,SELL,LONDON,4748.395,4758.506125150183,4728.1727496996355,V50 realtime loss proxy | variant=proxy_hardened_no_worst_hours | Side=SELL | score=79.0 | opposite_score=4.0 | session=LONDON | RR=2.00,V50 realtime loss proxy,4.0,79.0,79.0,2.0,0.01,-10.111125150182488,-10.111125150182488,0.08,0.0,0.0,0.08,-10.191125150182488,1975.57441161319,1965.3832864630076,1997.707536031624,32.324249568616324,1.6180671587607518,-10.191125150182488,1,1
proxy_hardened_no_worst_hours_high_margin,proxy_hardened_no_worst_hours_high_margin-000673,2026-04-22 13:15:00,2026-04-22 15:30:00,XAUUSD,15m,SELL,LONDON,4749.798,4761.565866487129,4726.2622670257415,V50 realtime loss proxy | variant=proxy_hardened_no_worst_hours | Side=SELL | score=96.0 | opposite_score=11.0 | session=LONDON | RR=2.00,V50 realtime loss proxy,11.0,96.0,96.0,2.0,0.01,23.53573297425828,23.53573297425828,0.08,0.0,0.0,0.08,23.455732974258282,1965.3832864630076,1988.839019437266,1997.707536031624,8.86851659435797,0.44393468184912427,13.264607824075794,2,0
proxy_hardened_no_worst_hours_high_margin,proxy_hardened_no_worst_hours_high_margin-000674,2026-04-23 10:45:00,2026-04-23 11:45:00,XAUUSD,15m,SELL,LONDON,4696.425,4710.082386463059,4669.110227073882,V50 realtime loss proxy | variant=proxy_hardened_no_worst_hours | Side=SELL | score=90.0 | opposite_score=4.0 | session=LONDON | RR=2.00,V50 realtime loss proxy,4.0,90.0,90.0,2.0,0.01,-13.657386463059083,-13.657386463059083,0.08,0.0,0.0,0.08,-13.737386463059083,1988.839019437266,1975.101632974207,1997.707536031624,22.60590305741698,1.1315922200665476,-13.737386463059083,1,1
proxy_hardened_no_worst_hours_high_margin,proxy_hardened_no_worst_hours_high_margin-000675,2026-04-27 14:30:00,2026-04-27 15:00:00,XAUUSD,15m,SELL,LONDON,4693.315,4705.4764310548635,4668.992137890272,V50 realtime loss proxy | variant=proxy_hardened_no_worst_hours | Side=SELL | score=80.0 | opposite_score=15.0 | session=LONDON | RR=2.00,V50 realtime loss proxy,15.0,80.0,80.0,2.0,0.01,24.322862109727794,24.322862109727794,0.08,0.0,0.0,0.08,24.242862109727795,1975.101632974207,1999.3444950839348,1999.3444950839348,0.0,0.0,24.242862109727795,1,0
proxy_hardened_no_worst_hours_high_margin,proxy_hardened_no_worst_hours_high_margin-000676,2026-04-29 10:15:00,2026-04-29 12:45:00,XAUUSD,15m,SELL,LONDON,4571.655,4585.017974425431,4544.929051149136,V50 realtime loss proxy | variant=proxy_hardened_no_worst_hours | Side=SELL | score=96.0 | opposite_score=4.0 | session=LONDON | RR=2.00,V50 realtime loss proxy,4.0,96.0,96.0,2.000000000000068,0.01,26.72594885086346,26.72594885086346,0.08,0.0,0.0,0.08,26.645948850863462,1999.3444950839348,2025.9904439347983,2025.9904439347983,0.0,0.0,26.645948850863462,1,0
proxy_hardened_no_worst_hours_high_margin,proxy_hardened_no_worst_hours_high_margin-000677,2026-04-29 15:15:00,2026-04-29 16:00:00,XAUUSD,15m,SELL,LONDON,4543.435,4560.314757021882,4509.675485956238,V50 realtime loss proxy | variant=proxy_hardened_no_worst_hours | Side=SELL | score=96.0 | opposite_score=4.0 | session=LONDON | RR=2.00,V50 realtime loss proxy,4.0,96.0,96.0,2.0,0.02,-16.879757021881233,-33.759514043762465,0.16,0.0,0.0,0.16,-33.91951404376246,2025.9904439347983,1992.0709298910358,2025.9904439347983,33.91951404376255,1.6742188565255722,-7.2735651928989995,2,1
proxy_hardened_no_worst_hours_high_margin,proxy_hardened_no_worst_hours_high_margin-000678,2026-05-04 13:00:00,2026-05-04 15:15:00,XAUUSD,15m,SELL,LONDON,4565.865,4583.1312594269975,4531.332481146004,V50 realtime loss proxy | variant=proxy_hardened_no_worst_hours | Side=SELL | score=86.0 | opposite_score=4.0 | session=LONDON | RR=2.00,V50 realtime loss proxy,4.0,86.0,86.0,2.0,0.01,34.5325188539955,34.5325188539955,0.08,0.0,0.0,0.08,34.4525188539955,1992.0709298910358,2026.5234487450314,2026.5234487450314,0.0,0.0,34.4525188539955,1,0
proxy_hardened_no_worst_hours_high_margin,proxy_hardened_no_worst_hours_high_margin-000679,2026-05-06 19:00:00,2026-05-07 01:45:00,XAUUSD,15m,BUY,NEW YORK,4695.005,4682.275003659402,4720.464992681197,V50 realtime loss proxy | variant=proxy_hardened_no_worst_hours | Side=BUY | score=89.0 | opposite_score=8.0 | session=NEW YORK | RR=2.00,V50 realtime loss proxy,89.0,8.0,89.0,2.0,0.02,25.459992681197036,50.91998536239407,0.16,0.0,0.0,0.16,50.759985362394076,2026.5234487450314,2077.2834341074254,2077.2834341074254,0.0,0.0,50.759985362394076,1,0
proxy_hardened_no_worst_hours_high_margin,proxy_hardened_no_worst_hours_high_margin-000680,2026-05-07 10:15:00,2026-05-07 14:45:00,XAUUSD,15m,BUY,LONDON,4732.275,4718.043101355343,4760.738797289312,V50 realtime loss proxy | variant=proxy_hardened_no_worst_hours | Side=BUY | score=85.0 | opposite_score=4.0 | session=LONDON | RR=2.00,V50 realtime loss proxy,85.0,4.0,85.0,2.0,0.02,28.463797289312424,56.92759457862485,0.16,0.0,0.0,0.16,56.76759457862485,2077.2834341074254,2134.0510286860504,2134.0510286860504,0.0,0.0,56.76759457862485,1,0
