strategy_name,window_size,start_trade_number,end_trade_number,start_time,end_time,total_trades,wins,losses,win_rate,rolling_profit_factor,rolling_net_profit,rolling_max_drawdown,rolling_consecutive_losses,worst_session,worst_hour,worst_side,worst_signal_reason,degradation_flag
proxy_hardened_no_worst_hours,30,1,30,2022-02-16 13:30:00,2022-04-06 14:00:00,30,16,14,53.333333333333336,1.8344879354299162,75.84795663246936,39.14676860832286,3,NEW YORK,14,BUY,V50 realtime loss proxy | variant=proxy_hardened_no_worst_hours | Side=SELL | score=89.0 | opposite_score=30.0 | session=LONDON | RR=2.00,False
proxy_hardened_no_worst_hours,30,2,31,2022-02-16 19:30:00,2022-04-07 18:15:00,30,15,15,50.0,1.6959262942833102,65.84852170628038,39.146768608322866,4,NEW YORK,14,BUY,V50 realtime loss proxy | variant=proxy_hardened_no_worst_hours | Side=SELL | score=89.0 | opposite_score=30.0 | session=LONDON | RR=2.00,False
proxy_hardened_no_worst_hours,30,3,32,2022-02-18 14:30:00,2022-04-08 15:45:00,30,15,15,50.0,1.7121777958040703,67.38623821367501,39.146768608322866,4,NEW YORK,14,BUY,V50 realtime loss proxy | variant=proxy_hardened_no_worst_hours | Side=SELL | score=89.0 | opposite_score=30.0 | session=LONDON | RR=2.00,False
proxy_hardened_no_worst_hours,30,4,33,2022-02-18 18:00:00,2022-04-11 19:15:00,30,16,14,53.333333333333336,1.885935077322314,80.22146390172917,39.146768608322866,4,NEW YORK,14,BUY,V50 realtime loss proxy | variant=proxy_hardened_no_worst_hours | Side=SELL | score=89.0 | opposite_score=30.0 | session=LONDON | RR=2.00,False
proxy_hardened_no_worst_hours,30,5,34,2022-02-21 13:00:00,2022-04-12 13:45:00,30,16,14,53.333333333333336,1.9417398719766361,85.27459074420142,39.146768608322866,4,NEW YORK,14,SELL,V50 realtime loss proxy | variant=proxy_hardened_no_worst_hours | Side=BUY | score=100.0 | opposite_score=8.0 | session=NEW YORK | RR=2.00,False
proxy_hardened_no_worst_hours,30,6,35,2022-02-23 19:30:00,2022-04-12 19:00:00,30,16,14,53.333333333333336,1.9042940128219394,83.4940230764331,39.146768608322866,4,NEW YORK,14,SELL,V50 realtime loss proxy | variant=proxy_hardened_no_worst_hours | Side=BUY | score=100.0 | opposite_score=8.0 | session=NEW YORK | RR=2.00,False
proxy_hardened_no_worst_hours,30,7,36,2022-02-28 14:45:00,2022-04-13 13:15:00,30,15,15,50.0,1.7395253061778053,72.01919107140053,39.146768608322866,4,NEW YORK,14,BUY,V50 realtime loss proxy | variant=proxy_hardened_no_worst_hours | Side=BUY | score=100.0 | opposite_score=8.0 | session=NEW YORK | RR=2.00,False
proxy_hardened_no_worst_hours,30,8,37,2022-02-28 21:15:00,2022-04-18 13:45:00,30,15,15,50.0,1.7903314693443526,74.78280995953365,39.146768608322866,4,NEW YORK,14,BUY,V50 realtime loss proxy | variant=proxy_hardened_no_worst_hours | Side=BUY | score=100.0 | opposite_score=8.0 | session=NEW YORK | RR=2.00,False
proxy_hardened_no_worst_hours,30,9,38,2022-03-01 15:00:00,2022-04-21 14:00:00,30,15,15,50.0,1.7835160314440794,74.42122591996656,39.146768608322866,4,NEW YORK,14,SELL,V50 realtime loss proxy | variant=proxy_hardened_no_worst_hours | Side=BUY | score=100.0 | opposite_score=8.0 | session=NEW YORK | RR=2.00,False
proxy_hardened_no_worst_hours,30,10,39,2022-03-03 10:30:00,2022-04-22 14:30:00,30,15,15,50.0,1.7857648825633294,74.63483004609733,39.146768608322866,4,NEW YORK,18,BUY,V50 realtime loss proxy | variant=proxy_hardened_no_worst_hours | Side=BUY | score=100.0 | opposite_score=8.0 | session=NEW YORK | RR=2.00,False
proxy_hardened_no_worst_hours,30,11,40,2022-03-03 21:45:00,2022-04-25 10:00:00,30,16,14,53.333333333333336,1.9813739262499086,88.41938062131598,39.146768608322866,4,NEW YORK,18,BUY,V50 realtime loss proxy | variant=proxy_hardened_no_worst_hours | Side=BUY | score=100.0 | opposite_score=8.0 | session=NEW YORK | RR=2.00,False
proxy_hardened_no_worst_hours,30,12,41,2022-03-04 10:00:00,2022-04-27 10:00:00,30,15,15,50.0,1.7955459099212434,75.66183558696376,39.146768608322866,4,NEW YORK,18,BUY,V50 realtime loss proxy | variant=proxy_hardened_no_worst_hours | Side=BUY | score=100.0 | opposite_score=8.0 | session=NEW YORK | RR=2.00,False
proxy_hardened_no_worst_hours,30,13,42,2022-03-04 15:00:00,2022-04-27 13:00:00,30,15,15,50.0,1.816109204128738,77.61754495087447,39.146768608322866,4,NEW YORK,18,BUY,V50 realtime loss proxy | variant=proxy_hardened_no_worst_hours | Side=BUY | score=100.0 | opposite_score=8.0 | session=NEW YORK | RR=2.00,False
proxy_hardened_no_worst_hours,30,14,43,2022-03-08 10:30:00,2022-04-28 22:15:00,30,15,15,50.0,1.7356105662398964,69.96157610110308,39.146768608322866,4,NEW YORK,18,BUY,V50 realtime loss proxy | variant=proxy_hardened_no_worst_hours | Side=BUY | score=100.0 | opposite_score=8.0 | session=NEW YORK | RR=2.00,False
proxy_hardened_no_worst_hours,30,15,44,2022-03-08 18:15:00,2022-05-03 10:30:00,30,14,16,46.666666666666664,1.5090619383107717,50.57523228190653,39.146768608322866,4,NEW YORK,18,BUY,V50 realtime loss proxy | variant=proxy_hardened_no_worst_hours | Side=BUY | score=100.0 | opposite_score=8.0 | session=NEW YORK | RR=2.00,False
proxy_hardened_no_worst_hours,30,16,45,2022-03-10 14:15:00,2022-05-05 10:15:00,30,15,15,50.0,1.9488053372548222,76.73528996518652,20.672602484154744,4,NEW YORK,14,BUY,V50 realtime loss proxy | variant=proxy_hardened_no_worst_hours | Side=SELL | score=89.0 | opposite_score=30.0 | session=LONDON | RR=2.00,False
proxy_hardened_no_worst_hours,30,17,46,2022-03-11 14:30:00,2022-05-09 13:30:00,30,16,14,53.333333333333336,2.3687024595175967,97.38192541681414,19.665628342737648,4,NEW YORK,14,BUY,V50 realtime loss proxy | variant=proxy_hardened_no_worst_hours | Side=SELL | score=89.0 | opposite_score=30.0 | session=LONDON | RR=2.00,False
proxy_hardened_no_worst_hours,30,18,47,2022-03-14 13:00:00,2022-05-10 14:15:00,30,17,13,56.666666666666664,2.9497958870830194,117.38373990628392,19.665628342737648,4,NEW YORK,18,BUY,V50 realtime loss proxy | variant=proxy_hardened_no_worst_hours | Side=BUY | score=72.0 | opposite_score=19.0 | session=LONDON | RR=2.00,False
proxy_hardened_no_worst_hours,30,19,48,2022-03-15 10:00:00,2022-05-12 10:00:00,30,17,13,56.666666666666664,2.865569200226154,112.31303298322982,19.665628342737648,4,NEW YORK,18,BUY,V50 realtime loss proxy | variant=proxy_hardened_no_worst_hours | Side=BUY | score=72.0 | opposite_score=19.0 | session=LONDON | RR=2.00,False
proxy_hardened_no_worst_hours,30,20,49,2022-03-15 13:30:00,2022-05-12 13:00:00,30,17,13,56.666666666666664,2.839664144086435,110.75346852199195,19.665628342737648,4,NEW YORK,18,BUY,V50 realtime loss proxy | variant=proxy_hardened_no_worst_hours | Side=BUY | score=72.0 | opposite_score=19.0 | session=LONDON | RR=2.00,False
proxy_hardened_no_worst_hours,30,21,50,2022-03-18 10:00:00,2022-05-13 15:15:00,30,17,13,56.666666666666664,2.791191077555312,107.83524006954516,19.665628342737655,4,NEW YORK,18,BUY,V50 realtime loss proxy | variant=proxy_hardened_no_worst_hours | Side=BUY | score=72.0 | opposite_score=19.0 | session=LONDON | RR=2.00,False
proxy_hardened_no_worst_hours,30,22,51,2022-03-18 13:00:00,2022-05-18 13:45:00,30,17,13,56.666666666666664,2.7536258198985855,107.0139430647026,19.665628342737655,4,NEW YORK,18,BUY,V50 realtime loss proxy | variant=proxy_hardened_no_worst_hours | Side=BUY | score=72.0 | opposite_score=19.0 | session=LONDON | RR=2.00,False
proxy_hardened_no_worst_hours,30,23,52,2022-03-21 19:00:00,2022-05-19 19:00:00,30,16,14,53.333333333333336,2.4210276473853534,92.53617380500427,19.665628342737655,4,NEW YORK,18,BUY,V50 realtime loss proxy | variant=proxy_hardened_no_worst_hours | Side=BUY | score=72.0 | opposite_score=19.0 | session=LONDON | RR=2.00,False
proxy_hardened_no_worst_hours,30,24,53,2022-03-22 10:00:00,2022-05-24 10:45:00,30,16,14,53.333333333333336,2.495221322486586,94.4724478396864,19.665628342737655,4,NEW YORK,18,BUY,V50 realtime loss proxy | variant=proxy_hardened_no_worst_hours | Side=BUY | score=72.0 | opposite_score=19.0 | session=LONDON | RR=2.00,False
proxy_hardened_no_worst_hours,30,25,54,2022-03-23 14:15:00,2022-05-24 13:30:00,30,16,14,53.333333333333336,2.492270213203451,94.28598814062556,19.66562834273765,4,NEW YORK,18,BUY,V50 realtime loss proxy | variant=proxy_hardened_no_worst_hours | Side=BUY | score=72.0 | opposite_score=19.0 | session=LONDON | RR=2.00,False
proxy_hardened_no_worst_hours,30,26,55,2022-03-24 10:00:00,2022-05-26 15:00:00,30,16,14,53.333333333333336,2.4832662484105184,94.05689600064201,19.665628342737655,4,NEW YORK,18,BUY,V50 realtime loss proxy | variant=proxy_hardened_no_worst_hours | Side=BUY | score=72.0 | opposite_score=19.0 | session=LONDON | RR=2.00,False
proxy_hardened_no_worst_hours,30,27,56,2022-03-24 13:45:00,2022-05-27 10:45:00,30,15,15,50.0,2.2783431842759523,84.74812571934771,19.665628342737655,4,NEW YORK,18,BUY,V50 realtime loss proxy | variant=proxy_hardened_no_worst_hours | Side=BUY | score=72.0 | opposite_score=19.0 | session=LONDON | RR=2.00,False
proxy_hardened_no_worst_hours,30,28,57,2022-03-30 18:30:00,2022-05-31 14:45:00,30,15,15,50.0,2.2418172814821213,82.32663058403509,19.665628342737655,4,NEW YORK,18,BUY,V50 realtime loss proxy | variant=proxy_hardened_no_worst_hours | Side=BUY | score=72.0 | opposite_score=19.0 | session=LONDON | RR=2.00,False
proxy_hardened_no_worst_hours,30,29,58,2022-03-31 10:00:00,2022-06-01 22:30:00,30,15,15,50.0,2.297727718165384,83.93978879449182,19.665628342737655,4,NEW YORK,18,BUY,V50 realtime loss proxy | variant=proxy_hardened_no_worst_hours | Side=BUY | score=72.0 | opposite_score=19.0 | session=LONDON | RR=2.00,False
proxy_hardened_no_worst_hours,30,30,59,2022-04-06 14:00:00,2022-06-02 22:00:00,30,16,14,53.333333333333336,2.519862195860229,92.31433992649508,19.665628342737655,4,NEW YORK,18,BUY,V50 realtime loss proxy | variant=proxy_hardened_no_worst_hours | Side=BUY | score=72.0 | opposite_score=19.0 | session=LONDON | RR=2.00,False
proxy_hardened_no_worst_hours,30,31,60,2022-04-07 18:15:00,2022-06-07 13:00:00,30,16,14,53.333333333333336,2.6310157911132217,94.88038934337268,19.66562834273765,4,NEW YORK,18,BUY,V50 realtime loss proxy | variant=proxy_hardened_no_worst_hours | Side=SELL | score=89.0 | opposite_score=8.0 | session=LONDON | RR=2.00,False
proxy_hardened_no_worst_hours,30,32,61,2022-04-08 15:45:00,2022-06-07 14:30:00,30,16,14,53.333333333333336,2.590707602046876,93.97529639804006,19.665628342737655,4,NEW YORK,19,BUY,V50 realtime loss proxy | variant=proxy_hardened_no_worst_hours | Side=SELL | score=89.0 | opposite_score=8.0 | session=LONDON | RR=2.00,False
proxy_hardened_no_worst_hours,30,33,62,2022-04-11 19:15:00,2022-06-09 15:30:00,30,15,15,50.0,2.257442786077313,79.54828585176469,19.665628342737655,4,NEW YORK,19,BUY,V50 realtime loss proxy | variant=proxy_hardened_no_worst_hours | Side=SELL | score=89.0 | opposite_score=8.0 | session=LONDON | RR=2.00,False
proxy_hardened_no_worst_hours,30,34,63,2022-04-12 13:45:00,2022-06-10 10:15:00,30,15,15,50.0,2.1920605084152904,75.41207530549954,19.665628342737655,4,NEW YORK,19,BUY,V50 realtime loss proxy | variant=proxy_hardened_no_worst_hours | Side=SELL | score=89.0 | opposite_score=8.0 | session=LONDON | RR=2.00,False
proxy_hardened_no_worst_hours,30,35,64,2022-04-12 19:00:00,2022-06-10 14:00:00,30,14,16,46.666666666666664,1.7971917893747114,55.806623438411265,19.665628342737655,4,NEW YORK,19,BUY,V50 realtime loss proxy | variant=proxy_hardened_no_worst_hours | Side=SELL | score=100.0 | opposite_score=8.0 | session=LONDON | RR=2.00,False
proxy_hardened_no_worst_hours,30,36,65,2022-04-13 13:15:00,2022-06-15 19:30:00,30,14,16,46.666666666666664,1.7006196017866164,51.83134257409857,23.98469910891133,3,NEW YORK,19,BUY,V50 realtime loss proxy | variant=proxy_hardened_no_worst_hours | Side=SELL | score=100.0 | opposite_score=8.0 | session=LONDON | RR=2.00,False
proxy_hardened_no_worst_hours,30,37,66,2022-04-18 13:45:00,2022-06-22 14:45:00,30,14,16,46.666666666666664,1.6828830727462798,51.05164736285347,29.819480487294186,3,NEW YORK,19,BUY,V50 realtime loss proxy | variant=proxy_hardened_no_worst_hours | Side=BUY | score=78.0 | opposite_score=30.0 | session=LONDON | RR=2.00,False
proxy_hardened_no_worst_hours,30,38,67,2022-04-21 14:00:00,2022-06-24 13:45:00,30,14,16,46.666666666666664,1.6579353235756726,49.92671296312015,34.89088139527628,4,NEW YORK,19,BUY,V50 realtime loss proxy | variant=proxy_hardened_no_worst_hours | Side=BUY | score=78.0 | opposite_score=30.0 | session=LONDON | RR=2.00,False
proxy_hardened_no_worst_hours,30,39,68,2022-04-22 14:30:00,2022-06-27 10:00:00,30,14,16,46.666666666666664,1.703284751114592,51.94709882802303,38.226116584830976,5,NEW YORK,19,BUY,V50 realtime loss proxy | variant=proxy_hardened_no_worst_hours | Side=BUY | score=78.0 | opposite_score=30.0 | session=LONDON | RR=2.00,False
proxy_hardened_no_worst_hours,30,40,69,2022-04-25 10:00:00,2022-06-28 13:00:00,30,14,16,46.666666666666664,1.6217157126856896,45.92212118723444,38.226116584830976,5,NEW YORK,19,BUY,V50 realtime loss proxy | variant=proxy_hardened_no_worst_hours | Side=BUY | score=78.0 | opposite_score=30.0 | session=LONDON | RR=2.00,False
proxy_hardened_no_worst_hours,30,41,70,2022-04-27 10:00:00,2022-06-29 10:00:00,30,13,17,43.333333333333336,1.4431291023699764,34.04917732595628,38.226116584830976,5,NEW YORK,19,BUY,V50 realtime loss proxy | variant=proxy_hardened_no_worst_hours | Side=BUY | score=78.0 | opposite_score=30.0 | session=LONDON | RR=2.00,False
proxy_hardened_no_worst_hours,30,42,71,2022-04-27 13:00:00,2022-06-29 14:00:00,30,14,16,46.666666666666664,1.6894398891993188,49.52162920219017,38.226116584830976,5,NEW YORK,19,BUY,V50 realtime loss proxy | variant=proxy_hardened_no_worst_hours | Side=BUY | score=78.0 | opposite_score=30.0 | session=LONDON | RR=2.00,False
proxy_hardened_no_worst_hours,30,43,72,2022-04-28 22:15:00,2022-06-30 14:30:00,30,14,16,46.666666666666664,1.7098958729385678,50.990957649196034,38.226116584830976,5,NEW YORK,19,BUY,V50 realtime loss proxy | variant=proxy_hardened_no_worst_hours | Side=BUY | score=78.0 | opposite_score=30.0 | session=LONDON | RR=2.00,False
proxy_hardened_no_worst_hours,30,44,73,2022-05-03 10:30:00,2022-07-06 13:45:00,30,14,16,46.666666666666664,1.7690661941243206,55.241089896313824,38.226116584830976,5,NEW YORK,19,BUY,V50 realtime loss proxy | variant=proxy_hardened_no_worst_hours | Side=BUY | score=72.0 | opposite_score=30.0 | session=NEW YORK | RR=2.00,False
proxy_hardened_no_worst_hours,30,45,74,2022-05-05 10:15:00,2022-07-11 10:30:00,30,14,16,46.666666666666664,1.8083677523915798,56.80215686078792,38.226116584830976,5,NEW YORK,19,BUY,V50 realtime loss proxy | variant=proxy_hardened_no_worst_hours | Side=BUY | score=72.0 | opposite_score=30.0 | session=NEW YORK | RR=2.00,False
proxy_hardened_no_worst_hours,30,46,75,2022-05-09 13:30:00,2022-07-12 14:00:00,30,14,16,46.666666666666664,1.8219910833382924,57.75943723115425,38.226116584830976,5,NEW YORK,19,BUY,V50 realtime loss proxy | variant=proxy_hardened_no_worst_hours | Side=BUY | score=72.0 | opposite_score=30.0 | session=NEW YORK | RR=2.00,False
proxy_hardened_no_worst_hours,30,47,76,2022-05-10 14:15:00,2022-07-13 13:00:00,30,13,17,43.333333333333336,1.5233624822321683,40.23302320945696,38.22611658483098,5,NEW YORK,19,BUY,V50 realtime loss proxy | variant=proxy_hardened_no_worst_hours | Side=BUY | score=72.0 | opposite_score=30.0 | session=NEW YORK | RR=2.00,False
proxy_hardened_no_worst_hours,30,48,77,2022-05-12 10:00:00,2022-07-13 14:00:00,30,12,18,40.0,1.2786530602103936,23.547300177430188,38.22611658483098,5,NEW YORK,19,BUY,V50 realtime loss proxy | variant=proxy_hardened_no_worst_hours | Side=BUY | score=72.0 | opposite_score=30.0 | session=NEW YORK | RR=2.00,False
proxy_hardened_no_worst_hours,30,49,78,2022-05-12 13:00:00,2022-07-14 14:30:00,30,11,19,36.666666666666664,1.0842957109996485,7.712183037100981,38.226116584831004,5,NEW YORK,19,BUY,V50 realtime loss proxy | variant=proxy_hardened_no_worst_hours | Side=SELL | score=100.0 | opposite_score=8.0 | session=LONDON | RR=2.00,True
proxy_hardened_no_worst_hours,30,50,79,2022-05-13 15:15:00,2022-07-15 10:30:00,30,10,20,33.33333333333333,0.9355491579201989,-6.096520090025386,38.226116584831004,5,NEW YORK,19,BUY,V50 realtime loss proxy | variant=proxy_hardened_no_worst_hours | Side=SELL | score=100.0 | opposite_score=8.0 | session=LONDON | RR=2.00,True
proxy_hardened_no_worst_hours,30,51,80,2022-05-18 13:45:00,2022-07-20 10:45:00,30,9,21,30.0,0.7751583714121679,-21.956222204211734,38.226116584831004,5,NEW YORK,10,BUY,V50 realtime loss proxy | variant=proxy_hardened_no_worst_hours | Side=SELL | score=100.0 | opposite_score=8.0 | session=LONDON | RR=2.00,True
proxy_hardened_no_worst_hours,30,52,81,2022-05-19 19:00:00,2022-07-20 15:15:00,30,10,20,33.33333333333333,0.8911519967967678,-10.098487387811838,37.6690912503063,5,NEW YORK,10,BUY,V50 realtime loss proxy | variant=proxy_hardened_no_worst_hours | Side=SELL | score=100.0 | opposite_score=8.0 | session=LONDON | RR=2.00,True
proxy_hardened_no_worst_hours,30,53,82,2022-05-24 10:45:00,2022-07-22 13:30:00,30,11,19,36.666666666666664,1.0302439251834472,2.6820688348869695,37.6690912503063,5,NEW YORK,10,BUY,V50 realtime loss proxy | variant=proxy_hardened_no_worst_hours | Side=SELL | score=100.0 | opposite_score=8.0 | session=LONDON | RR=2.00,True
proxy_hardened_no_worst_hours,30,54,83,2022-05-24 13:30:00,2022-07-25 10:15:00,30,11,19,36.666666666666664,1.0234443396314594,2.092886145133299,37.66909125030631,5,NEW YORK,10,BUY,V50 realtime loss proxy | variant=proxy_hardened_no_worst_hours | Side=SELL | score=100.0 | opposite_score=8.0 | session=LONDON | RR=2.00,True
proxy_hardened_no_worst_hours,30,55,84,2022-05-26 15:00:00,2022-07-27 18:30:00,30,11,19,36.666666666666664,1.0529257039529196,4.724700045543479,37.66909125030631,5,LONDON,10,BUY,V50 realtime loss proxy | variant=proxy_hardened_no_worst_hours | Side=SELL | score=100.0 | opposite_score=8.0 | session=LONDON | RR=2.00,True
proxy_hardened_no_worst_hours,30,56,85,2022-05-27 10:45:00,2022-07-28 13:00:00,30,12,18,40.0,1.2349998016597294,19.820472070538564,37.66909125030631,5,NEW YORK,10,BUY,V50 realtime loss proxy | variant=proxy_hardened_no_worst_hours | Side=SELL | score=100.0 | opposite_score=8.0 | session=LONDON | RR=2.00,False
proxy_hardened_no_worst_hours,30,57,86,2022-05-31 14:45:00,2022-07-28 18:15:00,30,13,17,43.333333333333336,1.3810496824882308,31.04001439990393,37.6690912503063,5,NEW YORK,10,BUY,V50 realtime loss proxy | variant=proxy_hardened_no_worst_hours | Side=SELL | score=100.0 | opposite_score=8.0 | session=LONDON | RR=2.00,False
proxy_hardened_no_worst_hours,30,58,87,2022-06-01 22:30:00,2022-07-29 18:45:00,30,12,18,40.0,1.2052149892437618,17.45731548386275,37.66909125030631,5,NEW YORK,10,SELL,V50 realtime loss proxy | variant=proxy_hardened_no_worst_hours | Side=SELL | score=100.0 | opposite_score=8.0 | session=LONDON | RR=2.00,False
proxy_hardened_no_worst_hours,30,59,88,2022-06-02 22:00:00,2022-08-01 13:00:00,30,12,18,40.0,1.180615366423211,15.684806692253096,37.66909125030631,5,LONDON,10,BUY,V50 realtime loss proxy | variant=proxy_hardened_no_worst_hours | Side=SELL | score=100.0 | opposite_score=8.0 | session=LONDON | RR=2.00,False
proxy_hardened_no_worst_hours,30,60,89,2022-06-07 13:00:00,2022-08-04 13:45:00,30,12,18,40.0,1.2325369926523884,20.193729087282556,37.6690912503063,5,NEW YORK,10,SELL,V50 realtime loss proxy | variant=proxy_hardened_no_worst_hours | Side=SELL | score=100.0 | opposite_score=8.0 | session=LONDON | RR=2.00,False
proxy_hardened_no_worst_hours,30,61,90,2022-06-07 14:30:00,2022-08-08 18:00:00,30,12,18,40.0,1.2374329402316309,20.537318331851203,34.45584062735191,5,NEW YORK,10,BUY,V50 realtime loss proxy | variant=proxy_hardened_no_worst_hours | Side=SELL | score=100.0 | opposite_score=8.0 | session=LONDON | RR=2.00,False
proxy_hardened_no_worst_hours,30,62,91,2022-06-09 15:30:00,2022-08-09 10:45:00,30,13,17,43.333333333333336,1.3885011093956776,31.804215933399163,30.26721222560845,5,NEW YORK,19,SELL,V50 realtime loss proxy | variant=proxy_hardened_no_worst_hours | Side=SELL | score=100.0 | opposite_score=8.0 | session=LONDON | RR=2.00,False
proxy_hardened_no_worst_hours,30,63,92,2022-06-10 10:15:00,2022-08-09 14:30:00,30,13,17,43.333333333333336,1.388953330509083,31.83086951718097,30.267212225608453,5,NEW YORK,19,BUY,V50 realtime loss proxy | variant=proxy_hardened_no_worst_hours | Side=SELL | score=100.0 | opposite_score=8.0 | session=LONDON | RR=2.00,False
proxy_hardened_no_worst_hours,30,64,93,2022-06-10 14:00:00,2022-08-10 13:00:00,30,12,18,40.0,1.2484616581020307,21.700318115103855,30.267212225608446,5,NEW YORK,10,BUY,V50 realtime loss proxy | variant=proxy_hardened_no_worst_hours | Side=SELL | score=100.0 | opposite_score=8.0 | session=LONDON | RR=2.00,False
proxy_hardened_no_worst_hours,30,65,94,2022-06-15 19:30:00,2022-08-11 13:30:00,30,12,18,40.0,1.2895101300442517,24.480536801108983,27.38422685842047,5,NEW YORK,10,BUY,V50 realtime loss proxy | variant=proxy_hardened_no_worst_hours | Side=BUY | score=90.0 | opposite_score=4.0 | session=LONDON | RR=2.00,False
proxy_hardened_no_worst_hours,30,66,95,2022-06-22 14:45:00,2022-08-12 14:15:00,30,13,17,43.333333333333336,1.5630343668936557,42.38226863104783,27.38422685842047,5,NEW YORK,10,SELL,V50 realtime loss proxy | variant=proxy_hardened_no_worst_hours | Side=BUY | score=90.0 | opposite_score=4.0 | session=LONDON | RR=2.00,False
proxy_hardened_no_worst_hours,30,67,96,2022-06-24 13:45:00,2022-08-15 13:30:00,30,13,17,43.333333333333336,1.5696031279085183,42.69729209419698,27.38422685842047,5,NEW YORK,10,SELL,V50 realtime loss proxy | variant=proxy_hardened_no_worst_hours | Side=BUY | score=90.0 | opposite_score=4.0 | session=LONDON | RR=2.00,False
proxy_hardened_no_worst_hours,30,68,97,2022-06-27 10:00:00,2022-08-16 13:00:00,30,13,17,43.333333333333336,1.5949575719283342,43.88889875983191,27.384226858420465,5,NEW YORK,10,SELL,V50 realtime loss proxy | variant=proxy_hardened_no_worst_hours | Side=BUY | score=90.0 | opposite_score=4.0 | session=LONDON | RR=2.00,False
proxy_hardened_no_worst_hours,30,69,98,2022-06-28 13:00:00,2022-08-17 13:00:00,30,14,16,46.666666666666664,1.7783703068032095,54.822862494340235,27.384226858420462,5,NEW YORK,10,SELL,V50 realtime loss proxy | variant=proxy_hardened_no_worst_hours | Side=BUY | score=90.0 | opposite_score=4.0 | session=LONDON | RR=2.00,False
proxy_hardened_no_worst_hours,30,70,99,2022-06-29 10:00:00,2022-08-19 15:30:00,30,14,16,46.666666666666664,1.788375758049133,55.52757524231479,27.38422685842047,5,NEW YORK,10,SELL,V50 realtime loss proxy | variant=proxy_hardened_no_worst_hours | Side=BUY | score=90.0 | opposite_score=4.0 | session=LONDON | RR=2.00,False
proxy_hardened_no_worst_hours,30,71,100,2022-06-29 14:00:00,2022-08-22 13:45:00,30,14,16,46.666666666666664,1.7548574273184054,54.182285002299395,27.384226858420465,5,NEW YORK,10,SELL,V50 realtime loss proxy | variant=proxy_hardened_no_worst_hours | Side=BUY | score=90.0 | opposite_score=4.0 | session=LONDON | RR=2.00,False
proxy_hardened_no_worst_hours,30,72,101,2022-06-30 14:30:00,2022-08-23 10:00:00,30,13,17,43.333333333333336,1.538616482187911,40.431605220789244,27.38422685842047,5,NEW YORK,10,SELL,V50 realtime loss proxy | variant=proxy_hardened_no_worst_hours | Side=BUY | score=90.0 | opposite_score=4.0 | session=LONDON | RR=2.00,False
proxy_hardened_no_worst_hours,30,73,102,2022-07-06 13:45:00,2022-08-23 18:00:00,30,12,18,40.0,1.3072759615785303,24.176586210621366,27.38422685842047,5,NEW YORK,10,SELL,V50 realtime loss proxy | variant=proxy_hardened_no_worst_hours | Side=BUY | score=90.0 | opposite_score=4.0 | session=LONDON | RR=2.00,False
proxy_hardened_no_worst_hours,30,74,103,2022-07-11 10:30:00,2022-08-24 13:00:00,30,11,19,36.666666666666664,1.1192265096994136,9.800988017688589,27.384226858420472,5,LONDON,10,SELL,V50 realtime loss proxy | variant=proxy_hardened_no_worst_hours | Side=BUY | score=90.0 | opposite_score=4.0 | session=LONDON | RR=2.00,False
proxy_hardened_no_worst_hours,30,75,104,2022-07-12 14:00:00,2022-08-24 22:00:00,30,12,18,40.0,1.2158328234556863,17.163628540021907,27.38422685842047,5,LONDON,10,SELL,V50 realtime loss proxy | variant=proxy_hardened_no_worst_hours | Side=BUY | score=90.0 | opposite_score=4.0 | session=LONDON | RR=2.00,False
proxy_hardened_no_worst_hours,30,76,105,2022-07-13 13:00:00,2022-08-26 14:15:00,30,12,18,40.0,1.2517540341698759,20.020183477009002,27.38422685842047,5,LONDON,10,SELL,V50 realtime loss proxy | variant=proxy_hardened_no_worst_hours | Side=BUY | score=90.0 | opposite_score=4.0 | session=LONDON | RR=2.00,False
proxy_hardened_no_worst_hours,30,77,106,2022-07-13 14:00:00,2022-08-30 13:45:00,30,13,17,43.333333333333336,1.461112125737011,33.622637179164116,20.77783783457705,4,NEW YORK,10,SELL,V50 realtime loss proxy | variant=proxy_hardened_no_worst_hours | Side=BUY | score=90.0 | opposite_score=4.0 | session=LONDON | RR=2.00,False
proxy_hardened_no_worst_hours,30,78,107,2022-07-14 14:30:00,2022-09-01 13:45:00,30,14,16,46.666666666666664,1.7762936449532827,50.68149624635189,14.746407949487388,4,NEW YORK,10,SELL,V50 realtime loss proxy | variant=proxy_hardened_no_worst_hours | Side=BUY | score=90.0 | opposite_score=4.0 | session=LONDON | RR=2.00,False
proxy_hardened_no_worst_hours,30,79,108,2022-07-15 10:30:00,2022-09-01 15:00:00,30,14,16,46.666666666666664,1.8053864366093098,51.733551667133135,14.74640794948738,4,NEW YORK,10,SELL,V50 realtime loss proxy | variant=proxy_hardened_no_worst_hours | Side=BUY | score=90.0 | opposite_score=4.0 | session=LONDON | RR=2.00,False
proxy_hardened_no_worst_hours,30,80,109,2022-07-20 10:45:00,2022-09-06 13:45:00,30,15,15,50.0,2.0166439856525917,62.149773287050365,14.74640794948738,4,NEW YORK,10,SELL,V50 realtime loss proxy | variant=proxy_hardened_no_worst_hours | Side=BUY | score=90.0 | opposite_score=4.0 | session=LONDON | RR=2.00,False
proxy_hardened_no_worst_hours,30,81,110,2022-07-20 15:15:00,2022-09-12 14:30:00,30,15,15,50.0,1.9682150807151728,60.64558311472466,14.74640794948738,4,NEW YORK,10,BUY,V50 realtime loss proxy | variant=proxy_hardened_no_worst_hours | Side=BUY | score=90.0 | opposite_score=4.0 | session=LONDON | RR=2.00,False
proxy_hardened_no_worst_hours,30,82,111,2022-07-22 13:30:00,2022-09-13 10:15:00,30,15,15,50.0,1.9391080558633373,58.822421577547956,14.746407949487388,4,NEW YORK,15,SELL,V50 realtime loss proxy | variant=proxy_hardened_no_worst_hours | Side=BUY | score=90.0 | opposite_score=4.0 | session=LONDON | RR=2.00,False
proxy_hardened_no_worst_hours,30,83,112,2022-07-25 10:15:00,2022-09-14 14:15:00,30,14,16,46.666666666666664,1.6994685380319234,46.415257271133314,14.746407949487386,4,NEW YORK,15,SELL,V50 realtime loss proxy | variant=proxy_hardened_no_worst_hours | Side=BUY | score=90.0 | opposite_score=4.0 | session=LONDON | RR=2.00,False
proxy_hardened_no_worst_hours,30,84,113,2022-07-27 18:30:00,2022-09-15 10:30:00,30,14,16,46.666666666666664,1.71416960154389,46.98435590340009,14.746407949487388,4,NEW YORK,15,SELL,V50 realtime loss proxy | variant=proxy_hardened_no_worst_hours | Side=BUY | score=90.0 | opposite_score=4.0 | session=LONDON | RR=2.00,False
proxy_hardened_no_worst_hours,30,85,114,2022-07-28 13:00:00,2022-09-15 13:00:00,30,13,17,43.333333333333336,1.4709176893562579,32.90841898869653,14.746407949487384,4,NEW YORK,18,SELL,V50 realtime loss proxy | variant=proxy_hardened_no_worst_hours | Side=BUY | score=90.0 | opposite_score=4.0 | session=LONDON | RR=2.00,False
proxy_hardened_no_worst_hours,30,86,115,2022-07-28 18:15:00,2022-09-16 13:15:00,30,12,18,40.0,1.2480970883259834,18.41143357314113,15.149404845603442,4,NEW YORK,18,SELL,V50 realtime loss proxy | variant=proxy_hardened_no_worst_hours | Side=BUY | score=90.0 | opposite_score=4.0 | session=LONDON | RR=2.00,False
proxy_hardened_no_worst_hours,30,87,116,2022-07-29 18:45:00,2022-09-19 10:15:00,30,11,19,36.666666666666664,1.0858173917327845,6.661510946090944,18.56305890587432,5,NEW YORK,18,BUY,V50 realtime loss proxy | variant=proxy_hardened_no_worst_hours | Side=BUY | score=90.0 | opposite_score=4.0 | session=LONDON | RR=2.00,True
proxy_hardened_no_worst_hours,30,88,117,2022-08-01 13:00:00,2022-09-20 10:15:00,30,12,18,40.0,1.2185473175244301,16.175793280959027,18.563058905874318,5,NEW YORK,18,BUY,V50 realtime loss proxy | variant=proxy_hardened_no_worst_hours | Side=BUY | score=90.0 | opposite_score=4.0 | session=LONDON | RR=2.00,False
proxy_hardened_no_worst_hours,30,89,118,2022-08-04 13:45:00,2022-09-20 13:45:00,30,12,18,40.0,1.2258633991360597,16.617522951069162,18.563058905874314,5,NEW YORK,18,SELL,V50 realtime loss proxy | variant=proxy_hardened_no_worst_hours | Side=BUY | score=90.0 | opposite_score=4.0 | session=LONDON | RR=2.00,False
proxy_hardened_no_worst_hours,30,90,119,2022-08-08 18:00:00,2022-09-22 14:00:00,30,11,19,36.666666666666664,1.0112773135117556,0.906073612105132,23.305258794165535,5,NEW YORK,13,BUY,V50 realtime loss proxy | variant=proxy_hardened_no_worst_hours | Side=BUY | score=90.0 | opposite_score=4.0 | session=LONDON | RR=2.00,True
proxy_hardened_no_worst_hours,30,91,120,2022-08-09 10:45:00,2022-09-23 13:15:00,30,12,18,40.0,1.2132021870679295,16.51787114263684,23.305258794165532,5,NEW YORK,18,BUY,V50 realtime loss proxy | variant=proxy_hardened_no_worst_hours | Side=BUY | score=90.0 | opposite_score=4.0 | session=LONDON | RR=2.00,False
proxy_hardened_no_worst_hours,30,92,121,2022-08-09 14:30:00,2022-09-26 10:00:00,30,11,19,36.666666666666664,1.0559953116623102,4.632336905129566,23.30525879416554,5,NEW YORK,10,BUY,V50 realtime loss proxy | variant=proxy_hardened_no_worst_hours | Side=BUY | score=90.0 | opposite_score=4.0 | session=LONDON | RR=2.00,True
proxy_hardened_no_worst_hours,30,93,122,2022-08-10 13:00:00,2022-09-29 14:00:00,30,11,19,36.666666666666664,1.0369603066366462,3.113751104528408,23.305258794165535,5,NEW YORK,10,BUY,V50 realtime loss proxy | variant=proxy_hardened_no_worst_hours | Side=BUY | score=72.0 | opposite_score=30.0 | session=LONDON | RR=2.00,True
proxy_hardened_no_worst_hours,30,94,123,2022-08-11 13:30:00,2022-09-29 14:45:00,30,12,18,40.0,1.266553204411254,20.989561585142468,23.305258794165535,5,NEW YORK,10,BUY,V50 realtime loss proxy | variant=proxy_hardened_no_worst_hours | Side=SELL | score=85.0 | opposite_score=26.0 | session=LONDON | RR=2.00,False
proxy_hardened_no_worst_hours,30,95,124,2022-08-12 14:15:00,2022-09-30 13:30:00,30,12,18,40.0,1.247472375426864,19.785119945195078,23.305258794165532,5,NEW YORK,10,BUY,V50 realtime loss proxy | variant=proxy_hardened_no_worst_hours | Side=SELL | score=85.0 | opposite_score=26.0 | session=LONDON | RR=2.00,False
proxy_hardened_no_worst_hours,30,96,125,2022-08-15 13:30:00,2022-10-04 13:15:00,30,12,18,40.0,1.2585612725836446,20.67166398845811,23.305258794165535,5,NEW YORK,10,BUY,V50 realtime loss proxy | variant=proxy_hardened_no_worst_hours | Side=SELL | score=85.0 | opposite_score=26.0 | session=LONDON | RR=2.00,False
proxy_hardened_no_worst_hours,30,97,126,2022-08-16 13:00:00,2022-10-05 22:00:00,30,13,17,43.333333333333336,1.4397133099187662,32.72744133166393,23.305258794165535,5,NEW YORK,10,BUY,V50 realtime loss proxy | variant=proxy_hardened_no_worst_hours | Side=BUY | score=89.0 | opposite_score=8.0 | session=LONDON | RR=2.00,False
proxy_hardened_no_worst_hours,30,98,127,2022-08-17 13:00:00,2022-10-11 10:15:00,30,13,17,43.333333333333336,1.4373018506022295,32.60256664948029,23.305258794165532,5,NEW YORK,10,BUY,V50 realtime loss proxy | variant=proxy_hardened_no_worst_hours | Side=BUY | score=89.0 | opposite_score=8.0 | session=LONDON | RR=2.00,False
proxy_hardened_no_worst_hours,30,99,128,2022-08-19 15:30:00,2022-10-12 22:15:00,30,12,18,40.0,1.2818375682075351,21.889759506778184,23.305258794165532,5,NEW YORK,10,BUY,V50 realtime loss proxy | variant=proxy_hardened_no_worst_hours | Side=BUY | score=89.0 | opposite_score=8.0 | session=LONDON | RR=2.00,False
proxy_hardened_no_worst_hours,30,100,129,2022-08-22 13:45:00,2022-10-18 10:00:00,30,11,19,36.666666666666664,1.1312346185106408,10.689202810202321,23.30525879416554,5,NEW YORK,10,SELL,V50 realtime loss proxy | variant=proxy_hardened_no_worst_hours | Side=SELL | score=76.0 | opposite_score=4.0 | session=LONDON | RR=2.00,False
proxy_hardened_no_worst_hours,30,101,130,2022-08-23 10:00:00,2022-10-18 14:30:00,30,12,18,40.0,1.2919518929118208,22.518624404538148,23.305258794165535,5,NEW YORK,10,BUY,V50 realtime loss proxy | variant=proxy_hardened_no_worst_hours | Side=SELL | score=76.0 | opposite_score=4.0 | session=LONDON | RR=2.00,False
proxy_hardened_no_worst_hours,30,102,131,2022-08-23 18:00:00,2022-10-19 14:00:00,30,13,17,43.333333333333336,1.4749919649352556,35.07520594961952,23.305258794165532,5,NEW YORK,10,BUY,V50 realtime loss proxy | variant=proxy_hardened_no_worst_hours | Side=SELL | score=76.0 | opposite_score=4.0 | session=LONDON | RR=2.00,False
proxy_hardened_no_worst_hours,30,103,132,2022-08-24 13:00:00,2022-10-25 18:30:00,30,13,17,43.333333333333336,1.4728064192578596,34.9656267343838,23.305258794165535,5,NEW YORK,10,BUY,V50 realtime loss proxy | variant=proxy_hardened_no_worst_hours | Side=SELL | score=76.0 | opposite_score=4.0 | session=LONDON | RR=2.00,False
proxy_hardened_no_worst_hours,30,104,133,2022-08-24 22:00:00,2022-10-26 14:15:00,30,13,17,43.333333333333336,1.4486935337733873,33.73470450498654,23.305258794165532,5,NEW YORK,10,BUY,V50 realtime loss proxy | variant=proxy_hardened_no_worst_hours | Side=BUY | score=89.0 | opposite_score=8.0 | session=LONDON | RR=2.00,False
proxy_hardened_no_worst_hours,30,105,134,2022-08-26 14:15:00,2022-10-28 13:30:00,30,13,17,43.333333333333336,1.538679808440561,40.50025862356856,23.305258794165535,5,NEW YORK,10,BUY,V50 realtime loss proxy | variant=proxy_hardened_no_worst_hours | Side=BUY | score=89.0 | opposite_score=8.0 | session=LONDON | RR=2.00,False
proxy_hardened_no_worst_hours,30,106,135,2022-08-30 13:45:00,2022-10-31 13:45:00,30,12,18,40.0,1.321283578655118,25.333601908553284,23.30525879416554,5,NEW YORK,10,BUY,V50 realtime loss proxy | variant=proxy_hardened_no_worst_hours | Side=BUY | score=89.0 | opposite_score=8.0 | session=LONDON | RR=2.00,False
proxy_hardened_no_worst_hours,30,107,136,2022-09-01 13:45:00,2022-10-31 15:30:00,30,11,19,36.666666666666664,1.1798446404773992,14.814558096609373,23.30525879416554,5,NEW YORK,15,BUY,V50 realtime loss proxy | variant=proxy_hardened_no_worst_hours | Side=BUY | score=89.0 | opposite_score=8.0 | session=LONDON | RR=2.00,False
proxy_hardened_no_worst_hours,30,108,137,2022-09-01 15:00:00,2022-11-01 18:15:00,30,11,19,36.666666666666664,1.157452915953394,12.970057738057761,23.30525879416554,5,LONDON,15,SELL,V50 realtime loss proxy | variant=proxy_hardened_no_worst_hours | Side=BUY | score=89.0 | opposite_score=8.0 | session=LONDON | RR=2.00,False
proxy_hardened_no_worst_hours,30,109,138,2022-09-06 13:45:00,2022-11-02 13:15:00,30,11,19,36.666666666666664,1.195483505918011,15.59053668876217,23.30525879416554,5,NEW YORK,10,BUY,V50 realtime loss proxy | variant=proxy_hardened_no_worst_hours | Side=BUY | score=89.0 | opposite_score=8.0 | session=LONDON | RR=2.00,False
proxy_hardened_no_worst_hours,30,110,139,2022-09-12 14:30:00,2022-11-03 13:45:00,30,10,20,33.33333333333333,1.0357413283559311,3.037743036345633,23.305258794165542,5,LONDON,10,SELL,V50 realtime loss proxy | variant=proxy_hardened_no_worst_hours | Side=BUY | score=89.0 | opposite_score=8.0 | session=LONDON | RR=2.00,True
proxy_hardened_no_worst_hours,30,111,140,2022-09-13 10:15:00,2022-11-04 10:00:00,30,11,19,36.666666666666664,1.1847164946095448,14.856396341129853,23.30525879416554,5,NEW YORK,15,SELL,V50 realtime loss proxy | variant=proxy_hardened_no_worst_hours | Side=SELL | score=96.0 | opposite_score=4.0 | session=LONDON | RR=2.00,False
proxy_hardened_no_worst_hours,30,112,141,2022-09-14 14:15:00,2022-11-07 13:00:00,30,10,20,33.33333333333333,1.0758574563715502,6.3546665532440745,23.30525879416554,5,LONDON,10,SELL,V50 realtime loss proxy | variant=proxy_hardened_no_worst_hours | Side=SELL | score=96.0 | opposite_score=4.0 | session=LONDON | RR=2.00,True
proxy_hardened_no_worst_hours,30,113,142,2022-09-15 10:30:00,2022-11-09 15:15:00,30,10,20,33.33333333333333,1.0547318828087577,4.676786444136583,19.583845942244864,4,LONDON,15,BUY,V50 realtime loss proxy | variant=proxy_hardened_no_worst_hours | Side=SELL | score=96.0 | opposite_score=4.0 | session=LONDON | RR=2.00,True
proxy_hardened_no_worst_hours,30,114,143,2022-09-15 13:00:00,2022-11-11 13:00:00,30,10,20,33.33333333333333,1.0354397086586922,3.0847114965409634,16.577660354283108,3,LONDON,15,BUY,V50 realtime loss proxy | variant=proxy_hardened_no_worst_hours | Side=BUY | score=96.0 | opposite_score=4.0 | session=LONDON | RR=2.00,True
proxy_hardened_no_worst_hours,30,115,144,2022-09-16 13:15:00,2022-11-11 14:45:00,30,11,19,36.666666666666664,1.2072402789960166,17.190256471484275,14.638119826149918,3,NEW YORK,15,BUY,V50 realtime loss proxy | variant=proxy_hardened_no_worst_hours | Side=BUY | score=96.0 | opposite_score=4.0 | session=LONDON | RR=2.00,False
proxy_hardened_no_worst_hours,30,116,145,2022-09-19 10:15:00,2022-11-14 14:00:00,30,12,18,40.0,1.3743694248332583,29.43266258861818,14.638119826149905,3,NEW YORK,15,SELL,V50 realtime loss proxy | variant=proxy_hardened_no_worst_hours | Side=BUY | score=96.0 | opposite_score=4.0 | session=LONDON | RR=2.00,False
proxy_hardened_no_worst_hours,30,117,146,2022-09-20 10:15:00,2022-11-14 21:00:00,30,12,18,40.0,1.3776406052963643,29.6193425697928,14.638119826149905,3,NEW YORK,15,BUY,V50 realtime loss proxy | variant=proxy_hardened_no_worst_hours | Side=BUY | score=96.0 | opposite_score=4.0 | session=LONDON | RR=2.00,False
proxy_hardened_no_worst_hours,30,118,147,2022-09-20 13:45:00,2022-11-15 10:00:00,30,12,18,40.0,1.3995435061331714,31.3372444957482,14.638119826149914,3,NEW YORK,15,SELL,V50 realtime loss proxy | variant=proxy_hardened_no_worst_hours | Side=BUY | score=89.0 | opposite_score=8.0 | session=LONDON | RR=2.00,False
proxy_hardened_no_worst_hours,30,119,148,2022-09-22 14:00:00,2022-11-15 19:30:00,30,12,18,40.0,1.3533013846700575,28.657212656331104,14.638119826149905,3,NEW YORK,15,BUY,V50 realtime loss proxy | variant=proxy_hardened_no_worst_hours | Side=BUY | score=100.0 | opposite_score=8.0 | session=NEW YORK | RR=2.00,False
proxy_hardened_no_worst_hours,30,120,149,2022-09-23 13:15:00,2022-11-21 10:45:00,30,12,18,40.0,1.414895543839902,32.18826177709626,14.638119826149904,3,NEW YORK,15,SELL,V50 realtime loss proxy | variant=proxy_hardened_no_worst_hours | Side=BUY | score=100.0 | opposite_score=8.0 | session=NEW YORK | RR=2.00,False
proxy_hardened_no_worst_hours,30,121,150,2022-09-26 10:00:00,2022-11-24 10:15:00,30,11,19,36.666666666666664,1.2096593949263639,16.81694464268763,14.638119826149918,3,NEW YORK,15,SELL,V50 realtime loss proxy | variant=proxy_hardened_no_worst_hours | Side=BUY | score=100.0 | opposite_score=8.0 | session=NEW YORK | RR=2.00,False
proxy_hardened_no_worst_hours,30,122,151,2022-09-29 14:00:00,2022-11-29 15:30:00,30,11,19,36.666666666666664,1.2259009226606536,17.879628962884098,16.614849644993058,4,NEW YORK,15,SELL,V50 realtime loss proxy | variant=proxy_hardened_no_worst_hours | Side=BUY | score=100.0 | opposite_score=8.0 | session=NEW YORK | RR=2.00,False
proxy_hardened_no_worst_hours,30,123,152,2022-09-29 14:45:00,2022-11-30 10:45:00,30,12,18,40.0,1.3920834027521525,28.80710643995927,16.614849644993058,4,NEW YORK,15,SELL,V50 realtime loss proxy | variant=proxy_hardened_no_worst_hours | Side=BUY | score=100.0 | opposite_score=8.0 | session=NEW YORK | RR=2.00,False
proxy_hardened_no_worst_hours,30,124,153,2022-09-30 13:30:00,2022-11-30 14:30:00,30,11,19,36.666666666666664,1.1542040574838286,12.011445636519147,16.61484964499306,4,NEW YORK,15,SELL,V50 realtime loss proxy | variant=proxy_hardened_no_worst_hours | Side=BUY | score=100.0 | opposite_score=8.0 | session=NEW YORK | RR=2.00,False
proxy_hardened_no_worst_hours,30,125,154,2022-10-04 13:15:00,2022-12-01 10:00:00,30,12,18,40.0,1.3270951153810844,23.78861562803796,16.614849644993058,4,NEW YORK,15,SELL,V50 realtime loss proxy | variant=proxy_hardened_no_worst_hours | Side=BUY | score=100.0 | opposite_score=8.0 | session=NEW YORK | RR=2.00,False
proxy_hardened_no_worst_hours,30,126,155,2022-10-05 22:00:00,2022-12-02 13:00:00,30,11,19,36.666666666666664,1.1572507317419336,11.82331542674601,16.614849644993065,4,NEW YORK,15,SELL,V50 realtime loss proxy | variant=proxy_hardened_no_worst_hours | Side=BUY | score=100.0 | opposite_score=8.0 | session=NEW YORK | RR=2.00,False
proxy_hardened_no_worst_hours,30,127,156,2022-10-11 10:15:00,2022-12-02 21:00:00,30,11,19,36.666666666666664,1.155242119028339,11.672292525803503,16.614849644993065,4,NEW YORK,15,SELL,V50 realtime loss proxy | variant=proxy_hardened_no_worst_hours | Side=BUY | score=85.0 | opposite_score=4.0 | session=LONDON | RR=2.00,False
proxy_hardened_no_worst_hours,30,128,157,2022-10-12 22:15:00,2022-12-07 21:30:00,30,11,19,36.666666666666664,1.1699162553363964,12.615363491806281,16.614849644993065,4,NEW YORK,15,BUY,V50 realtime loss proxy | variant=proxy_hardened_no_worst_hours | Side=BUY | score=85.0 | opposite_score=4.0 | session=LONDON | RR=2.00,False
proxy_hardened_no_worst_hours,30,129,158,2022-10-18 10:00:00,2022-12-08 13:00:00,30,12,18,40.0,1.2962313545721353,21.071089103981965,16.614849644993065,4,NEW YORK,15,SELL,V50 realtime loss proxy | variant=proxy_hardened_no_worst_hours | Side=BUY | score=85.0 | opposite_score=4.0 | session=LONDON | RR=2.00,False
proxy_hardened_no_worst_hours,30,130,159,2022-10-18 14:30:00,2022-12-08 15:45:00,30,13,17,43.333333333333336,1.498274565776481,33.557507803650296,16.61484964499306,4,NEW YORK,19,SELL,V50 realtime loss proxy | variant=proxy_hardened_no_worst_hours | Side=BUY | score=85.0 | opposite_score=4.0 | session=LONDON | RR=2.00,False
proxy_hardened_no_worst_hours,30,131,160,2022-10-19 14:00:00,2022-12-09 13:45:00,30,12,18,40.0,1.2941175068139037,21.226200234323507,16.614849644993065,4,NEW YORK,13,SELL,V50 realtime loss proxy | variant=proxy_hardened_no_worst_hours | Side=BUY | score=74.0 | opposite_score=4.0 | session=LONDON | RR=2.00,False
proxy_hardened_no_worst_hours,30,132,161,2022-10-25 18:30:00,2022-12-09 15:45:00,30,11,19,36.666666666666664,1.0847507859486902,6.572720857282182,16.614849644993065,4,NEW YORK,13,SELL,V50 realtime loss proxy | variant=proxy_hardened_no_worst_hours | Side=BUY | score=74.0 | opposite_score=4.0 | session=LONDON | RR=2.00,True
proxy_hardened_no_worst_hours,30,133,162,2022-10-26 14:15:00,2022-12-13 10:45:00,30,12,18,40.0,1.211281236515107,15.598730355643598,16.614849644993065,4,NEW YORK,13,SELL,V50 realtime loss proxy | variant=proxy_hardened_no_worst_hours | Side=BUY | score=74.0 | opposite_score=4.0 | session=LONDON | RR=2.00,False
proxy_hardened_no_worst_hours,30,134,163,2022-10-28 13:30:00,2022-12-13 18:00:00,30,12,18,40.0,1.185801384419556,14.01232827592626,16.614849644993065,4,NEW YORK,13,SELL,V50 realtime loss proxy | variant=proxy_hardened_no_worst_hours | Side=BUY | score=100.0 | opposite_score=8.0 | session=NEW YORK | RR=2.00,False
proxy_hardened_no_worst_hours,30,135,164,2022-10-31 13:45:00,2022-12-15 13:45:00,30,11,19,36.666666666666664,0.9692869330705974,-2.4709489196951857,16.614849644993065,4,NEW YORK,13,SELL,V50 realtime loss proxy | variant=proxy_hardened_no_worst_hours | Side=BUY | score=100.0 | opposite_score=8.0 | session=NEW YORK | RR=2.00,True
proxy_hardened_no_worst_hours,30,136,165,2022-10-31 15:30:00,2022-12-15 15:15:00,30,11,19,36.666666666666664,0.9384881832240803,-5.1111977638935535,22.590327654489766,4,NEW YORK,13,SELL,V50 realtime loss proxy | variant=proxy_hardened_no_worst_hours | Side=SELL | score=85.0 | opposite_score=4.0 | session=LONDON | RR=2.00,True
proxy_hardened_no_worst_hours,30,137,166,2022-11-01 18:15:00,2022-12-16 18:00:00,30,12,18,40.0,1.0780225295228638,6.208249701045222,22.590327654489762,4,NEW YORK,13,SELL,V50 realtime loss proxy | variant=proxy_hardened_no_worst_hours | Side=SELL | score=85.0 | opposite_score=4.0 | session=LONDON | RR=2.00,True
proxy_hardened_no_worst_hours,30,138,167,2022-11-02 13:15:00,2022-12-19 10:00:00,30,11,19,36.666666666666664,0.9496329217644346,-4.147277129699798,22.590327654489766,4,NEW YORK,13,SELL,V50 realtime loss proxy | variant=proxy_hardened_no_worst_hours | Side=SELL | score=85.0 | opposite_score=4.0 | session=LONDON | RR=2.00,True
proxy_hardened_no_worst_hours,30,139,168,2022-11-03 13:45:00,2022-12-20 13:30:00,30,12,18,40.0,1.0921759086347376,7.284472774366211,22.590327654489766,4,NEW YORK,15,SELL,V50 realtime loss proxy | variant=proxy_hardened_no_worst_hours | Side=SELL | score=85.0 | opposite_score=4.0 | session=LONDON | RR=2.00,True
proxy_hardened_no_worst_hours,30,140,169,2022-11-04 10:00:00,2022-12-21 14:15:00,30,13,17,43.333333333333336,1.240492690276361,17.74576723417349,22.590327654489762,4,NEW YORK,15,SELL,V50 realtime loss proxy | variant=proxy_hardened_no_worst_hours | Side=SELL | score=85.0 | opposite_score=4.0 | session=LONDON | RR=2.00,False
proxy_hardened_no_worst_hours,30,141,170,2022-11-07 13:00:00,2022-12-21 15:45:00,30,12,18,40.0,1.0880953635754853,6.823608991168928,22.590327654489766,4,NEW YORK,15,SELL,V50 realtime loss proxy | variant=proxy_hardened_no_worst_hours | Side=SELL | score=85.0 | opposite_score=4.0 | session=LONDON | RR=2.00,True
proxy_hardened_no_worst_hours,30,142,171,2022-11-09 15:15:00,2022-12-22 13:00:00,30,12,18,40.0,1.0998990888486224,7.6548507089267765,22.590327654489766,4,NEW YORK,15,SELL,V50 realtime loss proxy | variant=proxy_hardened_no_worst_hours | Side=SELL | score=85.0 | opposite_score=4.0 | session=LONDON | RR=2.00,True
proxy_hardened_no_worst_hours,30,143,172,2022-11-11 13:00:00,2022-12-23 14:45:00,30,12,18,40.0,1.1274923027177632,9.530121112354296,22.590327654489762,4,NEW YORK,15,SELL,V50 realtime loss proxy | variant=proxy_hardened_no_worst_hours | Side=SELL | score=85.0 | opposite_score=4.0 | session=LONDON | RR=2.00,False
proxy_hardened_no_worst_hours,30,144,173,2022-11-11 14:45:00,2022-12-27 13:00:00,30,12,18,40.0,1.1670653431162967,12.064775213441731,22.59032765448976,4,NEW YORK,15,SELL,V50 realtime loss proxy | variant=proxy_hardened_no_worst_hours | Side=SELL | score=85.0 | opposite_score=4.0 | session=LONDON | RR=2.00,False
proxy_hardened_no_worst_hours,30,145,174,2022-11-14 14:00:00,2022-12-27 14:30:00,30,12,18,40.0,1.1143329917114795,8.256660649953435,22.590327654489766,4,NEW YORK,15,SELL,V50 realtime loss proxy | variant=proxy_hardened_no_worst_hours | Side=SELL | score=85.0 | opposite_score=4.0 | session=LONDON | RR=2.00,False
proxy_hardened_no_worst_hours,30,146,175,2022-11-14 21:00:00,2022-12-28 18:15:00,30,11,19,36.666666666666664,0.95361133666594,-3.5296650703816366,22.590327654489766,4,NEW YORK,15,SELL,V50 realtime loss proxy | variant=proxy_hardened_no_worst_hours | Side=SELL | score=85.0 | opposite_score=4.0 | session=LONDON | RR=2.00,True
proxy_hardened_no_worst_hours,30,147,176,2022-11-15 10:00:00,2022-12-29 13:15:00,30,12,18,40.0,1.0632455409794908,4.608195609385891,22.590327654489766,4,NEW YORK,15,SELL,V50 realtime loss proxy | variant=proxy_hardened_no_worst_hours | Side=SELL | score=85.0 | opposite_score=4.0 | session=LONDON | RR=2.00,True
proxy_hardened_no_worst_hours,30,148,177,2022-11-15 19:30:00,2022-12-30 13:30:00,30,11,19,36.666666666666664,0.9194526238820837,-6.118866236464921,22.590327654489766,4,NEW YORK,15,SELL,V50 realtime loss proxy | variant=proxy_hardened_no_worst_hours | Side=SELL | score=85.0 | opposite_score=4.0 | session=LONDON | RR=2.00,True
proxy_hardened_no_worst_hours,30,149,178,2022-11-21 10:45:00,2022-12-30 18:00:00,30,11,19,36.666666666666664,0.9494176130586239,-3.721268043509238,22.590327654489766,4,NEW YORK,15,SELL,V50 realtime loss proxy | variant=proxy_hardened_no_worst_hours | Side=SELL | score=85.0 | opposite_score=4.0 | session=LONDON | RR=2.00,True
proxy_hardened_no_worst_hours,30,150,179,2022-11-24 10:15:00,2023-01-03 13:15:00,30,12,18,40.0,1.1143043995777673,8.038802811109097,22.590327654489766,4,NEW YORK,15,SELL,V50 realtime loss proxy | variant=proxy_hardened_no_worst_hours | Side=SELL | score=85.0 | opposite_score=4.0 | session=LONDON | RR=2.00,False
proxy_hardened_no_worst_hours,30,151,180,2022-11-29 15:30:00,2023-01-03 18:15:00,30,13,17,43.333333333333336,1.3142921121988151,21.27721306468092,22.590327654489766,4,NEW YORK,15,SELL,V50 realtime loss proxy | variant=proxy_hardened_no_worst_hours | Side=SELL | score=85.0 | opposite_score=4.0 | session=LONDON | RR=2.00,False
proxy_hardened_no_worst_hours,30,152,181,2022-11-30 10:45:00,2023-01-04 13:15:00,30,13,17,43.333333333333336,1.313470701141524,21.23487593451145,22.590327654489762,4,NEW YORK,15,SELL,V50 realtime loss proxy | variant=proxy_hardened_no_worst_hours | Side=SELL | score=85.0 | opposite_score=4.0 | session=LONDON | RR=2.00,False
proxy_hardened_no_worst_hours,30,153,182,2022-11-30 14:30:00,2023-01-04 15:30:00,30,12,18,40.0,1.1374606227394577,10.118031794312945,22.590327654489766,4,LONDON,15,SELL,V50 realtime loss proxy | variant=proxy_hardened_no_worst_hours | Side=SELL | score=85.0 | opposite_score=4.0 | session=LONDON | RR=2.00,False
proxy_hardened_no_worst_hours,30,154,183,2022-12-01 10:00:00,2023-01-06 13:30:00,30,12,18,40.0,1.1334938196873343,9.860435735005328,22.59032765448977,4,LONDON,15,SELL,V50 realtime loss proxy | variant=proxy_hardened_no_worst_hours | Side=SELL | score=85.0 | opposite_score=4.0 | session=LONDON | RR=2.00,False
proxy_hardened_no_worst_hours,30,155,184,2022-12-02 13:00:00,2023-01-06 14:45:00,30,12,18,40.0,1.20094006709171,14.842309724795854,22.590327654489766,4,NEW YORK,15,SELL,V50 realtime loss proxy | variant=proxy_hardened_no_worst_hours | Side=SELL | score=85.0 | opposite_score=4.0 | session=LONDON | RR=2.00,False
proxy_hardened_no_worst_hours,30,156,185,2022-12-02 21:00:00,2023-01-09 15:00:00,30,12,18,40.0,1.1774165321715933,13.366578039341531,22.590327654489766,4,LONDON,15,SELL,V50 realtime loss proxy | variant=proxy_hardened_no_worst_hours | Side=SELL | score=85.0 | opposite_score=4.0 | session=LONDON | RR=2.00,False
proxy_hardened_no_worst_hours,30,157,186,2022-12-07 21:30:00,2023-01-10 10:00:00,30,11,19,36.666666666666664,1.0512065279851144,4.010065595244075,22.590327654489766,4,NEW YORK,15,SELL,V50 realtime loss proxy | variant=proxy_hardened_no_worst_hours | Side=SELL | score=85.0 | opposite_score=4.0 | session=LONDON | RR=2.00,True
proxy_hardened_no_worst_hours,30,158,187,2022-12-08 13:00:00,2023-01-10 14:30:00,30,11,19,36.666666666666664,1.0403884899456264,3.1957755749882324,22.590327654489766,4,LONDON,15,SELL,V50 realtime loss proxy | variant=proxy_hardened_no_worst_hours | Side=SELL | score=85.0 | opposite_score=4.0 | session=LONDON | RR=2.00,True
proxy_hardened_no_worst_hours,30,159,188,2022-12-08 15:45:00,2023-01-11 10:30:00,30,10,20,33.33333333333333,0.93670831671035,-5.2014009432554325,22.590327654489766,4,LONDON,15,SELL,V50 realtime loss proxy | variant=proxy_hardened_no_worst_hours | Side=SELL | score=85.0 | opposite_score=4.0 | session=LONDON | RR=2.00,True
proxy_hardened_no_worst_hours,30,160,189,2022-12-09 13:45:00,2023-01-12 10:15:00,30,10,20,33.33333333333333,0.8848008765967572,-9.467228520209257,22.590327654489762,4,LONDON,15,SELL,V50 realtime loss proxy | variant=proxy_hardened_no_worst_hours | Side=BUY | score=96.0 | opposite_score=4.0 | session=LONDON | RR=2.00,True
proxy_hardened_no_worst_hours,30,161,190,2022-12-09 15:45:00,2023-01-13 14:00:00,30,11,19,36.666666666666664,1.0466784234270206,3.611030511707982,17.76863514849051,4,LONDON,15,SELL,V50 realtime loss proxy | variant=proxy_hardened_no_worst_hours | Side=BUY | score=96.0 | opposite_score=4.0 | session=LONDON | RR=2.00,True
proxy_hardened_no_worst_hours,30,162,191,2022-12-13 10:45:00,2023-01-17 14:30:00,30,11,19,36.666666666666664,1.0629796656575679,4.797374743535187,17.685968392753686,4,LONDON,15,SELL,V50 realtime loss proxy | variant=proxy_hardened_no_worst_hours | Side=BUY | score=96.0 | opposite_score=4.0 | session=LONDON | RR=2.00,True
proxy_hardened_no_worst_hours,30,163,192,2022-12-13 18:00:00,2023-01-18 15:15:00,30,10,20,33.33333333333333,0.929541051965857,-5.735691708357448,17.685968392753686,4,LONDON,15,SELL,V50 realtime loss proxy | variant=proxy_hardened_no_worst_hours | Side=BUY | score=96.0 | opposite_score=4.0 | session=LONDON | RR=2.00,True
proxy_hardened_no_worst_hours,30,164,193,2022-12-15 13:45:00,2023-01-19 14:00:00,30,11,19,36.666666666666664,1.118357522734664,8.88427125431221,17.022877647363558,4,LONDON,15,SELL,V50 realtime loss proxy | variant=proxy_hardened_no_worst_hours | Side=BUY | score=96.0 | opposite_score=4.0 | session=LONDON | RR=2.00,False
proxy_hardened_no_worst_hours,30,165,194,2022-12-15 15:15:00,2023-01-23 19:45:00,30,12,18,40.0,1.3086358265131817,21.612514257762626,17.022877647363558,4,LONDON,15,SELL,V50 realtime loss proxy | variant=proxy_hardened_no_worst_hours | Side=BUY | score=96.0 | opposite_score=4.0 | session=LONDON | RR=2.00,False
proxy_hardened_no_worst_hours,30,166,195,2022-12-16 18:00:00,2023-01-24 10:15:00,30,12,18,40.0,1.3730567780733927,24.89798492571194,17.022877647363558,4,LONDON,15,SELL,V50 realtime loss proxy | variant=proxy_hardened_no_worst_hours | Side=BUY | score=96.0 | opposite_score=4.0 | session=LONDON | RR=2.00,False
proxy_hardened_no_worst_hours,30,167,196,2022-12-19 10:00:00,2023-02-01 14:30:00,30,11,19,36.666666666666664,1.1909629844059948,13.443504375078957,17.022877647363558,4,LONDON,15,SELL,V50 realtime loss proxy | variant=proxy_hardened_no_worst_hours | Side=BUY | score=96.0 | opposite_score=4.0 | session=LONDON | RR=2.00,False
proxy_hardened_no_worst_hours,30,168,197,2022-12-20 13:30:00,2023-02-01 19:30:00,30,12,18,40.0,1.4225772728991481,28.577808229978558,17.022877647363558,4,LONDON,15,SELL,V50 realtime loss proxy | variant=proxy_hardened_no_worst_hours | Side=BUY | score=96.0 | opposite_score=4.0 | session=LONDON | RR=2.00,False
proxy_hardened_no_worst_hours,30,169,198,2022-12-21 14:15:00,2023-02-02 10:15:00,30,11,19,36.666666666666664,1.238229605490641,16.94744296447184,17.022877647363558,4,LONDON,15,SELL,V50 realtime loss proxy | variant=proxy_hardened_no_worst_hours | Side=BUY | score=96.0 | opposite_score=4.0 | session=LONDON | RR=2.00,False
proxy_hardened_no_worst_hours,30,170,199,2022-12-21 15:45:00,2023-02-03 13:15:00,30,11,19,36.666666666666664,1.261315866319612,18.589779095852776,17.022877647363558,4,LONDON,15,SELL,V50 realtime loss proxy | variant=proxy_hardened_no_worst_hours | Side=BUY | score=96.0 | opposite_score=4.0 | session=LONDON | RR=2.00,False
proxy_hardened_no_worst_hours,30,171,200,2022-12-22 13:00:00,2023-02-06 10:00:00,30,12,18,40.0,1.4506387154399747,30.40516078915047,17.022877647363558,4,LONDON,15,SELL,V50 realtime loss proxy | variant=proxy_hardened_no_worst_hours | Side=BUY | score=96.0 | opposite_score=4.0 | session=LONDON | RR=2.00,False
proxy_hardened_no_worst_hours,30,172,201,2022-12-23 14:45:00,2023-02-07 13:00:00,30,12,18,40.0,1.418443931688989,28.87374844730298,17.022877647363558,4,LONDON,15,SELL,V50 realtime loss proxy | variant=proxy_hardened_no_worst_hours | Side=BUY | score=96.0 | opposite_score=4.0 | session=LONDON | RR=2.00,False
proxy_hardened_no_worst_hours,30,173,202,2022-12-27 13:00:00,2023-02-14 14:45:00,30,12,18,40.0,1.3252673837649003,24.022327029946254,17.022877647363558,4,LONDON,15,SELL,V50 realtime loss proxy | variant=proxy_hardened_no_worst_hours | Side=BUY | score=96.0 | opposite_score=4.0 | session=LONDON | RR=2.00,False
proxy_hardened_no_worst_hours,30,174,203,2022-12-27 14:30:00,2023-02-14 15:45:00,30,13,17,43.333333333333336,1.6106294898342384,43.837387096692154,17.022877647363558,4,LONDON,10,SELL,V50 realtime loss proxy | variant=proxy_hardened_no_worst_hours | Side=BUY | score=96.0 | opposite_score=4.0 | session=LONDON | RR=2.00,False
proxy_hardened_no_worst_hours,30,175,204,2022-12-28 18:15:00,2023-02-15 14:45:00,30,12,18,40.0,1.4276922255353646,32.77976518153956,17.022877647363558,4,LONDON,10,SELL,V50 realtime loss proxy | variant=proxy_hardened_no_worst_hours | Side=BUY | score=96.0 | opposite_score=4.0 | session=LONDON | RR=2.00,False
proxy_hardened_no_worst_hours,30,176,205,2022-12-29 13:15:00,2023-02-16 15:00:00,30,12,18,40.0,1.4038247459537103,31.476693975335237,17.022877647363558,4,LONDON,15,SELL,V50 realtime loss proxy | variant=proxy_hardened_no_worst_hours | Side=BUY | score=96.0 | opposite_score=4.0 | session=LONDON | RR=2.00,False
proxy_hardened_no_worst_hours,30,177,206,2022-12-30 13:30:00,2023-02-17 14:30:00,30,11,19,36.666666666666664,1.275238831178946,22.557205046228873,17.022877647363558,4,LONDON,15,SELL,V50 realtime loss proxy | variant=proxy_hardened_no_worst_hours | Side=BUY | score=96.0 | opposite_score=4.0 | session=LONDON | RR=2.00,False
proxy_hardened_no_worst_hours,30,178,207,2022-12-30 18:00:00,2023-02-20 14:45:00,30,11,19,36.666666666666664,1.2842798954844539,23.13415143133885,17.022877647363558,4,LONDON,14,SELL,V50 realtime loss proxy | variant=proxy_hardened_no_worst_hours | Side=BUY | score=96.0 | opposite_score=4.0 | session=LONDON | RR=2.00,False
proxy_hardened_no_worst_hours,30,179,208,2023-01-03 13:15:00,2023-02-21 10:00:00,30,11,19,36.666666666666664,1.2997314621133864,24.101596497344516,19.755515431153427,5,LONDON,14,SELL,V50 realtime loss proxy | variant=proxy_hardened_no_worst_hours | Side=BUY | score=96.0 | opposite_score=4.0 | session=LONDON | RR=2.00,False
proxy_hardened_no_worst_hours,30,180,209,2023-01-03 18:15:00,2023-02-23 10:45:00,30,11,19,36.666666666666664,1.2560157952889,20.58639207073166,19.755515431153427,5,LONDON,13,SELL,V50 realtime loss proxy | variant=proxy_hardened_no_worst_hours | Side=BUY | score=96.0 | opposite_score=4.0 | session=LONDON | RR=2.00,False
proxy_hardened_no_worst_hours,30,181,210,2023-01-04 13:15:00,2023-02-23 15:00:00,30,11,19,36.666666666666664,1.2529517920387818,20.340013630910196,19.755515431153437,5,LONDON,13,BUY,V50 realtime loss proxy | variant=proxy_hardened_no_worst_hours | Side=BUY | score=96.0 | opposite_score=4.0 | session=LONDON | RR=2.00,False
proxy_hardened_no_worst_hours,30,182,211,2023-01-04 15:30:00,2023-02-27 10:00:00,30,11,19,36.666666666666664,1.2775556930534238,21.88860776054876,19.755515431153434,5,LONDON,14,BUY,V50 realtime loss proxy | variant=proxy_hardened_no_worst_hours | Side=BUY | score=96.0 | opposite_score=4.0 | session=LONDON | RR=2.00,False
proxy_hardened_no_worst_hours,30,183,212,2023-01-06 13:30:00,2023-02-27 19:30:00,30,11,19,36.666666666666664,1.3249409848028304,24.70903579975002,19.755515431153427,5,LONDON,14,BUY,V50 realtime loss proxy | variant=proxy_hardened_no_worst_hours | Side=BUY | score=96.0 | opposite_score=4.0 | session=LONDON | RR=2.00,False
proxy_hardened_no_worst_hours,30,184,213,2023-01-06 14:45:00,2023-02-28 10:00:00,30,11,19,36.666666666666664,1.3497570774687198,26.107106374055874,19.755515431153427,5,LONDON,10,SELL,V50 realtime loss proxy | variant=proxy_hardened_no_worst_hours | Side=BUY | score=96.0 | opposite_score=4.0 | session=LONDON | RR=2.00,False
proxy_hardened_no_worst_hours,30,185,214,2023-01-09 15:00:00,2023-02-28 21:00:00,30,10,20,33.33333333333333,1.148875452242309,11.55340237769892,19.755515431153434,5,LONDON,14,BUY,V50 realtime loss proxy | variant=proxy_hardened_no_worst_hours | Side=BUY | score=96.0 | opposite_score=4.0 | session=LONDON | RR=2.00,False
proxy_hardened_no_worst_hours,30,186,215,2023-01-10 10:00:00,2023-03-01 10:15:00,30,11,19,36.666666666666664,1.2914445524812805,21.470134572987813,19.75551543115343,5,LONDON,14,BUY,V50 realtime loss proxy | variant=proxy_hardened_no_worst_hours | Side=BUY | score=96.0 | opposite_score=4.0 | session=LONDON | RR=2.00,False
proxy_hardened_no_worst_hours,30,187,216,2023-01-10 14:30:00,2023-03-01 13:15:00,30,12,18,40.0,1.448590562239357,31.713771357719096,19.755515431153427,5,NEW YORK,14,SELL,V50 realtime loss proxy | variant=proxy_hardened_no_worst_hours | Side=BUY | score=96.0 | opposite_score=4.0 | session=LONDON | RR=2.00,False
proxy_hardened_no_worst_hours,30,188,217,2023-01-11 10:30:00,2023-03-02 15:00:00,30,12,18,40.0,1.4449353270746859,31.534931353123152,19.755515431153427,5,NEW YORK,14,SELL,V50 realtime loss proxy | variant=proxy_hardened_no_worst_hours | Side=BUY | score=96.0 | opposite_score=4.0 | session=LONDON | RR=2.00,False
proxy_hardened_no_worst_hours,30,189,218,2023-01-12 10:15:00,2023-03-02 19:00:00,30,13,17,43.333333333333336,1.6091561313780784,41.312838015989755,19.755515431153427,5,LONDON,14,SELL,V50 realtime loss proxy | variant=proxy_hardened_no_worst_hours | Side=BUY | score=96.0 | opposite_score=4.0 | session=LONDON | RR=2.00,False
proxy_hardened_no_worst_hours,30,190,219,2023-01-13 14:00:00,2023-03-03 13:00:00,30,12,18,40.0,1.4852375193613578,34.20463211693127,19.755515431153427,5,LONDON,14,SELL,V50 realtime loss proxy | variant=proxy_hardened_no_worst_hours | Side=BUY | score=96.0 | opposite_score=4.0 | session=LONDON | RR=2.00,False
proxy_hardened_no_worst_hours,30,191,220,2023-01-17 14:30:00,2023-03-10 10:00:00,30,12,18,40.0,1.4597671378276962,32.4092123575866,19.755515431153434,5,LONDON,14,SELL,V50 realtime loss proxy | variant=proxy_hardened_no_worst_hours | Side=BUY | score=96.0 | opposite_score=4.0 | session=LONDON | RR=2.00,False
proxy_hardened_no_worst_hours,30,192,221,2023-01-18 15:15:00,2023-03-13 10:15:00,30,13,17,43.333333333333336,1.7274826385730497,48.226601763229475,19.755515431153427,5,NEW YORK,14,SELL,V50 realtime loss proxy | variant=proxy_hardened_no_worst_hours | Side=BUY | score=96.0 | opposite_score=4.0 | session=LONDON | RR=2.00,False
proxy_hardened_no_worst_hours,30,193,222,2023-01-19 14:00:00,2023-03-15 10:00:00,30,14,16,46.666666666666664,2.0522989482812246,64.25453588180389,19.755515431153427,5,NEW YORK,14,SELL,V50 realtime loss proxy | variant=proxy_hardened_no_worst_hours | Side=SELL | score=80.0 | opposite_score=8.0 | session=LONDON | RR=2.00,False
proxy_hardened_no_worst_hours,30,194,223,2023-01-23 19:45:00,2023-03-15 14:15:00,30,13,17,43.333333333333336,1.669335376010064,46.927223728972066,19.75551543115343,5,NEW YORK,14,SELL,V50 realtime loss proxy | variant=proxy_hardened_no_worst_hours | Side=BUY | score=100.0 | opposite_score=8.0 | session=LONDON | RR=2.00,False
proxy_hardened_no_worst_hours,30,195,224,2023-01-24 10:15:00,2023-03-16 14:00:00,30,12,18,40.0,1.434674376786413,33.1294700195143,19.755515431153434,5,NEW YORK,14,SELL,V50 realtime loss proxy | variant=proxy_hardened_no_worst_hours | Side=BUY | score=100.0 | opposite_score=8.0 | session=LONDON | RR=2.00,False
proxy_hardened_no_worst_hours,30,196,225,2023-02-01 14:30:00,2023-03-17 10:15:00,30,13,17,43.333333333333336,1.5865924829521465,42.93566372314204,19.755515431153434,5,NEW YORK,14,SELL,V50 realtime loss proxy | variant=proxy_hardened_no_worst_hours | Side=BUY | score=100.0 | opposite_score=8.0 | session=LONDON | RR=2.00,False
proxy_hardened_no_worst_hours,30,197,226,2023-02-01 19:30:00,2023-03-20 18:15:00,30,13,17,43.333333333333336,1.5255419136092363,40.00647561868287,19.755515431153434,5,NEW YORK,14,SELL,V50 realtime loss proxy | variant=proxy_hardened_no_worst_hours | Side=BUY | score=100.0 | opposite_score=8.0 | session=LONDON | RR=2.00,False
proxy_hardened_no_worst_hours,30,198,227,2023-02-02 10:15:00,2023-03-22 18:00:00,30,13,17,43.333333333333336,1.5300135110914286,40.346872551858596,19.755515431153434,5,NEW YORK,14,SELL,V50 realtime loss proxy | variant=proxy_hardened_no_worst_hours | Side=BUY | score=100.0 | opposite_score=8.0 | session=LONDON | RR=2.00,False
proxy_hardened_no_worst_hours,30,199,228,2023-02-03 13:15:00,2023-03-23 10:15:00,30,13,17,43.333333333333336,1.5035389597758333,39.006465024133476,19.755515431153434,5,NEW YORK,14,SELL,V50 realtime loss proxy | variant=proxy_hardened_no_worst_hours | Side=BUY | score=100.0 | opposite_score=8.0 | session=LONDON | RR=2.00,False
proxy_hardened_no_worst_hours,30,200,229,2023-02-06 10:00:00,2023-03-23 13:15:00,30,13,17,43.333333333333336,1.5593573410568782,43.33041592181995,19.755515431153434,5,NEW YORK,14,SELL,V50 realtime loss proxy | variant=proxy_hardened_no_worst_hours | Side=BUY | score=100.0 | opposite_score=8.0 | session=LONDON | RR=2.00,False
proxy_hardened_no_worst_hours,30,201,230,2023-02-07 13:00:00,2023-03-24 14:30:00,30,12,18,40.0,1.3288966834992562,27.87981948340449,19.755515431153434,5,NEW YORK,14,SELL,V50 realtime loss proxy | variant=proxy_hardened_no_worst_hours | Side=BUY | score=100.0 | opposite_score=8.0 | session=LONDON | RR=2.00,False
proxy_hardened_no_worst_hours,30,202,231,2023-02-14 14:45:00,2023-03-27 14:45:00,30,12,18,40.0,1.293555418371326,25.56387835212705,19.755515431153434,5,NEW YORK,14,SELL,V50 realtime loss proxy | variant=proxy_hardened_no_worst_hours | Side=BUY | score=100.0 | opposite_score=8.0 | session=LONDON | RR=2.00,False
proxy_hardened_no_worst_hours,30,203,232,2023-02-14 15:45:00,2023-03-30 13:00:00,30,12,18,40.0,1.360946089941727,29.876044674606973,19.755515431153434,5,NEW YORK,14,SELL,V50 realtime loss proxy | variant=proxy_hardened_no_worst_hours | Side=BUY | score=100.0 | opposite_score=8.0 | session=LONDON | RR=2.00,False
proxy_hardened_no_worst_hours,30,204,233,2023-02-15 14:45:00,2023-03-30 14:15:00,30,12,18,40.0,1.2570902748586532,21.27974440261742,19.755515431153434,5,NEW YORK,14,SELL,V50 realtime loss proxy | variant=proxy_hardened_no_worst_hours | Side=BUY | score=100.0 | opposite_score=8.0 | session=LONDON | RR=2.00,False
proxy_hardened_no_worst_hours,30,205,234,2023-02-16 15:00:00,2023-04-03 13:30:00,30,13,17,43.333333333333336,1.4517715446580517,35.201415962330756,17.725514821887813,4,NEW YORK,14,SELL,V50 realtime loss proxy | variant=proxy_hardened_no_worst_hours | Side=BUY | score=100.0 | opposite_score=8.0 | session=LONDON | RR=2.00,False
proxy_hardened_no_worst_hours,30,206,235,2023-02-17 14:30:00,2023-04-03 19:00:00,30,13,17,43.333333333333336,1.4690780017703076,36.11933541823996,17.725514821887813,4,NEW YORK,14,SELL,V50 realtime loss proxy | variant=proxy_hardened_no_worst_hours | Side=BUY | score=100.0 | opposite_score=8.0 | session=LONDON | RR=2.00,False
proxy_hardened_no_worst_hours,30,207,236,2023-02-20 14:45:00,2023-04-04 10:00:00,30,13,17,43.333333333333336,1.489292944182362,37.16450572018185,17.725514821887813,4,NEW YORK,14,SELL,V50 realtime loss proxy | variant=proxy_hardened_no_worst_hours | Side=BUY | score=100.0 | opposite_score=8.0 | session=LONDON | RR=2.00,False
proxy_hardened_no_worst_hours,30,208,237,2023-02-21 10:00:00,2023-04-05 10:00:00,30,14,16,46.666666666666664,1.621675660415536,45.648654889752706,17.725514821887813,4,NEW YORK,14,SELL,V50 realtime loss proxy | variant=proxy_hardened_no_worst_hours | Side=BUY | score=100.0 | opposite_score=8.0 | session=LONDON | RR=2.00,False
proxy_hardened_no_worst_hours,30,209,238,2023-02-23 10:45:00,2023-04-05 14:00:00,30,14,16,46.666666666666664,1.5624856176060378,42.86704164147487,17.725514821887813,4,NEW YORK,14,SELL,V50 realtime loss proxy | variant=proxy_hardened_no_worst_hours | Side=BUY | score=100.0 | opposite_score=8.0 | session=LONDON | RR=2.00,False
proxy_hardened_no_worst_hours,30,210,239,2023-02-23 15:00:00,2023-04-06 10:00:00,30,13,17,43.333333333333336,1.4378257740449127,34.73573559682391,17.725514821887813,4,NEW YORK,14,SELL,V50 realtime loss proxy | variant=proxy_hardened_no_worst_hours | Side=BUY | score=100.0 | opposite_score=8.0 | session=LONDON | RR=2.00,False
proxy_hardened_no_worst_hours,30,211,240,2023-02-27 10:00:00,2023-04-11 10:00:00,30,12,18,40.0,1.2568273310402271,21.192652472599192,17.725514821887813,4,NEW YORK,14,SELL,V50 realtime loss proxy | variant=proxy_hardened_no_worst_hours | Side=BUY | score=100.0 | opposite_score=8.0 | session=LONDON | RR=2.00,False
proxy_hardened_no_worst_hours,30,212,241,2023-02-27 19:30:00,2023-04-11 14:15:00,30,13,17,43.333333333333336,1.3948431258139373,31.52190026433719,17.725514821887813,3,NEW YORK,14,SELL,V50 realtime loss proxy | variant=proxy_hardened_no_worst_hours | Side=BUY | score=100.0 | opposite_score=8.0 | session=LONDON | RR=2.00,False
proxy_hardened_no_worst_hours,30,213,242,2023-02-28 10:00:00,2023-04-12 19:30:00,30,14,16,46.666666666666664,1.5685510961844813,43.658373657974934,17.725514821887813,3,NEW YORK,14,SELL,V50 realtime loss proxy | variant=proxy_hardened_no_worst_hours | Side=BUY | score=100.0 | opposite_score=8.0 | session=LONDON | RR=2.00,False
proxy_hardened_no_worst_hours,30,214,243,2023-02-28 21:00:00,2023-04-13 15:00:00,30,14,16,46.666666666666664,1.5142552954220023,40.90499974216082,17.725514821887813,3,NEW YORK,14,SELL,V50 realtime loss proxy | variant=proxy_hardened_no_worst_hours | Side=BUY | score=100.0 | opposite_score=8.0 | session=LONDON | RR=2.00,False
proxy_hardened_no_worst_hours,30,215,244,2023-03-01 10:15:00,2023-04-20 14:15:00,30,14,16,46.666666666666664,1.461643174364063,38.041863135145704,17.725514821887813,3,NEW YORK,14,SELL,V50 realtime loss proxy | variant=proxy_hardened_no_worst_hours | Side=BUY | score=100.0 | opposite_score=8.0 | session=LONDON | RR=2.00,False
proxy_hardened_no_worst_hours,30,216,245,2023-03-01 13:15:00,2023-04-20 18:30:00,30,13,17,43.333333333333336,1.3217066485141336,27.861540353459397,17.725514821887813,3,NEW YORK,14,SELL,V50 realtime loss proxy | variant=proxy_hardened_no_worst_hours | Side=BUY | score=100.0 | opposite_score=8.0 | session=LONDON | RR=2.00,False
proxy_hardened_no_worst_hours,30,217,246,2023-03-02 15:00:00,2023-04-21 10:45:00,30,12,18,40.0,1.1772752818097318,16.14150589174242,20.50627750387713,4,LONDON,14,SELL,V50 realtime loss proxy | variant=proxy_hardened_no_worst_hours | Side=BUY | score=100.0 | opposite_score=8.0 | session=LONDON | RR=2.00,False
proxy_hardened_no_worst_hours,30,218,247,2023-03-02 19:00:00,2023-04-21 14:15:00,30,12,18,40.0,1.1243272738567915,11.853525960599063,28.84898541840029,5,LONDON,14,SELL,V50 realtime loss proxy | variant=proxy_hardened_no_worst_hours | Side=BUY | score=100.0 | opposite_score=8.0 | session=LONDON | RR=2.00,False
proxy_hardened_no_worst_hours,30,219,248,2023-03-03 13:00:00,2023-04-25 18:45:00,30,12,18,40.0,1.1578770961375862,15.052210183635767,28.848985418400293,5,LONDON,14,SELL,V50 realtime loss proxy | variant=proxy_hardened_no_worst_hours | Side=BUY | score=100.0 | opposite_score=8.0 | session=LONDON | RR=2.00,False
proxy_hardened_no_worst_hours,30,220,249,2023-03-10 10:00:00,2023-04-26 13:45:00,30,12,18,40.0,1.1229074202232994,12.083083007539331,28.84898541840029,5,LONDON,14,SELL,V50 realtime loss proxy | variant=proxy_hardened_no_worst_hours | Side=BUY | score=100.0 | opposite_score=8.0 | session=LONDON | RR=2.00,False
proxy_hardened_no_worst_hours,30,221,250,2023-03-13 10:15:00,2023-04-27 10:00:00,30,11,19,36.666666666666664,1.0223911704952064,2.2762008366429107,28.848985418400297,5,LONDON,14,SELL,V50 realtime loss proxy | variant=proxy_hardened_no_worst_hours | Side=BUY | score=100.0 | opposite_score=8.0 | session=LONDON | RR=2.00,True
proxy_hardened_no_worst_hours,30,222,251,2023-03-15 10:00:00,2023-04-28 10:15:00,30,10,20,33.33333333333333,0.8816787149746673,-12.38841015177732,30.958766018439945,5,LONDON,14,SELL,V50 realtime loss proxy | variant=proxy_hardened_no_worst_hours | Side=BUY | score=100.0 | opposite_score=8.0 | session=LONDON | RR=2.00,True
proxy_hardened_no_worst_hours,30,223,252,2023-03-15 14:15:00,2023-04-28 14:00:00,30,9,21,30.0,0.7418368317922746,-28.36815709809221,36.14191806896751,5,LONDON,14,SELL,V50 realtime loss proxy | variant=proxy_hardened_no_worst_hours | Side=BUY | score=100.0 | opposite_score=8.0 | session=LONDON | RR=2.00,True
proxy_hardened_no_worst_hours,30,224,253,2023-03-16 14:00:00,2023-05-02 14:00:00,30,10,20,33.33333333333333,0.8970600273246426,-10.380006364184199,36.14191806896751,5,LONDON,14,SELL,V50 realtime loss proxy | variant=proxy_hardened_no_worst_hours | Side=SELL | score=89.0 | opposite_score=8.0 | session=LONDON | RR=2.00,True
proxy_hardened_no_worst_hours,30,225,254,2023-03-17 10:15:00,2023-05-03 14:30:00,30,11,19,36.666666666666664,1.0522119813031243,4.945986313722042,36.14191806896751,5,LONDON,10,SELL,V50 realtime loss proxy | variant=proxy_hardened_no_worst_hours | Side=SELL | score=89.0 | opposite_score=8.0 | session=LONDON | RR=2.00,True
proxy_hardened_no_worst_hours,30,226,255,2023-03-20 18:15:00,2023-05-03 18:00:00,30,10,20,33.33333333333333,0.9220845686008969,-7.849171323955629,36.14191806896751,5,LONDON,10,SELL,V50 realtime loss proxy | variant=proxy_hardened_no_worst_hours | Side=SELL | score=89.0 | opposite_score=8.0 | session=LONDON | RR=2.00,True
proxy_hardened_no_worst_hours,30,227,256,2023-03-22 18:00:00,2023-05-04 15:00:00,30,10,20,33.33333333333333,0.911065101386042,-9.067631992512501,36.14191806896751,5,LONDON,10,SELL,V50 realtime loss proxy | variant=proxy_hardened_no_worst_hours | Side=BUY | score=96.0 | opposite_score=4.0 | session=LONDON | RR=2.00,True
proxy_hardened_no_worst_hours,30,228,257,2023-03-23 10:15:00,2023-05-08 15:15:00,30,9,21,30.0,0.7579751784925157,-25.604006145654836,36.14191806896751,5,LONDON,10,SELL,V50 realtime loss proxy | variant=proxy_hardened_no_worst_hours | Side=BUY | score=96.0 | opposite_score=4.0 | session=LONDON | RR=2.00,True
proxy_hardened_no_worst_hours,30,229,258,2023-03-23 13:15:00,2023-05-09 13:45:00,30,9,21,30.0,0.7680578409789592,-24.21523937438829,39.09583949168203,5,LONDON,15,SELL,V50 realtime loss proxy | variant=proxy_hardened_no_worst_hours | Side=BUY | score=96.0 | opposite_score=4.0 | session=LONDON | RR=2.00,True
proxy_hardened_no_worst_hours,30,230,259,2023-03-24 14:30:00,2023-05-10 13:45:00,30,8,22,26.666666666666668,0.6239318422801248,-41.587778636236315,45.27952705914946,5,LONDON,15,SELL,V50 realtime loss proxy | variant=proxy_hardened_no_worst_hours | Side=BUY | score=76.0 | opposite_score=4.0 | session=LONDON | RR=2.00,True
proxy_hardened_no_worst_hours,30,231,260,2023-03-27 14:45:00,2023-05-11 13:00:00,30,8,22,26.666666666666668,0.6349504561953122,-39.668728648575005,50.66354794616125,6,LONDON,15,SELL,V50 realtime loss proxy | variant=proxy_hardened_no_worst_hours | Side=BUY | score=76.0 | opposite_score=4.0 | session=LONDON | RR=2.00,True
proxy_hardened_no_worst_hours,30,232,261,2023-03-30 13:00:00,2023-05-12 10:30:00,30,8,22,26.666666666666668,0.6513741816478944,-36.92881038141936,54.282795973742864,7,LONDON,10,SELL,V50 realtime loss proxy | variant=proxy_hardened_no_worst_hours | Side=BUY | score=76.0 | opposite_score=4.0 | session=LONDON | RR=2.00,True
proxy_hardened_no_worst_hours,30,233,262,2023-03-30 14:15:00,2023-05-16 10:00:00,30,9,21,30.0,0.7223929497897025,-28.278026425529468,54.282795973742864,7,LONDON,15,SELL,V50 realtime loss proxy | variant=proxy_hardened_no_worst_hours | Side=BUY | score=76.0 | opposite_score=4.0 | session=LONDON | RR=2.00,True
proxy_hardened_no_worst_hours,30,234,263,2023-04-03 13:30:00,2023-05-16 14:00:00,30,9,21,30.0,0.7225053463963199,-28.266577313521474,54.282795973742864,7,LONDON,15,BUY,V50 realtime loss proxy | variant=proxy_hardened_no_worst_hours | Side=BUY | score=76.0 | opposite_score=4.0 | session=LONDON | RR=2.00,True
proxy_hardened_no_worst_hours,30,235,264,2023-04-03 19:00:00,2023-05-17 13:00:00,30,9,21,30.0,0.6960680108677557,-30.959576904601718,54.28279597374286,7,LONDON,15,BUY,V50 realtime loss proxy | variant=proxy_hardened_no_worst_hours | Side=BUY | score=96.0 | opposite_score=4.0 | session=LONDON | RR=2.00,True
proxy_hardened_no_worst_hours,30,236,265,2023-04-04 10:00:00,2023-05-17 14:45:00,30,10,20,33.33333333333333,0.817187557302314,-17.84346311866706,54.28279597374286,7,LONDON,15,BUY,V50 realtime loss proxy | variant=proxy_hardened_no_worst_hours | Side=BUY | score=96.0 | opposite_score=4.0 | session=LONDON | RR=2.00,True
proxy_hardened_no_worst_hours,30,237,266,2023-04-05 10:00:00,2023-05-18 10:30:00,30,11,19,36.666666666666664,0.8998772378649373,-9.475805128565437,54.282795973742864,7,LONDON,15,BUY,V50 realtime loss proxy | variant=proxy_hardened_no_worst_hours | Side=BUY | score=96.0 | opposite_score=4.0 | session=LONDON | RR=2.00,True
proxy_hardened_no_worst_hours,30,238,267,2023-04-05 14:00:00,2023-05-19 13:45:00,30,10,20,33.33333333333333,0.8062469908618621,-19.035095993429096,54.28279597374286,7,LONDON,13,BUY,V50 realtime loss proxy | variant=proxy_hardened_no_worst_hours | Side=BUY | score=96.0 | opposite_score=4.0 | session=LONDON | RR=2.00,True
proxy_hardened_no_worst_hours,30,239,268,2023-04-06 10:00:00,2023-05-22 13:00:00,30,10,20,33.33333333333333,0.8235298768903718,-16.973310301026146,54.28279597374286,7,LONDON,13,BUY,V50 realtime loss proxy | variant=proxy_hardened_no_worst_hours | Side=BUY | score=96.0 | opposite_score=4.0 | session=LONDON | RR=2.00,True
proxy_hardened_no_worst_hours,30,240,269,2023-04-11 10:00:00,2023-05-26 13:00:00,30,11,19,36.666666666666664,0.9300916759373149,-6.5053524488634125,54.28279597374286,7,LONDON,15,BUY,V50 realtime loss proxy | variant=proxy_hardened_no_worst_hours | Side=BUY | score=76.0 | opposite_score=4.0 | session=LONDON | RR=2.00,True
proxy_hardened_no_worst_hours,30,241,270,2023-04-11 14:15:00,2023-05-26 15:45:00,30,11,19,36.666666666666664,0.914150528977396,-8.128073203096534,54.282795973742864,7,LONDON,15,BUY,V50 realtime loss proxy | variant=proxy_hardened_no_worst_hours | Side=BUY | score=76.0 | opposite_score=4.0 | session=LONDON | RR=2.00,True
proxy_hardened_no_worst_hours,30,242,271,2023-04-12 19:30:00,2023-05-30 14:00:00,30,11,19,36.666666666666664,0.9338302362359135,-6.264833985575615,54.28279597374286,7,LONDON,15,BUY,V50 realtime loss proxy | variant=proxy_hardened_no_worst_hours | Side=BUY | score=76.0 | opposite_score=4.0 | session=LONDON | RR=2.00,True
proxy_hardened_no_worst_hours,30,243,272,2023-04-13 15:00:00,2023-05-31 15:45:00,30,10,20,33.33333333333333,0.7916145229893344,-20.880822392409893,54.28279597374284,7,LONDON,15,BUY,V50 realtime loss proxy | variant=proxy_hardened_no_worst_hours | Side=BUY | score=76.0 | opposite_score=4.0 | session=LONDON | RR=2.00,True
proxy_hardened_no_worst_hours,30,244,273,2023-04-20 14:15:00,2023-05-31 18:00:00,30,10,20,33.33333333333333,0.8031242585498214,-19.444794906197465,48.24859298955487,7,LONDON,15,BUY,V50 realtime loss proxy | variant=proxy_hardened_no_worst_hours | Side=BUY | score=76.0 | opposite_score=4.0 | session=LONDON | RR=2.00,True
proxy_hardened_no_worst_hours,30,245,274,2023-04-20 18:30:00,2023-06-01 19:00:00,30,11,19,36.666666666666664,0.9211772930597463,-7.326000044684772,42.42451414106731,7,LONDON,15,BUY,V50 realtime loss proxy | variant=proxy_hardened_no_worst_hours | Side=BUY | score=76.0 | opposite_score=4.0 | session=LONDON | RR=2.00,True
proxy_hardened_no_worst_hours,30,246,275,2023-04-21 10:45:00,2023-06-02 10:15:00,30,11,19,36.666666666666664,0.9389665309731948,-5.5651482565948776,38.22443206391929,7,LONDON,15,BUY,V50 realtime loss proxy | variant=proxy_hardened_no_worst_hours | Side=BUY | score=76.0 | opposite_score=4.0 | session=LONDON | RR=2.00,True
proxy_hardened_no_worst_hours,30,247,276,2023-04-21 14:15:00,2023-06-05 10:00:00,30,11,19,36.666666666666664,0.9506396557516497,-4.4455044440400355,36.29937172041473,7,LONDON,15,BUY,V50 realtime loss proxy | variant=proxy_hardened_no_worst_hours | Side=BUY | score=76.0 | opposite_score=4.0 | session=LONDON | RR=2.00,True
proxy_hardened_no_worst_hours,30,248,277,2023-04-25 18:45:00,2023-06-06 13:00:00,30,11,19,36.666666666666664,1.006330884669338,0.5386199014768387,36.29937172041473,7,LONDON,15,BUY,V50 realtime loss proxy | variant=proxy_hardened_no_worst_hours | Side=BUY | score=76.0 | opposite_score=4.0 | session=LONDON | RR=2.00,True
proxy_hardened_no_worst_hours,30,249,278,2023-04-26 13:45:00,2023-06-06 18:15:00,30,10,20,33.33333333333333,0.8572097758582157,-12.60905588258711,36.299371720414726,7,NEW YORK,15,BUY,V50 realtime loss proxy | variant=proxy_hardened_no_worst_hours | Side=BUY | score=76.0 | opposite_score=4.0 | session=LONDON | RR=2.00,True
proxy_hardened_no_worst_hours,30,250,279,2023-04-27 10:00:00,2023-06-07 13:00:00,30,10,20,33.33333333333333,0.8848693852623709,-9.84878968239573,36.29937172041474,7,NEW YORK,15,BUY,V50 realtime loss proxy | variant=proxy_hardened_no_worst_hours | Side=BUY | score=76.0 | opposite_score=4.0 | session=LONDON | RR=2.00,True
proxy_hardened_no_worst_hours,30,251,280,2023-04-28 10:15:00,2023-06-07 15:00:00,30,11,19,36.666666666666664,1.0298982373399728,2.4575978638962166,36.29937172041473,7,NEW YORK,13,BUY,V50 realtime loss proxy | variant=proxy_hardened_no_worst_hours | Side=BUY | score=76.0 | opposite_score=4.0 | session=LONDON | RR=2.00,True
proxy_hardened_no_worst_hours,30,252,281,2023-04-28 14:00:00,2023-06-08 18:30:00,30,11,19,36.666666666666664,1.0246665299267617,2.0379102685122685,36.29937172041473,7,NEW YORK,18,BUY,V50 realtime loss proxy | variant=proxy_hardened_no_worst_hours | Side=BUY | score=76.0 | opposite_score=4.0 | session=LONDON | RR=2.00,True
proxy_hardened_no_worst_hours,30,253,282,2023-05-02 14:00:00,2023-06-14 15:45:00,30,11,19,36.666666666666664,1.0448244865104264,3.631880342356997,36.29937172041474,7,NEW YORK,18,BUY,V50 realtime loss proxy | variant=proxy_hardened_no_worst_hours | Side=BUY | score=76.0 | opposite_score=4.0 | session=LONDON | RR=2.00,True
proxy_hardened_no_worst_hours,30,254,283,2023-05-03 14:30:00,2023-06-15 10:15:00,30,11,19,36.666666666666664,1.0218572417571579,1.7709714679609512,36.29937172041474,7,NEW YORK,18,BUY,V50 realtime loss proxy | variant=proxy_hardened_no_worst_hours | Side=BUY | score=76.0 | opposite_score=4.0 | session=LONDON | RR=2.00,True
proxy_hardened_no_worst_hours,30,255,284,2023-05-03 18:00:00,2023-06-19 14:00:00,30,10,20,33.33333333333333,0.8828028277977856,-9.76764203357393,36.29937172041473,7,NEW YORK,18,BUY,V50 realtime loss proxy | variant=proxy_hardened_no_worst_hours | Side=BUY | score=76.0 | opposite_score=4.0 | session=LONDON | RR=2.00,True
proxy_hardened_no_worst_hours,30,256,285,2023-05-04 15:00:00,2023-06-21 10:00:00,30,11,19,36.666666666666664,1.0206144174101168,1.5941746288361625,30.288699761565773,6,NEW YORK,15,BUY,V50 realtime loss proxy | variant=proxy_hardened_no_worst_hours | Side=BUY | score=76.0 | opposite_score=4.0 | session=LONDON | RR=2.00,True
proxy_hardened_no_worst_hours,30,257,286,2023-05-08 15:15:00,2023-06-21 13:45:00,30,11,19,36.666666666666664,1.0516756928431443,3.8782071110304948,22.48303876922332,5,NEW YORK,13,BUY,V50 realtime loss proxy | variant=proxy_hardened_no_worst_hours | Side=BUY | score=76.0 | opposite_score=4.0 | session=LONDON | RR=2.00,True
proxy_hardened_no_worst_hours,30,258,287,2023-05-09 13:45:00,2023-06-22 10:15:00,30,11,19,36.666666666666664,1.0656456365280966,4.862051775239568,19.0603964575604,5,NEW YORK,13,BUY,V50 realtime loss proxy | variant=proxy_hardened_no_worst_hours | Side=BUY | score=76.0 | opposite_score=4.0 | session=LONDON | RR=2.00,True
proxy_hardened_no_worst_hours,30,259,288,2023-05-10 13:45:00,2023-06-22 13:30:00,30,12,18,40.0,1.2352880117631517,16.611751774342878,19.060396457560405,5,NEW YORK,18,BUY,V50 realtime loss proxy | variant=proxy_hardened_no_worst_hours | Side=SELL | score=76.0 | opposite_score=4.0 | session=LONDON | RR=2.00,False
proxy_hardened_no_worst_hours,30,260,289,2023-05-11 13:00:00,2023-06-23 14:45:00,30,12,18,40.0,1.2639202255675424,18.211128964178535,19.06039645756039,5,NEW YORK,18,BUY,V50 realtime loss proxy | variant=proxy_hardened_no_worst_hours | Side=SELL | score=76.0 | opposite_score=4.0 | session=LONDON | RR=2.00,False
proxy_hardened_no_worst_hours,30,261,290,2023-05-12 10:30:00,2023-06-27 13:45:00,30,13,17,43.333333333333336,1.4953819888162578,31.51539915426052,19.060396457560387,5,NEW YORK,18,BUY,V50 realtime loss proxy | variant=proxy_hardened_no_worst_hours | Side=BUY | score=85.0 | opposite_score=26.0 | session=LONDON | RR=2.00,False
proxy_hardened_no_worst_hours,30,262,291,2023-05-16 10:00:00,2023-06-28 14:45:00,30,13,17,43.333333333333336,1.4798648880244745,30.848329607308287,19.060396457560387,5,NEW YORK,18,BUY,V50 realtime loss proxy | variant=proxy_hardened_no_worst_hours | Side=BUY | score=85.0 | opposite_score=26.0 | session=LONDON | RR=2.00,False
proxy_hardened_no_worst_hours,30,263,292,2023-05-16 14:00:00,2023-07-02 22:00:00,30,12,18,40.0,1.3553684975898277,23.740623067373107,19.060396457560387,5,NEW YORK,18,BUY,V50 realtime loss proxy | variant=proxy_hardened_no_worst_hours | Side=BUY | score=85.0 | opposite_score=26.0 | session=LONDON | RR=2.00,False
proxy_hardened_no_worst_hours,30,264,293,2023-05-17 13:00:00,2023-07-03 10:00:00,30,11,19,36.666666666666664,1.1766767703685719,12.219071146631084,19.0603964575604,5,NEW YORK,18,BUY,V50 realtime loss proxy | variant=proxy_hardened_no_worst_hours | Side=BUY | score=85.0 | opposite_score=26.0 | session=LONDON | RR=2.00,False
proxy_hardened_no_worst_hours,30,265,294,2023-05-17 14:45:00,2023-07-04 13:15:00,30,10,20,33.33333333333333,1.0529169631544495,3.769505867007272,19.0603964575604,5,NEW YORK,18,BUY,V50 realtime loss proxy | variant=proxy_hardened_no_worst_hours | Side=BUY | score=85.0 | opposite_score=26.0 | session=LONDON | RR=2.00,True
proxy_hardened_no_worst_hours,30,266,295,2023-05-18 10:30:00,2023-07-06 10:00:00,30,9,21,30.0,0.9012924217309151,-7.24416035496338,19.0603964575604,5,NEW YORK,18,BUY,V50 realtime loss proxy | variant=proxy_hardened_no_worst_hours | Side=BUY | score=85.0 | opposite_score=26.0 | session=LONDON | RR=2.00,True
proxy_hardened_no_worst_hours,30,267,296,2023-05-19 13:45:00,2023-07-06 13:30:00,30,8,22,26.666666666666668,0.7666629745429419,-18.48699411717953,23.021586356794614,6,LONDON,18,BUY,V50 realtime loss proxy | variant=proxy_hardened_no_worst_hours | Side=SELL | score=76.0 | opposite_score=15.0 | session=LONDON | RR=2.00,True
proxy_hardened_no_worst_hours,30,268,297,2023-05-22 13:00:00,2023-07-07 18:30:00,30,8,22,26.666666666666668,0.766734926508116,-18.479559132824672,26.616415370455872,7,NEW YORK,18,BUY,V50 realtime loss proxy | variant=proxy_hardened_no_worst_hours | Side=BUY | score=89.0 | opposite_score=30.0 | session=NEW YORK | RR=2.00,True
proxy_hardened_no_worst_hours,30,269,298,2023-05-26 13:00:00,2023-07-11 22:15:00,30,9,21,30.0,0.8510721089157361,-11.21585724868137,26.616415370455872,7,NEW YORK,18,BUY,V50 realtime loss proxy | variant=proxy_hardened_no_worst_hours | Side=BUY | score=89.0 | opposite_score=30.0 | session=NEW YORK | RR=2.00,True
proxy_hardened_no_worst_hours,30,270,299,2023-05-26 15:45:00,2023-07-12 22:00:00,30,9,21,30.0,0.8159965725853989,-13.857418916800407,26.616415370455872,7,LONDON,18,BUY,V50 realtime loss proxy | variant=proxy_hardened_no_worst_hours | Side=BUY | score=89.0 | opposite_score=30.0 | session=NEW YORK | RR=2.00,True
proxy_hardened_no_worst_hours,30,271,300,2023-05-30 14:00:00,2023-07-18 18:15:00,30,9,21,30.0,0.8225061209645341,-13.261388869784154,26.616415370455876,7,NEW YORK,18,BUY,V50 realtime loss proxy | variant=proxy_hardened_no_worst_hours | Side=BUY | score=89.0 | opposite_score=30.0 | session=NEW YORK | RR=2.00,True
proxy_hardened_no_worst_hours,30,272,301,2023-05-31 15:45:00,2023-07-19 13:00:00,30,8,22,26.666666666666668,0.667354219383876,-25.8916701243444,26.61641537045587,7,LONDON,18,BUY,V50 realtime loss proxy | variant=proxy_hardened_no_worst_hours | Side=BUY | score=89.0 | opposite_score=30.0 | session=NEW YORK | RR=2.00,True
proxy_hardened_no_worst_hours,30,273,302,2023-05-31 18:00:00,2023-07-21 14:45:00,30,8,22,26.666666666666668,0.6773832865784115,-24.739267840421142,26.471941440930284,7,LONDON,18,BUY,V50 realtime loss proxy | variant=proxy_hardened_no_worst_hours | Side=BUY | score=89.0 | opposite_score=30.0 | session=NEW YORK | RR=2.00,True
proxy_hardened_no_worst_hours,30,274,303,2023-06-01 19:00:00,2023-07-25 22:30:00,30,8,22,26.666666666666668,0.6992174028091822,-22.344720823249553,28.675569921734258,7,LONDON,14,BUY,V50 realtime loss proxy | variant=proxy_hardened_no_worst_hours | Side=BUY | score=89.0 | opposite_score=30.0 | session=NEW YORK | RR=2.00,True
proxy_hardened_no_worst_hours,30,275,304,2023-06-02 10:15:00,2023-07-26 10:30:00,30,7,23,23.333333333333332,0.5983460286963237,-30.64309027852064,30.679223363980206,7,LONDON,14,BUY,V50 realtime loss proxy | variant=proxy_hardened_no_worst_hours | Side=BUY | score=89.0 | opposite_score=30.0 | session=NEW YORK | RR=2.00,True
proxy_hardened_no_worst_hours,30,276,305,2023-06-05 10:00:00,2023-07-26 15:00:00,30,7,23,23.333333333333332,0.5900880986149087,-31.710754873530405,34.1861182480481,7,LONDON,14,BUY,V50 realtime loss proxy | variant=proxy_hardened_no_worst_hours | Side=BUY | score=89.0 | opposite_score=30.0 | session=NEW YORK | RR=2.00,True
proxy_hardened_no_worst_hours,30,277,306,2023-06-06 13:00:00,2023-07-28 18:00:00,30,7,23,23.333333333333332,0.5907102823280024,-31.629273158675815,37.43290631469223,7,LONDON,18,BUY,V50 realtime loss proxy | variant=proxy_hardened_no_worst_hours | Side=BUY | score=89.0 | opposite_score=30.0 | session=NEW YORK | RR=2.00,True
proxy_hardened_no_worst_hours,30,278,307,2023-06-06 18:15:00,2023-08-02 13:30:00,30,8,22,26.666666666666668,0.7133784314558068,-21.18702678573176,37.43290631469224,7,NEW YORK,18,BUY,V50 realtime loss proxy | variant=proxy_hardened_no_worst_hours | Side=BUY | score=89.0 | opposite_score=30.0 | session=NEW YORK | RR=2.00,True
proxy_hardened_no_worst_hours,30,279,308,2023-06-07 13:00:00,2023-08-04 10:00:00,30,8,22,26.666666666666668,0.7242839585794622,-20.074017101902783,37.43290631469224,7,NEW YORK,14,BUY,V50 realtime loss proxy | variant=proxy_hardened_no_worst_hours | Side=BUY | score=89.0 | opposite_score=30.0 | session=NEW YORK | RR=2.00,True
proxy_hardened_no_worst_hours,30,280,309,2023-06-07 15:00:00,2023-08-04 14:45:00,30,8,22,26.666666666666668,0.7050215651341359,-22.06322467184978,37.43290631469225,7,NEW YORK,14,BUY,V50 realtime loss proxy | variant=proxy_hardened_no_worst_hours | Side=BUY | score=72.0 | opposite_score=30.0 | session=LONDON | RR=2.00,True
proxy_hardened_no_worst_hours,30,281,310,2023-06-08 18:30:00,2023-08-07 13:45:00,30,7,23,23.333333333333332,0.5606279314634357,-34.304881241783406,40.61262926863385,7,LONDON,14,BUY,V50 realtime loss proxy | variant=proxy_hardened_no_worst_hours | Side=BUY | score=72.0 | opposite_score=30.0 | session=LONDON | RR=2.00,True
proxy_hardened_no_worst_hours,30,282,311,2023-06-14 15:45:00,2023-08-07 15:00:00,30,7,23,23.333333333333332,0.5609852885655611,-34.255144833351,44.02785179137792,7,LONDON,14,BUY,V50 realtime loss proxy | variant=proxy_hardened_no_worst_hours | Side=BUY | score=72.0 | opposite_score=30.0 | session=LONDON | RR=2.00,True
proxy_hardened_no_worst_hours,30,283,312,2023-06-15 10:15:00,2023-08-08 10:15:00,30,8,22,26.666666666666668,0.6534672605101642,-25.795254622509354,44.02785179137793,7,LONDON,14,BUY,V50 realtime loss proxy | variant=proxy_hardened_no_worst_hours | Side=BUY | score=72.0 | opposite_score=30.0 | session=LONDON | RR=2.00,True
proxy_hardened_no_worst_hours,30,284,313,2023-06-19 14:00:00,2023-08-08 13:30:00,30,7,23,23.333333333333332,0.5275088167359799,-37.22964533819972,44.02785179137792,7,LONDON,14,BUY,V50 realtime loss proxy | variant=proxy_hardened_no_worst_hours | Side=BUY | score=72.0 | opposite_score=30.0 | session=LONDON | RR=2.00,True
proxy_hardened_no_worst_hours,30,285,314,2023-06-21 10:00:00,2023-08-09 13:15:00,30,7,23,23.333333333333332,0.525731082419273,-37.49608470431885,46.099002199320154,7,LONDON,14,BUY,V50 realtime loss proxy | variant=proxy_hardened_no_worst_hours | Side=BUY | score=72.0 | opposite_score=30.0 | session=LONDON | RR=2.00,True
proxy_hardened_no_worst_hours,30,286,315,2023-06-21 13:45:00,2023-08-10 15:15:00,30,6,24,20.0,0.4335296969734664,-47.31836832035664,50.57014111179681,7,LONDON,14,BUY,V50 realtime loss proxy | variant=proxy_hardened_no_worst_hours | Side=SELL | score=96.0 | opposite_score=4.0 | session=LONDON | RR=2.00,True
proxy_hardened_no_worst_hours,30,287,316,2023-06-22 10:15:00,2023-08-15 10:00:00,30,7,23,23.333333333333332,0.5117044244044838,-38.09209422351877,50.57014111179681,7,LONDON,14,BUY,V50 realtime loss proxy | variant=proxy_hardened_no_worst_hours | Side=BUY | score=72.0 | opposite_score=30.0 | session=LONDON | RR=2.00,True
proxy_hardened_no_worst_hours,30,288,317,2023-06-22 13:30:00,2023-08-15 13:30:00,30,7,23,23.333333333333332,0.5044894438845136,-39.20776264374889,50.830061341241965,7,LONDON,14,BUY,V50 realtime loss proxy | variant=proxy_hardened_no_worst_hours | Side=BUY | score=72.0 | opposite_score=30.0 | session=LONDON | RR=2.00,True
proxy_hardened_no_worst_hours,30,289,318,2023-06-23 14:45:00,2023-08-21 15:00:00,30,6,24,20.0,0.3822784374657128,-51.1137535544366,54.44969247987497,7,LONDON,14,BUY,V50 realtime loss proxy | variant=proxy_hardened_no_worst_hours | Side=SELL | score=96.0 | opposite_score=4.0 | session=LONDON | RR=2.00,True
proxy_hardened_no_worst_hours,30,290,319,2023-06-27 13:45:00,2023-08-22 14:45:00,30,6,24,20.0,0.38646400136718484,-50.21758449857147,58.13783380164163,7,LONDON,14,SELL,V50 realtime loss proxy | variant=proxy_hardened_no_worst_hours | Side=SELL | score=96.0 | opposite_score=4.0 | session=LONDON | RR=2.00,True
proxy_hardened_no_worst_hours,30,291,320,2023-06-28 14:45:00,2023-08-23 10:45:00,30,6,24,20.0,0.34332560526783706,-53.74843852519611,58.13783380164163,7,LONDON,13,SELL,V50 realtime loss proxy | variant=proxy_hardened_no_worst_hours | Side=SELL | score=96.0 | opposite_score=4.0 | session=LONDON | RR=2.00,True
proxy_hardened_no_worst_hours,30,292,321,2023-07-02 22:00:00,2023-08-23 13:00:00,30,7,23,23.333333333333332,0.44127848156680016,-43.33619153779149,53.85151622710779,7,LONDON,15,SELL,V50 realtime loss proxy | variant=proxy_hardened_no_worst_hours | Side=SELL | score=96.0 | opposite_score=4.0 | session=LONDON | RR=2.00,True
proxy_hardened_no_worst_hours,30,293,322,2023-07-03 10:00:00,2023-08-25 14:00:00,30,7,23,23.333333333333332,0.43546062693443643,-44.37245292559136,51.33131599058504,7,LONDON,14,SELL,V50 realtime loss proxy | variant=proxy_hardened_no_worst_hours | Side=SELL | score=96.0 | opposite_score=4.0 | session=LONDON | RR=2.00,True
proxy_hardened_no_worst_hours,30,294,323,2023-07-04 13:15:00,2023-08-30 10:00:00,30,8,22,26.666666666666668,0.4908950832850044,-38.81642187611364,48.97636654213743,7,LONDON,14,SELL,V50 realtime loss proxy | variant=proxy_hardened_no_worst_hours | Side=SELL | score=96.0 | opposite_score=4.0 | session=LONDON | RR=2.00,True
proxy_hardened_no_worst_hours,30,295,324,2023-07-06 10:00:00,2023-08-30 18:00:00,30,8,22,26.666666666666668,0.4890464935255193,-39.10462494536809,46.90260743319888,7,LONDON,14,SELL,V50 realtime loss proxy | variant=proxy_hardened_no_worst_hours | Side=SELL | score=96.0 | opposite_score=4.0 | session=LONDON | RR=2.00,True
proxy_hardened_no_worst_hours,30,296,325,2023-07-06 13:30:00,2023-09-05 13:00:00,30,8,22,26.666666666666668,0.48358553161559625,-39.968881316229854,44.74685153219584,7,LONDON,14,SELL,V50 realtime loss proxy | variant=proxy_hardened_no_worst_hours | Side=SELL | score=96.0 | opposite_score=4.0 | session=LONDON | RR=2.00,True
proxy_hardened_no_worst_hours,30,297,326,2023-07-07 18:30:00,2023-09-05 15:00:00,30,9,21,30.0,0.6226251997068872,-27.00429794473429,43.366015035549566,7,LONDON,14,SELL,V50 realtime loss proxy | variant=proxy_hardened_no_worst_hours | Side=SELL | score=96.0 | opposite_score=4.0 | session=LONDON | RR=2.00,True
proxy_hardened_no_worst_hours,30,298,327,2023-07-11 22:15:00,2023-09-08 13:15:00,30,9,21,30.0,0.6334080894435461,-25.786117696580632,43.366015035549566,7,LONDON,14,SELL,V50 realtime loss proxy | variant=proxy_hardened_no_worst_hours | Side=SELL | score=96.0 | opposite_score=4.0 | session=LONDON | RR=2.00,True
proxy_hardened_no_worst_hours,30,299,328,2023-07-12 22:00:00,2023-09-11 15:30:00,30,9,21,30.0,0.6633378674887099,-23.680853622057967,43.36601503554957,7,LONDON,14,SELL,V50 realtime loss proxy | variant=proxy_hardened_no_worst_hours | Side=SELL | score=96.0 | opposite_score=4.0 | session=LONDON | RR=2.00,True
proxy_hardened_no_worst_hours,30,300,329,2023-07-18 18:15:00,2023-09-12 14:45:00,30,8,22,26.666666666666668,0.5699805400058835,-31.656348309982278,43.366015035549566,7,LONDON,14,SELL,V50 realtime loss proxy | variant=proxy_hardened_no_worst_hours | Side=SELL | score=96.0 | opposite_score=4.0 | session=LONDON | RR=2.00,True
proxy_hardened_no_worst_hours,30,301,330,2023-07-19 13:00:00,2023-09-13 14:00:00,30,9,21,30.0,0.7111031278647024,-20.05208925611045,39.15909203559569,6,LONDON,14,BUY,V50 realtime loss proxy | variant=proxy_hardened_no_worst_hours | Side=SELL | score=96.0 | opposite_score=4.0 | session=LONDON | RR=2.00,True
proxy_hardened_no_worst_hours,30,302,331,2023-07-21 14:45:00,2023-09-14 13:15:00,30,9,21,30.0,0.709016957890002,-20.256314704034494,36.038159966038336,5,LONDON,14,SELL,V50 realtime loss proxy | variant=proxy_hardened_no_worst_hours | Side=SELL | score=96.0 | opposite_score=4.0 | session=LONDON | RR=2.00,True
proxy_hardened_no_worst_hours,30,303,332,2023-07-25 22:30:00,2023-09-14 15:30:00,30,9,21,30.0,0.7102643424381423,-20.134057881732723,31.665892360711368,4,LONDON,13,SELL,V50 realtime loss proxy | variant=proxy_hardened_no_worst_hours | Side=SELL | score=96.0 | opposite_score=4.0 | session=LONDON | RR=2.00,True
proxy_hardened_no_worst_hours,30,304,333,2023-07-26 10:30:00,2023-09-19 14:30:00,30,9,21,30.0,0.7047571208146522,-20.677086161353962,29.462263879907397,4,LONDON,14,SELL,V50 realtime loss proxy | variant=proxy_hardened_no_worst_hours | Side=SELL | score=96.0 | opposite_score=4.0 | session=LONDON | RR=2.00,True
proxy_hardened_no_worst_hours,30,305,334,2023-07-26 15:00:00,2023-09-22 14:00:00,30,9,21,30.0,0.7001848503418737,-21.134415548150308,27.78859029088718,4,LONDON,14,SELL,V50 realtime loss proxy | variant=proxy_hardened_no_worst_hours | Side=SELL | score=96.0 | opposite_score=4.0 | session=LONDON | RR=2.00,True
proxy_hardened_no_worst_hours,30,306,335,2023-07-28 18:00:00,2023-09-26 10:30:00,30,10,20,33.33333333333333,0.7889507234206009,-14.137049583875205,27.788590290887175,4,LONDON,14,SELL,V50 realtime loss proxy | variant=proxy_hardened_no_worst_hours | Side=SELL | score=96.0 | opposite_score=4.0 | session=LONDON | RR=2.00,True
proxy_hardened_no_worst_hours,30,307,336,2023-08-02 13:30:00,2023-10-02 14:00:00,30,10,20,33.33333333333333,0.7714317024976629,-15.658252895442185,27.78859029088718,4,LONDON,14,SELL,V50 realtime loss proxy | variant=proxy_hardened_no_worst_hours | Side=SELL | score=100.0 | opposite_score=8.0 | session=LONDON | RR=2.00,True
proxy_hardened_no_worst_hours,30,308,337,2023-08-04 10:00:00,2023-10-02 15:30:00,30,10,20,33.33333333333333,0.8098031572628444,-13.029585887616706,27.78859029088718,4,LONDON,14,SELL,V50 realtime loss proxy | variant=proxy_hardened_no_worst_hours | Side=SELL | score=100.0 | opposite_score=8.0 | session=LONDON | RR=2.00,True
proxy_hardened_no_worst_hours,30,309,338,2023-08-04 14:45:00,2023-10-04 14:00:00,30,10,20,33.33333333333333,0.7858674095657769,-15.116117789944063,25.674985572739054,4,LONDON,14,SELL,V50 realtime loss proxy | variant=proxy_hardened_no_worst_hours | Side=SELL | score=100.0 | opposite_score=8.0 | session=LONDON | RR=2.00,True
proxy_hardened_no_worst_hours,30,310,339,2023-08-07 13:45:00,2023-10-05 10:00:00,30,11,19,36.666666666666664,0.9067715268732176,-6.127306227069905,20.80620896097257,4,LONDON,14,SELL,V50 realtime loss proxy | variant=proxy_hardened_no_worst_hours | Side=SELL | score=100.0 | opposite_score=8.0 | session=LONDON | RR=2.00,True
proxy_hardened_no_worst_hours,30,311,340,2023-08-07 15:00:00,2023-10-05 13:15:00,30,11,19,36.666666666666664,0.9032597970106476,-6.382828895552077,18.98069024442253,4,LONDON,14,SELL,V50 realtime loss proxy | variant=proxy_hardened_no_worst_hours | Side=SELL | score=100.0 | opposite_score=8.0 | session=LONDON | RR=2.00,True
proxy_hardened_no_worst_hours,30,312,341,2023-08-08 10:15:00,2023-10-06 13:00:00,30,11,19,36.666666666666664,0.897107021381429,-6.835343948356378,18.980690244422533,4,LONDON,13,SELL,V50 realtime loss proxy | variant=proxy_hardened_no_worst_hours | Side=SELL | score=100.0 | opposite_score=8.0 | session=LONDON | RR=2.00,True
proxy_hardened_no_worst_hours,30,313,342,2023-08-08 13:30:00,2023-10-09 14:15:00,30,11,19,36.666666666666664,0.9262229860174055,-4.901124185773281,18.98069024442253,4,LONDON,13,SELL,V50 realtime loss proxy | variant=proxy_hardened_no_worst_hours | Side=SELL | score=76.0 | opposite_score=4.0 | session=LONDON | RR=2.00,True
proxy_hardened_no_worst_hours,30,314,343,2023-08-09 13:15:00,2023-10-11 18:45:00,30,12,18,40.0,1.0913236675126505,5.668949837277157,14.624465677390827,4,LONDON,13,SELL,V50 realtime loss proxy | variant=proxy_hardened_no_worst_hours | Side=SELL | score=76.0 | opposite_score=4.0 | session=LONDON | RR=2.00,True
proxy_hardened_no_worst_hours,30,315,344,2023-08-10 15:15:00,2023-10-16 13:00:00,30,12,18,40.0,1.0674394042928244,4.279995756905553,14.060328187978012,4,LONDON,13,SELL,V50 realtime loss proxy | variant=proxy_hardened_no_worst_hours | Side=SELL | score=76.0 | opposite_score=4.0 | session=LONDON | RR=2.00,True
proxy_hardened_no_worst_hours,30,316,345,2023-08-15 10:00:00,2023-10-16 13:45:00,30,12,18,40.0,1.0713500150631539,4.511651368542605,14.060328187978012,4,LONDON,13,SELL,V50 realtime loss proxy | variant=proxy_hardened_no_worst_hours | Side=SELL | score=76.0 | opposite_score=4.0 | session=LONDON | RR=2.00,True
proxy_hardened_no_worst_hours,30,317,346,2023-08-15 13:30:00,2023-10-17 13:00:00,30,11,19,36.666666666666664,0.9510132507702297,-3.298687091620561,14.060328187978012,4,LONDON,13,SELL,V50 realtime loss proxy | variant=proxy_hardened_no_worst_hours | Side=SELL | score=76.0 | opposite_score=4.0 | session=LONDON | RR=2.00,True
proxy_hardened_no_worst_hours,30,318,347,2023-08-21 15:00:00,2023-10-18 18:00:00,30,11,19,36.666666666666664,0.9360050415709877,-4.378412166249429,17.36405522051775,4,LONDON,13,SELL,V50 realtime loss proxy | variant=proxy_hardened_no_worst_hours | Side=SELL | score=76.0 | opposite_score=4.0 | session=LONDON | RR=2.00,True
proxy_hardened_no_worst_hours,30,319,348,2023-08-22 14:45:00,2023-10-19 10:30:00,30,12,18,40.0,1.0815559611230194,5.284699751772996,17.36405522051775,4,NEW YORK,13,SELL,V50 realtime loss proxy | variant=proxy_hardened_no_worst_hours | Side=BUY | score=85.0 | opposite_score=4.0 | session=LONDON | RR=2.00,True
proxy_hardened_no_worst_hours,30,320,349,2023-08-23 10:45:00,2023-10-19 13:00:00,30,13,17,43.333333333333336,1.2638446535169683,16.12362784017487,17.36405522051775,4,NEW YORK,13,SELL,V50 realtime loss proxy | variant=proxy_hardened_no_worst_hours | Side=BUY | score=85.0 | opposite_score=4.0 | session=LONDON | RR=2.00,False
proxy_hardened_no_worst_hours,30,321,350,2023-08-23 13:00:00,2023-10-20 13:45:00,30,13,17,43.333333333333336,1.346917852084695,21.200256528096453,17.36405522051775,4,NEW YORK,14,SELL,V50 realtime loss proxy | variant=proxy_hardened_no_worst_hours | Side=BUY | score=85.0 | opposite_score=4.0 | session=LONDON | RR=2.00,False
proxy_hardened_no_worst_hours,30,322,351,2023-08-25 14:00:00,2023-10-23 13:00:00,30,12,18,40.0,1.1671884668455457,10.912712536938761,17.36405522051775,4,NEW YORK,13,SELL,V50 realtime loss proxy | variant=proxy_hardened_no_worst_hours | Side=BUY | score=85.0 | opposite_score=4.0 | session=LONDON | RR=2.00,False
proxy_hardened_no_worst_hours,30,323,352,2023-08-30 10:00:00,2023-10-24 18:30:00,30,12,18,40.0,1.159130477948847,10.458958251905731,17.36405522051775,4,NEW YORK,13,SELL,V50 realtime loss proxy | variant=proxy_hardened_no_worst_hours | Side=BUY | score=85.0 | opposite_score=4.0 | session=LONDON | RR=2.00,False
proxy_hardened_no_worst_hours,30,324,353,2023-08-30 18:00:00,2023-10-25 14:00:00,30,11,19,36.666666666666664,1.028831291050189,2.045243053599597,17.36405522051775,4,NEW YORK,13,BUY,V50 realtime loss proxy | variant=proxy_hardened_no_worst_hours | Side=BUY | score=85.0 | opposite_score=4.0 | session=LONDON | RR=2.00,True
proxy_hardened_no_worst_hours,30,325,354,2023-09-05 13:00:00,2023-10-26 18:00:00,30,11,19,36.666666666666664,0.9986187758958013,-0.10094607142186618,17.892615388133045,4,NEW YORK,13,BUY,V50 realtime loss proxy | variant=proxy_hardened_no_worst_hours | Side=BUY | score=85.0 | opposite_score=4.0 | session=LONDON | RR=2.00,True
proxy_hardened_no_worst_hours,30,326,355,2023-09-05 15:00:00,2023-10-30 14:00:00,30,11,19,36.666666666666664,0.9823171712259251,-1.3137871397215335,22.125468728297527,5,NEW YORK,13,BUY,V50 realtime loss proxy | variant=proxy_hardened_no_worst_hours | Side=BUY | score=85.0 | opposite_score=4.0 | session=LONDON | RR=2.00,True
proxy_hardened_no_worst_hours,30,327,356,2023-09-08 13:15:00,2023-11-01 14:45:00,30,10,20,33.33333333333333,0.8387585343112699,-12.660344827628615,26.34605084331677,6,NEW YORK,14,BUY,V50 realtime loss proxy | variant=proxy_hardened_no_worst_hours | Side=BUY | score=85.0 | opposite_score=4.0 | session=LONDON | RR=2.00,True
proxy_hardened_no_worst_hours,30,328,357,2023-09-11 15:30:00,2023-11-02 10:00:00,30,10,20,33.33333333333333,0.8381814752959597,-12.714401706830039,28.776756488025796,7,NEW YORK,14,BUY,V50 realtime loss proxy | variant=proxy_hardened_no_worst_hours | Side=BUY | score=85.0 | opposite_score=4.0 | session=LONDON | RR=2.00,True
proxy_hardened_no_worst_hours,30,329,358,2023-09-12 14:45:00,2023-11-03 10:15:00,30,9,21,30.0,0.7476982604021227,-20.380993706219122,30.985012165794743,8,LONDON,14,BUY,V50 realtime loss proxy | variant=proxy_hardened_no_worst_hours | Side=BUY | score=85.0 | opposite_score=4.0 | session=LONDON | RR=2.00,True
proxy_hardened_no_worst_hours,30,330,359,2023-09-13 14:00:00,2023-11-03 13:45:00,30,9,21,30.0,0.7163437095742702,-23.916765622332285,37.79675070130699,9,LONDON,13,BUY,V50 realtime loss proxy | variant=proxy_hardened_no_worst_hours | Side=BUY | score=76.0 | opposite_score=4.0 | session=LONDON | RR=2.00,True
proxy_hardened_no_worst_hours,30,331,360,2023-09-14 13:15:00,2023-11-07 14:30:00,30,8,22,26.666666666666668,0.6009574122936253,-35.19387033853799,41.67651936359475,10,LONDON,14,BUY,V50 realtime loss proxy | variant=proxy_hardened_no_worst_hours | Side=BUY | score=76.0 | opposite_score=4.0 | session=LONDON | RR=2.00,True
proxy_hardened_no_worst_hours,30,332,361,2023-09-14 15:30:00,2023-11-08 14:30:00,30,9,21,30.0,0.6952881478739491,-25.861083088292517,41.67651936359475,10,LONDON,14,BUY,V50 realtime loss proxy | variant=proxy_hardened_no_worst_hours | Side=BUY | score=76.0 | opposite_score=4.0 | session=LONDON | RR=2.00,True
proxy_hardened_no_worst_hours,30,333,362,2023-09-19 14:30:00,2023-11-09 10:45:00,30,9,21,30.0,0.7101614986207813,-24.08358534091748,41.67651936359475,10,LONDON,14,BUY,V50 realtime loss proxy | variant=proxy_hardened_no_worst_hours | Side=BUY | score=76.0 | opposite_score=4.0 | session=LONDON | RR=2.00,True
proxy_hardened_no_worst_hours,30,334,363,2023-09-22 14:00:00,2023-11-10 10:45:00,30,10,20,33.33333333333333,0.7905957475577461,-16.824891045915265,41.67651936359475,10,LONDON,14,BUY,V50 realtime loss proxy | variant=proxy_hardened_no_worst_hours | Side=BUY | score=76.0 | opposite_score=4.0 | session=LONDON | RR=2.00,True
proxy_hardened_no_worst_hours,30,335,364,2023-09-26 10:30:00,2023-11-10 15:00:00,30,11,19,36.666666666666664,0.9225262696250144,-6.034078700148161,41.67651936359475,10,NEW YORK,13,BUY,V50 realtime loss proxy | variant=proxy_hardened_no_worst_hours | Side=BUY | score=76.0 | opposite_score=4.0 | session=LONDON | RR=2.00,True
proxy_hardened_no_worst_hours,30,336,365,2023-10-02 14:00:00,2023-11-14 21:30:00,30,11,19,36.666666666666664,0.9406733243417955,-4.62068662767469,41.67651936359475,10,NEW YORK,13,BUY,V50 realtime loss proxy | variant=proxy_hardened_no_worst_hours | Side=BUY | score=76.0 | opposite_score=4.0 | session=LONDON | RR=2.00,True
proxy_hardened_no_worst_hours,30,337,366,2023-10-02 15:30:00,2023-11-15 13:00:00,30,11,19,36.666666666666664,0.970562643103856,-2.2221356800588623,41.67651936359475,10,NEW YORK,13,BUY,V50 realtime loss proxy | variant=proxy_hardened_no_worst_hours | Side=BUY | score=76.0 | opposite_score=4.0 | session=LONDON | RR=2.00,True
proxy_hardened_no_worst_hours,30,338,367,2023-10-04 14:00:00,2023-11-16 10:00:00,30,10,20,33.33333333333333,0.8196755627050024,-13.981217452456711,41.67651936359475,10,LONDON,13,BUY,V50 realtime loss proxy | variant=proxy_hardened_no_worst_hours | Side=BUY | score=76.0 | opposite_score=4.0 | session=LONDON | RR=2.00,True
proxy_hardened_no_worst_hours,30,339,368,2023-10-05 10:00:00,2023-11-16 13:30:00,30,11,19,36.666666666666664,0.9415110333118303,-4.289203252088692,41.67651936359475,10,NEW YORK,13,BUY,V50 realtime loss proxy | variant=proxy_hardened_no_worst_hours | Side=BUY | score=76.0 | opposite_score=4.0 | session=LONDON | RR=2.00,True
proxy_hardened_no_worst_hours,30,340,369,2023-10-05 13:15:00,2023-11-17 13:00:00,30,10,20,33.33333333333333,0.8474314510397369,-11.68874157280802,41.67651936359475,10,LONDON,13,BUY,V50 realtime loss proxy | variant=proxy_hardened_no_worst_hours | Side=BUY | score=76.0 | opposite_score=4.0 | session=LONDON | RR=2.00,True
proxy_hardened_no_worst_hours,30,341,370,2023-10-06 13:00:00,2023-11-20 21:00:00,30,11,19,36.666666666666664,0.9603369268964455,-2.898439392837325,41.67651936359475,10,LONDON,13,BUY,V50 realtime loss proxy | variant=proxy_hardened_no_worst_hours | Side=BUY | score=76.0 | opposite_score=4.0 | session=LONDON | RR=2.00,True
proxy_hardened_no_worst_hours,30,342,371,2023-10-09 14:15:00,2023-11-21 19:15:00,30,11,19,36.666666666666664,0.9618142939178638,-2.7861923168858524,41.67651936359475,10,LONDON,18,BUY,V50 realtime loss proxy | variant=proxy_hardened_no_worst_hours | Side=BUY | score=76.0 | opposite_score=4.0 | session=LONDON | RR=2.00,True
proxy_hardened_no_worst_hours,30,343,372,2023-10-11 18:45:00,2023-11-22 10:45:00,30,10,20,33.33333333333333,0.836304719037597,-12.404433387021665,41.67651936359475,10,LONDON,14,BUY,V50 realtime loss proxy | variant=proxy_hardened_no_worst_hours | Side=BUY | score=76.0 | opposite_score=4.0 | session=LONDON | RR=2.00,True
proxy_hardened_no_worst_hours,30,344,373,2023-10-16 13:00:00,2023-11-24 13:00:00,30,10,20,33.33333333333333,0.8041573596314234,-14.84048270975145,41.67651936359475,10,LONDON,18,BUY,V50 realtime loss proxy | variant=proxy_hardened_no_worst_hours | Side=BUY | score=85.0 | opposite_score=4.0 | session=LONDON | RR=2.00,True
proxy_hardened_no_worst_hours,30,345,374,2023-10-16 13:45:00,2023-11-24 15:30:00,30,11,19,36.666666666666664,0.9359944227803989,-4.5957923841741835,41.67651936359475,10,NEW YORK,18,BUY,V50 realtime loss proxy | variant=proxy_hardened_no_worst_hours | Side=BUY | score=76.0 | opposite_score=4.0 | session=LONDON | RR=2.00,True
proxy_hardened_no_worst_hours,30,346,375,2023-10-17 13:00:00,2023-11-27 10:15:00,30,11,19,36.666666666666664,0.9555757977991672,-3.12442669013185,41.67651936359475,10,NEW YORK,18,BUY,V50 realtime loss proxy | variant=proxy_hardened_no_worst_hours | Side=BUY | score=76.0 | opposite_score=4.0 | session=LONDON | RR=2.00,True
proxy_hardened_no_worst_hours,30,347,376,2023-10-18 18:00:00,2023-11-27 15:15:00,30,11,19,36.666666666666664,0.9628455004143656,-2.5934068568480164,41.67651936359475,10,NEW YORK,18,BUY,V50 realtime loss proxy | variant=proxy_hardened_no_worst_hours | Side=BUY | score=76.0 | opposite_score=4.0 | session=LONDON | RR=2.00,True
proxy_hardened_no_worst_hours,30,348,377,2023-10-19 10:30:00,2023-12-01 10:15:00,30,11,19,36.666666666666664,0.9943761373147685,-0.3801017403242444,41.67651936359475,10,NEW YORK,14,BUY,V50 realtime loss proxy | variant=proxy_hardened_no_worst_hours | Side=BUY | score=76.0 | opposite_score=4.0 | session=LONDON | RR=2.00,True
proxy_hardened_no_worst_hours,30,349,378,2023-10-19 13:00:00,2023-12-11 13:00:00,30,11,19,36.666666666666664,0.9977249385307797,-0.15376528059018746,41.67651936359475,10,NEW YORK,10,BUY,V50 realtime loss proxy | variant=proxy_hardened_no_worst_hours | Side=BUY | score=96.0 | opposite_score=4.0 | session=LONDON | RR=2.00,True
proxy_hardened_no_worst_hours,30,350,379,2023-10-20 13:45:00,2023-12-12 15:15:00,30,11,19,36.666666666666664,1.039040103645525,2.6386155154660624,41.67651936359475,10,NEW YORK,10,BUY,V50 realtime loss proxy | variant=proxy_hardened_no_worst_hours | Side=BUY | score=96.0 | opposite_score=4.0 | session=LONDON | RR=2.00,True
proxy_hardened_no_worst_hours,30,351,380,2023-10-23 13:00:00,2023-12-14 10:30:00,30,10,20,33.33333333333333,0.8443142816458146,-11.203705584992253,41.67651936359474,10,LONDON,10,BUY,V50 realtime loss proxy | variant=proxy_hardened_no_worst_hours | Side=BUY | score=96.0 | opposite_score=4.0 | session=LONDON | RR=2.00,True
proxy_hardened_no_worst_hours,30,352,381,2023-10-24 18:30:00,2023-12-14 13:45:00,30,11,19,36.666666666666664,1.0365961145254394,2.481289417153084,37.51490478530783,9,NEW YORK,10,BUY,V50 realtime loss proxy | variant=proxy_hardened_no_worst_hours | Side=BUY | score=96.0 | opposite_score=4.0 | session=LONDON | RR=2.00,True
proxy_hardened_no_worst_hours,30,353,382,2023-10-25 14:00:00,2023-12-18 18:00:00,30,11,19,36.666666666666664,1.0310403244524273,2.115936464416878,33.50468887595219,8,NEW YORK,10,BUY,V50 realtime loss proxy | variant=proxy_hardened_no_worst_hours | Side=BUY | score=96.0 | opposite_score=4.0 | session=LONDON | RR=2.00,True
proxy_hardened_no_worst_hours,30,354,383,2023-10-26 18:00:00,2023-12-19 18:30:00,30,11,19,36.666666666666664,1.053983722113038,3.5998213104129224,28.292055278676166,7,NEW YORK,10,BUY,V50 realtime loss proxy | variant=proxy_hardened_no_worst_hours | Side=BUY | score=96.0 | opposite_score=4.0 | session=LONDON | RR=2.00,True
proxy_hardened_no_worst_hours,30,355,384,2023-10-30 14:00:00,2023-12-20 14:00:00,30,11,19,36.666666666666664,1.070094699317247,4.6037844976091,23.783903975461705,6,NEW YORK,10,BUY,V50 realtime loss proxy | variant=proxy_hardened_no_worst_hours | Side=BUY | score=96.0 | opposite_score=4.0 | session=LONDON | RR=2.00,True
proxy_hardened_no_worst_hours,30,356,385,2023-11-01 14:45:00,2023-12-21 13:00:00,30,11,19,36.666666666666664,1.0992189276329196,6.343987998793041,19.551050635297223,5,NEW YORK,10,BUY,V50 realtime loss proxy | variant=proxy_hardened_no_worst_hours | Side=BUY | score=96.0 | opposite_score=4.0 | session=LONDON | RR=2.00,True
proxy_hardened_no_worst_hours,30,357,386,2023-11-02 10:00:00,2023-12-21 14:00:00,30,12,18,40.0,1.3156515674068063,18.850304419889056,15.330468520277982,4,NEW YORK,10,BUY,V50 realtime loss proxy | variant=proxy_hardened_no_worst_hours | Side=BUY | score=96.0 | opposite_score=4.0 | session=LONDON | RR=2.00,False
proxy_hardened_no_worst_hours,30,358,387,2023-11-03 10:15:00,2023-12-26 10:30:00,30,12,18,40.0,1.3277510372684245,19.394506391286626,14.10115556837065,4,NEW YORK,10,BUY,V50 realtime loss proxy | variant=proxy_hardened_no_worst_hours | Side=BUY | score=96.0 | opposite_score=4.0 | session=LONDON | RR=2.00,False
proxy_hardened_no_worst_hours,30,359,388,2023-11-03 13:45:00,2023-12-27 18:45:00,30,13,17,43.333333333333336,1.516723549619097,29.435804131202843,14.101155568370649,4,NEW YORK,10,BUY,V50 realtime loss proxy | variant=proxy_hardened_no_worst_hours | Side=BUY | score=96.0 | opposite_score=4.0 | session=LONDON | RR=2.00,False
proxy_hardened_no_worst_hours,30,360,389,2023-11-07 14:30:00,2024-01-02 10:00:00,30,13,17,43.333333333333336,1.6154216842286826,32.91629649994034,14.101155568370643,4,NEW YORK,10,BUY,V50 realtime loss proxy | variant=proxy_hardened_no_worst_hours | Side=BUY | score=96.0 | opposite_score=4.0 | session=LONDON | RR=2.00,False
proxy_hardened_no_worst_hours,30,361,390,2023-11-08 14:30:00,2024-01-08 13:00:00,30,13,17,43.333333333333336,1.602482824894742,32.48443868890727,14.101155568370643,4,NEW YORK,10,BUY,V50 realtime loss proxy | variant=proxy_hardened_no_worst_hours | Side=BUY | score=96.0 | opposite_score=4.0 | session=LONDON | RR=2.00,False
proxy_hardened_no_worst_hours,30,362,391,2023-11-09 10:45:00,2024-01-12 15:45:00,30,12,18,40.0,1.3470096189604686,20.710794492841707,14.101155568370643,4,NEW YORK,10,BUY,V50 realtime loss proxy | variant=proxy_hardened_no_worst_hours | Side=BUY | score=96.0 | opposite_score=4.0 | session=LONDON | RR=2.00,False
proxy_hardened_no_worst_hours,30,363,392,2023-11-10 10:45:00,2024-01-12 19:00:00,30,13,17,43.333333333333336,1.5734989696993658,32.81051793732522,14.101155568370643,4,NEW YORK,10,BUY,V50 realtime loss proxy | variant=proxy_hardened_no_worst_hours | Side=BUY | score=96.0 | opposite_score=4.0 | session=LONDON | RR=2.00,False
proxy_hardened_no_worst_hours,30,364,393,2023-11-10 15:00:00,2024-01-16 14:45:00,30,13,17,43.333333333333336,1.6744722106882715,38.58731006721005,14.101155568370647,4,NEW YORK,10,BUY,V50 realtime loss proxy | variant=proxy_hardened_no_worst_hours | Side=BUY | score=96.0 | opposite_score=4.0 | session=LONDON | RR=2.00,False
proxy_hardened_no_worst_hours,30,365,394,2023-11-14 21:30:00,2024-01-17 14:00:00,30,13,17,43.333333333333336,1.6909308809420522,39.5289290135689,14.101155568370649,4,NEW YORK,10,BUY,V50 realtime loss proxy | variant=proxy_hardened_no_worst_hours | Side=BUY | score=96.0 | opposite_score=4.0 | session=LONDON | RR=2.00,False
proxy_hardened_no_worst_hours,30,366,395,2023-11-15 13:00:00,2024-01-19 19:45:00,30,12,18,40.0,1.5165692180604244,31.280963480151826,14.10115556837065,4,NEW YORK,10,BUY,V50 realtime loss proxy | variant=proxy_hardened_no_worst_hours | Side=BUY | score=96.0 | opposite_score=4.0 | session=LONDON | RR=2.00,False
proxy_hardened_no_worst_hours,30,367,396,2023-11-16 10:00:00,2024-01-22 10:00:00,30,12,18,40.0,1.4928863293405321,30.320325991029314,14.101155568370649,4,NEW YORK,10,BUY,V50 realtime loss proxy | variant=proxy_hardened_no_worst_hours | Side=BUY | score=96.0 | opposite_score=4.0 | session=LONDON | RR=2.00,False
proxy_hardened_no_worst_hours,30,368,397,2023-11-16 13:30:00,2024-01-22 14:00:00,30,12,18,40.0,1.4540361051283437,28.67669079486891,14.101155568370649,4,NEW YORK,10,BUY,V50 realtime loss proxy | variant=proxy_hardened_no_worst_hours | Side=BUY | score=96.0 | opposite_score=4.0 | session=LONDON | RR=2.00,False
proxy_hardened_no_worst_hours,30,369,398,2023-11-17 13:00:00,2024-01-23 14:30:00,30,11,19,36.666666666666664,1.2899682786353464,19.409089847711222,14.140290824514352,4,NEW YORK,10,BUY,V50 realtime loss proxy | variant=proxy_hardened_no_worst_hours | Side=BUY | score=96.0 | opposite_score=4.0 | session=LONDON | RR=2.00,False
proxy_hardened_no_worst_hours,30,370,399,2023-11-20 21:00:00,2024-01-23 21:00:00,30,11,19,36.666666666666664,1.3024359676663024,20.049833423472684,16.779050618364536,5,NEW YORK,10,BUY,V50 realtime loss proxy | variant=proxy_hardened_no_worst_hours | Side=BUY | score=96.0 | opposite_score=4.0 | session=LONDON | RR=2.00,False
proxy_hardened_no_worst_hours,30,371,400,2023-11-21 19:15:00,2024-01-24 10:30:00,30,11,19,36.666666666666664,1.311591367559276,20.656785844495378,16.779050618364536,5,NEW YORK,10,BUY,V50 realtime loss proxy | variant=proxy_hardened_no_worst_hours | Side=BUY | score=96.0 | opposite_score=4.0 | session=LONDON | RR=2.00,False
proxy_hardened_no_worst_hours,30,372,401,2023-11-22 10:45:00,2024-01-24 13:30:00,30,11,19,36.666666666666664,1.313931586487777,20.774861690090894,16.779050618364536,5,NEW YORK,10,BUY,V50 realtime loss proxy | variant=proxy_hardened_no_worst_hours | Side=BUY | score=96.0 | opposite_score=4.0 | session=LONDON | RR=2.00,False
proxy_hardened_no_worst_hours,30,373,402,2023-11-24 13:00:00,2024-01-26 15:30:00,30,11,19,36.666666666666664,1.2941635420571869,19.764032735083767,18.379879796220507,5,NEW YORK,10,BUY,V50 realtime loss proxy | variant=proxy_hardened_no_worst_hours | Side=BUY | score=96.0 | opposite_score=4.0 | session=LONDON | RR=2.00,False
proxy_hardened_no_worst_hours,30,374,403,2023-11-24 15:30:00,2024-01-29 13:00:00,30,11,19,36.666666666666664,1.3063834219970105,20.58505258499608,18.379879796220507,5,NEW YORK,10,BUY,V50 realtime loss proxy | variant=proxy_hardened_no_worst_hours | Side=BUY | score=96.0 | opposite_score=4.0 | session=LONDON | RR=2.00,False
proxy_hardened_no_worst_hours,30,375,404,2023-11-27 10:15:00,2024-01-30 10:00:00,30,10,20,33.33333333333333,1.1708360759685315,11.89193986496852,18.379879796220518,5,NEW YORK,10,BUY,V50 realtime loss proxy | variant=proxy_hardened_no_worst_hours | Side=BUY | score=96.0 | opposite_score=4.0 | session=LONDON | RR=2.00,False
proxy_hardened_no_worst_hours,30,376,405,2023-11-27 15:15:00,2024-01-31 10:00:00,30,11,19,36.666666666666664,1.2798602661179452,18.70645353201948,18.379879796220514,5,NEW YORK,10,BUY,V50 realtime loss proxy | variant=proxy_hardened_no_worst_hours | Side=BUY | score=96.0 | opposite_score=4.0 | session=LONDON | RR=2.00,False
proxy_hardened_no_worst_hours,30,377,406,2023-12-01 10:15:00,2024-01-31 19:30:00,30,11,19,36.666666666666664,1.2452555642823235,16.848962022591742,18.379879796220507,5,NEW YORK,10,BUY,V50 realtime loss proxy | variant=proxy_hardened_no_worst_hours | Side=BUY | score=96.0 | opposite_score=4.0 | session=LONDON | RR=2.00,False
proxy_hardened_no_worst_hours,30,378,407,2023-12-11 13:00:00,2024-02-01 15:00:00,30,12,18,40.0,1.469271276475793,30.910254147092566,18.379879796220507,5,NEW YORK,10,BUY,V50 realtime loss proxy | variant=proxy_hardened_no_worst_hours | Side=BUY | score=96.0 | opposite_score=4.0 | session=LONDON | RR=2.00,False
proxy_hardened_no_worst_hours,30,379,408,2023-12-12 15:15:00,2024-02-01 18:15:00,30,11,19,36.666666666666664,1.2500039199413748,18.102039622911747,18.379879796220514,5,NEW YORK,18,BUY,V50 realtime loss proxy | variant=proxy_hardened_no_worst_hours | Side=BUY | score=96.0 | opposite_score=4.0 | session=LONDON | RR=2.00,False
proxy_hardened_no_worst_hours,30,380,409,2023-12-14 10:30:00,2024-02-05 15:00:00,30,10,20,33.33333333333333,1.0497034808839307,3.8147967556763867,18.379879796220518,5,NEW YORK,18,SELL,V50 realtime loss proxy | variant=proxy_hardened_no_worst_hours | Side=BUY | score=96.0 | opposite_score=4.0 | session=LONDON | RR=2.00,True
proxy_hardened_no_worst_hours,30,381,410,2023-12-14 13:45:00,2024-02-06 10:15:00,30,10,20,33.33333333333333,1.0759214165273854,5.685059146003228,19.74803983737891,5,NEW YORK,18,SELL,V50 realtime loss proxy | variant=proxy_hardened_no_worst_hours | Side=BUY | score=96.0 | opposite_score=4.0 | session=LONDON | RR=2.00,True
proxy_hardened_no_worst_hours,30,382,411,2023-12-18 18:00:00,2024-02-07 15:15:00,30,9,21,30.0,0.8997028018139732,-7.919687670695932,23.829406230219647,5,NEW YORK,18,SELL,V50 realtime loss proxy | variant=proxy_hardened_no_worst_hours | Side=BUY | score=96.0 | opposite_score=4.0 | session=LONDON | RR=2.00,True
proxy_hardened_no_worst_hours,30,383,412,2023-12-19 18:30:00,2024-02-14 14:00:00,30,10,20,33.33333333333333,1.0301393392903666,2.247991856942324,23.829406230219647,5,NEW YORK,15,SELL,V50 realtime loss proxy | variant=proxy_hardened_no_worst_hours | Side=BUY | score=96.0 | opposite_score=4.0 | session=LONDON | RR=2.00,True
proxy_hardened_no_worst_hours,30,384,413,2023-12-20 14:00:00,2024-02-14 15:15:00,30,10,20,33.33333333333333,1.028566984397925,2.133972390977849,23.829406230219647,5,NEW YORK,15,SELL,V50 realtime loss proxy | variant=proxy_hardened_no_worst_hours | Side=BUY | score=96.0 | opposite_score=4.0 | session=LONDON | RR=2.00,True
proxy_hardened_no_worst_hours,30,385,414,2023-12-21 13:00:00,2024-02-15 13:30:00,30,10,20,33.33333333333333,1.0369759474945137,2.7397290013765065,24.778495287537318,5,NEW YORK,15,SELL,V50 realtime loss proxy | variant=proxy_hardened_no_worst_hours | Side=BUY | score=96.0 | opposite_score=4.0 | session=LONDON | RR=2.00,True
proxy_hardened_no_worst_hours,30,386,415,2023-12-21 14:00:00,2024-02-15 19:15:00,30,10,20,33.33333333333333,1.0244730889009963,1.8354612142914881,28.175412913602877,5,NEW YORK,15,SELL,V50 realtime loss proxy | variant=proxy_hardened_no_worst_hours | Side=BUY | score=96.0 | opposite_score=4.0 | session=LONDON | RR=2.00,True
proxy_hardened_no_worst_hours,30,387,416,2023-12-26 10:30:00,2024-02-20 14:45:00,30,9,21,30.0,0.8799777935098848,-9.349541807115795,31.074681628933384,5,LONDON,15,BUY,V50 realtime loss proxy | variant=proxy_hardened_no_worst_hours | Side=BUY | score=96.0 | opposite_score=4.0 | session=LONDON | RR=2.00,True
proxy_hardened_no_worst_hours,30,388,417,2023-12-27 18:45:00,2024-02-21 13:30:00,30,9,21,30.0,0.8746133807886973,-9.827329311813084,33.43897280694213,5,LONDON,15,BUY,V50 realtime loss proxy | variant=proxy_hardened_no_worst_hours | Side=BUY | score=96.0 | opposite_score=4.0 | session=LONDON | RR=2.00,True
proxy_hardened_no_worst_hours,30,389,418,2024-01-02 10:00:00,2024-02-23 13:45:00,30,9,21,30.0,0.8480496014299164,-11.909297939463523,33.43897280694213,5,NEW YORK,15,BUY,V50 realtime loss proxy | variant=proxy_hardened_no_worst_hours | Side=BUY | score=96.0 | opposite_score=4.0 | session=LONDON | RR=2.00,True
proxy_hardened_no_worst_hours,30,390,419,2024-01-08 13:00:00,2024-02-23 21:30:00,30,9,21,30.0,0.8588883080168341,-10.92023236576588,33.43897280694213,5,NEW YORK,15,BUY,V50 realtime loss proxy | variant=proxy_hardened_no_worst_hours | Side=SELL | score=85.0 | opposite_score=4.0 | session=LONDON | RR=2.00,True
proxy_hardened_no_worst_hours,30,391,420,2024-01-12 15:45:00,2024-02-26 10:00:00,30,9,21,30.0,0.8818270679274439,-8.907178524496569,33.43897280694213,5,NEW YORK,15,BUY,V50 realtime loss proxy | variant=proxy_hardened_no_worst_hours | Side=BUY | score=100.0 | opposite_score=8.0 | session=NEW YORK | RR=2.00,True
proxy_hardened_no_worst_hours,30,392,421,2024-01-12 19:00:00,2024-02-27 10:30:00,30,9,21,30.0,0.9285599515172994,-5.113724924938563,34.30121346131742,5,NEW YORK,18,BUY,V50 realtime loss proxy | variant=proxy_hardened_no_worst_hours | Side=BUY | score=100.0 | opposite_score=8.0 | session=NEW YORK | RR=2.00,True
proxy_hardened_no_worst_hours,30,393,422,2024-01-16 14:45:00,2024-02-27 14:15:00,30,8,22,26.666666666666668,0.7676005476592148,-17.20884385705281,36.769121984598314,5,NEW YORK,19,BUY,V50 realtime loss proxy | variant=proxy_hardened_no_worst_hours | Side=BUY | score=100.0 | opposite_score=8.0 | session=NEW YORK | RR=2.00,True
proxy_hardened_no_worst_hours,30,394,423,2024-01-17 14:00:00,2024-02-28 14:45:00,30,8,22,26.666666666666668,0.6991648530441115,-22.276408220988188,36.7691219845983,5,NEW YORK,19,BUY,V50 realtime loss proxy | variant=proxy_hardened_no_worst_hours | Side=BUY | score=100.0 | opposite_score=8.0 | session=NEW YORK | RR=2.00,True
proxy_hardened_no_worst_hours,30,395,424,2024-01-19 19:45:00,2024-03-01 13:15:00,30,7,23,23.333333333333332,0.5513158976067865,-34.588859488287554,36.76912198459828,5,NEW YORK,19,SELL,V50 realtime loss proxy | variant=proxy_hardened_no_worst_hours | Side=BUY | score=100.0 | opposite_score=8.0 | session=NEW YORK | RR=2.00,True
proxy_hardened_no_worst_hours,30,396,425,2024-01-22 10:00:00,2024-03-01 15:00:00,30,8,22,26.666666666666668,0.6984306124824722,-22.23937212067348,33.42501960386189,5,NEW YORK,19,SELL,V50 realtime loss proxy | variant=proxy_hardened_no_worst_hours | Side=BUY | score=100.0 | opposite_score=8.0 | session=NEW YORK | RR=2.00,True
proxy_hardened_no_worst_hours,30,397,426,2024-01-22 14:00:00,2024-03-04 10:00:00,30,8,22,26.666666666666668,0.7071127055756793,-21.333908376813852,30.409589482584977,5,NEW YORK,19,SELL,V50 realtime loss proxy | variant=proxy_hardened_no_worst_hours | Side=BUY | score=100.0 | opposite_score=8.0 | session=NEW YORK | RR=2.00,True
proxy_hardened_no_worst_hours,30,398,427,2024-01-23 14:30:00,2024-03-05 14:00:00,30,8,22,26.666666666666668,0.6806139540074189,-24.169831528893518,30.40958948258498,5,NEW YORK,19,SELL,V50 realtime loss proxy | variant=proxy_hardened_no_worst_hours | Side=BUY | score=100.0 | opposite_score=8.0 | session=NEW YORK | RR=2.00,True
proxy_hardened_no_worst_hours,30,399,428,2024-01-23 21:00:00,2024-03-05 18:00:00,30,8,22,26.666666666666668,0.6589309103051261,-26.66005343859151,34.44081176109255,5,NEW YORK,18,BUY,V50 realtime loss proxy | variant=proxy_hardened_no_worst_hours | Side=BUY | score=100.0 | opposite_score=8.0 | session=NEW YORK | RR=2.00,True
proxy_hardened_no_worst_hours,30,400,429,2024-01-24 10:30:00,2024-03-06 10:15:00,30,9,21,30.0,0.7589645458642276,-18.20477583915035,34.440811761092554,5,NEW YORK,18,BUY,V50 realtime loss proxy | variant=proxy_hardened_no_worst_hours | Side=BUY | score=100.0 | opposite_score=8.0 | session=NEW YORK | RR=2.00,True
proxy_hardened_no_worst_hours,30,401,430,2024-01-24 13:30:00,2024-03-06 19:45:00,30,9,21,30.0,0.8370157877993084,-12.309770191578446,34.44081176109254,5,NEW YORK,18,SELL,V50 realtime loss proxy | variant=proxy_hardened_no_worst_hours | Side=BUY | score=100.0 | opposite_score=8.0 | session=LONDON | RR=2.00,True
proxy_hardened_no_worst_hours,30,402,431,2024-01-26 15:30:00,2024-03-07 13:00:00,30,9,21,30.0,0.8322756695453765,-12.73992658795046,34.44081176109255,5,NEW YORK,18,SELL,V50 realtime loss proxy | variant=proxy_hardened_no_worst_hours | Side=BUY | score=100.0 | opposite_score=8.0 | session=LONDON | RR=2.00,True
proxy_hardened_no_worst_hours,30,403,432,2024-01-29 13:00:00,2024-03-08 13:30:00,30,9,21,30.0,0.8052263917441783,-15.291502726246014,34.440811761092554,5,NEW YORK,18,BUY,V50 realtime loss proxy | variant=proxy_hardened_no_worst_hours | Side=BUY | score=100.0 | opposite_score=8.0 | session=LONDON | RR=2.00,True
proxy_hardened_no_worst_hours,30,404,433,2024-01-30 10:00:00,2024-03-08 14:15:00,30,9,21,30.0,0.9468774448323873,-4.1706045518434625,34.44081176109255,5,NEW YORK,13,SELL,V50 realtime loss proxy | variant=proxy_hardened_no_worst_hours | Side=BUY | score=100.0 | opposite_score=4.0 | session=LONDON | RR=2.00,True
proxy_hardened_no_worst_hours,30,405,434,2024-01-31 10:00:00,2024-03-15 10:30:00,30,9,21,30.0,0.9380096100170974,-4.91282063968006,34.44081176109255,5,NEW YORK,13,SELL,V50 realtime loss proxy | variant=proxy_hardened_no_worst_hours | Side=BUY | score=100.0 | opposite_score=4.0 | session=LONDON | RR=2.00,True
proxy_hardened_no_worst_hours,30,406,435,2024-01-31 19:30:00,2024-03-18 14:15:00,30,8,22,26.666666666666668,0.8467044989869031,-12.726357554589098,34.44081176109255,5,NEW YORK,13,BUY,V50 realtime loss proxy | variant=proxy_hardened_no_worst_hours | Side=BUY | score=100.0 | opposite_score=4.0 | session=LONDON | RR=2.00,True
proxy_hardened_no_worst_hours,30,407,436,2024-02-01 15:00:00,2024-03-19 10:45:00,30,8,22,26.666666666666668,0.8675179142891493,-10.734585613687525,34.440811761092554,5,NEW YORK,13,SELL,V50 realtime loss proxy | variant=proxy_hardened_no_worst_hours | Side=BUY | score=100.0 | opposite_score=4.0 | session=LONDON | RR=2.00,True
proxy_hardened_no_worst_hours,30,408,437,2024-02-01 18:15:00,2024-03-19 14:00:00,30,7,23,23.333333333333332,0.6918264303962541,-26.30903650537848,34.44081176109253,5,LONDON,13,BUY,V50 realtime loss proxy | variant=proxy_hardened_no_worst_hours | Side=BUY | score=100.0 | opposite_score=4.0 | session=LONDON | RR=2.00,True
proxy_hardened_no_worst_hours,30,409,438,2024-02-05 15:00:00,2024-03-20 13:15:00,30,7,23,23.333333333333332,0.7187153515143645,-23.115101969363785,27.902414476035204,5,LONDON,13,SELL,V50 realtime loss proxy | variant=proxy_hardened_no_worst_hours | Side=SELL | score=79.0 | opposite_score=26.0 | session=LONDON | RR=2.00,True
proxy_hardened_no_worst_hours,30,410,439,2024-02-06 10:15:00,2024-03-20 14:30:00,30,8,22,26.666666666666668,0.8712259695038241,-10.022847245603684,23.558339171491312,5,LONDON,13,SELL,V50 realtime loss proxy | variant=proxy_hardened_no_worst_hours | Side=SELL | score=79.0 | opposite_score=26.0 | session=LONDON | RR=2.00,True
proxy_hardened_no_worst_hours,30,411,440,2024-02-07 15:15:00,2024-03-25 13:15:00,30,9,21,30.0,0.9961782487993667,-0.28788027084320333,22.76304869843264,5,NEW YORK,13,SELL,V50 realtime loss proxy | variant=proxy_hardened_no_worst_hours | Side=SELL | score=79.0 | opposite_score=26.0 | session=LONDON | RR=2.00,True
proxy_hardened_no_worst_hours,30,412,441,2024-02-14 14:00:00,2024-03-25 15:15:00,30,9,21,30.0,0.9951681745259187,-0.36433534658263333,22.76304869843264,5,NEW YORK,13,SELL,V50 realtime loss proxy | variant=proxy_hardened_no_worst_hours | Side=SELL | score=79.0 | opposite_score=26.0 | session=LONDON | RR=2.00,True
proxy_hardened_no_worst_hours,30,413,442,2024-02-14 15:15:00,2024-03-27 13:30:00,30,9,21,30.0,1.0608890190613505,4.591229956833418,22.763048698432634,5,NEW YORK,10,SELL,V50 realtime loss proxy | variant=proxy_hardened_no_worst_hours | Side=SELL | score=79.0 | opposite_score=26.0 | session=LONDON | RR=2.00,True
proxy_hardened_no_worst_hours,30,414,443,2024-02-15 13:30:00,2024-03-28 13:30:00,30,10,20,33.33333333333333,1.3001104903054774,21.476051423640545,18.920280481188186,5,NEW YORK,10,SELL,V50 realtime loss proxy | variant=proxy_hardened_no_worst_hours | Side=SELL | score=79.0 | opposite_score=26.0 | session=LONDON | RR=2.00,False
proxy_hardened_no_worst_hours,30,415,444,2024-02-15 19:15:00,2024-04-02 10:15:00,30,10,20,33.33333333333333,1.2693419887254997,19.741444964811848,18.06136739157173,5,NEW YORK,10,SELL,V50 realtime loss proxy | variant=proxy_hardened_no_worst_hours | Side=SELL | score=79.0 | opposite_score=26.0 | session=LONDON | RR=2.00,False
proxy_hardened_no_worst_hours,30,416,445,2024-02-20 14:45:00,2024-04-02 13:00:00,30,11,19,36.666666666666664,1.4817308493016625,33.67210533493412,18.06136739157173,5,NEW YORK,10,SELL,V50 realtime loss proxy | variant=proxy_hardened_no_worst_hours | Side=SELL | score=79.0 | opposite_score=26.0 | session=LONDON | RR=2.00,False
proxy_hardened_no_worst_hours,30,417,446,2024-02-21 13:30:00,2024-04-03 14:00:00,30,12,18,40.0,1.7272471150755966,48.72475848199051,18.06136739157173,5,NEW YORK,10,SELL,V50 realtime loss proxy | variant=proxy_hardened_no_worst_hours | Side=SELL | score=79.0 | opposite_score=26.0 | session=LONDON | RR=2.00,False
proxy_hardened_no_worst_hours,30,418,447,2024-02-23 13:45:00,2024-04-04 19:00:00,30,12,18,40.0,1.6119394453306446,43.93209252091365,18.06136739157173,5,NEW YORK,10,SELL,V50 realtime loss proxy | variant=proxy_hardened_no_worst_hours | Side=SELL | score=79.0 | opposite_score=26.0 | session=LONDON | RR=2.00,False
proxy_hardened_no_worst_hours,30,419,448,2024-02-23 21:30:00,2024-04-05 13:30:00,30,12,18,40.0,1.731485904239407,52.514520297717,18.06136739157173,5,NEW YORK,10,SELL,V50 realtime loss proxy | variant=proxy_hardened_no_worst_hours | Side=SELL | score=79.0 | opposite_score=26.0 | session=LONDON | RR=2.00,False
proxy_hardened_no_worst_hours,30,420,449,2024-02-26 10:00:00,2024-04-08 10:15:00,30,12,18,40.0,1.6421297974764903,48.60799898813103,18.06136739157173,5,NEW YORK,10,SELL,V50 realtime loss proxy | variant=proxy_hardened_no_worst_hours | Side=SELL | score=79.0 | opposite_score=26.0 | session=LONDON | RR=2.00,False
proxy_hardened_no_worst_hours,30,421,450,2024-02-27 10:30:00,2024-04-08 19:00:00,30,13,17,43.333333333333336,1.85692612699181,62.89796385703299,18.06136739157173,5,NEW YORK,10,SELL,V50 realtime loss proxy | variant=proxy_hardened_no_worst_hours | Side=SELL | score=79.0 | opposite_score=26.0 | session=LONDON | RR=2.00,False
proxy_hardened_no_worst_hours,30,422,451,2024-02-27 14:15:00,2024-04-09 13:30:00,30,13,17,43.333333333333336,1.744523598195345,58.168712079722454,18.06136739157173,5,NEW YORK,10,SELL,V50 realtime loss proxy | variant=proxy_hardened_no_worst_hours | Side=SELL | score=79.0 | opposite_score=26.0 | session=LONDON | RR=2.00,False
proxy_hardened_no_worst_hours,30,423,452,2024-02-28 14:45:00,2024-04-09 22:00:00,30,13,17,43.333333333333336,1.6878039264457405,55.543147550646026,18.06136739157173,5,NEW YORK,10,SELL,V50 realtime loss proxy | variant=proxy_hardened_no_worst_hours | Side=SELL | score=79.0 | opposite_score=26.0 | session=LONDON | RR=2.00,False
proxy_hardened_no_worst_hours,30,424,453,2024-03-01 13:15:00,2024-04-11 14:00:00,30,12,18,40.0,1.5019621034486803,43.80622702797346,18.310940915557453,5,NEW YORK,10,SELL,V50 realtime loss proxy | variant=proxy_hardened_no_worst_hours | Side=BUY | score=80.0 | opposite_score=8.0 | session=LONDON | RR=2.00,False
proxy_hardened_no_worst_hours,30,425,454,2024-03-01 15:00:00,2024-04-12 13:00:00,30,13,17,43.333333333333336,1.6935826719383686,58.4197649985459,18.310940915557453,5,NEW YORK,10,SELL,V50 realtime loss proxy | variant=proxy_hardened_no_worst_hours | Side=BUY | score=80.0 | opposite_score=8.0 | session=LONDON | RR=2.00,False
proxy_hardened_no_worst_hours,30,426,455,2024-03-04 10:00:00,2024-04-16 15:15:00,30,12,18,40.0,1.4174775551896304,39.36083884057425,18.310940915557453,5,NEW YORK,15,SELL,V50 realtime loss proxy | variant=proxy_hardened_no_worst_hours | Side=BUY | score=80.0 | opposite_score=8.0 | session=LONDON | RR=2.00,False
proxy_hardened_no_worst_hours,30,427,456,2024-03-05 14:00:00,2024-04-18 15:15:00,30,12,18,40.0,1.3324440506368618,33.343945538925354,25.23345439780175,5,NEW YORK,15,SELL,V50 realtime loss proxy | variant=proxy_hardened_no_worst_hours | Side=BUY | score=80.0 | opposite_score=8.0 | session=LONDON | RR=2.00,False
proxy_hardened_no_worst_hours,30,428,457,2024-03-05 18:00:00,2024-04-19 14:15:00,30,12,18,40.0,1.30925368484486,31.567375978065783,33.53633426753599,5,NEW YORK,15,SELL,V50 realtime loss proxy | variant=proxy_hardened_no_worst_hours | Side=BUY | score=80.0 | opposite_score=8.0 | session=LONDON | RR=2.00,False
proxy_hardened_no_worst_hours,30,429,458,2024-03-06 10:15:00,2024-04-23 10:30:00,30,12,18,40.0,1.297774355337267,30.664473314869255,40.70518220769566,5,NEW YORK,15,SELL,V50 realtime loss proxy | variant=proxy_hardened_no_worst_hours | Side=BUY | score=80.0 | opposite_score=8.0 | session=LONDON | RR=2.00,False
proxy_hardened_no_worst_hours,30,430,459,2024-03-06 19:45:00,2024-04-24 10:00:00,30,11,19,36.666666666666664,1.1878239774301513,20.212546188381666,45.34059152859227,5,LONDON,10,SELL,V50 realtime loss proxy | variant=proxy_hardened_no_worst_hours | Side=BUY | score=80.0 | opposite_score=8.0 | session=LONDON | RR=2.00,False
proxy_hardened_no_worst_hours,30,431,460,2024-03-07 13:00:00,2024-04-26 13:00:00,30,10,20,33.33333333333333,1.0248633456491738,2.815903466323201,50.9815010985324,6,NEW YORK,10,SELL,V50 realtime loss proxy | variant=proxy_hardened_no_worst_hours | Side=BUY | score=100.0 | opposite_score=8.0 | session=NEW YORK | RR=2.00,True
proxy_hardened_no_worst_hours,30,432,461,2024-03-08 13:30:00,2024-04-30 13:45:00,30,11,19,36.666666666666664,1.1699392605368168,18.555266851990936,50.98150109853239,6,NEW YORK,10,SELL,V50 realtime loss proxy | variant=proxy_hardened_no_worst_hours | Side=BUY | score=100.0 | opposite_score=8.0 | session=NEW YORK | RR=2.00,False
proxy_hardened_no_worst_hours,30,433,462,2024-03-08 14:15:00,2024-05-02 14:15:00,30,11,19,36.666666666666664,1.15144534770399,16.801552091565192,50.98150109853239,6,NEW YORK,10,SELL,V50 realtime loss proxy | variant=proxy_hardened_no_worst_hours | Side=BUY | score=100.0 | opposite_score=8.0 | session=NEW YORK | RR=2.00,False
proxy_hardened_no_worst_hours,30,434,463,2024-03-15 10:30:00,2024-05-06 14:15:00,30,10,20,33.33333333333333,0.9520160303591925,-5.6462466263787086,54.16722225070046,6,LONDON,10,SELL,V50 realtime loss proxy | variant=proxy_hardened_no_worst_hours | Side=BUY | score=100.0 | opposite_score=8.0 | session=NEW YORK | RR=2.00,True
proxy_hardened_no_worst_hours,30,435,464,2024-03-18 14:15:00,2024-05-10 14:30:00,30,10,20,33.33333333333333,0.9187374552678539,-9.908477502827195,61.59467976487677,6,LONDON,10,SELL,V50 realtime loss proxy | variant=proxy_hardened_no_worst_hours | Side=BUY | score=100.0 | opposite_score=8.0 | session=NEW YORK | RR=2.00,True
proxy_hardened_no_worst_hours,30,436,465,2024-03-19 10:45:00,2024-05-10 18:00:00,30,10,20,33.33333333333333,0.9046818202881568,-11.802875022803985,67.25621813950892,6,NEW YORK,10,SELL,V50 realtime loss proxy | variant=proxy_hardened_no_worst_hours | Side=BUY | score=100.0 | opposite_score=8.0 | session=NEW YORK | RR=2.00,True
proxy_hardened_no_worst_hours,30,437,466,2024-03-19 14:00:00,2024-05-14 10:15:00,30,10,20,33.33333333333333,0.9021966479448589,-12.143963753704073,71.03769947912475,6,LONDON,10,SELL,V50 realtime loss proxy | variant=proxy_hardened_no_worst_hours | Side=BUY | score=100.0 | opposite_score=8.0 | session=NEW YORK | RR=2.00,True
proxy_hardened_no_worst_hours,30,438,467,2024-03-20 13:15:00,2024-05-14 15:00:00,30,11,19,36.666666666666664,1.0361691755398827,4.3338994174688175,71.03769947912475,6,NEW YORK,10,SELL,V50 realtime loss proxy | variant=proxy_hardened_no_worst_hours | Side=BUY | score=100.0 | opposite_score=8.0 | session=NEW YORK | RR=2.00,True
proxy_hardened_no_worst_hours,30,439,468,2024-03-20 14:30:00,2024-05-15 14:15:00,30,12,18,40.0,1.2108009887614966,24.55379255153148,71.03769947912475,6,NEW YORK,10,SELL,V50 realtime loss proxy | variant=proxy_hardened_no_worst_hours | Side=BUY | score=100.0 | opposite_score=8.0 | session=NEW YORK | RR=2.00,False
proxy_hardened_no_worst_hours,30,440,469,2024-03-25 13:15:00,2024-05-17 10:00:00,30,12,18,40.0,1.1974464259138766,22.99827249584596,71.03769947912475,6,NEW YORK,10,SELL,V50 realtime loss proxy | variant=proxy_hardened_no_worst_hours | Side=BUY | score=100.0 | opposite_score=8.0 | session=NEW YORK | RR=2.00,False
proxy_hardened_no_worst_hours,30,441,470,2024-03-25 15:15:00,2024-05-20 10:00:00,30,11,19,36.666666666666664,1.0714639768258016,8.820604373957027,71.03769947912475,6,NEW YORK,10,SELL,V50 realtime loss proxy | variant=proxy_hardened_no_worst_hours | Side=BUY | score=100.0 | opposite_score=8.0 | session=NEW YORK | RR=2.00,True
proxy_hardened_no_worst_hours,30,442,471,2024-03-27 13:30:00,2024-05-20 19:00:00,30,11,19,36.666666666666664,1.0532540704169118,6.686647046102365,71.03769947912475,6,NEW YORK,10,SELL,V50 realtime loss proxy | variant=proxy_hardened_no_worst_hours | Side=BUY | score=100.0 | opposite_score=8.0 | session=NEW YORK | RR=2.00,True
proxy_hardened_no_worst_hours,30,443,472,2024-03-28 13:30:00,2024-05-21 13:00:00,30,10,20,33.33333333333333,0.9232607217432157,-10.098814110625797,71.03769947912475,6,NEW YORK,10,SELL,V50 realtime loss proxy | variant=proxy_hardened_no_worst_hours | Side=BUY | score=100.0 | opposite_score=8.0 | session=NEW YORK | RR=2.00,True
proxy_hardened_no_worst_hours,30,444,473,2024-04-02 10:15:00,2024-05-22 14:00:00,30,10,20,33.33333333333333,0.9352720594226471,-8.518133796710934,71.03769947912477,6,NEW YORK,10,BUY,V50 realtime loss proxy | variant=proxy_hardened_no_worst_hours | Side=BUY | score=100.0 | opposite_score=8.0 | session=NEW YORK | RR=2.00,True
proxy_hardened_no_worst_hours,30,445,474,2024-04-02 13:00:00,2024-05-23 14:00:00,30,11,19,36.666666666666664,1.0944443207525612,11.99121629696865,71.03769947912475,6,NEW YORK,10,BUY,V50 realtime loss proxy | variant=proxy_hardened_no_worst_hours | Side=BUY | score=100.0 | opposite_score=8.0 | session=NEW YORK | RR=2.00,True
proxy_hardened_no_worst_hours,30,446,475,2024-04-03 14:00:00,2024-05-28 10:00:00,30,10,20,33.33333333333333,0.9843023146905758,-2.048101505752488,71.03769947912477,6,NEW YORK,10,BUY,V50 realtime loss proxy | variant=proxy_hardened_no_worst_hours | Side=BUY | score=100.0 | opposite_score=8.0 | session=NEW YORK | RR=2.00,True
proxy_hardened_no_worst_hours,30,447,476,2024-04-04 19:00:00,2024-05-28 14:15:00,30,9,21,30.0,0.8524444456487594,-20.125998194636765,71.03769947912475,6,NEW YORK,10,BUY,V50 realtime loss proxy | variant=proxy_hardened_no_worst_hours | Side=BUY | score=100.0 | opposite_score=8.0 | session=NEW YORK | RR=2.00,True
proxy_hardened_no_worst_hours,30,448,477,2024-04-05 13:30:00,2024-05-29 13:15:00,30,10,20,33.33333333333333,0.9872987281341361,-1.6415011489897537,71.03769947912475,6,NEW YORK,10,BUY,V50 realtime loss proxy | variant=proxy_hardened_no_worst_hours | Side=BUY | score=96.0 | opposite_score=4.0 | session=LONDON | RR=2.00,True
proxy_hardened_no_worst_hours,30,449,478,2024-04-08 10:15:00,2024-05-30 14:45:00,30,9,21,30.0,0.837062799866606,-22.0472556747558,71.03769947912475,6,LONDON,10,BUY,V50 realtime loss proxy | variant=proxy_hardened_no_worst_hours | Side=BUY | score=96.0 | opposite_score=4.0 | session=LONDON | RR=2.00,True
proxy_hardened_no_worst_hours,30,450,479,2024-04-08 19:00:00,2024-06-04 14:00:00,30,9,21,30.0,0.8328988134141003,-22.7237300554838,71.03769947912475,6,LONDON,10,BUY,V50 realtime loss proxy | variant=proxy_hardened_no_worst_hours | Side=BUY | score=100.0 | opposite_score=8.0 | session=NEW YORK | RR=2.00,True
proxy_hardened_no_worst_hours,30,451,480,2024-04-09 13:30:00,2024-06-06 14:45:00,30,9,21,30.0,0.83324210681407,-22.6770463262409,71.03769947912475,6,NEW YORK,10,BUY,V50 realtime loss proxy | variant=proxy_hardened_no_worst_hours | Side=BUY | score=100.0 | opposite_score=8.0 | session=NEW YORK | RR=2.00,True
proxy_hardened_no_worst_hours,30,452,481,2024-04-09 22:00:00,2024-06-06 18:00:00,30,10,20,33.33333333333333,0.964191632806373,-4.629521675727485,64.33588683807073,6,NEW YORK,10,BUY,V50 realtime loss proxy | variant=proxy_hardened_no_worst_hours | Side=BUY | score=72.0 | opposite_score=19.0 | session=LONDON | RR=2.00,True
proxy_hardened_no_worst_hours,30,453,482,2024-04-11 14:00:00,2024-06-11 18:45:00,30,11,19,36.666666666666664,1.0708833376467877,8.80318302747091,64.29929372992405,6,LONDON,10,BUY,V50 realtime loss proxy | variant=proxy_hardened_no_worst_hours | Side=BUY | score=72.0 | opposite_score=19.0 | session=LONDON | RR=2.00,True
proxy_hardened_no_worst_hours,30,454,483,2024-04-12 13:00:00,2024-06-13 14:00:00,30,11,19,36.666666666666664,1.0542171455460851,6.83981424794327,64.29929372992405,6,LONDON,10,BUY,V50 realtime loss proxy | variant=proxy_hardened_no_worst_hours | Side=BUY | score=72.0 | opposite_score=19.0 | session=LONDON | RR=2.00,True
proxy_hardened_no_worst_hours,30,455,484,2024-04-16 15:15:00,2024-06-14 13:30:00,30,10,20,33.33333333333333,0.9161221144691709,-11.117209821378674,64.29929372992406,6,LONDON,10,BUY,V50 realtime loss proxy | variant=proxy_hardened_no_worst_hours | Side=BUY | score=96.0 | opposite_score=4.0 | session=LONDON | RR=2.00,True
proxy_hardened_no_worst_hours,30,456,485,2024-04-18 15:15:00,2024-06-17 13:30:00,30,10,20,33.33333333333333,0.9556852424469329,-5.630347413063564,54.24575255883007,5,LONDON,10,BUY,V50 realtime loss proxy | variant=proxy_hardened_no_worst_hours | Side=BUY | score=96.0 | opposite_score=4.0 | session=LONDON | RR=2.00,True
proxy_hardened_no_worst_hours,30,457,486,2024-04-19 14:15:00,2024-06-17 15:15:00,30,10,20,33.33333333333333,0.9821872012560897,-2.202112924573072,45.804245081323,5,LONDON,10,BUY,V50 realtime loss proxy | variant=proxy_hardened_no_worst_hours | Side=BUY | score=96.0 | opposite_score=4.0 | session=LONDON | RR=2.00,True
proxy_hardened_no_worst_hours,30,458,487,2024-04-23 10:30:00,2024-06-18 18:00:00,30,11,19,36.666666666666664,1.1461123906926103,16.85003726192926,37.50136521158876,5,LONDON,10,SELL,V50 realtime loss proxy | variant=proxy_hardened_no_worst_hours | Side=BUY | score=96.0 | opposite_score=4.0 | session=LONDON | RR=2.00,False
proxy_hardened_no_worst_hours,30,459,488,2024-04-24 10:00:00,2024-06-20 10:30:00,30,11,19,36.666666666666664,1.1824458878202542,20.39359688618297,31.727990715886698,5,LONDON,10,BUY,V50 realtime loss proxy | variant=proxy_hardened_no_worst_hours | Side=BUY | score=96.0 | opposite_score=4.0 | session=LONDON | RR=2.00,False
proxy_hardened_no_worst_hours,30,460,489,2024-04-26 13:00:00,2024-06-20 13:00:00,30,12,18,40.0,1.3237315679535817,34.68572355493106,31.727990715886694,5,LONDON,10,SELL,V50 realtime loss proxy | variant=proxy_hardened_no_worst_hours | Side=BUY | score=96.0 | opposite_score=4.0 | session=LONDON | RR=2.00,False
proxy_hardened_no_worst_hours,30,461,490,2024-04-30 13:45:00,2024-06-21 10:45:00,30,12,18,40.0,1.3511788486521275,36.86219108947181,31.727990715886698,5,LONDON,10,SELL,V50 realtime loss proxy | variant=proxy_hardened_no_worst_hours | Side=BUY | score=72.0 | opposite_score=19.0 | session=LONDON | RR=2.00,False
proxy_hardened_no_worst_hours,30,462,491,2024-05-02 14:15:00,2024-06-24 10:15:00,30,11,19,36.666666666666664,1.190987067578055,20.872082551170564,31.727990715886698,5,LONDON,10,SELL,V50 realtime loss proxy | variant=proxy_hardened_no_worst_hours | Side=BUY | score=72.0 | opposite_score=19.0 | session=LONDON | RR=2.00,False
proxy_hardened_no_worst_hours,30,463,492,2024-05-06 14:15:00,2024-06-25 13:45:00,30,12,18,40.0,1.3814495134395142,38.585863416246966,24.4434646564344,4,NEW YORK,10,SELL,V50 realtime loss proxy | variant=proxy_hardened_no_worst_hours | Side=BUY | score=72.0 | opposite_score=19.0 | session=LONDON | RR=2.00,False
proxy_hardened_no_worst_hours,30,464,493,2024-05-10 14:30:00,2024-06-26 10:00:00,30,13,17,43.333333333333336,1.5605860737307882,52.934912584869934,24.4434646564344,4,NEW YORK,10,SELL,V50 realtime loss proxy | variant=proxy_hardened_no_worst_hours | Side=BUY | score=72.0 | opposite_score=19.0 | session=LONDON | RR=2.00,False
proxy_hardened_no_worst_hours,30,465,494,2024-05-10 18:00:00,2024-06-27 18:45:00,30,13,17,43.333333333333336,1.614251975007303,56.07417048988519,24.4434646564344,4,NEW YORK,10,SELL,V50 realtime loss proxy | variant=proxy_hardened_no_worst_hours | Side=BUY | score=72.0 | opposite_score=19.0 | session=LONDON | RR=2.00,False
proxy_hardened_no_worst_hours,30,466,495,2024-05-14 10:15:00,2024-06-28 14:00:00,30,13,17,43.333333333333336,1.621693188887551,56.49305219335211,24.4434646564344,4,NEW YORK,10,SELL,V50 realtime loss proxy | variant=proxy_hardened_no_worst_hours | Side=BUY | score=72.0 | opposite_score=19.0 | session=LONDON | RR=2.00,False
proxy_hardened_no_worst_hours,30,467,496,2024-05-14 15:00:00,2024-07-03 18:00:00,30,13,17,43.333333333333336,1.595211410936743,54.984543483501156,24.4434646564344,4,NEW YORK,10,SELL,V50 realtime loss proxy | variant=proxy_hardened_no_worst_hours | Side=BUY | score=72.0 | opposite_score=19.0 | session=LONDON | RR=2.00,False
proxy_hardened_no_worst_hours,30,468,497,2024-05-15 14:15:00,2024-07-04 10:15:00,30,12,18,40.0,1.4156013998255956,39.7014027855963,24.4434646564344,4,NEW YORK,10,BUY,V50 realtime loss proxy | variant=proxy_hardened_no_worst_hours | Side=BUY | score=72.0 | opposite_score=19.0 | session=LONDON | RR=2.00,False
proxy_hardened_no_worst_hours,30,469,498,2024-05-17 10:00:00,2024-07-05 10:45:00,30,11,19,36.666666666666664,1.2003652863539453,19.755608541183037,24.4434646564344,5,LONDON,10,BUY,V50 realtime loss proxy | variant=proxy_hardened_no_worst_hours | Side=BUY | score=72.0 | opposite_score=19.0 | session=LONDON | RR=2.00,False
proxy_hardened_no_worst_hours,30,470,499,2024-05-20 10:00:00,2024-07-10 15:15:00,30,10,20,33.33333333333333,1.073605879651899,7.621136095708701,25.982445339292077,6,LONDON,10,BUY,V50 realtime loss proxy | variant=proxy_hardened_no_worst_hours | Side=BUY | score=96.0 | opposite_score=4.0 | session=LONDON | RR=2.00,True
proxy_hardened_no_worst_hours,30,471,500,2024-05-20 19:00:00,2024-07-11 10:15:00,30,10,20,33.33333333333333,1.114175759389986,11.39127390129634,29.161043426597235,7,LONDON,10,BUY,V50 realtime loss proxy | variant=proxy_hardened_no_worst_hours | Side=BUY | score=72.0 | opposite_score=19.0 | session=LONDON | RR=2.00,False
proxy_hardened_no_worst_hours,30,472,501,2024-05-21 13:00:00,2024-07-12 19:15:00,30,10,20,33.33333333333333,1.1437987862493424,13.975188684856773,32.86890743947163,8,LONDON,10,BUY,V50 realtime loss proxy | variant=proxy_hardened_no_worst_hours | Side=BUY | score=72.0 | opposite_score=19.0 | session=LONDON | RR=2.00,False
proxy_hardened_no_worst_hours,30,473,502,2024-05-22 14:00:00,2024-07-15 10:00:00,30,11,19,36.666666666666664,1.2927737960281134,26.685727095168296,32.86890743947163,8,LONDON,10,BUY,V50 realtime loss proxy | variant=proxy_hardened_no_worst_hours | Side=BUY | score=72.0 | opposite_score=19.0 | session=LONDON | RR=2.00,False
proxy_hardened_no_worst_hours,30,474,503,2024-05-23 14:00:00,2024-07-15 13:30:00,30,11,19,36.666666666666664,1.2335031995492973,21.283334586483388,32.868907439471634,8,LONDON,10,BUY,V50 realtime loss proxy | variant=proxy_hardened_no_worst_hours | Side=BUY | score=72.0 | opposite_score=19.0 | session=LONDON | RR=2.00,False
proxy_hardened_no_worst_hours,30,475,504,2024-05-28 10:00:00,2024-07-16 13:15:00,30,11,19,36.666666666666664,1.1829229808138892,16.673052068380535,32.86890743947164,8,LONDON,14,SELL,V50 realtime loss proxy | variant=proxy_hardened_no_worst_hours | Side=BUY | score=72.0 | opposite_score=19.0 | session=LONDON | RR=2.00,False
proxy_hardened_no_worst_hours,30,476,505,2024-05-28 14:15:00,2024-07-17 10:00:00,30,11,19,36.666666666666664,1.1577573303053494,14.691810377281938,32.86890743947164,8,LONDON,14,SELL,V50 realtime loss proxy | variant=proxy_hardened_no_worst_hours | Side=BUY | score=96.0 | opposite_score=4.0 | session=LONDON | RR=2.00,False
proxy_hardened_no_worst_hours,30,477,506,2024-05-29 13:15:00,2024-07-17 13:30:00,30,11,19,36.666666666666664,1.1535965341080983,14.355911720239503,32.868907439471634,8,LONDON,14,SELL,V50 realtime loss proxy | variant=proxy_hardened_no_worst_hours | Side=BUY | score=96.0 | opposite_score=4.0 | session=LONDON | RR=2.00,False
proxy_hardened_no_worst_hours,30,478,507,2024-05-30 14:45:00,2024-07-19 15:15:00,30,10,20,33.33333333333333,0.9564436811352639,-4.3942988598245485,32.86890743947164,8,LONDON,15,SELL,V50 realtime loss proxy | variant=proxy_hardened_no_worst_hours | Side=BUY | score=96.0 | opposite_score=4.0 | session=LONDON | RR=2.00,True
proxy_hardened_no_worst_hours,30,479,508,2024-06-04 14:00:00,2024-07-22 13:00:00,30,11,19,36.666666666666664,1.1382696603737605,13.110106052762227,32.86890743947164,8,LONDON,15,SELL,V50 realtime loss proxy | variant=proxy_hardened_no_worst_hours | Side=BUY | score=96.0 | opposite_score=4.0 | session=LONDON | RR=2.00,False
proxy_hardened_no_worst_hours,30,480,509,2024-06-06 14:45:00,2024-07-23 19:00:00,30,12,18,40.0,1.320828466502036,28.19771561953675,32.868907439471634,8,LONDON,15,SELL,V50 realtime loss proxy | variant=proxy_hardened_no_worst_hours | Side=BUY | score=96.0 | opposite_score=4.0 | session=LONDON | RR=2.00,False
proxy_hardened_no_worst_hours,30,481,510,2024-06-06 18:00:00,2024-07-24 10:15:00,30,12,18,40.0,1.2695469110589945,23.690563456026297,32.86890743947164,8,LONDON,15,SELL,V50 realtime loss proxy | variant=proxy_hardened_no_worst_hours | Side=BUY | score=96.0 | opposite_score=4.0 | session=LONDON | RR=2.00,False
proxy_hardened_no_worst_hours,30,482,511,2024-06-11 18:45:00,2024-07-24 13:00:00,30,12,18,40.0,1.2456371053491728,21.589123053076122,32.86890743947164,8,LONDON,15,SELL,V50 realtime loss proxy | variant=proxy_hardened_no_worst_hours | Side=BUY | score=96.0 | opposite_score=4.0 | session=LONDON | RR=2.00,False
proxy_hardened_no_worst_hours,30,483,512,2024-06-13 14:00:00,2024-07-25 13:30:00,30,12,18,40.0,1.3437184129330995,30.20952026719405,32.86890743947164,8,NEW YORK,15,BUY,V50 realtime loss proxy | variant=proxy_hardened_no_worst_hours | Side=BUY | score=96.0 | opposite_score=4.0 | session=LONDON | RR=2.00,False
proxy_hardened_no_worst_hours,30,484,513,2024-06-14 13:30:00,2024-07-26 14:45:00,30,13,17,43.333333333333336,1.6549750729099761,52.01241741338808,32.86890743947164,8,NEW YORK,15,SELL,V50 realtime loss proxy | variant=proxy_hardened_no_worst_hours | Side=BUY | score=96.0 | opposite_score=4.0 | session=LONDON | RR=2.00,False
proxy_hardened_no_worst_hours,30,485,514,2024-06-17 13:30:00,2024-07-31 10:15:00,30,14,16,46.666666666666664,1.918524813895115,67.07693162973473,32.86890743947164,8,NEW YORK,15,SELL,V50 realtime loss proxy | variant=proxy_hardened_no_worst_hours | Side=BUY | score=96.0 | opposite_score=4.0 | session=LONDON | RR=2.00,False
proxy_hardened_no_worst_hours,30,486,515,2024-06-17 15:15:00,2024-07-31 14:15:00,30,15,15,50.0,2.199881113903858,82.14401142727965,32.86890743947164,8,NEW YORK,15,SELL,V50 realtime loss proxy | variant=proxy_hardened_no_worst_hours | Side=BUY | score=96.0 | opposite_score=4.0 | session=LONDON | RR=2.00,False
proxy_hardened_no_worst_hours,30,487,516,2024-06-18 18:00:00,2024-08-01 14:45:00,30,15,15,50.0,2.0977369720491312,78.81051402256216,32.86890743947164,8,NEW YORK,15,SELL,V50 realtime loss proxy | variant=proxy_hardened_no_worst_hours | Side=BUY | score=96.0 | opposite_score=4.0 | session=LONDON | RR=2.00,False
proxy_hardened_no_worst_hours,30,488,517,2024-06-20 10:30:00,2024-08-01 22:00:00,30,14,16,46.666666666666664,1.811349750868413,62.64456159388655,32.86890743947164,8,NEW YORK,15,BUY,V50 realtime loss proxy | variant=proxy_hardened_no_worst_hours | Side=BUY | score=96.0 | opposite_score=4.0 | session=LONDON | RR=2.00,False
proxy_hardened_no_worst_hours,30,489,518,2024-06-20 13:00:00,2024-08-02 13:15:00,30,14,16,46.666666666666664,1.7023561933376519,57.70116265355783,32.86890743947164,8,NEW YORK,15,BUY,V50 realtime loss proxy | variant=proxy_hardened_no_worst_hours | Side=BUY | score=96.0 | opposite_score=4.0 | session=LONDON | RR=2.00,False
proxy_hardened_no_worst_hours,30,490,519,2024-06-21 10:45:00,2024-08-05 14:45:00,30,13,17,43.333333333333336,1.3652714951356861,34.83385740408593,35.54272766349669,8,NEW YORK,15,BUY,V50 realtime loss proxy | variant=proxy_hardened_no_worst_hours | Side=BUY | score=96.0 | opposite_score=4.0 | session=LONDON | RR=2.00,False
proxy_hardened_no_worst_hours,30,491,520,2024-06-24 10:15:00,2024-08-08 13:00:00,30,14,16,46.666666666666664,1.538362864971421,49.475466344486094,35.54272766349669,8,NEW YORK,15,SELL,V50 realtime loss proxy | variant=proxy_hardened_no_worst_hours | Side=BUY | score=96.0 | opposite_score=4.0 | session=LONDON | RR=2.00,False
proxy_hardened_no_worst_hours,30,492,521,2024-06-25 13:45:00,2024-08-08 15:00:00,30,15,15,50.0,1.7977130811796282,69.8649348952059,35.54272766349669,8,NEW YORK,18,SELL,V50 realtime loss proxy | variant=proxy_hardened_no_worst_hours | Side=BUY | score=96.0 | opposite_score=4.0 | session=LONDON | RR=2.00,False
proxy_hardened_no_worst_hours,30,493,522,2024-06-26 10:00:00,2024-08-09 13:00:00,30,14,16,46.666666666666664,1.6093189098505647,55.983425943387026,35.54272766349669,8,NEW YORK,18,SELL,V50 realtime loss proxy | variant=proxy_hardened_no_worst_hours | Side=BUY | score=96.0 | opposite_score=4.0 | session=LONDON | RR=2.00,False
proxy_hardened_no_worst_hours,30,494,523,2024-06-27 18:45:00,2024-08-09 14:00:00,30,13,17,43.333333333333336,1.4384303982977074,42.745192335703095,35.54272766349669,8,NEW YORK,18,SELL,V50 realtime loss proxy | variant=proxy_hardened_no_worst_hours | Side=BUY | score=96.0 | opposite_score=4.0 | session=LONDON | RR=2.00,False
proxy_hardened_no_worst_hours,30,495,524,2024-06-28 14:00:00,2024-08-13 14:30:00,30,13,17,43.333333333333336,1.4084320407241226,40.66861457468587,35.54272766349669,7,NEW YORK,14,SELL,V50 realtime loss proxy | variant=proxy_hardened_no_worst_hours | Side=BUY | score=96.0 | opposite_score=4.0 | session=LONDON | RR=2.00,False
proxy_hardened_no_worst_hours,30,496,525,2024-07-03 18:00:00,2024-08-19 14:45:00,30,14,16,46.666666666666664,1.6237623720621348,58.839430044184255,35.54272766349669,6,NEW YORK,22,SELL,V50 realtime loss proxy | variant=proxy_hardened_no_worst_hours | Side=BUY | score=96.0 | opposite_score=4.0 | session=LONDON | RR=2.00,False
proxy_hardened_no_worst_hours,30,497,526,2024-07-04 10:15:00,2024-08-20 14:30:00,30,14,16,46.666666666666664,1.5943484622324005,57.09915138723828,35.54272766349669,5,NEW YORK,22,SELL,V50 realtime loss proxy | variant=proxy_hardened_no_worst_hours | Side=BUY | score=96.0 | opposite_score=4.0 | session=LONDON | RR=2.00,False
proxy_hardened_no_worst_hours,30,498,527,2024-07-05 10:45:00,2024-08-20 22:15:00,30,14,16,46.666666666666664,1.571401852909829,55.69627381862085,35.54272766349669,4,NEW YORK,22,SELL,V50 realtime loss proxy | variant=proxy_hardened_no_worst_hours | Side=BUY | score=96.0 | opposite_score=4.0 | session=LONDON | RR=2.00,False
proxy_hardened_no_worst_hours,30,499,528,2024-07-10 15:15:00,2024-08-21 19:00:00,30,14,16,46.666666666666664,1.5250295377756184,52.73236376561374,35.54272766349669,4,NEW YORK,22,SELL,V50 realtime loss proxy | variant=proxy_hardened_no_worst_hours | Side=BUY | score=96.0 | opposite_score=4.0 | session=LONDON | RR=2.00,False
proxy_hardened_no_worst_hours,30,500,529,2024-07-11 10:15:00,2024-08-23 10:15:00,30,15,15,50.0,1.675778950663973,64.53360127245435,35.54272766349669,4,NEW YORK,22,SELL,V50 realtime loss proxy | variant=proxy_hardened_no_worst_hours | Side=BUY | score=96.0 | opposite_score=4.0 | session=LONDON | RR=2.00,False
proxy_hardened_no_worst_hours,30,501,530,2024-07-12 19:15:00,2024-08-23 14:00:00,30,15,15,50.0,1.6232496193839963,61.44332146831232,35.54272766349669,4,NEW YORK,14,SELL,V50 realtime loss proxy | variant=proxy_hardened_no_worst_hours | Side=BUY | score=78.0 | opposite_score=8.0 | session=LONDON | RR=2.00,False
proxy_hardened_no_worst_hours,30,502,531,2024-07-15 10:00:00,2024-08-26 13:00:00,30,15,15,50.0,1.6118592722971843,60.746658864283404,35.54272766349669,4,NEW YORK,14,SELL,V50 realtime loss proxy | variant=proxy_hardened_no_worst_hours | Side=BUY | score=78.0 | opposite_score=8.0 | session=LONDON | RR=2.00,False
proxy_hardened_no_worst_hours,30,503,532,2024-07-15 13:30:00,2024-08-26 19:00:00,30,14,16,46.666666666666664,1.4799395553289718,49.73284310318479,37.41733787349297,4,NEW YORK,14,SELL,V50 realtime loss proxy | variant=proxy_hardened_no_worst_hours | Side=BUY | score=78.0 | opposite_score=8.0 | session=LONDON | RR=2.00,False
proxy_hardened_no_worst_hours,30,504,533,2024-07-16 13:15:00,2024-08-28 13:30:00,30,13,17,43.333333333333336,1.3132075828268472,34.37718166134994,43.552658260535196,4,NEW YORK,14,SELL,V50 realtime loss proxy | variant=proxy_hardened_no_worst_hours | Side=BUY | score=78.0 | opposite_score=8.0 | session=LONDON | RR=2.00,False
proxy_hardened_no_worst_hours,30,505,534,2024-07-17 10:00:00,2024-08-29 13:45:00,30,12,18,40.0,1.1468205166003433,17.010495246079813,49.6533150646769,5,NEW YORK,14,SELL,V50 realtime loss proxy | variant=proxy_hardened_no_worst_hours | Side=BUY | score=78.0 | opposite_score=8.0 | session=LONDON | RR=2.00,False
proxy_hardened_no_worst_hours,30,506,535,2024-07-17 13:30:00,2024-09-03 13:00:00,30,13,17,43.333333333333336,1.3186504661806842,35.170184570674444,49.6533150646769,5,NEW YORK,14,SELL,V50 realtime loss proxy | variant=proxy_hardened_no_worst_hours | Side=BUY | score=78.0 | opposite_score=8.0 | session=LONDON | RR=2.00,False
proxy_hardened_no_worst_hours,30,507,536,2024-07-19 15:15:00,2024-09-03 15:30:00,30,13,17,43.333333333333336,1.2984383869855343,33.45207944278183,49.6533150646769,5,NEW YORK,14,SELL,V50 realtime loss proxy | variant=proxy_hardened_no_worst_hours | Side=BUY | score=78.0 | opposite_score=8.0 | session=LONDON | RR=2.00,False
proxy_hardened_no_worst_hours,30,508,537,2024-07-22 13:00:00,2024-09-04 10:00:00,30,13,17,43.333333333333336,1.327466287432289,35.903176790104794,49.93053185811843,5,NEW YORK,14,SELL,V50 realtime loss proxy | variant=proxy_hardened_no_worst_hours | Side=BUY | score=78.0 | opposite_score=8.0 | session=LONDON | RR=2.00,False
proxy_hardened_no_worst_hours,30,509,538,2024-07-23 19:00:00,2024-09-05 13:15:00,30,12,18,40.0,1.16511443556903,19.005473722413285,55.39608332768903,5,NEW YORK,14,SELL,V50 realtime loss proxy | variant=proxy_hardened_no_worst_hours | Side=BUY | score=78.0 | opposite_score=8.0 | session=LONDON | RR=2.00,False
proxy_hardened_no_worst_hours,30,510,539,2024-07-24 10:15:00,2024-09-05 14:15:00,30,11,19,36.666666666666664,1.038272394854082,4.642642661478579,61.59648110524029,5,NEW YORK,14,SELL,V50 realtime loss proxy | variant=proxy_hardened_no_worst_hours | Side=BUY | score=100.0 | opposite_score=8.0 | session=LONDON | RR=2.00,True
proxy_hardened_no_worst_hours,30,511,540,2024-07-24 13:00:00,2024-09-10 10:45:00,30,11,19,36.666666666666664,1.0289792360409054,3.515333651147648,61.5964811052403,5,NEW YORK,14,SELL,V50 realtime loss proxy | variant=proxy_hardened_no_worst_hours | Side=BUY | score=100.0 | opposite_score=8.0 | session=LONDON | RR=2.00,True
proxy_hardened_no_worst_hours,30,512,541,2024-07-25 13:30:00,2024-09-10 15:00:00,30,11,19,36.666666666666664,1.0377698811201754,4.581685104265128,61.5964811052403,5,NEW YORK,14,SELL,V50 realtime loss proxy | variant=proxy_hardened_no_worst_hours | Side=BUY | score=100.0 | opposite_score=8.0 | session=LONDON | RR=2.00,True
proxy_hardened_no_worst_hours,30,513,542,2024-07-26 14:45:00,2024-09-11 14:45:00,30,10,20,33.33333333333333,0.8473405347135081,-19.624678136030433,61.59648110524032,5,NEW YORK,14,SELL,V50 realtime loss proxy | variant=proxy_hardened_no_worst_hours | Side=BUY | score=100.0 | opposite_score=8.0 | session=LONDON | RR=2.00,True
proxy_hardened_no_worst_hours,30,514,543,2024-07-31 10:15:00,2024-09-12 10:15:00,30,9,21,30.0,0.7266443682388175,-35.964963986833844,61.596481105240315,5,NEW YORK,14,SELL,V50 realtime loss proxy | variant=proxy_hardened_no_worst_hours | Side=BUY | score=100.0 | opposite_score=8.0 | session=LONDON | RR=2.00,True
proxy_hardened_no_worst_hours,30,515,544,2024-07-31 14:15:00,2024-09-13 15:15:00,30,9,21,30.0,0.7497492389994762,-32.92509303384203,61.596481105240315,5,NEW YORK,14,SELL,V50 realtime loss proxy | variant=proxy_hardened_no_worst_hours | Side=BUY | score=100.0 | opposite_score=8.0 | session=LONDON | RR=2.00,True
proxy_hardened_no_worst_hours,30,516,545,2024-08-01 14:45:00,2024-09-16 13:45:00,30,8,22,26.666666666666668,0.6453620580692796,-48.43609802070924,61.59648110524031,5,LONDON,14,SELL,V50 realtime loss proxy | variant=proxy_hardened_no_worst_hours | Side=BUY | score=100.0 | opposite_score=8.0 | session=LONDON | RR=2.00,True
proxy_hardened_no_worst_hours,30,517,546,2024-08-01 22:00:00,2024-09-18 18:30:00,30,8,22,26.666666666666668,0.6404848650810474,-49.47612599408093,53.3020726944573,5,NEW YORK,14,SELL,V50 realtime loss proxy | variant=proxy_hardened_no_worst_hours | Side=BUY | score=78.0 | opposite_score=8.0 | session=LONDON | RR=2.00,True
proxy_hardened_no_worst_hours,30,518,547,2024-08-02 13:15:00,2024-09-19 14:30:00,30,9,21,30.0,0.7788385850658212,-29.238059458431415,53.302072694457294,5,NEW YORK,14,SELL,V50 realtime loss proxy | variant=proxy_hardened_no_worst_hours | Side=BUY | score=78.0 | opposite_score=8.0 | session=LONDON | RR=2.00,True
proxy_hardened_no_worst_hours,30,519,548,2024-08-05 14:45:00,2024-09-20 14:15:00,30,10,20,33.33333333333333,0.9349532207106234,-8.04197177170172,53.30207269445731,5,NEW YORK,14,SELL,V50 realtime loss proxy | variant=proxy_hardened_no_worst_hours | Side=BUY | score=78.0 | opposite_score=8.0 | session=LONDON | RR=2.00,True
proxy_hardened_no_worst_hours,30,520,549,2024-08-08 13:00:00,2024-09-23 10:00:00,30,11,19,36.666666666666664,1.122333525901383,13.508444459576,53.30207269445731,5,NEW YORK,19,SELL,V50 realtime loss proxy | variant=proxy_hardened_no_worst_hours | Side=BUY | score=78.0 | opposite_score=8.0 | session=LONDON | RR=2.00,False
proxy_hardened_no_worst_hours,30,521,550,2024-08-08 15:00:00,2024-09-23 15:30:00,30,10,20,33.33333333333333,0.9705521497800189,-3.421117939549644,53.30207269445731,5,NEW YORK,13,SELL,V50 realtime loss proxy | variant=proxy_hardened_no_worst_hours | Side=BUY | score=78.0 | opposite_score=8.0 | session=LONDON | RR=2.00,True
proxy_hardened_no_worst_hours,30,522,551,2024-08-09 13:00:00,2024-09-24 13:00:00,30,10,20,33.33333333333333,0.9289374057332065,-8.255730529086492,53.3020726944573,5,NEW YORK,19,SELL,V50 realtime loss proxy | variant=proxy_hardened_no_worst_hours | Side=BUY | score=78.0 | opposite_score=8.0 | session=LONDON | RR=2.00,True
proxy_hardened_no_worst_hours,30,523,552,2024-08-09 14:00:00,2024-09-25 14:00:00,30,10,20,33.33333333333333,0.920034580398774,-9.379916477907424,49.95102810934632,5,NEW YORK,19,SELL,V50 realtime loss proxy | variant=proxy_hardened_no_worst_hours | Side=BUY | score=78.0 | opposite_score=8.0 | session=LONDON | RR=2.00,True
proxy_hardened_no_worst_hours,30,524,553,2024-08-13 14:30:00,2024-09-25 19:15:00,30,10,20,33.33333333333333,0.9284423975419089,-8.317670624785398,49.951028109346325,5,NEW YORK,19,SELL,V50 realtime loss proxy | variant=proxy_hardened_no_worst_hours | Side=BUY | score=78.0 | opposite_score=8.0 | session=LONDON | RR=2.00,True
proxy_hardened_no_worst_hours,30,525,554,2024-08-19 14:45:00,2024-09-26 15:15:00,30,10,20,33.33333333333333,0.9084162900366745,-10.88013341202842,49.95102810934633,5,NEW YORK,19,SELL,V50 realtime loss proxy | variant=proxy_hardened_no_worst_hours | Side=BUY | score=74.0 | opposite_score=4.0 | session=LONDON | RR=2.00,True
proxy_hardened_no_worst_hours,30,526,555,2024-08-20 14:30:00,2024-10-01 13:00:00,30,10,20,33.33333333333333,0.8693414370881103,-15.522221107602407,49.951028109346325,5,NEW YORK,19,SELL,V50 realtime loss proxy | variant=proxy_hardened_no_worst_hours | Side=BUY | score=74.0 | opposite_score=4.0 | session=LONDON | RR=2.00,True
proxy_hardened_no_worst_hours,30,527,556,2024-08-20 22:15:00,2024-10-01 15:30:00,30,10,20,33.33333333333333,0.8628526987402658,-16.41560802520772,42.920759402933555,5,NEW YORK,19,SELL,V50 realtime loss proxy | variant=proxy_hardened_no_worst_hours | Side=BUY | score=74.0 | opposite_score=4.0 | session=LONDON | RR=2.00,True
proxy_hardened_no_worst_hours,30,528,557,2024-08-21 19:00:00,2024-10-11 10:45:00,30,11,19,36.666666666666664,0.9604418999359052,-4.554757757636175,39.19361027865061,5,NEW YORK,19,SELL,V50 realtime loss proxy | variant=proxy_hardened_no_worst_hours | Side=BUY | score=74.0 | opposite_score=4.0 | session=LONDON | RR=2.00,True
proxy_hardened_no_worst_hours,30,529,558,2024-08-23 10:15:00,2024-10-11 19:45:00,30,11,19,36.666666666666664,0.9799380719337034,-2.263992561670797,39.19361027865061,5,NEW YORK,19,SELL,V50 realtime loss proxy | variant=proxy_hardened_no_worst_hours | Side=BUY | score=74.0 | opposite_score=4.0 | session=LONDON | RR=2.00,True
proxy_hardened_no_worst_hours,30,530,559,2024-08-23 14:00:00,2024-10-14 10:30:00,30,10,20,33.33333333333333,0.8865288549295699,-13.276495842103408,39.19361027865061,5,NEW YORK,19,SELL,V50 realtime loss proxy | variant=proxy_hardened_no_worst_hours | Side=BUY | score=74.0 | opposite_score=4.0 | session=LONDON | RR=2.00,True
proxy_hardened_no_worst_hours,30,531,560,2024-08-26 13:00:00,2024-10-15 10:45:00,30,10,20,33.33333333333333,0.9040865905314138,-11.004243795306515,32.92473238720342,4,NEW YORK,19,SELL,V50 realtime loss proxy | variant=proxy_hardened_no_worst_hours | Side=BUY | score=74.0 | opposite_score=4.0 | session=LONDON | RR=2.00,True
proxy_hardened_no_worst_hours,30,532,561,2024-08-26 19:00:00,2024-10-15 14:15:00,30,11,19,36.666666666666664,1.0578646006852312,6.3839987834281455,28.52020577030011,4,NEW YORK,19,SELL,V50 realtime loss proxy | variant=proxy_hardened_no_worst_hours | Side=BUY | score=74.0 | opposite_score=4.0 | session=LONDON | RR=2.00,True
proxy_hardened_no_worst_hours,30,533,562,2024-08-28 13:30:00,2024-10-16 14:15:00,30,11,19,36.666666666666664,1.0422656700197006,4.732811901896712,24.61603861539499,4,NEW YORK,18,SELL,V50 realtime loss proxy | variant=proxy_hardened_no_worst_hours | Side=BUY | score=74.0 | opposite_score=4.0 | session=LONDON | RR=2.00,True
proxy_hardened_no_worst_hours,30,534,563,2024-08-29 13:45:00,2024-10-16 19:45:00,30,12,18,40.0,1.1783279590149378,18.87465293518206,24.61603861539499,4,NEW YORK,18,SELL,V50 realtime loss proxy | variant=proxy_hardened_no_worst_hours | Side=BUY | score=74.0 | opposite_score=4.0 | session=LONDON | RR=2.00,False
proxy_hardened_no_worst_hours,30,535,564,2024-09-03 13:00:00,2024-10-17 13:00:00,30,13,17,43.333333333333336,1.3585596690150155,35.76335389261438,24.61603861539499,4,NEW YORK,18,SELL,V50 realtime loss proxy | variant=proxy_hardened_no_worst_hours | Side=BUY | score=80.0 | opposite_score=15.0 | session=NEW YORK | RR=2.00,False
proxy_hardened_no_worst_hours,30,536,565,2024-09-03 15:30:00,2024-10-18 13:30:00,30,13,17,43.333333333333336,1.3434522451149913,34.25651362575862,24.61603861539499,4,NEW YORK,18,SELL,V50 realtime loss proxy | variant=proxy_hardened_no_worst_hours | Side=SELL | score=85.0 | opposite_score=4.0 | session=LONDON | RR=2.00,False
proxy_hardened_no_worst_hours,30,537,566,2024-09-04 10:00:00,2024-10-21 10:45:00,30,13,17,43.333333333333336,1.3926296731790206,37.77865650142629,23.125853573473904,3,NEW YORK,18,SELL,V50 realtime loss proxy | variant=proxy_hardened_no_worst_hours | Side=BUY | score=80.0 | opposite_score=15.0 | session=NEW YORK | RR=2.00,False
proxy_hardened_no_worst_hours,30,538,567,2024-09-05 13:15:00,2024-10-22 10:00:00,30,13,17,43.333333333333336,1.406350800331148,38.71742717695096,23.1258535734739,3,NEW YORK,18,SELL,V50 realtime loss proxy | variant=proxy_hardened_no_worst_hours | Side=BUY | score=80.0 | opposite_score=15.0 | session=NEW YORK | RR=2.00,False
proxy_hardened_no_worst_hours,30,539,568,2024-09-05 14:15:00,2024-10-22 13:00:00,30,14,16,46.666666666666664,1.592793479327661,53.24189052308347,23.12585357347389,3,NEW YORK,18,SELL,V50 realtime loss proxy | variant=proxy_hardened_no_worst_hours | Side=BUY | score=80.0 | opposite_score=15.0 | session=NEW YORK | RR=2.00,False
proxy_hardened_no_worst_hours,30,540,569,2024-09-10 10:45:00,2024-10-24 13:30:00,30,14,16,46.666666666666664,1.6221142028552018,54.865356929012336,23.12585357347389,3,NEW YORK,18,SELL,V50 realtime loss proxy | variant=proxy_hardened_no_worst_hours | Side=BUY | score=80.0 | opposite_score=15.0 | session=NEW YORK | RR=2.00,False
proxy_hardened_no_worst_hours,30,541,570,2024-09-10 15:00:00,2024-10-28 15:45:00,30,14,16,46.666666666666664,1.659374458095291,58.15140504305836,23.12585357347389,3,NEW YORK,18,SELL,V50 realtime loss proxy | variant=proxy_hardened_no_worst_hours | Side=BUY | score=80.0 | opposite_score=15.0 | session=NEW YORK | RR=2.00,False
proxy_hardened_no_worst_hours,30,542,571,2024-09-11 14:45:00,2024-10-29 13:00:00,30,14,16,46.666666666666664,1.6596983498519455,58.179969632572096,23.125853573473904,3,NEW YORK,18,SELL,V50 realtime loss proxy | variant=proxy_hardened_no_worst_hours | Side=BUY | score=80.0 | opposite_score=15.0 | session=NEW YORK | RR=2.00,False
proxy_hardened_no_worst_hours,30,543,572,2024-09-12 10:15:00,2024-10-30 13:00:00,30,14,16,46.666666666666664,1.705524502542321,60.54961593442303,23.12585357347389,3,NEW YORK,18,BUY,V50 realtime loss proxy | variant=proxy_hardened_no_worst_hours | Side=BUY | score=80.0 | opposite_score=15.0 | session=NEW YORK | RR=2.00,False
proxy_hardened_no_worst_hours,30,544,573,2024-09-13 15:15:00,2024-11-06 10:00:00,30,15,15,50.0,2.0376630426930338,85.92443308745769,23.12585357347389,3,NEW YORK,18,SELL,V50 realtime loss proxy | variant=proxy_hardened_no_worst_hours | Side=BUY | score=80.0 | opposite_score=15.0 | session=NEW YORK | RR=2.00,False
proxy_hardened_no_worst_hours,30,545,574,2024-09-16 13:45:00,2024-11-08 10:00:00,30,14,16,46.666666666666664,1.7765093017318503,68.6289247479568,23.125853573473904,3,NEW YORK,15,SELL,V50 realtime loss proxy | variant=proxy_hardened_no_worst_hours | Side=BUY | score=80.0 | opposite_score=15.0 | session=NEW YORK | RR=2.00,False
proxy_hardened_no_worst_hours,30,546,575,2024-09-18 18:30:00,2024-11-08 15:45:00,30,15,15,50.0,2.0650699705572495,88.79565660484522,23.125853573473904,3,NEW YORK,18,SELL,V50 realtime loss proxy | variant=proxy_hardened_no_worst_hours | Side=BUY | score=80.0 | opposite_score=15.0 | session=NEW YORK | RR=2.00,False
proxy_hardened_no_worst_hours,30,547,576,2024-09-19 14:30:00,2024-11-12 15:15:00,30,15,15,50.0,2.082237789743823,89.4830389754662,23.12585357347389,3,NEW YORK,15,SELL,V50 realtime loss proxy | variant=proxy_hardened_no_worst_hours | Side=BUY | score=100.0 | opposite_score=8.0 | session=NEW YORK | RR=2.00,False
proxy_hardened_no_worst_hours,30,548,577,2024-09-20 14:15:00,2024-11-13 15:45:00,30,15,15,50.0,2.0820970447114684,89.47140170560269,23.125853573473904,3,NEW YORK,19,SELL,V50 realtime loss proxy | variant=proxy_hardened_no_worst_hours | Side=BUY | score=100.0 | opposite_score=8.0 | session=NEW YORK | RR=2.00,False
proxy_hardened_no_worst_hours,30,549,578,2024-09-23 10:00:00,2024-11-18 18:45:00,30,15,15,50.0,2.0456562600151615,86.45835578521573,23.125853573473904,3,NEW YORK,19,SELL,V50 realtime loss proxy | variant=proxy_hardened_no_worst_hours | Side=BUY | score=100.0 | opposite_score=8.0 | session=NEW YORK | RR=2.00,False
proxy_hardened_no_worst_hours,30,550,579,2024-09-23 15:30:00,2024-11-19 13:30:00,30,14,16,46.666666666666664,1.8095060854104066,71.93680871060052,23.125853573473904,3,NEW YORK,19,BUY,V50 realtime loss proxy | variant=proxy_hardened_no_worst_hours | Side=BUY | score=100.0 | opposite_score=8.0 | session=NEW YORK | RR=2.00,False
proxy_hardened_no_worst_hours,30,551,580,2024-09-24 13:00:00,2024-11-19 18:45:00,30,14,16,46.666666666666664,1.8066313982391962,71.79540783889762,23.125853573473904,3,NEW YORK,19,BUY,V50 realtime loss proxy | variant=proxy_hardened_no_worst_hours | Side=BUY | score=100.0 | opposite_score=8.0 | session=NEW YORK | RR=2.00,False
proxy_hardened_no_worst_hours,30,552,581,2024-09-25 14:00:00,2024-11-21 18:00:00,30,14,16,46.666666666666664,1.8192637150459152,72.91976567950277,23.125853573473904,3,NEW YORK,19,BUY,V50 realtime loss proxy | variant=proxy_hardened_no_worst_hours | Side=BUY | score=100.0 | opposite_score=8.0 | session=NEW YORK | RR=2.00,False
proxy_hardened_no_worst_hours,30,553,582,2024-09-25 19:15:00,2024-11-22 21:00:00,30,14,16,46.666666666666664,1.8284431932754803,73.36661187847776,17.704506610788158,3,NEW YORK,21,BUY,V50 realtime loss proxy | variant=proxy_hardened_no_worst_hours | Side=BUY | score=100.0 | opposite_score=8.0 | session=NEW YORK | RR=2.00,False
proxy_hardened_no_worst_hours,30,554,583,2024-09-26 15:15:00,2024-11-26 14:30:00,30,14,16,46.666666666666664,1.7545162771500822,69.63513360087164,13.260998187595902,3,NEW YORK,21,SELL,V50 realtime loss proxy | variant=proxy_hardened_no_worst_hours | Side=SELL | score=79.0 | opposite_score=8.0 | session=LONDON | RR=2.00,False
proxy_hardened_no_worst_hours,30,555,584,2024-10-01 13:00:00,2024-11-27 13:30:00,30,14,16,46.666666666666664,1.8232469276132437,73.11421639119825,18.709155554690582,3,NEW YORK,21,SELL,V50 realtime loss proxy | variant=proxy_hardened_no_worst_hours | Side=BUY | score=85.0 | opposite_score=4.0 | session=LONDON | RR=2.00,False
proxy_hardened_no_worst_hours,30,556,585,2024-10-01 15:30:00,2024-11-28 13:00:00,30,13,17,43.333333333333336,1.655791596738025,60.85060738930733,22.68669345382233,4,NEW YORK,21,SELL,V50 realtime loss proxy | variant=proxy_hardened_no_worst_hours | Side=BUY | score=85.0 | opposite_score=4.0 | session=LONDON | RR=2.00,False
proxy_hardened_no_worst_hours,30,557,586,2024-10-11 10:45:00,2024-11-29 10:30:00,30,13,17,43.333333333333336,1.7007571435593714,63.30382823092813,28.157128236219606,5,NEW YORK,21,SELL,V50 realtime loss proxy | variant=proxy_hardened_no_worst_hours | Side=BUY | score=85.0 | opposite_score=4.0 | session=LONDON | RR=2.00,False
proxy_hardened_no_worst_hours,30,558,587,2024-10-11 19:45:00,2024-12-04 10:00:00,30,12,18,40.0,1.5509654926585936,51.98288832835043,32.16951750800533,6,NEW YORK,10,SELL,V50 realtime loss proxy | variant=proxy_hardened_no_worst_hours | Side=BUY | score=85.0 | opposite_score=4.0 | session=LONDON | RR=2.00,False
proxy_hardened_no_worst_hours,30,559,588,2024-10-14 10:30:00,2024-12-10 13:15:00,30,13,17,43.333333333333336,1.7325177273717494,66.3699225691481,32.16951750800533,6,NEW YORK,10,SELL,V50 realtime loss proxy | variant=proxy_hardened_no_worst_hours | Side=SELL | score=79.0 | opposite_score=8.0 | session=LONDON | RR=2.00,False
proxy_hardened_no_worst_hours,30,560,589,2024-10-15 10:45:00,2024-12-11 10:45:00,30,14,16,46.666666666666664,1.9764875346318165,84.41942847412074,32.16951750800533,6,NEW YORK,21,SELL,V50 realtime loss proxy | variant=proxy_hardened_no_worst_hours | Side=SELL | score=79.0 | opposite_score=8.0 | session=LONDON | RR=2.00,False
proxy_hardened_no_worst_hours,30,561,590,2024-10-15 14:15:00,2024-12-17 13:45:00,30,14,16,46.666666666666664,1.9401897669660095,82.80205092348305,32.16951750800533,6,NEW YORK,21,SELL,V50 realtime loss proxy | variant=proxy_hardened_no_worst_hours | Side=SELL | score=79.0 | opposite_score=8.0 | session=LONDON | RR=2.00,False
proxy_hardened_no_worst_hours,30,562,591,2024-10-16 14:15:00,2024-12-17 15:30:00,30,13,17,43.333333333333336,1.6724612560724434,63.48335862857412,32.16951750800533,6,NEW YORK,14,SELL,V50 realtime loss proxy | variant=proxy_hardened_no_worst_hours | Side=SELL | score=79.0 | opposite_score=8.0 | session=LONDON | RR=2.00,False
proxy_hardened_no_worst_hours,30,563,592,2024-10-16 19:45:00,2024-12-23 13:30:00,30,14,16,46.666666666666664,1.8859268939274665,78.32677734024229,32.16951750800533,6,NEW YORK,14,SELL,V50 realtime loss proxy | variant=proxy_hardened_no_worst_hours | Side=SELL | score=79.0 | opposite_score=8.0 | session=LONDON | RR=2.00,False
proxy_hardened_no_worst_hours,30,564,593,2024-10-17 13:00:00,2024-12-24 10:45:00,30,13,17,43.333333333333336,1.7326317426581908,67.11897262442072,32.16951750800533,6,NEW YORK,14,SELL,V50 realtime loss proxy | variant=proxy_hardened_no_worst_hours | Side=SELL | score=79.0 | opposite_score=8.0 | session=LONDON | RR=2.00,False
proxy_hardened_no_worst_hours,30,565,594,2024-10-18 13:30:00,2024-12-26 13:15:00,30,12,18,40.0,1.560678024694956,53.149464322470166,32.16951750800533,6,NEW YORK,14,SELL,V50 realtime loss proxy | variant=proxy_hardened_no_worst_hours | Side=SELL | score=79.0 | opposite_score=8.0 | session=LONDON | RR=2.00,False
proxy_hardened_no_worst_hours,30,566,595,2024-10-21 10:45:00,2024-12-26 14:45:00,30,12,18,40.0,1.5182922664261642,49.131507049909594,32.16951750800533,6,NEW YORK,21,SELL,V50 realtime loss proxy | variant=proxy_hardened_no_worst_hours | Side=SELL | score=79.0 | opposite_score=8.0 | session=LONDON | RR=2.00,False
proxy_hardened_no_worst_hours,30,567,596,2024-10-22 10:00:00,2024-12-30 13:30:00,30,13,17,43.333333333333336,1.711375767156944,64.2646985124944,32.16951750800533,6,NEW YORK,21,SELL,V50 realtime loss proxy | variant=proxy_hardened_no_worst_hours | Side=SELL | score=79.0 | opposite_score=8.0 | session=LONDON | RR=2.00,False
proxy_hardened_no_worst_hours,30,568,597,2024-10-22 13:00:00,2024-12-31 19:30:00,30,14,16,46.666666666666664,1.8930092077492642,77.07188129778397,32.16951750800533,6,NEW YORK,21,SELL,V50 realtime loss proxy | variant=proxy_hardened_no_worst_hours | Side=SELL | score=79.0 | opposite_score=8.0 | session=LONDON | RR=2.00,False
proxy_hardened_no_worst_hours,30,569,598,2024-10-24 13:30:00,2025-01-02 10:00:00,30,14,16,46.666666666666664,1.8832552556198185,76.2300585772774,32.16951750800533,6,NEW YORK,21,SELL,V50 realtime loss proxy | variant=proxy_hardened_no_worst_hours | Side=SELL | score=79.0 | opposite_score=8.0 | session=LONDON | RR=2.00,False
proxy_hardened_no_worst_hours,30,570,599,2024-10-28 15:45:00,2025-01-02 14:00:00,30,15,15,50.0,2.1330753930680757,92.60497910148807,32.16951750800533,6,NEW YORK,21,SELL,V50 realtime loss proxy | variant=proxy_hardened_no_worst_hours | Side=SELL | score=79.0 | opposite_score=8.0 | session=LONDON | RR=2.00,False
proxy_hardened_no_worst_hours,30,571,600,2024-10-29 13:00:00,2025-01-06 10:00:00,30,14,16,46.666666666666664,1.9142585576683273,78.63481227736439,32.169517508005335,6,NEW YORK,21,SELL,V50 realtime loss proxy | variant=proxy_hardened_no_worst_hours | Side=SELL | score=79.0 | opposite_score=8.0 | session=LONDON | RR=2.00,False
proxy_hardened_no_worst_hours,30,572,601,2024-10-30 13:00:00,2025-01-06 13:15:00,30,13,17,43.333333333333336,1.677483557353185,62.319003616462496,32.169517508005335,6,NEW YORK,13,SELL,V50 realtime loss proxy | variant=proxy_hardened_no_worst_hours | Side=SELL | score=79.0 | opposite_score=8.0 | session=LONDON | RR=2.00,False
proxy_hardened_no_worst_hours,30,573,602,2024-11-06 10:00:00,2025-01-07 10:00:00,30,14,16,46.666666666666664,1.85885841001629,74.81422300233417,32.169517508005335,6,NEW YORK,21,SELL,V50 realtime loss proxy | variant=proxy_hardened_no_worst_hours | Side=SELL | score=79.0 | opposite_score=8.0 | session=LONDON | RR=2.00,False
proxy_hardened_no_worst_hours,30,574,603,2024-11-08 10:00:00,2025-01-08 10:45:00,30,13,17,43.333333333333336,1.5487056817941154,49.44771778954156,32.16951750800534,6,NEW YORK,21,SELL,V50 realtime loss proxy | variant=proxy_hardened_no_worst_hours | Side=SELL | score=85.0 | opposite_score=4.0 | session=LONDON | RR=2.00,False
proxy_hardened_no_worst_hours,30,575,604,2024-11-08 15:45:00,2025-01-08 13:00:00,30,13,17,43.333333333333336,1.57658325144047,51.04119110662042,32.169517508005335,6,NEW YORK,21,SELL,V50 realtime loss proxy | variant=proxy_hardened_no_worst_hours | Side=SELL | score=85.0 | opposite_score=4.0 | session=LONDON | RR=2.00,False
proxy_hardened_no_worst_hours,30,576,605,2024-11-12 15:15:00,2025-01-09 14:45:00,30,12,18,40.0,1.3209227199879388,30.225498472060842,32.16951750800534,6,LONDON,21,SELL,V50 realtime loss proxy | variant=proxy_hardened_no_worst_hours | Side=SELL | score=85.0 | opposite_score=4.0 | session=LONDON | RR=2.00,False
proxy_hardened_no_worst_hours,30,577,606,2024-11-13 15:45:00,2025-01-09 18:15:00,30,13,17,43.333333333333336,1.585016225792532,50.00934554251863,32.16951750800534,6,LONDON,21,SELL,V50 realtime loss proxy | variant=proxy_hardened_no_worst_hours | Side=SELL | score=85.0 | opposite_score=4.0 | session=LONDON | RR=2.00,False
proxy_hardened_no_worst_hours,30,578,607,2024-11-18 18:45:00,2025-01-10 13:00:00,30,12,18,40.0,1.344547537502449,30.925741623102674,32.169517508005335,6,LONDON,13,SELL,V50 realtime loss proxy | variant=proxy_hardened_no_worst_hours | Side=SELL | score=85.0 | opposite_score=4.0 | session=LONDON | RR=2.00,False
proxy_hardened_no_worst_hours,30,579,608,2024-11-19 13:30:00,2025-01-10 13:45:00,30,12,18,40.0,1.3719759257006416,33.387646452561604,32.169517508005335,6,LONDON,15,SELL,V50 realtime loss proxy | variant=proxy_hardened_no_worst_hours | Side=SELL | score=85.0 | opposite_score=4.0 | session=LONDON | RR=2.00,False
proxy_hardened_no_worst_hours,30,580,609,2024-11-19 18:45:00,2025-01-15 13:00:00,30,12,18,40.0,1.411392123955941,35.894321378821694,32.16951750800534,6,LONDON,15,SELL,V50 realtime loss proxy | variant=proxy_hardened_no_worst_hours | Side=SELL | score=85.0 | opposite_score=4.0 | session=LONDON | RR=2.00,False
proxy_hardened_no_worst_hours,30,581,610,2024-11-21 18:00:00,2025-01-15 13:30:00,30,12,18,40.0,1.4301396942393365,37.038085064241486,32.16951750800534,6,LONDON,15,SELL,V50 realtime loss proxy | variant=proxy_hardened_no_worst_hours | Side=SELL | score=85.0 | opposite_score=4.0 | session=LONDON | RR=2.00,False
proxy_hardened_no_worst_hours,30,582,611,2024-11-22 21:00:00,2025-01-23 19:45:00,30,12,18,40.0,1.396768954192681,34.16462715031786,32.16951750800534,6,LONDON,15,SELL,V50 realtime loss proxy | variant=proxy_hardened_no_worst_hours | Side=SELL | score=85.0 | opposite_score=4.0 | session=LONDON | RR=2.00,False
proxy_hardened_no_worst_hours,30,583,612,2024-11-26 14:30:00,2025-01-24 10:00:00,30,13,17,43.333333333333336,1.5902939309904738,47.89208559840027,27.19501674429457,5,LONDON,15,SELL,V50 realtime loss proxy | variant=proxy_hardened_no_worst_hours | Side=SELL | score=85.0 | opposite_score=4.0 | session=LONDON | RR=2.00,False
proxy_hardened_no_worst_hours,30,584,613,2024-11-27 13:30:00,2025-01-24 14:30:00,30,13,17,43.333333333333336,1.6527339050815153,50.957260138594954,18.908519320409432,4,LONDON,15,SELL,V50 realtime loss proxy | variant=proxy_hardened_no_worst_hours | Side=SELL | score=85.0 | opposite_score=4.0 | session=LONDON | RR=2.00,False
proxy_hardened_no_worst_hours,30,585,614,2024-11-28 13:00:00,2025-01-30 19:30:00,30,14,16,46.666666666666664,1.915178127468745,66.45957232285592,15.288797869063245,3,LONDON,15,SELL,V50 realtime loss proxy | variant=proxy_hardened_no_worst_hours | Side=SELL | score=85.0 | opposite_score=4.0 | session=LONDON | RR=2.00,False
proxy_hardened_no_worst_hours,30,586,615,2024-11-29 10:30:00,2025-02-03 10:00:00,30,15,15,50.0,2.192590827447626,81.86150632050713,15.288797869063245,3,NEW YORK,15,SELL,V50 realtime loss proxy | variant=proxy_hardened_no_worst_hours | Side=SELL | score=85.0 | opposite_score=4.0 | session=LONDON | RR=2.00,False
proxy_hardened_no_worst_hours,30,587,616,2024-12-04 10:00:00,2025-02-04 21:30:00,30,16,14,53.333333333333336,2.5112874507785357,95.46999679038764,15.288797869063245,3,NEW YORK,15,SELL,V50 realtime loss proxy | variant=proxy_hardened_no_worst_hours | Side=SELL | score=85.0 | opposite_score=4.0 | session=LONDON | RR=2.00,False
proxy_hardened_no_worst_hours,30,588,617,2024-12-10 13:15:00,2025-02-05 14:30:00,30,17,13,56.666666666666664,2.8722031836391935,110.7575057766868,15.288797869063245,3,NEW YORK,15,SELL,V50 realtime loss proxy | variant=proxy_hardened_no_worst_hours | Side=SELL | score=85.0 | opposite_score=4.0 | session=LONDON | RR=2.00,False
proxy_hardened_no_worst_hours,30,589,618,2024-12-11 10:45:00,2025-02-07 10:00:00,30,16,14,53.333333333333336,2.517388612430184,96.00380081006425,15.288797869063245,3,NEW YORK,15,SELL,V50 realtime loss proxy | variant=proxy_hardened_no_worst_hours | Side=SELL | score=85.0 | opposite_score=4.0 | session=LONDON | RR=2.00,False
proxy_hardened_no_worst_hours,30,590,619,2024-12-17 13:45:00,2025-02-10 13:45:00,30,16,14,53.333333333333336,2.484922421312764,93.94969435403492,15.288797869063245,3,LONDON,15,SELL,V50 realtime loss proxy | variant=proxy_hardened_no_worst_hours | Side=SELL | score=85.0 | opposite_score=4.0 | session=LONDON | RR=2.00,False
proxy_hardened_no_worst_hours,30,591,620,2024-12-17 15:30:00,2025-02-12 18:45:00,30,16,14,53.333333333333336,2.428444173185877,92.47824709707001,15.288797869063245,3,NEW YORK,15,SELL,V50 realtime loss proxy | variant=proxy_hardened_no_worst_hours | Side=SELL | score=85.0 | opposite_score=4.0 | session=LONDON | RR=2.00,False
proxy_hardened_no_worst_hours,30,592,621,2024-12-23 13:30:00,2025-02-12 19:45:00,30,17,13,56.666666666666664,2.9236017422142395,112.34904397778345,15.288797869063245,3,NEW YORK,18,SELL,V50 realtime loss proxy | variant=proxy_hardened_no_worst_hours | Side=BUY | score=94.0 | opposite_score=8.0 | session=LONDON | RR=2.00,False
proxy_hardened_no_worst_hours,30,593,622,2024-12-24 10:45:00,2025-02-13 10:15:00,30,16,14,53.333333333333336,2.5280196059309614,97.85985340206079,15.288797869063245,3,LONDON,18,SELL,V50 realtime loss proxy | variant=proxy_hardened_no_worst_hours | Side=BUY | score=94.0 | opposite_score=8.0 | session=LONDON | RR=2.00,False
proxy_hardened_no_worst_hours,30,594,623,2024-12-26 13:15:00,2025-02-13 14:45:00,30,17,13,56.666666666666664,2.890784285222141,115.0396663373518,15.288797869063245,3,NEW YORK,18,SELL,V50 realtime loss proxy | variant=proxy_hardened_no_worst_hours | Side=BUY | score=94.0 | opposite_score=8.0 | session=LONDON | RR=2.00,False
proxy_hardened_no_worst_hours,30,595,624,2024-12-26 14:45:00,2025-02-14 10:45:00,30,17,13,56.666666666666664,2.822593181629323,113.56977557605668,15.288797869063245,3,NEW YORK,18,SELL,V50 realtime loss proxy | variant=proxy_hardened_no_worst_hours | Side=BUY | score=94.0 | opposite_score=8.0 | session=LONDON | RR=2.00,False
proxy_hardened_no_worst_hours,30,596,625,2024-12-30 13:30:00,2025-02-18 10:00:00,30,16,14,53.333333333333336,2.5390079037168087,102.27726872275716,15.288797869063245,3,LONDON,18,SELL,V50 realtime loss proxy | variant=proxy_hardened_no_worst_hours | Side=BUY | score=90.0 | opposite_score=4.0 | session=LONDON | RR=2.00,False
proxy_hardened_no_worst_hours,30,597,626,2024-12-31 19:30:00,2025-02-18 13:00:00,30,16,14,53.333333333333336,2.509662407062511,100.32706610205204,15.288797869063247,3,LONDON,18,SELL,V50 realtime loss proxy | variant=proxy_hardened_no_worst_hours | Side=BUY | score=94.0 | opposite_score=8.0 | session=LONDON | RR=2.00,False
proxy_hardened_no_worst_hours,30,598,627,2025-01-02 10:00:00,2025-02-19 13:00:00,30,15,15,50.0,2.1882752348453134,85.8020719924153,15.288797869063254,3,LONDON,18,SELL,V50 realtime loss proxy | variant=proxy_hardened_no_worst_hours | Side=BUY | score=94.0 | opposite_score=8.0 | session=LONDON | RR=2.00,False
proxy_hardened_no_worst_hours,30,599,628,2025-01-02 14:00:00,2025-02-19 14:00:00,30,14,16,46.666666666666664,1.9074355057869543,71.26153347307272,15.288797869063256,3,LONDON,10,SELL,V50 realtime loss proxy | variant=proxy_hardened_no_worst_hours | Side=BUY | score=85.0 | opposite_score=4.0 | session=LONDON | RR=2.00,False
proxy_hardened_no_worst_hours,30,600,629,2025-01-06 10:00:00,2025-02-26 15:00:00,30,13,17,43.333333333333336,1.5986099616472011,51.672842885469066,19.933935825690213,3,LONDON,15,SELL,V50 realtime loss proxy | variant=proxy_hardened_no_worst_hours | Side=SELL | score=85.0 | opposite_score=4.0 | session=LONDON | RR=2.00,False
proxy_hardened_no_worst_hours,30,601,630,2025-01-06 13:15:00,2025-02-27 10:15:00,30,14,16,46.666666666666664,1.8678012325245812,71.1951805057898,19.933935825690213,3,LONDON,15,SELL,V50 realtime loss proxy | variant=proxy_hardened_no_worst_hours | Side=BUY | score=85.0 | opposite_score=4.0 | session=LONDON | RR=2.00,False
proxy_hardened_no_worst_hours,30,602,631,2025-01-07 10:00:00,2025-02-28 10:15:00,30,15,15,50.0,2.1630271208371568,88.46480112112803,19.933935825690213,3,LONDON,15,SELL,V50 realtime loss proxy | variant=proxy_hardened_no_worst_hours | Side=BUY | score=94.0 | opposite_score=8.0 | session=LONDON | RR=2.00,False
proxy_hardened_no_worst_hours,30,603,632,2025-01-08 10:45:00,2025-02-28 15:45:00,30,14,16,46.666666666666664,1.845987953013471,71.9098729070648,19.933935825690213,3,LONDON,15,SELL,V50 realtime loss proxy | variant=proxy_hardened_no_worst_hours | Side=BUY | score=94.0 | opposite_score=8.0 | session=LONDON | RR=2.00,False
proxy_hardened_no_worst_hours,30,604,633,2025-01-08 13:00:00,2025-03-04 18:00:00,30,14,16,46.666666666666664,1.7579135597981885,67.65117841299897,19.933935825690213,3,LONDON,15,SELL,V50 realtime loss proxy | variant=proxy_hardened_no_worst_hours | Side=BUY | score=78.0 | opposite_score=8.0 | session=NEW YORK | RR=2.00,False
proxy_hardened_no_worst_hours,30,605,634,2025-01-09 14:45:00,2025-03-06 18:45:00,30,14,16,46.666666666666664,1.701580358631119,64.69610920879367,23.140800122038158,3,NEW YORK,15,SELL,V50 realtime loss proxy | variant=proxy_hardened_no_worst_hours | Side=BUY | score=78.0 | opposite_score=8.0 | session=NEW YORK | RR=2.00,False
proxy_hardened_no_worst_hours,30,606,635,2025-01-09 18:15:00,2025-03-07 10:45:00,30,14,16,46.666666666666664,1.7252703764605368,65.96232860933432,27.534145451269808,4,NEW YORK,15,SELL,V50 realtime loss proxy | variant=proxy_hardened_no_worst_hours | Side=BUY | score=78.0 | opposite_score=8.0 | session=NEW YORK | RR=2.00,False
proxy_hardened_no_worst_hours,30,607,636,2025-01-10 13:00:00,2025-03-07 13:30:00,30,13,17,43.333333333333336,1.4976714183009494,48.45767983332698,33.95436315330416,5,NEW YORK,18,SELL,V50 realtime loss proxy | variant=proxy_hardened_no_worst_hours | Side=BUY | score=76.0 | opposite_score=4.0 | session=LONDON | RR=2.00,False
proxy_hardened_no_worst_hours,30,608,637,2025-01-10 13:45:00,2025-03-10 13:15:00,30,13,17,43.333333333333336,1.4537943532931474,45.518984872165305,41.166914880003304,6,NEW YORK,18,SELL,V50 realtime loss proxy | variant=proxy_hardened_no_worst_hours | Side=BUY | score=76.0 | opposite_score=4.0 | session=LONDON | RR=2.00,False
proxy_hardened_no_worst_hours,30,609,638,2025-01-15 13:00:00,2025-03-10 14:15:00,30,13,17,43.333333333333336,1.4857286272648513,48.72223260601831,41.166914880003304,6,NEW YORK,18,SELL,V50 realtime loss proxy | variant=proxy_hardened_no_worst_hours | Side=BUY | score=76.0 | opposite_score=4.0 | session=LONDON | RR=2.00,False
proxy_hardened_no_worst_hours,30,610,639,2025-01-15 13:30:00,2025-03-11 13:15:00,30,14,16,46.666666666666664,1.647817259213334,62.60018401969282,41.166914880003304,6,NEW YORK,18,SELL,V50 realtime loss proxy | variant=proxy_hardened_no_worst_hours | Side=BUY | score=76.0 | opposite_score=4.0 | session=LONDON | RR=2.00,False
proxy_hardened_no_worst_hours,30,611,640,2025-01-23 19:45:00,2025-03-11 14:45:00,30,14,16,46.666666666666664,1.6204492093393557,60.96814129096546,41.166914880003304,6,NEW YORK,18,SELL,V50 realtime loss proxy | variant=proxy_hardened_no_worst_hours | Side=BUY | score=76.0 | opposite_score=4.0 | session=LONDON | RR=2.00,False
proxy_hardened_no_worst_hours,30,612,641,2025-01-24 10:00:00,2025-03-13 10:15:00,30,13,17,43.333333333333336,1.4562228280296812,46.91396492981957,41.166914880003304,6,NEW YORK,18,SELL,V50 realtime loss proxy | variant=proxy_hardened_no_worst_hours | Side=BUY | score=76.0 | opposite_score=4.0 | session=LONDON | RR=2.00,False
proxy_hardened_no_worst_hours,30,613,642,2025-01-24 14:30:00,2025-03-16 22:00:00,30,12,18,40.0,1.2991780224295675,32.46805656250362,41.166914880003304,6,NEW YORK,18,BUY,V50 realtime loss proxy | variant=proxy_hardened_no_worst_hours | Side=BUY | score=76.0 | opposite_score=4.0 | session=LONDON | RR=2.00,False
proxy_hardened_no_worst_hours,30,614,643,2025-01-30 19:30:00,2025-03-17 14:15:00,30,13,17,43.333333333333336,1.48765632435038,50.376303013172304,41.166914880003304,6,NEW YORK,18,SELL,V50 realtime loss proxy | variant=proxy_hardened_no_worst_hours | Side=BUY | score=76.0 | opposite_score=4.0 | session=LONDON | RR=2.00,False
proxy_hardened_no_worst_hours,30,615,644,2025-02-03 10:00:00,2025-03-18 14:15:00,30,13,17,43.333333333333336,1.5375218002416269,55.52755031164597,41.166914880003304,6,NEW YORK,18,SELL,V50 realtime loss proxy | variant=proxy_hardened_no_worst_hours | Side=BUY | score=76.0 | opposite_score=4.0 | session=LONDON | RR=2.00,False
proxy_hardened_no_worst_hours,30,616,645,2025-02-04 21:30:00,2025-03-19 10:45:00,30,12,18,40.0,1.3511642558443582,38.31046467740234,41.166914880003304,6,NEW YORK,18,SELL,V50 realtime loss proxy | variant=proxy_hardened_no_worst_hours | Side=BUY | score=76.0 | opposite_score=4.0 | session=LONDON | RR=2.00,False
proxy_hardened_no_worst_hours,30,617,646,2025-02-05 14:30:00,2025-03-19 19:15:00,30,12,18,40.0,1.4143327004641346,45.20186215324618,41.16691488000331,6,NEW YORK,18,SELL,V50 realtime loss proxy | variant=proxy_hardened_no_worst_hours | Side=BUY | score=76.0 | opposite_score=4.0 | session=LONDON | RR=2.00,False
proxy_hardened_no_worst_hours,30,618,647,2025-02-07 10:00:00,2025-03-24 10:30:00,30,11,19,36.666666666666664,1.248410207655592,28.45875668934066,41.16691488000331,6,NEW YORK,18,BUY,V50 realtime loss proxy | variant=proxy_hardened_no_worst_hours | Side=BUY | score=76.0 | opposite_score=4.0 | session=LONDON | RR=2.00,False
proxy_hardened_no_worst_hours,30,619,648,2025-02-10 13:45:00,2025-03-26 10:30:00,30,11,19,36.666666666666664,1.2471121967373278,28.339517420676742,41.16691488000331,6,NEW YORK,18,BUY,V50 realtime loss proxy | variant=proxy_hardened_no_worst_hours | Side=BUY | score=76.0 | opposite_score=4.0 | session=LONDON | RR=2.00,False
proxy_hardened_no_worst_hours,30,620,649,2025-02-12 18:45:00,2025-03-27 15:45:00,30,11,19,36.666666666666664,1.287230749533284,32.94042518995965,41.16691488000332,6,NEW YORK,18,BUY,V50 realtime loss proxy | variant=proxy_hardened_no_worst_hours | Side=BUY | score=76.0 | opposite_score=4.0 | session=LONDON | RR=2.00,False
proxy_hardened_no_worst_hours,30,621,650,2025-02-12 19:45:00,2025-03-28 10:45:00,30,12,18,40.0,1.480034919693844,51.650482592579095,41.16691488000331,6,NEW YORK,18,SELL,V50 realtime loss proxy | variant=proxy_hardened_no_worst_hours | Side=BUY | score=76.0 | opposite_score=4.0 | session=LONDON | RR=2.00,False
proxy_hardened_no_worst_hours,30,622,651,2025-02-13 10:15:00,2025-03-31 14:30:00,30,12,18,40.0,1.5422071432650784,58.34004874613318,41.16691488000331,6,NEW YORK,18,SELL,V50 realtime loss proxy | variant=proxy_hardened_no_worst_hours | Side=BUY | score=76.0 | opposite_score=4.0 | session=LONDON | RR=2.00,False
proxy_hardened_no_worst_hours,30,623,652,2025-02-13 14:45:00,2025-04-01 10:15:00,30,12,18,40.0,1.524815199304949,57.112800365192996,41.16691488000332,6,NEW YORK,18,SELL,V50 realtime loss proxy | variant=proxy_hardened_no_worst_hours | Side=BUY | score=76.0 | opposite_score=4.0 | session=LONDON | RR=2.00,False
proxy_hardened_no_worst_hours,30,624,653,2025-02-14 10:45:00,2025-04-02 13:00:00,30,11,19,36.666666666666664,1.303916568199807,35.41853648844297,41.16691488000331,6,NEW YORK,18,BUY,V50 realtime loss proxy | variant=proxy_hardened_no_worst_hours | Side=BUY | score=76.0 | opposite_score=4.0 | session=LONDON | RR=2.00,False
proxy_hardened_no_worst_hours,30,625,654,2025-02-18 10:00:00,2025-04-07 13:45:00,30,11,19,36.666666666666664,1.181121026787462,23.302392311281068,41.16691488000331,6,NEW YORK,13,SELL,V50 realtime loss proxy | variant=proxy_hardened_no_worst_hours | Side=BUY | score=76.0 | opposite_score=4.0 | session=LONDON | RR=2.00,False
proxy_hardened_no_worst_hours,30,626,655,2025-02-18 13:00:00,2025-04-07 14:30:00,30,12,18,40.0,1.5489554423773704,68.35156209884198,41.16691488000331,6,NEW YORK,13,BUY,V50 realtime loss proxy | variant=proxy_hardened_no_worst_hours | Side=BUY | score=76.0 | opposite_score=4.0 | session=LONDON | RR=2.00,False
proxy_hardened_no_worst_hours,30,627,656,2025-02-19 13:00:00,2025-04-09 13:00:00,30,12,18,40.0,1.713051666650807,88.78351776911822,41.16691488000331,6,NEW YORK,18,SELL,V50 realtime loss proxy | variant=proxy_hardened_no_worst_hours | Side=BUY | score=76.0 | opposite_score=4.0 | session=LONDON | RR=2.00,False
proxy_hardened_no_worst_hours,30,628,657,2025-02-19 14:00:00,2025-04-09 18:15:00,30,13,17,43.333333333333336,2.1273804227576623,133.88930688336367,41.16691488000332,6,NEW YORK,22,SELL,V50 realtime loss proxy | variant=proxy_hardened_no_worst_hours | Side=BUY | score=76.0 | opposite_score=4.0 | session=LONDON | RR=2.00,False
proxy_hardened_no_worst_hours,30,629,658,2025-02-26 15:00:00,2025-04-10 10:00:00,30,14,16,46.666666666666664,2.442092400642453,162.145951948412,41.16691488000332,6,NEW YORK,22,SELL,V50 realtime loss proxy | variant=proxy_hardened_no_worst_hours | Side=BUY | score=76.0 | opposite_score=4.0 | session=LONDON | RR=2.00,False
proxy_hardened_no_worst_hours,30,630,659,2025-02-27 10:15:00,2025-04-11 14:15:00,30,14,16,46.666666666666664,2.2734213535088252,153.80388580991678,41.16691488000331,6,NEW YORK,22,SELL,V50 realtime loss proxy | variant=proxy_hardened_no_worst_hours | Side=BUY | score=76.0 | opposite_score=4.0 | session=LONDON | RR=2.00,False
proxy_hardened_no_worst_hours,30,631,660,2025-02-28 10:15:00,2025-04-22 10:00:00,30,13,17,43.333333333333336,1.9065935455627656,123.31829720457254,41.16691488000331,6,NEW YORK,22,SELL,V50 realtime loss proxy | variant=proxy_hardened_no_worst_hours | Side=BUY | score=76.0 | opposite_score=4.0 | session=LONDON | RR=2.00,False
proxy_hardened_no_worst_hours,30,632,661,2025-02-28 15:45:00,2025-04-25 10:15:00,30,13,17,43.333333333333336,1.9968879606878138,135.6004864775965,41.16691488000331,6,NEW YORK,22,SELL,V50 realtime loss proxy | variant=proxy_hardened_no_worst_hours | Side=BUY | score=76.0 | opposite_score=4.0 | session=LONDON | RR=2.00,False
proxy_hardened_no_worst_hours,30,633,662,2025-03-04 18:00:00,2025-04-28 10:00:00,30,13,17,43.333333333333336,1.981315865583608,134.53141134733653,32.23011797832614,5,NEW YORK,22,SELL,V50 realtime loss proxy | variant=proxy_hardened_no_worst_hours | Side=BUY | score=76.0 | opposite_score=4.0 | session=LONDON | RR=2.00,False
proxy_hardened_no_worst_hours,30,634,663,2025-03-06 18:45:00,2025-05-01 14:15:00,30,13,17,43.333333333333336,1.896315816288429,128.3863901097676,31.37652247635984,4,NEW YORK,22,SELL,V50 realtime loss proxy | variant=proxy_hardened_no_worst_hours | Side=BUY | score=76.0 | opposite_score=4.0 | session=LONDON | RR=2.00,False
proxy_hardened_no_worst_hours,30,635,664,2025-03-07 10:45:00,2025-05-06 14:45:00,30,14,16,46.666666666666664,2.157835085209258,157.81371672649095,31.37652247635984,3,NEW YORK,22,SELL,V50 realtime loss proxy | variant=proxy_hardened_no_worst_hours | Side=BUY | score=76.0 | opposite_score=4.0 | session=LONDON | RR=2.00,False
proxy_hardened_no_worst_hours,30,636,665,2025-03-07 13:30:00,2025-05-09 18:00:00,30,14,16,46.666666666666664,2.0851918950985473,153.06532081637178,31.37652247635984,3,NEW YORK,22,SELL,V50 realtime loss proxy | variant=proxy_hardened_no_worst_hours | Side=BUY | score=76.0 | opposite_score=4.0 | session=LONDON | RR=2.00,False
proxy_hardened_no_worst_hours,30,637,666,2025-03-10 13:15:00,2025-05-13 14:15:00,30,14,16,46.666666666666664,2.014982181177411,148.15062936017569,31.37652247635984,3,NEW YORK,22,SELL,V50 realtime loss proxy | variant=proxy_hardened_no_worst_hours | Side=BUY | score=76.0 | opposite_score=4.0 | session=LONDON | RR=2.00,False
proxy_hardened_no_worst_hours,30,638,667,2025-03-10 14:15:00,2025-05-16 13:30:00,30,14,16,46.666666666666664,1.910248311039026,140.14782112480052,44.4209138325584,3,NEW YORK,22,SELL,V50 realtime loss proxy | variant=proxy_hardened_no_worst_hours | Side=BUY | score=76.0 | opposite_score=4.0 | session=LONDON | RR=2.00,False
proxy_hardened_no_worst_hours,30,639,668,2025-03-11 13:15:00,2025-05-21 10:00:00,30,13,17,43.333333333333336,1.7164537603721315,116.38665388760924,52.90257399632972,4,NEW YORK,22,SELL,V50 realtime loss proxy | variant=proxy_hardened_no_worst_hours | Side=BUY | score=76.0 | opposite_score=4.0 | session=LONDON | RR=2.00,False
proxy_hardened_no_worst_hours,30,640,669,2025-03-11 14:45:00,2025-05-21 14:15:00,30,13,17,43.333333333333336,1.7914578082453338,128.57092961177307,52.90257399632975,4,NEW YORK,13,SELL,V50 realtime loss proxy | variant=proxy_hardened_no_worst_hours | Side=BUY | score=76.0 | opposite_score=4.0 | session=LONDON | RR=2.00,False
proxy_hardened_no_worst_hours,30,641,670,2025-03-13 10:15:00,2025-05-23 14:00:00,30,13,17,43.333333333333336,1.7158970252005485,121.41740221834208,52.90257399632972,4,NEW YORK,13,SELL,V50 realtime loss proxy | variant=proxy_hardened_no_worst_hours | Side=BUY | score=76.0 | opposite_score=4.0 | session=LONDON | RR=2.00,False
proxy_hardened_no_worst_hours,30,642,671,2025-03-16 22:00:00,2025-05-26 18:00:00,30,14,16,46.666666666666664,1.8141480746083198,134.36295417602255,52.90257399632972,4,NEW YORK,13,SELL,V50 realtime loss proxy | variant=proxy_hardened_no_worst_hours | Side=BUY | score=76.0 | opposite_score=4.0 | session=LONDON | RR=2.00,False
proxy_hardened_no_worst_hours,30,643,672,2025-03-17 14:15:00,2025-05-27 13:15:00,30,14,16,46.666666666666664,1.778172573810123,131.0240105657427,52.902573996329735,4,NEW YORK,13,SELL,V50 realtime loss proxy | variant=proxy_hardened_no_worst_hours | Side=BUY | score=76.0 | opposite_score=4.0 | session=LONDON | RR=2.00,False
proxy_hardened_no_worst_hours,30,644,673,2025-03-18 14:15:00,2025-05-30 14:45:00,30,13,17,43.333333333333336,1.584348150597732,105.74637877457064,57.294780715781314,4,LONDON,13,SELL,V50 realtime loss proxy | variant=proxy_hardened_no_worst_hours | Side=BUY | score=76.0 | opposite_score=4.0 | session=LONDON | RR=2.00,False
proxy_hardened_no_worst_hours,30,645,674,2025-03-19 10:45:00,2025-06-02 13:30:00,30,13,17,43.333333333333336,1.6024993091307438,109.03109745377893,57.294780715781314,4,NEW YORK,13,SELL,V50 realtime loss proxy | variant=proxy_hardened_no_worst_hours | Side=BUY | score=100.0 | opposite_score=8.0 | session=LONDON | RR=2.00,False
proxy_hardened_no_worst_hours,30,646,675,2025-03-19 19:15:00,2025-06-04 19:00:00,30,13,17,43.333333333333336,1.5930353875799304,107.95602053335611,57.294780715781314,4,NEW YORK,13,SELL,V50 realtime loss proxy | variant=proxy_hardened_no_worst_hours | Side=BUY | score=100.0 | opposite_score=8.0 | session=LONDON | RR=2.00,False
proxy_hardened_no_worst_hours,30,647,676,2025-03-24 10:30:00,2025-06-10 14:00:00,30,12,18,40.0,1.4449527344627338,84.67198754036022,57.29478071578127,4,NEW YORK,19,SELL,V50 realtime loss proxy | variant=proxy_hardened_no_worst_hours | Side=BUY | score=100.0 | opposite_score=8.0 | session=LONDON | RR=2.00,False
proxy_hardened_no_worst_hours,30,648,677,2025-03-26 10:30:00,2025-06-11 14:30:00,30,12,18,40.0,1.4037985652107912,79.09326298112197,64.9737165153792,4,NEW YORK,19,SELL,V50 realtime loss proxy | variant=proxy_hardened_no_worst_hours | Side=BUY | score=100.0 | opposite_score=8.0 | session=LONDON | RR=2.00,False
proxy_hardened_no_worst_hours,30,649,678,2025-03-27 15:45:00,2025-06-11 18:00:00,30,13,17,43.333333333333336,1.5401217050604055,103.5108934934739,64.97371651537927,4,LONDON,19,SELL,V50 realtime loss proxy | variant=proxy_hardened_no_worst_hours | Side=BUY | score=100.0 | opposite_score=8.0 | session=LONDON | RR=2.00,False
proxy_hardened_no_worst_hours,30,650,679,2025-03-28 10:45:00,2025-06-12 14:30:00,30,13,17,43.333333333333336,1.578503244737617,110.8664717426374,64.97371651537922,4,NEW YORK,19,SELL,V50 realtime loss proxy | variant=proxy_hardened_no_worst_hours | Side=SELL | score=79.0 | opposite_score=4.0 | session=LONDON | RR=2.00,False
proxy_hardened_no_worst_hours,30,651,680,2025-03-31 14:30:00,2025-06-13 14:00:00,30,13,17,43.333333333333336,1.6255107356323508,119.875158743757,64.97371651537922,4,NEW YORK,19,SELL,V50 realtime loss proxy | variant=proxy_hardened_no_worst_hours | Side=SELL | score=79.0 | opposite_score=4.0 | session=LONDON | RR=2.00,False
proxy_hardened_no_worst_hours,30,652,681,2025-04-01 10:15:00,2025-06-19 15:00:00,30,12,18,40.0,1.461281359591264,91.95232909084794,64.97371651537922,4,LONDON,15,SELL,V50 realtime loss proxy | variant=proxy_hardened_no_worst_hours | Side=SELL | score=79.0 | opposite_score=4.0 | session=LONDON | RR=2.00,False
proxy_hardened_no_worst_hours,30,653,682,2025-04-02 13:00:00,2025-06-24 15:15:00,30,12,18,40.0,1.4295715674722898,87.53067950468463,64.97371651537922,4,LONDON,15,SELL,V50 realtime loss proxy | variant=proxy_hardened_no_worst_hours | Side=SELL | score=85.0 | opposite_score=4.0 | session=LONDON | RR=2.00,False
proxy_hardened_no_worst_hours,30,654,683,2025-04-07 13:45:00,2025-06-25 14:00:00,30,12,18,40.0,1.432197819695709,87.90432366259769,64.97371651537922,4,LONDON,15,SELL,V50 realtime loss proxy | variant=proxy_hardened_no_worst_hours | Side=SELL | score=85.0 | opposite_score=4.0 | session=LONDON | RR=2.00,False
proxy_hardened_no_worst_hours,30,655,684,2025-04-07 14:30:00,2025-06-26 15:00:00,30,12,18,40.0,1.4826714475279097,94.82816746690392,64.97371651537922,4,LONDON,15,SELL,V50 realtime loss proxy | variant=proxy_hardened_no_worst_hours | Side=SELL | score=85.0 | opposite_score=4.0 | session=LONDON | RR=2.00,False
proxy_hardened_no_worst_hours,30,656,685,2025-04-09 13:00:00,2025-06-27 10:15:00,30,12,18,40.0,1.3551709840193003,69.77875680127057,64.97371651537922,4,LONDON,15,SELL,V50 realtime loss proxy | variant=proxy_hardened_no_worst_hours | Side=SELL | score=85.0 | opposite_score=4.0 | session=LONDON | RR=2.00,False
proxy_hardened_no_worst_hours,30,657,686,2025-04-09 18:15:00,2025-06-27 14:00:00,30,11,19,36.666666666666664,1.1448529957930758,29.997332381599023,64.97371651537922,4,LONDON,15,SELL,V50 realtime loss proxy | variant=proxy_hardened_no_worst_hours | Side=SELL | score=89.0 | opposite_score=8.0 | session=LONDON | RR=2.00,False
proxy_hardened_no_worst_hours,30,658,687,2025-04-10 10:00:00,2025-07-01 13:15:00,30,10,20,33.33333333333333,0.9247421581862428,-16.09178586172345,64.97371651537924,4,LONDON,15,SELL,V50 realtime loss proxy | variant=proxy_hardened_no_worst_hours | Side=SELL | score=89.0 | opposite_score=8.0 | session=LONDON | RR=2.00,True
proxy_hardened_no_worst_hours,30,659,688,2025-04-11 14:15:00,2025-07-01 19:00:00,30,9,21,30.0,0.802148351605871,-43.36073159025851,64.97371651537922,4,LONDON,15,SELL,V50 realtime loss proxy | variant=proxy_hardened_no_worst_hours | Side=SELL | score=89.0 | opposite_score=8.0 | session=LONDON | RR=2.00,True
proxy_hardened_no_worst_hours,30,660,689,2025-04-22 10:00:00,2025-07-02 13:00:00,30,9,21,30.0,0.8379494029075406,-33.997302794095404,57.172382915620126,4,LONDON,15,SELL,V50 realtime loss proxy | variant=proxy_hardened_no_worst_hours | Side=BUY | score=96.0 | opposite_score=4.0 | session=LONDON | RR=2.00,True
proxy_hardened_no_worst_hours,30,661,690,2025-04-25 10:15:00,2025-07-03 10:30:00,30,9,21,30.0,0.8780475478109226,-24.41654029812151,57.17238291562013,5,LONDON,15,SELL,V50 realtime loss proxy | variant=proxy_hardened_no_worst_hours | Side=BUY | score=96.0 | opposite_score=4.0 | session=LONDON | RR=2.00,True
proxy_hardened_no_worst_hours,30,662,691,2025-04-28 10:00:00,2025-07-06 22:00:00,30,8,22,26.666666666666668,0.7429461932494995,-52.66762713494917,60.11555638409743,6,LONDON,15,SELL,V50 realtime loss proxy | variant=proxy_hardened_no_worst_hours | Side=BUY | score=96.0 | opposite_score=4.0 | session=LONDON | RR=2.00,True
proxy_hardened_no_worst_hours,30,663,692,2025-05-01 14:15:00,2025-07-07 10:15:00,30,9,21,30.0,0.840711624250609,-31.042697300766015,60.11555638409743,6,LONDON,15,SELL,V50 realtime loss proxy | variant=proxy_hardened_no_worst_hours | Side=BUY | score=96.0 | opposite_score=4.0 | session=LONDON | RR=2.00,True
proxy_hardened_no_worst_hours,30,664,693,2025-05-06 14:45:00,2025-07-08 10:30:00,30,10,20,33.33333333333333,0.9633868671406084,-6.644251714056182,60.11555638409743,6,LONDON,15,SELL,V50 realtime loss proxy | variant=proxy_hardened_no_worst_hours | Side=BUY | score=96.0 | opposite_score=4.0 | session=LONDON | RR=2.00,True
proxy_hardened_no_worst_hours,30,665,694,2025-05-09 18:00:00,2025-07-09 10:00:00,30,9,21,30.0,0.8125033981814727,-35.15401101434635,60.11555638409743,6,LONDON,15,SELL,V50 realtime loss proxy | variant=proxy_hardened_no_worst_hours | Side=BUY | score=96.0 | opposite_score=4.0 | session=LONDON | RR=2.00,True
proxy_hardened_no_worst_hours,30,666,695,2025-05-13 14:15:00,2025-07-10 10:30:00,30,9,21,30.0,0.8306455632560027,-31.059002133002544,60.11555638409743,6,LONDON,15,SELL,V50 realtime loss proxy | variant=proxy_hardened_no_worst_hours | Side=BUY | score=96.0 | opposite_score=4.0 | session=LONDON | RR=2.00,True
proxy_hardened_no_worst_hours,30,667,696,2025-05-16 13:30:00,2025-07-10 13:00:00,30,9,21,30.0,0.8547916108847808,-25.878441971584728,60.11555638409743,6,LONDON,15,SELL,V50 realtime loss proxy | variant=proxy_hardened_no_worst_hours | Side=BUY | score=96.0 | opposite_score=4.0 | session=LONDON | RR=2.00,True
proxy_hardened_no_worst_hours,30,668,697,2025-05-21 10:00:00,2025-07-11 18:00:00,30,10,20,33.33333333333333,1.0114204301405552,1.8615361402136088,60.11555638409743,6,LONDON,15,SELL,V50 realtime loss proxy | variant=proxy_hardened_no_worst_hours | Side=BUY | score=96.0 | opposite_score=4.0 | session=LONDON | RR=2.00,True
proxy_hardened_no_worst_hours,30,669,698,2025-05-21 14:15:00,2025-07-14 10:15:00,30,10,20,33.33333333333333,1.025886513236774,4.160015698089971,60.115556384097424,6,LONDON,15,SELL,V50 realtime loss proxy | variant=proxy_hardened_no_worst_hours | Side=BUY | score=96.0 | opposite_score=4.0 | session=LONDON | RR=2.00,True
proxy_hardened_no_worst_hours,30,670,699,2025-05-23 14:00:00,2025-07-15 10:15:00,30,9,21,30.0,0.8576042583204609,-23.656384742639943,60.11555638409743,6,LONDON,15,SELL,V50 realtime loss proxy | variant=proxy_hardened_no_worst_hours | Side=BUY | score=96.0 | opposite_score=4.0 | session=LONDON | RR=2.00,True
proxy_hardened_no_worst_hours,30,671,700,2025-05-26 18:00:00,2025-07-16 15:45:00,30,9,21,30.0,0.8491262943751035,-25.315095451498458,69.01268458064314,6,LONDON,15,SELL,V50 realtime loss proxy | variant=proxy_hardened_no_worst_hours | Side=BUY | score=96.0 | opposite_score=4.0 | session=LONDON | RR=2.00,True
proxy_hardened_no_worst_hours,30,672,701,2025-05-27 13:15:00,2025-07-17 10:30:00,30,9,21,30.0,0.8613891068143745,-23.257518446160134,69.01268458064314,6,LONDON,15,SELL,V50 realtime loss proxy | variant=proxy_hardened_no_worst_hours | Side=BUY | score=96.0 | opposite_score=4.0 | session=LONDON | RR=2.00,True
proxy_hardened_no_worst_hours,30,673,702,2025-05-30 14:45:00,2025-07-17 22:30:00,30,9,21,30.0,0.8871501837932695,-18.385231241632376,69.01268458064314,6,LONDON,15,SELL,V50 realtime loss proxy | variant=proxy_hardened_no_worst_hours | Side=BUY | score=96.0 | opposite_score=4.0 | session=LONDON | RR=2.00,True
proxy_hardened_no_worst_hours,30,674,703,2025-06-02 13:30:00,2025-07-18 14:00:00,30,9,21,30.0,0.9267468817013269,-11.424320300386524,69.01268458064312,6,LONDON,15,BUY,V50 realtime loss proxy | variant=proxy_hardened_no_worst_hours | Side=BUY | score=96.0 | opposite_score=4.0 | session=LONDON | RR=2.00,True
proxy_hardened_no_worst_hours,30,675,704,2025-06-04 19:00:00,2025-07-25 13:30:00,30,9,21,30.0,0.8883823714965606,-17.407525697318206,69.01268458064314,6,LONDON,15,BUY,V50 realtime loss proxy | variant=proxy_hardened_no_worst_hours | Side=BUY | score=96.0 | opposite_score=4.0 | session=LONDON | RR=2.00,True
proxy_hardened_no_worst_hours,30,676,705,2025-06-10 14:00:00,2025-07-31 15:00:00,30,10,20,33.33333333333333,1.028256958802827,4.2128020540909485,69.01268458064314,6,LONDON,15,BUY,V50 realtime loss proxy | variant=proxy_hardened_no_worst_hours | Side=BUY | score=96.0 | opposite_score=4.0 | session=LONDON | RR=2.00,True
proxy_hardened_no_worst_hours,30,677,706,2025-06-11 14:30:00,2025-08-04 15:30:00,30,10,20,33.33333333333333,1.0378060187558662,5.584599753091524,69.01268458064312,6,LONDON,15,BUY,V50 realtime loss proxy | variant=proxy_hardened_no_worst_hours | Side=BUY | score=96.0 | opposite_score=4.0 | session=LONDON | RR=2.00,True
proxy_hardened_no_worst_hours,30,678,707,2025-06-11 18:00:00,2025-08-05 13:00:00,30,11,19,36.666666666666664,1.2080917951070325,28.440010396515042,69.01268458064312,6,LONDON,15,BUY,V50 realtime loss proxy | variant=proxy_hardened_no_worst_hours | Side=BUY | score=96.0 | opposite_score=4.0 | session=LONDON | RR=2.00,False
proxy_hardened_no_worst_hours,30,679,708,2025-06-12 14:30:00,2025-08-05 18:00:00,30,10,20,33.33333333333333,1.0133949290797015,1.9155650990174848,69.01268458064314,6,NEW YORK,15,BUY,V50 realtime loss proxy | variant=proxy_hardened_no_worst_hours | Side=BUY | score=96.0 | opposite_score=4.0 | session=LONDON | RR=2.00,True
proxy_hardened_no_worst_hours,30,680,709,2025-06-13 14:00:00,2025-08-07 13:45:00,30,9,21,30.0,0.7990990875588743,-30.451568679063165,69.01268458064312,6,LONDON,15,BUY,V50 realtime loss proxy | variant=proxy_hardened_no_worst_hours | Side=BUY | score=96.0 | opposite_score=4.0 | session=LONDON | RR=2.00,True
proxy_hardened_no_worst_hours,30,681,710,2025-06-19 15:00:00,2025-08-08 13:30:00,30,8,22,26.666666666666668,0.6221697578242482,-61.025526798618,69.01268458064311,6,LONDON,15,BUY,V50 realtime loss proxy | variant=proxy_hardened_no_worst_hours | Side=BUY | score=96.0 | opposite_score=4.0 | session=LONDON | RR=2.00,True
proxy_hardened_no_worst_hours,30,682,711,2025-06-24 15:15:00,2025-08-11 13:00:00,30,8,22,26.666666666666668,0.6174190904254898,-62.26829288323178,62.26829288323175,6,LONDON,15,BUY,V50 realtime loss proxy | variant=proxy_hardened_no_worst_hours | Side=BUY | score=96.0 | opposite_score=4.0 | session=LONDON | RR=2.00,True
proxy_hardened_no_worst_hours,30,683,712,2025-06-25 14:00:00,2025-08-11 14:15:00,30,9,21,30.0,0.7810975719523143,-33.15749561156953,50.981373631989555,6,LONDON,13,BUY,V50 realtime loss proxy | variant=proxy_hardened_no_worst_hours | Side=BUY | score=96.0 | opposite_score=4.0 | session=LONDON | RR=2.00,True
proxy_hardened_no_worst_hours,30,684,713,2025-06-26 15:00:00,2025-08-12 14:30:00,30,9,21,30.0,0.7619816738459714,-36.95747571433175,49.65095480009772,6,LONDON,13,BUY,V50 realtime loss proxy | variant=proxy_hardened_no_worst_hours | Side=BUY | score=96.0 | opposite_score=4.0 | session=LONDON | RR=2.00,True
proxy_hardened_no_worst_hours,30,685,714,2025-06-27 10:15:00,2025-08-13 14:15:00,30,9,21,30.0,0.7767047389654786,-34.014178079344575,49.86950538338789,6,LONDON,13,BUY,V50 realtime loss proxy | variant=proxy_hardened_no_worst_hours | Side=BUY | score=96.0 | opposite_score=4.0 | session=LONDON | RR=2.00,True
proxy_hardened_no_worst_hours,30,686,715,2025-06-27 14:00:00,2025-08-14 13:30:00,30,9,21,30.0,0.7794423122932221,-33.59716830384049,49.86950538338786,6,LONDON,14,BUY,V50 realtime loss proxy | variant=proxy_hardened_no_worst_hours | Side=BUY | score=96.0 | opposite_score=4.0 | session=LONDON | RR=2.00,True
proxy_hardened_no_worst_hours,30,687,716,2025-07-01 13:15:00,2025-08-19 14:00:00,30,10,20,33.33333333333333,0.9195150973964641,-11.405145694512969,39.24665230944649,5,NEW YORK,22,BUY,V50 realtime loss proxy | variant=proxy_hardened_no_worst_hours | Side=BUY | score=96.0 | opposite_score=4.0 | session=LONDON | RR=2.00,True
proxy_hardened_no_worst_hours,30,688,717,2025-07-01 19:00:00,2025-08-26 18:00:00,30,11,19,36.666666666666664,1.0360174788537782,4.861331763374986,34.00398464998767,4,NEW YORK,22,BUY,V50 realtime loss proxy | variant=proxy_hardened_no_worst_hours | Side=BUY | score=96.0 | opposite_score=4.0 | session=LONDON | RR=2.00,True
proxy_hardened_no_worst_hours,30,689,718,2025-07-02 13:00:00,2025-08-28 10:30:00,30,12,18,40.0,1.1435158475796185,18.604779020362557,34.003984649987665,4,NEW YORK,22,BUY,V50 realtime loss proxy | variant=proxy_hardened_no_worst_hours | Side=BUY | score=96.0 | opposite_score=4.0 | session=LONDON | RR=2.00,False
proxy_hardened_no_worst_hours,30,690,719,2025-07-03 10:30:00,2025-08-28 15:15:00,30,13,17,43.333333333333336,1.3080597908999052,37.85018910642712,34.00398464998767,4,NEW YORK,22,BUY,V50 realtime loss proxy | variant=proxy_hardened_no_worst_hours | Side=BUY | score=74.0 | opposite_score=26.0 | session=LONDON | RR=2.00,False
proxy_hardened_no_worst_hours,30,691,720,2025-07-06 22:00:00,2025-08-31 22:00:00,30,13,17,43.333333333333336,1.3035890208413876,37.42880837075846,34.00398464998767,4,NEW YORK,22,BUY,V50 realtime loss proxy | variant=proxy_hardened_no_worst_hours | Side=BUY | score=74.0 | opposite_score=26.0 | session=LONDON | RR=2.00,False
proxy_hardened_no_worst_hours,30,692,721,2025-07-07 10:15:00,2025-09-01 13:45:00,30,14,16,46.666666666666664,1.4624793268210143,54.855531109056855,34.00398464998767,4,NEW YORK,22,BUY,V50 realtime loss proxy | variant=proxy_hardened_no_worst_hours | Side=BUY | score=74.0 | opposite_score=26.0 | session=LONDON | RR=2.00,False
proxy_hardened_no_worst_hours,30,693,722,2025-07-08 10:30:00,2025-09-02 13:30:00,30,14,16,46.666666666666664,1.5324053636287431,63.1495880862759,34.00398464998767,4,NEW YORK,22,BUY,V50 realtime loss proxy | variant=proxy_hardened_no_worst_hours | Side=BUY | score=74.0 | opposite_score=26.0 | session=LONDON | RR=2.00,False
proxy_hardened_no_worst_hours,30,694,723,2025-07-09 10:00:00,2025-09-04 13:15:00,30,13,17,43.333333333333336,1.3355524197345334,42.90651673812828,34.00398464998767,4,NEW YORK,22,BUY,V50 realtime loss proxy | variant=proxy_hardened_no_worst_hours | Side=BUY | score=74.0 | opposite_score=26.0 | session=LONDON | RR=2.00,False
proxy_hardened_no_worst_hours,30,695,724,2025-07-10 10:30:00,2025-09-07 22:15:00,30,13,17,43.333333333333336,1.3044479729291039,39.85750846034999,34.003984649987665,4,NEW YORK,22,BUY,V50 realtime loss proxy | variant=proxy_hardened_no_worst_hours | Side=BUY | score=74.0 | opposite_score=26.0 | session=LONDON | RR=2.00,False
proxy_hardened_no_worst_hours,30,696,725,2025-07-10 13:00:00,2025-09-08 18:00:00,30,14,16,46.666666666666664,1.4749250867902652,59.779093153867606,34.00398464998767,4,NEW YORK,22,BUY,V50 realtime loss proxy | variant=proxy_hardened_no_worst_hours | Side=BUY | score=80.0 | opposite_score=4.0 | session=LONDON | RR=2.00,False
proxy_hardened_no_worst_hours,30,697,726,2025-07-11 18:00:00,2025-09-09 10:15:00,30,14,16,46.666666666666664,1.4600766056796093,58.49903234803571,34.00398464998767,4,NEW YORK,22,BUY,V50 realtime loss proxy | variant=proxy_hardened_no_worst_hours | Side=BUY | score=80.0 | opposite_score=4.0 | session=LONDON | RR=2.00,False
proxy_hardened_no_worst_hours,30,698,727,2025-07-14 10:15:00,2025-09-11 19:00:00,30,14,16,46.666666666666664,1.471294679167376,59.92541751029387,34.003984649987665,4,NEW YORK,22,BUY,V50 realtime loss proxy | variant=proxy_hardened_no_worst_hours | Side=BUY | score=100.0 | opposite_score=8.0 | session=NEW YORK | RR=2.00,False
proxy_hardened_no_worst_hours,30,699,728,2025-07-15 10:15:00,2025-09-12 10:00:00,30,14,16,46.666666666666664,1.4723725122894287,60.01849664906524,34.00398464998767,4,NEW YORK,22,BUY,V50 realtime loss proxy | variant=proxy_hardened_no_worst_hours | Side=BUY | score=100.0 | opposite_score=8.0 | session=NEW YORK | RR=2.00,False
proxy_hardened_no_worst_hours,30,700,729,2025-07-16 15:45:00,2025-09-12 13:30:00,30,14,16,46.666666666666664,1.4567889274064825,58.659334616511046,34.00398464998767,4,NEW YORK,22,BUY,V50 realtime loss proxy | variant=proxy_hardened_no_worst_hours | Side=BUY | score=100.0 | opposite_score=8.0 | session=NEW YORK | RR=2.00,False
proxy_hardened_no_worst_hours,30,701,730,2025-07-17 10:30:00,2025-09-15 22:15:00,30,15,15,50.0,1.7453805802217215,84.39378112790484,34.00398464998767,4,NEW YORK,22,BUY,V50 realtime loss proxy | variant=proxy_hardened_no_worst_hours | Side=BUY | score=80.0 | opposite_score=4.0 | session=LONDON | RR=2.00,False
proxy_hardened_no_worst_hours,30,702,731,2025-07-17 22:30:00,2025-09-16 13:15:00,30,14,16,46.666666666666664,1.5654806619548074,67.61281419019235,34.00398464998767,4,NEW YORK,22,BUY,V50 realtime loss proxy | variant=proxy_hardened_no_worst_hours | Side=BUY | score=80.0 | opposite_score=4.0 | session=LONDON | RR=2.00,False
proxy_hardened_no_worst_hours,30,703,732,2025-07-18 14:00:00,2025-09-22 13:00:00,30,14,16,46.666666666666664,1.5227634109027053,64.25866698348648,34.00398464998767,4,NEW YORK,10,BUY,V50 realtime loss proxy | variant=proxy_hardened_no_worst_hours | Side=BUY | score=80.0 | opposite_score=4.0 | session=LONDON | RR=2.00,False
proxy_hardened_no_worst_hours,30,704,733,2025-07-25 13:30:00,2025-09-22 14:15:00,30,15,15,50.0,1.7366798168547202,86.40615439406986,34.00398464998767,4,NEW YORK,10,BUY,V50 realtime loss proxy | variant=proxy_hardened_no_worst_hours | Side=BUY | score=80.0 | opposite_score=4.0 | session=LONDON | RR=2.00,False
proxy_hardened_no_worst_hours,30,705,734,2025-07-31 15:00:00,2025-09-23 15:00:00,30,14,16,46.666666666666664,1.5031518059281224,63.99744784926236,34.00398464998767,4,NEW YORK,10,BUY,V50 realtime loss proxy | variant=proxy_hardened_no_worst_hours | Side=BUY | score=80.0 | opposite_score=4.0 | session=LONDON | RR=2.00,False
proxy_hardened_no_worst_hours,30,706,735,2025-08-04 15:30:00,2025-09-25 19:30:00,30,13,17,43.333333333333336,1.2785682060524617,38.44145242521573,34.00398464998767,4,NEW YORK,10,BUY,V50 realtime loss proxy | variant=proxy_hardened_no_worst_hours | Side=BUY | score=94.0 | opposite_score=8.0 | session=NEW YORK | RR=2.00,False
proxy_hardened_no_worst_hours,30,707,736,2025-08-05 13:00:00,2025-09-26 13:30:00,30,14,16,46.666666666666664,1.4790643112577886,62.81192870695314,34.00398464998767,4,NEW YORK,10,SELL,V50 realtime loss proxy | variant=proxy_hardened_no_worst_hours | Side=BUY | score=94.0 | opposite_score=8.0 | session=NEW YORK | RR=2.00,False
proxy_hardened_no_worst_hours,30,708,737,2025-08-05 18:00:00,2025-09-28 22:00:00,30,14,16,46.666666666666664,1.5147535358507431,67.49127755022946,34.003984649987665,4,NEW YORK,10,SELL,V50 realtime loss proxy | variant=proxy_hardened_no_worst_hours | Side=BUY | score=94.0 | opposite_score=8.0 | session=NEW YORK | RR=2.00,False
proxy_hardened_no_worst_hours,30,709,738,2025-08-07 13:45:00,2025-09-29 10:15:00,30,15,15,50.0,1.7406990831411904,92.42260809955461,27.667751153918267,3,NEW YORK,15,SELL,V50 realtime loss proxy | variant=proxy_hardened_no_worst_hours | Side=BUY | score=94.0 | opposite_score=8.0 | session=NEW YORK | RR=2.00,False
proxy_hardened_no_worst_hours,30,710,739,2025-08-08 13:30:00,2025-09-30 14:00:00,30,16,14,53.333333333333336,2.114157922420831,129.47541306867708,20.705225275675417,2,NEW YORK,15,SELL,V50 realtime loss proxy | variant=proxy_hardened_no_worst_hours | Side=BUY | score=94.0 | opposite_score=8.0 | session=NEW YORK | RR=2.00,False
proxy_hardened_no_worst_hours,30,711,740,2025-08-11 13:00:00,2025-10-01 14:30:00,30,16,14,53.333333333333336,2.109638272279143,129.22644859748755,20.705225275675417,2,NEW YORK,15,SELL,V50 realtime loss proxy | variant=proxy_hardened_no_worst_hours | Side=BUY | score=94.0 | opposite_score=8.0 | session=NEW YORK | RR=2.00,False
proxy_hardened_no_worst_hours,30,712,741,2025-08-11 14:15:00,2025-10-02 10:00:00,30,17,13,56.666666666666664,2.419356943632902,152.60637219244026,20.705225275675417,2,NEW YORK,15,SELL,V50 realtime loss proxy | variant=proxy_hardened_no_worst_hours | Side=BUY | score=94.0 | opposite_score=8.0 | session=NEW YORK | RR=2.00,False
proxy_hardened_no_worst_hours,30,713,742,2025-08-12 14:30:00,2025-10-03 14:15:00,30,17,13,56.666666666666664,2.464989564829623,157.51269882556983,20.705225275675417,2,NEW YORK,15,SELL,V50 realtime loss proxy | variant=proxy_hardened_no_worst_hours | Side=SELL | score=89.0 | opposite_score=8.0 | session=LONDON | RR=2.00,False
proxy_hardened_no_worst_hours,30,714,743,2025-08-13 14:15:00,2025-10-06 13:30:00,30,18,12,60.0,2.9891710596050007,191.7081420852088,20.705225275675417,2,NEW YORK,15,SELL,V50 realtime loss proxy | variant=proxy_hardened_no_worst_hours | Side=BUY | score=94.0 | opposite_score=8.0 | session=NEW YORK | RR=2.00,False
proxy_hardened_no_worst_hours,30,715,744,2025-08-14 13:30:00,2025-10-07 13:30:00,30,18,12,60.0,2.8799542888805516,188.05327015961765,20.705225275675417,2,NEW YORK,15,SELL,V50 realtime loss proxy | variant=proxy_hardened_no_worst_hours | Side=BUY | score=94.0 | opposite_score=8.0 | session=NEW YORK | RR=2.00,False
proxy_hardened_no_worst_hours,30,716,745,2025-08-19 14:00:00,2025-10-08 13:45:00,30,17,13,56.666666666666664,2.4306749328042963,159.98609318161846,22.35006947186656,2,NEW YORK,15,SELL,V50 realtime loss proxy | variant=proxy_hardened_no_worst_hours | Side=BUY | score=94.0 | opposite_score=8.0 | session=NEW YORK | RR=2.00,False
proxy_hardened_no_worst_hours,30,717,746,2025-08-26 18:00:00,2025-10-10 15:30:00,30,16,14,53.333333333333336,2.0159842205922867,131.15296352405505,39.614029594043814,3,NEW YORK,15,BUY,V50 realtime loss proxy | variant=proxy_hardened_no_worst_hours | Side=BUY | score=94.0 | opposite_score=8.0 | session=NEW YORK | RR=2.00,False
proxy_hardened_no_worst_hours,30,718,747,2025-08-28 10:30:00,2025-10-12 22:00:00,30,16,14,53.333333333333336,2.2151660290064425,156.86525700669208,39.61402959404383,3,NEW YORK,15,BUY,V50 realtime loss proxy | variant=proxy_hardened_no_worst_hours | Side=BUY | score=94.0 | opposite_score=8.0 | session=NEW YORK | RR=2.00,False
proxy_hardened_no_worst_hours,30,719,748,2025-08-28 15:15:00,2025-10-13 19:15:00,30,16,14,53.333333333333336,2.326514303215355,171.23915755533886,39.61402959404383,3,LONDON,15,BUY,V50 realtime loss proxy | variant=proxy_hardened_no_worst_hours | Side=BUY | score=94.0 | opposite_score=8.0 | session=NEW YORK | RR=2.00,False
proxy_hardened_no_worst_hours,30,720,749,2025-08-31 22:00:00,2025-10-14 10:15:00,30,15,15,50.0,1.949634222589244,140.20821331569067,39.614029594043814,3,LONDON,15,BUY,V50 realtime loss proxy | variant=proxy_hardened_no_worst_hours | Side=BUY | score=74.0 | opposite_score=4.0 | session=LONDON | RR=2.00,False
proxy_hardened_no_worst_hours,30,721,750,2025-09-01 13:45:00,2025-10-14 15:00:00,30,16,14,53.333333333333336,2.2940119322675567,183.18041607764434,39.614029594043814,3,LONDON,10,BUY,V50 realtime loss proxy | variant=proxy_hardened_no_worst_hours | Side=BUY | score=74.0 | opposite_score=4.0 | session=LONDON | RR=2.00,False
proxy_hardened_no_worst_hours,30,722,751,2025-09-02 13:30:00,2025-10-15 19:00:00,30,16,14,53.333333333333336,2.394231142030326,197.36745414548267,39.6140295940438,3,LONDON,10,BUY,V50 realtime loss proxy | variant=proxy_hardened_no_worst_hours | Side=BUY | score=74.0 | opposite_score=4.0 | session=LONDON | RR=2.00,False
proxy_hardened_no_worst_hours,30,723,752,2025-09-04 13:15:00,2025-10-22 10:15:00,30,16,14,53.333333333333336,2.6725033812564285,236.7596910276967,39.6140295940438,3,LONDON,13,SELL,V50 realtime loss proxy | variant=proxy_hardened_no_worst_hours | Side=BUY | score=74.0 | opposite_score=4.0 | session=LONDON | RR=2.00,False
proxy_hardened_no_worst_hours,30,724,753,2025-09-07 22:15:00,2025-10-22 15:30:00,30,16,14,53.333333333333336,2.263064330379172,211.14830262184495,39.6140295940438,3,LONDON,15,SELL,V50 realtime loss proxy | variant=proxy_hardened_no_worst_hours | Side=BUY | score=74.0 | opposite_score=4.0 | session=LONDON | RR=2.00,False
proxy_hardened_no_worst_hours,30,725,754,2025-09-08 18:00:00,2025-10-27 13:15:00,30,17,13,56.666666666666664,2.612728251325707,254.97686293893344,39.6140295940438,3,LONDON,15,SELL,V50 realtime loss proxy | variant=proxy_hardened_no_worst_hours | Side=BUY | score=74.0 | opposite_score=4.0 | session=LONDON | RR=2.00,False
proxy_hardened_no_worst_hours,30,726,755,2025-09-09 10:15:00,2025-10-29 14:00:00,30,16,14,53.333333333333336,2.309086969377784,225.75361792602158,39.6140295940438,3,LONDON,15,SELL,V50 realtime loss proxy | variant=proxy_hardened_no_worst_hours | Side=BUY | score=74.0 | opposite_score=4.0 | session=LONDON | RR=2.00,False
proxy_hardened_no_worst_hours,30,727,756,2025-09-11 19:00:00,2025-10-30 14:15:00,30,17,13,56.666666666666664,2.667459403015063,275.1587973903831,39.6140295940438,3,NEW YORK,15,SELL,V50 realtime loss proxy | variant=proxy_hardened_no_worst_hours | Side=BUY | score=74.0 | opposite_score=4.0 | session=LONDON | RR=2.00,False
proxy_hardened_no_worst_hours,30,728,757,2025-09-12 10:00:00,2025-10-31 14:00:00,30,16,14,53.333333333333336,2.364786305381498,245.9864865713645,39.6140295940438,3,NEW YORK,15,SELL,V50 realtime loss proxy | variant=proxy_hardened_no_worst_hours | Side=BUY | score=74.0 | opposite_score=4.0 | session=LONDON | RR=2.00,False
proxy_hardened_no_worst_hours,30,729,758,2025-09-12 13:30:00,2025-11-04 15:30:00,30,16,14,53.333333333333336,2.2029818350331376,232.74837022962913,39.6140295940438,3,NEW YORK,15,SELL,V50 realtime loss proxy | variant=proxy_hardened_no_worst_hours | Side=BUY | score=74.0 | opposite_score=4.0 | session=LONDON | RR=2.00,False
proxy_hardened_no_worst_hours,30,730,759,2025-09-15 22:15:00,2025-11-06 13:00:00,30,16,14,53.333333333333336,2.1842473770799073,231.08890984849145,42.99736485117657,3,NEW YORK,15,SELL,V50 realtime loss proxy | variant=proxy_hardened_no_worst_hours | Side=BUY | score=74.0 | opposite_score=4.0 | session=LONDON | RR=2.00,False
proxy_hardened_no_worst_hours,30,731,760,2025-09-16 13:15:00,2025-11-10 15:00:00,30,16,14,53.333333333333336,2.2424136785284157,242.4392302729271,42.99736485117663,3,NEW YORK,15,SELL,V50 realtime loss proxy | variant=proxy_hardened_no_worst_hours | Side=BUY | score=74.0 | opposite_score=4.0 | session=LONDON | RR=2.00,False
proxy_hardened_no_worst_hours,30,732,761,2025-09-22 13:00:00,2025-11-13 10:45:00,30,16,14,53.333333333333336,2.174222310664405,236.31907942687766,42.99736485117663,3,NEW YORK,15,SELL,V50 realtime loss proxy | variant=proxy_hardened_no_worst_hours | Side=BUY | score=74.0 | opposite_score=4.0 | session=LONDON | RR=2.00,False
proxy_hardened_no_worst_hours,30,733,762,2025-09-22 14:15:00,2025-11-19 13:15:00,30,17,13,56.666666666666664,2.376943827913996,266.7719479488384,42.99736485117657,3,NEW YORK,15,SELL,V50 realtime loss proxy | variant=proxy_hardened_no_worst_hours | Side=BUY | score=74.0 | opposite_score=4.0 | session=LONDON | RR=2.00,False
proxy_hardened_no_worst_hours,30,734,763,2025-09-23 15:00:00,2025-11-20 10:00:00,30,16,14,53.333333333333336,2.1088843247653983,233.46020583446136,42.99736485117663,3,NEW YORK,15,SELL,V50 realtime loss proxy | variant=proxy_hardened_no_worst_hours | Side=BUY | score=74.0 | opposite_score=4.0 | session=LONDON | RR=2.00,False
proxy_hardened_no_worst_hours,30,735,764,2025-09-25 19:30:00,2025-11-21 10:00:00,30,16,14,53.333333333333336,2.046657100650813,227.05899751115032,43.72957415418858,3,NEW YORK,15,SELL,V50 realtime loss proxy | variant=proxy_hardened_no_worst_hours | Side=BUY | score=74.0 | opposite_score=4.0 | session=LONDON | RR=2.00,False
proxy_hardened_no_worst_hours,30,736,765,2025-09-26 13:30:00,2025-11-21 18:00:00,30,16,14,53.333333333333336,1.9985787338657783,221.84029265095813,59.751713143165205,3,NEW YORK,18,SELL,V50 realtime loss proxy | variant=proxy_hardened_no_worst_hours | Side=BUY | score=74.0 | opposite_score=4.0 | session=LONDON | RR=2.00,False
proxy_hardened_no_worst_hours,30,737,766,2025-09-28 22:00:00,2025-11-24 18:00:00,30,16,14,53.333333333333336,2.009592921548422,224.2871609207952,59.75171314316526,3,NEW YORK,15,SELL,V50 realtime loss proxy | variant=proxy_hardened_no_worst_hours | Side=BUY | score=74.0 | opposite_score=4.0 | session=LONDON | RR=2.00,False
proxy_hardened_no_worst_hours,30,738,767,2025-09-29 10:15:00,2025-11-28 13:45:00,30,16,14,53.333333333333336,2.040622300067463,231.18052463663685,59.75171314316526,3,NEW YORK,15,SELL,V50 realtime loss proxy | variant=proxy_hardened_no_worst_hours | Side=BUY | score=74.0 | opposite_score=4.0 | session=LONDON | RR=2.00,False
proxy_hardened_no_worst_hours,30,739,768,2025-09-30 14:00:00,2025-12-03 15:00:00,30,15,15,50.0,1.833868343268754,197.67893638755797,59.75171314316526,3,NEW YORK,15,SELL,V50 realtime loss proxy | variant=proxy_hardened_no_worst_hours | Side=BUY | score=74.0 | opposite_score=4.0 | session=LONDON | RR=2.00,False
proxy_hardened_no_worst_hours,30,740,769,2025-10-01 14:30:00,2025-12-05 10:15:00,30,15,15,50.0,1.7702482865515825,182.5970049936074,59.75171314316526,3,NEW YORK,15,SELL,V50 realtime loss proxy | variant=proxy_hardened_no_worst_hours | Side=BUY | score=74.0 | opposite_score=4.0 | session=LONDON | RR=2.00,False
proxy_hardened_no_worst_hours,30,741,770,2025-10-02 10:00:00,2025-12-05 14:30:00,30,16,14,53.333333333333336,1.9281704042929773,210.57670932732316,59.75171314316526,3,NEW YORK,15,SELL,V50 realtime loss proxy | variant=proxy_hardened_no_worst_hours | Side=BUY | score=74.0 | opposite_score=4.0 | session=LONDON | RR=2.00,False
proxy_hardened_no_worst_hours,30,742,771,2025-10-03 14:15:00,2025-12-09 13:45:00,30,15,15,50.0,1.801565328105329,188.2085862138289,59.75171314316526,3,NEW YORK,15,SELL,V50 realtime loss proxy | variant=proxy_hardened_no_worst_hours | Side=BUY | score=74.0 | opposite_score=4.0 | session=LONDON | RR=2.00,False
proxy_hardened_no_worst_hours,30,743,772,2025-10-06 13:30:00,2025-12-09 14:45:00,30,14,16,46.666666666666664,1.6371141318705849,155.77646111734487,59.751713143165276,3,LONDON,15,SELL,V50 realtime loss proxy | variant=proxy_hardened_no_worst_hours | Side=BUY | score=74.0 | opposite_score=4.0 | session=LONDON | RR=2.00,False
proxy_hardened_no_worst_hours,30,744,773,2025-10-07 13:30:00,2025-12-16 18:45:00,30,13,17,43.333333333333336,1.4665027597477116,119.99780848634838,59.75171314316522,3,LONDON,15,SELL,V50 realtime loss proxy | variant=proxy_hardened_no_worst_hours | Side=BUY | score=74.0 | opposite_score=4.0 | session=LONDON | RR=2.00,False
proxy_hardened_no_worst_hours,30,745,774,2025-10-08 13:45:00,2025-12-16 19:45:00,30,14,16,46.666666666666664,1.6305117177855513,155.5303919969993,59.75171314316523,3,LONDON,15,SELL,V50 realtime loss proxy | variant=proxy_hardened_no_worst_hours | Side=BUY | score=74.0 | opposite_score=4.0 | session=LONDON | RR=2.00,False
proxy_hardened_no_worst_hours,30,746,775,2025-10-10 15:30:00,2025-12-17 13:00:00,30,15,15,50.0,1.7877338705295565,185.02170084161128,59.751713143165276,3,LONDON,15,SELL,V50 realtime loss proxy | variant=proxy_hardened_no_worst_hours | Side=BUY | score=74.0 | opposite_score=4.0 | session=LONDON | RR=2.00,False
proxy_hardened_no_worst_hours,30,747,776,2025-10-12 22:00:00,2025-12-17 14:00:00,30,15,15,50.0,1.831834826637023,190.67633930651948,59.75171314316526,3,LONDON,15,SELL,V50 realtime loss proxy | variant=proxy_hardened_no_worst_hours | Side=BUY | score=74.0 | opposite_score=4.0 | session=LONDON | RR=2.00,False
proxy_hardened_no_worst_hours,30,748,777,2025-10-13 19:15:00,2025-12-18 18:00:00,30,14,16,46.666666666666664,1.549528454795718,136.41507380669708,59.75171314316522,3,NEW YORK,18,SELL,V50 realtime loss proxy | variant=proxy_hardened_no_worst_hours | Side=BUY | score=72.0 | opposite_score=8.0 | session=NEW YORK | RR=2.00,False
proxy_hardened_no_worst_hours,30,749,778,2025-10-14 10:15:00,2025-12-19 18:30:00,30,14,16,46.666666666666664,1.540461234989318,134.16422501385082,59.75171314316522,3,NEW YORK,15,SELL,V50 realtime loss proxy | variant=proxy_hardened_no_worst_hours | Side=BUY | score=72.0 | opposite_score=8.0 | session=NEW YORK | RR=2.00,False
proxy_hardened_no_worst_hours,30,750,779,2025-10-14 15:00:00,2025-12-22 15:15:00,30,15,15,50.0,1.7584205887672988,174.19810897943876,59.75171314316522,3,NEW YORK,18,SELL,V50 realtime loss proxy | variant=proxy_hardened_no_worst_hours | Side=BUY | score=72.0 | opposite_score=8.0 | session=NEW YORK | RR=2.00,False
proxy_hardened_no_worst_hours,30,751,780,2025-10-15 19:00:00,2025-12-22 18:45:00,30,15,15,50.0,1.6839923746692353,157.10303753409124,59.75171314316522,3,NEW YORK,15,SELL,V50 realtime loss proxy | variant=proxy_hardened_no_worst_hours | Side=BUY | score=72.0 | opposite_score=8.0 | session=NEW YORK | RR=2.00,False
proxy_hardened_no_worst_hours,30,752,781,2025-10-22 10:15:00,2025-12-23 10:00:00,30,14,16,46.666666666666664,1.5083101774584327,121.27193325456999,59.75171314316522,3,NEW YORK,15,SELL,V50 realtime loss proxy | variant=proxy_hardened_no_worst_hours | Side=BUY | score=72.0 | opposite_score=8.0 | session=NEW YORK | RR=2.00,False
proxy_hardened_no_worst_hours,30,753,782,2025-10-22 15:30:00,2025-12-23 21:30:00,30,14,16,46.666666666666664,1.345941523888004,82.53424632317333,59.751713143165226,3,LONDON,10,SELL,V50 realtime loss proxy | variant=proxy_hardened_no_worst_hours | Side=SELL | score=85.0 | opposite_score=4.0 | session=LONDON | RR=2.00,False
proxy_hardened_no_worst_hours,30,754,783,2025-10-27 13:15:00,2025-12-26 10:45:00,30,14,16,46.666666666666664,1.5090325751276377,108.31900153733899,59.75171314316522,3,LONDON,10,SELL,V50 realtime loss proxy | variant=proxy_hardened_no_worst_hours | Side=BUY | score=72.0 | opposite_score=8.0 | session=NEW YORK | RR=2.00,False
proxy_hardened_no_worst_hours,30,755,784,2025-10-29 14:00:00,2025-12-31 10:15:00,30,13,17,43.333333333333336,1.2396278340663982,55.35381909501271,59.751713143165226,3,LONDON,10,SELL,V50 realtime loss proxy | variant=proxy_hardened_no_worst_hours | Side=SELL | score=85.0 | opposite_score=4.0 | session=LONDON | RR=2.00,False
proxy_hardened_no_worst_hours,30,756,785,2025-10-30 14:15:00,2026-01-05 14:00:00,30,14,16,46.666666666666664,1.4492012484038015,97.31977773984377,59.75171314316522,3,LONDON,10,SELL,V50 realtime loss proxy | variant=proxy_hardened_no_worst_hours | Side=SELL | score=85.0 | opposite_score=4.0 | session=LONDON | RR=2.00,False
proxy_hardened_no_worst_hours,30,757,786,2025-10-31 14:00:00,2026-01-05 18:30:00,30,13,17,43.333333333333336,1.1792408283816904,41.343088657099685,59.75171314316522,3,LONDON,10,SELL,V50 realtime loss proxy | variant=proxy_hardened_no_worst_hours | Side=SELL | score=85.0 | opposite_score=4.0 | session=LONDON | RR=2.00,False
proxy_hardened_no_worst_hours,30,758,787,2025-11-04 15:30:00,2026-01-06 15:30:00,30,13,17,43.333333333333336,1.1839478248351814,42.26010543881843,49.11919044592035,3,LONDON,10,SELL,V50 realtime loss proxy | variant=proxy_hardened_no_worst_hours | Side=SELL | score=85.0 | opposite_score=4.0 | session=LONDON | RR=2.00,False
proxy_hardened_no_worst_hours,30,759,788,2025-11-06 13:00:00,2026-01-08 13:00:00,30,13,17,43.333333333333336,1.2248103453451555,49.92475362520523,49.11919044592035,3,LONDON,10,SELL,V50 realtime loss proxy | variant=proxy_hardened_no_worst_hours | Side=SELL | score=85.0 | opposite_score=4.0 | session=LONDON | RR=2.00,False
proxy_hardened_no_worst_hours,30,760,789,2025-11-10 15:00:00,2026-01-08 13:45:00,30,13,17,43.333333333333336,1.1999176070859405,45.3177252812699,53.02864764803354,4,LONDON,10,SELL,V50 realtime loss proxy | variant=proxy_hardened_no_worst_hours | Side=SELL | score=85.0 | opposite_score=4.0 | session=LONDON | RR=2.00,False
proxy_hardened_no_worst_hours,30,761,790,2025-11-13 10:45:00,2026-01-09 14:30:00,30,13,17,43.333333333333336,1.2305383383388695,52.258894231112805,53.02864764803354,4,LONDON,10,SELL,V50 realtime loss proxy | variant=proxy_hardened_no_worst_hours | Side=SELL | score=85.0 | opposite_score=4.0 | session=LONDON | RR=2.00,False
proxy_hardened_no_worst_hours,30,762,791,2025-11-19 13:15:00,2026-01-09 18:30:00,30,14,16,46.666666666666664,1.443825737914562,95.07514497385333,53.02864764803354,4,LONDON,10,SELL,V50 realtime loss proxy | variant=proxy_hardened_no_worst_hours | Side=SELL | score=85.0 | opposite_score=4.0 | session=LONDON | RR=2.00,False
proxy_hardened_no_worst_hours,30,763,792,2025-11-20 10:00:00,2026-01-12 14:00:00,30,14,16,46.666666666666664,1.5999902335901603,128.52827938622573,53.02864764803354,4,LONDON,10,SELL,V50 realtime loss proxy | variant=proxy_hardened_no_worst_hours | Side=BUY | score=96.0 | opposite_score=4.0 | session=LONDON | RR=2.00,False
proxy_hardened_no_worst_hours,30,764,793,2025-11-21 10:00:00,2026-01-12 18:45:00,30,14,16,46.666666666666664,1.5178718658913142,116.9389125605071,53.02864764803354,4,NEW YORK,10,SELL,V50 realtime loss proxy | variant=proxy_hardened_no_worst_hours | Side=BUY | score=96.0 | opposite_score=4.0 | session=LONDON | RR=2.00,False
proxy_hardened_no_worst_hours,30,765,794,2025-11-21 18:00:00,2026-01-13 13:15:00,30,15,15,50.0,1.8429040847711833,176.59148507551203,53.02864764803354,4,NEW YORK,10,SELL,V50 realtime loss proxy | variant=proxy_hardened_no_worst_hours | Side=BUY | score=96.0 | opposite_score=4.0 | session=LONDON | RR=2.00,False
proxy_hardened_no_worst_hours,30,766,795,2025-11-24 18:00:00,2026-01-13 15:15:00,30,15,15,50.0,1.7111426328562471,160.45927902792604,53.02864764803354,4,NEW YORK,15,SELL,V50 realtime loss proxy | variant=proxy_hardened_no_worst_hours | Side=BUY | score=96.0 | opposite_score=4.0 | session=LONDON | RR=2.00,False
proxy_hardened_no_worst_hours,30,767,796,2025-11-28 13:45:00,2026-01-14 19:15:00,30,14,16,46.666666666666664,1.4462981643456223,112.98969804301055,59.68936360057188,4,NEW YORK,15,SELL,V50 realtime loss proxy | variant=proxy_hardened_no_worst_hours | Side=BUY | score=96.0 | opposite_score=4.0 | session=LONDON | RR=2.00,False
proxy_hardened_no_worst_hours,30,768,797,2025-12-03 15:00:00,2026-01-20 13:30:00,30,14,16,46.666666666666664,1.5164913300404372,130.76056341990275,59.68936360057188,4,NEW YORK,15,SELL,V50 realtime loss proxy | variant=proxy_hardened_no_worst_hours | Side=BUY | score=96.0 | opposite_score=4.0 | session=LONDON | RR=2.00,False
proxy_hardened_no_worst_hours,30,769,798,2025-12-05 10:15:00,2026-01-20 15:30:00,30,15,15,50.0,1.8697704054912425,207.23531218026628,59.68936360057188,4,NEW YORK,10,SELL,V50 realtime loss proxy | variant=proxy_hardened_no_worst_hours | Side=BUY | score=96.0 | opposite_score=4.0 | session=LONDON | RR=2.00,False
proxy_hardened_no_worst_hours,30,770,799,2025-12-05 14:30:00,2026-01-21 13:00:00,30,14,16,46.666666666666664,1.6121785206847536,164.07649162928195,59.68936360057188,4,NEW YORK,10,SELL,V50 realtime loss proxy | variant=proxy_hardened_no_worst_hours | Side=BUY | score=96.0 | opposite_score=4.0 | session=LONDON | RR=2.00,False
proxy_hardened_no_worst_hours,30,771,800,2025-12-09 13:45:00,2026-01-22 10:30:00,30,13,17,43.333333333333336,1.41126893878717,120.7364713923543,59.68936360057188,4,NEW YORK,10,SELL,V50 realtime loss proxy | variant=proxy_hardened_no_worst_hours | Side=BUY | score=96.0 | opposite_score=4.0 | session=LONDON | RR=2.00,False
proxy_hardened_no_worst_hours,30,772,801,2025-12-09 14:45:00,2026-01-23 14:30:00,30,14,16,46.666666666666664,1.6782305114374918,193.73125333749599,59.68936360057188,4,NEW YORK,10,SELL,V50 realtime loss proxy | variant=proxy_hardened_no_worst_hours | Side=BUY | score=96.0 | opposite_score=4.0 | session=LONDON | RR=2.00,False
proxy_hardened_no_worst_hours,30,773,802,2025-12-16 18:45:00,2026-01-23 18:45:00,30,15,15,50.0,2.003238889513197,276.8340165926172,59.68936360057188,4,NEW YORK,10,SELL,V50 realtime loss proxy | variant=proxy_hardened_no_worst_hours | Side=BUY | score=96.0 | opposite_score=4.0 | session=LONDON | RR=2.00,False
proxy_hardened_no_worst_hours,30,774,803,2025-12-16 19:45:00,2026-01-26 10:00:00,30,15,15,50.0,1.839486031101099,252.269541370754,59.68936360057188,4,NEW YORK,10,SELL,V50 realtime loss proxy | variant=proxy_hardened_no_worst_hours | Side=BUY | score=96.0 | opposite_score=4.0 | session=LONDON | RR=2.00,False
proxy_hardened_no_worst_hours,30,775,804,2025-12-17 13:00:00,2026-01-26 14:45:00,30,14,16,46.666666666666664,1.5597901733055293,189.42005476776342,75.16188821486168,4,NEW YORK,10,SELL,V50 realtime loss proxy | variant=proxy_hardened_no_worst_hours | Side=BUY | score=96.0 | opposite_score=4.0 | session=LONDON | RR=2.00,False
proxy_hardened_no_worst_hours,30,776,805,2025-12-17 14:00:00,2026-01-28 15:15:00,30,14,16,46.666666666666664,1.8679077900435577,293.6799339521299,75.16188821486168,4,NEW YORK,10,SELL,V50 realtime loss proxy | variant=proxy_hardened_no_worst_hours | Side=BUY | score=96.0 | opposite_score=4.0 | session=LONDON | RR=2.00,False
proxy_hardened_no_worst_hours,30,777,806,2025-12-18 18:00:00,2026-01-29 14:15:00,30,14,16,46.666666666666664,1.5995288730041846,236.90495269206937,75.16188821486168,4,NEW YORK,10,SELL,V50 realtime loss proxy | variant=proxy_hardened_no_worst_hours | Side=BUY | score=96.0 | opposite_score=4.0 | session=LONDON | RR=2.00,False
proxy_hardened_no_worst_hours,30,778,807,2025-12-19 18:30:00,2026-01-30 14:45:00,30,15,15,50.0,2.484060047115978,558.2075610130463,75.16188821486168,4,NEW YORK,10,SELL,V50 realtime loss proxy | variant=proxy_hardened_no_worst_hours | Side=BUY | score=96.0 | opposite_score=4.0 | session=LONDON | RR=2.00,False
proxy_hardened_no_worst_hours,30,779,808,2025-12-22 15:15:00,2026-02-03 18:00:00,30,14,16,46.666666666666664,1.9619570097240226,448.0465604075273,89.63025161950475,4,NEW YORK,10,BUY,V50 realtime loss proxy | variant=proxy_hardened_no_worst_hours | Side=BUY | score=96.0 | opposite_score=4.0 | session=LONDON | RR=2.00,False
proxy_hardened_no_worst_hours,30,780,809,2025-12-22 18:45:00,2026-02-05 10:15:00,30,14,16,46.666666666666664,2.3064367637734446,608.4934071706214,89.63025161950475,4,NEW YORK,19,BUY,V50 realtime loss proxy | variant=proxy_hardened_no_worst_hours | Side=BUY | score=96.0 | opposite_score=4.0 | session=LONDON | RR=2.00,False
proxy_hardened_no_worst_hours,30,781,810,2025-12-23 10:00:00,2026-02-06 14:15:00,30,14,16,46.666666666666664,2.5473421297425887,720.698858677397,89.63025161950475,4,NEW YORK,18,BUY,V50 realtime loss proxy | variant=proxy_hardened_no_worst_hours | Side=BUY | score=96.0 | opposite_score=4.0 | session=LONDON | RR=2.00,False
proxy_hardened_no_worst_hours,30,782,811,2025-12-23 21:30:00,2026-02-09 18:00:00,30,14,16,46.666666666666664,2.3752308708409724,686.9490794630301,89.63025161950475,4,NEW YORK,18,BUY,V50 realtime loss proxy | variant=proxy_hardened_no_worst_hours | Side=BUY | score=72.0 | opposite_score=19.0 | session=NEW YORK | RR=2.00,False
proxy_hardened_no_worst_hours,30,783,812,2025-12-26 10:45:00,2026-02-10 10:00:00,30,13,17,43.333333333333336,2.1670718842609165,627.8912439316201,89.63025161950475,4,NEW YORK,18,BUY,V50 realtime loss proxy | variant=proxy_hardened_no_worst_hours | Side=BUY | score=72.0 | opposite_score=19.0 | session=NEW YORK | RR=2.00,False
proxy_hardened_no_worst_hours,30,784,813,2025-12-31 10:15:00,2026-02-10 13:30:00,30,13,17,43.333333333333336,2.0443691718392127,595.6002316404902,122.50727919103554,4,NEW YORK,18,BUY,V50 realtime loss proxy | variant=proxy_hardened_no_worst_hours | Side=BUY | score=76.0 | opposite_score=4.0 | session=LONDON | RR=2.00,False
proxy_hardened_no_worst_hours,30,785,814,2026-01-05 14:00:00,2026-02-11 18:30:00,30,13,17,43.333333333333336,1.9229751713114052,559.5984195084756,176.7143623698871,4,NEW YORK,18,BUY,V50 realtime loss proxy | variant=proxy_hardened_no_worst_hours | Side=BUY | score=76.0 | opposite_score=4.0 | session=LONDON | RR=2.00,False
proxy_hardened_no_worst_hours,30,786,815,2026-01-05 18:30:00,2026-02-13 19:45:00,30,12,18,40.0,1.7479374591947394,487.0664729495775,221.62874296135544,5,NEW YORK,18,BUY,V50 realtime loss proxy | variant=proxy_hardened_no_worst_hours | Side=BUY | score=76.0 | opposite_score=4.0 | session=LONDON | RR=2.00,False
proxy_hardened_no_worst_hours,30,787,816,2026-01-06 15:30:00,2026-02-17 13:15:00,30,13,17,43.333333333333336,1.895970161197615,570.9183825616672,221.62874296135544,5,NEW YORK,18,BUY,V50 realtime loss proxy | variant=proxy_hardened_no_worst_hours | Side=BUY | score=76.0 | opposite_score=4.0 | session=LONDON | RR=2.00,False
proxy_hardened_no_worst_hours,30,788,817,2026-01-08 13:00:00,2026-02-18 19:00:00,30,13,17,43.333333333333336,1.857030057604194,557.5567769224951,221.62874296135544,5,NEW YORK,18,BUY,V50 realtime loss proxy | variant=proxy_hardened_no_worst_hours | Side=BUY | score=76.0 | opposite_score=4.0 | session=LONDON | RR=2.00,False
proxy_hardened_no_worst_hours,30,789,818,2026-01-08 13:45:00,2026-02-19 13:45:00,30,13,17,43.333333333333336,1.807743509884898,539.8195944773449,221.62874296135544,5,NEW YORK,18,BUY,V50 realtime loss proxy | variant=proxy_hardened_no_worst_hours | Side=BUY | score=76.0 | opposite_score=4.0 | session=LONDON | RR=2.00,False
proxy_hardened_no_worst_hours,30,790,819,2026-01-09 14:30:00,2026-02-19 14:45:00,30,13,17,43.333333333333336,1.7389314878589104,513.3737758248204,248.35008773414586,5,NEW YORK,18,BUY,V50 realtime loss proxy | variant=proxy_hardened_no_worst_hours | Side=BUY | score=76.0 | opposite_score=4.0 | session=LONDON | RR=2.00,False
proxy_hardened_no_worst_hours,30,791,820,2026-01-09 18:30:00,2026-02-20 13:30:00,30,13,17,43.333333333333336,1.7799401683917064,541.8646190391441,248.35008773414586,5,NEW YORK,18,BUY,V50 realtime loss proxy | variant=proxy_hardened_no_worst_hours | Side=BUY | score=76.0 | opposite_score=4.0 | session=LONDON | RR=2.00,False
proxy_hardened_no_worst_hours,30,792,821,2026-01-12 14:00:00,2026-02-20 15:30:00,30,13,17,43.333333333333336,1.8860484157245316,615.5834853676654,248.35008773414597,5,NEW YORK,18,BUY,V50 realtime loss proxy | variant=proxy_hardened_no_worst_hours | Side=BUY | score=76.0 | opposite_score=4.0 | session=LONDON | RR=2.00,False
proxy_hardened_no_worst_hours,30,793,822,2026-01-12 18:45:00,2026-02-27 18:00:00,30,13,17,43.333333333333336,1.915589561231143,636.1072411692523,248.35008773414597,5,NEW YORK,19,BUY,V50 realtime loss proxy | variant=proxy_hardened_no_worst_hours | Side=BUY | score=76.0 | opposite_score=4.0 | session=LONDON | RR=2.00,False
proxy_hardened_no_worst_hours,30,794,823,2026-01-13 13:15:00,2026-03-02 13:15:00,30,13,17,43.333333333333336,1.8674752134129593,618.2073964294661,248.35008773414597,5,NEW YORK,19,BUY,V50 realtime loss proxy | variant=proxy_hardened_no_worst_hours | Side=BUY | score=96.0 | opposite_score=4.0 | session=LONDON | RR=2.00,False
proxy_hardened_no_worst_hours,30,795,824,2026-01-13 15:15:00,2026-03-06 13:15:00,30,12,18,40.0,1.7078087206488608,533.6137599305088,248.35008773414597,5,NEW YORK,19,BUY,V50 realtime loss proxy | variant=proxy_hardened_no_worst_hours | Side=BUY | score=96.0 | opposite_score=4.0 | session=LONDON | RR=2.00,False
proxy_hardened_no_worst_hours,30,796,825,2026-01-14 19:15:00,2026-03-10 14:00:00,30,13,17,43.333333333333336,1.898074351346383,648.1771568697981,248.35008773414597,5,NEW YORK,19,BUY,V50 realtime loss proxy | variant=proxy_hardened_no_worst_hours | Side=BUY | score=76.0 | opposite_score=4.0 | session=LONDON | RR=2.00,False
proxy_hardened_no_worst_hours,30,797,826,2026-01-20 13:30:00,2026-03-12 10:15:00,30,13,17,43.333333333333336,1.9089471187374574,652.2879689809319,248.35008773414597,5,NEW YORK,19,BUY,V50 realtime loss proxy | variant=proxy_hardened_no_worst_hours | Side=BUY | score=76.0 | opposite_score=4.0 | session=LONDON | RR=2.00,False
proxy_hardened_no_worst_hours,30,798,827,2026-01-20 15:30:00,2026-03-13 10:15:00,30,12,18,40.0,1.774959852030289,580.148488123746,248.35008773414597,5,NEW YORK,19,BUY,V50 realtime loss proxy | variant=proxy_hardened_no_worst_hours | Side=BUY | score=76.0 | opposite_score=4.0 | session=LONDON | RR=2.00,False
proxy_hardened_no_worst_hours,30,799,828,2026-01-21 13:00:00,2026-03-13 14:00:00,30,12,18,40.0,1.7857456520507458,588.2229265074633,248.35008773414597,5,NEW YORK,19,BUY,V50 realtime loss proxy | variant=proxy_hardened_no_worst_hours | Side=BUY | score=76.0 | opposite_score=4.0 | session=LONDON | RR=2.00,False
proxy_hardened_no_worst_hours,30,800,829,2026-01-22 10:30:00,2026-03-16 15:00:00,30,12,18,40.0,1.7644189984499041,579.1743356705732,248.35008773414597,5,NEW YORK,19,BUY,V50 realtime loss proxy | variant=proxy_hardened_no_worst_hours | Side=BUY | score=76.0 | opposite_score=4.0 | session=LONDON | RR=2.00,False
proxy_hardened_no_worst_hours,30,801,830,2026-01-23 14:30:00,2026-03-18 10:00:00,30,13,17,43.333333333333336,1.890219882971977,651.7443281830014,248.35008773414597,5,NEW YORK,19,BUY,V50 realtime loss proxy | variant=proxy_hardened_no_worst_hours | Side=BUY | score=72.0 | opposite_score=19.0 | session=NEW YORK | RR=2.00,False
proxy_hardened_no_worst_hours,30,802,831,2026-01-23 18:45:00,2026-03-19 15:15:00,30,12,18,40.0,1.5574063273401637,472.00537829589234,248.35008773414597,5,NEW YORK,19,BUY,V50 realtime loss proxy | variant=proxy_hardened_no_worst_hours | Side=SELL | score=96.0 | opposite_score=4.0 | session=LONDON | RR=2.00,False
proxy_hardened_no_worst_hours,30,803,832,2026-01-26 10:00:00,2026-03-20 13:00:00,30,12,18,40.0,1.600554602238994,508.54284982697686,248.35008773414597,5,NEW YORK,18,BUY,V50 realtime loss proxy | variant=proxy_hardened_no_worst_hours | Side=BUY | score=78.0 | opposite_score=8.0 | session=LONDON | RR=2.00,False
proxy_hardened_no_worst_hours,30,804,833,2026-01-26 14:45:00,2026-03-23 10:00:00,30,12,18,40.0,1.4336383569093745,409.95258164000677,248.35008773414597,5,NEW YORK,18,BUY,V50 realtime loss proxy | variant=proxy_hardened_no_worst_hours | Side=SELL | score=96.0 | opposite_score=4.0 | session=LONDON | RR=2.00,False
proxy_hardened_no_worst_hours,30,805,834,2026-01-28 15:15:00,2026-03-24 13:00:00,30,12,18,40.0,1.3749344536545898,369.58888631309253,248.35008773414597,5,NEW YORK,18,BUY,V50 realtime loss proxy | variant=proxy_hardened_no_worst_hours | Side=SELL | score=96.0 | opposite_score=4.0 | session=LONDON | RR=2.00,False
proxy_hardened_no_worst_hours,30,806,835,2026-01-29 14:15:00,2026-03-26 10:45:00,30,11,19,36.666666666666664,1.1867033795056405,194.04623092480807,272.43642114007406,5,NEW YORK,18,BUY,V50 realtime loss proxy | variant=proxy_hardened_no_worst_hours | Side=SELL | score=96.0 | opposite_score=4.0 | session=LONDON | RR=2.00,False
proxy_hardened_no_worst_hours,30,807,836,2026-01-30 14:45:00,2026-03-26 15:30:00,30,12,18,40.0,1.3866406150265207,375.4066428393156,272.436421140074,5,NEW YORK,18,BUY,V50 realtime loss proxy | variant=proxy_hardened_no_worst_hours | Side=BUY | score=72.0 | opposite_score=19.0 | session=NEW YORK | RR=2.00,False
proxy_hardened_no_worst_hours,30,808,837,2026-02-03 18:00:00,2026-03-27 13:00:00,30,11,19,36.666666666666664,1.0354033348044005,35.699506080397725,272.4364211400741,5,NEW YORK,18,BUY,V50 realtime loss proxy | variant=proxy_hardened_no_worst_hours | Side=SELL | score=96.0 | opposite_score=4.0 | session=LONDON | RR=2.00,True
proxy_hardened_no_worst_hours,30,809,838,2026-02-05 10:15:00,2026-03-27 18:00:00,30,11,19,36.666666666666664,1.0732578198453646,71.26520244186878,272.4364211400741,5,NEW YORK,18,BUY,V50 realtime loss proxy | variant=proxy_hardened_no_worst_hours | Side=SELL | score=96.0 | opposite_score=4.0 | session=LONDON | RR=2.00,True
proxy_hardened_no_worst_hours,30,810,839,2026-02-06 14:15:00,2026-04-01 10:00:00,30,11,19,36.666666666666664,0.9697497662490302,-29.42742545065144,272.4364211400741,5,NEW YORK,10,SELL,V50 realtime loss proxy | variant=proxy_hardened_no_worst_hours | Side=SELL | score=96.0 | opposite_score=4.0 | session=LONDON | RR=2.00,True
proxy_hardened_no_worst_hours,30,811,840,2026-02-09 18:00:00,2026-04-01 13:00:00,30,11,19,36.666666666666664,0.929607051212014,-68.47825606119719,272.4364211400741,5,NEW YORK,10,SELL,V50 realtime loss proxy | variant=proxy_hardened_no_worst_hours | Side=SELL | score=96.0 | opposite_score=4.0 | session=LONDON | RR=2.00,True
proxy_hardened_no_worst_hours,30,812,841,2026-02-10 10:00:00,2026-04-09 18:15:00,30,11,19,36.666666666666664,0.9365017182479598,-61.31635606764817,272.4364211400741,4,NEW YORK,10,SELL,V50 realtime loss proxy | variant=proxy_hardened_no_worst_hours | Side=SELL | score=96.0 | opposite_score=4.0 | session=LONDON | RR=2.00,True
proxy_hardened_no_worst_hours,30,813,842,2026-02-10 13:30:00,2026-04-14 10:15:00,30,11,19,36.666666666666664,0.9484712026193736,-49.13023028331432,272.4364211400741,3,NEW YORK,10,SELL,V50 realtime loss proxy | variant=proxy_hardened_no_worst_hours | Side=SELL | score=96.0 | opposite_score=4.0 | session=LONDON | RR=2.00,True
proxy_hardened_no_worst_hours,30,814,843,2026-02-11 18:30:00,2026-04-14 15:00:00,30,12,18,40.0,1.0685854940147026,62.55530802042571,272.4364211400741,3,NEW YORK,10,SELL,V50 realtime loss proxy | variant=proxy_hardened_no_worst_hours | Side=SELL | score=96.0 | opposite_score=4.0 | session=LONDON | RR=2.00,True
proxy_hardened_no_worst_hours,30,815,844,2026-02-13 19:45:00,2026-04-15 14:30:00,30,12,18,40.0,1.1009125237386155,89.33742397910584,272.4364211400741,3,NEW YORK,10,SELL,V50 realtime loss proxy | variant=proxy_hardened_no_worst_hours | Side=SELL | score=96.0 | opposite_score=4.0 | session=LONDON | RR=2.00,False
proxy_hardened_no_worst_hours,30,816,845,2026-02-17 13:15:00,2026-04-17 18:45:00,30,12,18,40.0,1.1149432114859126,100.4781775989789,272.4364211400741,3,NEW YORK,10,SELL,V50 realtime loss proxy | variant=proxy_hardened_no_worst_hours | Side=SELL | score=96.0 | opposite_score=4.0 | session=LONDON | RR=2.00,False
proxy_hardened_no_worst_hours,30,817,846,2026-02-18 19:00:00,2026-04-20 13:00:00,30,11,19,36.666666666666664,1.002359624290947,2.129931874930943,272.4364211400741,3,NEW YORK,10,SELL,V50 realtime loss proxy | variant=proxy_hardened_no_worst_hours | Side=SELL | score=96.0 | opposite_score=4.0 | session=LONDON | RR=2.00,True
proxy_hardened_no_worst_hours,30,818,847,2026-02-19 13:45:00,2026-04-21 10:15:00,30,11,19,36.666666666666664,1.0082997645714171,7.447706043335806,272.4364211400741,4,NEW YORK,10,SELL,V50 realtime loss proxy | variant=proxy_hardened_no_worst_hours | Side=SELL | score=96.0 | opposite_score=4.0 | session=LONDON | RR=2.00,True
proxy_hardened_no_worst_hours,30,819,848,2026-02-19 14:45:00,2026-04-21 14:00:00,30,12,18,40.0,1.1205513515711716,104.63118119492657,272.4364211400741,4,NEW YORK,10,SELL,V50 realtime loss proxy | variant=proxy_hardened_no_worst_hours | Side=SELL | score=96.0 | opposite_score=4.0 | session=LONDON | RR=2.00,False
proxy_hardened_no_worst_hours,30,820,849,2026-02-20 13:30:00,2026-04-22 10:00:00,30,12,18,40.0,1.1457901340648922,123.74961742630268,272.4364211400741,4,NEW YORK,10,SELL,V50 realtime loss proxy | variant=proxy_hardened_no_worst_hours | Side=SELL | score=96.0 | opposite_score=4.0 | session=LONDON | RR=2.00,False
proxy_hardened_no_worst_hours,30,821,850,2026-02-20 15:30:00,2026-04-22 13:15:00,30,12,18,40.0,1.133524875675895,113.33861778624788,272.4364211400741,4,NEW YORK,10,SELL,V50 realtime loss proxy | variant=proxy_hardened_no_worst_hours | Side=SELL | score=96.0 | opposite_score=4.0 | session=LONDON | RR=2.00,False
proxy_hardened_no_worst_hours,30,822,851,2026-02-27 18:00:00,2026-04-23 10:45:00,30,11,19,36.666666666666664,0.9792232680480087,-18.206546714100742,272.4364211400741,4,NEW YORK,10,SELL,V50 realtime loss proxy | variant=proxy_hardened_no_worst_hours | Side=SELL | score=96.0 | opposite_score=4.0 | session=LONDON | RR=2.00,True
proxy_hardened_no_worst_hours,30,823,852,2026-03-02 13:15:00,2026-04-24 18:00:00,30,10,20,33.33333333333333,0.8640920930034576,-122.86597218644664,272.4364211400741,4,NEW YORK,10,SELL,V50 realtime loss proxy | variant=proxy_hardened_no_worst_hours | Side=SELL | score=96.0 | opposite_score=4.0 | session=LONDON | RR=2.00,True
proxy_hardened_no_worst_hours,30,824,853,2026-03-06 13:15:00,2026-04-27 14:30:00,30,11,19,36.666666666666664,0.9672435851213957,-28.09698441474454,272.4364211400741,4,NEW YORK,10,SELL,V50 realtime loss proxy | variant=proxy_hardened_no_worst_hours | Side=SELL | score=96.0 | opposite_score=4.0 | session=LONDON | RR=2.00,True
proxy_hardened_no_worst_hours,30,825,854,2026-03-10 14:00:00,2026-04-29 10:15:00,30,12,18,40.0,1.0813693478347455,66.43897674113697,272.4364211400741,4,NEW YORK,10,SELL,V50 realtime loss proxy | variant=proxy_hardened_no_worst_hours | Side=BUY | score=72.0 | opposite_score=30.0 | session=NEW YORK | RR=2.00,True
proxy_hardened_no_worst_hours,30,826,855,2026-03-12 10:15:00,2026-04-29 15:15:00,30,11,19,36.666666666666664,0.9413360859359977,-49.889589205352145,272.4364211400741,4,NEW YORK,10,SELL,V50 realtime loss proxy | variant=proxy_hardened_no_worst_hours | Side=SELL | score=96.0 | opposite_score=4.0 | session=LONDON | RR=2.00,True
proxy_hardened_no_worst_hours,30,827,856,2026-03-13 10:15:00,2026-05-01 19:00:00,30,11,19,36.666666666666664,0.9341682868445288,-56.414875879771614,272.4364211400741,4,NEW YORK,18,SELL,V50 realtime loss proxy | variant=proxy_hardened_no_worst_hours | Side=BUY | score=72.0 | opposite_score=30.0 | session=NEW YORK | RR=2.00,True
proxy_hardened_no_worst_hours,30,828,857,2026-03-13 14:00:00,2026-05-03 22:30:00,30,11,19,36.666666666666664,0.9362752424452193,-54.48641726045635,272.4364211400741,4,NEW YORK,18,BUY,V50 realtime loss proxy | variant=proxy_hardened_no_worst_hours | Side=BUY | score=72.0 | opposite_score=30.0 | session=NEW YORK | RR=2.00,True
proxy_hardened_no_worst_hours,30,829,858,2026-03-16 15:00:00,2026-05-04 13:00:00,30,11,19,36.666666666666664,0.9354125119725113,-55.22407550072302,272.4364211400741,4,NEW YORK,18,BUY,V50 realtime loss proxy | variant=proxy_hardened_no_worst_hours | Side=BUY | score=72.0 | opposite_score=30.0 | session=NEW YORK | RR=2.00,True
proxy_hardened_no_worst_hours,30,830,859,2026-03-18 10:00:00,2026-05-06 19:00:00,30,12,18,40.0,1.0420728062031492,34.34077484060008,272.4364211400741,4,NEW YORK,18,BUY,V50 realtime loss proxy | variant=proxy_hardened_no_worst_hours | Side=BUY | score=72.0 | opposite_score=30.0 | session=NEW YORK | RR=2.00,True
proxy_hardened_no_worst_hours,30,831,860,2026-03-19 15:15:00,2026-05-07 10:15:00,30,12,18,40.0,1.05401507162205,44.08832164926691,272.4364211400741,4,NEW YORK,18,SELL,V50 realtime loss proxy | variant=proxy_hardened_no_worst_hours | Side=BUY | score=72.0 | opposite_score=30.0 | session=NEW YORK | RR=2.00,True
proxy_hardened_no_worst_hours,50,1,50,2022-02-16 13:30:00,2022-05-13 15:15:00,50,29,21,57.99999999999999,2.4125107255921336,174.49862193332115,39.14676860832286,4,NEW YORK,14,BUY,V50 realtime loss proxy | variant=proxy_hardened_no_worst_hours | Side=SELL | score=89.0 | opposite_score=30.0 | session=LONDON | RR=2.00,False
proxy_hardened_no_worst_hours,50,2,51,2022-02-16 19:30:00,2022-05-18 13:45:00,50,28,22,56.00000000000001,2.2720722320108027,163.3516385390542,39.146768608322866,4,NEW YORK,14,BUY,V50 realtime loss proxy | variant=proxy_hardened_no_worst_hours | Side=SELL | score=89.0 | opposite_score=30.0 | session=LONDON | RR=2.00,False
proxy_hardened_no_worst_hours,50,3,52,2022-02-18 14:30:00,2022-05-19 19:00:00,50,27,23,54.0,2.1361663318222326,150.5518237672809,39.146768608322866,4,NEW YORK,14,BUY,V50 realtime loss proxy | variant=proxy_hardened_no_worst_hours | Side=SELL | score=89.0 | opposite_score=30.0 | session=LONDON | RR=2.00,False
proxy_hardened_no_worst_hours,50,4,53,2022-02-18 18:00:00,2022-05-24 10:45:00,50,27,23,54.0,2.153782566927544,151.63563923706397,39.146768608322866,4,NEW YORK,14,BUY,V50 realtime loss proxy | variant=proxy_hardened_no_worst_hours | Side=SELL | score=89.0 | opposite_score=30.0 | session=LONDON | RR=2.00,False
proxy_hardened_no_worst_hours,50,5,54,2022-02-21 13:00:00,2022-05-24 13:30:00,50,27,23,54.0,2.1502914675019817,151.17682220497363,39.146768608322866,4,NEW YORK,18,BUY,V50 realtime loss proxy | variant=proxy_hardened_no_worst_hours | Side=BUY | score=100.0 | opposite_score=8.0 | session=NEW YORK | RR=2.00,False
proxy_hardened_no_worst_hours,50,6,55,2022-02-23 19:30:00,2022-05-26 15:00:00,50,27,23,54.0,2.127626455114039,149.7767904291884,39.146768608322866,4,NEW YORK,18,BUY,V50 realtime loss proxy | variant=proxy_hardened_no_worst_hours | Side=BUY | score=100.0 | opposite_score=8.0 | session=NEW YORK | RR=2.00,False
proxy_hardened_no_worst_hours,50,7,56,2022-02-28 14:45:00,2022-05-27 10:45:00,50,26,24,52.0,2.035117053169421,140.47377082870753,39.146768608322866,4,NEW YORK,18,BUY,V50 realtime loss proxy | variant=proxy_hardened_no_worst_hours | Side=BUY | score=100.0 | opposite_score=8.0 | session=NEW YORK | RR=2.00,False
proxy_hardened_no_worst_hours,50,8,57,2022-02-28 21:15:00,2022-05-31 14:45:00,50,27,23,54.0,2.2182928695053463,157.15736403832463,39.146768608322866,4,NEW YORK,18,BUY,V50 realtime loss proxy | variant=proxy_hardened_no_worst_hours | Side=BUY | score=100.0 | opposite_score=8.0 | session=NEW YORK | RR=2.00,False
proxy_hardened_no_worst_hours,50,9,58,2022-03-01 15:00:00,2022-06-01 22:30:00,50,27,23,54.0,2.2612217308664926,159.60636667399942,39.146768608322866,4,NEW YORK,18,BUY,V50 realtime loss proxy | variant=proxy_hardened_no_worst_hours | Side=BUY | score=100.0 | opposite_score=8.0 | session=NEW YORK | RR=2.00,False
proxy_hardened_no_worst_hours,50,10,59,2022-03-03 10:30:00,2022-06-02 22:00:00,50,27,23,54.0,2.197269633702155,151.51329182460722,39.146768608322866,4,NEW YORK,18,BUY,V50 realtime loss proxy | variant=proxy_hardened_no_worst_hours | Side=BUY | score=100.0 | opposite_score=8.0 | session=NEW YORK | RR=2.00,False
proxy_hardened_no_worst_hours,50,11,60,2022-03-03 21:45:00,2022-06-07 13:00:00,50,27,23,54.0,2.2267048135030842,153.18616420658623,39.146768608322866,4,NEW YORK,18,BUY,V50 realtime loss proxy | variant=proxy_hardened_no_worst_hours | Side=BUY | score=100.0 | opposite_score=8.0 | session=NEW YORK | RR=2.00,False
proxy_hardened_no_worst_hours,50,12,61,2022-03-04 10:00:00,2022-06-07 14:30:00,50,26,24,52.0,2.0872125464064553,140.80444491187788,39.146768608322866,4,NEW YORK,18,BUY,V50 realtime loss proxy | variant=proxy_hardened_no_worst_hours | Side=BUY | score=100.0 | opposite_score=8.0 | session=NEW YORK | RR=2.00,False
proxy_hardened_no_worst_hours,50,13,62,2022-03-04 15:00:00,2022-06-09 15:30:00,50,25,25,50.0,1.9529598053698312,127.4048827313345,39.146768608322866,4,NEW YORK,18,BUY,V50 realtime loss proxy | variant=proxy_hardened_no_worst_hours | Side=BUY | score=100.0 | opposite_score=8.0 | session=NEW YORK | RR=2.00,False
proxy_hardened_no_worst_hours,50,14,63,2022-03-08 10:30:00,2022-06-10 10:15:00,50,25,25,50.0,1.8809450259067393,117.77694828885569,39.146768608322866,4,NEW YORK,18,BUY,V50 realtime loss proxy | variant=proxy_hardened_no_worst_hours | Side=BUY | score=100.0 | opposite_score=8.0 | session=NEW YORK | RR=2.00,False
proxy_hardened_no_worst_hours,50,15,64,2022-03-08 18:15:00,2022-06-10 14:00:00,50,24,26,48.0,1.6828138242941195,95.89159278625883,39.146768608322866,4,NEW YORK,18,BUY,V50 realtime loss proxy | variant=proxy_hardened_no_worst_hours | Side=BUY | score=100.0 | opposite_score=8.0 | session=NEW YORK | RR=2.00,False
proxy_hardened_no_worst_hours,50,16,65,2022-03-10 14:15:00,2022-06-15 19:30:00,50,24,26,48.0,1.8006524100293313,105.08202343322068,23.984699108911343,4,NEW YORK,14,BUY,V50 realtime loss proxy | variant=proxy_hardened_no_worst_hours | Side=SELL | score=89.0 | opposite_score=30.0 | session=LONDON | RR=2.00,False
proxy_hardened_no_worst_hours,50,17,66,2022-03-11 14:30:00,2022-06-22 14:45:00,50,24,26,48.0,1.8556789477124742,108.9738525086116,29.819480487294285,4,NEW YORK,19,BUY,V50 realtime loss proxy | variant=proxy_hardened_no_worst_hours | Side=SELL | score=89.0 | opposite_score=30.0 | session=LONDON | RR=2.00,False
proxy_hardened_no_worst_hours,50,18,67,2022-03-14 13:00:00,2022-06-24 13:45:00,50,24,26,48.0,1.9454174884085313,114.84844363101048,34.89088139527648,4,NEW YORK,19,BUY,V50 realtime loss proxy | variant=proxy_hardened_no_worst_hours | Side=BUY | score=72.0 | opposite_score=19.0 | session=LONDON | RR=2.00,False
proxy_hardened_no_worst_hours,50,19,68,2022-03-15 10:00:00,2022-06-27 10:00:00,50,23,27,46.0,1.7819055470931238,97.59300285870748,38.22611658483106,5,NEW YORK,19,BUY,V50 realtime loss proxy | variant=proxy_hardened_no_worst_hours | Side=BUY | score=72.0 | opposite_score=19.0 | session=LONDON | RR=2.00,False
proxy_hardened_no_worst_hours,50,20,69,2022-03-15 13:30:00,2022-06-28 13:00:00,50,23,27,46.0,1.7374125792496293,92.03964369136885,38.226116584830976,5,NEW YORK,19,BUY,V50 realtime loss proxy | variant=proxy_hardened_no_worst_hours | Side=BUY | score=72.0 | opposite_score=19.0 | session=LONDON | RR=2.00,False
proxy_hardened_no_worst_hours,50,21,70,2022-03-18 10:00:00,2022-06-29 10:00:00,50,22,28,44.0,1.5739731623718354,73.34735785275213,38.226116584830976,5,NEW YORK,19,BUY,V50 realtime loss proxy | variant=proxy_hardened_no_worst_hours | Side=BUY | score=72.0 | opposite_score=19.0 | session=LONDON | RR=2.00,False
proxy_hardened_no_worst_hours,50,22,71,2022-03-18 13:00:00,2022-06-29 14:00:00,50,23,27,46.0,1.7101118622984015,87.86514250724487,38.226116584830976,5,NEW YORK,19,BUY,V50 realtime loss proxy | variant=proxy_hardened_no_worst_hours | Side=BUY | score=72.0 | opposite_score=19.0 | session=LONDON | RR=2.00,False
proxy_hardened_no_worst_hours,50,23,72,2022-03-21 19:00:00,2022-06-30 14:30:00,50,23,27,46.0,1.728355411522663,90.12249397189909,38.226116584830976,5,NEW YORK,19,BUY,V50 realtime loss proxy | variant=proxy_hardened_no_worst_hours | Side=BUY | score=72.0 | opposite_score=19.0 | session=LONDON | RR=2.00,False
proxy_hardened_no_worst_hours,50,24,73,2022-03-22 10:00:00,2022-07-06 13:45:00,50,24,26,48.0,1.891292106477928,105.89606551841236,38.226116584830976,5,NEW YORK,19,BUY,V50 realtime loss proxy | variant=proxy_hardened_no_worst_hours | Side=BUY | score=72.0 | opposite_score=19.0 | session=LONDON | RR=2.00,False
proxy_hardened_no_worst_hours,50,25,74,2022-03-23 14:15:00,2022-07-11 10:30:00,50,23,27,46.0,1.7874982185940262,95.67617647470024,38.226116584830976,5,NEW YORK,19,BUY,V50 realtime loss proxy | variant=proxy_hardened_no_worst_hours | Side=BUY | score=72.0 | opposite_score=19.0 | session=LONDON | RR=2.00,False
proxy_hardened_no_worst_hours,50,26,75,2022-03-24 10:00:00,2022-07-12 14:00:00,50,24,26,48.0,1.9334146982698361,109.01817498510536,38.226116584830976,5,NEW YORK,19,BUY,V50 realtime loss proxy | variant=proxy_hardened_no_worst_hours | Side=BUY | score=78.0 | opposite_score=30.0 | session=LONDON | RR=2.00,False
proxy_hardened_no_worst_hours,50,27,76,2022-03-24 13:45:00,2022-07-13 13:00:00,50,23,27,46.0,1.7778379626409015,95.98628944255371,38.226116584830976,5,NEW YORK,19,BUY,V50 realtime loss proxy | variant=proxy_hardened_no_worst_hours | Side=BUY | score=78.0 | opposite_score=30.0 | session=LONDON | RR=2.00,False
proxy_hardened_no_worst_hours,50,28,77,2022-03-30 18:30:00,2022-07-13 14:00:00,50,22,28,44.0,1.579719415589269,75.96138592106787,38.226116584830976,5,NEW YORK,19,BUY,V50 realtime loss proxy | variant=proxy_hardened_no_worst_hours | Side=BUY | score=78.0 | opposite_score=30.0 | session=LONDON | RR=2.00,False
proxy_hardened_no_worst_hours,50,29,78,2022-03-31 10:00:00,2022-07-14 14:30:00,50,22,28,44.0,1.546351850613536,73.13396003010531,38.226116584830976,5,NEW YORK,19,BUY,V50 realtime loss proxy | variant=proxy_hardened_no_worst_hours | Side=SELL | score=100.0 | opposite_score=8.0 | session=LONDON | RR=2.00,False
proxy_hardened_no_worst_hours,50,30,79,2022-04-06 14:00:00,2022-07-15 10:30:00,50,22,28,44.0,1.556132632269662,73.97530407581735,38.226116584830976,5,NEW YORK,19,BUY,V50 realtime loss proxy | variant=proxy_hardened_no_worst_hours | Side=SELL | score=100.0 | opposite_score=8.0 | session=LONDON | RR=2.00,False
proxy_hardened_no_worst_hours,50,31,80,2022-04-07 18:15:00,2022-07-20 10:45:00,50,22,28,44.0,1.5886069083894367,76.69444309664006,38.226116584830976,5,NEW YORK,19,BUY,V50 realtime loss proxy | variant=proxy_hardened_no_worst_hours | Side=SELL | score=100.0 | opposite_score=8.0 | session=LONDON | RR=2.00,False
proxy_hardened_no_worst_hours,50,32,81,2022-04-08 15:45:00,2022-07-20 15:15:00,50,23,27,46.0,1.6905641654187404,87.40462944496201,38.226116584830976,5,NEW YORK,19,BUY,V50 realtime loss proxy | variant=proxy_hardened_no_worst_hours | Side=SELL | score=100.0 | opposite_score=8.0 | session=LONDON | RR=2.00,False
proxy_hardened_no_worst_hours,50,33,82,2022-04-11 19:15:00,2022-07-22 13:30:00,50,23,27,46.0,1.678262858413882,85.84765438849287,38.226116584830976,5,NEW YORK,19,BUY,V50 realtime loss proxy | variant=proxy_hardened_no_worst_hours | Side=SELL | score=100.0 | opposite_score=8.0 | session=LONDON | RR=2.00,False
proxy_hardened_no_worst_hours,50,34,83,2022-04-12 13:45:00,2022-07-25 10:15:00,50,22,28,44.0,1.5648082055057873,73.50706148046814,38.226116584830976,5,NEW YORK,19,BUY,V50 realtime loss proxy | variant=proxy_hardened_no_worst_hours | Side=SELL | score=100.0 | opposite_score=8.0 | session=LONDON | RR=2.00,False
proxy_hardened_no_worst_hours,50,35,84,2022-04-12 19:00:00,2022-07-27 18:30:00,50,22,28,44.0,1.5426780725694202,70.62693150631573,38.226116584830976,5,NEW YORK,19,BUY,V50 realtime loss proxy | variant=proxy_hardened_no_worst_hours | Side=SELL | score=100.0 | opposite_score=8.0 | session=LONDON | RR=2.00,False
proxy_hardened_no_worst_hours,50,36,85,2022-04-13 13:15:00,2022-07-28 13:00:00,50,23,27,46.0,1.6897268744559344,86.1032394232939,38.226116584830976,5,NEW YORK,19,BUY,V50 realtime loss proxy | variant=proxy_hardened_no_worst_hours | Side=SELL | score=100.0 | opposite_score=8.0 | session=LONDON | RR=2.00,False
proxy_hardened_no_worst_hours,50,37,86,2022-04-18 13:45:00,2022-07-28 18:15:00,50,24,26,48.0,1.8306331489608718,99.49459415721095,38.226116584830976,5,NEW YORK,19,BUY,V50 realtime loss proxy | variant=proxy_hardened_no_worst_hours | Side=SELL | score=100.0 | opposite_score=8.0 | session=LONDON | RR=2.00,False
proxy_hardened_no_worst_hours,50,38,87,2022-04-21 14:00:00,2022-07-29 18:45:00,50,24,26,48.0,1.8358023135430424,99.8318695626538,38.226116584830976,5,NEW YORK,19,BUY,V50 realtime loss proxy | variant=proxy_hardened_no_worst_hours | Side=SELL | score=100.0 | opposite_score=8.0 | session=LONDON | RR=2.00,False
proxy_hardened_no_worst_hours,50,39,88,2022-04-22 14:30:00,2022-08-01 13:00:00,50,24,26,48.0,1.851896948063424,100.86994744628602,38.226116584830976,5,NEW YORK,19,BUY,V50 realtime loss proxy | variant=proxy_hardened_no_worst_hours | Side=SELL | score=100.0 | opposite_score=8.0 | session=LONDON | RR=2.00,False
proxy_hardened_no_worst_hours,50,40,89,2022-04-25 10:00:00,2022-08-04 13:45:00,50,24,26,48.0,1.8198230021328674,97.07219086579245,38.226116584830976,5,NEW YORK,19,BUY,V50 realtime loss proxy | variant=proxy_hardened_no_worst_hours | Side=SELL | score=100.0 | opposite_score=8.0 | session=LONDON | RR=2.00,False
proxy_hardened_no_worst_hours,50,41,90,2022-04-27 10:00:00,2022-08-08 18:00:00,50,23,27,46.0,1.7033885028643776,85.30410191712144,38.226116584830976,5,NEW YORK,19,BUY,V50 realtime loss proxy | variant=proxy_hardened_no_worst_hours | Side=SELL | score=100.0 | opposite_score=8.0 | session=LONDON | RR=2.00,False
proxy_hardened_no_worst_hours,50,42,91,2022-04-27 13:00:00,2022-08-09 10:45:00,50,24,26,48.0,1.8338316023098877,96.94682525831334,38.226116584830976,5,NEW YORK,19,BUY,V50 realtime loss proxy | variant=proxy_hardened_no_worst_hours | Side=SELL | score=100.0 | opposite_score=8.0 | session=LONDON | RR=2.00,False
proxy_hardened_no_worst_hours,50,43,92,2022-04-28 22:15:00,2022-08-09 14:30:00,50,23,27,46.0,1.6777552849265716,81.618207297641,38.226116584830976,5,NEW YORK,19,BUY,V50 realtime loss proxy | variant=proxy_hardened_no_worst_hours | Side=SELL | score=100.0 | opposite_score=8.0 | session=LONDON | RR=2.00,False
proxy_hardened_no_worst_hours,50,44,93,2022-05-03 10:30:00,2022-08-10 13:00:00,50,22,28,44.0,1.5520371111495377,69.51569030285646,38.226116584830976,5,NEW YORK,19,BUY,V50 realtime loss proxy | variant=proxy_hardened_no_worst_hours | Side=SELL | score=100.0 | opposite_score=8.0 | session=LONDON | RR=2.00,False
proxy_hardened_no_worst_hours,50,45,94,2022-05-05 10:15:00,2022-08-11 13:30:00,50,22,28,44.0,1.5555107493540465,69.79689730546124,38.226116584830976,5,NEW YORK,19,BUY,V50 realtime loss proxy | variant=proxy_hardened_no_worst_hours | Side=SELL | score=100.0 | opposite_score=8.0 | session=LONDON | RR=2.00,False
proxy_hardened_no_worst_hours,50,46,95,2022-05-09 13:30:00,2022-08-12 14:15:00,50,22,28,44.0,1.56292933459738,70.729002099082,38.226116584830976,5,NEW YORK,19,BUY,V50 realtime loss proxy | variant=proxy_hardened_no_worst_hours | Side=SELL | score=100.0 | opposite_score=8.0 | session=LONDON | RR=2.00,False
proxy_hardened_no_worst_hours,50,47,96,2022-05-10 14:15:00,2022-08-15 13:30:00,50,21,29,42.0,1.4139023844049854,54.28921918599441,38.22611658483098,5,NEW YORK,19,BUY,V50 realtime loss proxy | variant=proxy_hardened_no_worst_hours | Side=SELL | score=100.0 | opposite_score=8.0 | session=LONDON | RR=2.00,False
proxy_hardened_no_worst_hours,50,48,97,2022-05-12 10:00:00,2022-08-16 13:00:00,50,20,30,40.0,1.3062229469809172,41.35360248455846,38.22611658483098,5,NEW YORK,19,BUY,V50 realtime loss proxy | variant=proxy_hardened_no_worst_hours | Side=SELL | score=100.0 | opposite_score=8.0 | session=LONDON | RR=2.00,False
proxy_hardened_no_worst_hours,50,49,98,2022-05-12 13:00:00,2022-08-17 13:00:00,50,20,30,40.0,1.2969610087815902,40.10283236981787,38.226116584831004,5,NEW YORK,19,BUY,V50 realtime loss proxy | variant=proxy_hardened_no_worst_hours | Side=SELL | score=100.0 | opposite_score=8.0 | session=LONDON | RR=2.00,False
proxy_hardened_no_worst_hours,50,50,99,2022-05-13 15:15:00,2022-08-19 15:30:00,50,20,30,40.0,1.2726053950123846,36.81375041169168,38.226116584831004,5,NEW YORK,19,BUY,V50 realtime loss proxy | variant=proxy_hardened_no_worst_hours | Side=SELL | score=100.0 | opposite_score=8.0 | session=LONDON | RR=2.00,False
proxy_hardened_no_worst_hours,50,51,100,2022-05-18 13:45:00,2022-08-22 13:45:00,50,19,31,38.0,1.141316379389332,19.694402785506334,38.226116584831004,5,NEW YORK,19,BUY,V50 realtime loss proxy | variant=proxy_hardened_no_worst_hours | Side=SELL | score=100.0 | opposite_score=8.0 | session=LONDON | RR=2.00,False
proxy_hardened_no_worst_hours,50,52,101,2022-05-19 19:00:00,2022-08-23 10:00:00,50,19,31,38.0,1.154474517156616,21.282804663331493,37.6690912503063,5,NEW YORK,10,BUY,V50 realtime loss proxy | variant=proxy_hardened_no_worst_hours | Side=SELL | score=100.0 | opposite_score=8.0 | session=LONDON | RR=2.00,False
proxy_hardened_no_worst_hours,50,53,102,2022-05-24 10:45:00,2022-08-23 18:00:00,50,19,31,38.0,1.1585115437433327,21.762906377516167,37.6690912503063,5,NEW YORK,10,BUY,V50 realtime loss proxy | variant=proxy_hardened_no_worst_hours | Side=BUY | score=72.0 | opposite_score=30.0 | session=NEW YORK | RR=2.00,False
proxy_hardened_no_worst_hours,50,54,103,2022-05-24 13:30:00,2022-08-24 13:00:00,50,19,31,38.0,1.1539870513036992,21.22460569641453,37.66909125030631,5,NEW YORK,10,SELL,V50 realtime loss proxy | variant=proxy_hardened_no_worst_hours | Side=BUY | score=72.0 | opposite_score=30.0 | session=NEW YORK | RR=2.00,False
proxy_hardened_no_worst_hours,50,55,104,2022-05-26 15:00:00,2022-08-24 22:00:00,50,19,31,38.0,1.1346101591585087,18.553816874096587,37.66909125030631,5,NEW YORK,10,SELL,V50 realtime loss proxy | variant=proxy_hardened_no_worst_hours | Side=SELL | score=100.0 | opposite_score=8.0 | session=LONDON | RR=2.00,False
proxy_hardened_no_worst_hours,50,56,105,2022-05-27 10:45:00,2022-08-26 14:15:00,50,20,30,40.0,1.2632049636316305,34.981462461472354,37.66909125030631,5,NEW YORK,10,BUY,V50 realtime loss proxy | variant=proxy_hardened_no_worst_hours | Side=SELL | score=100.0 | opposite_score=8.0 | session=LONDON | RR=2.00,False
proxy_hardened_no_worst_hours,50,57,106,2022-05-31 14:45:00,2022-08-30 13:45:00,50,21,29,42.0,1.3450233369084508,44.8608009023701,37.6690912503063,5,NEW YORK,10,BUY,V50 realtime loss proxy | variant=proxy_hardened_no_worst_hours | Side=SELL | score=100.0 | opposite_score=8.0 | session=LONDON | RR=2.00,False
proxy_hardened_no_worst_hours,50,58,107,2022-06-01 22:30:00,2022-09-01 13:45:00,50,21,29,42.0,1.3408352212402426,44.316251583384656,37.66909125030631,5,NEW YORK,10,BUY,V50 realtime loss proxy | variant=proxy_hardened_no_worst_hours | Side=SELL | score=100.0 | opposite_score=8.0 | session=LONDON | RR=2.00,False
proxy_hardened_no_worst_hours,50,59,108,2022-06-02 22:00:00,2022-09-01 15:00:00,50,21,29,42.0,1.30677912973513,40.92772290274661,37.66909125030631,5,NEW YORK,10,BUY,V50 realtime loss proxy | variant=proxy_hardened_no_worst_hours | Side=SELL | score=100.0 | opposite_score=8.0 | session=LONDON | RR=2.00,False
proxy_hardened_no_worst_hours,50,60,109,2022-06-07 13:00:00,2022-09-06 13:45:00,50,21,29,42.0,1.328389144339196,43.81073743637262,37.6690912503063,5,NEW YORK,10,BUY,V50 realtime loss proxy | variant=proxy_hardened_no_worst_hours | Side=SELL | score=100.0 | opposite_score=8.0 | session=LONDON | RR=2.00,False
proxy_hardened_no_worst_hours,50,61,110,2022-06-07 14:30:00,2022-09-12 14:30:00,50,21,29,42.0,1.3150709578391095,42.459636867992,34.45584062735191,5,NEW YORK,10,BUY,V50 realtime loss proxy | variant=proxy_hardened_no_worst_hours | Side=SELL | score=100.0 | opposite_score=8.0 | session=LONDON | RR=2.00,False
proxy_hardened_no_worst_hours,50,62,111,2022-06-09 15:30:00,2022-09-13 10:15:00,50,22,28,44.0,1.4015390548055915,52.25175462446987,30.26721222560845,5,NEW YORK,19,BUY,V50 realtime loss proxy | variant=proxy_hardened_no_worst_hours | Side=SELL | score=100.0 | opposite_score=8.0 | session=LONDON | RR=2.00,False
proxy_hardened_no_worst_hours,50,63,112,2022-06-10 10:15:00,2022-09-14 14:15:00,50,22,28,44.0,1.406542162054221,52.71462580786147,30.267212225608453,5,NEW YORK,19,BUY,V50 realtime loss proxy | variant=proxy_hardened_no_worst_hours | Side=SELL | score=100.0 | opposite_score=8.0 | session=LONDON | RR=2.00,False
proxy_hardened_no_worst_hours,50,64,113,2022-06-10 14:00:00,2022-09-15 10:30:00,50,21,29,42.0,1.3397803430407609,45.079342078368654,30.267212225608446,5,NEW YORK,10,BUY,V50 realtime loss proxy | variant=proxy_hardened_no_worst_hours | Side=SELL | score=100.0 | opposite_score=8.0 | session=LONDON | RR=2.00,False
proxy_hardened_no_worst_hours,50,65,114,2022-06-15 19:30:00,2022-09-15 13:00:00,50,21,29,42.0,1.3670801597714837,47.728727056600974,27.38422685842047,5,NEW YORK,10,BUY,V50 realtime loss proxy | variant=proxy_hardened_no_worst_hours | Side=BUY | score=90.0 | opposite_score=4.0 | session=LONDON | RR=2.00,False
proxy_hardened_no_worst_hours,50,66,115,2022-06-22 14:45:00,2022-09-16 13:15:00,50,21,29,42.0,1.4212374072467238,52.68333042233645,27.38422685842047,5,NEW YORK,10,BUY,V50 realtime loss proxy | variant=proxy_hardened_no_worst_hours | Side=BUY | score=90.0 | opposite_score=4.0 | session=LONDON | RR=2.00,False
proxy_hardened_no_worst_hours,50,67,116,2022-06-24 13:45:00,2022-09-19 10:15:00,50,21,29,42.0,1.4492935324955247,55.10445774044843,27.38422685842047,5,NEW YORK,10,SELL,V50 realtime loss proxy | variant=proxy_hardened_no_worst_hours | Side=BUY | score=90.0 | opposite_score=4.0 | session=LONDON | RR=2.00,False
proxy_hardened_no_worst_hours,50,68,117,2022-06-27 10:00:00,2022-09-20 10:15:00,50,22,28,44.0,1.5620299459040317,66.08094988049267,27.384226858420465,5,NEW YORK,10,BUY,V50 realtime loss proxy | variant=proxy_hardened_no_worst_hours | Side=BUY | score=90.0 | opposite_score=4.0 | session=LONDON | RR=2.00,False
proxy_hardened_no_worst_hours,50,69,118,2022-06-28 13:00:00,2022-09-20 13:45:00,50,22,28,44.0,1.554881050106279,65.54037156933215,27.384226858420462,5,NEW YORK,10,SELL,V50 realtime loss proxy | variant=proxy_hardened_no_worst_hours | Side=BUY | score=90.0 | opposite_score=4.0 | session=LONDON | RR=2.00,False
proxy_hardened_no_worst_hours,50,70,119,2022-06-29 10:00:00,2022-09-22 14:00:00,50,21,29,42.0,1.4168241135305506,52.05614329066317,27.38422685842047,5,NEW YORK,10,SELL,V50 realtime loss proxy | variant=proxy_hardened_no_worst_hours | Side=BUY | score=90.0 | opposite_score=4.0 | session=LONDON | RR=2.00,False
proxy_hardened_no_worst_hours,50,71,120,2022-06-29 14:00:00,2022-09-23 13:15:00,50,22,28,44.0,1.5559109832397533,67.77279573380203,27.384226858420465,5,NEW YORK,10,BUY,V50 realtime loss proxy | variant=proxy_hardened_no_worst_hours | Side=BUY | score=90.0 | opposite_score=4.0 | session=LONDON | RR=2.00,False
proxy_hardened_no_worst_hours,50,72,121,2022-06-30 14:30:00,2022-09-26 10:00:00,50,21,29,42.0,1.4093696049160294,52.05753296125273,27.38422685842047,5,NEW YORK,10,SELL,V50 realtime loss proxy | variant=proxy_hardened_no_worst_hours | Side=BUY | score=90.0 | opposite_score=4.0 | session=LONDON | RR=2.00,False
proxy_hardened_no_worst_hours,50,73,122,2022-07-06 13:45:00,2022-09-29 14:00:00,50,20,30,40.0,1.2539947498918589,33.74100075297339,27.38422685842047,5,NEW YORK,14,SELL,V50 realtime loss proxy | variant=proxy_hardened_no_worst_hours | Side=BUY | score=72.0 | opposite_score=30.0 | session=LONDON | RR=2.00,False
proxy_hardened_no_worst_hours,50,74,123,2022-07-11 10:30:00,2022-09-29 14:45:00,50,20,30,40.0,1.2654607689558448,35.26416199168512,27.384226858420472,5,NEW YORK,10,SELL,V50 realtime loss proxy | variant=proxy_hardened_no_worst_hours | Side=BUY | score=90.0 | opposite_score=4.0 | session=LONDON | RR=2.00,False
proxy_hardened_no_worst_hours,50,75,124,2022-07-12 14:00:00,2022-09-30 13:30:00,50,20,30,40.0,1.2422294997216365,32.779860389868425,27.38422685842047,5,NEW YORK,10,SELL,V50 realtime loss proxy | variant=proxy_hardened_no_worst_hours | Side=BUY | score=90.0 | opposite_score=4.0 | session=LONDON | RR=2.00,False
proxy_hardened_no_worst_hours,50,76,125,2022-07-13 13:00:00,2022-10-04 13:15:00,50,20,30,40.0,1.2485946535154278,33.64122885638585,27.38422685842047,5,NEW YORK,14,SELL,V50 realtime loss proxy | variant=proxy_hardened_no_worst_hours | Side=BUY | score=90.0 | opposite_score=4.0 | session=LONDON | RR=2.00,False
proxy_hardened_no_worst_hours,50,77,126,2022-07-13 14:00:00,2022-10-05 22:00:00,50,21,29,42.0,1.363454879394075,46.78363730820138,23.305258794165532,5,NEW YORK,14,SELL,V50 realtime loss proxy | variant=proxy_hardened_no_worst_hours | Side=BUY | score=90.0 | opposite_score=4.0 | session=LONDON | RR=2.00,False
proxy_hardened_no_worst_hours,50,78,127,2022-07-14 14:30:00,2022-10-11 10:15:00,50,21,29,42.0,1.4029678799490062,50.40886895660856,23.305258794165525,5,NEW YORK,10,SELL,V50 realtime loss proxy | variant=proxy_hardened_no_worst_hours | Side=BUY | score=90.0 | opposite_score=4.0 | session=LONDON | RR=2.00,False
proxy_hardened_no_worst_hours,50,79,128,2022-07-15 10:30:00,2022-10-12 22:15:00,50,21,29,42.0,1.4477751338390026,54.28040883949507,23.305258794165525,5,NEW YORK,10,SELL,V50 realtime loss proxy | variant=proxy_hardened_no_worst_hours | Side=BUY | score=90.0 | opposite_score=4.0 | session=LONDON | RR=2.00,False
proxy_hardened_no_worst_hours,50,80,129,2022-07-20 10:45:00,2022-10-18 10:00:00,50,21,29,42.0,1.4396880627662898,53.59947331191938,23.305258794165525,5,NEW YORK,10,SELL,V50 realtime loss proxy | variant=proxy_hardened_no_worst_hours | Side=BUY | score=90.0 | opposite_score=4.0 | session=LONDON | RR=2.00,False
proxy_hardened_no_worst_hours,50,81,130,2022-07-20 15:15:00,2022-10-18 14:30:00,50,22,28,44.0,1.539948638393102,64.16924939425621,23.305258794165525,5,NEW YORK,10,SELL,V50 realtime loss proxy | variant=proxy_hardened_no_worst_hours | Side=BUY | score=90.0 | opposite_score=4.0 | session=LONDON | RR=2.00,False
proxy_hardened_no_worst_hours,50,82,131,2022-07-22 13:30:00,2022-10-19 14:00:00,50,22,28,44.0,1.5591945666594895,66.45649800076285,23.305258794165525,5,NEW YORK,10,SELL,V50 realtime loss proxy | variant=proxy_hardened_no_worst_hours | Side=BUY | score=90.0 | opposite_score=4.0 | session=LONDON | RR=2.00,False
proxy_hardened_no_worst_hours,50,83,132,2022-07-25 10:15:00,2022-10-25 18:30:00,50,21,29,42.0,1.4409525475777885,54.046464277013,23.305258794165525,5,NEW YORK,10,SELL,V50 realtime loss proxy | variant=proxy_hardened_no_worst_hours | Side=BUY | score=90.0 | opposite_score=4.0 | session=LONDON | RR=2.00,False
proxy_hardened_no_worst_hours,50,84,133,2022-07-27 18:30:00,2022-10-26 14:15:00,50,21,29,42.0,1.4272118174003992,52.86642405626777,23.305258794165525,5,NEW YORK,10,SELL,V50 realtime loss proxy | variant=proxy_hardened_no_worst_hours | Side=BUY | score=90.0 | opposite_score=4.0 | session=LONDON | RR=2.00,False
proxy_hardened_no_worst_hours,50,85,134,2022-07-28 13:00:00,2022-10-28 13:30:00,50,21,29,42.0,1.43903387905386,54.329375452121674,23.305258794165532,5,NEW YORK,18,BUY,V50 realtime loss proxy | variant=proxy_hardened_no_worst_hours | Side=BUY | score=90.0 | opposite_score=4.0 | session=LONDON | RR=2.00,False
proxy_hardened_no_worst_hours,50,86,135,2022-07-28 18:15:00,2022-10-31 13:45:00,50,20,30,40.0,1.3178177720197366,40.49459229948708,23.305258794165532,5,NEW YORK,18,BUY,V50 realtime loss proxy | variant=proxy_hardened_no_worst_hours | Side=BUY | score=90.0 | opposite_score=4.0 | session=LONDON | RR=2.00,False
proxy_hardened_no_worst_hours,50,87,136,2022-07-29 18:45:00,2022-10-31 15:30:00,50,19,31,38.0,1.218694791861527,28.63534459907556,23.305258794165535,5,NEW YORK,18,BUY,V50 realtime loss proxy | variant=proxy_hardened_no_worst_hours | Side=BUY | score=90.0 | opposite_score=4.0 | session=LONDON | RR=2.00,False
proxy_hardened_no_worst_hours,50,88,137,2022-08-01 13:00:00,2022-11-01 18:15:00,50,20,30,40.0,1.3128055412014281,39.82899383757969,23.305258794165535,5,NEW YORK,10,BUY,V50 realtime loss proxy | variant=proxy_hardened_no_worst_hours | Side=BUY | score=90.0 | opposite_score=4.0 | session=LONDON | RR=2.00,False
proxy_hardened_no_worst_hours,50,89,138,2022-08-04 13:45:00,2022-11-02 13:15:00,50,20,30,40.0,1.3232442639653923,40.8334528992557,23.305258794165532,5,NEW YORK,10,BUY,V50 realtime loss proxy | variant=proxy_hardened_no_worst_hours | Side=BUY | score=90.0 | opposite_score=4.0 | session=LONDON | RR=2.00,False
proxy_hardened_no_worst_hours,50,90,139,2022-08-08 18:00:00,2022-11-03 13:45:00,50,19,31,38.0,1.2026013462495564,26.654751385435716,23.305258794165535,5,NEW YORK,10,BUY,V50 realtime loss proxy | variant=proxy_hardened_no_worst_hours | Side=BUY | score=90.0 | opposite_score=4.0 | session=LONDON | RR=2.00,False
proxy_hardened_no_worst_hours,50,91,140,2022-08-09 10:45:00,2022-11-04 10:00:00,50,20,30,40.0,1.2857866736745454,36.778714877270666,23.305258794165532,5,NEW YORK,15,BUY,V50 realtime loss proxy | variant=proxy_hardened_no_worst_hours | Side=BUY | score=90.0 | opposite_score=4.0 | session=LONDON | RR=2.00,False
proxy_hardened_no_worst_hours,50,92,141,2022-08-09 14:30:00,2022-11-07 13:00:00,50,19,31,38.0,1.2029917230118643,26.8022052443148,23.30525879416554,5,NEW YORK,10,BUY,V50 realtime loss proxy | variant=proxy_hardened_no_worst_hours | Side=BUY | score=90.0 | opposite_score=4.0 | session=LONDON | RR=2.00,False
proxy_hardened_no_worst_hours,50,93,142,2022-08-10 13:00:00,2022-11-09 15:15:00,50,19,31,38.0,1.191784216518208,25.560542734817098,23.305258794165535,5,NEW YORK,15,BUY,V50 realtime loss proxy | variant=proxy_hardened_no_worst_hours | Side=BUY | score=90.0 | opposite_score=4.0 | session=LONDON | RR=2.00,False
proxy_hardened_no_worst_hours,50,94,143,2022-08-11 13:30:00,2022-11-11 13:00:00,50,19,31,38.0,1.1999157786861911,26.463735459805783,23.305258794165535,5,NEW YORK,15,BUY,V50 realtime loss proxy | variant=proxy_hardened_no_worst_hours | Side=BUY | score=96.0 | opposite_score=4.0 | session=LONDON | RR=2.00,False
proxy_hardened_no_worst_hours,50,95,144,2022-08-12 14:15:00,2022-11-11 14:45:00,50,20,30,40.0,1.31491031941736,40.43844672697629,23.305258794165532,5,NEW YORK,15,BUY,V50 realtime loss proxy | variant=proxy_hardened_no_worst_hours | Side=BUY | score=96.0 | opposite_score=4.0 | session=LONDON | RR=2.00,False
proxy_hardened_no_worst_hours,50,96,145,2022-08-15 13:30:00,2022-11-14 14:00:00,50,20,30,40.0,1.309422365319752,39.733724379906796,23.305258794165535,5,NEW YORK,15,BUY,V50 realtime loss proxy | variant=proxy_hardened_no_worst_hours | Side=BUY | score=96.0 | opposite_score=4.0 | session=LONDON | RR=2.00,False
proxy_hardened_no_worst_hours,50,97,146,2022-08-16 13:00:00,2022-11-14 21:00:00,50,20,30,40.0,1.3332268949373682,42.026508216044256,23.305258794165535,5,NEW YORK,15,BUY,V50 realtime loss proxy | variant=proxy_hardened_no_worst_hours | Side=BUY | score=96.0 | opposite_score=4.0 | session=LONDON | RR=2.00,False
proxy_hardened_no_worst_hours,50,98,147,2022-08-17 13:00:00,2022-11-15 10:00:00,50,21,29,42.0,1.4379032606148068,53.52929561640895,23.305258794165532,5,NEW YORK,15,BUY,V50 realtime loss proxy | variant=proxy_hardened_no_worst_hours | Side=BUY | score=89.0 | opposite_score=8.0 | session=LONDON | RR=2.00,False
proxy_hardened_no_worst_hours,50,99,148,2022-08-19 15:30:00,2022-11-15 19:30:00,50,20,30,40.0,1.3057142169615952,39.374721731323014,23.305258794165532,5,NEW YORK,15,BUY,V50 realtime loss proxy | variant=proxy_hardened_no_worst_hours | Side=BUY | score=100.0 | opposite_score=8.0 | session=NEW YORK | RR=2.00,False
proxy_hardened_no_worst_hours,50,100,149,2022-08-22 13:45:00,2022-11-21 10:45:00,50,19,31,38.0,1.217491970005871,28.71682982544462,23.30525879416554,5,NEW YORK,15,SELL,V50 realtime loss proxy | variant=proxy_hardened_no_worst_hours | Side=BUY | score=100.0 | opposite_score=8.0 | session=NEW YORK | RR=2.00,False
proxy_hardened_no_worst_hours,50,101,150,2022-08-23 10:00:00,2022-11-24 10:15:00,50,19,31,38.0,1.2332832374507094,30.40745537419025,23.305258794165535,5,NEW YORK,15,BUY,V50 realtime loss proxy | variant=proxy_hardened_no_worst_hours | Side=BUY | score=100.0 | opposite_score=8.0 | session=NEW YORK | RR=2.00,False
proxy_hardened_no_worst_hours,50,102,151,2022-08-23 18:00:00,2022-11-29 15:30:00,50,19,31,38.0,1.2248084391152105,29.505556703347565,23.305258794165532,5,NEW YORK,15,BUY,V50 realtime loss proxy | variant=proxy_hardened_no_worst_hours | Side=BUY | score=100.0 | opposite_score=8.0 | session=NEW YORK | RR=2.00,False
proxy_hardened_no_worst_hours,50,103,152,2022-08-24 13:00:00,2022-11-30 10:45:00,50,20,30,40.0,1.3006398595727162,38.37152098231127,23.305258794165535,5,NEW YORK,15,BUY,V50 realtime loss proxy | variant=proxy_hardened_no_worst_hours | Side=BUY | score=100.0 | opposite_score=8.0 | session=NEW YORK | RR=2.00,False
proxy_hardened_no_worst_hours,50,104,153,2022-08-24 22:00:00,2022-11-30 14:30:00,50,20,30,40.0,1.2915637842237755,37.474619610515674,23.305258794165532,5,NEW YORK,15,BUY,V50 realtime loss proxy | variant=proxy_hardened_no_worst_hours | Side=BUY | score=100.0 | opposite_score=8.0 | session=NEW YORK | RR=2.00,False
proxy_hardened_no_worst_hours,50,105,154,2022-08-26 14:15:00,2022-12-01 10:00:00,50,20,30,40.0,1.3065815361655806,39.40484747788446,23.305258794165535,5,NEW YORK,15,BUY,V50 realtime loss proxy | variant=proxy_hardened_no_worst_hours | Side=BUY | score=100.0 | opposite_score=8.0 | session=NEW YORK | RR=2.00,False
proxy_hardened_no_worst_hours,50,106,155,2022-08-30 13:45:00,2022-12-02 13:00:00,50,19,31,38.0,1.194245837352527,25.44436080612286,23.30525879416554,5,NEW YORK,15,BUY,V50 realtime loss proxy | variant=proxy_hardened_no_worst_hours | Side=BUY | score=100.0 | opposite_score=8.0 | session=NEW YORK | RR=2.00,False
proxy_hardened_no_worst_hours,50,107,156,2022-09-01 13:45:00,2022-12-02 21:00:00,50,19,31,38.0,1.1895808569417523,24.83329265484076,23.30525879416554,5,NEW YORK,15,SELL,V50 realtime loss proxy | variant=proxy_hardened_no_worst_hours | Side=BUY | score=89.0 | opposite_score=8.0 | session=LONDON | RR=2.00,False
proxy_hardened_no_worst_hours,50,108,157,2022-09-01 15:00:00,2022-12-07 21:30:00,50,18,32,36.0,1.0920741689498152,12.342736202062945,23.30525879416554,5,NEW YORK,15,SELL,V50 realtime loss proxy | variant=proxy_hardened_no_worst_hours | Side=BUY | score=89.0 | opposite_score=8.0 | session=LONDON | RR=2.00,True
proxy_hardened_no_worst_hours,50,109,158,2022-09-06 13:45:00,2022-12-08 13:00:00,50,19,31,38.0,1.1843444816197415,23.617946276343893,23.30525879416554,5,NEW YORK,15,SELL,V50 realtime loss proxy | variant=proxy_hardened_no_worst_hours | Side=BUY | score=89.0 | opposite_score=8.0 | session=LONDON | RR=2.00,False
proxy_hardened_no_worst_hours,50,110,159,2022-09-12 14:30:00,2022-12-08 15:45:00,50,19,31,38.0,1.1951880451401875,25.007207828519306,23.305258794165542,5,NEW YORK,19,SELL,V50 realtime loss proxy | variant=proxy_hardened_no_worst_hours | Side=BUY | score=89.0 | opposite_score=8.0 | session=LONDON | RR=2.00,False
proxy_hardened_no_worst_hours,50,111,160,2022-09-13 10:15:00,2022-12-09 13:45:00,50,19,31,38.0,1.1927921803249675,24.74986651385506,23.30525879416554,5,NEW YORK,19,SELL,V50 realtime loss proxy | variant=proxy_hardened_no_worst_hours | Side=SELL | score=96.0 | opposite_score=4.0 | session=LONDON | RR=2.00,False
proxy_hardened_no_worst_hours,50,112,161,2022-09-14 14:15:00,2022-12-09 15:45:00,50,18,32,36.0,1.1062108836015752,14.206797280497083,23.30525879416554,5,NEW YORK,15,SELL,V50 realtime loss proxy | variant=proxy_hardened_no_worst_hours | Side=BUY | score=74.0 | opposite_score=4.0 | session=LONDON | RR=2.00,False
proxy_hardened_no_worst_hours,50,113,162,2022-09-15 10:30:00,2022-12-13 10:45:00,50,19,31,38.0,1.178638420111984,23.229937361523298,19.583845942244864,4,NEW YORK,15,SELL,V50 realtime loss proxy | variant=proxy_hardened_no_worst_hours | Side=BUY | score=74.0 | opposite_score=4.0 | session=LONDON | RR=2.00,False
proxy_hardened_no_worst_hours,50,114,163,2022-09-15 13:00:00,2022-12-13 18:00:00,50,19,31,38.0,1.1491620248958927,19.894396428793925,16.614849644993065,4,NEW YORK,15,SELL,V50 realtime loss proxy | variant=proxy_hardened_no_worst_hours | Side=BUY | score=100.0 | opposite_score=8.0 | session=NEW YORK | RR=2.00,False
proxy_hardened_no_worst_hours,50,115,164,2022-09-16 13:15:00,2022-12-15 13:45:00,50,19,31,38.0,1.1410823228220686,18.950007543729953,16.614849644993058,4,NEW YORK,15,SELL,V50 realtime loss proxy | variant=proxy_hardened_no_worst_hours | Side=BUY | score=100.0 | opposite_score=8.0 | session=NEW YORK | RR=2.00,False
proxy_hardened_no_worst_hours,50,116,165,2022-09-19 10:15:00,2022-12-15 15:15:00,50,19,31,38.0,1.1245220418374795,16.971960962452386,22.590327654489755,4,NEW YORK,15,SELL,V50 realtime loss proxy | variant=proxy_hardened_no_worst_hours | Side=SELL | score=85.0 | opposite_score=4.0 | session=LONDON | RR=2.00,False
proxy_hardened_no_worst_hours,50,117,166,2022-09-20 10:15:00,2022-12-16 18:00:00,50,20,30,40.0,1.2120816332016835,28.182083354029835,22.590327654489755,4,NEW YORK,15,SELL,V50 realtime loss proxy | variant=proxy_hardened_no_worst_hours | Side=SELL | score=85.0 | opposite_score=4.0 | session=LONDON | RR=2.00,False
proxy_hardened_no_worst_hours,50,118,167,2022-09-20 13:45:00,2022-12-19 10:00:00,50,19,31,38.0,1.1437914594468266,19.505923426920845,22.590327654489755,4,NEW YORK,15,SELL,V50 realtime loss proxy | variant=proxy_hardened_no_worst_hours | Side=SELL | score=85.0 | opposite_score=4.0 | session=LONDON | RR=2.00,False
proxy_hardened_no_worst_hours,50,119,168,2022-09-22 14:00:00,2022-12-20 13:30:00,50,20,30,40.0,1.2390406364210755,31.500402722552742,22.590327654489755,4,NEW YORK,15,SELL,V50 realtime loss proxy | variant=proxy_hardened_no_worst_hours | Side=SELL | score=85.0 | opposite_score=4.0 | session=LONDON | RR=2.00,False
proxy_hardened_no_worst_hours,50,120,169,2022-09-23 13:15:00,2022-12-21 14:15:00,50,21,29,42.0,1.3479361738461941,43.494445007504055,22.590327654489755,4,NEW YORK,15,SELL,V50 realtime loss proxy | variant=proxy_hardened_no_worst_hours | Side=SELL | score=85.0 | opposite_score=4.0 | session=LONDON | RR=2.00,False
proxy_hardened_no_worst_hours,50,121,170,2022-09-26 10:00:00,2022-12-21 15:45:00,50,20,30,40.0,1.2104875883857282,27.08445272580275,22.590327654489755,4,NEW YORK,15,SELL,V50 realtime loss proxy | variant=proxy_hardened_no_worst_hours | Side=SELL | score=85.0 | opposite_score=4.0 | session=LONDON | RR=2.00,False
proxy_hardened_no_worst_hours,50,122,171,2022-09-29 14:00:00,2022-12-22 13:00:00,50,20,30,40.0,1.236827129463848,29.824719048112,22.590327654489755,4,NEW YORK,15,SELL,V50 realtime loss proxy | variant=proxy_hardened_no_worst_hours | Side=SELL | score=85.0 | opposite_score=4.0 | session=LONDON | RR=2.00,False
proxy_hardened_no_worst_hours,50,123,172,2022-09-29 14:45:00,2022-12-23 14:45:00,50,20,30,40.0,1.2583317407140293,31.97691274264298,22.590327654489755,4,NEW YORK,15,SELL,V50 realtime loss proxy | variant=proxy_hardened_no_worst_hours | Side=SELL | score=85.0 | opposite_score=4.0 | session=LONDON | RR=2.00,False
proxy_hardened_no_worst_hours,50,124,173,2022-09-30 13:30:00,2022-12-27 13:00:00,50,19,31,38.0,1.1393683839815714,17.538949088105028,22.590327654489755,4,NEW YORK,15,SELL,V50 realtime loss proxy | variant=proxy_hardened_no_worst_hours | Side=SELL | score=85.0 | opposite_score=4.0 | session=LONDON | RR=2.00,False
proxy_hardened_no_worst_hours,50,125,174,2022-10-04 13:15:00,2022-12-27 14:30:00,50,20,30,40.0,1.2395596858150935,28.909987431734635,22.590327654489755,4,NEW YORK,15,SELL,V50 realtime loss proxy | variant=proxy_hardened_no_worst_hours | Side=SELL | score=85.0 | opposite_score=4.0 | session=LONDON | RR=2.00,False
proxy_hardened_no_worst_hours,50,126,175,2022-10-05 22:00:00,2022-12-28 18:15:00,50,19,31,38.0,1.1247053716052142,15.53239532106704,22.59032765448976,4,NEW YORK,15,SELL,V50 realtime loss proxy | variant=proxy_hardened_no_worst_hours | Side=SELL | score=85.0 | opposite_score=4.0 | session=LONDON | RR=2.00,False
proxy_hardened_no_worst_hours,50,127,176,2022-10-11 10:15:00,2022-12-29 13:15:00,50,19,31,38.0,1.1116576227585504,13.907262493766215,22.590327654489762,4,NEW YORK,15,SELL,V50 realtime loss proxy | variant=proxy_hardened_no_worst_hours | Side=SELL | score=85.0 | opposite_score=4.0 | session=LONDON | RR=2.00,False
proxy_hardened_no_worst_hours,50,128,177,2022-10-12 22:15:00,2022-12-30 13:30:00,50,19,31,38.0,1.119754200354373,14.807862730463745,22.590327654489762,4,NEW YORK,15,SELL,V50 realtime loss proxy | variant=proxy_hardened_no_worst_hours | Side=SELL | score=85.0 | opposite_score=4.0 | session=LONDON | RR=2.00,False
proxy_hardened_no_worst_hours,50,129,178,2022-10-18 10:00:00,2022-12-30 18:00:00,50,19,31,38.0,1.110377722691334,13.763694181035595,22.59032765448976,4,NEW YORK,15,SELL,V50 realtime loss proxy | variant=proxy_hardened_no_worst_hours | Side=SELL | score=85.0 | opposite_score=4.0 | session=LONDON | RR=2.00,False
proxy_hardened_no_worst_hours,50,130,179,2022-10-18 14:30:00,2023-01-03 13:15:00,50,20,30,40.0,1.2155796661401006,26.066429826351396,22.590327654489755,4,NEW YORK,15,SELL,V50 realtime loss proxy | variant=proxy_hardened_no_worst_hours | Side=SELL | score=85.0 | opposite_score=4.0 | session=LONDON | RR=2.00,False
proxy_hardened_no_worst_hours,50,131,180,2022-10-19 14:00:00,2023-01-03 18:15:00,50,20,30,40.0,1.2412146994212703,29.166044034333034,22.590327654489762,4,NEW YORK,15,SELL,V50 realtime loss proxy | variant=proxy_hardened_no_worst_hours | Side=SELL | score=85.0 | opposite_score=4.0 | session=LONDON | RR=2.00,False
proxy_hardened_no_worst_hours,50,132,181,2022-10-25 18:30:00,2023-01-04 13:15:00,50,19,31,38.0,1.1251766649253783,15.665226688239505,22.590327654489766,4,NEW YORK,15,SELL,V50 realtime loss proxy | variant=proxy_hardened_no_worst_hours | Side=SELL | score=85.0 | opposite_score=4.0 | session=LONDON | RR=2.00,False
proxy_hardened_no_worst_hours,50,133,182,2022-10-26 14:15:00,2023-01-04 15:30:00,50,19,31,38.0,1.1062481347349966,13.523926042240424,22.590327654489766,4,NEW YORK,15,SELL,V50 realtime loss proxy | variant=proxy_hardened_no_worst_hours | Side=SELL | score=85.0 | opposite_score=4.0 | session=LONDON | RR=2.00,False
proxy_hardened_no_worst_hours,50,134,183,2022-10-28 13:30:00,2023-01-06 13:30:00,50,19,31,38.0,1.1069127437317061,13.600350840534473,22.590327654489762,4,NEW YORK,15,SELL,V50 realtime loss proxy | variant=proxy_hardened_no_worst_hours | Side=SELL | score=85.0 | opposite_score=4.0 | session=LONDON | RR=2.00,False
proxy_hardened_no_worst_hours,50,135,184,2022-10-31 13:45:00,2023-01-06 14:45:00,50,19,31,38.0,1.108064759661492,13.746898579111757,22.590327654489766,4,NEW YORK,15,SELL,V50 realtime loss proxy | variant=proxy_hardened_no_worst_hours | Side=SELL | score=85.0 | opposite_score=4.0 | session=LONDON | RR=2.00,False
proxy_hardened_no_worst_hours,50,136,185,2022-10-31 15:30:00,2023-01-09 15:00:00,50,19,31,38.0,1.105721700310061,13.477336936911113,22.590327654489766,4,NEW YORK,15,SELL,V50 realtime loss proxy | variant=proxy_hardened_no_worst_hours | Side=SELL | score=85.0 | opposite_score=4.0 | session=LONDON | RR=2.00,False
proxy_hardened_no_worst_hours,50,137,186,2022-11-01 18:15:00,2023-01-10 10:00:00,50,19,31,38.0,1.1105257249492104,14.028800153475464,22.590327654489762,4,NEW YORK,15,SELL,V50 realtime loss proxy | variant=proxy_hardened_no_worst_hours | Side=SELL | score=85.0 | opposite_score=4.0 | session=LONDON | RR=2.00,False
proxy_hardened_no_worst_hours,50,138,187,2022-11-02 13:15:00,2023-01-10 14:30:00,50,18,32,36.0,1.0196359274084799,2.5684540389934263,22.590327654489766,4,NEW YORK,15,SELL,V50 realtime loss proxy | variant=proxy_hardened_no_worst_hours | Side=SELL | score=85.0 | opposite_score=4.0 | session=LONDON | RR=2.00,True
proxy_hardened_no_worst_hours,50,139,188,2022-11-03 13:45:00,2023-01-11 10:30:00,50,18,32,36.0,1.0216475663954274,2.826008644326297,22.590327654489766,4,NEW YORK,15,SELL,V50 realtime loss proxy | variant=proxy_hardened_no_worst_hours | Side=SELL | score=85.0 | opposite_score=4.0 | session=LONDON | RR=2.00,True
proxy_hardened_no_worst_hours,50,140,189,2022-11-04 10:00:00,2023-01-12 10:15:00,50,19,31,38.0,1.0997724327655598,12.502236271964424,22.590327654489762,4,NEW YORK,15,SELL,V50 realtime loss proxy | variant=proxy_hardened_no_worst_hours | Side=SELL | score=85.0 | opposite_score=4.0 | session=LONDON | RR=2.00,True
proxy_hardened_no_worst_hours,50,141,190,2022-11-07 13:00:00,2023-01-13 14:00:00,50,19,31,38.0,1.107770870527498,13.5045006844332,22.590327654489766,4,NEW YORK,15,SELL,V50 realtime loss proxy | variant=proxy_hardened_no_worst_hours | Side=SELL | score=85.0 | opposite_score=4.0 | session=LONDON | RR=2.00,False
proxy_hardened_no_worst_hours,50,142,191,2022-11-09 15:15:00,2023-01-17 14:30:00,50,19,31,38.0,1.100263579010338,12.649505470788197,22.590327654489766,4,NEW YORK,15,SELL,V50 realtime loss proxy | variant=proxy_hardened_no_worst_hours | Side=SELL | score=85.0 | opposite_score=4.0 | session=LONDON | RR=2.00,False
proxy_hardened_no_worst_hours,50,143,192,2022-11-11 13:00:00,2023-01-18 15:15:00,50,19,31,38.0,1.1017302564340496,12.817459209029272,22.590327654489762,4,NEW YORK,15,SELL,V50 realtime loss proxy | variant=proxy_hardened_no_worst_hours | Side=SELL | score=85.0 | opposite_score=4.0 | session=LONDON | RR=2.00,False
proxy_hardened_no_worst_hours,50,144,193,2022-11-11 14:45:00,2023-01-19 14:00:00,50,20,30,40.0,1.211653531886953,25.69395618656518,22.59032765448976,4,NEW YORK,15,SELL,V50 realtime loss proxy | variant=proxy_hardened_no_worst_hours | Side=SELL | score=85.0 | opposite_score=4.0 | session=LONDON | RR=2.00,False
proxy_hardened_no_worst_hours,50,145,194,2022-11-14 14:00:00,2023-01-23 19:45:00,50,20,30,40.0,1.1925286425093942,23.372265330008304,22.590327654489766,4,NEW YORK,15,SELL,V50 realtime loss proxy | variant=proxy_hardened_no_worst_hours | Side=SELL | score=85.0 | opposite_score=4.0 | session=LONDON | RR=2.00,False
proxy_hardened_no_worst_hours,50,146,195,2022-11-14 21:00:00,2023-01-24 10:15:00,50,19,31,38.0,1.0999636888983857,12.43728329954615,22.590327654489766,4,NEW YORK,15,SELL,V50 realtime loss proxy | variant=proxy_hardened_no_worst_hours | Side=SELL | score=85.0 | opposite_score=4.0 | session=LONDON | RR=2.00,True
proxy_hardened_no_worst_hours,50,147,196,2022-11-15 10:00:00,2023-02-01 14:30:00,50,19,31,38.0,1.0961660924587349,12.006245159315998,22.590327654489766,4,LONDON,15,SELL,V50 realtime loss proxy | variant=proxy_hardened_no_worst_hours | Side=SELL | score=85.0 | opposite_score=4.0 | session=LONDON | RR=2.00,True
proxy_hardened_no_worst_hours,50,148,197,2022-11-15 19:30:00,2023-02-01 19:30:00,50,19,31,38.0,1.1341338787713071,16.746487161151208,22.590327654489766,4,LONDON,15,SELL,V50 realtime loss proxy | variant=proxy_hardened_no_worst_hours | Side=SELL | score=85.0 | opposite_score=4.0 | session=LONDON | RR=2.00,False
proxy_hardened_no_worst_hours,50,149,198,2022-11-21 10:45:00,2023-02-02 10:15:00,50,19,31,38.0,1.162478131611228,19.79063303069347,22.590327654489766,4,LONDON,15,SELL,V50 realtime loss proxy | variant=proxy_hardened_no_worst_hours | Side=SELL | score=85.0 | opposite_score=4.0 | session=LONDON | RR=2.00,False
proxy_hardened_no_worst_hours,50,150,199,2022-11-24 10:15:00,2023-02-03 13:15:00,50,20,30,40.0,1.2521494106759168,29.895962326260587,22.590327654489766,4,LONDON,15,SELL,V50 realtime loss proxy | variant=proxy_hardened_no_worst_hours | Side=BUY | score=74.0 | opposite_score=4.0 | session=LONDON | RR=2.00,False
proxy_hardened_no_worst_hours,50,151,200,2022-11-29 15:30:00,2023-02-06 10:00:00,50,21,29,42.0,1.3508221500302984,40.672668872265604,22.590327654489766,4,LONDON,15,SELL,V50 realtime loss proxy | variant=proxy_hardened_no_worst_hours | Side=BUY | score=74.0 | opposite_score=4.0 | session=LONDON | RR=2.00,False
proxy_hardened_no_worst_hours,50,152,201,2022-11-30 10:45:00,2023-02-07 13:00:00,50,21,29,42.0,1.3525273984032196,40.81883853253089,22.590327654489762,4,LONDON,15,SELL,V50 realtime loss proxy | variant=proxy_hardened_no_worst_hours | Side=BUY | score=74.0 | opposite_score=4.0 | session=LONDON | RR=2.00,False
proxy_hardened_no_worst_hours,50,153,202,2022-11-30 14:30:00,2023-02-14 14:45:00,50,20,30,40.0,1.219000749145223,27.192133332629965,22.590327654489766,4,LONDON,15,SELL,V50 realtime loss proxy | variant=proxy_hardened_no_worst_hours | Side=BUY | score=74.0 | opposite_score=4.0 | session=LONDON | RR=2.00,False
proxy_hardened_no_worst_hours,50,154,203,2022-12-01 10:00:00,2023-02-14 15:45:00,50,21,29,42.0,1.412256095848818,49.36489054827803,22.59032765448977,4,LONDON,15,SELL,V50 realtime loss proxy | variant=proxy_hardened_no_worst_hours | Side=BUY | score=74.0 | opposite_score=4.0 | session=LONDON | RR=2.00,False
proxy_hardened_no_worst_hours,50,155,204,2022-12-02 13:00:00,2023-02-15 14:45:00,50,20,30,40.0,1.3041919281638117,37.901136985236235,22.590327654489766,4,LONDON,15,SELL,V50 realtime loss proxy | variant=proxy_hardened_no_worst_hours | Side=BUY | score=74.0 | opposite_score=4.0 | session=LONDON | RR=2.00,False
proxy_hardened_no_worst_hours,50,156,205,2022-12-02 21:00:00,2023-02-16 15:00:00,50,20,30,40.0,1.2763754712636732,35.18577386965626,22.590327654489766,4,LONDON,15,SELL,V50 realtime loss proxy | variant=proxy_hardened_no_worst_hours | Side=BUY | score=96.0 | opposite_score=4.0 | session=LONDON | RR=2.00,False
proxy_hardened_no_worst_hours,50,157,206,2022-12-07 21:30:00,2023-02-17 14:30:00,50,19,31,38.0,1.1887919358872159,24.79217501419157,22.590327654489766,4,LONDON,15,SELL,V50 realtime loss proxy | variant=proxy_hardened_no_worst_hours | Side=BUY | score=96.0 | opposite_score=4.0 | session=LONDON | RR=2.00,False
proxy_hardened_no_worst_hours,50,158,207,2022-12-08 13:00:00,2023-02-20 14:45:00,50,19,31,38.0,1.1936501179353323,25.326650669996297,22.590327654489766,4,LONDON,15,SELL,V50 realtime loss proxy | variant=proxy_hardened_no_worst_hours | Side=BUY | score=96.0 | opposite_score=4.0 | session=LONDON | RR=2.00,False
proxy_hardened_no_worst_hours,50,159,208,2022-12-08 15:45:00,2023-02-21 10:00:00,50,18,32,36.0,1.12535191906942,16.79420157439813,22.590327654489766,5,LONDON,15,SELL,V50 realtime loss proxy | variant=proxy_hardened_no_worst_hours | Side=BUY | score=96.0 | opposite_score=4.0 | session=LONDON | RR=2.00,False
proxy_hardened_no_worst_hours,50,160,209,2022-12-09 13:45:00,2023-02-23 10:45:00,50,18,32,36.0,1.0977434232378769,13.095314093432759,22.590327654489762,5,LONDON,15,SELL,V50 realtime loss proxy | variant=proxy_hardened_no_worst_hours | Side=BUY | score=96.0 | opposite_score=4.0 | session=LONDON | RR=2.00,True
proxy_hardened_no_worst_hours,50,161,210,2022-12-09 15:45:00,2023-02-23 15:00:00,50,19,31,38.0,1.2189610678600749,28.27985743091972,19.755515431153427,5,LONDON,15,SELL,V50 realtime loss proxy | variant=proxy_hardened_no_worst_hours | Side=BUY | score=96.0 | opposite_score=4.0 | session=LONDON | RR=2.00,False
proxy_hardened_no_worst_hours,50,162,211,2022-12-13 10:45:00,2023-02-27 10:00:00,50,19,31,38.0,1.245000100353229,30.981113591506073,19.755515431153427,5,LONDON,15,SELL,V50 realtime loss proxy | variant=proxy_hardened_no_worst_hours | Side=BUY | score=96.0 | opposite_score=4.0 | session=LONDON | RR=2.00,False
proxy_hardened_no_worst_hours,50,163,212,2022-12-13 18:00:00,2023-02-27 19:30:00,50,18,32,36.0,1.1747835621567002,22.634231486346835,19.755515431153427,5,LONDON,10,SELL,V50 realtime loss proxy | variant=proxy_hardened_no_worst_hours | Side=BUY | score=96.0 | opposite_score=4.0 | session=LONDON | RR=2.00,False
proxy_hardened_no_worst_hours,50,164,213,2022-12-15 13:45:00,2023-02-28 10:00:00,50,18,32,36.0,1.2032235855457958,25.695128938664084,19.755515431153427,5,LONDON,10,SELL,V50 realtime loss proxy | variant=proxy_hardened_no_worst_hours | Side=BUY | score=96.0 | opposite_score=4.0 | session=LONDON | RR=2.00,False
proxy_hardened_no_worst_hours,50,165,214,2022-12-15 15:15:00,2023-02-28 21:00:00,50,18,32,36.0,1.223310473194093,27.771249876505863,19.755515431153427,5,LONDON,10,SELL,V50 realtime loss proxy | variant=proxy_hardened_no_worst_hours | Side=BUY | score=96.0 | opposite_score=4.0 | session=LONDON | RR=2.00,False
proxy_hardened_no_worst_hours,50,166,215,2022-12-16 18:00:00,2023-03-01 10:15:00,50,19,31,38.0,1.3393237253512482,40.058669273792475,19.755515431153427,5,LONDON,21,SELL,V50 realtime loss proxy | variant=proxy_hardened_no_worst_hours | Side=BUY | score=96.0 | opposite_score=4.0 | session=LONDON | RR=2.00,False
proxy_hardened_no_worst_hours,50,167,216,2022-12-19 10:00:00,2023-03-01 13:15:00,50,19,31,38.0,1.3348821515803921,39.53432181014932,19.755515431153427,5,NEW YORK,21,SELL,V50 realtime loss proxy | variant=proxy_hardened_no_worst_hours | Side=BUY | score=96.0 | opposite_score=4.0 | session=LONDON | RR=2.00,False
proxy_hardened_no_worst_hours,50,168,217,2022-12-20 13:30:00,2023-03-02 15:00:00,50,19,31,38.0,1.320523501541921,38.250662521816366,19.755515431153427,5,NEW YORK,21,SELL,V50 realtime loss proxy | variant=proxy_hardened_no_worst_hours | Side=BUY | score=96.0 | opposite_score=4.0 | session=LONDON | RR=2.00,False
proxy_hardened_no_worst_hours,50,169,218,2022-12-21 14:15:00,2023-03-02 19:00:00,50,19,31,38.0,1.3088232251747893,36.85437388594982,19.755515431153427,5,LONDON,21,SELL,V50 realtime loss proxy | variant=proxy_hardened_no_worst_hours | Side=BUY | score=96.0 | opposite_score=4.0 | session=LONDON | RR=2.00,False
proxy_hardened_no_worst_hours,50,170,219,2022-12-21 15:45:00,2023-03-03 13:00:00,50,18,32,36.0,1.2373689568170114,28.9611011547222,19.75551543115343,5,LONDON,21,SELL,V50 realtime loss proxy | variant=proxy_hardened_no_worst_hours | Side=BUY | score=96.0 | opposite_score=4.0 | session=LONDON | RR=2.00,False
proxy_hardened_no_worst_hours,50,171,220,2022-12-22 13:00:00,2023-03-10 10:00:00,50,19,31,38.0,1.3303176682734519,39.090104050850876,19.755515431153427,5,LONDON,21,SELL,V50 realtime loss proxy | variant=proxy_hardened_no_worst_hours | Side=BUY | score=96.0 | opposite_score=4.0 | session=LONDON | RR=2.00,False
proxy_hardened_no_worst_hours,50,172,221,2022-12-23 14:45:00,2023-03-13 10:15:00,50,20,30,40.0,1.459480761562143,53.221256525090894,19.755515431153427,5,NEW YORK,21,SELL,V50 realtime loss proxy | variant=proxy_hardened_no_worst_hours | Side=BUY | score=96.0 | opposite_score=4.0 | session=LONDON | RR=2.00,False
proxy_hardened_no_worst_hours,50,173,222,2022-12-27 13:00:00,2023-03-15 10:00:00,50,21,29,42.0,1.6014140937983483,67.54187397847886,19.755515431153427,5,NEW YORK,21,SELL,V50 realtime loss proxy | variant=proxy_hardened_no_worst_hours | Side=BUY | score=96.0 | opposite_score=4.0 | session=LONDON | RR=2.00,False
proxy_hardened_no_worst_hours,50,174,223,2022-12-27 14:30:00,2023-03-15 14:15:00,50,21,29,42.0,1.5076377928719997,60.556404702095506,19.755515431153427,5,NEW YORK,14,SELL,V50 realtime loss proxy | variant=proxy_hardened_no_worst_hours | Side=BUY | score=96.0 | opposite_score=4.0 | session=LONDON | RR=2.00,False
proxy_hardened_no_worst_hours,50,175,224,2022-12-28 18:15:00,2023-03-16 14:00:00,50,20,30,40.0,1.3847382077702066,48.24507469956916,19.755515431153427,5,NEW YORK,14,SELL,V50 realtime loss proxy | variant=proxy_hardened_no_worst_hours | Side=BUY | score=96.0 | opposite_score=4.0 | session=LONDON | RR=2.00,False
proxy_hardened_no_worst_hours,50,176,225,2022-12-29 13:15:00,2023-03-17 10:15:00,50,21,29,42.0,1.4846990266813145,58.90261209306982,19.755515431153427,5,NEW YORK,14,SELL,V50 realtime loss proxy | variant=proxy_hardened_no_worst_hours | Side=SELL | score=80.0 | opposite_score=8.0 | session=LONDON | RR=2.00,False
proxy_hardened_no_worst_hours,50,177,226,2022-12-30 13:30:00,2023-03-20 18:15:00,50,20,30,40.0,1.370026108018985,47.40452516861296,19.755515431153427,5,NEW YORK,14,SELL,V50 realtime loss proxy | variant=proxy_hardened_no_worst_hours | Side=SELL | score=80.0 | opposite_score=8.0 | session=LONDON | RR=2.00,False
proxy_hardened_no_worst_hours,50,178,227,2022-12-30 18:00:00,2023-03-22 18:00:00,50,21,29,42.0,1.5056685605801303,63.212225949474714,19.755515431153427,5,LONDON,14,SELL,V50 realtime loss proxy | variant=proxy_hardened_no_worst_hours | Side=SELL | score=80.0 | opposite_score=8.0 | session=LONDON | RR=2.00,False
proxy_hardened_no_worst_hours,50,179,228,2023-01-03 13:15:00,2023-03-23 10:15:00,50,21,29,42.0,1.4973573918679128,62.51836609833617,19.755515431153427,5,LONDON,14,SELL,V50 realtime loss proxy | variant=proxy_hardened_no_worst_hours | Side=BUY | score=96.0 | opposite_score=4.0 | session=LONDON | RR=2.00,False
proxy_hardened_no_worst_hours,50,180,229,2023-01-03 18:15:00,2023-03-23 13:15:00,50,21,29,42.0,1.5185919678471536,65.18757543697143,19.755515431153427,5,LONDON,14,SELL,V50 realtime loss proxy | variant=proxy_hardened_no_worst_hours | Side=BUY | score=96.0 | opposite_score=4.0 | session=LONDON | RR=2.00,False
proxy_hardened_no_worst_hours,50,181,230,2023-01-04 13:15:00,2023-03-24 14:30:00,50,20,30,40.0,1.3554420787141581,47.27527529098916,19.755515431153437,5,LONDON,14,SELL,V50 realtime loss proxy | variant=proxy_hardened_no_worst_hours | Side=BUY | score=96.0 | opposite_score=4.0 | session=LONDON | RR=2.00,False
proxy_hardened_no_worst_hours,50,182,231,2023-01-04 15:30:00,2023-03-27 14:45:00,50,20,30,40.0,1.334102775878566,45.147840950146474,19.755515431153434,5,LONDON,14,SELL,V50 realtime loss proxy | variant=proxy_hardened_no_worst_hours | Side=BUY | score=96.0 | opposite_score=4.0 | session=LONDON | RR=2.00,False
proxy_hardened_no_worst_hours,50,183,232,2023-01-06 13:30:00,2023-03-30 13:00:00,50,20,30,40.0,1.3521367762200924,46.950146212924,19.755515431153427,5,LONDON,14,SELL,V50 realtime loss proxy | variant=proxy_hardened_no_worst_hours | Side=BUY | score=96.0 | opposite_score=4.0 | session=LONDON | RR=2.00,False
proxy_hardened_no_worst_hours,50,184,233,2023-01-06 14:45:00,2023-03-30 14:15:00,50,21,29,42.0,1.4724758256811874,60.78419921589011,19.755515431153427,5,NEW YORK,14,SELL,V50 realtime loss proxy | variant=proxy_hardened_no_worst_hours | Side=BUY | score=96.0 | opposite_score=4.0 | session=LONDON | RR=2.00,False
proxy_hardened_no_worst_hours,50,185,234,2023-01-09 15:00:00,2023-04-03 13:30:00,50,21,29,42.0,1.452857105566172,58.26024322277113,19.755515431153434,5,NEW YORK,14,SELL,V50 realtime loss proxy | variant=proxy_hardened_no_worst_hours | Side=BUY | score=100.0 | opposite_score=8.0 | session=LONDON | RR=2.00,False
proxy_hardened_no_worst_hours,50,186,235,2023-01-10 10:00:00,2023-04-03 19:00:00,50,21,29,42.0,1.4492330541572847,57.93853124855468,19.75551543115343,5,NEW YORK,14,SELL,V50 realtime loss proxy | variant=proxy_hardened_no_worst_hours | Side=BUY | score=100.0 | opposite_score=8.0 | session=LONDON | RR=2.00,False
proxy_hardened_no_worst_hours,50,187,236,2023-01-10 14:30:00,2023-04-04 10:00:00,50,21,29,42.0,1.449323896871443,57.946615139129335,19.755515431153427,5,NEW YORK,14,SELL,V50 realtime loss proxy | variant=proxy_hardened_no_worst_hours | Side=BUY | score=100.0 | opposite_score=8.0 | session=LONDON | RR=2.00,False
proxy_hardened_no_worst_hours,50,188,237,2023-01-11 10:30:00,2023-04-05 10:00:00,50,22,28,44.0,1.5418542107470166,67.77952998476076,19.755515431153427,5,NEW YORK,14,SELL,V50 realtime loss proxy | variant=proxy_hardened_no_worst_hours | Side=BUY | score=100.0 | opposite_score=8.0 | session=LONDON | RR=2.00,False
proxy_hardened_no_worst_hours,50,189,238,2023-01-12 10:15:00,2023-04-05 14:00:00,50,22,28,44.0,1.5067195508934201,64.86264415912842,19.755515431153427,5,NEW YORK,14,SELL,V50 realtime loss proxy | variant=proxy_hardened_no_worst_hours | Side=BUY | score=100.0 | opposite_score=8.0 | session=LONDON | RR=2.00,False
proxy_hardened_no_worst_hours,50,190,239,2023-01-13 14:00:00,2023-04-06 10:00:00,50,21,29,42.0,1.4369515366084198,57.29827821046594,19.755515431153427,5,NEW YORK,14,SELL,V50 realtime loss proxy | variant=proxy_hardened_no_worst_hours | Side=BUY | score=100.0 | opposite_score=8.0 | session=LONDON | RR=2.00,False
proxy_hardened_no_worst_hours,50,191,240,2023-01-17 14:30:00,2023-04-11 10:00:00,50,20,30,40.0,1.3414545214459734,45.86147939181092,19.755515431153434,5,NEW YORK,14,SELL,V50 realtime loss proxy | variant=proxy_hardened_no_worst_hours | Side=BUY | score=100.0 | opposite_score=8.0 | session=LONDON | RR=2.00,False
proxy_hardened_no_worst_hours,50,192,241,2023-01-18 15:15:00,2023-04-11 14:15:00,50,21,29,42.0,1.443500388917657,57.70563911230806,19.755515431153427,5,NEW YORK,14,SELL,V50 realtime loss proxy | variant=proxy_hardened_no_worst_hours | Side=BUY | score=100.0 | opposite_score=8.0 | session=LONDON | RR=2.00,False
proxy_hardened_no_worst_hours,50,193,242,2023-01-19 14:00:00,2023-04-12 19:30:00,50,22,28,44.0,1.5767674874053146,72.0282968526792,19.755515431153427,5,NEW YORK,14,SELL,V50 realtime loss proxy | variant=proxy_hardened_no_worst_hours | Side=BUY | score=100.0 | opposite_score=8.0 | session=LONDON | RR=2.00,False
proxy_hardened_no_worst_hours,50,194,243,2023-01-23 19:45:00,2023-04-13 15:00:00,50,21,29,42.0,1.4408586215355523,57.7158574265127,19.75551543115343,5,LONDON,14,SELL,V50 realtime loss proxy | variant=proxy_hardened_no_worst_hours | Side=BUY | score=100.0 | opposite_score=8.0 | session=LONDON | RR=2.00,False
proxy_hardened_no_worst_hours,50,195,244,2023-01-24 10:15:00,2023-04-20 14:15:00,50,20,30,40.0,1.3232431808864265,44.200598753888926,19.755515431153434,5,LONDON,14,SELL,V50 realtime loss proxy | variant=proxy_hardened_no_worst_hours | Side=BUY | score=100.0 | opposite_score=8.0 | session=LONDON | RR=2.00,False
proxy_hardened_no_worst_hours,50,196,245,2023-02-01 14:30:00,2023-04-20 18:30:00,50,20,30,40.0,1.3119374790108258,43.022224701539926,19.755515431153434,5,NEW YORK,14,SELL,V50 realtime loss proxy | variant=proxy_hardened_no_worst_hours | Side=BUY | score=100.0 | opposite_score=8.0 | session=LONDON | RR=2.00,False
proxy_hardened_no_worst_hours,50,197,246,2023-02-01 19:30:00,2023-04-21 10:45:00,50,20,30,40.0,1.3044664490691875,42.232323326812775,20.50627750387713,5,NEW YORK,14,SELL,V50 realtime loss proxy | variant=proxy_hardened_no_worst_hours | Side=BUY | score=100.0 | opposite_score=8.0 | session=LONDON | RR=2.00,False
proxy_hardened_no_worst_hours,50,198,247,2023-02-02 10:15:00,2023-04-21 14:15:00,50,19,31,38.0,1.1463861855138766,21.526380252436866,28.84898541840029,5,NEW YORK,14,SELL,V50 realtime loss proxy | variant=proxy_hardened_no_worst_hours | Side=BUY | score=100.0 | opposite_score=8.0 | session=LONDON | RR=2.00,False
proxy_hardened_no_worst_hours,50,199,248,2023-02-03 13:15:00,2023-04-25 18:45:00,50,20,30,40.0,1.243549322426383,34.95914110511376,28.84898541840029,5,NEW YORK,14,SELL,V50 realtime loss proxy | variant=proxy_hardened_no_worst_hours | Side=BUY | score=100.0 | opposite_score=8.0 | session=LONDON | RR=2.00,False
proxy_hardened_no_worst_hours,50,200,249,2023-02-06 10:00:00,2023-04-26 13:45:00,50,19,31,38.0,1.1505187408570965,22.454405066408754,28.84898541840029,5,LONDON,14,SELL,V50 realtime loss proxy | variant=proxy_hardened_no_worst_hours | Side=BUY | score=100.0 | opposite_score=8.0 | session=LONDON | RR=2.00,False
proxy_hardened_no_worst_hours,50,201,250,2023-02-07 13:00:00,2023-04-27 10:00:00,50,18,32,36.0,1.0718641667393247,10.961144098343308,28.84898541840029,5,LONDON,14,SELL,V50 realtime loss proxy | variant=proxy_hardened_no_worst_hours | Side=BUY | score=100.0 | opposite_score=8.0 | session=LONDON | RR=2.00,True
proxy_hardened_no_worst_hours,50,202,251,2023-02-14 14:45:00,2023-04-28 10:15:00,50,18,32,36.0,1.0789234005735322,11.9590979260106,30.958766018439942,5,LONDON,14,SELL,V50 realtime loss proxy | variant=proxy_hardened_no_worst_hours | Side=BUY | score=100.0 | opposite_score=8.0 | session=LONDON | RR=2.00,True
proxy_hardened_no_worst_hours,50,203,252,2023-02-14 15:45:00,2023-04-28 14:00:00,50,18,32,36.0,1.102142628074213,15.151389850440422,36.1419180689675,5,LONDON,14,SELL,V50 realtime loss proxy | variant=proxy_hardened_no_worst_hours | Side=BUY | score=100.0 | opposite_score=8.0 | session=LONDON | RR=2.00,False
proxy_hardened_no_worst_hours,50,204,253,2023-02-15 14:45:00,2023-05-02 14:00:00,50,18,32,36.0,1.042734249066351,6.339011241219172,36.14191806896751,5,LONDON,14,SELL,V50 realtime loss proxy | variant=proxy_hardened_no_worst_hours | Side=BUY | score=100.0 | opposite_score=8.0 | session=LONDON | RR=2.00,True
proxy_hardened_no_worst_hours,50,205,254,2023-02-16 15:00:00,2023-05-03 14:30:00,50,19,31,38.0,1.142256093719691,20.41129583175167,36.14191806896751,5,LONDON,14,SELL,V50 realtime loss proxy | variant=proxy_hardened_no_worst_hours | Side=BUY | score=100.0 | opposite_score=8.0 | session=LONDON | RR=2.00,False
proxy_hardened_no_worst_hours,50,206,255,2023-02-17 14:30:00,2023-05-03 18:00:00,50,19,31,38.0,1.1356507268196079,19.576746793778973,36.14191806896751,5,LONDON,14,SELL,V50 realtime loss proxy | variant=proxy_hardened_no_worst_hours | Side=BUY | score=100.0 | opposite_score=8.0 | session=LONDON | RR=2.00,False
proxy_hardened_no_worst_hours,50,207,256,2023-02-20 14:45:00,2023-05-04 15:00:00,50,19,31,38.0,1.1065371929473253,15.779688129871614,36.1419180689675,5,LONDON,14,SELL,V50 realtime loss proxy | variant=proxy_hardened_no_worst_hours | Side=BUY | score=100.0 | opposite_score=8.0 | session=LONDON | RR=2.00,False
proxy_hardened_no_worst_hours,50,208,257,2023-02-21 10:00:00,2023-05-08 15:15:00,50,19,31,38.0,1.0968683600005213,14.474068372481055,36.1419180689675,5,LONDON,14,SELL,V50 realtime loss proxy | variant=proxy_hardened_no_worst_hours | Side=BUY | score=100.0 | opposite_score=8.0 | session=LONDON | RR=2.00,True
proxy_hardened_no_worst_hours,50,209,258,2023-02-23 10:45:00,2023-05-09 13:45:00,50,19,31,38.0,1.0948713432246446,14.201530226603394,39.095839491682,5,LONDON,14,SELL,V50 realtime loss proxy | variant=proxy_hardened_no_worst_hours | Side=BUY | score=100.0 | opposite_score=8.0 | session=LONDON | RR=2.00,True
proxy_hardened_no_worst_hours,50,210,259,2023-02-23 15:00:00,2023-05-10 13:45:00,50,18,32,36.0,1.0193320380392963,3.0134047300034688,45.279527059149444,5,LONDON,14,SELL,V50 realtime loss proxy | variant=proxy_hardened_no_worst_hours | Side=BUY | score=76.0 | opposite_score=4.0 | session=LONDON | RR=2.00,True
proxy_hardened_no_worst_hours,50,211,260,2023-02-27 10:00:00,2023-05-11 13:00:00,50,17,33,34.0,0.9210377704985853,-12.73346698849604,50.66354794616126,6,LONDON,15,SELL,V50 realtime loss proxy | variant=proxy_hardened_no_worst_hours | Side=BUY | score=76.0 | opposite_score=4.0 | session=LONDON | RR=2.00,True
proxy_hardened_no_worst_hours,50,212,261,2023-02-27 19:30:00,2023-05-12 10:30:00,50,17,33,34.0,0.9157220348051889,-13.669577191821638,54.282795973742864,7,LONDON,15,SELL,V50 realtime loss proxy | variant=proxy_hardened_no_worst_hours | Side=BUY | score=76.0 | opposite_score=4.0 | session=LONDON | RR=2.00,True
proxy_hardened_no_worst_hours,50,213,262,2023-02-28 10:00:00,2023-05-16 10:00:00,50,18,32,36.0,0.9620680414970222,-6.036916012355498,54.282795973742864,7,LONDON,15,SELL,V50 realtime loss proxy | variant=proxy_hardened_no_worst_hours | Side=BUY | score=76.0 | opposite_score=4.0 | session=LONDON | RR=2.00,True
proxy_hardened_no_worst_hours,50,214,263,2023-02-28 21:00:00,2023-05-16 14:00:00,50,19,31,38.0,1.0411272280347685,6.410515528312779,54.28279597374285,7,LONDON,15,SELL,V50 realtime loss proxy | variant=proxy_hardened_no_worst_hours | Side=BUY | score=76.0 | opposite_score=4.0 | session=LONDON | RR=2.00,True
proxy_hardened_no_worst_hours,50,215,264,2023-03-01 10:15:00,2023-05-17 13:00:00,50,20,30,40.0,1.1029842697116803,15.747263940470482,54.28279597374285,7,LONDON,15,SELL,V50 realtime loss proxy | variant=proxy_hardened_no_worst_hours | Side=BUY | score=76.0 | opposite_score=4.0 | session=LONDON | RR=2.00,False
proxy_hardened_no_worst_hours,50,216,265,2023-03-01 13:15:00,2023-05-17 14:45:00,50,20,30,40.0,1.1218037106659808,18.62493355689981,54.282795973742864,7,LONDON,15,SELL,V50 realtime loss proxy | variant=proxy_hardened_no_worst_hours | Side=BUY | score=76.0 | opposite_score=4.0 | session=LONDON | RR=2.00,False
proxy_hardened_no_worst_hours,50,217,266,2023-03-02 15:00:00,2023-05-18 10:30:00,50,20,30,40.0,1.1095880144460235,16.75703865284482,54.282795973742864,7,LONDON,15,SELL,V50 realtime loss proxy | variant=proxy_hardened_no_worst_hours | Side=BUY | score=76.0 | opposite_score=4.0 | session=LONDON | RR=2.00,False
proxy_hardened_no_worst_hours,50,218,267,2023-03-02 19:00:00,2023-05-19 13:45:00,50,20,30,40.0,1.112881066206708,17.209502638208512,54.282795973742864,7,LONDON,15,SELL,V50 realtime loss proxy | variant=proxy_hardened_no_worst_hours | Side=BUY | score=76.0 | opposite_score=4.0 | session=LONDON | RR=2.00,False
proxy_hardened_no_worst_hours,50,219,268,2023-03-03 13:00:00,2023-05-22 13:00:00,50,19,31,38.0,1.042057925415222,6.576495842112543,54.282795973742864,7,LONDON,15,SELL,V50 realtime loss proxy | variant=proxy_hardened_no_worst_hours | Side=BUY | score=76.0 | opposite_score=4.0 | session=LONDON | RR=2.00,True
proxy_hardened_no_worst_hours,50,220,269,2023-03-10 10:00:00,2023-05-26 13:00:00,50,20,30,40.0,1.1079286382651747,16.588293644671243,54.282795973742864,7,LONDON,15,SELL,V50 realtime loss proxy | variant=proxy_hardened_no_worst_hours | Side=BUY | score=76.0 | opposite_score=4.0 | session=LONDON | RR=2.00,False
proxy_hardened_no_worst_hours,50,221,270,2023-03-13 10:15:00,2023-05-26 15:45:00,50,19,31,38.0,1.0335911662454118,5.3241938311278005,54.282795973742864,7,LONDON,15,SELL,V50 realtime loss proxy | variant=proxy_hardened_no_worst_hours | Side=BUY | score=76.0 | opposite_score=4.0 | session=LONDON | RR=2.00,True
proxy_hardened_no_worst_hours,50,222,271,2023-03-15 10:00:00,2023-05-30 14:00:00,50,19,31,38.0,1.0202789084985506,3.214203363502982,54.282795973742864,7,LONDON,15,SELL,V50 realtime loss proxy | variant=proxy_hardened_no_worst_hours | Side=BUY | score=76.0 | opposite_score=4.0 | session=LONDON | RR=2.00,True
proxy_hardened_no_worst_hours,50,223,272,2023-03-15 14:15:00,2023-05-31 15:45:00,50,18,32,36.0,0.9200908268964413,-13.107061421534574,54.28279597374286,7,LONDON,15,BUY,V50 realtime loss proxy | variant=proxy_hardened_no_worst_hours | Side=BUY | score=76.0 | opposite_score=4.0 | session=LONDON | RR=2.00,True
proxy_hardened_no_worst_hours,50,224,273,2023-03-16 14:00:00,2023-05-31 18:00:00,50,18,32,36.0,0.9457544247667964,-8.656161208656837,54.282795973742864,7,LONDON,15,BUY,V50 realtime loss proxy | variant=proxy_hardened_no_worst_hours | Side=BUY | score=76.0 | opposite_score=4.0 | session=LONDON | RR=2.00,True
proxy_hardened_no_worst_hours,50,225,274,2023-03-17 10:15:00,2023-06-01 19:00:00,50,19,31,38.0,1.024403476214778,3.7451286896898672,54.282795973742864,7,LONDON,15,SELL,V50 realtime loss proxy | variant=proxy_hardened_no_worst_hours | Side=BUY | score=76.0 | opposite_score=4.0 | session=LONDON | RR=2.00,True
proxy_hardened_no_worst_hours,50,226,275,2023-03-20 18:15:00,2023-06-02 10:15:00,50,18,32,36.0,0.9648597321337111,-5.478587278196979,54.282795973742864,7,LONDON,15,BUY,V50 realtime loss proxy | variant=proxy_hardened_no_worst_hours | Side=BUY | score=76.0 | opposite_score=4.0 | session=LONDON | RR=2.00,True
proxy_hardened_no_worst_hours,50,227,276,2023-03-22 18:00:00,2023-06-05 10:00:00,50,18,32,36.0,0.9854589206752519,-2.2196567359101103,54.282795973742864,7,LONDON,15,SELL,V50 realtime loss proxy | variant=proxy_hardened_no_worst_hours | Side=BUY | score=76.0 | opposite_score=4.0 | session=LONDON | RR=2.00,True
proxy_hardened_no_worst_hours,50,228,277,2023-03-23 10:15:00,2023-06-06 13:00:00,50,17,33,34.0,0.8828129422913613,-18.281872397944866,54.282795973742864,7,LONDON,15,BUY,V50 realtime loss proxy | variant=proxy_hardened_no_worst_hours | Side=BUY | score=76.0 | opposite_score=4.0 | session=LONDON | RR=2.00,True
proxy_hardened_no_worst_hours,50,229,278,2023-03-23 13:15:00,2023-06-06 18:15:00,50,17,33,34.0,0.8921082014918875,-16.656379801606807,54.282795973742864,7,LONDON,15,BUY,V50 realtime loss proxy | variant=proxy_hardened_no_worst_hours | Side=BUY | score=76.0 | opposite_score=4.0 | session=LONDON | RR=2.00,True
proxy_hardened_no_worst_hours,50,230,279,2023-03-24 14:30:00,2023-06-07 13:00:00,50,16,34,32.0,0.8046241564699601,-30.724800537806907,54.282795973742864,7,LONDON,15,BUY,V50 realtime loss proxy | variant=proxy_hardened_no_worst_hours | Side=BUY | score=76.0 | opposite_score=4.0 | session=LONDON | RR=2.00,True
proxy_hardened_no_worst_hours,50,231,280,2023-03-27 14:45:00,2023-06-07 15:00:00,50,17,33,34.0,0.903565111103736,-14.46107752116494,54.28279597374286,7,LONDON,15,BUY,V50 realtime loss proxy | variant=proxy_hardened_no_worst_hours | Side=BUY | score=76.0 | opposite_score=4.0 | session=LONDON | RR=2.00,True
proxy_hardened_no_worst_hours,50,232,281,2023-03-30 13:00:00,2023-06-08 18:30:00,50,17,33,34.0,0.9213473552155541,-11.566870157604168,54.282795973742864,7,LONDON,15,BUY,V50 realtime loss proxy | variant=proxy_hardened_no_worst_hours | Side=BUY | score=76.0 | opposite_score=4.0 | session=LONDON | RR=2.00,True
proxy_hardened_no_worst_hours,50,233,282,2023-03-30 14:15:00,2023-06-14 15:45:00,50,17,33,34.0,0.9243271694008239,-11.092774481809547,54.282795973742864,7,LONDON,15,BUY,V50 realtime loss proxy | variant=proxy_hardened_no_worst_hours | Side=BUY | score=76.0 | opposite_score=4.0 | session=LONDON | RR=2.00,True
proxy_hardened_no_worst_hours,50,234,283,2023-04-03 13:30:00,2023-06-15 10:15:00,50,17,33,34.0,0.9101583515203291,-13.16976169343729,54.282795973742864,7,LONDON,15,BUY,V50 realtime loss proxy | variant=proxy_hardened_no_worst_hours | Side=BUY | score=76.0 | opposite_score=4.0 | session=LONDON | RR=2.00,True
proxy_hardened_no_worst_hours,50,235,284,2023-04-03 19:00:00,2023-06-19 14:00:00,50,16,34,32.0,0.8350807504317135,-24.55776216415301,54.28279597374286,7,LONDON,15,BUY,V50 realtime loss proxy | variant=proxy_hardened_no_worst_hours | Side=BUY | score=96.0 | opposite_score=4.0 | session=LONDON | RR=2.00,True
proxy_hardened_no_worst_hours,50,236,285,2023-04-04 10:00:00,2023-06-21 10:00:00,50,17,33,34.0,0.8966577533145296,-14.948413995624835,54.28279597374286,7,LONDON,15,BUY,V50 realtime loss proxy | variant=proxy_hardened_no_worst_hours | Side=BUY | score=96.0 | opposite_score=4.0 | session=LONDON | RR=2.00,True
proxy_hardened_no_worst_hours,50,237,286,2023-04-05 10:00:00,2023-06-21 13:45:00,50,17,33,34.0,0.8810755160658758,-17.50661047927974,54.282795973742864,7,LONDON,13,BUY,V50 realtime loss proxy | variant=proxy_hardened_no_worst_hours | Side=BUY | score=96.0 | opposite_score=4.0 | session=LONDON | RR=2.00,True
proxy_hardened_no_worst_hours,50,238,287,2023-04-05 14:00:00,2023-06-22 10:15:00,50,16,34,32.0,0.8246493697444303,-26.312534742032078,54.28279597374286,7,LONDON,13,BUY,V50 realtime loss proxy | variant=proxy_hardened_no_worst_hours | Side=BUY | score=96.0 | opposite_score=4.0 | session=LONDON | RR=2.00,True
proxy_hardened_no_worst_hours,50,239,288,2023-04-06 10:00:00,2023-06-22 13:30:00,50,17,33,34.0,0.9163422943263454,-12.053759640528591,54.28279597374286,7,LONDON,15,BUY,V50 realtime loss proxy | variant=proxy_hardened_no_worst_hours | Side=BUY | score=96.0 | opposite_score=4.0 | session=LONDON | RR=2.00,True
proxy_hardened_no_worst_hours,50,240,289,2023-04-11 10:00:00,2023-06-23 14:45:00,50,17,33,34.0,0.9071661210845895,-13.511201902641911,54.28279597374286,7,LONDON,15,BUY,V50 realtime loss proxy | variant=proxy_hardened_no_worst_hours | Side=BUY | score=76.0 | opposite_score=4.0 | session=LONDON | RR=2.00,True
proxy_hardened_no_worst_hours,50,241,290,2023-04-11 14:15:00,2023-06-27 13:45:00,50,18,32,36.0,0.9830662039396882,-2.4107203068347154,54.282795973742864,7,LONDON,15,BUY,V50 realtime loss proxy | variant=proxy_hardened_no_worst_hours | Side=BUY | score=76.0 | opposite_score=4.0 | session=LONDON | RR=2.00,True
proxy_hardened_no_worst_hours,50,242,291,2023-04-12 19:30:00,2023-06-28 14:45:00,50,17,33,34.0,0.9021932284800828,-14.343147848850546,54.28279597374286,7,LONDON,15,BUY,V50 realtime loss proxy | variant=proxy_hardened_no_worst_hours | Side=BUY | score=76.0 | opposite_score=4.0 | session=LONDON | RR=2.00,True
proxy_hardened_no_worst_hours,50,243,292,2023-04-13 15:00:00,2023-07-02 22:00:00,50,16,34,32.0,0.8260037903789247,-25.954666602957325,54.28279597374284,7,LONDON,15,BUY,V50 realtime loss proxy | variant=proxy_hardened_no_worst_hours | Side=BUY | score=76.0 | opposite_score=4.0 | session=LONDON | RR=2.00,True
proxy_hardened_no_worst_hours,50,244,293,2023-04-20 14:15:00,2023-07-03 10:00:00,50,16,34,32.0,0.8468925356557888,-22.275413067216952,48.24859298955487,7,LONDON,15,BUY,V50 realtime loss proxy | variant=proxy_hardened_no_worst_hours | Side=BUY | score=76.0 | opposite_score=4.0 | session=LONDON | RR=2.00,True
proxy_hardened_no_worst_hours,50,245,294,2023-04-20 18:30:00,2023-07-04 13:15:00,50,16,34,32.0,0.8693008399268445,-18.52509332766794,42.42451414106731,7,LONDON,15,BUY,V50 realtime loss proxy | variant=proxy_hardened_no_worst_hours | Side=BUY | score=76.0 | opposite_score=4.0 | session=LONDON | RR=2.00,True
proxy_hardened_no_worst_hours,50,246,295,2023-04-21 10:45:00,2023-07-06 10:00:00,50,16,34,32.0,0.8820224541866826,-16.48076715152297,38.22443206391929,7,LONDON,15,BUY,V50 realtime loss proxy | variant=proxy_hardened_no_worst_hours | Side=BUY | score=76.0 | opposite_score=4.0 | session=LONDON | RR=2.00,True
proxy_hardened_no_worst_hours,50,247,296,2023-04-21 14:15:00,2023-07-06 13:30:00,50,16,34,32.0,0.8733282251795054,-17.871461356077127,36.29937172041473,7,LONDON,13,BUY,V50 realtime loss proxy | variant=proxy_hardened_no_worst_hours | Side=BUY | score=76.0 | opposite_score=4.0 | session=LONDON | RR=2.00,True
proxy_hardened_no_worst_hours,50,248,297,2023-04-25 18:45:00,2023-07-07 18:30:00,50,16,34,32.0,0.9037415334669425,-13.123582455215226,36.29937172041473,7,NEW YORK,13,BUY,V50 realtime loss proxy | variant=proxy_hardened_no_worst_hours | Side=BUY | score=76.0 | opposite_score=4.0 | session=LONDON | RR=2.00,True
proxy_hardened_no_worst_hours,50,249,298,2023-04-26 13:45:00,2023-07-11 22:15:00,50,16,34,32.0,0.8555668399716754,-19.691571590204596,36.299371720414726,7,NEW YORK,18,BUY,V50 realtime loss proxy | variant=proxy_hardened_no_worst_hours | Side=BUY | score=76.0 | opposite_score=4.0 | session=LONDON | RR=2.00,True
proxy_hardened_no_worst_hours,50,250,299,2023-04-27 10:00:00,2023-07-12 22:00:00,50,17,33,34.0,0.9284436329147417,-9.352208279668499,36.29937172041474,7,NEW YORK,18,BUY,V50 realtime loss proxy | variant=proxy_hardened_no_worst_hours | Side=BUY | score=76.0 | opposite_score=4.0 | session=LONDON | RR=2.00,True
proxy_hardened_no_worst_hours,50,251,300,2023-04-28 10:15:00,2023-07-18 18:15:00,50,17,33,34.0,0.9223659902808276,-10.213395875299279,36.29937172041473,7,NEW YORK,18,BUY,V50 realtime loss proxy | variant=proxy_hardened_no_worst_hours | Side=BUY | score=76.0 | opposite_score=4.0 | session=LONDON | RR=2.00,True
proxy_hardened_no_worst_hours,50,252,301,2023-04-28 14:00:00,2023-07-19 13:00:00,50,17,33,34.0,0.9218358314671566,-10.289056609064117,36.29937172041473,7,NEW YORK,18,BUY,V50 realtime loss proxy | variant=proxy_hardened_no_worst_hours | Side=BUY | score=76.0 | opposite_score=4.0 | session=LONDON | RR=2.00,True
proxy_hardened_no_worst_hours,50,253,302,2023-05-02 14:00:00,2023-07-21 14:45:00,50,17,33,34.0,0.9275496744636281,-9.478172163863515,36.29937172041474,7,NEW YORK,18,BUY,V50 realtime loss proxy | variant=proxy_hardened_no_worst_hours | Side=BUY | score=76.0 | opposite_score=4.0 | session=LONDON | RR=2.00,True
proxy_hardened_no_worst_hours,50,254,303,2023-05-03 14:30:00,2023-07-25 22:30:00,50,16,34,32.0,0.844986909760307,-20.620875667722203,36.29937172041474,7,NEW YORK,18,BUY,V50 realtime loss proxy | variant=proxy_hardened_no_worst_hours | Side=BUY | score=76.0 | opposite_score=4.0 | session=LONDON | RR=2.00,True
proxy_hardened_no_worst_hours,50,255,304,2023-05-03 18:00:00,2023-07-26 10:30:00,50,15,35,30.0,0.764171880947009,-31.843947902552827,36.29937172041473,7,LONDON,18,BUY,V50 realtime loss proxy | variant=proxy_hardened_no_worst_hours | Side=BUY | score=76.0 | opposite_score=4.0 | session=LONDON | RR=2.00,True
proxy_hardened_no_worst_hours,50,256,305,2023-05-04 15:00:00,2023-07-26 15:00:00,50,15,35,30.0,0.778609109152847,-29.340170827771765,37.97811453678921,7,LONDON,15,BUY,V50 realtime loss proxy | variant=proxy_hardened_no_worst_hours | Side=BUY | score=76.0 | opposite_score=4.0 | session=LONDON | RR=2.00,True
proxy_hardened_no_worst_hours,50,257,306,2023-05-08 15:15:00,2023-07-28 18:00:00,50,15,35,30.0,0.8063472074431008,-24.78129790207344,41.224902603433335,7,NEW YORK,18,BUY,V50 realtime loss proxy | variant=proxy_hardened_no_worst_hours | Side=BUY | score=76.0 | opposite_score=4.0 | session=LONDON | RR=2.00,True
proxy_hardened_no_worst_hours,50,258,307,2023-05-09 13:45:00,2023-08-02 13:30:00,50,16,34,32.0,0.8883078876557132,-13.864893038021814,41.22490260343334,7,NEW YORK,18,BUY,V50 realtime loss proxy | variant=proxy_hardened_no_worst_hours | Side=BUY | score=76.0 | opposite_score=4.0 | session=LONDON | RR=2.00,True
proxy_hardened_no_worst_hours,50,259,308,2023-05-10 13:45:00,2023-08-04 10:00:00,50,16,34,32.0,0.8980727510896325,-12.515157529121325,41.22490260343334,7,NEW YORK,18,BUY,V50 realtime loss proxy | variant=proxy_hardened_no_worst_hours | Side=BUY | score=76.0 | opposite_score=4.0 | session=LONDON | RR=2.00,True
proxy_hardened_no_worst_hours,50,260,309,2023-05-11 13:00:00,2023-08-04 14:45:00,50,16,34,32.0,0.9077943523105404,-11.200246573420369,41.22490260343332,7,NEW YORK,18,BUY,V50 realtime loss proxy | variant=proxy_hardened_no_worst_hours | Side=BUY | score=90.0 | opposite_score=4.0 | session=LONDON | RR=2.00,True
proxy_hardened_no_worst_hours,50,261,310,2023-05-12 10:30:00,2023-08-07 13:45:00,50,16,34,32.0,0.9237879026434437,-9.097230114373357,44.40462555737493,7,NEW YORK,18,BUY,V50 realtime loss proxy | variant=proxy_hardened_no_worst_hours | Side=BUY | score=89.0 | opposite_score=30.0 | session=NEW YORK | RR=2.00,True
proxy_hardened_no_worst_hours,50,262,311,2023-05-16 10:00:00,2023-08-07 15:00:00,50,16,34,32.0,0.9253695672890719,-8.893204609535811,47.81984808011899,7,NEW YORK,18,BUY,V50 realtime loss proxy | variant=proxy_hardened_no_worst_hours | Side=BUY | score=89.0 | opposite_score=30.0 | session=NEW YORK | RR=2.00,True
proxy_hardened_no_worst_hours,50,263,312,2023-05-16 14:00:00,2023-08-08 10:15:00,50,16,34,32.0,0.9277461552080668,-8.610002678789435,47.819848080118994,7,NEW YORK,18,BUY,V50 realtime loss proxy | variant=proxy_hardened_no_worst_hours | Side=BUY | score=89.0 | opposite_score=30.0 | session=NEW YORK | RR=2.00,True
proxy_hardened_no_worst_hours,50,264,313,2023-05-17 13:00:00,2023-08-08 13:30:00,50,15,35,30.0,0.8208150535057053,-22.132829718115538,47.81984808011903,7,NEW YORK,18,BUY,V50 realtime loss proxy | variant=proxy_hardened_no_worst_hours | Side=BUY | score=89.0 | opposite_score=30.0 | session=NEW YORK | RR=2.00,True
proxy_hardened_no_worst_hours,50,265,314,2023-05-17 14:45:00,2023-08-09 13:15:00,50,14,36,28.000000000000004,0.7534257628905421,-31.09426996387014,49.890998488061264,7,LONDON,18,BUY,V50 realtime loss proxy | variant=proxy_hardened_no_worst_hours | Side=BUY | score=89.0 | opposite_score=30.0 | session=NEW YORK | RR=2.00,True
proxy_hardened_no_worst_hours,50,266,315,2023-05-18 10:30:00,2023-08-10 15:15:00,50,13,37,26.0,0.6597901884734722,-44.4233191973144,54.362137400537904,7,LONDON,18,BUY,V50 realtime loss proxy | variant=proxy_hardened_no_worst_hours | Side=BUY | score=89.0 | opposite_score=30.0 | session=NEW YORK | RR=2.00,True
proxy_hardened_no_worst_hours,50,267,316,2023-05-19 13:45:00,2023-08-15 10:00:00,50,13,37,26.0,0.6467741885402514,-46.122899574233074,54.362137400537904,7,LONDON,18,BUY,V50 realtime loss proxy | variant=proxy_hardened_no_worst_hours | Side=BUY | score=89.0 | opposite_score=30.0 | session=NEW YORK | RR=2.00,True
proxy_hardened_no_worst_hours,50,268,317,2023-05-22 13:00:00,2023-08-15 13:30:00,50,13,37,26.0,0.6449845897340496,-46.48520139235187,54.62205762998306,7,LONDON,18,BUY,V50 realtime loss proxy | variant=proxy_hardened_no_worst_hours | Side=BUY | score=89.0 | opposite_score=30.0 | session=NEW YORK | RR=2.00,True
proxy_hardened_no_worst_hours,50,269,318,2023-05-26 13:00:00,2023-08-21 15:00:00,50,13,37,26.0,0.6464211995415362,-46.19420289393906,58.24168876861607,7,LONDON,18,BUY,V50 realtime loss proxy | variant=proxy_hardened_no_worst_hours | Side=BUY | score=89.0 | opposite_score=30.0 | session=NEW YORK | RR=2.00,True
proxy_hardened_no_worst_hours,50,270,319,2023-05-26 15:45:00,2023-08-22 14:45:00,50,12,38,24.0,0.574026569289976,-57.22343395234997,61.92983009038272,7,LONDON,18,BUY,V50 realtime loss proxy | variant=proxy_hardened_no_worst_hours | Side=BUY | score=89.0 | opposite_score=30.0 | session=NEW YORK | RR=2.00,True
proxy_hardened_no_worst_hours,50,271,320,2023-05-30 14:00:00,2023-08-23 10:45:00,50,13,37,26.0,0.6291973176742911,-48.03108562893429,61.92983009038272,7,LONDON,18,BUY,V50 realtime loss proxy | variant=proxy_hardened_no_worst_hours | Side=BUY | score=89.0 | opposite_score=30.0 | session=NEW YORK | RR=2.00,True
proxy_hardened_no_worst_hours,50,272,321,2023-05-31 15:45:00,2023-08-23 13:00:00,50,13,37,26.0,0.6030771267497564,-51.41450540106642,61.92983009038271,7,LONDON,14,BUY,V50 realtime loss proxy | variant=proxy_hardened_no_worst_hours | Side=BUY | score=72.0 | opposite_score=30.0 | session=LONDON | RR=2.00,True
proxy_hardened_no_worst_hours,50,273,322,2023-05-31 18:00:00,2023-08-25 14:00:00,50,13,37,26.0,0.6123820755045946,-49.446297136138796,58.13783380164162,7,LONDON,14,BUY,V50 realtime loss proxy | variant=proxy_hardened_no_worst_hours | Side=BUY | score=72.0 | opposite_score=30.0 | session=LONDON | RR=2.00,True
proxy_hardened_no_worst_hours,50,274,323,2023-06-01 19:00:00,2023-08-30 10:00:00,50,14,36,28.000000000000004,0.6613135253682864,-41.64704003713313,58.13783380164163,7,LONDON,14,BUY,V50 realtime loss proxy | variant=proxy_hardened_no_worst_hours | Side=BUY | score=72.0 | opposite_score=30.0 | session=LONDON | RR=2.00,True
proxy_hardened_no_worst_hours,50,275,324,2023-06-02 10:15:00,2023-08-30 18:00:00,50,13,37,26.0,0.5986244703041976,-50.303718228351265,58.13783380164163,7,LONDON,14,BUY,V50 realtime loss proxy | variant=proxy_hardened_no_worst_hours | Side=BUY | score=72.0 | opposite_score=30.0 | session=LONDON | RR=2.00,True
proxy_hardened_no_worst_hours,50,276,325,2023-06-05 10:00:00,2023-09-05 13:00:00,50,13,37,26.0,0.59586318998995,-50.88450021115795,58.13783380164162,7,LONDON,14,BUY,V50 realtime loss proxy | variant=proxy_hardened_no_worst_hours | Side=BUY | score=72.0 | opposite_score=30.0 | session=LONDON | RR=2.00,True
proxy_hardened_no_worst_hours,50,277,326,2023-06-06 13:00:00,2023-09-05 15:00:00,50,14,36,28.000000000000004,0.6701747225466252,-40.43025485677139,58.13783380164162,7,LONDON,14,BUY,V50 realtime loss proxy | variant=proxy_hardened_no_worst_hours | Side=BUY | score=72.0 | opposite_score=30.0 | session=LONDON | RR=2.00,True
proxy_hardened_no_worst_hours,50,278,327,2023-06-06 18:15:00,2023-09-08 13:15:00,50,14,36,28.000000000000004,0.6755865143769705,-39.4483200532727,58.13783380164163,7,LONDON,14,BUY,V50 realtime loss proxy | variant=proxy_hardened_no_worst_hours | Side=BUY | score=72.0 | opposite_score=30.0 | session=LONDON | RR=2.00,True
proxy_hardened_no_worst_hours,50,279,328,2023-06-07 13:00:00,2023-09-11 15:30:00,50,15,35,30.0,0.7401133928232547,-30.76336932967547,58.137833801641634,7,LONDON,14,BUY,V50 realtime loss proxy | variant=proxy_hardened_no_worst_hours | Side=BUY | score=72.0 | opposite_score=30.0 | session=LONDON | RR=2.00,True
proxy_hardened_no_worst_hours,50,280,329,2023-06-07 15:00:00,2023-09-12 14:45:00,50,15,35,30.0,0.737643219957657,-31.15976690725506,58.13783380164165,7,LONDON,14,BUY,V50 realtime loss proxy | variant=proxy_hardened_no_worst_hours | Side=BUY | score=72.0 | opposite_score=30.0 | session=LONDON | RR=2.00,True
proxy_hardened_no_worst_hours,50,281,330,2023-06-08 18:30:00,2023-09-13 14:00:00,50,15,35,30.0,0.7244805228081502,-32.72308299530596,58.13783380164162,7,LONDON,14,BUY,V50 realtime loss proxy | variant=proxy_hardened_no_worst_hours | Side=BUY | score=72.0 | opposite_score=30.0 | session=LONDON | RR=2.00,True
proxy_hardened_no_worst_hours,50,282,331,2023-06-14 15:45:00,2023-09-14 13:15:00,50,15,35,30.0,0.725334306537086,-32.58328158161089,58.13783380164163,7,LONDON,14,BUY,V50 realtime loss proxy | variant=proxy_hardened_no_worst_hours | Side=BUY | score=72.0 | opposite_score=30.0 | session=LONDON | RR=2.00,True
proxy_hardened_no_worst_hours,50,283,332,2023-06-15 10:15:00,2023-09-14 15:30:00,50,15,35,30.0,0.7213161742257208,-33.24411038795324,58.13783380164164,7,LONDON,14,BUY,V50 realtime loss proxy | variant=proxy_hardened_no_worst_hours | Side=BUY | score=72.0 | opposite_score=30.0 | session=LONDON | RR=2.00,True
proxy_hardened_no_worst_hours,50,284,333,2023-06-19 14:00:00,2023-09-19 14:30:00,50,14,36,28.000000000000004,0.647081132926988,-43.06893329703712,58.13783380164163,7,LONDON,14,BUY,V50 realtime loss proxy | variant=proxy_hardened_no_worst_hours | Side=BUY | score=72.0 | opposite_score=30.0 | session=LONDON | RR=2.00,True
proxy_hardened_no_worst_hours,50,285,334,2023-06-21 10:00:00,2023-09-22 14:00:00,50,14,36,28.000000000000004,0.6463301932531843,-43.21072141712921,58.137833801641634,7,LONDON,14,BUY,V50 realtime loss proxy | variant=proxy_hardened_no_worst_hours | Side=BUY | score=72.0 | opposite_score=30.0 | session=LONDON | RR=2.00,True
proxy_hardened_no_worst_hours,50,286,335,2023-06-21 13:45:00,2023-09-26 10:30:00,50,14,36,28.000000000000004,0.6311010080137632,-45.07139504048314,58.13783380164163,7,LONDON,14,BUY,V50 realtime loss proxy | variant=proxy_hardened_no_worst_hours | Side=SELL | score=96.0 | opposite_score=4.0 | session=LONDON | RR=2.00,True
proxy_hardened_no_worst_hours,50,287,336,2023-06-22 10:15:00,2023-10-02 14:00:00,50,14,36,28.000000000000004,0.6350180191394988,-44.31775790854613,58.13783380164163,7,LONDON,14,BUY,V50 realtime loss proxy | variant=proxy_hardened_no_worst_hours | Side=SELL | score=100.0 | opposite_score=8.0 | session=LONDON | RR=2.00,True
proxy_hardened_no_worst_hours,50,288,337,2023-06-22 13:30:00,2023-10-02 15:30:00,50,15,35,30.0,0.732183286207179,-31.756530700878102,58.13783380164163,7,LONDON,14,BUY,V50 realtime loss proxy | variant=proxy_hardened_no_worst_hours | Side=SELL | score=100.0 | opposite_score=8.0 | session=LONDON | RR=2.00,True
proxy_hardened_no_worst_hours,50,289,338,2023-06-23 14:45:00,2023-10-04 14:00:00,50,14,36,28.000000000000004,0.6396435970001608,-44.24302709340827,58.13783380164162,7,LONDON,14,BUY,V50 realtime loss proxy | variant=proxy_hardened_no_worst_hours | Side=SELL | score=100.0 | opposite_score=8.0 | session=LONDON | RR=2.00,True
proxy_hardened_no_worst_hours,50,290,339,2023-06-27 13:45:00,2023-10-05 10:00:00,50,15,35,30.0,0.6993125531004422,-35.53868176466881,58.13783380164163,7,LONDON,14,BUY,V50 realtime loss proxy | variant=proxy_hardened_no_worst_hours | Side=SELL | score=100.0 | opposite_score=8.0 | session=LONDON | RR=2.00,True
proxy_hardened_no_worst_hours,50,291,340,2023-06-28 14:45:00,2023-10-05 13:15:00,50,14,36,28.000000000000004,0.6139304711764052,-46.99545816418595,58.13783380164163,7,LONDON,14,SELL,V50 realtime loss proxy | variant=proxy_hardened_no_worst_hours | Side=SELL | score=100.0 | opposite_score=8.0 | session=LONDON | RR=2.00,True
proxy_hardened_no_worst_hours,50,292,341,2023-07-02 22:00:00,2023-10-06 13:00:00,50,14,36,28.000000000000004,0.6160488482138048,-46.57687816520047,53.85151622710779,7,LONDON,13,SELL,V50 realtime loss proxy | variant=proxy_hardened_no_worst_hours | Side=SELL | score=76.0 | opposite_score=4.0 | session=LONDON | RR=2.00,True
proxy_hardened_no_worst_hours,50,293,342,2023-07-03 10:00:00,2023-10-09 14:15:00,50,15,35,30.0,0.6864045329772935,-37.25174993193582,51.33131599058504,7,LONDON,13,SELL,V50 realtime loss proxy | variant=proxy_hardened_no_worst_hours | Side=SELL | score=76.0 | opposite_score=4.0 | session=LONDON | RR=2.00,True
proxy_hardened_no_worst_hours,50,294,343,2023-07-04 13:15:00,2023-10-11 18:45:00,50,16,34,32.0,0.753655349702913,-28.682951027469464,48.97636654213743,7,LONDON,13,SELL,V50 realtime loss proxy | variant=proxy_hardened_no_worst_hours | Side=SELL | score=76.0 | opposite_score=4.0 | session=LONDON | RR=2.00,True
proxy_hardened_no_worst_hours,50,295,344,2023-07-06 10:00:00,2023-10-16 13:00:00,50,16,34,32.0,0.7415493016331617,-30.583780073971866,46.90260743319888,7,LONDON,13,SELL,V50 realtime loss proxy | variant=proxy_hardened_no_worst_hours | Side=SELL | score=76.0 | opposite_score=4.0 | session=LONDON | RR=2.00,True
proxy_hardened_no_worst_hours,50,296,345,2023-07-06 13:30:00,2023-10-16 13:45:00,50,16,34,32.0,0.7287175286753388,-32.66750747380842,44.74685153219584,7,LONDON,13,SELL,V50 realtime loss proxy | variant=proxy_hardened_no_worst_hours | Side=SELL | score=76.0 | opposite_score=4.0 | session=LONDON | RR=2.00,True
proxy_hardened_no_worst_hours,50,297,346,2023-07-07 18:30:00,2023-10-17 13:00:00,50,16,34,32.0,0.739357425462691,-30.934592548674118,43.366015035549566,7,LONDON,13,SELL,V50 realtime loss proxy | variant=proxy_hardened_no_worst_hours | Side=SELL | score=76.0 | opposite_score=4.0 | session=LONDON | RR=2.00,True
proxy_hardened_no_worst_hours,50,298,347,2023-07-11 22:15:00,2023-10-18 18:00:00,50,16,34,32.0,0.7304368995660955,-32.38405442577663,43.366015035549566,7,LONDON,13,BUY,V50 realtime loss proxy | variant=proxy_hardened_no_worst_hours | Side=SELL | score=76.0 | opposite_score=4.0 | session=LONDON | RR=2.00,True
proxy_hardened_no_worst_hours,50,299,348,2023-07-12 22:00:00,2023-10-19 10:30:00,50,16,34,32.0,0.7528317132562918,-29.6936458934847,43.36601503554957,7,LONDON,13,SELL,V50 realtime loss proxy | variant=proxy_hardened_no_worst_hours | Side=SELL | score=76.0 | opposite_score=4.0 | session=LONDON | RR=2.00,True
proxy_hardened_no_worst_hours,50,300,349,2023-07-18 18:15:00,2023-10-19 13:00:00,50,16,34,32.0,0.7732358567875649,-27.242387195374697,43.366015035549566,7,LONDON,13,SELL,V50 realtime loss proxy | variant=proxy_hardened_no_worst_hours | Side=SELL | score=76.0 | opposite_score=4.0 | session=LONDON | RR=2.00,True
proxy_hardened_no_worst_hours,50,301,350,2023-07-19 13:00:00,2023-10-20 13:45:00,50,17,33,34.0,0.8829498348130621,-13.569440231053704,39.15909203559569,6,LONDON,14,SELL,V50 realtime loss proxy | variant=proxy_hardened_no_worst_hours | Side=SELL | score=76.0 | opposite_score=4.0 | session=LONDON | RR=2.00,True
proxy_hardened_no_worst_hours,50,302,351,2023-07-21 14:45:00,2023-10-23 13:00:00,50,17,33,34.0,0.8750941664214144,-14.610122739783266,36.038159966038336,5,LONDON,14,SELL,V50 realtime loss proxy | variant=proxy_hardened_no_worst_hours | Side=SELL | score=76.0 | opposite_score=4.0 | session=LONDON | RR=2.00,True
proxy_hardened_no_worst_hours,50,303,352,2023-07-25 22:30:00,2023-10-24 18:30:00,50,17,33,34.0,0.8778112348663915,-14.248071043811933,31.665892360711368,4,NEW YORK,13,SELL,V50 realtime loss proxy | variant=proxy_hardened_no_worst_hours | Side=SELL | score=76.0 | opposite_score=4.0 | session=LONDON | RR=2.00,True
proxy_hardened_no_worst_hours,50,304,353,2023-07-26 10:30:00,2023-10-25 14:00:00,50,17,33,34.0,0.8557294284817273,-17.257076160283987,29.462263879907397,4,LONDON,14,SELL,V50 realtime loss proxy | variant=proxy_hardened_no_worst_hours | Side=SELL | score=76.0 | opposite_score=4.0 | session=LONDON | RR=2.00,True
proxy_hardened_no_worst_hours,50,305,354,2023-07-26 15:00:00,2023-10-26 18:00:00,50,17,33,34.0,0.8381797816072053,-19.7615740212525,27.78859029088718,4,NEW YORK,14,SELL,V50 realtime loss proxy | variant=proxy_hardened_no_worst_hours | Side=SELL | score=76.0 | opposite_score=4.0 | session=LONDON | RR=2.00,True
proxy_hardened_no_worst_hours,50,306,355,2023-07-28 18:00:00,2023-10-30 14:00:00,50,17,33,34.0,0.8332265785462105,-20.487532477349077,27.788590290887175,5,NEW YORK,14,SELL,V50 realtime loss proxy | variant=proxy_hardened_no_worst_hours | Side=SELL | score=76.0 | opposite_score=4.0 | session=LONDON | RR=2.00,True
proxy_hardened_no_worst_hours,50,307,356,2023-08-02 13:30:00,2023-11-01 14:45:00,50,17,33,34.0,0.8266736056593,-21.46132652572419,28.54498932966196,6,LONDON,14,SELL,V50 realtime loss proxy | variant=proxy_hardened_no_worst_hours | Side=SELL | score=76.0 | opposite_score=4.0 | session=LONDON | RR=2.00,True
proxy_hardened_no_worst_hours,50,308,357,2023-08-04 10:00:00,2023-11-02 10:00:00,50,16,34,32.0,0.7546499192024476,-30.97569497437098,30.975694974370953,7,LONDON,14,SELL,V50 realtime loss proxy | variant=proxy_hardened_no_worst_hours | Side=SELL | score=76.0 | opposite_score=4.0 | session=LONDON | RR=2.00,True
proxy_hardened_no_worst_hours,50,309,358,2023-08-04 14:45:00,2023-11-03 10:15:00,50,16,34,32.0,0.754084578535354,-31.070345933991803,31.07034593399179,8,LONDON,14,SELL,V50 realtime loss proxy | variant=proxy_hardened_no_worst_hours | Side=SELL | score=76.0 | opposite_score=4.0 | session=LONDON | RR=2.00,True
proxy_hardened_no_worst_hours,50,310,359,2023-08-07 13:45:00,2023-11-03 13:45:00,50,16,34,32.0,0.7426637867682112,-33.01330785773757,37.79675070130698,9,LONDON,13,BUY,V50 realtime loss proxy | variant=proxy_hardened_no_worst_hours | Side=BUY | score=76.0 | opposite_score=4.0 | session=LONDON | RR=2.00,True
proxy_hardened_no_worst_hours,50,311,360,2023-08-07 15:00:00,2023-11-07 14:30:00,50,16,34,32.0,0.7392136390769621,-33.612072092060544,41.67651936359475,10,LONDON,14,BUY,V50 realtime loss proxy | variant=proxy_hardened_no_worst_hours | Side=BUY | score=76.0 | opposite_score=4.0 | session=LONDON | RR=2.00,True
proxy_hardened_no_worst_hours,50,312,361,2023-08-08 10:15:00,2023-11-08 14:30:00,50,17,33,34.0,0.8072144500653593,-24.18921983655241,41.67651936359475,10,LONDON,13,BUY,V50 realtime loss proxy | variant=proxy_hardened_no_worst_hours | Side=BUY | score=76.0 | opposite_score=4.0 | session=LONDON | RR=2.00,True
proxy_hardened_no_worst_hours,50,313,362,2023-08-08 13:30:00,2023-11-09 10:45:00,50,16,34,32.0,0.7535462809192605,-31.532441106361375,41.67651936359475,10,LONDON,13,BUY,V50 realtime loss proxy | variant=proxy_hardened_no_worst_hours | Side=BUY | score=76.0 | opposite_score=4.0 | session=LONDON | RR=2.00,True
proxy_hardened_no_worst_hours,50,314,363,2023-08-09 13:15:00,2023-11-10 10:45:00,50,17,33,34.0,0.8166157206517886,-22.66417900475267,41.67651936359475,10,LONDON,13,BUY,V50 realtime loss proxy | variant=proxy_hardened_no_worst_hours | Side=BUY | score=76.0 | opposite_score=4.0 | session=LONDON | RR=2.00,True
proxy_hardened_no_worst_hours,50,315,364,2023-08-10 15:15:00,2023-11-10 15:00:00,50,18,32,36.0,0.9029054387255367,-11.74871541295852,41.67651936359475,10,NEW YORK,14,BUY,V50 realtime loss proxy | variant=proxy_hardened_no_worst_hours | Side=BUY | score=76.0 | opposite_score=4.0 | session=LONDON | RR=2.00,True
proxy_hardened_no_worst_hours,50,316,365,2023-08-15 10:00:00,2023-11-14 21:30:00,50,19,31,38.0,0.9796303169211437,-2.3737133478011874,41.67651936359475,10,NEW YORK,14,BUY,V50 realtime loss proxy | variant=proxy_hardened_no_worst_hours | Side=BUY | score=76.0 | opposite_score=4.0 | session=LONDON | RR=2.00,True
proxy_hardened_no_worst_hours,50,317,366,2023-08-15 13:30:00,2023-11-15 13:00:00,50,18,32,36.0,0.9289510520797297,-8.447799365086214,41.67651936359475,10,NEW YORK,13,BUY,V50 realtime loss proxy | variant=proxy_hardened_no_worst_hours | Side=BUY | score=76.0 | opposite_score=4.0 | session=LONDON | RR=2.00,True
proxy_hardened_no_worst_hours,50,318,367,2023-08-21 15:00:00,2023-11-16 10:00:00,50,18,32,36.0,0.9441801927379341,-6.529985509585915,41.67651936359475,10,NEW YORK,14,BUY,V50 realtime loss proxy | variant=proxy_hardened_no_worst_hours | Side=BUY | score=76.0 | opposite_score=4.0 | session=LONDON | RR=2.00,True
proxy_hardened_no_worst_hours,50,319,368,2023-08-22 14:45:00,2023-11-16 13:30:00,50,19,31,38.0,1.0227720497456703,2.581523208939643,41.67651936359475,10,NEW YORK,14,BUY,V50 realtime loss proxy | variant=proxy_hardened_no_worst_hours | Side=BUY | score=76.0 | opposite_score=4.0 | session=LONDON | RR=2.00,True
proxy_hardened_no_worst_hours,50,320,369,2023-08-23 10:45:00,2023-11-17 13:00:00,50,19,31,38.0,1.0264721369037806,2.9901611610946475,41.67651936359475,10,NEW YORK,14,BUY,V50 realtime loss proxy | variant=proxy_hardened_no_worst_hours | Side=BUY | score=76.0 | opposite_score=4.0 | session=LONDON | RR=2.00,True
proxy_hardened_no_worst_hours,50,321,370,2023-08-23 13:00:00,2023-11-20 21:00:00,50,19,31,38.0,1.034124560755564,3.8545409681728415,41.67651936359475,10,NEW YORK,14,BUY,V50 realtime loss proxy | variant=proxy_hardened_no_worst_hours | Side=BUY | score=76.0 | opposite_score=4.0 | session=LONDON | RR=2.00,True
proxy_hardened_no_worst_hours,50,322,371,2023-08-25 14:00:00,2023-11-21 19:15:00,50,18,32,36.0,0.9483604508007158,-6.026878944294822,41.67651936359475,10,NEW YORK,13,BUY,V50 realtime loss proxy | variant=proxy_hardened_no_worst_hours | Side=BUY | score=76.0 | opposite_score=4.0 | session=LONDON | RR=2.00,True
proxy_hardened_no_worst_hours,50,323,372,2023-08-30 10:00:00,2023-11-22 10:45:00,50,18,32,36.0,0.9544377866073914,-5.283730393366113,41.67651936359475,10,NEW YORK,13,BUY,V50 realtime loss proxy | variant=proxy_hardened_no_worst_hours | Side=BUY | score=76.0 | opposite_score=4.0 | session=LONDON | RR=2.00,True
proxy_hardened_no_worst_hours,50,324,373,2023-08-30 18:00:00,2023-11-24 13:00:00,50,18,32,36.0,0.9594108966788744,-4.707011861107276,41.67651936359475,10,NEW YORK,13,BUY,V50 realtime loss proxy | variant=proxy_hardened_no_worst_hours | Side=BUY | score=85.0 | opposite_score=4.0 | session=LONDON | RR=2.00,True
proxy_hardened_no_worst_hours,50,325,374,2023-09-05 13:00:00,2023-11-24 15:30:00,50,19,31,38.0,1.0345498714239392,3.9250524872220467,41.67651936359475,10,NEW YORK,13,BUY,V50 realtime loss proxy | variant=proxy_hardened_no_worst_hours | Side=BUY | score=85.0 | opposite_score=4.0 | session=LONDON | RR=2.00,True
proxy_hardened_no_worst_hours,50,326,375,2023-09-05 15:00:00,2023-11-27 10:15:00,50,19,31,38.0,1.0368488524542134,4.176947152289586,41.67651936359475,10,NEW YORK,13,BUY,V50 realtime loss proxy | variant=proxy_hardened_no_worst_hours | Side=BUY | score=85.0 | opposite_score=4.0 | session=LONDON | RR=2.00,True
proxy_hardened_no_worst_hours,50,327,376,2023-09-08 13:15:00,2023-11-27 15:15:00,50,18,32,36.0,0.944207626382141,-6.523701460787837,41.67651936359475,10,LONDON,13,BUY,V50 realtime loss proxy | variant=proxy_hardened_no_worst_hours | Side=BUY | score=85.0 | opposite_score=4.0 | session=LONDON | RR=2.00,True
proxy_hardened_no_worst_hours,50,328,377,2023-09-11 15:30:00,2023-12-01 10:15:00,50,18,32,36.0,0.9405530070229831,-6.978038469520245,41.67651936359475,10,LONDON,14,BUY,V50 realtime loss proxy | variant=proxy_hardened_no_worst_hours | Side=BUY | score=85.0 | opposite_score=4.0 | session=LONDON | RR=2.00,True
proxy_hardened_no_worst_hours,50,329,378,2023-09-12 14:45:00,2023-12-11 13:00:00,50,18,32,36.0,0.947466138931687,-6.166557552016915,41.67651936359475,10,LONDON,14,BUY,V50 realtime loss proxy | variant=proxy_hardened_no_worst_hours | Side=BUY | score=85.0 | opposite_score=4.0 | session=LONDON | RR=2.00,True
proxy_hardened_no_worst_hours,50,330,379,2023-09-13 14:00:00,2023-12-12 15:15:00,50,19,31,38.0,1.0618069319312917,7.052576630073643,41.67651936359475,10,NEW YORK,14,BUY,V50 realtime loss proxy | variant=proxy_hardened_no_worst_hours | Side=BUY | score=85.0 | opposite_score=4.0 | session=LONDON | RR=2.00,True
proxy_hardened_no_worst_hours,50,331,380,2023-09-14 13:15:00,2023-12-14 10:30:00,50,18,32,36.0,0.9601540972488521,-4.7210565599355085,41.67651936359475,10,LONDON,14,BUY,V50 realtime loss proxy | variant=proxy_hardened_no_worst_hours | Side=BUY | score=85.0 | opposite_score=4.0 | session=LONDON | RR=2.00,True
proxy_hardened_no_worst_hours,50,332,381,2023-09-14 15:30:00,2023-12-14 13:45:00,50,19,31,38.0,1.0705769664604938,8.12748138140432,41.67651936359475,10,NEW YORK,14,BUY,V50 realtime loss proxy | variant=proxy_hardened_no_worst_hours | Side=BUY | score=85.0 | opposite_score=4.0 | session=LONDON | RR=2.00,True
proxy_hardened_no_worst_hours,50,333,382,2023-09-19 14:30:00,2023-12-18 18:00:00,50,19,31,38.0,1.0694109724948693,8.001923302337667,41.67651936359475,10,NEW YORK,14,BUY,V50 realtime loss proxy | variant=proxy_hardened_no_worst_hours | Side=BUY | score=85.0 | opposite_score=4.0 | session=LONDON | RR=2.00,True
proxy_hardened_no_worst_hours,50,334,383,2023-09-22 14:00:00,2023-12-19 18:30:00,50,19,31,38.0,1.0603776713584374,7.019831311482898,41.67651936359475,10,NEW YORK,14,BUY,V50 realtime loss proxy | variant=proxy_hardened_no_worst_hours | Side=BUY | score=85.0 | opposite_score=4.0 | session=LONDON | RR=2.00,True
proxy_hardened_no_worst_hours,50,335,384,2023-09-26 10:30:00,2023-12-20 14:00:00,50,19,31,38.0,1.050947911047497,5.97662602450691,41.67651936359475,10,NEW YORK,14,BUY,V50 realtime loss proxy | variant=proxy_hardened_no_worst_hours | Side=BUY | score=85.0 | opposite_score=4.0 | session=LONDON | RR=2.00,True
proxy_hardened_no_worst_hours,50,336,385,2023-10-02 14:00:00,2023-12-21 13:00:00,50,18,32,36.0,0.9999457860671975,-0.006494894680830754,41.67651936359475,10,NEW YORK,14,BUY,V50 realtime loss proxy | variant=proxy_hardened_no_worst_hours | Side=BUY | score=85.0 | opposite_score=4.0 | session=LONDON | RR=2.00,True
proxy_hardened_no_worst_hours,50,337,386,2023-10-02 15:30:00,2023-12-21 14:00:00,50,19,31,38.0,1.1134214193752587,13.047230789607053,41.67651936359475,10,NEW YORK,18,BUY,V50 realtime loss proxy | variant=proxy_hardened_no_worst_hours | Side=BUY | score=85.0 | opposite_score=4.0 | session=LONDON | RR=2.00,False
proxy_hardened_no_worst_hours,50,338,387,2023-10-04 14:00:00,2023-12-26 10:30:00,50,18,32,36.0,1.01238796407985,1.4483973045323566,41.67651936359475,10,NEW YORK,18,BUY,V50 realtime loss proxy | variant=proxy_hardened_no_worst_hours | Side=BUY | score=85.0 | opposite_score=4.0 | session=LONDON | RR=2.00,True
proxy_hardened_no_worst_hours,50,339,388,2023-10-05 10:00:00,2023-12-27 18:45:00,50,19,31,38.0,1.119602782923444,13.481575987155107,41.67651936359475,10,NEW YORK,10,BUY,V50 realtime loss proxy | variant=proxy_hardened_no_worst_hours | Side=BUY | score=85.0 | opposite_score=4.0 | session=LONDON | RR=2.00,False
proxy_hardened_no_worst_hours,50,340,389,2023-10-05 13:15:00,2024-01-02 10:00:00,50,18,32,36.0,1.0519625308887823,6.030294869272662,41.67651936359475,10,NEW YORK,10,BUY,V50 realtime loss proxy | variant=proxy_hardened_no_worst_hours | Side=BUY | score=85.0 | opposite_score=4.0 | session=LONDON | RR=2.00,True
proxy_hardened_no_worst_hours,50,341,390,2023-10-06 13:00:00,2024-01-08 13:00:00,50,18,32,36.0,1.044983125696731,5.255195492398794,41.67651936359475,10,NEW YORK,10,BUY,V50 realtime loss proxy | variant=proxy_hardened_no_worst_hours | Side=BUY | score=85.0 | opposite_score=4.0 | session=LONDON | RR=2.00,True
proxy_hardened_no_worst_hours,50,342,391,2023-10-09 14:15:00,2024-01-12 15:45:00,50,18,32,36.0,1.0282749297177236,3.356918604645667,41.67651936359475,10,NEW YORK,10,BUY,V50 realtime loss proxy | variant=proxy_hardened_no_worst_hours | Side=BUY | score=96.0 | opposite_score=4.0 | session=LONDON | RR=2.00,True
proxy_hardened_no_worst_hours,50,343,392,2023-10-11 18:45:00,2024-01-12 19:00:00,50,18,32,36.0,1.0520466818045981,6.179201016737121,41.67651936359475,10,LONDON,10,BUY,V50 realtime loss proxy | variant=proxy_hardened_no_worst_hours | Side=BUY | score=96.0 | opposite_score=4.0 | session=LONDON | RR=2.00,True
proxy_hardened_no_worst_hours,50,344,393,2023-10-16 13:00:00,2024-01-16 14:45:00,50,18,32,36.0,1.086369759771216,10.254181225180218,41.67651936359475,10,NEW YORK,10,BUY,V50 realtime loss proxy | variant=proxy_hardened_no_worst_hours | Side=BUY | score=96.0 | opposite_score=4.0 | session=LONDON | RR=2.00,True
proxy_hardened_no_worst_hours,50,345,394,2023-10-16 13:45:00,2024-01-17 14:00:00,50,19,31,38.0,1.2047956072519126,23.50021784370483,41.67651936359475,10,NEW YORK,10,BUY,V50 realtime loss proxy | variant=proxy_hardened_no_worst_hours | Side=BUY | score=96.0 | opposite_score=4.0 | session=LONDON | RR=2.00,False
proxy_hardened_no_worst_hours,50,346,395,2023-10-17 13:00:00,2024-01-19 19:45:00,50,19,31,38.0,1.21427045000162,24.395598763808046,41.67651936359475,10,NEW YORK,10,BUY,V50 realtime loss proxy | variant=proxy_hardened_no_worst_hours | Side=BUY | score=96.0 | opposite_score=4.0 | session=LONDON | RR=2.00,False
proxy_hardened_no_worst_hours,50,347,396,2023-10-18 18:00:00,2024-01-22 10:00:00,50,19,31,38.0,1.222599224224209,25.17121371756366,41.67651936359475,10,NEW YORK,10,BUY,V50 realtime loss proxy | variant=proxy_hardened_no_worst_hours | Side=BUY | score=96.0 | opposite_score=4.0 | session=LONDON | RR=2.00,False
proxy_hardened_no_worst_hours,50,348,397,2023-10-19 10:30:00,2024-01-22 14:00:00,50,19,31,38.0,1.2374149397459522,26.525117451532424,41.67651936359475,10,NEW YORK,10,BUY,V50 realtime loss proxy | variant=proxy_hardened_no_worst_hours | Side=BUY | score=96.0 | opposite_score=4.0 | session=LONDON | RR=2.00,False
proxy_hardened_no_worst_hours,50,349,398,2023-10-19 13:00:00,2024-01-23 14:30:00,50,18,32,36.0,1.1446393879457653,16.705913304877868,41.67651936359475,10,NEW YORK,10,BUY,V50 realtime loss proxy | variant=proxy_hardened_no_worst_hours | Side=BUY | score=96.0 | opposite_score=4.0 | session=LONDON | RR=2.00,False
proxy_hardened_no_worst_hours,50,350,399,2023-10-20 13:45:00,2024-01-23 21:00:00,50,17,33,34.0,1.0585442140495553,6.916366744392466,41.67651936359475,10,NEW YORK,10,BUY,V50 realtime loss proxy | variant=proxy_hardened_no_worst_hours | Side=BUY | score=96.0 | opposite_score=4.0 | session=LONDON | RR=2.00,True
proxy_hardened_no_worst_hours,50,351,400,2023-10-23 13:00:00,2024-01-24 10:30:00,50,17,33,34.0,1.028026854942337,3.311070284571768,41.67651936359474,10,NEW YORK,10,BUY,V50 realtime loss proxy | variant=proxy_hardened_no_worst_hours | Side=BUY | score=96.0 | opposite_score=4.0 | session=LONDON | RR=2.00,True
proxy_hardened_no_worst_hours,50,352,401,2023-10-24 18:30:00,2024-01-24 13:30:00,50,17,33,34.0,1.0326086819954396,3.835270208857313,37.51490478530783,9,NEW YORK,10,BUY,V50 realtime loss proxy | variant=proxy_hardened_no_worst_hours | Side=BUY | score=96.0 | opposite_score=4.0 | session=LONDON | RR=2.00,True
proxy_hardened_no_worst_hours,50,353,402,2023-10-25 14:00:00,2024-01-26 15:30:00,50,17,33,34.0,1.0342449185472398,4.021344089811917,33.50468887595219,8,LONDON,10,BUY,V50 realtime loss proxy | variant=proxy_hardened_no_worst_hours | Side=BUY | score=96.0 | opposite_score=4.0 | session=LONDON | RR=2.00,True
proxy_hardened_no_worst_hours,50,354,403,2023-10-26 18:00:00,2024-01-29 13:00:00,50,18,32,36.0,1.1232690643423622,13.832797670289214,28.292055278676166,7,NEW YORK,10,BUY,V50 realtime loss proxy | variant=proxy_hardened_no_worst_hours | Side=BUY | score=96.0 | opposite_score=4.0 | session=LONDON | RR=2.00,False
proxy_hardened_no_worst_hours,50,355,404,2023-10-30 14:00:00,2024-01-30 10:00:00,50,18,32,36.0,1.1445361991707446,15.917938423612442,23.783903975461705,6,LONDON,10,BUY,V50 realtime loss proxy | variant=proxy_hardened_no_worst_hours | Side=BUY | score=96.0 | opposite_score=4.0 | session=LONDON | RR=2.00,False
proxy_hardened_no_worst_hours,50,356,405,2023-11-01 14:45:00,2024-01-31 10:00:00,50,19,31,38.0,1.2284945806577574,24.19718782403062,19.551050635297223,5,NEW YORK,10,BUY,V50 realtime loss proxy | variant=proxy_hardened_no_worst_hours | Side=BUY | score=96.0 | opposite_score=4.0 | session=LONDON | RR=2.00,False
proxy_hardened_no_worst_hours,50,357,406,2023-11-02 10:00:00,2024-01-31 19:30:00,50,19,31,38.0,1.2145983610880862,22.98560538943252,18.379879796220507,5,NEW YORK,10,BUY,V50 realtime loss proxy | variant=proxy_hardened_no_worst_hours | Side=BUY | score=96.0 | opposite_score=4.0 | session=LONDON | RR=2.00,False
proxy_hardened_no_worst_hours,50,358,407,2023-11-03 10:15:00,2024-02-01 15:00:00,50,20,30,40.0,1.3500850717679247,36.646617384402376,18.379879796220507,5,NEW YORK,10,BUY,V50 realtime loss proxy | variant=proxy_hardened_no_worst_hours | Side=BUY | score=96.0 | opposite_score=4.0 | session=LONDON | RR=2.00,False
proxy_hardened_no_worst_hours,50,359,408,2023-11-03 13:45:00,2024-02-01 18:15:00,50,20,30,40.0,1.2964560830910201,32.31647577711397,18.379879796220507,5,NEW YORK,10,BUY,V50 realtime loss proxy | variant=proxy_hardened_no_worst_hours | Side=BUY | score=96.0 | opposite_score=4.0 | session=LONDON | RR=2.00,False
proxy_hardened_no_worst_hours,50,360,409,2023-11-07 14:30:00,2024-02-05 15:00:00,50,20,30,40.0,1.326483934442324,34.78413900808233,18.379879796220507,5,NEW YORK,10,BUY,V50 realtime loss proxy | variant=proxy_hardened_no_worst_hours | Side=BUY | score=96.0 | opposite_score=4.0 | session=LONDON | RR=2.00,False
proxy_hardened_no_worst_hours,50,361,410,2023-11-08 14:30:00,2024-02-06 10:15:00,50,20,30,40.0,1.343810852533722,36.157872924605726,19.748039837378883,5,NEW YORK,10,BUY,V50 realtime loss proxy | variant=proxy_hardened_no_worst_hours | Side=BUY | score=96.0 | opposite_score=4.0 | session=LONDON | RR=2.00,False
proxy_hardened_no_worst_hours,50,362,411,2023-11-09 10:45:00,2024-02-07 15:15:00,50,19,31,38.0,1.2386182755119404,26.068876799000925,23.829406230219618,5,NEW YORK,10,BUY,V50 realtime loss proxy | variant=proxy_hardened_no_worst_hours | Side=BUY | score=96.0 | opposite_score=4.0 | session=LONDON | RR=2.00,False
proxy_hardened_no_worst_hours,50,363,412,2023-11-10 10:45:00,2024-02-14 14:00:00,50,20,30,40.0,1.3215446466043432,34.333500500197495,23.829406230219618,5,NEW YORK,10,BUY,V50 realtime loss proxy | variant=proxy_hardened_no_worst_hours | Side=BUY | score=96.0 | opposite_score=4.0 | session=LONDON | RR=2.00,False
proxy_hardened_no_worst_hours,50,364,413,2023-11-10 15:00:00,2024-02-14 15:15:00,50,19,31,38.0,1.234847242242768,25.97869474837603,23.829406230219618,5,NEW YORK,10,BUY,V50 realtime loss proxy | variant=proxy_hardened_no_worst_hours | Side=BUY | score=96.0 | opposite_score=4.0 | session=LONDON | RR=2.00,False
proxy_hardened_no_worst_hours,50,365,414,2023-11-14 21:30:00,2024-02-15 13:30:00,50,18,32,36.0,1.1299391899357973,14.750433726031586,24.77849528753729,5,NEW YORK,10,BUY,V50 realtime loss proxy | variant=proxy_hardened_no_worst_hours | Side=BUY | score=96.0 | opposite_score=4.0 | session=LONDON | RR=2.00,False
proxy_hardened_no_worst_hours,50,366,415,2023-11-15 13:00:00,2024-02-15 19:15:00,50,17,33,34.0,1.0551653668543532,6.4496529472853545,28.175412913602855,5,NEW YORK,10,BUY,V50 realtime loss proxy | variant=proxy_hardened_no_worst_hours | Side=BUY | score=96.0 | opposite_score=4.0 | session=LONDON | RR=2.00,True
proxy_hardened_no_worst_hours,50,367,416,2023-11-16 10:00:00,2024-02-20 14:45:00,50,17,33,34.0,1.0504052000994746,5.919824662550129,31.07468162893336,5,NEW YORK,10,BUY,V50 realtime loss proxy | variant=proxy_hardened_no_worst_hours | Side=BUY | score=96.0 | opposite_score=4.0 | session=LONDON | RR=2.00,True
proxy_hardened_no_worst_hours,50,368,417,2023-11-16 13:30:00,2024-02-21 13:30:00,50,17,33,34.0,1.0475728423937527,5.602285445175992,33.438972806942104,5,NEW YORK,10,BUY,V50 realtime loss proxy | variant=proxy_hardened_no_worst_hours | Side=BUY | score=96.0 | opposite_score=4.0 | session=LONDON | RR=2.00,True
proxy_hardened_no_worst_hours,50,369,418,2023-11-17 13:00:00,2024-02-23 13:45:00,50,17,33,34.0,1.0497738519033308,5.86148129978028,33.43897280694212,5,NEW YORK,10,BUY,V50 realtime loss proxy | variant=proxy_hardened_no_worst_hours | Side=BUY | score=96.0 | opposite_score=4.0 | session=LONDON | RR=2.00,True
proxy_hardened_no_worst_hours,50,370,419,2023-11-20 21:00:00,2024-02-23 21:30:00,50,17,33,34.0,1.0581965137353677,6.798804076314806,33.438972806942104,5,NEW YORK,10,BUY,V50 realtime loss proxy | variant=proxy_hardened_no_worst_hours | Side=BUY | score=96.0 | opposite_score=4.0 | session=LONDON | RR=2.00,True
proxy_hardened_no_worst_hours,50,371,420,2023-11-21 19:15:00,2024-02-26 10:00:00,50,16,34,32.0,0.99367426598822,-0.7535436392604442,33.438972806942125,5,NEW YORK,10,BUY,V50 realtime loss proxy | variant=proxy_hardened_no_worst_hours | Side=BUY | score=96.0 | opposite_score=4.0 | session=LONDON | RR=2.00,True
proxy_hardened_no_worst_hours,50,372,421,2023-11-22 10:45:00,2024-02-27 10:30:00,50,16,34,32.0,1.008772634264917,1.0293859965929624,34.301213461317396,5,NEW YORK,10,BUY,V50 realtime loss proxy | variant=proxy_hardened_no_worst_hours | Side=BUY | score=96.0 | opposite_score=4.0 | session=LONDON | RR=2.00,True
proxy_hardened_no_worst_hours,50,373,422,2023-11-24 13:00:00,2024-02-27 14:15:00,50,16,34,32.0,1.011750831060366,1.3747905467059809,36.76912198459828,5,NEW YORK,10,BUY,V50 realtime loss proxy | variant=proxy_hardened_no_worst_hours | Side=BUY | score=96.0 | opposite_score=4.0 | session=LONDON | RR=2.00,True
proxy_hardened_no_worst_hours,50,374,423,2023-11-24 15:30:00,2024-02-28 14:45:00,50,16,34,32.0,1.024088648891869,2.8182557139434685,36.769121984598286,5,NEW YORK,10,BUY,V50 realtime loss proxy | variant=proxy_hardened_no_worst_hours | Side=BUY | score=96.0 | opposite_score=4.0 | session=LONDON | RR=2.00,True
proxy_hardened_no_worst_hours,50,375,424,2023-11-27 10:15:00,2024-03-01 13:15:00,50,15,35,30.0,0.9459092306061923,-6.492849260408548,36.76912198459831,5,NEW YORK,10,BUY,V50 realtime loss proxy | variant=proxy_hardened_no_worst_hours | Side=BUY | score=96.0 | opposite_score=4.0 | session=LONDON | RR=2.00,True
proxy_hardened_no_worst_hours,50,376,425,2023-11-27 15:15:00,2024-03-01 15:00:00,50,16,34,32.0,1.045030618605875,5.2806533332664,36.7691219845983,5,NEW YORK,10,BUY,V50 realtime loss proxy | variant=proxy_hardened_no_worst_hours | Side=BUY | score=96.0 | opposite_score=4.0 | session=LONDON | RR=2.00,True
proxy_hardened_no_worst_hours,50,377,426,2023-12-01 10:15:00,2024-03-04 10:00:00,50,16,34,32.0,1.055380837378715,6.430712197597813,36.769121984598286,5,NEW YORK,10,BUY,V50 realtime loss proxy | variant=proxy_hardened_no_worst_hours | Side=BUY | score=96.0 | opposite_score=4.0 | session=LONDON | RR=2.00,True
proxy_hardened_no_worst_hours,50,378,427,2023-12-11 13:00:00,2024-03-05 14:00:00,50,16,34,32.0,1.022830412418159,2.7353876629631486,36.76912198459828,5,NEW YORK,10,BUY,V50 realtime loss proxy | variant=proxy_hardened_no_worst_hours | Side=BUY | score=96.0 | opposite_score=4.0 | session=LONDON | RR=2.00,True
proxy_hardened_no_worst_hours,50,379,428,2023-12-12 15:15:00,2024-03-05 18:00:00,50,15,35,30.0,0.9222681516530916,-9.800374853123461,40.80034426310587,5,NEW YORK,10,BUY,V50 realtime loss proxy | variant=proxy_hardened_no_worst_hours | Side=BUY | score=96.0 | opposite_score=4.0 | session=LONDON | RR=2.00,True
proxy_hardened_no_worst_hours,50,380,429,2023-12-14 10:30:00,2024-03-06 10:15:00,50,15,35,30.0,0.889537555333349,-13.927024610223954,40.80034426310587,5,NEW YORK,18,BUY,V50 realtime loss proxy | variant=proxy_hardened_no_worst_hours | Side=BUY | score=100.0 | opposite_score=8.0 | session=NEW YORK | RR=2.00,True
proxy_hardened_no_worst_hours,50,381,430,2023-12-14 13:45:00,2024-03-06 19:45:00,50,16,34,32.0,1.018117927519093,2.2050056779855787,40.80034426310587,5,NEW YORK,18,SELL,V50 realtime loss proxy | variant=proxy_hardened_no_worst_hours | Side=SELL | score=85.0 | opposite_score=4.0 | session=LONDON | RR=2.00,True
proxy_hardened_no_worst_hours,50,382,431,2023-12-18 18:00:00,2024-03-07 13:00:00,50,15,35,30.0,0.90947049079924,-11.38594579624623,40.80034426310587,5,NEW YORK,18,BUY,V50 realtime loss proxy | variant=proxy_hardened_no_worst_hours | Side=SELL | score=85.0 | opposite_score=4.0 | session=LONDON | RR=2.00,True
proxy_hardened_no_worst_hours,50,383,432,2023-12-19 18:30:00,2024-03-08 13:30:00,50,15,35,30.0,0.8952334486810342,-13.386095100850984,40.80034426310587,5,LONDON,13,BUY,V50 realtime loss proxy | variant=proxy_hardened_no_worst_hours | Side=SELL | score=85.0 | opposite_score=4.0 | session=LONDON | RR=2.00,True
proxy_hardened_no_worst_hours,50,384,433,2023-12-20 14:00:00,2024-03-08 14:15:00,50,16,34,32.0,1.0488735623650542,6.062371808032822,40.80034426310587,5,NEW YORK,13,SELL,V50 realtime loss proxy | variant=proxy_hardened_no_worst_hours | Side=SELL | score=85.0 | opposite_score=4.0 | session=LONDON | RR=2.00,True
proxy_hardened_no_worst_hours,50,385,434,2023-12-21 13:00:00,2024-03-15 10:30:00,50,16,34,32.0,1.051747605648517,6.401333286323277,40.80034426310587,5,NEW YORK,13,SELL,V50 realtime loss proxy | variant=proxy_hardened_no_worst_hours | Side=SELL | score=85.0 | opposite_score=4.0 | session=LONDON | RR=2.00,True
proxy_hardened_no_worst_hours,50,386,435,2023-12-21 14:00:00,2024-03-18 14:15:00,50,16,34,32.0,1.0410221300133604,5.126842270648467,40.80034426310587,5,NEW YORK,13,SELL,V50 realtime loss proxy | variant=proxy_hardened_no_worst_hours | Side=SELL | score=85.0 | opposite_score=4.0 | session=LONDON | RR=2.00,True
proxy_hardened_no_worst_hours,50,387,436,2023-12-26 10:30:00,2024-03-19 10:45:00,50,15,35,30.0,0.9486108536620057,-6.599284644144067,40.80034426310587,5,LONDON,13,SELL,V50 realtime loss proxy | variant=proxy_hardened_no_worst_hours | Side=SELL | score=85.0 | opposite_score=4.0 | session=LONDON | RR=2.00,True
proxy_hardened_no_worst_hours,50,388,437,2023-12-27 18:45:00,2024-03-19 14:00:00,50,15,35,30.0,0.930797400170233,-9.056925512262753,40.80034426310587,5,LONDON,13,SELL,V50 realtime loss proxy | variant=proxy_hardened_no_worst_hours | Side=SELL | score=85.0 | opposite_score=4.0 | session=LONDON | RR=2.00,True
proxy_hardened_no_worst_hours,50,389,438,2024-01-02 10:00:00,2024-03-20 13:15:00,50,14,36,28.000000000000004,0.8492442668358818,-20.23443032345267,40.80034426310587,5,LONDON,13,SELL,V50 realtime loss proxy | variant=proxy_hardened_no_worst_hours | Side=SELL | score=85.0 | opposite_score=4.0 | session=LONDON | RR=2.00,True
proxy_hardened_no_worst_hours,50,390,439,2024-01-08 13:00:00,2024-03-20 14:30:00,50,15,35,30.0,0.9376951324929231,-8.155004737461697,40.80034426310587,5,NEW YORK,13,SELL,V50 realtime loss proxy | variant=proxy_hardened_no_worst_hours | Side=SELL | score=85.0 | opposite_score=4.0 | session=LONDON | RR=2.00,True
proxy_hardened_no_worst_hours,50,391,440,2024-01-12 15:45:00,2024-03-25 13:15:00,50,16,34,32.0,1.0267469706210588,3.3855539648552586,40.80034426310587,5,NEW YORK,18,SELL,V50 realtime loss proxy | variant=proxy_hardened_no_worst_hours | Side=SELL | score=79.0 | opposite_score=26.0 | session=LONDON | RR=2.00,True
proxy_hardened_no_worst_hours,50,392,441,2024-01-12 19:00:00,2024-03-25 15:15:00,50,16,34,32.0,1.0399599155854031,4.99374695957658,40.80034426310587,5,NEW YORK,18,SELL,V50 realtime loss proxy | variant=proxy_hardened_no_worst_hours | Side=SELL | score=79.0 | opposite_score=26.0 | session=LONDON | RR=2.00,True
proxy_hardened_no_worst_hours,50,393,442,2024-01-16 14:45:00,2024-03-27 13:30:00,50,16,34,32.0,1.048925870320704,6.114212519705687,40.80034426310588,5,NEW YORK,18,SELL,V50 realtime loss proxy | variant=proxy_hardened_no_worst_hours | Side=SELL | score=79.0 | opposite_score=26.0 | session=LONDON | RR=2.00,True
proxy_hardened_no_worst_hours,50,394,443,2024-01-17 14:00:00,2024-03-28 13:30:00,50,16,34,32.0,1.0709571392133714,8.867436104806528,40.800344263105856,5,NEW YORK,18,SELL,V50 realtime loss proxy | variant=proxy_hardened_no_worst_hours | Side=SELL | score=79.0 | opposite_score=26.0 | session=LONDON | RR=2.00,True
proxy_hardened_no_worst_hours,50,395,444,2024-01-19 19:45:00,2024-04-02 10:15:00,50,15,35,30.0,0.9611344541268925,-5.037050322725467,40.800344263105835,5,NEW YORK,18,SELL,V50 realtime loss proxy | variant=proxy_hardened_no_worst_hours | Side=SELL | score=79.0 | opposite_score=26.0 | session=LONDON | RR=2.00,True
proxy_hardened_no_worst_hours,50,396,445,2024-01-22 10:00:00,2024-04-02 13:00:00,50,16,34,32.0,1.0700217479353136,8.840794802067647,37.45624188236945,5,NEW YORK,18,SELL,V50 realtime loss proxy | variant=proxy_hardened_no_worst_hours | Side=SELL | score=79.0 | opposite_score=26.0 | session=LONDON | RR=2.00,True
proxy_hardened_no_worst_hours,50,397,446,2024-01-22 14:00:00,2024-04-03 14:00:00,50,17,33,34.0,1.1978743963497256,24.324257153511326,34.44081176109253,5,NEW YORK,18,SELL,V50 realtime loss proxy | variant=proxy_hardened_no_worst_hours | Side=SELL | score=79.0 | opposite_score=26.0 | session=LONDON | RR=2.00,False
proxy_hardened_no_worst_hours,50,398,447,2024-01-23 14:30:00,2024-04-04 19:00:00,50,17,33,34.0,1.165020744729601,20.857687171220732,34.44081176109255,5,NEW YORK,18,SELL,V50 realtime loss proxy | variant=proxy_hardened_no_worst_hours | Side=BUY | score=100.0 | opposite_score=8.0 | session=NEW YORK | RR=2.00,False
proxy_hardened_no_worst_hours,50,399,448,2024-01-23 21:00:00,2024-04-05 13:30:00,50,18,32,36.0,1.317789538326755,38.96691174978605,34.44081176109255,5,NEW YORK,18,SELL,V50 realtime loss proxy | variant=proxy_hardened_no_worst_hours | Side=BUY | score=100.0 | opposite_score=8.0 | session=NEW YORK | RR=2.00,False
proxy_hardened_no_worst_hours,50,400,449,2024-01-24 10:30:00,2024-04-08 10:15:00,50,18,32,36.0,1.280102788131368,35.35696964097315,34.440811761092554,5,NEW YORK,10,SELL,V50 realtime loss proxy | variant=proxy_hardened_no_worst_hours | Side=BUY | score=100.0 | opposite_score=8.0 | session=NEW YORK | RR=2.00,False
proxy_hardened_no_worst_hours,50,401,450,2024-01-24 13:30:00,2024-04-08 19:00:00,50,18,32,36.0,1.3286707593702558,41.48763437327716,34.44081176109254,5,NEW YORK,10,SELL,V50 realtime loss proxy | variant=proxy_hardened_no_worst_hours | Side=BUY | score=100.0 | opposite_score=8.0 | session=NEW YORK | RR=2.00,False
proxy_hardened_no_worst_hours,50,402,451,2024-01-26 15:30:00,2024-04-09 13:30:00,50,18,32,36.0,1.2971796690289048,38.42323638622452,34.44081176109255,5,NEW YORK,10,SELL,V50 realtime loss proxy | variant=proxy_hardened_no_worst_hours | Side=BUY | score=100.0 | opposite_score=8.0 | session=NEW YORK | RR=2.00,False
proxy_hardened_no_worst_hours,50,403,452,2024-01-29 13:00:00,2024-04-09 22:00:00,50,18,32,36.0,1.284568443397677,37.15390536226824,34.440811761092554,5,NEW YORK,10,SELL,V50 realtime loss proxy | variant=proxy_hardened_no_worst_hours | Side=BUY | score=100.0 | opposite_score=8.0 | session=NEW YORK | RR=2.00,False
proxy_hardened_no_worst_hours,50,404,453,2024-01-30 10:00:00,2024-04-11 14:00:00,50,17,33,34.0,1.1899607674282098,26.039430156920844,34.44081176109255,5,NEW YORK,10,SELL,V50 realtime loss proxy | variant=proxy_hardened_no_worst_hours | Side=BUY | score=100.0 | opposite_score=8.0 | session=NEW YORK | RR=2.00,False
proxy_hardened_no_worst_hours,50,405,454,2024-01-31 10:00:00,2024-04-12 13:00:00,50,18,32,36.0,1.2973153441553285,40.03497587316883,34.44081176109255,5,NEW YORK,10,SELL,V50 realtime loss proxy | variant=proxy_hardened_no_worst_hours | Side=BUY | score=100.0 | opposite_score=8.0 | session=NEW YORK | RR=2.00,False
proxy_hardened_no_worst_hours,50,406,455,2024-01-31 19:30:00,2024-04-16 15:15:00,50,17,33,34.0,1.179222674553073,25.935038641821166,34.44081176109255,5,NEW YORK,10,SELL,V50 realtime loss proxy | variant=proxy_hardened_no_worst_hours | Side=BUY | score=100.0 | opposite_score=8.0 | session=NEW YORK | RR=2.00,False
proxy_hardened_no_worst_hours,50,407,456,2024-02-01 15:00:00,2024-04-18 15:15:00,50,17,33,34.0,1.1551992653450156,22.925695713931425,34.440811761092554,5,NEW YORK,10,SELL,V50 realtime loss proxy | variant=proxy_hardened_no_worst_hours | Side=BUY | score=100.0 | opposite_score=8.0 | session=NEW YORK | RR=2.00,False
proxy_hardened_no_worst_hours,50,408,457,2024-02-01 18:15:00,2024-04-19 14:15:00,50,16,34,32.0,1.0217439717736032,3.392509493936359,34.44081176109253,5,NEW YORK,15,SELL,V50 realtime loss proxy | variant=proxy_hardened_no_worst_hours | Side=BUY | score=100.0 | opposite_score=8.0 | session=NEW YORK | RR=2.00,True
proxy_hardened_no_worst_hours,50,409,458,2024-02-05 15:00:00,2024-04-23 10:30:00,50,16,34,32.0,1.0176319100872364,2.7620588388340366,40.70518220769566,5,NEW YORK,10,SELL,V50 realtime loss proxy | variant=proxy_hardened_no_worst_hours | Side=BUY | score=80.0 | opposite_score=8.0 | session=LONDON | RR=2.00,True
proxy_hardened_no_worst_hours,50,410,459,2024-02-06 10:15:00,2024-04-24 10:00:00,50,16,34,32.0,1.0157428689535521,2.4707248224813156,45.34059152859228,5,NEW YORK,10,SELL,V50 realtime loss proxy | variant=proxy_hardened_no_worst_hours | Side=BUY | score=80.0 | opposite_score=8.0 | session=LONDON | RR=2.00,True
proxy_hardened_no_worst_hours,50,411,460,2024-02-07 15:15:00,2024-04-26 13:00:00,50,16,34,32.0,0.9958510682427935,-0.6641500016944555,50.9815010985324,6,NEW YORK,10,SELL,V50 realtime loss proxy | variant=proxy_hardened_no_worst_hours | Side=BUY | score=80.0 | opposite_score=8.0 | session=LONDON | RR=2.00,True
proxy_hardened_no_worst_hours,50,412,461,2024-02-14 14:00:00,2024-04-30 13:45:00,50,17,33,34.0,1.0967269051542967,15.089008726440623,50.9815010985324,6,NEW YORK,10,SELL,V50 realtime loss proxy | variant=proxy_hardened_no_worst_hours | Side=BUY | score=80.0 | opposite_score=8.0 | session=LONDON | RR=2.00,True
proxy_hardened_no_worst_hours,50,413,462,2024-02-14 15:15:00,2024-05-02 14:15:00,50,16,34,32.0,1.007113250082015,1.1674651337718878,50.9815010985324,6,NEW YORK,10,SELL,V50 realtime loss proxy | variant=proxy_hardened_no_worst_hours | Side=BUY | score=80.0 | opposite_score=8.0 | session=LONDON | RR=2.00,True
proxy_hardened_no_worst_hours,50,414,463,2024-02-15 13:30:00,2024-05-06 14:15:00,50,16,34,32.0,0.9897141505865529,-1.7178472093237342,54.16722225070046,6,LONDON,10,SELL,V50 realtime loss proxy | variant=proxy_hardened_no_worst_hours | Side=BUY | score=80.0 | opposite_score=8.0 | session=LONDON | RR=2.00,True
proxy_hardened_no_worst_hours,50,415,464,2024-02-15 19:15:00,2024-05-10 14:30:00,50,16,34,32.0,0.9635835249027044,-6.24687321788041,61.59467976487677,6,LONDON,10,SELL,V50 realtime loss proxy | variant=proxy_hardened_no_worst_hours | Side=BUY | score=80.0 | opposite_score=8.0 | session=LONDON | RR=2.00,True
proxy_hardened_no_worst_hours,50,416,465,2024-02-20 14:45:00,2024-05-10 18:00:00,50,16,34,32.0,0.9510283102628091,-8.511493966447,67.25621813950892,6,LONDON,10,SELL,V50 realtime loss proxy | variant=proxy_hardened_no_worst_hours | Side=BUY | score=80.0 | opposite_score=8.0 | session=LONDON | RR=2.00,True
proxy_hardened_no_worst_hours,50,417,466,2024-02-21 13:30:00,2024-05-14 10:15:00,50,16,34,32.0,0.9462253703865773,-9.393706590732325,71.03769947912475,6,LONDON,10,SELL,V50 realtime loss proxy | variant=proxy_hardened_no_worst_hours | Side=BUY | score=80.0 | opposite_score=8.0 | session=LONDON | RR=2.00,True
proxy_hardened_no_worst_hours,50,418,467,2024-02-23 13:45:00,2024-05-14 15:00:00,50,17,33,34.0,1.0296206776412877,5.1043032170191545,71.03769947912475,6,NEW YORK,10,SELL,V50 realtime loss proxy | variant=proxy_hardened_no_worst_hours | Side=BUY | score=80.0 | opposite_score=8.0 | session=LONDON | RR=2.00,True
proxy_hardened_no_worst_hours,50,419,468,2024-02-23 21:30:00,2024-05-15 14:15:00,50,17,33,34.0,1.0941762060235727,16.228660167542344,71.03769947912475,6,NEW YORK,10,SELL,V50 realtime loss proxy | variant=proxy_hardened_no_worst_hours | Side=BUY | score=80.0 | opposite_score=8.0 | session=LONDON | RR=2.00,True
proxy_hardened_no_worst_hours,50,420,469,2024-02-26 10:00:00,2024-05-17 10:00:00,50,18,32,36.0,1.1515677282262538,25.76350012415015,71.03769947912475,6,NEW YORK,10,SELL,V50 realtime loss proxy | variant=proxy_hardened_no_worst_hours | Side=BUY | score=80.0 | opposite_score=8.0 | session=LONDON | RR=2.00,False
proxy_hardened_no_worst_hours,50,421,470,2024-02-27 10:30:00,2024-05-20 10:00:00,50,18,32,36.0,1.1209030694687503,21.113336863308874,71.03769947912475,6,NEW YORK,10,SELL,V50 realtime loss proxy | variant=proxy_hardened_no_worst_hours | Side=BUY | score=80.0 | opposite_score=8.0 | session=LONDON | RR=2.00,False
proxy_hardened_no_worst_hours,50,422,471,2024-02-27 14:15:00,2024-05-20 19:00:00,50,18,32,36.0,1.0938483713733496,16.79411893061753,71.03769947912475,6,NEW YORK,10,SELL,V50 realtime loss proxy | variant=proxy_hardened_no_worst_hours | Side=BUY | score=100.0 | opposite_score=8.0 | session=NEW YORK | RR=2.00,True
proxy_hardened_no_worst_hours,50,423,472,2024-02-28 14:45:00,2024-05-21 13:00:00,50,18,32,36.0,1.0724539096292547,13.224242266132718,71.03769947912474,6,NEW YORK,10,SELL,V50 realtime loss proxy | variant=proxy_hardened_no_worst_hours | Side=BUY | score=100.0 | opposite_score=8.0 | session=NEW YORK | RR=2.00,True
proxy_hardened_no_worst_hours,50,424,473,2024-03-01 13:15:00,2024-05-22 14:00:00,50,18,32,36.0,1.12396333589337,22.625710529083804,71.03769947912475,6,NEW YORK,10,SELL,V50 realtime loss proxy | variant=proxy_hardened_no_worst_hours | Side=BUY | score=100.0 | opposite_score=8.0 | session=NEW YORK | RR=2.00,False
proxy_hardened_no_worst_hours,50,425,474,2024-03-01 15:00:00,2024-05-23 14:00:00,50,19,31,38.0,1.2314653574597807,41.54302546253077,71.03769947912475,6,NEW YORK,10,SELL,V50 realtime loss proxy | variant=proxy_hardened_no_worst_hours | Side=BUY | score=100.0 | opposite_score=8.0 | session=NEW YORK | RR=2.00,False
proxy_hardened_no_worst_hours,50,426,475,2024-03-04 10:00:00,2024-05-28 10:00:00,50,18,32,36.0,1.158659084202645,29.032065416988665,71.03769947912475,6,NEW YORK,10,SELL,V50 realtime loss proxy | variant=proxy_hardened_no_worst_hours | Side=BUY | score=100.0 | opposite_score=8.0 | session=NEW YORK | RR=2.00,False
proxy_hardened_no_worst_hours,50,427,476,2024-03-05 14:00:00,2024-05-28 14:15:00,50,18,32,36.0,1.136913561371447,25.532167335688456,71.03769947912475,6,NEW YORK,10,SELL,V50 realtime loss proxy | variant=proxy_hardened_no_worst_hours | Side=BUY | score=100.0 | opposite_score=8.0 | session=NEW YORK | RR=2.00,False
proxy_hardened_no_worst_hours,50,428,477,2024-03-05 18:00:00,2024-05-29 13:15:00,50,19,31,38.0,1.2410903086856275,43.38601755112452,71.03769947912475,6,NEW YORK,10,SELL,V50 realtime loss proxy | variant=proxy_hardened_no_worst_hours | Side=BUY | score=100.0 | opposite_score=8.0 | session=NEW YORK | RR=2.00,False
proxy_hardened_no_worst_hours,50,429,478,2024-03-06 10:15:00,2024-05-30 14:45:00,50,19,31,38.0,1.2424275587915823,43.579709513621786,71.03769947912474,6,NEW YORK,10,SELL,V50 realtime loss proxy | variant=proxy_hardened_no_worst_hours | Side=BUY | score=100.0 | opposite_score=8.0 | session=NEW YORK | RR=2.00,False
proxy_hardened_no_worst_hours,50,430,479,2024-03-06 19:45:00,2024-06-04 14:00:00,50,18,32,36.0,1.1651838743048764,30.838015424639728,71.03769947912475,6,NEW YORK,10,SELL,V50 realtime loss proxy | variant=proxy_hardened_no_worst_hours | Side=BUY | score=96.0 | opposite_score=4.0 | session=LONDON | RR=2.00,False
proxy_hardened_no_worst_hours,50,431,480,2024-03-07 13:00:00,2024-06-06 14:45:00,50,18,32,36.0,1.1666962439970345,31.12035823861471,71.03769947912475,6,NEW YORK,10,SELL,V50 realtime loss proxy | variant=proxy_hardened_no_worst_hours | Side=BUY | score=100.0 | opposite_score=8.0 | session=NEW YORK | RR=2.00,False
proxy_hardened_no_worst_hours,50,432,481,2024-03-08 13:30:00,2024-06-06 18:00:00,50,19,31,38.0,1.2548092891489862,46.533641298447506,71.03769947912475,6,NEW YORK,10,SELL,V50 realtime loss proxy | variant=proxy_hardened_no_worst_hours | Side=BUY | score=100.0 | opposite_score=8.0 | session=NEW YORK | RR=2.00,False
proxy_hardened_no_worst_hours,50,433,482,2024-03-08 14:15:00,2024-06-11 18:45:00,50,20,30,40.0,1.3475181568473864,61.24859111598517,71.03769947912475,6,NEW YORK,10,SELL,V50 realtime loss proxy | variant=proxy_hardened_no_worst_hours | Side=BUY | score=100.0 | opposite_score=8.0 | session=NEW YORK | RR=2.00,False
proxy_hardened_no_worst_hours,50,434,483,2024-03-15 10:30:00,2024-06-13 14:00:00,50,19,31,38.0,1.2005678623288236,37.049848956707606,71.03769947912475,6,NEW YORK,10,SELL,V50 realtime loss proxy | variant=proxy_hardened_no_worst_hours | Side=BUY | score=100.0 | opposite_score=8.0 | session=NEW YORK | RR=2.00,False
proxy_hardened_no_worst_hours,50,435,484,2024-03-18 14:15:00,2024-06-14 13:30:00,50,19,31,38.0,1.180003532055018,33.830586691470224,71.03769947912475,6,NEW YORK,10,SELL,V50 realtime loss proxy | variant=proxy_hardened_no_worst_hours | Side=BUY | score=100.0 | opposite_score=8.0 | session=NEW YORK | RR=2.00,False
proxy_hardened_no_worst_hours,50,436,485,2024-03-19 10:45:00,2024-06-17 13:30:00,50,19,31,38.0,1.1750049107164968,33.03104878334672,71.03769947912475,6,NEW YORK,10,SELL,V50 realtime loss proxy | variant=proxy_hardened_no_worst_hours | Side=BUY | score=100.0 | opposite_score=8.0 | session=NEW YORK | RR=2.00,False
proxy_hardened_no_worst_hours,50,437,486,2024-03-19 14:00:00,2024-06-17 15:15:00,50,19,31,38.0,1.1652940195963604,31.45816840304588,71.03769947912475,6,NEW YORK,10,SELL,V50 realtime loss proxy | variant=proxy_hardened_no_worst_hours | Side=BUY | score=100.0 | opposite_score=8.0 | session=NEW YORK | RR=2.00,False
proxy_hardened_no_worst_hours,50,438,487,2024-03-20 13:15:00,2024-06-18 18:00:00,50,20,30,40.0,1.2503146213255896,46.55158326124412,71.03769947912475,6,NEW YORK,10,SELL,V50 realtime loss proxy | variant=proxy_hardened_no_worst_hours | Side=BUY | score=100.0 | opposite_score=8.0 | session=NEW YORK | RR=2.00,False
proxy_hardened_no_worst_hours,50,439,488,2024-03-20 14:30:00,2024-06-20 10:30:00,50,20,30,40.0,1.2484294431266691,46.270757694380805,71.03769947912475,6,NEW YORK,10,SELL,V50 realtime loss proxy | variant=proxy_hardened_no_worst_hours | Side=BUY | score=100.0 | opposite_score=8.0 | session=NEW YORK | RR=2.00,False
proxy_hardened_no_worst_hours,50,440,489,2024-03-25 13:15:00,2024-06-20 13:00:00,50,20,30,40.0,1.2533074175303114,47.179295623016074,71.03769947912475,6,NEW YORK,10,SELL,V50 realtime loss proxy | variant=proxy_hardened_no_worst_hours | Side=BUY | score=100.0 | opposite_score=8.0 | session=NEW YORK | RR=2.00,False
proxy_hardened_no_worst_hours,50,441,490,2024-03-25 15:15:00,2024-06-21 10:45:00,50,19,31,38.0,1.1923170521838378,36.48592135862055,71.03769947912475,6,NEW YORK,10,SELL,V50 realtime loss proxy | variant=proxy_hardened_no_worst_hours | Side=BUY | score=100.0 | opposite_score=8.0 | session=NEW YORK | RR=2.00,False
proxy_hardened_no_worst_hours,50,442,491,2024-03-27 13:30:00,2024-06-24 10:15:00,50,19,31,38.0,1.1913092442426951,36.32542662419384,71.03769947912475,6,LONDON,10,SELL,V50 realtime loss proxy | variant=proxy_hardened_no_worst_hours | Side=BUY | score=100.0 | opposite_score=8.0 | session=NEW YORK | RR=2.00,False
proxy_hardened_no_worst_hours,50,443,492,2024-03-28 13:30:00,2024-06-25 13:45:00,50,19,31,38.0,1.185182532814884,35.16209859318543,71.03769947912475,6,LONDON,10,SELL,V50 realtime loss proxy | variant=proxy_hardened_no_worst_hours | Side=BUY | score=100.0 | opposite_score=8.0 | session=NEW YORK | RR=2.00,False
proxy_hardened_no_worst_hours,50,444,493,2024-04-02 10:15:00,2024-06-26 10:00:00,50,19,31,38.0,1.1566321838698237,29.741013951905657,71.03769947912477,6,LONDON,10,BUY,V50 realtime loss proxy | variant=proxy_hardened_no_worst_hours | Side=BUY | score=96.0 | opposite_score=4.0 | session=LONDON | RR=2.00,False
proxy_hardened_no_worst_hours,50,445,494,2024-04-02 13:00:00,2024-06-27 18:45:00,50,19,31,38.0,1.15873657039033,30.085852307192916,71.03769947912475,6,NEW YORK,10,BUY,V50 realtime loss proxy | variant=proxy_hardened_no_worst_hours | Side=BUY | score=96.0 | opposite_score=4.0 | session=LONDON | RR=2.00,False
proxy_hardened_no_worst_hours,50,446,495,2024-04-03 14:00:00,2024-06-28 14:00:00,50,18,32,36.0,1.073466250565894,14.30945289197099,71.03769947912477,6,LONDON,10,BUY,V50 realtime loss proxy | variant=proxy_hardened_no_worst_hours | Side=BUY | score=96.0 | opposite_score=4.0 | session=LONDON | RR=2.00,True
proxy_hardened_no_worst_hours,50,447,496,2024-04-04 19:00:00,2024-07-03 18:00:00,50,17,33,34.0,0.9843355503848631,-3.133921589221691,71.03769947912475,6,LONDON,10,BUY,V50 realtime loss proxy | variant=proxy_hardened_no_worst_hours | Side=BUY | score=96.0 | opposite_score=4.0 | session=LONDON | RR=2.00,True
proxy_hardened_no_worst_hours,50,448,497,2024-04-05 13:30:00,2024-07-04 10:15:00,50,17,33,34.0,1.004455885667906,0.8736134817018097,71.03769947912475,6,LONDON,10,BUY,V50 realtime loss proxy | variant=proxy_hardened_no_worst_hours | Side=BUY | score=96.0 | opposite_score=4.0 | session=LONDON | RR=2.00,True
proxy_hardened_no_worst_hours,50,449,498,2024-04-08 10:15:00,2024-07-05 10:45:00,50,16,34,32.0,0.9169870918138857,-16.53025158899163,71.03769947912475,6,LONDON,10,BUY,V50 realtime loss proxy | variant=proxy_hardened_no_worst_hours | Side=BUY | score=96.0 | opposite_score=4.0 | session=LONDON | RR=2.00,True
proxy_hardened_no_worst_hours,50,450,499,2024-04-08 19:00:00,2024-07-10 15:15:00,50,16,34,32.0,0.9230450701412867,-15.223362768272164,71.03769947912475,6,LONDON,10,BUY,V50 realtime loss proxy | variant=proxy_hardened_no_worst_hours | Side=BUY | score=96.0 | opposite_score=4.0 | session=LONDON | RR=2.00,True
proxy_hardened_no_worst_hours,50,451,500,2024-04-09 13:30:00,2024-07-11 10:15:00,50,15,35,30.0,0.8487895878166419,-30.39335309242778,71.03769947912475,7,LONDON,10,BUY,V50 realtime loss proxy | variant=proxy_hardened_no_worst_hours | Side=BUY | score=96.0 | opposite_score=4.0 | session=LONDON | RR=2.00,True
proxy_hardened_no_worst_hours,50,452,501,2024-04-09 22:00:00,2024-07-12 19:15:00,50,15,35,30.0,0.8616236769327851,-27.399404464248153,64.33588683807073,8,LONDON,10,BUY,V50 realtime loss proxy | variant=proxy_hardened_no_worst_hours | Side=BUY | score=96.0 | opposite_score=4.0 | session=LONDON | RR=2.00,True
proxy_hardened_no_worst_hours,50,453,502,2024-04-11 14:00:00,2024-07-15 10:00:00,50,16,34,32.0,0.918962537126995,-15.633178189345015,64.29929372992405,8,LONDON,10,BUY,V50 realtime loss proxy | variant=proxy_hardened_no_worst_hours | Side=BUY | score=96.0 | opposite_score=4.0 | session=LONDON | RR=2.00,True
proxy_hardened_no_worst_hours,50,454,503,2024-04-12 13:00:00,2024-07-15 13:30:00,50,17,33,34.0,1.0005516071087444,0.10281808759373412,64.29929372992405,8,LONDON,10,BUY,V50 realtime loss proxy | variant=proxy_hardened_no_worst_hours | Side=BUY | score=96.0 | opposite_score=4.0 | session=LONDON | RR=2.00,True
proxy_hardened_no_worst_hours,50,455,504,2024-04-16 15:15:00,2024-07-16 13:15:00,50,17,33,34.0,0.998907240372401,-0.2036874676346052,64.29929372992406,8,LONDON,10,BUY,V50 realtime loss proxy | variant=proxy_hardened_no_worst_hours | Side=BUY | score=96.0 | opposite_score=4.0 | session=LONDON | RR=2.00,True
proxy_hardened_no_worst_hours,50,456,505,2024-04-18 15:15:00,2024-07-17 10:00:00,50,17,33,34.0,1.0239950647671232,4.363036953696335,54.24575255883007,8,LONDON,10,BUY,V50 realtime loss proxy | variant=proxy_hardened_no_worst_hours | Side=BUY | score=96.0 | opposite_score=4.0 | session=LONDON | RR=2.00,True
proxy_hardened_no_worst_hours,50,457,506,2024-04-19 14:15:00,2024-07-17 13:30:00,50,17,33,34.0,1.0364272291211676,6.544133517002596,45.804245081323,8,LONDON,10,BUY,V50 realtime loss proxy | variant=proxy_hardened_no_worst_hours | Side=BUY | score=96.0 | opposite_score=4.0 | session=LONDON | RR=2.00,True
proxy_hardened_no_worst_hours,50,458,507,2024-04-23 10:30:00,2024-07-19 15:15:00,50,17,33,34.0,1.041530302314186,7.424342713234182,37.50136521158876,8,LONDON,10,BUY,V50 realtime loss proxy | variant=proxy_hardened_no_worst_hours | Side=BUY | score=96.0 | opposite_score=4.0 | session=LONDON | RR=2.00,True
proxy_hardened_no_worst_hours,50,459,508,2024-04-24 10:00:00,2024-07-22 13:00:00,50,18,32,36.0,1.1516624417636103,26.02534225151476,32.868907439471634,8,NEW YORK,10,BUY,V50 realtime loss proxy | variant=proxy_hardened_no_worst_hours | Side=BUY | score=96.0 | opposite_score=4.0 | session=LONDON | RR=2.00,False
proxy_hardened_no_worst_hours,50,460,509,2024-04-26 13:00:00,2024-07-23 19:00:00,50,19,31,38.0,1.2325228457165889,38.82318485579481,32.86890743947163,8,NEW YORK,10,BUY,V50 realtime loss proxy | variant=proxy_hardened_no_worst_hours | Side=BUY | score=96.0 | opposite_score=4.0 | session=LONDON | RR=2.00,False
proxy_hardened_no_worst_hours,50,461,510,2024-04-30 13:45:00,2024-07-24 10:15:00,50,20,30,40.0,1.32230156767496,51.99501822831781,32.86890743947163,8,NEW YORK,10,BUY,V50 realtime loss proxy | variant=proxy_hardened_no_worst_hours | Side=BUY | score=96.0 | opposite_score=4.0 | session=LONDON | RR=2.00,False
proxy_hardened_no_worst_hours,50,462,511,2024-05-02 14:15:00,2024-07-24 13:00:00,50,20,30,40.0,1.3072540926838887,49.56749749953269,32.868907439471634,8,NEW YORK,10,SELL,V50 realtime loss proxy | variant=proxy_hardened_no_worst_hours | Side=BUY | score=96.0 | opposite_score=4.0 | session=LONDON | RR=2.00,False
proxy_hardened_no_worst_hours,50,463,512,2024-05-06 14:15:00,2024-07-25 13:30:00,50,21,29,42.0,1.4873312418848037,74.65655929161403,32.86890743947163,8,NEW YORK,10,BUY,V50 realtime loss proxy | variant=proxy_hardened_no_worst_hours | Side=BUY | score=96.0 | opposite_score=4.0 | session=LONDON | RR=2.00,False
proxy_hardened_no_worst_hours,50,464,513,2024-05-10 14:30:00,2024-07-26 14:45:00,50,22,28,44.0,1.64662186381867,94.70851299647438,32.86890743947163,8,NEW YORK,10,SELL,V50 realtime loss proxy | variant=proxy_hardened_no_worst_hours | Side=BUY | score=96.0 | opposite_score=4.0 | session=LONDON | RR=2.00,False
proxy_hardened_no_worst_hours,50,465,514,2024-05-10 18:00:00,2024-07-31 10:15:00,50,23,27,46.0,1.7970128775981478,110.81599582403214,32.86890743947163,8,NEW YORK,15,SELL,V50 realtime loss proxy | variant=proxy_hardened_no_worst_hours | Side=BUY | score=96.0 | opposite_score=4.0 | session=LONDON | RR=2.00,False
proxy_hardened_no_worst_hours,50,466,515,2024-05-14 10:15:00,2024-07-31 14:15:00,50,24,26,48.0,1.9520183362179777,126.97793523343036,32.86890743947163,8,NEW YORK,15,SELL,V50 realtime loss proxy | variant=proxy_hardened_no_worst_hours | Side=BUY | score=96.0 | opposite_score=4.0 | session=LONDON | RR=2.00,False
proxy_hardened_no_worst_hours,50,467,516,2024-05-14 15:00:00,2024-08-01 14:45:00,50,24,26,48.0,1.8874153180543907,122.41264617931212,32.86890743947163,8,NEW YORK,15,SELL,V50 realtime loss proxy | variant=proxy_hardened_no_worst_hours | Side=BUY | score=96.0 | opposite_score=4.0 | session=LONDON | RR=2.00,False
proxy_hardened_no_worst_hours,50,468,517,2024-05-15 14:15:00,2024-08-01 22:00:00,50,23,27,46.0,1.7314630863251337,104.86224543766187,32.86890743947163,8,NEW YORK,15,SELL,V50 realtime loss proxy | variant=proxy_hardened_no_worst_hours | Side=BUY | score=96.0 | opposite_score=4.0 | session=LONDON | RR=2.00,False
proxy_hardened_no_worst_hours,50,469,518,2024-05-17 10:00:00,2024-08-02 13:15:00,50,22,28,44.0,1.5227343531638495,79.41812779640715,32.868907439471634,8,NEW YORK,15,BUY,V50 realtime loss proxy | variant=proxy_hardened_no_worst_hours | Side=BUY | score=96.0 | opposite_score=4.0 | session=LONDON | RR=2.00,False
proxy_hardened_no_worst_hours,50,470,519,2024-05-20 10:00:00,2024-08-05 14:45:00,50,21,29,42.0,1.357365189610438,59.014880531256054,35.54272766349669,8,NEW YORK,15,BUY,V50 realtime loss proxy | variant=proxy_hardened_no_worst_hours | Side=BUY | score=96.0 | opposite_score=4.0 | session=LONDON | RR=2.00,False
proxy_hardened_no_worst_hours,50,471,520,2024-05-20 19:00:00,2024-08-08 13:00:00,50,22,28,44.0,1.4876460086329768,77.14078332914963,35.54272766349669,8,NEW YORK,15,SELL,V50 realtime loss proxy | variant=proxy_hardened_no_worst_hours | Side=BUY | score=96.0 | opposite_score=4.0 | session=LONDON | RR=2.00,False
proxy_hardened_no_worst_hours,50,472,521,2024-05-21 13:00:00,2024-08-08 15:00:00,50,23,27,46.0,1.655067791062554,99.50371447329738,35.54272766349669,8,NEW YORK,22,SELL,V50 realtime loss proxy | variant=proxy_hardened_no_worst_hours | Side=BUY | score=96.0 | opposite_score=4.0 | session=LONDON | RR=2.00,False
proxy_hardened_no_worst_hours,50,473,522,2024-05-22 14:00:00,2024-08-09 13:00:00,50,23,27,46.0,1.674253291195974,101.24433864719823,35.54272766349669,8,NEW YORK,22,SELL,V50 realtime loss proxy | variant=proxy_hardened_no_worst_hours | Side=BUY | score=96.0 | opposite_score=4.0 | session=LONDON | RR=2.00,False
proxy_hardened_no_worst_hours,50,474,523,2024-05-23 14:00:00,2024-08-09 14:00:00,50,22,28,44.0,1.5200086441585672,81.00434008431965,35.54272766349669,8,NEW YORK,14,SELL,V50 realtime loss proxy | variant=proxy_hardened_no_worst_hours | Side=BUY | score=96.0 | opposite_score=4.0 | session=LONDON | RR=2.00,False
proxy_hardened_no_worst_hours,50,475,524,2024-05-28 10:00:00,2024-08-13 14:30:00,50,21,29,42.0,1.3624234351372426,58.76325058491011,35.54272766349669,8,NEW YORK,14,SELL,V50 realtime loss proxy | variant=proxy_hardened_no_worst_hours | Side=BUY | score=96.0 | opposite_score=4.0 | session=LONDON | RR=2.00,False
proxy_hardened_no_worst_hours,50,476,525,2024-05-28 14:15:00,2024-08-19 14:45:00,50,22,28,44.0,1.4740276008231312,75.19698444190772,35.54272766349669,8,NEW YORK,14,SELL,V50 realtime loss proxy | variant=proxy_hardened_no_worst_hours | Side=BUY | score=96.0 | opposite_score=4.0 | session=LONDON | RR=2.00,False
proxy_hardened_no_worst_hours,50,477,526,2024-05-29 13:15:00,2024-08-20 14:30:00,50,22,28,44.0,1.4638240445847235,74.09122799265333,35.54272766349669,8,NEW YORK,14,SELL,V50 realtime loss proxy | variant=proxy_hardened_no_worst_hours | Side=BUY | score=96.0 | opposite_score=4.0 | session=LONDON | RR=2.00,False
proxy_hardened_no_worst_hours,50,478,527,2024-05-30 14:45:00,2024-08-20 22:15:00,50,21,29,42.0,1.354316103621415,58.211388449312366,35.54272766349669,8,NEW YORK,14,SELL,V50 realtime loss proxy | variant=proxy_hardened_no_worst_hours | Side=BUY | score=96.0 | opposite_score=4.0 | session=LONDON | RR=2.00,False
proxy_hardened_no_worst_hours,50,479,528,2024-06-04 14:00:00,2024-08-21 19:00:00,50,21,29,42.0,1.3546292529653936,58.24936785137787,35.54272766349669,8,NEW YORK,14,SELL,V50 realtime loss proxy | variant=proxy_hardened_no_worst_hours | Side=BUY | score=96.0 | opposite_score=4.0 | session=LONDON | RR=2.00,False
proxy_hardened_no_worst_hours,50,480,529,2024-06-06 14:45:00,2024-08-23 10:15:00,50,22,28,44.0,1.4578553681762716,72.03396855966594,35.54272766349669,8,NEW YORK,22,SELL,V50 realtime loss proxy | variant=proxy_hardened_no_worst_hours | Side=BUY | score=96.0 | opposite_score=4.0 | session=LONDON | RR=2.00,False
proxy_hardened_no_worst_hours,50,481,530,2024-06-06 18:00:00,2024-08-23 14:00:00,50,21,29,42.0,1.3284088139925105,53.727014702125416,35.54272766349669,8,NEW YORK,14,SELL,V50 realtime loss proxy | variant=proxy_hardened_no_worst_hours | Side=BUY | score=96.0 | opposite_score=4.0 | session=LONDON | RR=2.00,False
proxy_hardened_no_worst_hours,50,482,531,2024-06-11 18:45:00,2024-08-26 13:00:00,50,20,30,40.0,1.226048881722238,37.976776075762714,35.54272766349669,8,NEW YORK,14,SELL,V50 realtime loss proxy | variant=proxy_hardened_no_worst_hours | Side=BUY | score=96.0 | opposite_score=4.0 | session=LONDON | RR=2.00,False
proxy_hardened_no_worst_hours,50,483,532,2024-06-13 14:00:00,2024-08-26 19:00:00,50,19,31,38.0,1.1467793880851964,25.296481886368852,37.41733787349297,8,NEW YORK,14,SELL,V50 realtime loss proxy | variant=proxy_hardened_no_worst_hours | Side=BUY | score=96.0 | opposite_score=4.0 | session=LONDON | RR=2.00,False
proxy_hardened_no_worst_hours,50,484,533,2024-06-14 13:30:00,2024-08-28 13:30:00,50,19,31,38.0,1.162589466377544,27.640185501000367,43.552658260535196,8,NEW YORK,14,SELL,V50 realtime loss proxy | variant=proxy_hardened_no_worst_hours | Side=BUY | score=96.0 | opposite_score=4.0 | session=LONDON | RR=2.00,False
proxy_hardened_no_worst_hours,50,485,534,2024-06-17 13:30:00,2024-08-29 13:45:00,50,19,31,38.0,1.1645337743170958,27.924017599823856,49.6533150646769,8,NEW YORK,14,SELL,V50 realtime loss proxy | variant=proxy_hardened_no_worst_hours | Side=BUY | score=96.0 | opposite_score=4.0 | session=LONDON | RR=2.00,False
proxy_hardened_no_worst_hours,50,486,535,2024-06-17 15:15:00,2024-09-03 13:00:00,50,20,30,40.0,1.273471078691953,45.16356893743433,49.6533150646769,8,NEW YORK,14,SELL,V50 realtime loss proxy | variant=proxy_hardened_no_worst_hours | Side=BUY | score=96.0 | opposite_score=4.0 | session=LONDON | RR=2.00,False
proxy_hardened_no_worst_hours,50,487,536,2024-06-18 18:00:00,2024-09-03 15:30:00,50,20,30,40.0,1.251009308055834,42.19832588435748,49.6533150646769,8,NEW YORK,14,SELL,V50 realtime loss proxy | variant=proxy_hardened_no_worst_hours | Side=BUY | score=96.0 | opposite_score=4.0 | session=LONDON | RR=2.00,False
proxy_hardened_no_worst_hours,50,488,537,2024-06-20 10:30:00,2024-09-04 10:00:00,50,19,31,38.0,1.1529728451867374,26.477482241409696,49.93053185811843,8,NEW YORK,14,BUY,V50 realtime loss proxy | variant=proxy_hardened_no_worst_hours | Side=BUY | score=96.0 | opposite_score=4.0 | session=LONDON | RR=2.00,False
proxy_hardened_no_worst_hours,50,489,538,2024-06-20 13:00:00,2024-09-05 13:15:00,50,19,31,38.0,1.1408433257285715,24.637219087745066,55.39608332768903,8,NEW YORK,14,BUY,V50 realtime loss proxy | variant=proxy_hardened_no_worst_hours | Side=BUY | score=96.0 | opposite_score=4.0 | session=LONDON | RR=2.00,False
proxy_hardened_no_worst_hours,50,490,539,2024-06-21 10:45:00,2024-09-05 14:15:00,50,18,32,36.0,1.048474897058512,8.78010396234232,61.59648110524029,8,NEW YORK,14,BUY,V50 realtime loss proxy | variant=proxy_hardened_no_worst_hours | Side=BUY | score=96.0 | opposite_score=4.0 | session=LONDON | RR=2.00,True
proxy_hardened_no_worst_hours,50,491,540,2024-06-24 10:15:00,2024-09-10 10:45:00,50,19,31,38.0,1.1049640390140592,18.648160789993664,61.59648110524029,8,NEW YORK,14,BUY,V50 realtime loss proxy | variant=proxy_hardened_no_worst_hours | Side=BUY | score=96.0 | opposite_score=4.0 | session=LONDON | RR=2.00,False
proxy_hardened_no_worst_hours,50,492,541,2024-06-25 13:45:00,2024-09-10 15:00:00,50,20,30,40.0,1.191971387318119,33.27710005262726,61.59648110524029,8,NEW YORK,14,BUY,V50 realtime loss proxy | variant=proxy_hardened_no_worst_hours | Side=BUY | score=96.0 | opposite_score=4.0 | session=LONDON | RR=2.00,False
proxy_hardened_no_worst_hours,50,493,542,2024-06-26 10:00:00,2024-09-11 14:45:00,50,19,31,38.0,1.0910678621254937,16.446017739336646,61.59648110524029,8,NEW YORK,14,SELL,V50 realtime loss proxy | variant=proxy_hardened_no_worst_hours | Side=BUY | score=96.0 | opposite_score=4.0 | session=LONDON | RR=2.00,True
proxy_hardened_no_worst_hours,50,494,543,2024-06-27 18:45:00,2024-09-12 10:15:00,50,18,32,36.0,1.0316362111049222,5.808636424770626,61.5964811052403,8,NEW YORK,14,SELL,V50 realtime loss proxy | variant=proxy_hardened_no_worst_hours | Side=BUY | score=96.0 | opposite_score=4.0 | session=LONDON | RR=2.00,True
proxy_hardened_no_worst_hours,50,495,544,2024-06-28 14:00:00,2024-09-13 15:15:00,50,19,31,38.0,1.121664358801919,21.81673230030493,61.5964811052403,7,NEW YORK,14,SELL,V50 realtime loss proxy | variant=proxy_hardened_no_worst_hours | Side=BUY | score=96.0 | opposite_score=4.0 | session=LONDON | RR=2.00,False
proxy_hardened_no_worst_hours,50,496,545,2024-07-03 18:00:00,2024-09-16 13:45:00,50,19,31,38.0,1.1231177603737215,22.04878501936902,61.59648110524029,6,NEW YORK,14,SELL,V50 realtime loss proxy | variant=proxy_hardened_no_worst_hours | Side=BUY | score=96.0 | opposite_score=4.0 | session=LONDON | RR=2.00,False
proxy_hardened_no_worst_hours,50,497,546,2024-07-04 10:15:00,2024-09-18 18:30:00,50,19,31,38.0,1.0979998238454107,17.951976701730025,61.59648110524029,5,NEW YORK,14,SELL,V50 realtime loss proxy | variant=proxy_hardened_no_worst_hours | Side=BUY | score=96.0 | opposite_score=4.0 | session=LONDON | RR=2.00,True
proxy_hardened_no_worst_hours,50,498,547,2024-07-05 10:45:00,2024-09-19 14:30:00,50,20,30,40.0,1.199532948035581,35.922783193634146,61.59648110524029,5,NEW YORK,22,SELL,V50 realtime loss proxy | variant=proxy_hardened_no_worst_hours | Side=BUY | score=96.0 | opposite_score=4.0 | session=LONDON | RR=2.00,False
proxy_hardened_no_worst_hours,50,499,548,2024-07-10 15:15:00,2024-09-20 14:15:00,50,21,29,42.0,1.291700874680417,51.6205474835224,61.59648110524029,5,NEW YORK,22,SELL,V50 realtime loss proxy | variant=proxy_hardened_no_worst_hours | Side=BUY | score=96.0 | opposite_score=4.0 | session=LONDON | RR=2.00,False
proxy_hardened_no_worst_hours,50,500,549,2024-07-11 10:15:00,2024-09-23 10:00:00,50,22,28,44.0,1.3772896854304384,64.90218889512334,61.59648110524029,5,NEW YORK,22,SELL,V50 realtime loss proxy | variant=proxy_hardened_no_worst_hours | Side=BUY | score=78.0 | opposite_score=8.0 | session=LONDON | RR=2.00,False
proxy_hardened_no_worst_hours,50,501,550,2024-07-12 19:15:00,2024-09-23 15:30:00,50,22,28,44.0,1.3569864404312826,62.32839148830362,61.59648110524029,5,NEW YORK,22,SELL,V50 realtime loss proxy | variant=proxy_hardened_no_worst_hours | Side=BUY | score=96.0 | opposite_score=4.0 | session=LONDON | RR=2.00,False
proxy_hardened_no_worst_hours,50,502,551,2024-07-15 10:00:00,2024-09-24 13:00:00,50,23,27,46.0,1.452183595791013,77.2727952593541,61.59648110524029,5,NEW YORK,22,SELL,V50 realtime loss proxy | variant=proxy_hardened_no_worst_hours | Side=BUY | score=96.0 | opposite_score=4.0 | session=LONDON | RR=2.00,False
proxy_hardened_no_worst_hours,50,503,552,2024-07-15 13:30:00,2024-09-25 14:00:00,50,22,28,44.0,1.3696835105721976,65.17869507412253,61.59648110524029,5,NEW YORK,22,SELL,V50 realtime loss proxy | variant=proxy_hardened_no_worst_hours | Side=BUY | score=96.0 | opposite_score=4.0 | session=LONDON | RR=2.00,False
proxy_hardened_no_worst_hours,50,504,553,2024-07-16 13:15:00,2024-09-25 19:15:00,50,21,29,42.0,1.284209143745763,51.40333487305089,61.59648110524029,5,NEW YORK,22,SELL,V50 realtime loss proxy | variant=proxy_hardened_no_worst_hours | Side=BUY | score=96.0 | opposite_score=4.0 | session=LONDON | RR=2.00,False
proxy_hardened_no_worst_hours,50,505,554,2024-07-17 10:00:00,2024-09-26 15:15:00,50,20,30,40.0,1.1644437779660601,31.21006510450116,61.59648110524029,5,NEW YORK,22,SELL,V50 realtime loss proxy | variant=proxy_hardened_no_worst_hours | Side=BUY | score=96.0 | opposite_score=4.0 | session=LONDON | RR=2.00,False
proxy_hardened_no_worst_hours,50,506,555,2024-07-17 13:30:00,2024-10-01 13:00:00,50,21,29,42.0,1.2440681482963583,44.98295295702338,61.59648110524029,5,NEW YORK,22,SELL,V50 realtime loss proxy | variant=proxy_hardened_no_worst_hours | Side=BUY | score=78.0 | opposite_score=8.0 | session=LONDON | RR=2.00,False
proxy_hardened_no_worst_hours,50,507,556,2024-07-19 15:15:00,2024-10-01 15:30:00,50,21,29,42.0,1.23294156587557,43.31970824720612,61.59648110524029,5,NEW YORK,22,SELL,V50 realtime loss proxy | variant=proxy_hardened_no_worst_hours | Side=BUY | score=78.0 | opposite_score=8.0 | session=LONDON | RR=2.00,False
proxy_hardened_no_worst_hours,50,508,557,2024-07-22 13:00:00,2024-10-11 10:45:00,50,22,28,44.0,1.3251324821990167,58.05092955150077,61.59648110524029,5,NEW YORK,22,SELL,V50 realtime loss proxy | variant=proxy_hardened_no_worst_hours | Side=BUY | score=78.0 | opposite_score=8.0 | session=LONDON | RR=2.00,False
proxy_hardened_no_worst_hours,50,509,558,2024-07-23 19:00:00,2024-10-11 19:45:00,50,21,29,42.0,1.2352049542384296,42.875269236944874,61.59648110524029,5,NEW YORK,19,SELL,V50 realtime loss proxy | variant=proxy_hardened_no_worst_hours | Side=BUY | score=78.0 | opposite_score=8.0 | session=LONDON | RR=2.00,False
proxy_hardened_no_worst_hours,50,510,559,2024-07-24 10:15:00,2024-10-14 10:30:00,50,20,30,40.0,1.1639102177533645,30.5597570980258,61.59648110524029,5,NEW YORK,19,SELL,V50 realtime loss proxy | variant=proxy_hardened_no_worst_hours | Side=BUY | score=78.0 | opposite_score=8.0 | session=LONDON | RR=2.00,False
proxy_hardened_no_worst_hours,50,511,560,2024-07-24 13:00:00,2024-10-15 10:45:00,50,19,31,38.0,1.0999387719699079,19.032207450792626,61.5964811052403,5,NEW YORK,19,SELL,V50 realtime loss proxy | variant=proxy_hardened_no_worst_hours | Side=BUY | score=78.0 | opposite_score=8.0 | session=LONDON | RR=2.00,True
proxy_hardened_no_worst_hours,50,512,561,2024-07-25 13:30:00,2024-10-15 14:15:00,50,19,31,38.0,1.1195747221184618,22.77165180611474,61.5964811052403,5,NEW YORK,19,SELL,V50 realtime loss proxy | variant=proxy_hardened_no_worst_hours | Side=BUY | score=78.0 | opposite_score=8.0 | session=LONDON | RR=2.00,False
proxy_hardened_no_worst_hours,50,513,562,2024-07-26 14:45:00,2024-10-16 14:15:00,50,18,32,36.0,0.9990824943770201,-0.1802264789284802,61.59648110524032,5,NEW YORK,19,SELL,V50 realtime loss proxy | variant=proxy_hardened_no_worst_hours | Side=BUY | score=78.0 | opposite_score=8.0 | session=LONDON | RR=2.00,True
proxy_hardened_no_worst_hours,50,514,563,2024-07-31 10:15:00,2024-10-16 19:45:00,50,18,32,36.0,0.9720126606570254,-5.497578977205649,61.596481105240315,5,NEW YORK,19,SELL,V50 realtime loss proxy | variant=proxy_hardened_no_worst_hours | Side=BUY | score=78.0 | opposite_score=8.0 | session=LONDON | RR=2.00,True
proxy_hardened_no_worst_hours,50,515,564,2024-07-31 14:15:00,2024-10-17 13:00:00,50,18,32,36.0,0.9827442643062938,-3.389560137296481,61.596481105240315,5,NEW YORK,19,SELL,V50 realtime loss proxy | variant=proxy_hardened_no_worst_hours | Side=BUY | score=78.0 | opposite_score=8.0 | session=LONDON | RR=2.00,True
proxy_hardened_no_worst_hours,50,516,565,2024-08-01 14:45:00,2024-10-18 13:30:00,50,18,32,36.0,0.9861328919909271,-2.7239288640867088,61.59648110524031,5,NEW YORK,14,SELL,V50 realtime loss proxy | variant=proxy_hardened_no_worst_hours | Side=BUY | score=78.0 | opposite_score=8.0 | session=LONDON | RR=2.00,True
proxy_hardened_no_worst_hours,50,517,566,2024-08-01 22:00:00,2024-10-21 10:45:00,50,18,32,36.0,1.0060583004108352,1.1664683632216128,53.3020726944573,5,NEW YORK,19,SELL,V50 realtime loss proxy | variant=proxy_hardened_no_worst_hours | Side=BUY | score=78.0 | opposite_score=8.0 | session=LONDON | RR=2.00,True
proxy_hardened_no_worst_hours,50,518,567,2024-08-02 13:15:00,2024-10-22 10:00:00,50,18,32,36.0,1.0133416642142528,2.550347824474109,53.302072694457294,5,NEW YORK,19,SELL,V50 realtime loss proxy | variant=proxy_hardened_no_worst_hours | Side=BUY | score=78.0 | opposite_score=8.0 | session=LONDON | RR=2.00,True
proxy_hardened_no_worst_hours,50,519,568,2024-08-05 14:45:00,2024-10-22 13:00:00,50,19,31,38.0,1.1105108286147296,20.177946957270716,53.30207269445731,5,NEW YORK,19,SELL,V50 realtime loss proxy | variant=proxy_hardened_no_worst_hours | Side=BUY | score=78.0 | opposite_score=8.0 | session=LONDON | RR=2.00,False
proxy_hardened_no_worst_hours,50,520,569,2024-08-08 13:00:00,2024-10-24 13:30:00,50,19,31,38.0,1.165627424035505,28.811603487268727,53.30207269445731,5,NEW YORK,19,SELL,V50 realtime loss proxy | variant=proxy_hardened_no_worst_hours | Side=BUY | score=78.0 | opposite_score=8.0 | session=LONDON | RR=2.00,False
proxy_hardened_no_worst_hours,50,521,570,2024-08-08 15:00:00,2024-10-28 15:45:00,50,19,31,38.0,1.157076304842971,27.32409948856595,53.30207269445731,5,NEW YORK,19,SELL,V50 realtime loss proxy | variant=proxy_hardened_no_worst_hours | Side=BUY | score=78.0 | opposite_score=8.0 | session=LONDON | RR=2.00,False
proxy_hardened_no_worst_hours,50,522,571,2024-08-09 13:00:00,2024-10-29 13:00:00,50,19,31,38.0,1.124125325627027,21.592134789993455,53.3020726944573,5,NEW YORK,19,SELL,V50 realtime loss proxy | variant=proxy_hardened_no_worst_hours | Side=BUY | score=78.0 | opposite_score=8.0 | session=LONDON | RR=2.00,False
proxy_hardened_no_worst_hours,50,523,572,2024-08-09 14:00:00,2024-10-30 13:00:00,50,19,31,38.0,1.1203901804585958,21.012207730372673,49.95102810934632,5,NEW YORK,19,SELL,V50 realtime loss proxy | variant=proxy_hardened_no_worst_hours | Side=BUY | score=78.0 | opposite_score=8.0 | session=LONDON | RR=2.00,False
proxy_hardened_no_worst_hours,50,524,573,2024-08-13 14:30:00,2024-11-06 10:00:00,50,20,30,40.0,1.2900115834491925,48.98787717652523,49.951028109346325,5,NEW YORK,19,SELL,V50 realtime loss proxy | variant=proxy_hardened_no_worst_hours | Side=BUY | score=78.0 | opposite_score=8.0 | session=LONDON | RR=2.00,False
proxy_hardened_no_worst_hours,50,525,574,2024-08-19 14:45:00,2024-11-08 10:00:00,50,20,30,40.0,1.2960666936804504,49.77704247357589,49.95102810934633,5,NEW YORK,19,SELL,V50 realtime loss proxy | variant=proxy_hardened_no_worst_hours | Side=BUY | score=100.0 | opposite_score=8.0 | session=NEW YORK | RR=2.00,False
proxy_hardened_no_worst_hours,50,526,575,2024-08-20 14:30:00,2024-11-08 15:45:00,50,20,30,40.0,1.3093183336773473,52.00501158003,49.951028109346325,5,NEW YORK,19,SELL,V50 realtime loss proxy | variant=proxy_hardened_no_worst_hours | Side=BUY | score=100.0 | opposite_score=8.0 | session=NEW YORK | RR=2.00,False
proxy_hardened_no_worst_hours,50,527,576,2024-08-20 22:15:00,2024-11-12 15:15:00,50,20,30,40.0,1.296447400737849,50.33586428995797,42.920759402933555,5,NEW YORK,19,SELL,V50 realtime loss proxy | variant=proxy_hardened_no_worst_hours | Side=BUY | score=100.0 | opposite_score=8.0 | session=NEW YORK | RR=2.00,False
proxy_hardened_no_worst_hours,50,528,577,2024-08-21 19:00:00,2024-11-13 15:45:00,50,21,29,42.0,1.4217861891372803,69.69791108061601,39.19361027865061,5,NEW YORK,19,SELL,V50 realtime loss proxy | variant=proxy_hardened_no_worst_hours | Side=BUY | score=100.0 | opposite_score=8.0 | session=NEW YORK | RR=2.00,False
proxy_hardened_no_worst_hours,50,529,578,2024-08-23 10:15:00,2024-11-18 18:45:00,50,22,28,44.0,1.536061416037354,85.3465395031244,39.19361027865061,5,NEW YORK,19,SELL,V50 realtime loss proxy | variant=proxy_hardened_no_worst_hours | Side=BUY | score=100.0 | opposite_score=8.0 | session=NEW YORK | RR=2.00,False
proxy_hardened_no_worst_hours,50,530,579,2024-08-23 14:00:00,2024-11-19 13:30:00,50,21,29,42.0,1.4371756493500607,72.30539633326954,39.19361027865061,5,NEW YORK,19,SELL,V50 realtime loss proxy | variant=proxy_hardened_no_worst_hours | Side=BUY | score=100.0 | opposite_score=8.0 | session=NEW YORK | RR=2.00,False
proxy_hardened_no_worst_hours,50,531,580,2024-08-26 13:00:00,2024-11-19 18:45:00,50,21,29,42.0,1.4404423309197611,72.68047785888895,32.92473238720342,4,NEW YORK,18,SELL,V50 realtime loss proxy | variant=proxy_hardened_no_worst_hours | Side=BUY | score=100.0 | opposite_score=8.0 | session=NEW YORK | RR=2.00,False
proxy_hardened_no_worst_hours,50,532,581,2024-08-26 19:00:00,2024-11-21 18:00:00,50,22,28,44.0,1.5569050331887961,89.44590207457351,28.52020577030011,4,NEW YORK,19,SELL,V50 realtime loss proxy | variant=proxy_hardened_no_worst_hours | Side=BUY | score=100.0 | opposite_score=8.0 | session=NEW YORK | RR=2.00,False
proxy_hardened_no_worst_hours,50,533,582,2024-08-28 13:30:00,2024-11-22 21:00:00,50,22,28,44.0,1.5507888900168343,88.81246384941551,24.61603861539499,4,NEW YORK,21,SELL,V50 realtime loss proxy | variant=proxy_hardened_no_worst_hours | Side=BUY | score=80.0 | opposite_score=15.0 | session=NEW YORK | RR=2.00,False
proxy_hardened_no_worst_hours,50,534,583,2024-08-29 13:45:00,2024-11-26 14:30:00,50,22,28,44.0,1.5303722399351427,86.6612868125726,24.61603861539499,4,NEW YORK,21,SELL,V50 realtime loss proxy | variant=proxy_hardened_no_worst_hours | Side=BUY | score=80.0 | opposite_score=15.0 | session=NEW YORK | RR=2.00,False
proxy_hardened_no_worst_hours,50,535,584,2024-09-03 13:00:00,2024-11-27 13:30:00,50,22,28,44.0,1.5365080319142206,87.31378624961964,24.61603861539499,4,NEW YORK,21,SELL,V50 realtime loss proxy | variant=proxy_hardened_no_worst_hours | Side=BUY | score=85.0 | opposite_score=4.0 | session=LONDON | RR=2.00,False
proxy_hardened_no_worst_hours,50,536,585,2024-09-03 15:30:00,2024-11-28 13:00:00,50,21,29,42.0,1.4238391836796171,70.66337577565628,24.61603861539499,4,NEW YORK,21,SELL,V50 realtime loss proxy | variant=proxy_hardened_no_worst_hours | Side=BUY | score=85.0 | opposite_score=4.0 | session=LONDON | RR=2.00,False
proxy_hardened_no_worst_hours,50,537,586,2024-09-04 10:00:00,2024-11-29 10:30:00,50,21,29,42.0,1.445585825823968,73.17145703535243,28.157128236219606,5,NEW YORK,21,SELL,V50 realtime loss proxy | variant=proxy_hardened_no_worst_hours | Side=BUY | score=85.0 | opposite_score=4.0 | session=LONDON | RR=2.00,False
proxy_hardened_no_worst_hours,50,538,587,2024-09-05 13:15:00,2024-12-04 10:00:00,50,21,29,42.0,1.4540791885791018,74.1306410897464,32.16951750800533,6,NEW YORK,21,SELL,V50 realtime loss proxy | variant=proxy_hardened_no_worst_hours | Side=BUY | score=85.0 | opposite_score=4.0 | session=LONDON | RR=2.00,False
proxy_hardened_no_worst_hours,50,539,588,2024-09-05 14:15:00,2024-12-10 13:15:00,50,22,28,44.0,1.5719000257285956,90.23971808367969,32.16951750800533,6,NEW YORK,21,SELL,V50 realtime loss proxy | variant=proxy_hardened_no_worst_hours | Side=BUY | score=80.0 | opposite_score=15.0 | session=NEW YORK | RR=2.00,False
proxy_hardened_no_worst_hours,50,540,589,2024-09-10 10:45:00,2024-12-11 10:45:00,50,23,27,46.0,1.727866778485649,110.33654291066796,32.16951750800533,6,NEW YORK,21,SELL,V50 realtime loss proxy | variant=proxy_hardened_no_worst_hours | Side=BUY | score=80.0 | opposite_score=15.0 | session=NEW YORK | RR=2.00,False
proxy_hardened_no_worst_hours,50,541,590,2024-09-10 15:00:00,2024-12-17 13:45:00,50,22,28,44.0,1.6254267994152853,98.31892472312802,32.16951750800533,6,NEW YORK,21,SELL,V50 realtime loss proxy | variant=proxy_hardened_no_worst_hours | Side=BUY | score=80.0 | opposite_score=15.0 | session=NEW YORK | RR=2.00,False
proxy_hardened_no_worst_hours,50,542,591,2024-09-11 14:45:00,2024-12-17 15:30:00,50,21,29,42.0,1.4994152589889802,81.67332533042374,32.16951750800533,6,NEW YORK,21,SELL,V50 realtime loss proxy | variant=proxy_hardened_no_worst_hours | Side=BUY | score=80.0 | opposite_score=15.0 | session=NEW YORK | RR=2.00,False
proxy_hardened_no_worst_hours,50,543,592,2024-09-12 10:15:00,2024-12-23 13:30:00,50,22,28,44.0,1.6255710314169647,97.77122899734422,32.16951750800533,6,NEW YORK,21,SELL,V50 realtime loss proxy | variant=proxy_hardened_no_worst_hours | Side=BUY | score=80.0 | opposite_score=15.0 | session=NEW YORK | RR=2.00,False
proxy_hardened_no_worst_hours,50,544,593,2024-09-13 15:15:00,2024-12-24 10:45:00,50,22,28,44.0,1.623650472024515,97.58635763404892,32.16951750800533,6,NEW YORK,21,SELL,V50 realtime loss proxy | variant=proxy_hardened_no_worst_hours | Side=BUY | score=80.0 | opposite_score=15.0 | session=NEW YORK | RR=2.00,False
proxy_hardened_no_worst_hours,50,545,594,2024-09-16 13:45:00,2024-12-26 13:15:00,50,21,29,42.0,1.5178898196766746,82.68499721901573,32.16951750800533,6,NEW YORK,21,SELL,V50 realtime loss proxy | variant=proxy_hardened_no_worst_hours | Side=BUY | score=80.0 | opposite_score=15.0 | session=NEW YORK | RR=2.00,False
proxy_hardened_no_worst_hours,50,546,595,2024-09-18 18:30:00,2024-12-26 14:45:00,50,22,28,44.0,1.6132917936419866,94.84367620653212,32.16951750800533,6,NEW YORK,21,SELL,V50 realtime loss proxy | variant=proxy_hardened_no_worst_hours | Side=BUY | score=80.0 | opposite_score=15.0 | session=NEW YORK | RR=2.00,False
proxy_hardened_no_worst_hours,50,547,596,2024-09-19 14:30:00,2024-12-30 13:30:00,50,23,27,46.0,1.7910450950531673,114.90729286979696,32.16951750800533,6,NEW YORK,21,SELL,V50 realtime loss proxy | variant=proxy_hardened_no_worst_hours | Side=BUY | score=100.0 | opposite_score=8.0 | session=NEW YORK | RR=2.00,False
proxy_hardened_no_worst_hours,50,548,597,2024-09-20 14:15:00,2024-12-31 19:30:00,50,23,27,46.0,1.7494162918397445,108.8602885806895,32.16951750800533,6,NEW YORK,21,SELL,V50 realtime loss proxy | variant=proxy_hardened_no_worst_hours | Side=BUY | score=100.0 | opposite_score=8.0 | session=NEW YORK | RR=2.00,False
proxy_hardened_no_worst_hours,50,549,598,2024-09-23 10:00:00,2025-01-02 10:00:00,50,23,27,46.0,1.71905481508599,104.44997730624983,32.16951750800533,6,NEW YORK,21,SELL,V50 realtime loss proxy | variant=proxy_hardened_no_worst_hours | Side=BUY | score=100.0 | opposite_score=8.0 | session=NEW YORK | RR=2.00,False
proxy_hardened_no_worst_hours,50,550,599,2024-09-23 15:30:00,2025-01-02 14:00:00,50,23,27,46.0,1.7428614951370487,107.90813812918078,32.16951750800533,6,NEW YORK,21,SELL,V50 realtime loss proxy | variant=proxy_hardened_no_worst_hours | Side=BUY | score=100.0 | opposite_score=8.0 | session=NEW YORK | RR=2.00,False
proxy_hardened_no_worst_hours,50,551,600,2024-09-24 13:00:00,2025-01-06 10:00:00,50,23,27,46.0,1.7607023397236437,109.38002970547997,32.16951750800533,6,NEW YORK,21,SELL,V50 realtime loss proxy | variant=proxy_hardened_no_worst_hours | Side=BUY | score=100.0 | opposite_score=8.0 | session=NEW YORK | RR=2.00,False
proxy_hardened_no_worst_hours,50,552,601,2024-09-25 14:00:00,2025-01-06 13:15:00,50,22,28,44.0,1.615410619091538,92.16686893554244,32.16951750800533,6,NEW YORK,21,SELL,V50 realtime loss proxy | variant=proxy_hardened_no_worst_hours | Side=BUY | score=100.0 | opposite_score=8.0 | session=NEW YORK | RR=2.00,False
proxy_hardened_no_worst_hours,50,553,602,2024-09-25 19:15:00,2025-01-07 10:00:00,50,23,27,46.0,1.7288610639464974,105.20634721061425,32.16951750800533,6,NEW YORK,21,SELL,V50 realtime loss proxy | variant=proxy_hardened_no_worst_hours | Side=BUY | score=100.0 | opposite_score=8.0 | session=NEW YORK | RR=2.00,False
proxy_hardened_no_worst_hours,50,554,603,2024-09-26 15:15:00,2025-01-08 10:45:00,50,23,27,46.0,1.7475898540722188,106.75326559085217,32.16951750800533,6,NEW YORK,21,SELL,V50 realtime loss proxy | variant=proxy_hardened_no_worst_hours | Side=SELL | score=79.0 | opposite_score=8.0 | session=LONDON | RR=2.00,False
proxy_hardened_no_worst_hours,50,555,604,2024-10-01 13:00:00,2025-01-08 13:00:00,50,23,27,46.0,1.810280583713373,111.69836699222469,32.16951750800533,6,NEW YORK,21,SELL,V50 realtime loss proxy | variant=proxy_hardened_no_worst_hours | Side=SELL | score=79.0 | opposite_score=8.0 | session=LONDON | RR=2.00,False
proxy_hardened_no_worst_hours,50,556,605,2024-10-01 15:30:00,2025-01-09 14:45:00,50,22,28,44.0,1.681151338061959,97.75273115969321,32.16951750800533,6,NEW YORK,21,SELL,V50 realtime loss proxy | variant=proxy_hardened_no_worst_hours | Side=SELL | score=79.0 | opposite_score=8.0 | session=LONDON | RR=2.00,False
proxy_hardened_no_worst_hours,50,557,606,2024-10-11 10:45:00,2025-01-09 18:15:00,50,23,27,46.0,1.861148149445563,116.76081785768429,32.16951750800533,6,NEW YORK,21,SELL,V50 realtime loss proxy | variant=proxy_hardened_no_worst_hours | Side=SELL | score=79.0 | opposite_score=8.0 | session=LONDON | RR=2.00,False
proxy_hardened_no_worst_hours,50,558,607,2024-10-11 19:45:00,2025-01-10 13:00:00,50,22,28,44.0,1.752019758765698,105.17841046135483,32.16951750800533,6,NEW YORK,21,SELL,V50 realtime loss proxy | variant=proxy_hardened_no_worst_hours | Side=SELL | score=79.0 | opposite_score=8.0 | session=LONDON | RR=2.00,False
proxy_hardened_no_worst_hours,50,559,608,2024-10-14 10:30:00,2025-01-10 13:45:00,50,23,27,46.0,1.8889230218759392,120.99817851735679,32.16951750800533,6,NEW YORK,21,SELL,V50 realtime loss proxy | variant=proxy_hardened_no_worst_hours | Side=SELL | score=79.0 | opposite_score=8.0 | session=LONDON | RR=2.00,False
proxy_hardened_no_worst_hours,50,560,609,2024-10-15 10:45:00,2025-01-15 13:00:00,50,23,27,46.0,1.8955801544120372,121.4762135541946,32.16951750800533,6,NEW YORK,21,SELL,V50 realtime loss proxy | variant=proxy_hardened_no_worst_hours | Side=SELL | score=79.0 | opposite_score=8.0 | session=LONDON | RR=2.00,False
proxy_hardened_no_worst_hours,50,561,610,2024-10-15 14:15:00,2025-01-15 13:30:00,50,23,27,46.0,1.8851093674703117,120.72280671843689,32.16951750800533,6,NEW YORK,21,SELL,V50 realtime loss proxy | variant=proxy_hardened_no_worst_hours | Side=SELL | score=79.0 | opposite_score=8.0 | session=LONDON | RR=2.00,False
proxy_hardened_no_worst_hours,50,562,611,2024-10-16 14:15:00,2025-01-23 19:45:00,50,23,27,46.0,1.8594755459238064,117.2265304414632,32.16951750800533,6,NEW YORK,21,SELL,V50 realtime loss proxy | variant=proxy_hardened_no_worst_hours | Side=SELL | score=79.0 | opposite_score=8.0 | session=LONDON | RR=2.00,False
proxy_hardened_no_worst_hours,50,563,612,2024-10-16 19:45:00,2025-01-24 10:00:00,50,24,26,48.0,2.012046633489592,131.97173754591904,32.16951750800533,6,NEW YORK,21,SELL,V50 realtime loss proxy | variant=proxy_hardened_no_worst_hours | Side=SELL | score=79.0 | opposite_score=8.0 | session=LONDON | RR=2.00,False
proxy_hardened_no_worst_hours,50,564,613,2024-10-17 13:00:00,2025-01-24 14:30:00,50,23,27,46.0,1.875549290302633,118.74389401598546,32.16951750800533,6,NEW YORK,21,SELL,V50 realtime loss proxy | variant=proxy_hardened_no_worst_hours | Side=SELL | score=79.0 | opposite_score=8.0 | session=LONDON | RR=2.00,False
proxy_hardened_no_worst_hours,50,565,614,2024-10-18 13:30:00,2025-01-30 19:30:00,50,23,27,46.0,1.8701380117461304,118.01000467986114,32.16951750800533,6,NEW YORK,21,SELL,V50 realtime loss proxy | variant=proxy_hardened_no_worst_hours | Side=SELL | score=79.0 | opposite_score=8.0 | session=LONDON | RR=2.00,False
proxy_hardened_no_worst_hours,50,566,615,2024-10-21 10:45:00,2025-02-03 10:00:00,50,23,27,46.0,1.872043037982005,118.26836847040478,32.16951750800533,6,NEW YORK,21,SELL,V50 realtime loss proxy | variant=proxy_hardened_no_worst_hours | Side=SELL | score=79.0 | opposite_score=8.0 | session=LONDON | RR=2.00,False
proxy_hardened_no_worst_hours,50,567,616,2024-10-22 10:00:00,2025-02-04 21:30:00,50,24,26,48.0,1.9976899561826325,130.86279732431376,32.16951750800533,6,NEW YORK,14,SELL,V50 realtime loss proxy | variant=proxy_hardened_no_worst_hours | Side=SELL | score=79.0 | opposite_score=8.0 | session=LONDON | RR=2.00,False
proxy_hardened_no_worst_hours,50,568,617,2024-10-22 13:00:00,2025-02-05 14:30:00,50,25,25,50.0,2.1497465431196354,146.17071968948218,32.16951750800533,6,NEW YORK,21,SELL,V50 realtime loss proxy | variant=proxy_hardened_no_worst_hours | Side=SELL | score=79.0 | opposite_score=8.0 | session=LONDON | RR=2.00,False
proxy_hardened_no_worst_hours,50,569,618,2024-10-24 13:30:00,2025-02-07 10:00:00,50,24,26,48.0,2.013398453270274,133.00162837066043,32.16951750800533,6,NEW YORK,13,SELL,V50 realtime loss proxy | variant=proxy_hardened_no_worst_hours | Side=SELL | score=79.0 | opposite_score=8.0 | session=LONDON | RR=2.00,False
proxy_hardened_no_worst_hours,50,570,619,2024-10-28 15:45:00,2025-02-10 13:45:00,50,25,25,50.0,2.179642488710389,149.4208803356905,32.16951750800533,6,NEW YORK,21,SELL,V50 realtime loss proxy | variant=proxy_hardened_no_worst_hours | Side=SELL | score=79.0 | opposite_score=8.0 | session=LONDON | RR=2.00,False
proxy_hardened_no_worst_hours,50,571,620,2024-10-29 13:00:00,2025-02-12 18:45:00,50,24,26,48.0,1.9917315038186494,132.64576677713964,32.169517508005335,6,NEW YORK,21,SELL,V50 realtime loss proxy | variant=proxy_hardened_no_worst_hours | Side=SELL | score=79.0 | opposite_score=8.0 | session=LONDON | RR=2.00,False
proxy_hardened_no_worst_hours,50,572,621,2024-10-30 13:00:00,2025-02-12 19:45:00,50,24,26,48.0,2.0156312605060025,135.84239967563508,32.169517508005335,6,NEW YORK,13,SELL,V50 realtime loss proxy | variant=proxy_hardened_no_worst_hours | Side=SELL | score=79.0 | opposite_score=8.0 | session=LONDON | RR=2.00,False
proxy_hardened_no_worst_hours,50,573,622,2024-11-06 10:00:00,2025-02-13 10:15:00,50,24,26,48.0,2.0042289050569613,135.08146646498196,32.169517508005335,6,NEW YORK,21,SELL,V50 realtime loss proxy | variant=proxy_hardened_no_worst_hours | Side=SELL | score=79.0 | opposite_score=8.0 | session=LONDON | RR=2.00,False
proxy_hardened_no_worst_hours,50,574,623,2024-11-08 10:00:00,2025-02-13 14:45:00,50,24,26,48.0,1.9419308452306567,126.70159088394303,32.16951750800534,6,LONDON,21,SELL,V50 realtime loss proxy | variant=proxy_hardened_no_worst_hours | Side=SELL | score=85.0 | opposite_score=4.0 | session=LONDON | RR=2.00,False
proxy_hardened_no_worst_hours,50,575,624,2024-11-08 15:45:00,2025-02-14 10:45:00,50,24,26,48.0,1.9553664722881574,127.62584804711558,32.169517508005335,6,LONDON,21,SELL,V50 realtime loss proxy | variant=proxy_hardened_no_worst_hours | Side=SELL | score=85.0 | opposite_score=4.0 | session=LONDON | RR=2.00,False
proxy_hardened_no_worst_hours,50,576,625,2024-11-12 15:15:00,2025-02-18 10:00:00,50,23,27,46.0,1.7864886818963674,108.32528832444406,32.16951750800534,6,LONDON,15,SELL,V50 realtime loss proxy | variant=proxy_hardened_no_worst_hours | Side=SELL | score=85.0 | opposite_score=4.0 | session=LONDON | RR=2.00,False
proxy_hardened_no_worst_hours,50,577,626,2024-11-13 15:45:00,2025-02-18 13:00:00,50,24,26,48.0,1.9745642259119267,125.7513199963828,32.16951750800534,6,LONDON,21,SELL,V50 realtime loss proxy | variant=proxy_hardened_no_worst_hours | Side=SELL | score=85.0 | opposite_score=4.0 | session=LONDON | RR=2.00,False
proxy_hardened_no_worst_hours,50,578,627,2024-11-18 18:45:00,2025-02-19 13:00:00,50,23,27,46.0,1.780441005212717,105.19095886750212,32.169517508005335,6,LONDON,15,SELL,V50 realtime loss proxy | variant=proxy_hardened_no_worst_hours | Side=SELL | score=85.0 | opposite_score=4.0 | session=LONDON | RR=2.00,False
proxy_hardened_no_worst_hours,50,579,628,2024-11-19 13:30:00,2025-02-19 14:00:00,50,22,28,44.0,1.6325190957432356,89.25315499410682,32.169517508005335,6,LONDON,15,SELL,V50 realtime loss proxy | variant=proxy_hardened_no_worst_hours | Side=SELL | score=85.0 | opposite_score=4.0 | session=LONDON | RR=2.00,False
proxy_hardened_no_worst_hours,50,580,629,2024-11-19 18:45:00,2025-02-26 15:00:00,50,22,28,44.0,1.6141141022488867,87.64417230404935,32.16951750800534,6,LONDON,15,SELL,V50 realtime loss proxy | variant=proxy_hardened_no_worst_hours | Side=SELL | score=85.0 | opposite_score=4.0 | session=LONDON | RR=2.00,False
proxy_hardened_no_worst_hours,50,581,630,2024-11-21 18:00:00,2025-02-27 10:15:00,50,23,27,46.0,1.795042453570634,108.77980237237217,32.16951750800534,6,LONDON,15,SELL,V50 realtime loss proxy | variant=proxy_hardened_no_worst_hours | Side=SELL | score=85.0 | opposite_score=4.0 | session=LONDON | RR=2.00,False
proxy_hardened_no_worst_hours,50,582,631,2024-11-22 21:00:00,2025-02-28 10:15:00,50,23,27,46.0,1.7872374730158416,107.71190437716768,32.16951750800534,6,NEW YORK,15,SELL,V50 realtime loss proxy | variant=proxy_hardened_no_worst_hours | Side=SELL | score=85.0 | opposite_score=4.0 | session=LONDON | RR=2.00,False
proxy_hardened_no_worst_hours,50,583,632,2024-11-26 14:30:00,2025-02-28 15:45:00,50,23,27,46.0,1.7369368893744586,103.74960823920128,27.19501674429457,5,LONDON,15,SELL,V50 realtime loss proxy | variant=proxy_hardened_no_worst_hours | Side=SELL | score=85.0 | opposite_score=4.0 | session=LONDON | RR=2.00,False
proxy_hardened_no_worst_hours,50,584,633,2024-11-27 13:30:00,2025-03-04 18:00:00,50,23,27,46.0,1.749609271013073,104.7693104029795,19.933935825690213,4,NEW YORK,15,SELL,V50 realtime loss proxy | variant=proxy_hardened_no_worst_hours | Side=SELL | score=85.0 | opposite_score=4.0 | session=LONDON | RR=2.00,False
proxy_hardened_no_worst_hours,50,585,634,2024-11-28 13:00:00,2025-03-06 18:45:00,50,23,27,46.0,1.731165534261052,103.28025980982012,23.140800122038158,3,NEW YORK,15,SELL,V50 realtime loss proxy | variant=proxy_hardened_no_worst_hours | Side=SELL | score=85.0 | opposite_score=4.0 | session=LONDON | RR=2.00,False
proxy_hardened_no_worst_hours,50,586,635,2024-11-29 10:30:00,2025-03-07 10:45:00,50,23,27,46.0,1.7260844934152244,102.8644523797202,27.534145451269808,4,NEW YORK,15,SELL,V50 realtime loss proxy | variant=proxy_hardened_no_worst_hours | Side=SELL | score=85.0 | opposite_score=4.0 | session=LONDON | RR=2.00,False
proxy_hardened_no_worst_hours,50,587,636,2024-12-04 10:00:00,2025-03-07 13:30:00,50,23,27,46.0,1.7145895622671006,101.91466946008313,33.95436315330416,5,NEW YORK,15,SELL,V50 realtime loss proxy | variant=proxy_hardened_no_worst_hours | Side=SELL | score=85.0 | opposite_score=4.0 | session=LONDON | RR=2.00,False
proxy_hardened_no_worst_hours,50,588,637,2024-12-10 13:15:00,2025-03-10 13:15:00,50,23,27,46.0,1.6769612261341038,98.71450700516971,41.16691488000332,6,NEW YORK,15,SELL,V50 realtime loss proxy | variant=proxy_hardened_no_worst_hours | Side=SELL | score=85.0 | opposite_score=4.0 | session=LONDON | RR=2.00,False
proxy_hardened_no_worst_hours,50,589,638,2024-12-11 10:45:00,2025-03-10 14:15:00,50,23,27,46.0,1.7087537138747413,103.35048855422703,41.166914880003304,6,NEW YORK,15,SELL,V50 realtime loss proxy | variant=proxy_hardened_no_worst_hours | Side=SELL | score=85.0 | opposite_score=4.0 | session=LONDON | RR=2.00,False
proxy_hardened_no_worst_hours,50,590,639,2024-12-17 13:45:00,2025-03-11 13:15:00,50,23,27,46.0,1.6834244128986375,99.65696909976667,41.166914880003304,6,NEW YORK,15,SELL,V50 realtime loss proxy | variant=proxy_hardened_no_worst_hours | Side=SELL | score=85.0 | opposite_score=4.0 | session=LONDON | RR=2.00,False
proxy_hardened_no_worst_hours,50,591,640,2024-12-17 15:30:00,2025-03-11 14:45:00,50,23,27,46.0,1.6746038391135087,98.88889708591933,41.166914880003304,6,NEW YORK,15,SELL,V50 realtime loss proxy | variant=proxy_hardened_no_worst_hours | Side=SELL | score=85.0 | opposite_score=4.0 | session=LONDON | RR=2.00,False
proxy_hardened_no_worst_hours,50,592,641,2024-12-23 13:30:00,2025-03-13 10:15:00,50,23,27,46.0,1.6950506262347724,100.65713674270863,41.166914880003304,6,NEW YORK,15,SELL,V50 realtime loss proxy | variant=proxy_hardened_no_worst_hours | Side=BUY | score=76.0 | opposite_score=4.0 | session=LONDON | RR=2.00,False
proxy_hardened_no_worst_hours,50,593,642,2024-12-24 10:45:00,2025-03-16 22:00:00,50,22,28,44.0,1.5721308002692083,86.11301676818037,41.166914880003304,6,NEW YORK,15,SELL,V50 realtime loss proxy | variant=proxy_hardened_no_worst_hours | Side=BUY | score=76.0 | opposite_score=4.0 | session=LONDON | RR=2.00,False
proxy_hardened_no_worst_hours,50,594,643,2024-12-26 13:15:00,2025-03-17 14:15:00,50,23,27,46.0,1.6924184712504178,102.00122440473704,41.166914880003304,6,NEW YORK,15,SELL,V50 realtime loss proxy | variant=proxy_hardened_no_worst_hours | Side=BUY | score=76.0 | opposite_score=4.0 | session=LONDON | RR=2.00,False
proxy_hardened_no_worst_hours,50,595,644,2024-12-26 14:45:00,2025-03-18 14:15:00,50,24,26,48.0,1.8352739586457112,120.38809066903694,41.166914880003304,6,NEW YORK,15,SELL,V50 realtime loss proxy | variant=proxy_hardened_no_worst_hours | Side=BUY | score=76.0 | opposite_score=4.0 | session=LONDON | RR=2.00,False
proxy_hardened_no_worst_hours,50,596,645,2024-12-30 13:30:00,2025-03-19 10:45:00,50,23,27,46.0,1.7166845741045595,107.44732609789752,41.166914880003304,6,NEW YORK,15,SELL,V50 realtime loss proxy | variant=proxy_hardened_no_worst_hours | Side=BUY | score=76.0 | opposite_score=4.0 | session=LONDON | RR=2.00,False
proxy_hardened_no_worst_hours,50,597,646,2024-12-31 19:30:00,2025-03-19 19:15:00,50,23,27,46.0,1.7457170905877224,111.79996096506555,41.166914880003304,6,NEW YORK,15,SELL,V50 realtime loss proxy | variant=proxy_hardened_no_worst_hours | Side=BUY | score=76.0 | opposite_score=4.0 | session=LONDON | RR=2.00,False
proxy_hardened_no_worst_hours,50,598,647,2025-01-02 10:00:00,2025-03-24 10:30:00,50,22,28,44.0,1.6278211582195798,97.55759508103891,41.166914880003304,6,NEW YORK,15,SELL,V50 realtime loss proxy | variant=proxy_hardened_no_worst_hours | Side=BUY | score=76.0 | opposite_score=4.0 | session=LONDON | RR=2.00,False
proxy_hardened_no_worst_hours,50,599,648,2025-01-02 14:00:00,2025-03-26 10:30:00,50,21,29,42.0,1.5332101364383648,85.11108721405978,41.166914880003304,6,NEW YORK,15,SELL,V50 realtime loss proxy | variant=proxy_hardened_no_worst_hours | Side=BUY | score=76.0 | opposite_score=4.0 | session=LONDON | RR=2.00,False
proxy_hardened_no_worst_hours,50,600,649,2025-01-06 10:00:00,2025-03-27 15:45:00,50,21,29,42.0,1.562311969279226,89.75632642416211,41.166914880003304,6,NEW YORK,18,SELL,V50 realtime loss proxy | variant=proxy_hardened_no_worst_hours | Side=BUY | score=76.0 | opposite_score=4.0 | session=LONDON | RR=2.00,False
proxy_hardened_no_worst_hours,50,601,650,2025-01-06 13:15:00,2025-03-28 10:45:00,50,22,28,44.0,1.680196157610746,105.66143709235438,41.166914880003304,6,NEW YORK,18,SELL,V50 realtime loss proxy | variant=proxy_hardened_no_worst_hours | Side=BUY | score=76.0 | opposite_score=4.0 | session=LONDON | RR=2.00,False
proxy_hardened_no_worst_hours,50,602,651,2025-01-07 10:00:00,2025-03-31 14:30:00,50,23,27,46.0,1.8828385475164306,131.8634448053058,41.166914880003304,6,NEW YORK,18,SELL,V50 realtime loss proxy | variant=proxy_hardened_no_worst_hours | Side=BUY | score=76.0 | opposite_score=4.0 | session=LONDON | RR=2.00,False
proxy_hardened_no_worst_hours,50,603,652,2025-01-08 10:45:00,2025-04-01 10:15:00,50,22,28,44.0,1.7513366040569796,117.38004382784081,41.166914880003304,6,NEW YORK,18,SELL,V50 realtime loss proxy | variant=proxy_hardened_no_worst_hours | Side=BUY | score=76.0 | opposite_score=4.0 | session=LONDON | RR=2.00,False
proxy_hardened_no_worst_hours,50,604,653,2025-01-08 13:00:00,2025-04-02 13:00:00,50,22,28,44.0,1.7001072004105147,112.67240958284444,41.166914880003304,6,NEW YORK,18,SELL,V50 realtime loss proxy | variant=proxy_hardened_no_worst_hours | Side=BUY | score=76.0 | opposite_score=4.0 | session=LONDON | RR=2.00,False
proxy_hardened_no_worst_hours,50,605,654,2025-01-09 14:45:00,2025-04-07 13:45:00,50,22,28,44.0,1.5749844707101202,99.88704925177623,41.166914880003304,6,NEW YORK,13,SELL,V50 realtime loss proxy | variant=proxy_hardened_no_worst_hours | Side=BUY | score=76.0 | opposite_score=4.0 | session=LONDON | RR=2.00,False
proxy_hardened_no_worst_hours,50,606,655,2025-01-09 18:15:00,2025-04-07 14:30:00,50,23,27,46.0,1.8714140220133961,146.45135195122518,41.166914880003304,6,NEW YORK,13,SELL,V50 realtime loss proxy | variant=proxy_hardened_no_worst_hours | Side=BUY | score=76.0 | opposite_score=4.0 | session=LONDON | RR=2.00,False
proxy_hardened_no_worst_hours,50,607,656,2025-01-10 13:00:00,2025-04-09 13:00:00,50,23,27,46.0,1.97895867120101,164.5254922229824,41.166914880003304,6,NEW YORK,18,SELL,V50 realtime loss proxy | variant=proxy_hardened_no_worst_hours | Side=BUY | score=76.0 | opposite_score=4.0 | session=LONDON | RR=2.00,False
proxy_hardened_no_worst_hours,50,608,657,2025-01-10 13:45:00,2025-04-09 18:15:00,50,24,26,48.0,2.270878694373539,208.15452412776312,41.166914880003304,6,NEW YORK,22,SELL,V50 realtime loss proxy | variant=proxy_hardened_no_worst_hours | Side=BUY | score=76.0 | opposite_score=4.0 | session=LONDON | RR=2.00,False
proxy_hardened_no_worst_hours,50,609,658,2025-01-15 13:00:00,2025-04-10 10:00:00,50,24,26,48.0,2.331059804858649,218.01146048995724,41.166914880003304,6,NEW YORK,22,SELL,V50 realtime loss proxy | variant=proxy_hardened_no_worst_hours | Side=BUY | score=76.0 | opposite_score=4.0 | session=LONDON | RR=2.00,False
proxy_hardened_no_worst_hours,50,610,659,2025-01-15 13:30:00,2025-04-11 14:15:00,50,24,26,48.0,2.1662914425842215,205.5537367351444,41.166914880003304,6,NEW YORK,22,SELL,V50 realtime loss proxy | variant=proxy_hardened_no_worst_hours | Side=BUY | score=76.0 | opposite_score=4.0 | session=LONDON | RR=2.00,False
proxy_hardened_no_worst_hours,50,611,660,2025-01-23 19:45:00,2025-04-22 10:00:00,50,24,26,48.0,2.0445577862374598,195.0600145127032,41.166914880003304,6,NEW YORK,22,SELL,V50 realtime loss proxy | variant=proxy_hardened_no_worst_hours | Side=BUY | score=76.0 | opposite_score=4.0 | session=LONDON | RR=2.00,False
proxy_hardened_no_worst_hours,50,612,661,2025-01-24 10:00:00,2025-04-25 10:15:00,50,24,26,48.0,2.119998507112816,209.14776370444633,41.166914880003304,6,NEW YORK,22,SELL,V50 realtime loss proxy | variant=proxy_hardened_no_worst_hours | Side=BUY | score=76.0 | opposite_score=4.0 | session=LONDON | RR=2.00,False
proxy_hardened_no_worst_hours,50,613,662,2025-01-24 14:30:00,2025-04-28 10:00:00,50,23,27,46.0,1.9676929255154625,190.38893398813752,41.166914880003304,6,NEW YORK,22,SELL,V50 realtime loss proxy | variant=proxy_hardened_no_worst_hours | Side=BUY | score=76.0 | opposite_score=4.0 | session=LONDON | RR=2.00,False
proxy_hardened_no_worst_hours,50,614,663,2025-01-30 19:30:00,2025-05-01 14:15:00,50,23,27,46.0,1.8890517849884738,182.19844037415214,41.166914880003304,6,NEW YORK,22,SELL,V50 realtime loss proxy | variant=proxy_hardened_no_worst_hours | Side=BUY | score=76.0 | opposite_score=4.0 | session=LONDON | RR=2.00,False
proxy_hardened_no_worst_hours,50,615,664,2025-02-03 10:00:00,2025-05-06 14:45:00,50,23,27,46.0,1.949734059911794,194.63440421345513,41.166914880003304,6,NEW YORK,22,SELL,V50 realtime loss proxy | variant=proxy_hardened_no_worst_hours | Side=BUY | score=76.0 | opposite_score=4.0 | session=LONDON | RR=2.00,False
proxy_hardened_no_worst_hours,50,616,665,2025-02-04 21:30:00,2025-05-09 18:00:00,50,22,28,44.0,1.8131089131740317,174.06826687558487,41.166914880003304,6,NEW YORK,22,SELL,V50 realtime loss proxy | variant=proxy_hardened_no_worst_hours | Side=BUY | score=76.0 | opposite_score=4.0 | session=LONDON | RR=2.00,False
proxy_hardened_no_worst_hours,50,617,666,2025-02-05 14:30:00,2025-05-13 14:15:00,50,21,29,42.0,1.6858333587318135,154.59530202987116,41.16691488000331,6,NEW YORK,22,SELL,V50 realtime loss proxy | variant=proxy_hardened_no_worst_hours | Side=BUY | score=76.0 | opposite_score=4.0 | session=LONDON | RR=2.00,False
proxy_hardened_no_worst_hours,50,618,667,2025-02-07 10:00:00,2025-05-16 13:30:00,50,20,30,40.0,1.5323777043872422,128.10482235328342,44.4209138325584,6,NEW YORK,22,SELL,V50 realtime loss proxy | variant=proxy_hardened_no_worst_hours | Side=BUY | score=76.0 | opposite_score=4.0 | session=LONDON | RR=2.00,False
proxy_hardened_no_worst_hours,50,619,668,2025-02-10 13:45:00,2025-05-21 10:00:00,50,20,30,40.0,1.505035737028163,123.73334163177198,52.902573996329735,6,NEW YORK,22,SELL,V50 realtime loss proxy | variant=proxy_hardened_no_worst_hours | Side=BUY | score=76.0 | opposite_score=4.0 | session=LONDON | RR=2.00,False
proxy_hardened_no_worst_hours,50,620,669,2025-02-12 18:45:00,2025-05-21 14:15:00,50,20,30,40.0,1.5480761370393417,134.27820435750482,52.90257399632972,6,NEW YORK,13,SELL,V50 realtime loss proxy | variant=proxy_hardened_no_worst_hours | Side=BUY | score=76.0 | opposite_score=4.0 | session=LONDON | RR=2.00,False
proxy_hardened_no_worst_hours,50,621,670,2025-02-12 19:45:00,2025-05-23 14:00:00,50,20,30,40.0,1.508365048829614,127.82805220719142,52.90257399632972,6,NEW YORK,13,SELL,V50 realtime loss proxy | variant=proxy_hardened_no_worst_hours | Side=BUY | score=76.0 | opposite_score=4.0 | session=LONDON | RR=2.00,False
proxy_hardened_no_worst_hours,50,622,671,2025-02-13 10:15:00,2025-05-26 18:00:00,50,20,30,40.0,1.487855925920198,122.67104694094769,52.90257399632975,6,NEW YORK,13,SELL,V50 realtime loss proxy | variant=proxy_hardened_no_worst_hours | Side=BUY | score=76.0 | opposite_score=4.0 | session=LONDON | RR=2.00,False
proxy_hardened_no_worst_hours,50,623,672,2025-02-13 14:45:00,2025-05-27 13:15:00,50,20,30,40.0,1.468041412687217,119.27717393186232,52.90257399632972,6,NEW YORK,13,SELL,V50 realtime loss proxy | variant=proxy_hardened_no_worst_hours | Side=BUY | score=76.0 | opposite_score=4.0 | session=LONDON | RR=2.00,False
proxy_hardened_no_worst_hours,50,624,673,2025-02-14 10:45:00,2025-05-30 14:45:00,50,19,31,38.0,1.3466573686902965,92.7079368419559,57.294780715781314,6,NEW YORK,13,SELL,V50 realtime loss proxy | variant=proxy_hardened_no_worst_hours | Side=BUY | score=76.0 | opposite_score=4.0 | session=LONDON | RR=2.00,False
proxy_hardened_no_worst_hours,50,625,674,2025-02-18 10:00:00,2025-06-02 13:30:00,50,20,30,40.0,1.440856550961867,115.84941254675917,57.294780715781314,6,NEW YORK,22,SELL,V50 realtime loss proxy | variant=proxy_hardened_no_worst_hours | Side=BUY | score=76.0 | opposite_score=4.0 | session=LONDON | RR=2.00,False
proxy_hardened_no_worst_hours,50,626,675,2025-02-18 13:00:00,2025-06-04 19:00:00,50,20,30,40.0,1.426077464507419,113.12607790849646,57.294780715781314,6,NEW YORK,22,SELL,V50 realtime loss proxy | variant=proxy_hardened_no_worst_hours | Side=BUY | score=76.0 | opposite_score=4.0 | session=LONDON | RR=2.00,False
proxy_hardened_no_worst_hours,50,627,676,2025-02-19 13:00:00,2025-06-10 14:00:00,50,19,31,38.0,1.3512007458152728,96.14488240337374,57.294780715781314,6,NEW YORK,13,SELL,V50 realtime loss proxy | variant=proxy_hardened_no_worst_hours | Side=BUY | score=76.0 | opposite_score=4.0 | session=LONDON | RR=2.00,False
proxy_hardened_no_worst_hours,50,628,677,2025-02-19 14:00:00,2025-06-11 14:30:00,50,19,31,38.0,1.3255568796812882,90.84878606974557,64.97371651537924,6,NEW YORK,22,SELL,V50 realtime loss proxy | variant=proxy_hardened_no_worst_hours | Side=BUY | score=76.0 | opposite_score=4.0 | session=LONDON | RR=2.00,False
proxy_hardened_no_worst_hours,50,629,678,2025-02-26 15:00:00,2025-06-11 18:00:00,50,20,30,40.0,1.4303124135095169,117.36044723446096,64.97371651537924,6,NEW YORK,22,SELL,V50 realtime loss proxy | variant=proxy_hardened_no_worst_hours | Side=BUY | score=76.0 | opposite_score=4.0 | session=LONDON | RR=2.00,False
proxy_hardened_no_worst_hours,50,630,679,2025-02-27 10:15:00,2025-06-12 14:30:00,50,21,29,42.0,1.562197461346614,148.94995528133043,64.97371651537922,6,NEW YORK,22,SELL,V50 realtime loss proxy | variant=proxy_hardened_no_worst_hours | Side=BUY | score=76.0 | opposite_score=4.0 | session=LONDON | RR=2.00,False
proxy_hardened_no_worst_hours,50,631,680,2025-02-28 10:15:00,2025-06-13 14:00:00,50,21,29,42.0,1.5825470153076713,154.34141533032158,64.97371651537924,6,NEW YORK,22,SELL,V50 realtime loss proxy | variant=proxy_hardened_no_worst_hours | Side=BUY | score=76.0 | opposite_score=4.0 | session=LONDON | RR=2.00,False
proxy_hardened_no_worst_hours,50,632,681,2025-02-28 15:45:00,2025-06-19 15:00:00,50,20,30,40.0,1.4964460144596512,135.35097277502567,64.9737165153792,6,NEW YORK,10,SELL,V50 realtime loss proxy | variant=proxy_hardened_no_worst_hours | Side=BUY | score=76.0 | opposite_score=4.0 | session=LONDON | RR=2.00,False
proxy_hardened_no_worst_hours,50,633,682,2025-03-04 18:00:00,2025-06-24 15:15:00,50,20,30,40.0,1.4836570714938395,133.00085042546064,64.97371651537924,5,NEW YORK,10,SELL,V50 realtime loss proxy | variant=proxy_hardened_no_worst_hours | Side=BUY | score=76.0 | opposite_score=4.0 | session=LONDON | RR=2.00,False
proxy_hardened_no_worst_hours,50,634,683,2025-03-06 18:45:00,2025-06-25 14:00:00,50,20,30,40.0,1.483250939396266,132.92555483244317,64.97371651537924,4,NEW YORK,10,SELL,V50 realtime loss proxy | variant=proxy_hardened_no_worst_hours | Side=BUY | score=76.0 | opposite_score=4.0 | session=LONDON | RR=2.00,False
proxy_hardened_no_worst_hours,50,635,684,2025-03-07 10:45:00,2025-06-26 15:00:00,50,20,30,40.0,1.4677422012704346,130.01910750988648,64.97371651537924,4,NEW YORK,15,SELL,V50 realtime loss proxy | variant=proxy_hardened_no_worst_hours | Side=SELL | score=85.0 | opposite_score=4.0 | session=LONDON | RR=2.00,False
proxy_hardened_no_worst_hours,50,636,685,2025-03-07 13:30:00,2025-06-27 10:15:00,50,21,29,42.0,1.5492677425311503,150.26778014316142,64.97371651537922,4,NEW YORK,15,SELL,V50 realtime loss proxy | variant=proxy_hardened_no_worst_hours | Side=BUY | score=76.0 | opposite_score=4.0 | session=LONDON | RR=2.00,False
proxy_hardened_no_worst_hours,50,637,686,2025-03-10 13:15:00,2025-06-27 14:00:00,50,21,29,42.0,1.5258283891763675,146.0651447712544,64.9737165153793,4,NEW YORK,15,SELL,V50 realtime loss proxy | variant=proxy_hardened_no_worst_hours | Side=BUY | score=76.0 | opposite_score=4.0 | session=LONDON | RR=2.00,False
proxy_hardened_no_worst_hours,50,638,687,2025-03-10 14:15:00,2025-07-01 13:15:00,50,21,29,42.0,1.5284618845999338,146.54375339387437,64.97371651537931,4,NEW YORK,15,SELL,V50 realtime loss proxy | variant=proxy_hardened_no_worst_hours | Side=BUY | score=76.0 | opposite_score=4.0 | session=LONDON | RR=2.00,False
proxy_hardened_no_worst_hours,50,639,688,2025-03-11 13:15:00,2025-07-01 19:00:00,50,20,30,40.0,1.4455466910598518,125.92849629368042,64.97371651537922,4,NEW YORK,15,SELL,V50 realtime loss proxy | variant=proxy_hardened_no_worst_hours | Side=BUY | score=76.0 | opposite_score=4.0 | session=LONDON | RR=2.00,False
proxy_hardened_no_worst_hours,50,640,689,2025-03-11 14:45:00,2025-07-02 13:00:00,50,19,31,38.0,1.3764803985407192,108.95624992135623,64.97371651537924,4,LONDON,13,SELL,V50 realtime loss proxy | variant=proxy_hardened_no_worst_hours | Side=BUY | score=76.0 | opposite_score=4.0 | session=LONDON | RR=2.00,False
proxy_hardened_no_worst_hours,50,641,690,2025-03-13 10:15:00,2025-07-03 10:30:00,50,19,31,38.0,1.3799090212652174,109.67533292361628,64.97371651537924,5,LONDON,13,SELL,V50 realtime loss proxy | variant=proxy_hardened_no_worst_hours | Side=BUY | score=76.0 | opposite_score=4.0 | session=LONDON | RR=2.00,False
proxy_hardened_no_worst_hours,50,642,691,2025-03-16 22:00:00,2025-07-06 22:00:00,50,19,31,38.0,1.379387435721501,109.56617163967765,64.97371651537922,6,NEW YORK,13,SELL,V50 realtime loss proxy | variant=proxy_hardened_no_worst_hours | Side=BUY | score=76.0 | opposite_score=4.0 | session=LONDON | RR=2.00,False
proxy_hardened_no_worst_hours,50,643,692,2025-03-17 14:15:00,2025-07-07 10:15:00,50,20,30,40.0,1.44816710491257,126.87818012486792,64.9737165153793,6,NEW YORK,13,SELL,V50 realtime loss proxy | variant=proxy_hardened_no_worst_hours | Side=BUY | score=76.0 | opposite_score=4.0 | session=LONDON | RR=2.00,False
proxy_hardened_no_worst_hours,50,644,693,2025-03-18 14:15:00,2025-07-08 10:30:00,50,20,30,40.0,1.4421612175887675,125.17788564692371,64.97371651537924,6,NEW YORK,13,SELL,V50 realtime loss proxy | variant=proxy_hardened_no_worst_hours | Side=BUY | score=76.0 | opposite_score=4.0 | session=LONDON | RR=2.00,False
proxy_hardened_no_worst_hours,50,645,694,2025-03-19 10:45:00,2025-07-09 10:00:00,50,19,31,38.0,1.359543820007925,103.95284288746286,64.97371651537924,6,LONDON,13,SELL,V50 realtime loss proxy | variant=proxy_hardened_no_worst_hours | Side=BUY | score=76.0 | opposite_score=4.0 | session=LONDON | RR=2.00,False
proxy_hardened_no_worst_hours,50,646,695,2025-03-19 19:15:00,2025-07-10 10:30:00,50,19,31,38.0,1.3630605944724565,104.69880006518004,64.97371651537924,6,LONDON,13,SELL,V50 realtime loss proxy | variant=proxy_hardened_no_worst_hours | Side=BUY | score=76.0 | opposite_score=4.0 | session=LONDON | RR=2.00,False
proxy_hardened_no_worst_hours,50,647,696,2025-03-24 10:30:00,2025-07-10 13:00:00,50,18,32,36.0,1.2835508926421622,83.51499790504029,64.9737165153792,6,LONDON,13,SELL,V50 realtime loss proxy | variant=proxy_hardened_no_worst_hours | Side=BUY | score=76.0 | opposite_score=4.0 | session=LONDON | RR=2.00,False
proxy_hardened_no_worst_hours,50,648,697,2025-03-26 10:30:00,2025-07-11 18:00:00,50,19,31,38.0,1.3511587951603632,101.50760180415645,64.9737165153792,6,LONDON,13,SELL,V50 realtime loss proxy | variant=proxy_hardened_no_worst_hours | Side=BUY | score=76.0 | opposite_score=4.0 | session=LONDON | RR=2.00,False
proxy_hardened_no_worst_hours,50,649,698,2025-03-27 15:45:00,2025-07-14 10:15:00,50,19,31,38.0,1.3420877458240956,99.55383990918524,64.97371651537927,6,LONDON,13,SELL,V50 realtime loss proxy | variant=proxy_hardened_no_worst_hours | Side=SELL | score=79.0 | opposite_score=4.0 | session=LONDON | RR=2.00,False
proxy_hardened_no_worst_hours,50,650,699,2025-03-28 10:45:00,2025-07-15 10:15:00,50,18,32,36.0,1.2620408502549834,77.68139442490526,64.97371651537922,6,LONDON,15,SELL,V50 realtime loss proxy | variant=proxy_hardened_no_worst_hours | Side=SELL | score=79.0 | opposite_score=4.0 | session=LONDON | RR=2.00,False
proxy_hardened_no_worst_hours,50,651,700,2025-03-31 14:30:00,2025-07-16 15:45:00,50,17,33,34.0,1.1632080400489564,50.86247416311386,69.36608893125393,6,LONDON,15,SELL,V50 realtime loss proxy | variant=proxy_hardened_no_worst_hours | Side=SELL | score=79.0 | opposite_score=4.0 | session=LONDON | RR=2.00,False
proxy_hardened_no_worst_hours,50,652,701,2025-04-01 10:15:00,2025-07-17 10:30:00,50,17,33,34.0,1.1317970121994156,41.073479748654414,69.36608893125393,6,LONDON,15,SELL,V50 realtime loss proxy | variant=proxy_hardened_no_worst_hours | Side=SELL | score=89.0 | opposite_score=8.0 | session=LONDON | RR=2.00,False
proxy_hardened_no_worst_hours,50,653,702,2025-04-02 13:00:00,2025-07-17 22:30:00,50,17,33,34.0,1.1417092847440873,43.77914232503697,69.36608893125393,6,LONDON,15,SELL,V50 realtime loss proxy | variant=proxy_hardened_no_worst_hours | Side=SELL | score=89.0 | opposite_score=8.0 | session=LONDON | RR=2.00,False
proxy_hardened_no_worst_hours,50,654,703,2025-04-07 13:45:00,2025-07-18 14:00:00,50,17,33,34.0,1.1494705089507187,45.86508005312643,69.36608893125393,6,LONDON,15,SELL,V50 realtime loss proxy | variant=proxy_hardened_no_worst_hours | Side=SELL | score=89.0 | opposite_score=8.0 | session=LONDON | RR=2.00,False
proxy_hardened_no_worst_hours,50,655,704,2025-04-07 14:30:00,2025-07-25 13:30:00,50,18,32,36.0,1.259027690605598,75.13949453815991,69.36608893125393,6,LONDON,15,SELL,V50 realtime loss proxy | variant=proxy_hardened_no_worst_hours | Side=SELL | score=89.0 | opposite_score=8.0 | session=LONDON | RR=2.00,False
proxy_hardened_no_worst_hours,50,656,705,2025-04-09 13:00:00,2025-07-31 15:00:00,50,18,32,36.0,1.1688735317318928,48.98731786374544,69.36608893125393,6,LONDON,15,SELL,V50 realtime loss proxy | variant=proxy_hardened_no_worst_hours | Side=SELL | score=89.0 | opposite_score=8.0 | session=LONDON | RR=2.00,False
proxy_hardened_no_worst_hours,50,657,706,2025-04-09 18:15:00,2025-08-04 15:30:00,50,17,33,34.0,1.0435941480899116,12.945964387347031,69.36608893125396,6,LONDON,15,SELL,V50 realtime loss proxy | variant=proxy_hardened_no_worst_hours | Side=SELL | score=89.0 | opposite_score=8.0 | session=LONDON | RR=2.00,True
proxy_hardened_no_worst_hours,50,658,707,2025-04-10 10:00:00,2025-08-05 13:00:00,50,17,33,34.0,0.9508343454170495,-14.600510417103068,69.36608893125396,6,LONDON,15,SELL,V50 realtime loss proxy | variant=proxy_hardened_no_worst_hours | Side=SELL | score=89.0 | opposite_score=8.0 | session=LONDON | RR=2.00,True
proxy_hardened_no_worst_hours,50,659,708,2025-04-11 14:15:00,2025-08-05 18:00:00,50,16,34,32.0,0.8586558726146615,-42.86993961493357,69.36608893125393,6,LONDON,15,SELL,V50 realtime loss proxy | variant=proxy_hardened_no_worst_hours | Side=BUY | score=96.0 | opposite_score=4.0 | session=LONDON | RR=2.00,True
proxy_hardened_no_worst_hours,50,660,709,2025-04-22 10:00:00,2025-08-07 13:45:00,50,16,34,32.0,0.880618770446005,-35.305499207649476,69.01268458064312,6,LONDON,15,SELL,V50 realtime loss proxy | variant=proxy_hardened_no_worst_hours | Side=BUY | score=96.0 | opposite_score=4.0 | session=LONDON | RR=2.00,True
proxy_hardened_no_worst_hours,50,661,710,2025-04-25 10:15:00,2025-08-08 13:30:00,50,16,34,32.0,0.8966981394171146,-30.002408672868984,69.01268458064314,6,LONDON,15,SELL,V50 realtime loss proxy | variant=proxy_hardened_no_worst_hours | Side=BUY | score=96.0 | opposite_score=4.0 | session=LONDON | RR=2.00,True
proxy_hardened_no_worst_hours,50,662,711,2025-04-28 10:00:00,2025-08-11 13:00:00,50,15,35,30.0,0.7911719455823353,-62.5178065858026,69.96573583495086,6,LONDON,15,SELL,V50 realtime loss proxy | variant=proxy_hardened_no_worst_hours | Side=BUY | score=96.0 | opposite_score=4.0 | session=LONDON | RR=2.00,True
proxy_hardened_no_worst_hours,50,663,712,2025-05-01 14:15:00,2025-08-11 14:15:00,50,16,34,32.0,0.8801250509812555,-34.6880565334454,69.96573583495086,6,LONDON,15,SELL,V50 realtime loss proxy | variant=proxy_hardened_no_worst_hours | Side=BUY | score=96.0 | opposite_score=4.0 | session=LONDON | RR=2.00,True
proxy_hardened_no_worst_hours,50,664,713,2025-05-06 14:45:00,2025-08-12 14:30:00,50,16,34,32.0,0.8870831397310774,-32.418310991656156,69.96573583495089,6,LONDON,15,SELL,V50 realtime loss proxy | variant=proxy_hardened_no_worst_hours | Side=BUY | score=96.0 | opposite_score=4.0 | session=LONDON | RR=2.00,True
proxy_hardened_no_worst_hours,50,665,714,2025-05-09 18:00:00,2025-08-13 14:15:00,50,15,35,30.0,0.7897655280006588,-61.80878729594903,70.18428641824102,6,LONDON,15,BUY,V50 realtime loss proxy | variant=proxy_hardened_no_worst_hours | Side=BUY | score=96.0 | opposite_score=4.0 | session=LONDON | RR=2.00,True
proxy_hardened_no_worst_hours,50,666,715,2025-05-13 14:15:00,2025-08-14 13:30:00,50,16,34,32.0,0.8722354101382843,-36.394708977050826,70.18428641824102,6,LONDON,15,BUY,V50 realtime loss proxy | variant=proxy_hardened_no_worst_hours | Side=BUY | score=96.0 | opposite_score=4.0 | session=LONDON | RR=2.00,True
proxy_hardened_no_worst_hours,50,667,716,2025-05-16 13:30:00,2025-08-19 14:00:00,50,17,33,34.0,0.9506781965762708,-13.490630283434223,70.18428641824102,6,LONDON,15,BUY,V50 realtime loss proxy | variant=proxy_hardened_no_worst_hours | Side=BUY | score=96.0 | opposite_score=4.0 | session=LONDON | RR=2.00,True
proxy_hardened_no_worst_hours,50,668,717,2025-05-21 10:00:00,2025-08-26 18:00:00,50,18,32,36.0,1.043580899756696,11.257264032448838,70.18428641824103,6,LONDON,15,BUY,V50 realtime loss proxy | variant=proxy_hardened_no_worst_hours | Side=BUY | score=96.0 | opposite_score=4.0 | session=LONDON | RR=2.00,True
proxy_hardened_no_worst_hours,50,669,718,2025-05-21 14:15:00,2025-08-28 10:30:00,50,19,31,38.0,1.1126650682330594,28.146621426433768,70.18428641824103,6,LONDON,15,BUY,V50 realtime loss proxy | variant=proxy_hardened_no_worst_hours | Side=BUY | score=96.0 | opposite_score=4.0 | session=LONDON | RR=2.00,False
proxy_hardened_no_worst_hours,50,670,719,2025-05-23 14:00:00,2025-08-28 15:15:00,50,19,31,38.0,1.072992949366559,18.23550941601027,70.18428641824102,6,LONDON,15,BUY,V50 realtime loss proxy | variant=proxy_hardened_no_worst_hours | Side=BUY | score=96.0 | opposite_score=4.0 | session=LONDON | RR=2.00,True
proxy_hardened_no_worst_hours,50,671,720,2025-05-26 18:00:00,2025-08-31 22:00:00,50,19,31,38.0,1.1059795888121853,25.68673907603263,70.18428641824103,6,LONDON,15,BUY,V50 realtime loss proxy | variant=proxy_hardened_no_worst_hours | Side=BUY | score=96.0 | opposite_score=4.0 | session=LONDON | RR=2.00,False
proxy_hardened_no_worst_hours,50,672,721,2025-05-27 13:15:00,2025-09-01 13:45:00,50,19,31,38.0,1.124017836772331,30.05874857271195,70.18428641824102,6,NEW YORK,15,BUY,V50 realtime loss proxy | variant=proxy_hardened_no_worst_hours | Side=SELL | score=78.0 | opposite_score=19.0 | session=LONDON | RR=2.00,False
proxy_hardened_no_worst_hours,50,673,722,2025-05-30 14:45:00,2025-09-02 13:30:00,50,20,30,40.0,1.2528633087366357,59.00375764540107,70.18428641824103,6,NEW YORK,15,BUY,V50 realtime loss proxy | variant=proxy_hardened_no_worst_hours | Side=SELL | score=78.0 | opposite_score=19.0 | session=LONDON | RR=2.00,False
proxy_hardened_no_worst_hours,50,674,723,2025-06-02 13:30:00,2025-09-04 13:15:00,50,20,30,40.0,1.2710251777367443,62.3380236104813,70.18428641824103,6,NEW YORK,15,BUY,V50 realtime loss proxy | variant=proxy_hardened_no_worst_hours | Side=BUY | score=74.0 | opposite_score=26.0 | session=LONDON | RR=2.00,False
proxy_hardened_no_worst_hours,50,675,724,2025-06-04 19:00:00,2025-09-07 22:15:00,50,19,31,38.0,1.1454730916405553,34.779253894033914,70.18428641824103,6,NEW YORK,22,BUY,V50 realtime loss proxy | variant=proxy_hardened_no_worst_hours | Side=BUY | score=74.0 | opposite_score=26.0 | session=LONDON | RR=2.00,False
proxy_hardened_no_worst_hours,50,676,725,2025-06-10 14:00:00,2025-09-08 18:00:00,50,20,30,40.0,1.24340935683056,56.52187268569152,70.18428641824103,6,NEW YORK,22,BUY,V50 realtime loss proxy | variant=proxy_hardened_no_worst_hours | Side=BUY | score=74.0 | opposite_score=26.0 | session=LONDON | RR=2.00,False
proxy_hardened_no_worst_hours,50,677,726,2025-06-11 14:30:00,2025-09-09 10:15:00,50,20,30,40.0,1.247816685198855,57.34204271271575,70.18428641824103,6,NEW YORK,22,BUY,V50 realtime loss proxy | variant=proxy_hardened_no_worst_hours | Side=BUY | score=96.0 | opposite_score=4.0 | session=LONDON | RR=2.00,False
proxy_hardened_no_worst_hours,50,678,727,2025-06-11 18:00:00,2025-09-11 19:00:00,50,21,29,42.0,1.3736902931072361,82.33975633332831,70.18428641824102,6,NEW YORK,22,BUY,V50 realtime loss proxy | variant=proxy_hardened_no_worst_hours | Side=BUY | score=96.0 | opposite_score=4.0 | session=LONDON | RR=2.00,False
proxy_hardened_no_worst_hours,50,679,728,2025-06-12 14:30:00,2025-09-12 10:00:00,50,20,30,40.0,1.2475858468185284,56.061443064776554,70.18428641824103,6,NEW YORK,22,BUY,V50 realtime loss proxy | variant=proxy_hardened_no_worst_hours | Side=BUY | score=96.0 | opposite_score=4.0 | session=LONDON | RR=2.00,False
proxy_hardened_no_worst_hours,50,680,729,2025-06-13 14:00:00,2025-09-12 13:30:00,50,19,31,38.0,1.109228104631603,25.47425729877888,70.18428641824102,6,LONDON,22,BUY,V50 realtime loss proxy | variant=proxy_hardened_no_worst_hours | Side=BUY | score=96.0 | opposite_score=4.0 | session=LONDON | RR=2.00,False
proxy_hardened_no_worst_hours,50,681,730,2025-06-19 15:00:00,2025-09-15 22:15:00,50,19,31,38.0,1.0659508147110384,15.381096547261683,70.18428641824099,6,LONDON,15,BUY,V50 realtime loss proxy | variant=proxy_hardened_no_worst_hours | Side=BUY | score=96.0 | opposite_score=4.0 | session=LONDON | RR=2.00,True
proxy_hardened_no_worst_hours,50,682,731,2025-06-24 15:15:00,2025-09-16 13:15:00,50,19,31,38.0,1.0721702670910898,16.733964847998784,62.48684346652189,6,LONDON,15,BUY,V50 realtime loss proxy | variant=proxy_hardened_no_worst_hours | Side=BUY | score=96.0 | opposite_score=4.0 | session=LONDON | RR=2.00,True
proxy_hardened_no_worst_hours,50,683,732,2025-06-25 14:00:00,2025-09-22 13:00:00,50,19,31,38.0,1.0899062140403284,20.507129803838794,51.199924215279694,6,LONDON,22,BUY,V50 realtime loss proxy | variant=proxy_hardened_no_worst_hours | Side=BUY | score=96.0 | opposite_score=4.0 | session=LONDON | RR=2.00,True
proxy_hardened_no_worst_hours,50,684,733,2025-06-26 15:00:00,2025-09-22 14:15:00,50,20,30,40.0,1.200980244131315,44.36691078459854,49.86950538338786,6,LONDON,22,BUY,V50 realtime loss proxy | variant=proxy_hardened_no_worst_hours | Side=BUY | score=96.0 | opposite_score=4.0 | session=LONDON | RR=2.00,False
proxy_hardened_no_worst_hours,50,685,734,2025-06-27 10:15:00,2025-09-23 15:00:00,50,20,30,40.0,1.2006640456231459,44.30877492051833,49.86950538338789,6,LONDON,22,BUY,V50 realtime loss proxy | variant=proxy_hardened_no_worst_hours | Side=BUY | score=96.0 | opposite_score=4.0 | session=LONDON | RR=2.00,False
proxy_hardened_no_worst_hours,50,686,735,2025-06-27 14:00:00,2025-09-25 19:30:00,50,19,31,38.0,1.0762043778969768,17.650013487690565,49.86950538338786,6,LONDON,22,BUY,V50 realtime loss proxy | variant=proxy_hardened_no_worst_hours | Side=BUY | score=96.0 | opposite_score=4.0 | session=LONDON | RR=2.00,True
proxy_hardened_no_worst_hours,50,687,736,2025-07-01 13:15:00,2025-09-26 13:30:00,50,20,30,40.0,1.2070694995016016,45.76056071270115,39.24665230944649,5,NEW YORK,22,BUY,V50 realtime loss proxy | variant=proxy_hardened_no_worst_hours | Side=BUY | score=96.0 | opposite_score=4.0 | session=LONDON | RR=2.00,False
proxy_hardened_no_worst_hours,50,688,737,2025-07-01 19:00:00,2025-09-28 22:00:00,50,21,29,42.0,1.321961166691903,68.98255299484981,34.00398464998767,4,NEW YORK,15,BUY,V50 realtime loss proxy | variant=proxy_hardened_no_worst_hours | Side=BUY | score=96.0 | opposite_score=4.0 | session=LONDON | RR=2.00,False
proxy_hardened_no_worst_hours,50,689,738,2025-07-02 13:00:00,2025-09-29 10:15:00,50,22,28,44.0,1.4447285055604344,92.91340007487953,34.003984649987665,4,NEW YORK,15,BUY,V50 realtime loss proxy | variant=proxy_hardened_no_worst_hours | Side=BUY | score=74.0 | opposite_score=26.0 | session=LONDON | RR=2.00,False
proxy_hardened_no_worst_hours,50,690,739,2025-07-03 10:30:00,2025-09-30 14:00:00,50,23,27,46.0,1.6340132080021814,128.16721665512299,34.00398464998767,4,NEW YORK,15,BUY,V50 realtime loss proxy | variant=proxy_hardened_no_worst_hours | Side=BUY | score=74.0 | opposite_score=26.0 | session=LONDON | RR=2.00,False
proxy_hardened_no_worst_hours,50,691,740,2025-07-06 22:00:00,2025-10-01 14:30:00,50,23,27,46.0,1.5982254083392662,123.64058022274004,34.00398464998767,4,NEW YORK,15,BUY,V50 realtime loss proxy | variant=proxy_hardened_no_worst_hours | Side=BUY | score=74.0 | opposite_score=26.0 | session=LONDON | RR=2.00,False
proxy_hardened_no_worst_hours,50,692,741,2025-07-07 10:15:00,2025-10-02 10:00:00,50,24,26,48.0,1.7067032591244968,142.75619274158683,34.00398464998767,4,NEW YORK,15,BUY,V50 realtime loss proxy | variant=proxy_hardened_no_worst_hours | Side=BUY | score=74.0 | opposite_score=26.0 | session=LONDON | RR=2.00,False
proxy_hardened_no_worst_hours,50,693,742,2025-07-08 10:30:00,2025-10-03 14:15:00,50,24,26,48.0,1.7617081141968167,153.8673395928904,34.00398464998767,4,NEW YORK,15,SELL,V50 realtime loss proxy | variant=proxy_hardened_no_worst_hours | Side=BUY | score=74.0 | opposite_score=26.0 | session=LONDON | RR=2.00,False
proxy_hardened_no_worst_hours,50,694,743,2025-07-09 10:00:00,2025-10-06 13:30:00,50,24,26,48.0,1.8214435736055465,165.93408280760883,34.00398464998767,4,NEW YORK,15,SELL,V50 realtime loss proxy | variant=proxy_hardened_no_worst_hours | Side=BUY | score=74.0 | opposite_score=26.0 | session=LONDON | RR=2.00,False
proxy_hardened_no_worst_hours,50,695,744,2025-07-10 10:30:00,2025-10-07 13:30:00,50,24,26,48.0,1.7814446632691687,161.398493878015,34.003984649987665,4,NEW YORK,15,SELL,V50 realtime loss proxy | variant=proxy_hardened_no_worst_hours | Side=BUY | score=74.0 | opposite_score=26.0 | session=LONDON | RR=2.00,False
proxy_hardened_no_worst_hours,50,696,745,2025-07-10 13:00:00,2025-10-08 13:45:00,50,24,26,48.0,1.7250821276564505,154.65038633757013,34.00398464998767,4,NEW YORK,15,SELL,V50 realtime loss proxy | variant=proxy_hardened_no_worst_hours | Side=BUY | score=94.0 | opposite_score=8.0 | session=NEW YORK | RR=2.00,False
proxy_hardened_no_worst_hours,50,697,746,2025-07-11 18:00:00,2025-10-10 15:30:00,50,24,26,48.0,1.6396752416157316,143.54077521220552,39.614029594043814,4,NEW YORK,15,SELL,V50 realtime loss proxy | variant=proxy_hardened_no_worst_hours | Side=BUY | score=94.0 | opposite_score=8.0 | session=NEW YORK | RR=2.00,False
proxy_hardened_no_worst_hours,50,698,747,2025-07-14 10:15:00,2025-10-12 22:00:00,50,24,26,48.0,1.740925604792522,166.26098489892735,39.614029594043814,4,NEW YORK,15,SELL,V50 realtime loss proxy | variant=proxy_hardened_no_worst_hours | Side=BUY | score=94.0 | opposite_score=8.0 | session=NEW YORK | RR=2.00,False
proxy_hardened_no_worst_hours,50,699,748,2025-07-15 10:15:00,2025-10-13 19:15:00,50,25,25,50.0,1.8946562834610392,195.22576328368274,39.614029594043814,4,NEW YORK,15,SELL,V50 realtime loss proxy | variant=proxy_hardened_no_worst_hours | Side=BUY | score=94.0 | opposite_score=8.0 | session=NEW YORK | RR=2.00,False
proxy_hardened_no_worst_hours,50,700,749,2025-07-16 15:45:00,2025-10-14 10:15:00,50,25,25,50.0,1.7871576454058238,182.10010747434086,39.614029594043814,4,NEW YORK,15,SELL,V50 realtime loss proxy | variant=proxy_hardened_no_worst_hours | Side=BUY | score=74.0 | opposite_score=4.0 | session=LONDON | RR=2.00,False
proxy_hardened_no_worst_hours,50,701,750,2025-07-17 10:30:00,2025-10-14 15:00:00,50,26,24,52.0,2.083452329227564,234.1822506051754,39.614029594043814,4,NEW YORK,18,SELL,V50 realtime loss proxy | variant=proxy_hardened_no_worst_hours | Side=BUY | score=74.0 | opposite_score=4.0 | session=LONDON | RR=2.00,False
proxy_hardened_no_worst_hours,50,702,751,2025-07-17 22:30:00,2025-10-15 19:00:00,50,26,24,52.0,2.159796956827739,250.68372116435472,39.614029594043814,4,NEW YORK,10,SELL,V50 realtime loss proxy | variant=proxy_hardened_no_worst_hours | Side=BUY | score=74.0 | opposite_score=4.0 | session=LONDON | RR=2.00,False
proxy_hardened_no_worst_hours,50,703,752,2025-07-18 14:00:00,2025-10-22 10:15:00,50,27,23,54.0,2.481939071938357,314.14867991473017,39.614029594043814,4,NEW YORK,18,SELL,V50 realtime loss proxy | variant=proxy_hardened_no_worst_hours | Side=BUY | score=74.0 | opposite_score=4.0 | session=LONDON | RR=2.00,False
proxy_hardened_no_worst_hours,50,704,753,2025-07-25 13:30:00,2025-10-22 15:30:00,50,27,23,54.0,2.1811093717543897,284.9106465327128,39.614029594043814,4,NEW YORK,15,SELL,V50 realtime loss proxy | variant=proxy_hardened_no_worst_hours | Side=BUY | score=74.0 | opposite_score=4.0 | session=LONDON | RR=2.00,False
proxy_hardened_no_worst_hours,50,705,754,2025-07-31 15:00:00,2025-10-27 13:15:00,50,27,23,54.0,2.2733601263057057,307.16364253028553,39.614029594043814,4,NEW YORK,15,SELL,V50 realtime loss proxy | variant=proxy_hardened_no_worst_hours | Side=BUY | score=74.0 | opposite_score=4.0 | session=LONDON | RR=2.00,False
proxy_hardened_no_worst_hours,50,706,755,2025-08-04 15:30:00,2025-10-29 14:00:00,50,26,24,52.0,2.088004323391218,278.06268855762215,39.614029594043814,4,NEW YORK,15,SELL,V50 realtime loss proxy | variant=proxy_hardened_no_worst_hours | Side=BUY | score=74.0 | opposite_score=4.0 | session=LONDON | RR=2.00,False
proxy_hardened_no_worst_hours,50,707,756,2025-08-05 13:00:00,2025-10-30 14:15:00,50,27,23,54.0,2.314561009923149,326.91624035000734,39.614029594043814,4,NEW YORK,15,SELL,V50 realtime loss proxy | variant=proxy_hardened_no_worst_hours | Side=BUY | score=74.0 | opposite_score=4.0 | session=LONDON | RR=2.00,False
proxy_hardened_no_worst_hours,50,708,757,2025-08-05 18:00:00,2025-10-31 14:00:00,50,26,24,52.0,2.1363207961204953,299.88623250817784,39.61402959404383,4,NEW YORK,15,SELL,V50 realtime loss proxy | variant=proxy_hardened_no_worst_hours | Side=BUY | score=74.0 | opposite_score=4.0 | session=LONDON | RR=2.00,False
proxy_hardened_no_worst_hours,50,709,758,2025-08-07 13:45:00,2025-11-04 15:30:00,50,26,24,52.0,2.0360865453882067,286.8942481953883,39.614029594043814,3,NEW YORK,15,SELL,V50 realtime loss proxy | variant=proxy_hardened_no_worst_hours | Side=BUY | score=74.0 | opposite_score=4.0 | session=LONDON | RR=2.00,False
proxy_hardened_no_worst_hours,50,710,759,2025-08-08 13:30:00,2025-11-06 13:00:00,50,26,24,52.0,2.0369728885666976,287.01473582633355,42.99736485117654,3,NEW YORK,15,SELL,V50 realtime loss proxy | variant=proxy_hardened_no_worst_hours | Side=BUY | score=74.0 | opposite_score=4.0 | session=LONDON | RR=2.00,False
proxy_hardened_no_worst_hours,50,711,760,2025-08-11 13:00:00,2025-11-10 15:00:00,50,27,23,54.0,2.1948922860925655,318.8458536188069,42.99736485117654,3,NEW YORK,15,SELL,V50 realtime loss proxy | variant=proxy_hardened_no_worst_hours | Side=BUY | score=74.0 | opposite_score=4.0 | session=LONDON | RR=2.00,False
proxy_hardened_no_worst_hours,50,712,761,2025-08-11 14:15:00,2025-11-13 10:45:00,50,27,23,54.0,2.1662793784814376,315.32133715810835,42.99736485117654,3,NEW YORK,15,SELL,V50 realtime loss proxy | variant=proxy_hardened_no_worst_hours | Side=BUY | score=74.0 | opposite_score=4.0 | session=LONDON | RR=2.00,False
proxy_hardened_no_worst_hours,50,713,762,2025-08-12 14:30:00,2025-11-19 13:15:00,50,27,23,54.0,2.1851991082943605,320.4365733642468,42.99736485117654,3,NEW YORK,15,SELL,V50 realtime loss proxy | variant=proxy_hardened_no_worst_hours | Side=BUY | score=74.0 | opposite_score=4.0 | session=LONDON | RR=2.00,False
proxy_hardened_no_worst_hours,50,714,763,2025-08-13 14:15:00,2025-11-20 10:00:00,50,27,23,54.0,2.140452963724896,314.78459233339174,42.99736485117654,3,NEW YORK,15,SELL,V50 realtime loss proxy | variant=proxy_hardened_no_worst_hours | Side=BUY | score=74.0 | opposite_score=4.0 | session=LONDON | RR=2.00,False
proxy_hardened_no_worst_hours,50,715,764,2025-08-14 13:30:00,2025-11-21 10:00:00,50,27,23,54.0,2.069939593001943,305.3819505110133,43.72957415418841,3,NEW YORK,15,SELL,V50 realtime loss proxy | variant=proxy_hardened_no_worst_hours | Side=BUY | score=74.0 | opposite_score=4.0 | session=LONDON | RR=2.00,False
proxy_hardened_no_worst_hours,50,716,765,2025-08-19 14:00:00,2025-11-21 18:00:00,50,26,24,52.0,1.9059372109700106,273.0874744424892,59.75171314316509,3,NEW YORK,15,SELL,V50 realtime loss proxy | variant=proxy_hardened_no_worst_hours | Side=BUY | score=74.0 | opposite_score=4.0 | session=LONDON | RR=2.00,False
proxy_hardened_no_worst_hours,50,717,766,2025-08-26 18:00:00,2025-11-24 18:00:00,50,26,24,52.0,1.9336884680163036,281.45286732800935,59.75171314316509,3,NEW YORK,15,SELL,V50 realtime loss proxy | variant=proxy_hardened_no_worst_hours | Side=BUY | score=74.0 | opposite_score=4.0 | session=LONDON | RR=2.00,False
proxy_hardened_no_worst_hours,50,718,767,2025-08-28 10:30:00,2025-11-28 13:45:00,50,26,24,52.0,1.979630576585347,295.3017458681116,59.75171314316509,3,NEW YORK,15,SELL,V50 realtime loss proxy | variant=proxy_hardened_no_worst_hours | Side=BUY | score=74.0 | opposite_score=4.0 | session=LONDON | RR=2.00,False
proxy_hardened_no_worst_hours,50,719,768,2025-08-28 15:15:00,2025-12-03 15:00:00,50,25,25,50.0,1.8597720955049335,271.98755744207494,59.75171314316509,3,NEW YORK,15,SELL,V50 realtime loss proxy | variant=proxy_hardened_no_worst_hours | Side=BUY | score=74.0 | opposite_score=4.0 | session=LONDON | RR=2.00,False
proxy_hardened_no_worst_hours,50,720,769,2025-08-31 22:00:00,2025-12-05 10:15:00,50,25,25,50.0,1.862700749469283,272.9140325423033,59.75171314316515,3,NEW YORK,15,SELL,V50 realtime loss proxy | variant=proxy_hardened_no_worst_hours | Side=BUY | score=74.0 | opposite_score=4.0 | session=LONDON | RR=2.00,False
proxy_hardened_no_worst_hours,50,721,770,2025-09-01 13:45:00,2025-12-05 14:30:00,50,26,24,52.0,1.956567379301553,296.78848117930477,59.75171314316515,3,NEW YORK,15,SELL,V50 realtime loss proxy | variant=proxy_hardened_no_worst_hours | Side=BUY | score=74.0 | opposite_score=4.0 | session=LONDON | RR=2.00,False
proxy_hardened_no_worst_hours,50,722,771,2025-09-02 13:30:00,2025-12-09 13:45:00,50,25,25,50.0,1.8677428693106304,276.1092478463589,59.751713143165205,3,NEW YORK,15,SELL,V50 realtime loss proxy | variant=proxy_hardened_no_worst_hours | Side=BUY | score=74.0 | opposite_score=4.0 | session=LONDON | RR=2.00,False
proxy_hardened_no_worst_hours,50,723,772,2025-09-04 13:15:00,2025-12-09 14:45:00,50,24,26,48.0,1.7517487916780652,246.49421262395944,59.75171314316526,3,LONDON,15,SELL,V50 realtime loss proxy | variant=proxy_hardened_no_worst_hours | Side=BUY | score=74.0 | opposite_score=4.0 | session=LONDON | RR=2.00,False
proxy_hardened_no_worst_hours,50,724,773,2025-09-07 22:15:00,2025-12-16 18:45:00,50,24,26,48.0,1.733410809814754,243.02537455582893,59.751713143165205,3,NEW YORK,15,SELL,V50 realtime loss proxy | variant=proxy_hardened_no_worst_hours | Side=BUY | score=74.0 | opposite_score=4.0 | session=LONDON | RR=2.00,False
proxy_hardened_no_worst_hours,50,725,774,2025-09-08 18:00:00,2025-12-16 19:45:00,50,25,25,50.0,1.8596836373753494,277.07137741466437,59.751713143165205,3,LONDON,15,SELL,V50 realtime loss proxy | variant=proxy_hardened_no_worst_hours | Side=BUY | score=74.0 | opposite_score=4.0 | session=LONDON | RR=2.00,False
proxy_hardened_no_worst_hours,50,726,775,2025-09-09 10:15:00,2025-12-17 13:00:00,50,25,25,50.0,1.8684384126024258,279.8929940253139,59.75171314316526,3,NEW YORK,15,SELL,V50 realtime loss proxy | variant=proxy_hardened_no_worst_hours | Side=BUY | score=74.0 | opposite_score=4.0 | session=LONDON | RR=2.00,False
proxy_hardened_no_worst_hours,50,727,776,2025-09-11 19:00:00,2025-12-17 14:00:00,50,25,25,50.0,1.8445447078089243,275.7180821706894,59.751713143165205,3,NEW YORK,15,SELL,V50 realtime loss proxy | variant=proxy_hardened_no_worst_hours | Side=BUY | score=74.0 | opposite_score=4.0 | session=LONDON | RR=2.00,False
proxy_hardened_no_worst_hours,50,728,777,2025-09-12 10:00:00,2025-12-18 18:00:00,50,24,26,48.0,1.702635389710191,242.75064119533056,59.75171314316526,3,NEW YORK,15,SELL,V50 realtime loss proxy | variant=proxy_hardened_no_worst_hours | Side=BUY | score=74.0 | opposite_score=4.0 | session=LONDON | RR=2.00,False
proxy_hardened_no_worst_hours,50,729,778,2025-09-12 13:30:00,2025-12-19 18:30:00,50,25,25,50.0,1.79367944109863,269.37149164846835,59.75171314316526,3,NEW YORK,15,SELL,V50 realtime loss proxy | variant=proxy_hardened_no_worst_hours | Side=BUY | score=74.0 | opposite_score=4.0 | session=LONDON | RR=2.00,False
proxy_hardened_no_worst_hours,50,730,779,2025-09-15 22:15:00,2025-12-22 15:15:00,50,26,24,52.0,1.8948653502113457,297.6388818372685,59.751713143165205,3,NEW YORK,15,SELL,V50 realtime loss proxy | variant=proxy_hardened_no_worst_hours | Side=BUY | score=72.0 | opposite_score=8.0 | session=NEW YORK | RR=2.00,False
proxy_hardened_no_worst_hours,50,731,780,2025-09-16 13:15:00,2025-12-22 18:45:00,50,26,24,52.0,1.922683804627245,306.8915070113618,59.75171314316526,3,NEW YORK,15,SELL,V50 realtime loss proxy | variant=proxy_hardened_no_worst_hours | Side=BUY | score=72.0 | opposite_score=8.0 | session=NEW YORK | RR=2.00,False
proxy_hardened_no_worst_hours,50,732,781,2025-09-22 13:00:00,2025-12-23 10:00:00,50,26,24,52.0,1.9080629157120612,304.34284022873237,59.75171314316526,3,NEW YORK,15,SELL,V50 realtime loss proxy | variant=proxy_hardened_no_worst_hours | Side=BUY | score=72.0 | opposite_score=8.0 | session=NEW YORK | RR=2.00,False
proxy_hardened_no_worst_hours,50,733,782,2025-09-22 14:15:00,2025-12-23 21:30:00,50,27,23,54.0,2.0145948685418404,332.42425925441705,59.751713143165205,3,NEW YORK,15,SELL,V50 realtime loss proxy | variant=proxy_hardened_no_worst_hours | Side=BUY | score=72.0 | opposite_score=8.0 | session=NEW YORK | RR=2.00,False
proxy_hardened_no_worst_hours,50,734,783,2025-09-23 15:00:00,2025-12-26 10:45:00,50,26,24,52.0,1.9111978469813486,306.8234936759819,59.75171314316526,3,NEW YORK,15,SELL,V50 realtime loss proxy | variant=proxy_hardened_no_worst_hours | Side=BUY | score=72.0 | opposite_score=8.0 | session=NEW YORK | RR=2.00,False
proxy_hardened_no_worst_hours,50,735,784,2025-09-25 19:30:00,2025-12-31 10:15:00,50,26,24,52.0,1.8652028821919864,298.52001377603585,59.75171314316526,3,NEW YORK,15,SELL,V50 realtime loss proxy | variant=proxy_hardened_no_worst_hours | Side=BUY | score=72.0 | opposite_score=8.0 | session=NEW YORK | RR=2.00,False
proxy_hardened_no_worst_hours,50,736,785,2025-09-26 13:30:00,2026-01-05 14:00:00,50,27,23,54.0,2.0081248460534944,336.9410138722502,59.751713143165205,3,NEW YORK,15,SELL,V50 realtime loss proxy | variant=proxy_hardened_no_worst_hours | Side=BUY | score=72.0 | opposite_score=8.0 | session=NEW YORK | RR=2.00,False
proxy_hardened_no_worst_hours,50,737,786,2025-09-28 22:00:00,2026-01-05 18:30:00,50,26,24,52.0,1.8771391607324324,305.44740030015384,59.75171314316526,3,NEW YORK,15,SELL,V50 realtime loss proxy | variant=proxy_hardened_no_worst_hours | Side=BUY | score=72.0 | opposite_score=8.0 | session=NEW YORK | RR=2.00,False
proxy_hardened_no_worst_hours,50,738,787,2025-09-29 10:15:00,2026-01-06 15:30:00,50,25,25,50.0,1.7575945358811773,274.65506039676677,59.75171314316526,3,NEW YORK,15,SELL,V50 realtime loss proxy | variant=proxy_hardened_no_worst_hours | Side=BUY | score=72.0 | opposite_score=8.0 | session=NEW YORK | RR=2.00,False
proxy_hardened_no_worst_hours,50,739,788,2025-09-30 14:00:00,2026-01-08 13:00:00,50,24,26,48.0,1.6531183191918848,244.39639372103883,59.75171314316526,3,LONDON,15,SELL,V50 realtime loss proxy | variant=proxy_hardened_no_worst_hours | Side=BUY | score=72.0 | opposite_score=8.0 | session=NEW YORK | RR=2.00,False
proxy_hardened_no_worst_hours,50,740,789,2025-10-01 14:30:00,2026-01-08 13:45:00,50,23,27,46.0,1.5238344328469686,202.85704803892628,59.75171314316526,4,LONDON,15,SELL,V50 realtime loss proxy | variant=proxy_hardened_no_worst_hours | Side=SELL | score=79.0 | opposite_score=26.0 | session=LONDON | RR=2.00,False
proxy_hardened_no_worst_hours,50,741,790,2025-10-02 10:00:00,2026-01-09 14:30:00,50,24,26,48.0,1.641477248366529,241.8782992524321,59.75171314316526,4,LONDON,15,SELL,V50 realtime loss proxy | variant=proxy_hardened_no_worst_hours | Side=SELL | score=79.0 | opposite_score=26.0 | session=LONDON | RR=2.00,False
proxy_hardened_no_worst_hours,50,742,791,2025-10-03 14:15:00,2026-01-09 18:30:00,50,24,26,48.0,1.6836764227762626,257.79010993952136,59.75171314316526,4,LONDON,10,SELL,V50 realtime loss proxy | variant=proxy_hardened_no_worst_hours | Side=SELL | score=79.0 | opposite_score=26.0 | session=LONDON | RR=2.00,False
proxy_hardened_no_worst_hours,50,743,792,2025-10-06 13:30:00,2026-01-12 14:00:00,50,24,26,48.0,1.7729503899608914,291.45215392490263,59.751713143165276,4,LONDON,10,SELL,V50 realtime loss proxy | variant=proxy_hardened_no_worst_hours | Side=SELL | score=79.0 | opposite_score=26.0 | session=LONDON | RR=2.00,False
proxy_hardened_no_worst_hours,50,744,793,2025-10-07 13:30:00,2026-01-12 18:45:00,50,23,27,46.0,1.591975813512693,240.01536280869,59.75171314316522,4,LONDON,10,SELL,V50 realtime loss proxy | variant=proxy_hardened_no_worst_hours | Side=BUY | score=78.0 | opposite_score=8.0 | session=NEW YORK | RR=2.00,False
proxy_hardened_no_worst_hours,50,745,794,2025-10-08 13:45:00,2026-01-13 13:15:00,50,24,26,48.0,1.7443038878320198,293.9201654269076,59.75171314316523,4,NEW YORK,10,SELL,V50 realtime loss proxy | variant=proxy_hardened_no_worst_hours | Side=BUY | score=78.0 | opposite_score=8.0 | session=NEW YORK | RR=2.00,False
proxy_hardened_no_worst_hours,50,746,795,2025-10-10 15:30:00,2026-01-13 15:15:00,50,24,26,48.0,1.658781970622336,273.56066028879684,59.751713143165276,4,NEW YORK,15,SELL,V50 realtime loss proxy | variant=proxy_hardened_no_worst_hours | Side=BUY | score=96.0 | opposite_score=4.0 | session=LONDON | RR=2.00,False
proxy_hardened_no_worst_hours,50,747,796,2025-10-12 22:00:00,2026-01-14 19:15:00,50,24,26,48.0,1.6187431563712265,263.2896018469648,59.75171314316526,4,NEW YORK,15,SELL,V50 realtime loss proxy | variant=proxy_hardened_no_worst_hours | Side=BUY | score=96.0 | opposite_score=4.0 | session=LONDON | RR=2.00,False
proxy_hardened_no_worst_hours,50,748,797,2025-10-13 19:15:00,2026-01-20 13:30:00,50,24,26,48.0,1.6326259474203977,269.19705228132227,59.75171314316522,4,NEW YORK,15,SELL,V50 realtime loss proxy | variant=proxy_hardened_no_worst_hours | Side=BUY | score=96.0 | opposite_score=4.0 | session=LONDON | RR=2.00,False
proxy_hardened_no_worst_hours,50,749,798,2025-10-14 10:15:00,2026-01-20 15:30:00,50,24,26,48.0,1.7237764529190454,307.9837120670023,59.75171314316522,4,NEW YORK,10,SELL,V50 realtime loss proxy | variant=proxy_hardened_no_worst_hours | Side=BUY | score=96.0 | opposite_score=4.0 | session=LONDON | RR=2.00,False
proxy_hardened_no_worst_hours,50,750,799,2025-10-14 15:00:00,2026-01-21 13:00:00,50,24,26,48.0,1.6795639007373382,296.78231085589454,59.75171314316522,4,NEW YORK,10,SELL,V50 realtime loss proxy | variant=proxy_hardened_no_worst_hours | Side=BUY | score=96.0 | opposite_score=4.0 | session=LONDON | RR=2.00,False
proxy_hardened_no_worst_hours,50,751,800,2025-10-15 19:00:00,2026-01-22 10:30:00,50,23,27,46.0,1.506937945672689,234.3445364940147,59.75171314316522,4,NEW YORK,10,SELL,V50 realtime loss proxy | variant=proxy_hardened_no_worst_hours | Side=BUY | score=96.0 | opposite_score=4.0 | session=LONDON | RR=2.00,False
proxy_hardened_no_worst_hours,50,752,801,2025-10-22 10:15:00,2026-01-23 14:30:00,50,23,27,46.0,1.5894181651652812,272.4730470383722,59.75171314316522,4,NEW YORK,10,SELL,V50 realtime loss proxy | variant=proxy_hardened_no_worst_hours | Side=BUY | score=96.0 | opposite_score=4.0 | session=LONDON | RR=2.00,False
proxy_hardened_no_worst_hours,50,753,802,2025-10-22 15:30:00,2026-01-23 18:45:00,50,23,27,46.0,1.6199097628529806,286.56853818888,59.751713143165226,4,NEW YORK,10,SELL,V50 realtime loss proxy | variant=proxy_hardened_no_worst_hours | Side=BUY | score=96.0 | opposite_score=4.0 | session=LONDON | RR=2.00,False
proxy_hardened_no_worst_hours,50,754,803,2025-10-27 13:15:00,2026-01-26 10:00:00,50,23,27,46.0,1.6114670490657859,284.146613304738,59.75171314316522,4,NEW YORK,10,SELL,V50 realtime loss proxy | variant=proxy_hardened_no_worst_hours | Side=BUY | score=96.0 | opposite_score=4.0 | session=LONDON | RR=2.00,False
proxy_hardened_no_worst_hours,50,755,804,2025-10-29 14:00:00,2026-01-26 14:45:00,50,22,28,44.0,1.4208670113152075,211.51456924349446,75.16188821486168,4,NEW YORK,10,SELL,V50 realtime loss proxy | variant=proxy_hardened_no_worst_hours | Side=BUY | score=96.0 | opposite_score=4.0 | session=LONDON | RR=2.00,False
proxy_hardened_no_worst_hours,50,756,805,2025-10-30 14:15:00,2026-01-28 15:15:00,50,23,27,46.0,1.7124229256097194,347.8193100514222,75.16188821486165,4,NEW YORK,10,SELL,V50 realtime loss proxy | variant=proxy_hardened_no_worst_hours | Side=BUY | score=96.0 | opposite_score=4.0 | session=LONDON | RR=2.00,False
proxy_hardened_no_worst_hours,50,757,806,2025-10-31 14:00:00,2026-01-29 14:15:00,50,22,28,44.0,1.4266300545297406,237.4642374723757,75.16188821486168,4,NEW YORK,10,SELL,V50 realtime loss proxy | variant=proxy_hardened_no_worst_hours | Side=BUY | score=96.0 | opposite_score=4.0 | session=LONDON | RR=2.00,False
proxy_hardened_no_worst_hours,50,758,807,2025-11-04 15:30:00,2026-01-30 14:45:00,50,23,27,46.0,2.025099509857085,554.9717156370123,75.16188821486168,4,NEW YORK,10,SELL,V50 realtime loss proxy | variant=proxy_hardened_no_worst_hours | Side=BUY | score=96.0 | opposite_score=4.0 | session=LONDON | RR=2.00,False
proxy_hardened_no_worst_hours,50,759,808,2025-11-06 13:00:00,2026-02-03 18:00:00,50,23,27,46.0,1.7923513705971172,484.6696818263665,89.63025161950475,4,NEW YORK,10,SELL,V50 realtime loss proxy | variant=proxy_hardened_no_worst_hours | Side=BUY | score=72.0 | opposite_score=19.0 | session=NEW YORK | RR=2.00,False
proxy_hardened_no_worst_hours,50,760,809,2025-11-10 15:00:00,2026-02-05 10:15:00,50,24,26,48.0,2.1190342593983087,675.0433791593985,89.63025161950475,4,NEW YORK,18,BUY,V50 realtime loss proxy | variant=proxy_hardened_no_worst_hours | Side=BUY | score=72.0 | opposite_score=19.0 | session=NEW YORK | RR=2.00,False
proxy_hardened_no_worst_hours,50,761,810,2025-11-13 10:45:00,2026-02-06 14:15:00,50,24,26,48.0,2.3015623091213655,785.1511354158316,89.63025161950475,4,NEW YORK,18,BUY,V50 realtime loss proxy | variant=proxy_hardened_no_worst_hours | Side=BUY | score=96.0 | opposite_score=4.0 | session=LONDON | RR=2.00,False
proxy_hardened_no_worst_hours,50,762,811,2025-11-19 13:15:00,2026-02-09 18:00:00,50,24,26,48.0,2.191907273528834,754.9728402648848,89.63025161950475,4,NEW YORK,18,BUY,V50 realtime loss proxy | variant=proxy_hardened_no_worst_hours | Side=BUY | score=72.0 | opposite_score=19.0 | session=NEW YORK | RR=2.00,False
proxy_hardened_no_worst_hours,50,763,812,2025-11-20 10:00:00,2026-02-10 10:00:00,50,23,27,46.0,2.0322033683349177,693.5435552371987,89.63025161950475,4,NEW YORK,18,BUY,V50 realtime loss proxy | variant=proxy_hardened_no_worst_hours | Side=BUY | score=96.0 | opposite_score=4.0 | session=LONDON | RR=2.00,False
proxy_hardened_no_worst_hours,50,764,813,2025-11-21 10:00:00,2026-02-10 13:30:00,50,23,27,46.0,1.9604838584943753,668.9635194820106,122.50727919103554,4,NEW YORK,18,BUY,V50 realtime loss proxy | variant=proxy_hardened_no_worst_hours | Side=BUY | score=96.0 | opposite_score=4.0 | session=LONDON | RR=2.00,False
proxy_hardened_no_worst_hours,50,765,814,2025-11-21 18:00:00,2026-02-11 18:30:00,50,23,27,46.0,1.8592973769920482,631.059435773361,176.7143623698871,4,NEW YORK,18,BUY,V50 realtime loss proxy | variant=proxy_hardened_no_worst_hours | Side=BUY | score=96.0 | opposite_score=4.0 | session=LONDON | RR=2.00,False
proxy_hardened_no_worst_hours,50,766,815,2025-11-24 18:00:00,2026-02-13 19:45:00,50,23,27,46.0,1.7889180818565535,602.1671941708693,221.62874296135544,5,NEW YORK,18,BUY,V50 realtime loss proxy | variant=proxy_hardened_no_worst_hours | Side=BUY | score=96.0 | opposite_score=4.0 | session=LONDON | RR=2.00,False
proxy_hardened_no_worst_hours,50,767,816,2025-11-28 13:45:00,2026-02-17 13:15:00,50,23,27,46.0,1.854308605020757,652.0786219410257,221.62874296135544,5,NEW YORK,18,BUY,V50 realtime loss proxy | variant=proxy_hardened_no_worst_hours | Side=BUY | score=96.0 | opposite_score=4.0 | session=LONDON | RR=2.00,False
proxy_hardened_no_worst_hours,50,768,817,2025-12-03 15:00:00,2026-02-18 19:00:00,50,22,28,44.0,1.7598870934852087,601.031312682625,221.62874296135544,5,NEW YORK,18,BUY,V50 realtime loss proxy | variant=proxy_hardened_no_worst_hours | Side=BUY | score=96.0 | opposite_score=4.0 | session=LONDON | RR=2.00,False
proxy_hardened_no_worst_hours,50,769,818,2025-12-05 10:15:00,2026-02-19 13:45:00,50,22,28,44.0,1.728217216928404,586.5370518108256,221.62874296135544,5,NEW YORK,18,BUY,V50 realtime loss proxy | variant=proxy_hardened_no_worst_hours | Side=BUY | score=96.0 | opposite_score=4.0 | session=LONDON | RR=2.00,False
proxy_hardened_no_worst_hours,50,770,819,2025-12-05 14:30:00,2026-02-19 14:45:00,50,21,29,42.0,1.6315618203445674,533.6338188701392,248.35008773414586,5,NEW YORK,18,BUY,V50 realtime loss proxy | variant=proxy_hardened_no_worst_hours | Side=BUY | score=96.0 | opposite_score=4.0 | session=LONDON | RR=2.00,False
proxy_hardened_no_worst_hours,50,771,820,2025-12-09 13:45:00,2026-02-20 13:30:00,50,21,29,42.0,1.678348863008529,573.166208964253,248.35008773414586,5,NEW YORK,18,BUY,V50 realtime loss proxy | variant=proxy_hardened_no_worst_hours | Side=BUY | score=96.0 | opposite_score=4.0 | session=LONDON | RR=2.00,False
proxy_hardened_no_worst_hours,50,772,821,2025-12-09 14:45:00,2026-02-20 15:30:00,50,22,28,44.0,1.8185817939037967,685.1650090933579,248.35008773414586,5,NEW YORK,18,BUY,V50 realtime loss proxy | variant=proxy_hardened_no_worst_hours | Side=BUY | score=96.0 | opposite_score=4.0 | session=LONDON | RR=2.00,False
proxy_hardened_no_worst_hours,50,773,822,2025-12-16 18:45:00,2026-02-27 18:00:00,50,23,27,46.0,1.9328792405815098,771.7829339768101,248.35008773414586,5,NEW YORK,19,BUY,V50 realtime loss proxy | variant=proxy_hardened_no_worst_hours | Side=BUY | score=96.0 | opposite_score=4.0 | session=LONDON | RR=2.00,False
proxy_hardened_no_worst_hours,50,774,823,2025-12-16 19:45:00,2026-03-02 13:15:00,50,23,27,46.0,1.8575328232025328,738.2249507518078,248.35008773414586,5,NEW YORK,19,BUY,V50 realtime loss proxy | variant=proxy_hardened_no_worst_hours | Side=BUY | score=96.0 | opposite_score=4.0 | session=LONDON | RR=2.00,False
proxy_hardened_no_worst_hours,50,775,824,2025-12-17 13:00:00,2026-03-06 13:15:00,50,22,28,44.0,1.7449201594661152,672.0035333604169,248.35008773414586,5,NEW YORK,19,BUY,V50 realtime loss proxy | variant=proxy_hardened_no_worst_hours | Side=BUY | score=96.0 | opposite_score=4.0 | session=LONDON | RR=2.00,False
proxy_hardened_no_worst_hours,50,776,825,2025-12-17 14:00:00,2026-03-10 14:00:00,50,22,28,44.0,1.8166544662403858,736.7161163169835,248.35008773414586,5,NEW YORK,19,BUY,V50 realtime loss proxy | variant=proxy_hardened_no_worst_hours | Side=BUY | score=96.0 | opposite_score=4.0 | session=LONDON | RR=2.00,False
proxy_hardened_no_worst_hours,50,777,826,2025-12-18 18:00:00,2026-03-12 10:15:00,50,22,28,44.0,1.7931695498856688,724.901231521377,248.35008773414586,5,NEW YORK,19,BUY,V50 realtime loss proxy | variant=proxy_hardened_no_worst_hours | Side=BUY | score=96.0 | opposite_score=4.0 | session=LONDON | RR=2.00,False
proxy_hardened_no_worst_hours,50,778,827,2025-12-19 18:30:00,2026-03-13 10:15:00,50,22,28,44.0,1.769986053065911,712.9304665983711,248.35008773414586,5,NEW YORK,19,BUY,V50 realtime loss proxy | variant=proxy_hardened_no_worst_hours | Side=BUY | score=96.0 | opposite_score=4.0 | session=LONDON | RR=2.00,False
proxy_hardened_no_worst_hours,50,779,828,2025-12-22 15:15:00,2026-03-13 14:00:00,50,22,28,44.0,1.8230284126949934,762.0424135606146,248.35008773414586,5,NEW YORK,19,BUY,V50 realtime loss proxy | variant=proxy_hardened_no_worst_hours | Side=BUY | score=96.0 | opposite_score=4.0 | session=LONDON | RR=2.00,False
proxy_hardened_no_worst_hours,50,780,829,2025-12-22 18:45:00,2026-03-16 15:00:00,50,21,29,42.0,1.7274330253345007,701.758537547029,248.35008773414586,5,NEW YORK,19,BUY,V50 realtime loss proxy | variant=proxy_hardened_no_worst_hours | Side=BUY | score=96.0 | opposite_score=4.0 | session=LONDON | RR=2.00,False
proxy_hardened_no_worst_hours,50,781,830,2025-12-23 10:00:00,2026-03-18 10:00:00,50,21,29,42.0,1.755656450605011,728.9858271429248,248.35008773414597,5,NEW YORK,19,BUY,V50 realtime loss proxy | variant=proxy_hardened_no_worst_hours | Side=BUY | score=96.0 | opposite_score=4.0 | session=LONDON | RR=2.00,False
proxy_hardened_no_worst_hours,50,782,831,2025-12-23 21:30:00,2026-03-19 15:15:00,50,21,29,42.0,1.5821722587734415,623.2064920796947,248.35008773414586,5,NEW YORK,19,BUY,V50 realtime loss proxy | variant=proxy_hardened_no_worst_hours | Side=BUY | score=96.0 | opposite_score=4.0 | session=LONDON | RR=2.00,False
proxy_hardened_no_worst_hours,50,783,832,2025-12-26 10:45:00,2026-03-20 13:00:00,50,21,29,42.0,1.6656584124231213,712.5771416926835,248.35008773414597,5,NEW YORK,19,BUY,V50 realtime loss proxy | variant=proxy_hardened_no_worst_hours | Side=BUY | score=96.0 | opposite_score=4.0 | session=LONDON | RR=2.00,False
proxy_hardened_no_worst_hours,50,784,833,2025-12-31 10:15:00,2026-03-23 10:00:00,50,21,29,42.0,1.4892584776165865,585.7801934074057,248.35008773414597,5,NEW YORK,19,BUY,V50 realtime loss proxy | variant=proxy_hardened_no_worst_hours | Side=SELL | score=96.0 | opposite_score=4.0 | session=LONDON | RR=2.00,False
proxy_hardened_no_worst_hours,50,785,834,2026-01-05 14:00:00,2026-03-24 13:00:00,50,21,29,42.0,1.4181536112772757,525.7496364615743,248.35008773414586,5,NEW YORK,19,BUY,V50 realtime loss proxy | variant=proxy_hardened_no_worst_hours | Side=SELL | score=96.0 | opposite_score=4.0 | session=LONDON | RR=2.00,False
proxy_hardened_no_worst_hours,50,786,835,2026-01-05 18:30:00,2026-03-26 10:45:00,50,20,30,40.0,1.3391153175913075,444.5457632363865,272.436421140074,5,NEW YORK,10,BUY,V50 realtime loss proxy | variant=proxy_hardened_no_worst_hours | Side=SELL | score=96.0 | opposite_score=4.0 | session=LONDON | RR=2.00,False
proxy_hardened_no_worst_hours,50,787,836,2026-01-06 15:30:00,2026-03-26 15:30:00,50,21,29,42.0,1.440690152377794,571.5277916545916,272.436421140074,5,NEW YORK,10,BUY,V50 realtime loss proxy | variant=proxy_hardened_no_worst_hours | Side=BUY | score=96.0 | opposite_score=4.0 | session=LONDON | RR=2.00,False
proxy_hardened_no_worst_hours,50,788,837,2026-01-08 13:00:00,2026-03-27 13:00:00,50,21,29,42.0,1.4154600517061493,548.4111162785916,272.436421140074,5,NEW YORK,10,BUY,V50 realtime loss proxy | variant=proxy_hardened_no_worst_hours | Side=SELL | score=96.0 | opposite_score=4.0 | session=LONDON | RR=2.00,False
proxy_hardened_no_worst_hours,50,789,838,2026-01-08 13:45:00,2026-03-27 18:00:00,50,21,29,42.0,1.3714080479719581,506.01013064303004,272.436421140074,5,NEW YORK,10,BUY,V50 realtime loss proxy | variant=proxy_hardened_no_worst_hours | Side=SELL | score=96.0 | opposite_score=4.0 | session=LONDON | RR=2.00,False
proxy_hardened_no_worst_hours,50,790,839,2026-01-09 14:30:00,2026-04-01 10:00:00,50,22,28,44.0,1.4448777819360579,600.2982284274769,272.436421140074,5,NEW YORK,19,BUY,V50 realtime loss proxy | variant=proxy_hardened_no_worst_hours | Side=SELL | score=96.0 | opposite_score=4.0 | session=LONDON | RR=2.00,False
proxy_hardened_no_worst_hours,50,791,840,2026-01-09 18:30:00,2026-04-01 13:00:00,50,22,28,44.0,1.4923936236882618,664.4139851235216,272.436421140074,5,NEW YORK,19,BUY,V50 realtime loss proxy | variant=proxy_hardened_no_worst_hours | Side=SELL | score=96.0 | opposite_score=4.0 | session=LONDON | RR=2.00,False
proxy_hardened_no_worst_hours,50,792,841,2026-01-12 14:00:00,2026-04-09 18:15:00,50,21,29,42.0,1.4322397185580553,598.5813392233832,272.436421140074,5,NEW YORK,18,BUY,V50 realtime loss proxy | variant=proxy_hardened_no_worst_hours | Side=SELL | score=96.0 | opposite_score=4.0 | session=LONDON | RR=2.00,False
proxy_hardened_no_worst_hours,50,793,842,2026-01-12 18:45:00,2026-04-14 10:15:00,50,20,30,40.0,1.3655802019210865,515.8850455676585,272.436421140074,5,NEW YORK,18,BUY,V50 realtime loss proxy | variant=proxy_hardened_no_worst_hours | Side=SELL | score=96.0 | opposite_score=4.0 | session=LONDON | RR=2.00,False
proxy_hardened_no_worst_hours,50,794,843,2026-01-13 13:15:00,2026-04-14 15:00:00,50,21,29,42.0,1.4444597703202053,614.5799149419292,272.436421140074,5,NEW YORK,18,BUY,V50 realtime loss proxy | variant=proxy_hardened_no_worst_hours | Side=SELL | score=96.0 | opposite_score=4.0 | session=LONDON | RR=2.00,False
proxy_hardened_no_worst_hours,50,795,844,2026-01-13 15:15:00,2026-04-15 14:30:00,50,20,30,40.0,1.3856277689394259,543.8053746769548,272.436421140074,5,NEW YORK,18,BUY,V50 realtime loss proxy | variant=proxy_hardened_no_worst_hours | Side=SELL | score=96.0 | opposite_score=4.0 | session=LONDON | RR=2.00,False
proxy_hardened_no_worst_hours,50,796,845,2026-01-14 19:15:00,2026-04-17 18:45:00,50,20,30,40.0,1.3840385071259051,542.1860927419223,272.436421140074,5,NEW YORK,18,BUY,V50 realtime loss proxy | variant=proxy_hardened_no_worst_hours | Side=BUY | score=89.0 | opposite_score=8.0 | session=NEW YORK | RR=2.00,False
proxy_hardened_no_worst_hours,50,797,846,2026-01-20 13:30:00,2026-04-20 13:00:00,50,20,30,40.0,1.3830909399174984,541.2188557729462,272.436421140074,5,NEW YORK,18,BUY,V50 realtime loss proxy | variant=proxy_hardened_no_worst_hours | Side=BUY | score=89.0 | opposite_score=8.0 | session=NEW YORK | RR=2.00,False
proxy_hardened_no_worst_hours,50,798,847,2026-01-20 15:30:00,2026-04-21 10:15:00,50,19,31,38.0,1.3328777678138821,477.718455306058,272.436421140074,5,NEW YORK,18,BUY,V50 realtime loss proxy | variant=proxy_hardened_no_worst_hours | Side=BUY | score=89.0 | opposite_score=8.0 | session=NEW YORK | RR=2.00,False
proxy_hardened_no_worst_hours,50,799,848,2026-01-21 13:00:00,2026-04-21 14:00:00,50,19,31,38.0,1.337208053544498,483.9329208254859,272.436421140074,5,NEW YORK,18,BUY,V50 realtime loss proxy | variant=proxy_hardened_no_worst_hours | Side=BUY | score=89.0 | opposite_score=8.0 | session=NEW YORK | RR=2.00,False
proxy_hardened_no_worst_hours,50,800,849,2026-01-22 10:30:00,2026-04-22 10:00:00,50,19,31,38.0,1.3459999765730493,493.30694466715994,272.436421140074,5,NEW YORK,18,BUY,V50 realtime loss proxy | variant=proxy_hardened_no_worst_hours | Side=BUY | score=89.0 | opposite_score=8.0 | session=NEW YORK | RR=2.00,False
proxy_hardened_no_worst_hours,50,801,850,2026-01-23 14:30:00,2026-04-22 13:15:00,50,20,30,40.0,1.404064618043974,565.7683553581467,272.436421140074,5,NEW YORK,18,BUY,V50 realtime loss proxy | variant=proxy_hardened_no_worst_hours | Side=BUY | score=89.0 | opposite_score=8.0 | session=NEW YORK | RR=2.00,False
proxy_hardened_no_worst_hours,50,802,851,2026-01-23 18:45:00,2026-04-23 10:45:00,50,19,31,38.0,1.3314687740627587,473.227209041761,272.436421140074,5,NEW YORK,18,BUY,V50 realtime loss proxy | variant=proxy_hardened_no_worst_hours | Side=BUY | score=89.0 | opposite_score=8.0 | session=NEW YORK | RR=2.00,False
proxy_hardened_no_worst_hours,50,803,852,2026-01-26 10:00:00,2026-04-24 18:00:00,50,18,32,36.0,1.2556549011400013,372.0829451977462,272.436421140074,5,NEW YORK,18,BUY,V50 realtime loss proxy | variant=proxy_hardened_no_worst_hours | Side=BUY | score=89.0 | opposite_score=8.0 | session=NEW YORK | RR=2.00,False
proxy_hardened_no_worst_hours,50,804,853,2026-01-26 14:45:00,2026-04-27 14:30:00,50,19,31,38.0,1.3228626886065113,457.85842496630914,272.436421140074,5,NEW YORK,18,BUY,V50 realtime loss proxy | variant=proxy_hardened_no_worst_hours | Side=BUY | score=89.0 | opposite_score=8.0 | session=NEW YORK | RR=2.00,False
proxy_hardened_no_worst_hours,50,805,854,2026-01-28 15:15:00,2026-04-29 10:15:00,50,20,30,40.0,1.3977705664867928,549.0224553337905,272.436421140074,5,NEW YORK,18,BUY,V50 realtime loss proxy | variant=proxy_hardened_no_worst_hours | Side=BUY | score=89.0 | opposite_score=8.0 | session=NEW YORK | RR=2.00,False
proxy_hardened_no_worst_hours,50,806,855,2026-01-29 14:15:00,2026-04-29 15:15:00,50,19,31,38.0,1.2780054634146545,393.1465931595013,272.43642114007406,5,NEW YORK,18,BUY,V50 realtime loss proxy | variant=proxy_hardened_no_worst_hours | Side=BUY | score=89.0 | opposite_score=8.0 | session=NEW YORK | RR=2.00,False
proxy_hardened_no_worst_hours,50,807,856,2026-01-30 14:45:00,2026-05-01 19:00:00,50,19,31,38.0,1.313709970884341,431.5814029495361,272.436421140074,5,NEW YORK,18,BUY,V50 realtime loss proxy | variant=proxy_hardened_no_worst_hours | Side=BUY | score=89.0 | opposite_score=8.0 | session=NEW YORK | RR=2.00,False
proxy_hardened_no_worst_hours,50,808,857,2026-02-03 18:00:00,2026-05-03 22:30:00,50,18,32,36.0,1.0713532332136078,100.2364883248685,272.4364211400741,5,NEW YORK,18,BUY,V50 realtime loss proxy | variant=proxy_hardened_no_worst_hours | Side=BUY | score=89.0 | opposite_score=8.0 | session=NEW YORK | RR=2.00,True
proxy_hardened_no_worst_hours,50,809,858,2026-02-05 10:15:00,2026-05-04 13:00:00,50,19,31,38.0,1.196760341894705,258.7717776523643,272.4364211400741,5,NEW YORK,18,BUY,V50 realtime loss proxy | variant=proxy_hardened_no_worst_hours | Side=BUY | score=89.0 | opposite_score=8.0 | session=NEW YORK | RR=2.00,False
proxy_hardened_no_worst_hours,50,810,859,2026-02-06 14:15:00,2026-05-06 19:00:00,50,19,31,38.0,1.0970267382558683,127.6059052170078,272.4364211400741,5,NEW YORK,10,SELL,V50 realtime loss proxy | variant=proxy_hardened_no_worst_hours | Side=BUY | score=72.0 | opposite_score=30.0 | session=NEW YORK | RR=2.00,True
proxy_hardened_no_worst_hours,50,811,860,2026-02-09 18:00:00,2026-05-07 10:15:00,50,19,31,38.0,1.039824203718481,52.37529011479476,272.4364211400741,5,NEW YORK,18,BUY,V50 realtime loss proxy | variant=proxy_hardened_no_worst_hours | Side=BUY | score=72.0 | opposite_score=30.0 | session=NEW YORK | RR=2.00,True
proxy_hardened_no_worst_hours,100,1,100,2022-02-16 13:30:00,2022-08-22 13:45:00,100,48,52,48.0,1.7386522743573667,194.19302471882747,39.14676860832286,5,NEW YORK,14,BUY,V50 realtime loss proxy | variant=proxy_hardened_no_worst_hours | Side=BUY | score=100.0 | opposite_score=8.0 | session=LONDON | RR=2.00,False
proxy_hardened_no_worst_hours,100,2,101,2022-02-16 19:30:00,2022-08-23 10:00:00,100,47,53,47.0,1.693620796926836,184.63444320238568,39.146768608322866,5,NEW YORK,14,BUY,V50 realtime loss proxy | variant=proxy_hardened_no_worst_hours | Side=BUY | score=100.0 | opposite_score=8.0 | session=LONDON | RR=2.00,False
proxy_hardened_no_worst_hours,100,3,102,2022-02-18 14:30:00,2022-08-23 18:00:00,100,46,54,46.0,1.6386662914143435,172.31473014479707,39.146768608322866,5,NEW YORK,14,BUY,V50 realtime loss proxy | variant=proxy_hardened_no_worst_hours | Side=BUY | score=100.0 | opposite_score=8.0 | session=LONDON | RR=2.00,False
proxy_hardened_no_worst_hours,100,4,103,2022-02-18 18:00:00,2022-08-24 13:00:00,100,46,54,46.0,1.6419862114633081,172.8602449334785,39.146768608322866,5,NEW YORK,18,BUY,V50 realtime loss proxy | variant=proxy_hardened_no_worst_hours | Side=SELL | score=100.0 | opposite_score=8.0 | session=LONDON | RR=2.00,False
proxy_hardened_no_worst_hours,100,5,104,2022-02-21 13:00:00,2022-08-24 22:00:00,100,46,54,46.0,1.6303631583627056,169.73063907907022,39.146768608322866,5,NEW YORK,18,BUY,V50 realtime loss proxy | variant=proxy_hardened_no_worst_hours | Side=BUY | score=100.0 | opposite_score=8.0 | session=NEW YORK | RR=2.00,False
proxy_hardened_no_worst_hours,100,6,105,2022-02-23 19:30:00,2022-08-26 14:15:00,100,47,53,47.0,1.6952840325827723,184.75825289066074,39.146768608322866,5,NEW YORK,18,BUY,V50 realtime loss proxy | variant=proxy_hardened_no_worst_hours | Side=BUY | score=100.0 | opposite_score=8.0 | session=NEW YORK | RR=2.00,False
proxy_hardened_no_worst_hours,100,7,106,2022-02-28 14:45:00,2022-08-30 13:45:00,100,47,53,47.0,1.6974528411807601,185.33457173107763,39.146768608322866,5,NEW YORK,18,BUY,V50 realtime loss proxy | variant=proxy_hardened_no_worst_hours | Side=BUY | score=100.0 | opposite_score=8.0 | session=NEW YORK | RR=2.00,False
proxy_hardened_no_worst_hours,100,8,107,2022-02-28 21:15:00,2022-09-01 13:45:00,100,48,52,48.0,1.7778287562721582,201.4736156217093,39.146768608322866,5,NEW YORK,18,BUY,V50 realtime loss proxy | variant=proxy_hardened_no_worst_hours | Side=BUY | score=100.0 | opposite_score=8.0 | session=NEW YORK | RR=2.00,False
proxy_hardened_no_worst_hours,100,9,108,2022-03-01 15:00:00,2022-09-01 15:00:00,100,48,52,48.0,1.7714034751950871,200.53408957674606,39.146768608322866,5,NEW YORK,18,BUY,V50 realtime loss proxy | variant=proxy_hardened_no_worst_hours | Side=BUY | score=100.0 | opposite_score=8.0 | session=NEW YORK | RR=2.00,False
proxy_hardened_no_worst_hours,100,10,109,2022-03-03 10:30:00,2022-09-06 13:45:00,100,48,52,48.0,1.7513617025366788,195.32402926097984,39.146768608322866,5,NEW YORK,18,BUY,V50 realtime loss proxy | variant=proxy_hardened_no_worst_hours | Side=BUY | score=100.0 | opposite_score=8.0 | session=NEW YORK | RR=2.00,False
proxy_hardened_no_worst_hours,100,11,110,2022-03-03 21:45:00,2022-09-12 14:30:00,100,48,52,48.0,1.7535321791902507,195.64580107457823,39.146768608322866,5,NEW YORK,18,BUY,V50 realtime loss proxy | variant=proxy_hardened_no_worst_hours | Side=BUY | score=100.0 | opposite_score=8.0 | session=NEW YORK | RR=2.00,False
proxy_hardened_no_worst_hours,100,12,111,2022-03-04 10:00:00,2022-09-13 10:15:00,100,48,52,48.0,1.7435582974119581,193.05619953634778,39.146768608322866,5,NEW YORK,18,BUY,V50 realtime loss proxy | variant=proxy_hardened_no_worst_hours | Side=BUY | score=100.0 | opposite_score=8.0 | session=NEW YORK | RR=2.00,False
proxy_hardened_no_worst_hours,100,13,112,2022-03-04 15:00:00,2022-09-14 14:15:00,100,47,53,47.0,1.68392966532517,180.11950853919598,39.146768608322866,5,NEW YORK,18,BUY,V50 realtime loss proxy | variant=proxy_hardened_no_worst_hours | Side=BUY | score=100.0 | opposite_score=8.0 | session=NEW YORK | RR=2.00,False
proxy_hardened_no_worst_hours,100,14,113,2022-03-08 10:30:00,2022-09-15 10:30:00,100,46,54,46.0,1.6114007153645078,162.85629036722435,39.146768608322866,5,NEW YORK,18,BUY,V50 realtime loss proxy | variant=proxy_hardened_no_worst_hours | Side=BUY | score=100.0 | opposite_score=8.0 | session=NEW YORK | RR=2.00,False
proxy_hardened_no_worst_hours,100,15,114,2022-03-08 18:15:00,2022-09-15 13:00:00,100,45,55,45.0,1.5310252416844456,143.62031984285977,39.146768608322866,5,NEW YORK,18,BUY,V50 realtime loss proxy | variant=proxy_hardened_no_worst_hours | Side=BUY | score=100.0 | opposite_score=8.0 | session=NEW YORK | RR=2.00,False
proxy_hardened_no_worst_hours,100,16,115,2022-03-10 14:15:00,2022-09-16 13:15:00,100,45,55,45.0,1.6155170936376402,157.7653538555571,38.22611658483099,5,NEW YORK,19,BUY,V50 realtime loss proxy | variant=proxy_hardened_no_worst_hours | Side=SELL | score=100.0 | opposite_score=8.0 | session=LONDON | RR=2.00,False
proxy_hardened_no_worst_hours,100,17,116,2022-03-11 14:30:00,2022-09-19 10:15:00,100,45,55,45.0,1.6563117572735995,164.07831024906,38.226116584831075,5,NEW YORK,19,BUY,V50 realtime loss proxy | variant=proxy_hardened_no_worst_hours | Side=SELL | score=100.0 | opposite_score=8.0 | session=LONDON | RR=2.00,False
proxy_hardened_no_worst_hours,100,18,117,2022-03-14 13:00:00,2022-09-20 10:15:00,100,46,54,46.0,1.7568539314344622,180.92939351150312,38.226116584831175,5,NEW YORK,19,BUY,V50 realtime loss proxy | variant=proxy_hardened_no_worst_hours | Side=SELL | score=100.0 | opposite_score=8.0 | session=LONDON | RR=2.00,False
proxy_hardened_no_worst_hours,100,19,118,2022-03-15 10:00:00,2022-09-20 13:45:00,100,45,55,45.0,1.6715231333598088,163.1333744280396,38.22611658483106,5,NEW YORK,19,BUY,V50 realtime loss proxy | variant=proxy_hardened_no_worst_hours | Side=SELL | score=100.0 | opposite_score=8.0 | session=LONDON | RR=2.00,False
proxy_hardened_no_worst_hours,100,20,119,2022-03-15 13:30:00,2022-09-22 14:00:00,100,44,56,44.0,1.5770713302701687,144.09578698203197,38.226116584830976,5,NEW YORK,19,BUY,V50 realtime loss proxy | variant=proxy_hardened_no_worst_hours | Side=SELL | score=100.0 | opposite_score=8.0 | session=LONDON | RR=2.00,False
proxy_hardened_no_worst_hours,100,21,120,2022-03-18 10:00:00,2022-09-23 13:15:00,100,44,56,44.0,1.5651545854583384,141.12015358655412,38.226116584830976,5,NEW YORK,19,BUY,V50 realtime loss proxy | variant=proxy_hardened_no_worst_hours | Side=SELL | score=100.0 | opposite_score=8.0 | session=LONDON | RR=2.00,False
proxy_hardened_no_worst_hours,100,22,121,2022-03-18 13:00:00,2022-09-26 10:00:00,100,44,56,44.0,1.5576845046296497,139.92267546849757,38.226116584830976,5,NEW YORK,19,BUY,V50 realtime loss proxy | variant=proxy_hardened_no_worst_hours | Side=SELL | score=100.0 | opposite_score=8.0 | session=LONDON | RR=2.00,False
proxy_hardened_no_worst_hours,100,23,122,2022-03-21 19:00:00,2022-09-29 14:00:00,100,43,57,43.0,1.4827564066663468,123.86349472487247,38.226116584830976,5,NEW YORK,19,BUY,V50 realtime loss proxy | variant=proxy_hardened_no_worst_hours | Side=SELL | score=100.0 | opposite_score=8.0 | session=LONDON | RR=2.00,False
proxy_hardened_no_worst_hours,100,24,123,2022-03-22 10:00:00,2022-09-29 14:45:00,100,44,56,44.0,1.5609316194149576,141.16022751009746,38.226116584830976,5,NEW YORK,19,BUY,V50 realtime loss proxy | variant=proxy_hardened_no_worst_hours | Side=SELL | score=100.0 | opposite_score=8.0 | session=LONDON | RR=2.00,False
proxy_hardened_no_worst_hours,100,25,124,2022-03-23 14:15:00,2022-09-30 13:30:00,100,43,57,43.0,1.500180298703442,128.4560368645687,38.226116584830976,5,NEW YORK,19,BUY,V50 realtime loss proxy | variant=proxy_hardened_no_worst_hours | Side=SELL | score=100.0 | opposite_score=8.0 | session=LONDON | RR=2.00,False
proxy_hardened_no_worst_hours,100,26,125,2022-03-24 10:00:00,2022-10-04 13:15:00,100,44,56,44.0,1.565837864637342,142.65940384149124,38.226116584830976,5,NEW YORK,19,BUY,V50 realtime loss proxy | variant=proxy_hardened_no_worst_hours | Side=SELL | score=100.0 | opposite_score=8.0 | session=LONDON | RR=2.00,False
proxy_hardened_no_worst_hours,100,27,126,2022-03-24 13:45:00,2022-10-05 22:00:00,100,44,56,44.0,1.566276237750417,142.7699267507551,38.226116584830976,5,NEW YORK,19,BUY,V50 realtime loss proxy | variant=proxy_hardened_no_worst_hours | Side=SELL | score=100.0 | opposite_score=8.0 | session=LONDON | RR=2.00,False
proxy_hardened_no_worst_hours,100,28,127,2022-03-30 18:30:00,2022-10-11 10:15:00,100,43,57,43.0,1.493392300988606,126.37025487767646,38.226116584830976,5,NEW YORK,19,BUY,V50 realtime loss proxy | variant=proxy_hardened_no_worst_hours | Side=SELL | score=100.0 | opposite_score=8.0 | session=LONDON | RR=2.00,False
proxy_hardened_no_worst_hours,100,29,128,2022-03-31 10:00:00,2022-10-12 22:15:00,100,43,57,43.0,1.4995051459796322,127.41436886960041,38.226116584830976,5,NEW YORK,19,BUY,V50 realtime loss proxy | variant=proxy_hardened_no_worst_hours | Side=SELL | score=100.0 | opposite_score=8.0 | session=LONDON | RR=2.00,False
proxy_hardened_no_worst_hours,100,30,129,2022-04-06 14:00:00,2022-10-18 10:00:00,100,43,57,43.0,1.5004487073227464,127.57477738773675,38.226116584830976,5,NEW YORK,19,BUY,V50 realtime loss proxy | variant=proxy_hardened_no_worst_hours | Side=SELL | score=100.0 | opposite_score=8.0 | session=LONDON | RR=2.00,False
proxy_hardened_no_worst_hours,100,31,130,2022-04-07 18:15:00,2022-10-18 14:30:00,100,44,56,44.0,1.5653963748358575,140.86369249089626,38.226116584830976,5,NEW YORK,19,BUY,V50 realtime loss proxy | variant=proxy_hardened_no_worst_hours | Side=SELL | score=100.0 | opposite_score=8.0 | session=LONDON | RR=2.00,False
proxy_hardened_no_worst_hours,100,32,131,2022-04-08 15:45:00,2022-10-19 14:00:00,100,45,55,45.0,1.6269474008199514,153.86112744572483,38.226116584830976,5,NEW YORK,19,BUY,V50 realtime loss proxy | variant=proxy_hardened_no_worst_hours | Side=BUY | score=78.0 | opposite_score=30.0 | session=LONDON | RR=2.00,False
proxy_hardened_no_worst_hours,100,33,132,2022-04-11 19:15:00,2022-10-25 18:30:00,100,44,56,44.0,1.561513882189761,139.89411866550589,38.226116584830976,5,NEW YORK,19,BUY,V50 realtime loss proxy | variant=proxy_hardened_no_worst_hours | Side=BUY | score=78.0 | opposite_score=30.0 | session=LONDON | RR=2.00,False
proxy_hardened_no_worst_hours,100,34,133,2022-04-12 13:45:00,2022-10-26 14:15:00,100,43,57,43.0,1.4977435921293814,126.37348553673591,38.226116584830976,5,NEW YORK,19,BUY,V50 realtime loss proxy | variant=proxy_hardened_no_worst_hours | Side=BUY | score=78.0 | opposite_score=30.0 | session=LONDON | RR=2.00,False
proxy_hardened_no_worst_hours,100,35,134,2022-04-12 19:00:00,2022-10-28 13:30:00,100,43,57,43.0,1.49216179185494,124.95630695843744,38.226116584830976,5,NEW YORK,19,BUY,V50 realtime loss proxy | variant=proxy_hardened_no_worst_hours | Side=BUY | score=78.0 | opposite_score=30.0 | session=LONDON | RR=2.00,False
proxy_hardened_no_worst_hours,100,36,135,2022-04-13 13:15:00,2022-10-31 13:45:00,100,43,57,43.0,1.5018720345180914,126.59783172278098,38.226116584830976,5,NEW YORK,19,BUY,V50 realtime loss proxy | variant=proxy_hardened_no_worst_hours | Side=BUY | score=78.0 | opposite_score=30.0 | session=LONDON | RR=2.00,False
proxy_hardened_no_worst_hours,100,37,136,2022-04-18 13:45:00,2022-10-31 15:30:00,100,43,57,43.0,1.5110497501835547,128.12993875628652,38.226116584830976,5,NEW YORK,19,BUY,V50 realtime loss proxy | variant=proxy_hardened_no_worst_hours | Side=BUY | score=78.0 | opposite_score=30.0 | session=LONDON | RR=2.00,False
proxy_hardened_no_worst_hours,100,38,137,2022-04-21 14:00:00,2022-11-01 18:15:00,100,44,56,44.0,1.5659495362833311,139.66086340023344,38.226116584830976,5,NEW YORK,19,BUY,V50 realtime loss proxy | variant=proxy_hardened_no_worst_hours | Side=BUY | score=78.0 | opposite_score=30.0 | session=LONDON | RR=2.00,False
proxy_hardened_no_worst_hours,100,39,138,2022-04-22 14:30:00,2022-11-02 13:15:00,100,44,56,44.0,1.5790190757108296,141.7034003455417,38.226116584830976,5,NEW YORK,19,BUY,V50 realtime loss proxy | variant=proxy_hardened_no_worst_hours | Side=BUY | score=78.0 | opposite_score=30.0 | session=LONDON | RR=2.00,False
proxy_hardened_no_worst_hours,100,40,139,2022-04-25 10:00:00,2022-11-03 13:45:00,100,43,57,43.0,1.4949694683740364,123.72694225122815,38.226116584830976,5,NEW YORK,19,BUY,V50 realtime loss proxy | variant=proxy_hardened_no_worst_hours | Side=BUY | score=78.0 | opposite_score=30.0 | session=LONDON | RR=2.00,False
proxy_hardened_no_worst_hours,100,41,140,2022-04-27 10:00:00,2022-11-04 10:00:00,100,43,57,43.0,1.4883921466646066,122.08281679439214,38.226116584830976,5,NEW YORK,19,BUY,V50 realtime loss proxy | variant=proxy_hardened_no_worst_hours | Side=BUY | score=78.0 | opposite_score=30.0 | session=LONDON | RR=2.00,False
proxy_hardened_no_worst_hours,100,42,141,2022-04-27 13:00:00,2022-11-07 13:00:00,100,43,57,43.0,1.4983798760221152,123.74903050262813,38.226116584830976,5,NEW YORK,19,BUY,V50 realtime loss proxy | variant=proxy_hardened_no_worst_hours | Side=BUY | score=78.0 | opposite_score=30.0 | session=LONDON | RR=2.00,False
proxy_hardened_no_worst_hours,100,43,142,2022-04-28 22:15:00,2022-11-09 15:15:00,100,42,58,42.0,1.4224593637616523,107.17875003245811,38.226116584830976,5,NEW YORK,19,BUY,V50 realtime loss proxy | variant=proxy_hardened_no_worst_hours | Side=BUY | score=78.0 | opposite_score=30.0 | session=LONDON | RR=2.00,False
proxy_hardened_no_worst_hours,100,44,143,2022-05-03 10:30:00,2022-11-11 13:00:00,100,41,59,41.0,1.3715809529737129,95.97942576266226,38.226116584830976,5,NEW YORK,19,BUY,V50 realtime loss proxy | variant=proxy_hardened_no_worst_hours | Side=BUY | score=72.0 | opposite_score=30.0 | session=NEW YORK | RR=2.00,False
proxy_hardened_no_worst_hours,100,45,144,2022-05-05 10:15:00,2022-11-11 14:45:00,100,42,58,42.0,1.433899825898203,110.23534403243755,38.226116584830976,5,NEW YORK,19,BUY,V50 realtime loss proxy | variant=proxy_hardened_no_worst_hours | Side=BUY | score=72.0 | opposite_score=30.0 | session=NEW YORK | RR=2.00,False
proxy_hardened_no_worst_hours,100,46,145,2022-05-09 13:30:00,2022-11-14 14:00:00,100,42,58,42.0,1.4347948310785912,110.4627264789888,38.226116584830976,5,NEW YORK,19,BUY,V50 realtime loss proxy | variant=proxy_hardened_no_worst_hours | Side=BUY | score=72.0 | opposite_score=30.0 | session=NEW YORK | RR=2.00,False
proxy_hardened_no_worst_hours,100,47,146,2022-05-10 14:15:00,2022-11-14 21:00:00,100,41,59,41.0,1.3743555324911485,96.31572740203868,38.22611658483098,5,NEW YORK,19,BUY,V50 realtime loss proxy | variant=proxy_hardened_no_worst_hours | Side=BUY | score=72.0 | opposite_score=30.0 | session=NEW YORK | RR=2.00,False
proxy_hardened_no_worst_hours,100,48,147,2022-05-12 10:00:00,2022-11-15 10:00:00,100,41,59,41.0,1.3687864775668943,94.88289810096742,38.22611658483098,5,NEW YORK,19,BUY,V50 realtime loss proxy | variant=proxy_hardened_no_worst_hours | Side=BUY | score=72.0 | opposite_score=30.0 | session=NEW YORK | RR=2.00,False
proxy_hardened_no_worst_hours,100,49,148,2022-05-12 13:00:00,2022-11-15 19:30:00,100,40,60,40.0,1.3012339662112347,79.4775541011409,38.226116584831004,5,NEW YORK,19,BUY,V50 realtime loss proxy | variant=proxy_hardened_no_worst_hours | Side=BUY | score=72.0 | opposite_score=30.0 | session=NEW YORK | RR=2.00,False
proxy_hardened_no_worst_hours,100,50,149,2022-05-13 15:15:00,2022-11-21 10:45:00,100,39,61,39.0,1.2453590226220213,65.53058023713632,38.226116584831004,5,NEW YORK,19,BUY,V50 realtime loss proxy | variant=proxy_hardened_no_worst_hours | Side=BUY | score=72.0 | opposite_score=30.0 | session=NEW YORK | RR=2.00,False
proxy_hardened_no_worst_hours,100,51,150,2022-05-18 13:45:00,2022-11-24 10:15:00,100,38,62,38.0,1.1857622642427763,50.101858159696604,38.226116584831004,5,NEW YORK,19,BUY,V50 realtime loss proxy | variant=proxy_hardened_no_worst_hours | Side=BUY | score=72.0 | opposite_score=30.0 | session=NEW YORK | RR=2.00,False
proxy_hardened_no_worst_hours,100,52,151,2022-05-19 19:00:00,2022-11-29 15:30:00,100,38,62,38.0,1.1887881372413227,50.788361366679084,37.6690912503063,5,NEW YORK,19,BUY,V50 realtime loss proxy | variant=proxy_hardened_no_worst_hours | Side=BUY | score=72.0 | opposite_score=30.0 | session=NEW YORK | RR=2.00,False
proxy_hardened_no_worst_hours,100,53,152,2022-05-24 10:45:00,2022-11-30 10:45:00,100,39,61,39.0,1.2269838244182945,60.13442735982747,37.6690912503063,5,NEW YORK,19,BUY,V50 realtime loss proxy | variant=proxy_hardened_no_worst_hours | Side=BUY | score=72.0 | opposite_score=30.0 | session=NEW YORK | RR=2.00,False
proxy_hardened_no_worst_hours,100,54,153,2022-05-24 13:30:00,2022-11-30 14:30:00,100,39,61,39.0,1.22037267078316,58.69922530693023,37.66909125030631,5,NEW YORK,19,BUY,V50 realtime loss proxy | variant=proxy_hardened_no_worst_hours | Side=BUY | score=72.0 | opposite_score=30.0 | session=NEW YORK | RR=2.00,False
proxy_hardened_no_worst_hours,100,55,154,2022-05-26 15:00:00,2022-12-01 10:00:00,100,39,61,39.0,1.2175924058875582,57.95866435198107,37.66909125030631,5,NEW YORK,19,BUY,V50 realtime loss proxy | variant=proxy_hardened_no_worst_hours | Side=BUY | score=72.0 | opposite_score=30.0 | session=NEW YORK | RR=2.00,False
proxy_hardened_no_worst_hours,100,56,155,2022-05-27 10:45:00,2022-12-02 13:00:00,100,39,61,39.0,1.2289756425565592,60.42582326759524,37.66909125030631,5,NEW YORK,19,BUY,V50 realtime loss proxy | variant=proxy_hardened_no_worst_hours | Side=BUY | score=72.0 | opposite_score=30.0 | session=NEW YORK | RR=2.00,False
proxy_hardened_no_worst_hours,100,57,156,2022-05-31 14:45:00,2022-12-02 21:00:00,100,40,60,40.0,1.2670138591155584,69.69409355721089,37.6690912503063,5,NEW YORK,19,BUY,V50 realtime loss proxy | variant=proxy_hardened_no_worst_hours | Side=BUY | score=72.0 | opposite_score=30.0 | session=NEW YORK | RR=2.00,False
proxy_hardened_no_worst_hours,100,58,157,2022-06-01 22:30:00,2022-12-07 21:30:00,100,39,61,39.0,1.2145567354335571,56.65898778544762,37.66909125030631,5,NEW YORK,19,SELL,V50 realtime loss proxy | variant=proxy_hardened_no_worst_hours | Side=BUY | score=72.0 | opposite_score=30.0 | session=NEW YORK | RR=2.00,False
proxy_hardened_no_worst_hours,100,59,158,2022-06-02 22:00:00,2022-12-08 13:00:00,100,40,60,40.0,1.2468006428700913,64.54566917909052,37.66909125030631,5,NEW YORK,19,SELL,V50 realtime loss proxy | variant=proxy_hardened_no_worst_hours | Side=BUY | score=72.0 | opposite_score=30.0 | session=NEW YORK | RR=2.00,False
proxy_hardened_no_worst_hours,100,60,159,2022-06-07 13:00:00,2022-12-08 15:45:00,100,40,60,40.0,1.2631363707028718,68.81794526489193,37.6690912503063,5,NEW YORK,19,SELL,V50 realtime loss proxy | variant=proxy_hardened_no_worst_hours | Side=BUY | score=72.0 | opposite_score=30.0 | session=NEW YORK | RR=2.00,False
proxy_hardened_no_worst_hours,100,61,160,2022-06-07 14:30:00,2022-12-09 13:45:00,100,40,60,40.0,1.2554153982412548,67.20950338184709,34.45584062735191,5,NEW YORK,19,SELL,V50 realtime loss proxy | variant=proxy_hardened_no_worst_hours | Side=BUY | score=72.0 | opposite_score=30.0 | session=NEW YORK | RR=2.00,False
proxy_hardened_no_worst_hours,100,62,161,2022-06-09 15:30:00,2022-12-09 15:45:00,100,40,60,40.0,1.2518428501912522,66.45855190496697,30.26721222560845,5,NEW YORK,19,SELL,V50 realtime loss proxy | variant=proxy_hardened_no_worst_hours | Side=BUY | score=74.0 | opposite_score=4.0 | session=LONDON | RR=2.00,False
proxy_hardened_no_worst_hours,100,63,162,2022-06-10 10:15:00,2022-12-13 10:45:00,100,41,59,41.0,1.2924266116676846,75.94456316938478,30.267212225608453,5,NEW YORK,19,SELL,V50 realtime loss proxy | variant=proxy_hardened_no_worst_hours | Side=BUY | score=74.0 | opposite_score=4.0 | session=LONDON | RR=2.00,False
proxy_hardened_no_worst_hours,100,64,163,2022-06-10 14:00:00,2022-12-13 18:00:00,100,40,60,40.0,1.244219556961728,64.97373850716258,30.267212225608446,5,NEW YORK,19,SELL,V50 realtime loss proxy | variant=proxy_hardened_no_worst_hours | Side=BUY | score=100.0 | opposite_score=8.0 | session=NEW YORK | RR=2.00,False
proxy_hardened_no_worst_hours,100,65,164,2022-06-15 19:30:00,2022-12-15 13:45:00,100,40,60,40.0,1.2522447444738114,66.67873460033096,27.38422685842047,5,NEW YORK,19,SELL,V50 realtime loss proxy | variant=proxy_hardened_no_worst_hours | Side=BUY | score=100.0 | opposite_score=8.0 | session=NEW YORK | RR=2.00,False
proxy_hardened_no_worst_hours,100,66,165,2022-06-22 14:45:00,2022-12-15 15:15:00,100,40,60,40.0,1.2665059481676557,69.65529138478885,27.38422685842047,5,NEW YORK,15,SELL,V50 realtime loss proxy | variant=proxy_hardened_no_worst_hours | Side=BUY | score=100.0 | opposite_score=8.0 | session=NEW YORK | RR=2.00,False
proxy_hardened_no_worst_hours,100,67,166,2022-06-24 13:45:00,2022-12-16 18:00:00,100,41,59,41.0,1.3259363423855743,83.2865410944783,27.38422685842047,5,NEW YORK,15,SELL,V50 realtime loss proxy | variant=proxy_hardened_no_worst_hours | Side=BUY | score=100.0 | opposite_score=8.0 | session=NEW YORK | RR=2.00,False
proxy_hardened_no_worst_hours,100,68,167,2022-06-27 10:00:00,2022-12-19 10:00:00,100,41,59,41.0,1.337981112219172,85.58687330741353,27.384226858420465,5,NEW YORK,15,SELL,V50 realtime loss proxy | variant=proxy_hardened_no_worst_hours | Side=BUY | score=100.0 | opposite_score=8.0 | session=NEW YORK | RR=2.00,False
proxy_hardened_no_worst_hours,100,69,168,2022-06-28 13:00:00,2022-12-20 13:30:00,100,42,58,42.0,1.3883269446611668,97.0407742918849,27.384226858420462,5,NEW YORK,15,SELL,V50 realtime loss proxy | variant=proxy_hardened_no_worst_hours | Side=BUY | score=100.0 | opposite_score=8.0 | session=NEW YORK | RR=2.00,False
proxy_hardened_no_worst_hours,100,70,169,2022-06-29 10:00:00,2022-12-21 14:15:00,100,42,58,42.0,1.3823636845971379,95.55058829816726,27.38422685842047,5,NEW YORK,15,SELL,V50 realtime loss proxy | variant=proxy_hardened_no_worst_hours | Side=BUY | score=100.0 | opposite_score=8.0 | session=NEW YORK | RR=2.00,False
proxy_hardened_no_worst_hours,100,71,170,2022-06-29 14:00:00,2022-12-21 15:45:00,100,42,58,42.0,1.3785388870756987,94.85724845960482,27.384226858420465,5,NEW YORK,15,SELL,V50 realtime loss proxy | variant=proxy_hardened_no_worst_hours | Side=BUY | score=100.0 | opposite_score=8.0 | session=NEW YORK | RR=2.00,False
proxy_hardened_no_worst_hours,100,72,171,2022-06-30 14:30:00,2022-12-22 13:00:00,100,41,59,41.0,1.3235178145611997,81.88225200936475,27.38422685842047,5,NEW YORK,15,SELL,V50 realtime loss proxy | variant=proxy_hardened_no_worst_hours | Side=BUY | score=100.0 | opposite_score=8.0 | session=NEW YORK | RR=2.00,False
proxy_hardened_no_worst_hours,100,73,172,2022-07-06 13:45:00,2022-12-23 14:45:00,100,40,60,40.0,1.2560866961113493,65.71791349561639,27.38422685842047,5,NEW YORK,15,SELL,V50 realtime loss proxy | variant=proxy_hardened_no_worst_hours | Side=BUY | score=100.0 | opposite_score=8.0 | session=NEW YORK | RR=2.00,False
proxy_hardened_no_worst_hours,100,74,173,2022-07-11 10:30:00,2022-12-27 13:00:00,100,39,61,39.0,1.2041194575288041,52.80311107979017,27.384226858420472,5,NEW YORK,15,SELL,V50 realtime loss proxy | variant=proxy_hardened_no_worst_hours | Side=BUY | score=100.0 | opposite_score=8.0 | session=NEW YORK | RR=2.00,False
proxy_hardened_no_worst_hours,100,75,174,2022-07-12 14:00:00,2022-12-27 14:30:00,100,40,60,40.0,1.2409709621890028,61.68984782160309,27.38422685842047,5,NEW YORK,15,SELL,V50 realtime loss proxy | variant=proxy_hardened_no_worst_hours | Side=BUY | score=100.0 | opposite_score=8.0 | session=NEW YORK | RR=2.00,False
proxy_hardened_no_worst_hours,100,76,175,2022-07-13 13:00:00,2022-12-28 18:15:00,100,39,61,39.0,1.1892178414755703,49.17362417745293,27.38422685842047,5,NEW YORK,15,SELL,V50 realtime loss proxy | variant=proxy_hardened_no_worst_hours | Side=BUY | score=100.0 | opposite_score=8.0 | session=NEW YORK | RR=2.00,False
proxy_hardened_no_worst_hours,100,77,176,2022-07-13 14:00:00,2022-12-29 13:15:00,100,40,60,40.0,1.2396273745673847,60.69089980196761,23.305258794165532,5,NEW YORK,15,SELL,V50 realtime loss proxy | variant=proxy_hardened_no_worst_hours | Side=BUY | score=100.0 | opposite_score=8.0 | session=NEW YORK | RR=2.00,False
proxy_hardened_no_worst_hours,100,78,177,2022-07-14 14:30:00,2022-12-30 13:30:00,100,40,60,40.0,1.2621818748993527,65.21673168707231,23.305258794165525,5,NEW YORK,15,SELL,V50 realtime loss proxy | variant=proxy_hardened_no_worst_hours | Side=BUY | score=100.0 | opposite_score=8.0 | session=NEW YORK | RR=2.00,False
proxy_hardened_no_worst_hours,100,79,178,2022-07-15 10:30:00,2022-12-30 18:00:00,100,40,60,40.0,1.276693401372931,68.04410302053068,23.305258794165525,5,NEW YORK,15,SELL,V50 realtime loss proxy | variant=proxy_hardened_no_worst_hours | Side=BUY | score=100.0 | opposite_score=8.0 | session=NEW YORK | RR=2.00,False
proxy_hardened_no_worst_hours,100,80,179,2022-07-20 10:45:00,2023-01-03 13:15:00,100,41,59,41.0,1.3280908168860475,79.6659031382708,23.305258794165525,5,NEW YORK,15,SELL,V50 realtime loss proxy | variant=proxy_hardened_no_worst_hours | Side=BUY | score=100.0 | opposite_score=8.0 | session=NEW YORK | RR=2.00,False
proxy_hardened_no_worst_hours,100,81,180,2022-07-20 15:15:00,2023-01-03 18:15:00,100,42,58,42.0,1.3892920921070113,93.33529342858927,23.305258794165525,5,NEW YORK,15,SELL,V50 realtime loss proxy | variant=proxy_hardened_no_worst_hours | Side=BUY | score=89.0 | opposite_score=8.0 | session=LONDON | RR=2.00,False
proxy_hardened_no_worst_hours,100,82,181,2022-07-22 13:30:00,2023-01-04 13:15:00,100,41,59,41.0,1.3365807355151673,82.12172468900236,23.305258794165525,5,NEW YORK,15,SELL,V50 realtime loss proxy | variant=proxy_hardened_no_worst_hours | Side=BUY | score=89.0 | opposite_score=8.0 | session=LONDON | RR=2.00,False
proxy_hardened_no_worst_hours,100,83,182,2022-07-25 10:15:00,2023-01-04 15:30:00,100,40,60,40.0,1.2704397429607648,67.57039031925342,23.305258794165525,5,NEW YORK,15,SELL,V50 realtime loss proxy | variant=proxy_hardened_no_worst_hours | Side=BUY | score=74.0 | opposite_score=4.0 | session=LONDON | RR=2.00,False
proxy_hardened_no_worst_hours,100,84,183,2022-07-27 18:30:00,2023-01-06 13:30:00,100,40,60,40.0,1.2648528307805733,66.46677489680225,23.305258794165525,5,NEW YORK,15,SELL,V50 realtime loss proxy | variant=proxy_hardened_no_worst_hours | Side=BUY | score=74.0 | opposite_score=4.0 | session=LONDON | RR=2.00,False
proxy_hardened_no_worst_hours,100,85,184,2022-07-28 13:00:00,2023-01-06 14:45:00,100,40,60,40.0,1.2712662667048351,68.07627403123345,23.305258794165532,5,NEW YORK,15,SELL,V50 realtime loss proxy | variant=proxy_hardened_no_worst_hours | Side=BUY | score=74.0 | opposite_score=4.0 | session=LONDON | RR=2.00,False
proxy_hardened_no_worst_hours,100,86,185,2022-07-28 18:15:00,2023-01-09 15:00:00,100,39,61,39.0,1.2117427421977045,53.97192923639821,23.305258794165532,5,NEW YORK,15,SELL,V50 realtime loss proxy | variant=proxy_hardened_no_worst_hours | Side=BUY | score=74.0 | opposite_score=4.0 | session=LONDON | RR=2.00,False
proxy_hardened_no_worst_hours,100,87,186,2022-07-29 18:45:00,2023-01-10 10:00:00,100,38,62,38.0,1.165451221209223,42.66414475255104,23.305258794165535,5,NEW YORK,15,SELL,V50 realtime loss proxy | variant=proxy_hardened_no_worst_hours | Side=BUY | score=74.0 | opposite_score=4.0 | session=LONDON | RR=2.00,False
proxy_hardened_no_worst_hours,100,88,187,2022-08-01 13:00:00,2023-01-10 14:30:00,100,38,62,38.0,1.1642471004980803,42.397447876573125,23.305258794165535,5,NEW YORK,15,SELL,V50 realtime loss proxy | variant=proxy_hardened_no_worst_hours | Side=BUY | score=74.0 | opposite_score=4.0 | session=LONDON | RR=2.00,False
proxy_hardened_no_worst_hours,100,89,188,2022-08-04 13:45:00,2023-01-11 10:30:00,100,38,62,38.0,1.1699670962035953,43.65946154358201,23.305258794165532,5,NEW YORK,15,SELL,V50 realtime loss proxy | variant=proxy_hardened_no_worst_hours | Side=BUY | score=74.0 | opposite_score=4.0 | session=LONDON | RR=2.00,False
proxy_hardened_no_worst_hours,100,90,189,2022-08-08 18:00:00,2023-01-12 10:15:00,100,38,62,38.0,1.1524388815827407,39.15698765740015,23.305258794165535,5,NEW YORK,15,SELL,V50 realtime loss proxy | variant=proxy_hardened_no_worst_hours | Side=BUY | score=74.0 | opposite_score=4.0 | session=LONDON | RR=2.00,False
proxy_hardened_no_worst_hours,100,91,190,2022-08-09 10:45:00,2023-01-13 14:00:00,100,39,61,39.0,1.197965089582681,50.283215561703884,23.305258794165532,5,NEW YORK,15,SELL,V50 realtime loss proxy | variant=proxy_hardened_no_worst_hours | Side=BUY | score=74.0 | opposite_score=4.0 | session=LONDON | RR=2.00,False
proxy_hardened_no_worst_hours,100,92,191,2022-08-09 14:30:00,2023-01-17 14:30:00,100,38,62,38.0,1.1527960681309966,39.45171071510302,23.30525879416554,5,NEW YORK,15,SELL,V50 realtime loss proxy | variant=proxy_hardened_no_worst_hours | Side=BUY | score=74.0 | opposite_score=4.0 | session=LONDON | RR=2.00,False
proxy_hardened_no_worst_hours,100,93,192,2022-08-10 13:00:00,2023-01-18 15:15:00,100,38,62,38.0,1.1480220608888398,38.37800194384638,23.305258794165535,5,NEW YORK,15,SELL,V50 realtime loss proxy | variant=proxy_hardened_no_worst_hours | Side=BUY | score=74.0 | opposite_score=4.0 | session=LONDON | RR=2.00,False
proxy_hardened_no_worst_hours,100,94,193,2022-08-11 13:30:00,2023-01-19 14:00:00,100,39,61,39.0,1.205530767753867,52.157691646370964,23.305258794165535,5,NEW YORK,15,SELL,V50 realtime loss proxy | variant=proxy_hardened_no_worst_hours | Side=BUY | score=74.0 | opposite_score=4.0 | session=LONDON | RR=2.00,False
proxy_hardened_no_worst_hours,100,95,194,2022-08-12 14:15:00,2023-01-23 19:45:00,100,40,60,40.0,1.255438122527484,63.8107120569846,23.305258794165532,5,NEW YORK,15,SELL,V50 realtime loss proxy | variant=proxy_hardened_no_worst_hours | Side=BUY | score=74.0 | opposite_score=4.0 | session=LONDON | RR=2.00,False
proxy_hardened_no_worst_hours,100,96,195,2022-08-15 13:30:00,2023-01-24 10:15:00,100,39,61,39.0,1.2063476870968153,52.171007679452956,23.305258794165535,5,NEW YORK,15,SELL,V50 realtime loss proxy | variant=proxy_hardened_no_worst_hours | Side=BUY | score=74.0 | opposite_score=4.0 | session=LONDON | RR=2.00,False
proxy_hardened_no_worst_hours,100,97,196,2022-08-16 13:00:00,2023-02-01 14:30:00,100,39,61,39.0,1.2152966568844001,54.03275337536027,23.305258794165535,5,NEW YORK,15,SELL,V50 realtime loss proxy | variant=proxy_hardened_no_worst_hours | Side=BUY | score=74.0 | opposite_score=4.0 | session=LONDON | RR=2.00,False
proxy_hardened_no_worst_hours,100,98,197,2022-08-17 13:00:00,2023-02-01 19:30:00,100,40,60,40.0,1.2844147989422177,70.27578277756018,23.305258794165532,5,NEW YORK,15,SELL,V50 realtime loss proxy | variant=proxy_hardened_no_worst_hours | Side=BUY | score=74.0 | opposite_score=4.0 | session=LONDON | RR=2.00,False
proxy_hardened_no_worst_hours,100,99,198,2022-08-19 15:30:00,2023-02-02 10:15:00,100,39,61,39.0,1.2360940844636605,59.165354762016506,23.305258794165532,5,NEW YORK,15,SELL,V50 realtime loss proxy | variant=proxy_hardened_no_worst_hours | Side=BUY | score=74.0 | opposite_score=4.0 | session=LONDON | RR=2.00,False
proxy_hardened_no_worst_hours,100,100,199,2022-08-22 13:45:00,2023-02-03 13:15:00,100,39,61,39.0,1.2338891325265848,58.612792151705236,23.30525879416554,5,NEW YORK,15,SELL,V50 realtime loss proxy | variant=proxy_hardened_no_worst_hours | Side=BUY | score=74.0 | opposite_score=4.0 | session=LONDON | RR=2.00,False
proxy_hardened_no_worst_hours,100,101,200,2022-08-23 10:00:00,2023-02-06 10:00:00,100,40,60,40.0,1.2886139832527073,71.08012424645587,23.305258794165535,5,NEW YORK,15,SELL,V50 realtime loss proxy | variant=proxy_hardened_no_worst_hours | Side=BUY | score=74.0 | opposite_score=4.0 | session=LONDON | RR=2.00,False
proxy_hardened_no_worst_hours,100,102,201,2022-08-23 18:00:00,2023-02-07 13:00:00,100,40,60,40.0,1.284671884459357,70.32439523587847,23.305258794165532,5,NEW YORK,15,SELL,V50 realtime loss proxy | variant=proxy_hardened_no_worst_hours | Side=BUY | score=74.0 | opposite_score=4.0 | session=LONDON | RR=2.00,False
proxy_hardened_no_worst_hours,100,103,202,2022-08-24 13:00:00,2023-02-14 14:45:00,100,40,60,40.0,1.2603825563249587,65.56365431494125,23.305258794165535,5,NEW YORK,15,SELL,V50 realtime loss proxy | variant=proxy_hardened_no_worst_hours | Side=BUY | score=74.0 | opposite_score=4.0 | session=LONDON | RR=2.00,False
proxy_hardened_no_worst_hours,100,104,203,2022-08-24 22:00:00,2023-02-14 15:45:00,100,41,59,41.0,1.349774264862525,86.83951015879373,23.305258794165532,5,NEW YORK,15,SELL,V50 realtime loss proxy | variant=proxy_hardened_no_worst_hours | Side=BUY | score=74.0 | opposite_score=4.0 | session=LONDON | RR=2.00,False
proxy_hardened_no_worst_hours,100,105,204,2022-08-26 14:15:00,2023-02-15 14:45:00,100,40,60,40.0,1.3054052996154668,77.30598446312072,23.305258794165535,5,NEW YORK,15,SELL,V50 realtime loss proxy | variant=proxy_hardened_no_worst_hours | Side=BUY | score=74.0 | opposite_score=4.0 | session=LONDON | RR=2.00,False
proxy_hardened_no_worst_hours,100,106,205,2022-08-30 13:45:00,2023-02-16 15:00:00,100,39,61,39.0,1.2347257650861998,60.630134675779146,23.30525879416554,5,NEW YORK,15,SELL,V50 realtime loss proxy | variant=proxy_hardened_no_worst_hours | Side=BUY | score=74.0 | opposite_score=4.0 | session=LONDON | RR=2.00,False
proxy_hardened_no_worst_hours,100,107,206,2022-09-01 13:45:00,2023-02-17 14:30:00,100,38,62,38.0,1.1891859007829835,49.62546766903235,23.30525879416554,5,LONDON,15,SELL,V50 realtime loss proxy | variant=proxy_hardened_no_worst_hours | Side=BUY | score=74.0 | opposite_score=4.0 | session=LONDON | RR=2.00,False
proxy_hardened_no_worst_hours,100,108,207,2022-09-01 15:00:00,2023-02-20 14:45:00,100,37,63,37.0,1.1422357289257798,37.66938687205925,23.30525879416554,5,LONDON,15,SELL,V50 realtime loss proxy | variant=proxy_hardened_no_worst_hours | Side=BUY | score=74.0 | opposite_score=4.0 | session=LONDON | RR=2.00,False
proxy_hardened_no_worst_hours,100,109,208,2022-09-06 13:45:00,2023-02-21 10:00:00,100,37,63,37.0,1.1541889520510058,40.41214785074203,23.30525879416554,5,LONDON,15,SELL,V50 realtime loss proxy | variant=proxy_hardened_no_worst_hours | Side=BUY | score=74.0 | opposite_score=4.0 | session=LONDON | RR=2.00,False
proxy_hardened_no_worst_hours,100,110,209,2022-09-12 14:30:00,2023-02-23 10:45:00,100,37,63,37.0,1.1453767799559902,38.102521921952075,23.305258794165542,5,LONDON,15,SELL,V50 realtime loss proxy | variant=proxy_hardened_no_worst_hours | Side=BUY | score=74.0 | opposite_score=4.0 | session=LONDON | RR=2.00,False
proxy_hardened_no_worst_hours,100,111,210,2022-09-13 10:15:00,2023-02-23 15:00:00,100,38,62,38.0,1.20591619515863,53.029723944774794,23.30525879416554,5,NEW YORK,15,SELL,V50 realtime loss proxy | variant=proxy_hardened_no_worst_hours | Side=BUY | score=74.0 | opposite_score=4.0 | session=LONDON | RR=2.00,False
proxy_hardened_no_worst_hours,100,112,211,2022-09-14 14:15:00,2023-02-27 10:00:00,100,37,63,37.0,1.1736568907162737,45.18791087200317,23.30525879416554,5,LONDON,15,SELL,V50 realtime loss proxy | variant=proxy_hardened_no_worst_hours | Side=SELL | score=96.0 | opposite_score=4.0 | session=LONDON | RR=2.00,False
proxy_hardened_no_worst_hours,100,113,212,2022-09-15 10:30:00,2023-02-27 19:30:00,100,37,63,37.0,1.176715003148817,45.86416884787016,22.59032765448976,5,NEW YORK,15,SELL,V50 realtime loss proxy | variant=proxy_hardened_no_worst_hours | Side=SELL | score=96.0 | opposite_score=4.0 | session=LONDON | RR=2.00,False
proxy_hardened_no_worst_hours,100,114,213,2022-09-15 13:00:00,2023-02-28 10:00:00,100,37,63,37.0,1.1754711155128825,45.58952536745804,22.59032765448976,5,NEW YORK,15,SELL,V50 realtime loss proxy | variant=proxy_hardened_no_worst_hours | Side=BUY | score=74.0 | opposite_score=4.0 | session=LONDON | RR=2.00,False
proxy_hardened_no_worst_hours,100,115,214,2022-09-16 13:15:00,2023-02-28 21:00:00,100,37,63,37.0,1.180613825656658,46.72125742023584,22.590327654489755,5,NEW YORK,15,SELL,V50 realtime loss proxy | variant=proxy_hardened_no_worst_hours | Side=BUY | score=74.0 | opposite_score=4.0 | session=LONDON | RR=2.00,False
proxy_hardened_no_worst_hours,100,116,215,2022-09-19 10:15:00,2023-03-01 10:15:00,100,38,62,38.0,1.2242199528779052,57.0306302362449,22.590327654489755,5,NEW YORK,15,SELL,V50 realtime loss proxy | variant=proxy_hardened_no_worst_hours | Side=BUY | score=74.0 | opposite_score=4.0 | session=LONDON | RR=2.00,False
proxy_hardened_no_worst_hours,100,117,216,2022-09-20 10:15:00,2023-03-01 13:15:00,100,39,61,39.0,1.2698535424992785,67.71640516417918,22.590327654489755,5,NEW YORK,15,SELL,V50 realtime loss proxy | variant=proxy_hardened_no_worst_hours | Side=BUY | score=74.0 | opposite_score=4.0 | session=LONDON | RR=2.00,False
proxy_hardened_no_worst_hours,100,118,217,2022-09-20 13:45:00,2023-03-02 15:00:00,100,38,62,38.0,1.2265032141476175,57.756585948737246,22.590327654489755,5,NEW YORK,15,SELL,V50 realtime loss proxy | variant=proxy_hardened_no_worst_hours | Side=BUY | score=74.0 | opposite_score=4.0 | session=LONDON | RR=2.00,False
proxy_hardened_no_worst_hours,100,119,218,2022-09-22 14:00:00,2023-03-02 19:00:00,100,39,61,39.0,1.272203410632345,68.35477660850259,22.590327654489755,5,NEW YORK,15,SELL,V50 realtime loss proxy | variant=proxy_hardened_no_worst_hours | Side=BUY | score=74.0 | opposite_score=4.0 | session=LONDON | RR=2.00,False
proxy_hardened_no_worst_hours,100,120,219,2022-09-23 13:15:00,2023-03-03 13:00:00,100,39,61,39.0,1.293323572967582,72.4555461622263,22.590327654489755,5,NEW YORK,15,SELL,V50 realtime loss proxy | variant=proxy_hardened_no_worst_hours | Side=BUY | score=74.0 | opposite_score=4.0 | session=LONDON | RR=2.00,False
proxy_hardened_no_worst_hours,100,121,220,2022-09-26 10:00:00,2023-03-10 10:00:00,100,39,61,39.0,1.2678960888627404,66.17455677665365,22.590327654489755,5,NEW YORK,15,SELL,V50 realtime loss proxy | variant=proxy_hardened_no_worst_hours | Side=BUY | score=74.0 | opposite_score=4.0 | session=LONDON | RR=2.00,False
proxy_hardened_no_worst_hours,100,122,221,2022-09-29 14:00:00,2023-03-13 10:15:00,100,40,60,40.0,1.343500621236193,83.04597557320292,22.590327654489755,5,NEW YORK,15,SELL,V50 realtime loss proxy | variant=proxy_hardened_no_worst_hours | Side=BUY | score=74.0 | opposite_score=4.0 | session=LONDON | RR=2.00,False
proxy_hardened_no_worst_hours,100,123,222,2022-09-29 14:45:00,2023-03-15 10:00:00,100,41,59,41.0,1.4215335433101792,99.51878672112187,22.590327654489755,5,NEW YORK,15,SELL,V50 realtime loss proxy | variant=proxy_hardened_no_worst_hours | Side=BUY | score=74.0 | opposite_score=4.0 | session=LONDON | RR=2.00,False
proxy_hardened_no_worst_hours,100,124,223,2022-09-30 13:30:00,2023-03-15 14:15:00,100,40,60,40.0,1.318578995837035,78.09535379020056,22.590327654489755,5,NEW YORK,15,SELL,V50 realtime loss proxy | variant=proxy_hardened_no_worst_hours | Side=BUY | score=74.0 | opposite_score=4.0 | session=LONDON | RR=2.00,False
proxy_hardened_no_worst_hours,100,125,224,2022-10-04 13:15:00,2023-03-16 14:00:00,100,40,60,40.0,1.3135405336353316,77.15506213130382,22.590327654489755,5,NEW YORK,15,SELL,V50 realtime loss proxy | variant=proxy_hardened_no_worst_hours | Side=BUY | score=74.0 | opposite_score=4.0 | session=LONDON | RR=2.00,False
proxy_hardened_no_worst_hours,100,126,225,2022-10-05 22:00:00,2023-03-17 10:15:00,100,40,60,40.0,1.3024868531122515,74.43500741413689,22.59032765448976,5,NEW YORK,15,SELL,V50 realtime loss proxy | variant=proxy_hardened_no_worst_hours | Side=BUY | score=74.0 | opposite_score=4.0 | session=LONDON | RR=2.00,False
proxy_hardened_no_worst_hours,100,127,226,2022-10-11 10:15:00,2023-03-20 18:15:00,100,39,61,39.0,1.2426613174563679,61.3117876623792,22.590327654489762,5,NEW YORK,15,SELL,V50 realtime loss proxy | variant=proxy_hardened_no_worst_hours | Side=BUY | score=74.0 | opposite_score=4.0 | session=LONDON | RR=2.00,False
proxy_hardened_no_worst_hours,100,128,227,2022-10-12 22:15:00,2023-03-22 18:00:00,100,40,60,40.0,1.3137629192884615,78.02008867993848,22.590327654489762,5,NEW YORK,15,SELL,V50 realtime loss proxy | variant=proxy_hardened_no_worst_hours | Side=BUY | score=74.0 | opposite_score=4.0 | session=LONDON | RR=2.00,False
proxy_hardened_no_worst_hours,100,129,228,2022-10-18 10:00:00,2023-03-23 10:15:00,100,40,60,40.0,1.3046439854911291,76.28206027937179,22.59032765448976,5,NEW YORK,15,SELL,V50 realtime loss proxy | variant=proxy_hardened_no_worst_hours | Side=BUY | score=74.0 | opposite_score=4.0 | session=LONDON | RR=2.00,False
proxy_hardened_no_worst_hours,100,130,229,2022-10-18 14:30:00,2023-03-23 13:15:00,100,41,59,41.0,1.3700272236434117,91.25400526332285,22.590327654489755,5,NEW YORK,15,SELL,V50 realtime loss proxy | variant=proxy_hardened_no_worst_hours | Side=SELL | score=80.0 | opposite_score=8.0 | session=LONDON | RR=2.00,False
proxy_hardened_no_worst_hours,100,131,230,2022-10-19 14:00:00,2023-03-24 14:30:00,100,40,60,40.0,1.3010480087913807,76.44131932532221,22.590327654489762,5,NEW YORK,15,SELL,V50 realtime loss proxy | variant=proxy_hardened_no_worst_hours | Side=SELL | score=80.0 | opposite_score=8.0 | session=LONDON | RR=2.00,False
proxy_hardened_no_worst_hours,100,132,231,2022-10-25 18:30:00,2023-03-27 14:45:00,100,39,61,39.0,1.2336479037609538,60.81306763838599,22.590327654489766,5,NEW YORK,15,SELL,V50 realtime loss proxy | variant=proxy_hardened_no_worst_hours | Side=SELL | score=80.0 | opposite_score=8.0 | session=LONDON | RR=2.00,False
proxy_hardened_no_worst_hours,100,133,232,2022-10-26 14:15:00,2023-03-30 13:00:00,100,39,61,39.0,1.2320432375404513,60.47407225516443,22.590327654489766,5,LONDON,15,SELL,V50 realtime loss proxy | variant=proxy_hardened_no_worst_hours | Side=SELL | score=80.0 | opposite_score=8.0 | session=LONDON | RR=2.00,False
proxy_hardened_no_worst_hours,100,134,233,2022-10-28 13:30:00,2023-03-30 14:15:00,100,40,60,40.0,1.2907234000709178,74.38455005642462,22.590327654489762,5,NEW YORK,15,SELL,V50 realtime loss proxy | variant=proxy_hardened_no_worst_hours | Side=SELL | score=80.0 | opposite_score=8.0 | session=LONDON | RR=2.00,False
proxy_hardened_no_worst_hours,100,135,234,2022-10-31 13:45:00,2023-04-03 13:30:00,100,40,60,40.0,1.2814315752149128,72.00714180188288,22.590327654489766,5,NEW YORK,15,SELL,V50 realtime loss proxy | variant=proxy_hardened_no_worst_hours | Side=SELL | score=96.0 | opposite_score=4.0 | session=LONDON | RR=2.00,False
proxy_hardened_no_worst_hours,100,136,235,2022-10-31 15:30:00,2023-04-03 19:00:00,100,40,60,40.0,1.2784771111877116,71.4158681854658,22.590327654489766,5,NEW YORK,15,SELL,V50 realtime loss proxy | variant=proxy_hardened_no_worst_hours | Side=SELL | score=96.0 | opposite_score=4.0 | session=LONDON | RR=2.00,False
proxy_hardened_no_worst_hours,100,137,236,2022-11-01 18:15:00,2023-04-04 10:00:00,100,40,60,40.0,1.2812726981850613,71.97541529260481,22.590327654489762,5,NEW YORK,15,SELL,V50 realtime loss proxy | variant=proxy_hardened_no_worst_hours | Side=SELL | score=80.0 | opposite_score=8.0 | session=LONDON | RR=2.00,False
proxy_hardened_no_worst_hours,100,138,237,2022-11-02 13:15:00,2023-04-05 10:00:00,100,40,60,40.0,1.274912860145372,70.3479840237542,22.590327654489766,5,NEW YORK,15,SELL,V50 realtime loss proxy | variant=proxy_hardened_no_worst_hours | Side=SELL | score=80.0 | opposite_score=8.0 | session=LONDON | RR=2.00,False
proxy_hardened_no_worst_hours,100,139,238,2022-11-03 13:45:00,2023-04-05 14:00:00,100,40,60,40.0,1.2617997332667987,67.68865280345474,22.590327654489766,5,NEW YORK,15,SELL,V50 realtime loss proxy | variant=proxy_hardened_no_worst_hours | Side=SELL | score=80.0 | opposite_score=8.0 | session=LONDON | RR=2.00,False
proxy_hardened_no_worst_hours,100,140,239,2022-11-04 10:00:00,2023-04-06 10:00:00,100,40,60,40.0,1.272191063324791,69.80051448243036,22.590327654489762,5,NEW YORK,15,SELL,V50 realtime loss proxy | variant=proxy_hardened_no_worst_hours | Side=SELL | score=80.0 | opposite_score=8.0 | session=LONDON | RR=2.00,False
proxy_hardened_no_worst_hours,100,141,240,2022-11-07 13:00:00,2023-04-11 10:00:00,100,39,61,39.0,1.2286652140928929,59.36598007624414,22.590327654489766,5,NEW YORK,15,SELL,V50 realtime loss proxy | variant=proxy_hardened_no_worst_hours | Side=SELL | score=80.0 | opposite_score=8.0 | session=LONDON | RR=2.00,False
proxy_hardened_no_worst_hours,100,142,241,2022-11-09 15:15:00,2023-04-11 14:15:00,100,40,60,40.0,1.2745281822816854,70.35514458309628,22.590327654489766,5,NEW YORK,15,SELL,V50 realtime loss proxy | variant=proxy_hardened_no_worst_hours | Side=SELL | score=80.0 | opposite_score=8.0 | session=LONDON | RR=2.00,False
proxy_hardened_no_worst_hours,100,143,242,2022-11-11 13:00:00,2023-04-12 19:30:00,100,41,59,41.0,1.3381962390327886,84.84575606170849,22.590327654489762,5,NEW YORK,15,SELL,V50 realtime loss proxy | variant=proxy_hardened_no_worst_hours | Side=SELL | score=80.0 | opposite_score=8.0 | session=LONDON | RR=2.00,False
proxy_hardened_no_worst_hours,100,144,243,2022-11-11 14:45:00,2023-04-13 15:00:00,100,41,59,41.0,1.3305804165776502,83.40981361307787,22.59032765448976,5,NEW YORK,15,SELL,V50 realtime loss proxy | variant=proxy_hardened_no_worst_hours | Side=SELL | score=80.0 | opposite_score=8.0 | session=LONDON | RR=2.00,False
proxy_hardened_no_worst_hours,100,145,244,2022-11-14 14:00:00,2023-04-20 14:15:00,100,40,60,40.0,1.2617710072504424,67.57286408389724,22.590327654489766,5,NEW YORK,14,SELL,V50 realtime loss proxy | variant=proxy_hardened_no_worst_hours | Side=SELL | score=80.0 | opposite_score=8.0 | session=LONDON | RR=2.00,False
proxy_hardened_no_worst_hours,100,146,245,2022-11-14 21:00:00,2023-04-20 18:30:00,100,39,61,39.0,1.2114052716985177,55.45950800108609,22.590327654489766,5,NEW YORK,14,SELL,V50 realtime loss proxy | variant=proxy_hardened_no_worst_hours | Side=SELL | score=80.0 | opposite_score=8.0 | session=LONDON | RR=2.00,False
proxy_hardened_no_worst_hours,100,147,246,2022-11-15 10:00:00,2023-04-21 10:45:00,100,39,61,39.0,1.2057934113313775,54.238568486128784,22.590327654489766,5,LONDON,14,SELL,V50 realtime loss proxy | variant=proxy_hardened_no_worst_hours | Side=SELL | score=80.0 | opposite_score=8.0 | session=LONDON | RR=2.00,False
proxy_hardened_no_worst_hours,100,148,247,2022-11-15 19:30:00,2023-04-21 14:15:00,100,38,62,38.0,1.1407602826691612,38.27286741358809,28.84898541840029,5,LONDON,14,SELL,V50 realtime loss proxy | variant=proxy_hardened_no_worst_hours | Side=SELL | score=89.0 | opposite_score=8.0 | session=LONDON | RR=2.00,False
proxy_hardened_no_worst_hours,100,149,248,2022-11-21 10:45:00,2023-04-25 18:45:00,100,39,61,39.0,1.2063341450893932,54.74977413580724,28.84898541840029,5,LONDON,14,SELL,V50 realtime loss proxy | variant=proxy_hardened_no_worst_hours | Side=SELL | score=89.0 | opposite_score=8.0 | session=LONDON | RR=2.00,False
proxy_hardened_no_worst_hours,100,150,249,2022-11-24 10:15:00,2023-04-26 13:45:00,100,39,61,39.0,1.1955235208812716,52.350367392669355,28.84898541840029,5,LONDON,14,SELL,V50 realtime loss proxy | variant=proxy_hardened_no_worst_hours | Side=SELL | score=89.0 | opposite_score=8.0 | session=LONDON | RR=2.00,False
proxy_hardened_no_worst_hours,100,151,250,2022-11-29 15:30:00,2023-04-27 10:00:00,100,39,61,39.0,1.1923325279080497,51.63381297060893,28.84898541840029,5,LONDON,14,SELL,V50 realtime loss proxy | variant=proxy_hardened_no_worst_hours | Side=SELL | score=89.0 | opposite_score=8.0 | session=LONDON | RR=2.00,False
proxy_hardened_no_worst_hours,100,152,251,2022-11-30 10:45:00,2023-04-28 10:15:00,100,39,61,39.0,1.1974357404968299,52.777936458541504,30.95876601843993,5,LONDON,14,SELL,V50 realtime loss proxy | variant=proxy_hardened_no_worst_hours | Side=SELL | score=89.0 | opposite_score=8.0 | session=LONDON | RR=2.00,False
proxy_hardened_no_worst_hours,100,153,252,2022-11-30 14:30:00,2023-04-28 14:00:00,100,38,62,38.0,1.1553889700878868,42.343523183070374,36.1419180689675,5,LONDON,14,SELL,V50 realtime loss proxy | variant=proxy_hardened_no_worst_hours | Side=SELL | score=89.0 | opposite_score=8.0 | session=LONDON | RR=2.00,False
proxy_hardened_no_worst_hours,100,154,253,2022-12-01 10:00:00,2023-05-02 14:00:00,100,39,61,39.0,1.207789220018312,55.703901789497195,36.1419180689675,5,LONDON,14,SELL,V50 realtime loss proxy | variant=proxy_hardened_no_worst_hours | Side=SELL | score=89.0 | opposite_score=8.0 | session=LONDON | RR=2.00,False
proxy_hardened_no_worst_hours,100,155,254,2022-12-02 13:00:00,2023-05-03 14:30:00,100,39,61,39.0,1.21751968072543,58.312432816987894,36.1419180689675,5,LONDON,14,SELL,V50 realtime loss proxy | variant=proxy_hardened_no_worst_hours | Side=SELL | score=89.0 | opposite_score=8.0 | session=LONDON | RR=2.00,False
proxy_hardened_no_worst_hours,100,156,255,2022-12-02 21:00:00,2023-05-03 18:00:00,100,39,61,39.0,1.2016079364435974,54.762520663435225,36.1419180689675,5,LONDON,14,SELL,V50 realtime loss proxy | variant=proxy_hardened_no_worst_hours | Side=SELL | score=89.0 | opposite_score=8.0 | session=LONDON | RR=2.00,False
proxy_hardened_no_worst_hours,100,157,256,2022-12-07 21:30:00,2023-05-04 15:00:00,100,38,62,38.0,1.1451927720443038,40.57186314406317,36.1419180689675,5,LONDON,15,SELL,V50 realtime loss proxy | variant=proxy_hardened_no_worst_hours | Side=BUY | score=96.0 | opposite_score=4.0 | session=LONDON | RR=2.00,False
proxy_hardened_no_worst_hours,100,158,257,2022-12-08 13:00:00,2023-05-08 15:15:00,100,38,62,38.0,1.142041126774605,39.80071904247734,36.1419180689675,5,LONDON,15,SELL,V50 realtime loss proxy | variant=proxy_hardened_no_worst_hours | Side=BUY | score=96.0 | opposite_score=4.0 | session=LONDON | RR=2.00,False
proxy_hardened_no_worst_hours,100,159,258,2022-12-08 15:45:00,2023-05-09 13:45:00,100,37,63,37.0,1.109267274241836,30.99573180100152,39.095839491682,5,LONDON,15,SELL,V50 realtime loss proxy | variant=proxy_hardened_no_worst_hours | Side=BUY | score=96.0 | opposite_score=4.0 | session=LONDON | RR=2.00,False
proxy_hardened_no_worst_hours,100,160,259,2022-12-09 13:45:00,2023-05-10 13:45:00,100,36,64,36.0,1.0555755488196754,16.108718823436234,45.27952705914943,5,LONDON,15,SELL,V50 realtime loss proxy | variant=proxy_hardened_no_worst_hours | Side=BUY | score=96.0 | opposite_score=4.0 | session=LONDON | RR=2.00,True
proxy_hardened_no_worst_hours,100,161,260,2022-12-09 15:45:00,2023-05-11 13:00:00,100,36,64,36.0,1.0535316455069639,15.546390442423698,50.66354794616123,6,LONDON,15,SELL,V50 realtime loss proxy | variant=proxy_hardened_no_worst_hours | Side=BUY | score=96.0 | opposite_score=4.0 | session=LONDON | RR=2.00,True
proxy_hardened_no_worst_hours,100,162,261,2022-12-13 10:45:00,2023-05-12 10:30:00,100,36,64,36.0,1.059974182671632,17.311536399684464,54.282795973742836,7,LONDON,15,SELL,V50 realtime loss proxy | variant=proxy_hardened_no_worst_hours | Side=BUY | score=96.0 | opposite_score=4.0 | session=LONDON | RR=2.00,True
proxy_hardened_no_worst_hours,100,163,262,2022-12-13 18:00:00,2023-05-16 10:00:00,100,36,64,36.0,1.0574998317372921,16.59731547399135,54.282795973742836,7,LONDON,15,SELL,V50 realtime loss proxy | variant=proxy_hardened_no_worst_hours | Side=BUY | score=96.0 | opposite_score=4.0 | session=LONDON | RR=2.00,True
proxy_hardened_no_worst_hours,100,164,263,2022-12-15 13:45:00,2023-05-16 14:00:00,100,37,63,37.0,1.1137255587392372,32.10564446697689,54.282795973742836,7,LONDON,15,SELL,V50 realtime loss proxy | variant=proxy_hardened_no_worst_hours | Side=BUY | score=96.0 | opposite_score=4.0 | session=LONDON | RR=2.00,False
proxy_hardened_no_worst_hours,100,165,264,2022-12-15 15:15:00,2023-05-17 13:00:00,100,38,62,38.0,1.1569529836088408,43.518513816976366,54.282795973742836,7,LONDON,15,SELL,V50 realtime loss proxy | variant=proxy_hardened_no_worst_hours | Side=BUY | score=96.0 | opposite_score=4.0 | session=LONDON | RR=2.00,False
proxy_hardened_no_worst_hours,100,166,265,2022-12-16 18:00:00,2023-05-17 14:45:00,100,39,61,39.0,1.2165735568375877,58.683602830692315,54.282795973742836,7,LONDON,15,SELL,V50 realtime loss proxy | variant=proxy_hardened_no_worst_hours | Side=BUY | score=96.0 | opposite_score=4.0 | session=LONDON | RR=2.00,False
proxy_hardened_no_worst_hours,100,167,266,2022-12-19 10:00:00,2023-05-18 10:30:00,100,39,61,39.0,1.2077449162395535,56.29136046299416,54.282795973742836,7,LONDON,15,SELL,V50 realtime loss proxy | variant=proxy_hardened_no_worst_hours | Side=BUY | score=96.0 | opposite_score=4.0 | session=LONDON | RR=2.00,False
proxy_hardened_no_worst_hours,100,168,267,2022-12-20 13:30:00,2023-05-19 13:45:00,100,39,61,39.0,1.2040514275172003,55.46016516002491,54.282795973742836,7,LONDON,15,SELL,V50 realtime loss proxy | variant=proxy_hardened_no_worst_hours | Side=BUY | score=96.0 | opposite_score=4.0 | session=LONDON | RR=2.00,False
proxy_hardened_no_worst_hours,100,169,268,2022-12-21 14:15:00,2023-05-22 13:00:00,100,38,62,38.0,1.15752621395002,43.43086972806238,54.282795973742836,7,LONDON,15,SELL,V50 realtime loss proxy | variant=proxy_hardened_no_worst_hours | Side=BUY | score=96.0 | opposite_score=4.0 | session=LONDON | RR=2.00,False
proxy_hardened_no_worst_hours,100,170,269,2022-12-21 15:45:00,2023-05-26 13:00:00,100,38,62,38.0,1.1652102238658828,45.54939479939346,54.282795973742836,7,LONDON,15,SELL,V50 realtime loss proxy | variant=proxy_hardened_no_worst_hours | Side=BUY | score=96.0 | opposite_score=4.0 | session=LONDON | RR=2.00,False
proxy_hardened_no_worst_hours,100,171,270,2022-12-22 13:00:00,2023-05-26 15:45:00,100,38,62,38.0,1.160432652386317,44.414297881978676,54.282795973742836,7,LONDON,15,SELL,V50 realtime loss proxy | variant=proxy_hardened_no_worst_hours | Side=BUY | score=96.0 | opposite_score=4.0 | session=LONDON | RR=2.00,False
proxy_hardened_no_worst_hours,100,172,271,2022-12-23 14:45:00,2023-05-30 14:00:00,100,39,61,39.0,1.2057218528005387,56.4354598885939,54.282795973742836,7,LONDON,15,SELL,V50 realtime loss proxy | variant=proxy_hardened_no_worst_hours | Side=BUY | score=96.0 | opposite_score=4.0 | session=LONDON | RR=2.00,False
proxy_hardened_no_worst_hours,100,173,272,2022-12-27 13:00:00,2023-05-31 15:45:00,100,39,61,39.0,1.1969923347537696,54.43481255694431,54.282795973742836,7,LONDON,15,SELL,V50 realtime loss proxy | variant=proxy_hardened_no_worst_hours | Side=BUY | score=96.0 | opposite_score=4.0 | session=LONDON | RR=2.00,False
proxy_hardened_no_worst_hours,100,174,273,2022-12-27 14:30:00,2023-05-31 18:00:00,100,39,61,39.0,1.1861129888012258,51.900243493438694,54.282795973742836,7,LONDON,15,SELL,V50 realtime loss proxy | variant=proxy_hardened_no_worst_hours | Side=BUY | score=96.0 | opposite_score=4.0 | session=LONDON | RR=2.00,False
proxy_hardened_no_worst_hours,100,175,274,2022-12-28 18:15:00,2023-06-01 19:00:00,100,39,61,39.0,1.186435582761416,51.990203389259044,54.282795973742836,7,LONDON,15,SELL,V50 realtime loss proxy | variant=proxy_hardened_no_worst_hours | Side=BUY | score=96.0 | opposite_score=4.0 | session=LONDON | RR=2.00,False
proxy_hardened_no_worst_hours,100,176,275,2022-12-29 13:15:00,2023-06-02 10:15:00,100,39,61,39.0,1.1925673444413831,53.424024814872865,54.282795973742836,7,LONDON,15,SELL,V50 realtime loss proxy | variant=proxy_hardened_no_worst_hours | Side=BUY | score=96.0 | opposite_score=4.0 | session=LONDON | RR=2.00,False
proxy_hardened_no_worst_hours,100,177,276,2022-12-30 13:30:00,2023-06-05 10:00:00,100,38,62,38.0,1.1609384932279652,45.184868432702864,54.282795973742836,7,LONDON,15,SELL,V50 realtime loss proxy | variant=proxy_hardened_no_worst_hours | Side=BUY | score=96.0 | opposite_score=4.0 | session=LONDON | RR=2.00,False
proxy_hardened_no_worst_hours,100,178,277,2022-12-30 18:00:00,2023-06-06 13:00:00,100,38,62,38.0,1.159887025907029,44.930353551529855,54.282795973742836,7,LONDON,15,SELL,V50 realtime loss proxy | variant=proxy_hardened_no_worst_hours | Side=BUY | score=96.0 | opposite_score=4.0 | session=LONDON | RR=2.00,False
proxy_hardened_no_worst_hours,100,179,278,2023-01-03 13:15:00,2023-06-06 18:15:00,100,38,62,38.0,1.163745148438307,45.86198629672938,54.282795973742836,7,LONDON,15,SELL,V50 realtime loss proxy | variant=proxy_hardened_no_worst_hours | Side=BUY | score=96.0 | opposite_score=4.0 | session=LONDON | RR=2.00,False
proxy_hardened_no_worst_hours,100,180,279,2023-01-03 18:15:00,2023-06-07 13:00:00,100,37,63,37.0,1.1217933455810256,34.46277489916454,54.282795973742836,7,LONDON,15,SELL,V50 realtime loss proxy | variant=proxy_hardened_no_worst_hours | Side=BUY | score=96.0 | opposite_score=4.0 | session=LONDON | RR=2.00,False
proxy_hardened_no_worst_hours,100,181,280,2023-01-04 13:15:00,2023-06-07 15:00:00,100,37,63,37.0,1.1159671831603208,32.81419776982424,54.28279597374284,7,LONDON,15,SELL,V50 realtime loss proxy | variant=proxy_hardened_no_worst_hours | Side=BUY | score=96.0 | opposite_score=4.0 | session=LONDON | RR=2.00,False
proxy_hardened_no_worst_hours,100,182,281,2023-01-04 15:30:00,2023-06-08 18:30:00,100,37,63,37.0,1.118999468190652,33.580970792542345,54.282795973742836,7,LONDON,15,SELL,V50 realtime loss proxy | variant=proxy_hardened_no_worst_hours | Side=BUY | score=96.0 | opposite_score=4.0 | session=LONDON | RR=2.00,False
proxy_hardened_no_worst_hours,100,183,282,2023-01-06 13:30:00,2023-06-14 15:45:00,100,37,63,37.0,1.1280996061666853,35.85737173111447,54.282795973742836,7,LONDON,15,SELL,V50 realtime loss proxy | variant=proxy_hardened_no_worst_hours | Side=BUY | score=96.0 | opposite_score=4.0 | session=LONDON | RR=2.00,False
proxy_hardened_no_worst_hours,100,184,283,2023-01-06 14:45:00,2023-06-15 10:15:00,100,38,62,38.0,1.172993067244313,47.61443752245286,54.282795973742836,7,LONDON,15,SELL,V50 realtime loss proxy | variant=proxy_hardened_no_worst_hours | Side=BUY | score=96.0 | opposite_score=4.0 | session=LONDON | RR=2.00,False
proxy_hardened_no_worst_hours,100,185,284,2023-01-09 15:00:00,2023-06-19 14:00:00,100,37,63,37.0,1.1214249214130563,33.70248105861814,54.282795973742836,7,LONDON,15,BUY,V50 realtime loss proxy | variant=proxy_hardened_no_worst_hours | Side=BUY | score=96.0 | opposite_score=4.0 | session=LONDON | RR=2.00,False
proxy_hardened_no_worst_hours,100,186,285,2023-01-10 10:00:00,2023-06-21 10:00:00,100,38,62,38.0,1.1571151627945182,42.99011725292989,54.282795973742836,7,LONDON,15,BUY,V50 realtime loss proxy | variant=proxy_hardened_no_worst_hours | Side=BUY | score=96.0 | opposite_score=4.0 | session=LONDON | RR=2.00,False
proxy_hardened_no_worst_hours,100,187,286,2023-01-10 14:30:00,2023-06-21 13:45:00,100,38,62,38.0,1.1464306039060563,40.440004659849635,54.282795973742836,7,LONDON,15,SELL,V50 realtime loss proxy | variant=proxy_hardened_no_worst_hours | Side=BUY | score=96.0 | opposite_score=4.0 | session=LONDON | RR=2.00,False
proxy_hardened_no_worst_hours,100,188,287,2023-01-11 10:30:00,2023-06-22 10:15:00,100,38,62,38.0,1.1507097084308522,41.466995242728714,54.282795973742836,7,LONDON,15,SELL,V50 realtime loss proxy | variant=proxy_hardened_no_worst_hours | Side=BUY | score=96.0 | opposite_score=4.0 | session=LONDON | RR=2.00,False
proxy_hardened_no_worst_hours,100,189,288,2023-01-12 10:15:00,2023-06-22 13:30:00,100,39,61,39.0,1.1940865988529474,52.80888451859987,54.282795973742836,7,LONDON,15,SELL,V50 realtime loss proxy | variant=proxy_hardened_no_worst_hours | Side=BUY | score=96.0 | opposite_score=4.0 | session=LONDON | RR=2.00,False
proxy_hardened_no_worst_hours,100,190,289,2023-01-13 14:00:00,2023-06-23 14:45:00,100,38,62,38.0,1.158262575623731,43.78707630782405,54.282795973742836,7,LONDON,14,BUY,V50 realtime loss proxy | variant=proxy_hardened_no_worst_hours | Side=BUY | score=96.0 | opposite_score=4.0 | session=LONDON | RR=2.00,False
proxy_hardened_no_worst_hours,100,191,290,2023-01-17 14:30:00,2023-06-27 13:45:00,100,38,62,38.0,1.1570470016598444,43.45075908497624,54.282795973742836,7,LONDON,14,BUY,V50 realtime loss proxy | variant=proxy_hardened_no_worst_hours | Side=BUY | score=96.0 | opposite_score=4.0 | session=LONDON | RR=2.00,False
proxy_hardened_no_worst_hours,100,192,291,2023-01-18 15:15:00,2023-06-28 14:45:00,100,38,62,38.0,1.156677983992838,43.36249126345756,54.282795973742836,7,LONDON,14,BUY,V50 realtime loss proxy | variant=proxy_hardened_no_worst_hours | Side=BUY | score=96.0 | opposite_score=4.0 | session=LONDON | RR=2.00,False
proxy_hardened_no_worst_hours,100,193,292,2023-01-19 14:00:00,2023-07-02 22:00:00,100,38,62,38.0,1.1681208099517213,46.073630249721916,54.282795973742836,7,LONDON,14,BUY,V50 realtime loss proxy | variant=proxy_hardened_no_worst_hours | Side=BUY | score=76.0 | opposite_score=4.0 | session=LONDON | RR=2.00,False
proxy_hardened_no_worst_hours,100,194,293,2023-01-23 19:45:00,2023-07-03 10:00:00,100,37,63,37.0,1.1282189453196552,35.44044435929575,54.282795973742836,7,LONDON,14,BUY,V50 realtime loss proxy | variant=proxy_hardened_no_worst_hours | Side=BUY | score=76.0 | opposite_score=4.0 | session=LONDON | RR=2.00,False
proxy_hardened_no_worst_hours,100,195,294,2023-01-24 10:15:00,2023-07-04 13:15:00,100,36,64,36.0,1.0921989278765982,25.675505426221,54.28279597374284,7,LONDON,14,BUY,V50 realtime loss proxy | variant=proxy_hardened_no_worst_hours | Side=BUY | score=76.0 | opposite_score=4.0 | session=LONDON | RR=2.00,True
proxy_hardened_no_worst_hours,100,196,295,2023-02-01 14:30:00,2023-07-06 10:00:00,100,36,64,36.0,1.0956057940284747,26.541457550016972,54.28279597374284,7,LONDON,14,BUY,V50 realtime loss proxy | variant=proxy_hardened_no_worst_hours | Side=BUY | score=76.0 | opposite_score=4.0 | session=LONDON | RR=2.00,True
proxy_hardened_no_worst_hours,100,197,296,2023-02-01 19:30:00,2023-07-06 13:30:00,100,36,64,36.0,1.0870671103059857,24.360861970735655,54.282795973742836,7,LONDON,14,BUY,V50 realtime loss proxy | variant=proxy_hardened_no_worst_hours | Side=BUY | score=76.0 | opposite_score=4.0 | session=LONDON | RR=2.00,True
proxy_hardened_no_worst_hours,100,198,297,2023-02-02 10:15:00,2023-07-07 18:30:00,100,35,65,35.0,1.029651117418102,8.402797797221648,54.28279597374285,7,NEW YORK,14,BUY,V50 realtime loss proxy | variant=proxy_hardened_no_worst_hours | Side=BUY | score=76.0 | opposite_score=4.0 | session=LONDON | RR=2.00,True
proxy_hardened_no_worst_hours,100,199,298,2023-02-03 13:15:00,2023-07-11 22:15:00,100,36,64,36.0,1.0545509567379996,15.267569514909164,54.28279597374284,7,NEW YORK,14,BUY,V50 realtime loss proxy | variant=proxy_hardened_no_worst_hours | Side=BUY | score=76.0 | opposite_score=4.0 | session=LONDON | RR=2.00,True
proxy_hardened_no_worst_hours,100,200,299,2023-02-06 10:00:00,2023-07-12 22:00:00,100,36,64,36.0,1.0468140897860834,13.102196786740258,54.28279597374285,7,LONDON,14,BUY,V50 realtime loss proxy | variant=proxy_hardened_no_worst_hours | Side=BUY | score=76.0 | opposite_score=4.0 | session=LONDON | RR=2.00,True
proxy_hardened_no_worst_hours,100,201,300,2023-02-07 13:00:00,2023-07-18 18:15:00,100,35,65,35.0,1.002632136536564,0.7477482230440362,54.282795973742864,7,LONDON,14,BUY,V50 realtime loss proxy | variant=proxy_hardened_no_worst_hours | Side=BUY | score=76.0 | opposite_score=4.0 | session=LONDON | RR=2.00,True
proxy_hardened_no_worst_hours,100,202,301,2023-02-14 14:45:00,2023-07-19 13:00:00,100,35,65,35.0,1.0058978332813524,1.6700413169464952,54.282795973742864,7,LONDON,14,BUY,V50 realtime loss proxy | variant=proxy_hardened_no_worst_hours | Side=BUY | score=76.0 | opposite_score=4.0 | session=LONDON | RR=2.00,True
proxy_hardened_no_worst_hours,100,203,302,2023-02-14 15:45:00,2023-07-21 14:45:00,100,35,65,35.0,1.0203225564880143,5.673217686576921,54.28279597374285,7,LONDON,14,BUY,V50 realtime loss proxy | variant=proxy_hardened_no_worst_hours | Side=BUY | score=76.0 | opposite_score=4.0 | session=LONDON | RR=2.00,True
proxy_hardened_no_worst_hours,100,204,303,2023-02-15 14:45:00,2023-07-25 22:30:00,100,34,66,34.0,0.9492403037389655,-14.281864426503006,54.282795973742864,7,LONDON,15,SELL,V50 realtime loss proxy | variant=proxy_hardened_no_worst_hours | Side=BUY | score=76.0 | opposite_score=4.0 | session=LONDON | RR=2.00,True
proxy_hardened_no_worst_hours,100,205,304,2023-02-16 15:00:00,2023-07-26 10:30:00,100,34,66,34.0,0.9589511123511388,-11.432652070801138,54.282795973742864,7,LONDON,15,BUY,V50 realtime loss proxy | variant=proxy_hardened_no_worst_hours | Side=BUY | score=76.0 | opposite_score=4.0 | session=LONDON | RR=2.00,True
proxy_hardened_no_worst_hours,100,206,305,2023-02-17 14:30:00,2023-07-26 15:00:00,100,34,66,34.0,0.9647331012940189,-9.763424033992777,54.282795973742864,7,LONDON,15,BUY,V50 realtime loss proxy | variant=proxy_hardened_no_worst_hours | Side=BUY | score=76.0 | opposite_score=4.0 | session=LONDON | RR=2.00,True
proxy_hardened_no_worst_hours,100,207,306,2023-02-20 14:45:00,2023-07-28 18:00:00,100,34,66,34.0,0.9673951630685681,-9.001609772201817,56.58105510659295,7,LONDON,15,BUY,V50 realtime loss proxy | variant=proxy_hardened_no_worst_hours | Side=BUY | score=76.0 | opposite_score=4.0 | session=LONDON | RR=2.00,True
proxy_hardened_no_worst_hours,100,208,307,2023-02-21 10:00:00,2023-08-02 13:30:00,100,35,65,35.0,1.0022268849995422,0.609175334459259,56.581055106592935,7,NEW YORK,15,BUY,V50 realtime loss proxy | variant=proxy_hardened_no_worst_hours | Side=BUY | score=76.0 | opposite_score=4.0 | session=LONDON | RR=2.00,True
proxy_hardened_no_worst_hours,100,209,308,2023-02-23 10:45:00,2023-08-04 10:00:00,100,35,65,35.0,1.0061890297618228,1.686372697482092,56.58105510659292,7,NEW YORK,15,BUY,V50 realtime loss proxy | variant=proxy_hardened_no_worst_hours | Side=BUY | score=76.0 | opposite_score=4.0 | session=LONDON | RR=2.00,True
proxy_hardened_no_worst_hours,100,210,309,2023-02-23 15:00:00,2023-08-04 14:45:00,100,34,66,34.0,0.9704815382788634,-8.186841843416879,56.58105510659294,7,LONDON,15,BUY,V50 realtime loss proxy | variant=proxy_hardened_no_worst_hours | Side=BUY | score=76.0 | opposite_score=4.0 | session=LONDON | RR=2.00,True
proxy_hardened_no_worst_hours,100,211,310,2023-02-27 10:00:00,2023-08-07 13:45:00,100,33,67,33.0,0.9222075623866564,-21.83069710286938,59.760778060534626,7,LONDON,15,BUY,V50 realtime loss proxy | variant=proxy_hardened_no_worst_hours | Side=BUY | score=76.0 | opposite_score=4.0 | session=LONDON | RR=2.00,True
proxy_hardened_no_worst_hours,100,212,311,2023-02-27 19:30:00,2023-08-07 15:00:00,100,33,67,33.0,0.9198080207053736,-22.562781801357435,63.17600058327868,7,LONDON,15,BUY,V50 realtime loss proxy | variant=proxy_hardened_no_worst_hours | Side=BUY | score=76.0 | opposite_score=4.0 | session=LONDON | RR=2.00,True
proxy_hardened_no_worst_hours,100,213,312,2023-02-28 10:00:00,2023-08-08 10:15:00,100,34,66,34.0,0.9473727653122113,-14.64691869114492,63.17600058327866,7,LONDON,15,BUY,V50 realtime loss proxy | variant=proxy_hardened_no_worst_hours | Side=BUY | score=76.0 | opposite_score=4.0 | session=LONDON | RR=2.00,True
proxy_hardened_no_worst_hours,100,214,313,2023-02-28 21:00:00,2023-08-08 13:30:00,100,34,66,34.0,0.9437262459201861,-15.722314189802745,63.176000583278636,7,LONDON,15,BUY,V50 realtime loss proxy | variant=proxy_hardened_no_worst_hours | Side=BUY | score=76.0 | opposite_score=4.0 | session=LONDON | RR=2.00,True
proxy_hardened_no_worst_hours,100,215,314,2023-03-01 10:15:00,2023-08-09 13:15:00,100,34,66,34.0,0.9449956715169205,-15.347006023399643,65.24715099122085,7,LONDON,15,BUY,V50 realtime loss proxy | variant=proxy_hardened_no_worst_hours | Side=BUY | score=76.0 | opposite_score=4.0 | session=LONDON | RR=2.00,True
proxy_hardened_no_worst_hours,100,216,315,2023-03-01 13:15:00,2023-08-10 15:15:00,100,33,67,33.0,0.9089957981897656,-25.798385640414587,69.71828990369755,7,LONDON,15,BUY,V50 realtime loss proxy | variant=proxy_hardened_no_worst_hours | Side=BUY | score=76.0 | opposite_score=4.0 | session=LONDON | RR=2.00,True
proxy_hardened_no_worst_hours,100,217,316,2023-03-02 15:00:00,2023-08-15 10:00:00,100,33,67,33.0,0.8964114743119892,-29.365860921388247,69.71828990369758,7,LONDON,15,BUY,V50 realtime loss proxy | variant=proxy_hardened_no_worst_hours | Side=BUY | score=76.0 | opposite_score=4.0 | session=LONDON | RR=2.00,True
proxy_hardened_no_worst_hours,100,218,317,2023-03-02 19:00:00,2023-08-15 13:30:00,100,33,67,33.0,0.896696667279695,-29.275698754143352,69.97821013314274,7,LONDON,15,BUY,V50 realtime loss proxy | variant=proxy_hardened_no_worst_hours | Side=BUY | score=76.0 | opposite_score=4.0 | session=LONDON | RR=2.00,True
proxy_hardened_no_worst_hours,100,219,318,2023-03-03 13:00:00,2023-08-21 15:00:00,100,32,68,32.0,0.8619664821773787,-39.61770705182651,73.59784127177574,7,LONDON,15,BUY,V50 realtime loss proxy | variant=proxy_hardened_no_worst_hours | Side=BUY | score=76.0 | opposite_score=4.0 | session=LONDON | RR=2.00,True
proxy_hardened_no_worst_hours,100,220,319,2023-03-10 10:00:00,2023-08-22 14:45:00,100,32,68,32.0,0.8589217105141637,-40.63514030767872,77.2859825935424,7,LONDON,15,BUY,V50 realtime loss proxy | variant=proxy_hardened_no_worst_hours | Side=BUY | score=76.0 | opposite_score=4.0 | session=LONDON | RR=2.00,True
proxy_hardened_no_worst_hours,100,221,320,2023-03-13 10:15:00,2023-08-23 10:45:00,100,32,68,32.0,0.8517289420321578,-42.70689179780649,77.28598259354237,7,LONDON,15,BUY,V50 realtime loss proxy | variant=proxy_hardened_no_worst_hours | Side=BUY | score=76.0 | opposite_score=4.0 | session=LONDON | RR=2.00,True
proxy_hardened_no_worst_hours,100,222,321,2023-03-15 10:00:00,2023-08-23 13:00:00,100,32,68,32.0,0.8326567568692474,-48.20030203756343,77.28598259354237,7,LONDON,15,BUY,V50 realtime loss proxy | variant=proxy_hardened_no_worst_hours | Side=BUY | score=76.0 | opposite_score=4.0 | session=LONDON | RR=2.00,True
proxy_hardened_no_worst_hours,100,223,322,2023-03-15 14:15:00,2023-08-25 14:00:00,100,31,69,31.0,0.7854742298559262,-62.55335855767335,77.28598259354234,7,LONDON,15,BUY,V50 realtime loss proxy | variant=proxy_hardened_no_worst_hours | Side=BUY | score=76.0 | opposite_score=4.0 | session=LONDON | RR=2.00,True
proxy_hardened_no_worst_hours,100,224,323,2023-03-16 14:00:00,2023-08-30 10:00:00,100,32,68,32.0,0.8219607432615759,-50.30320124578995,77.28598259354236,7,LONDON,15,BUY,V50 realtime loss proxy | variant=proxy_hardened_no_worst_hours | Side=BUY | score=76.0 | opposite_score=4.0 | session=LONDON | RR=2.00,True
proxy_hardened_no_worst_hours,100,225,324,2023-03-17 10:15:00,2023-08-30 18:00:00,100,32,68,32.0,0.8330008271125012,-46.55858953866137,77.28598259354237,7,LONDON,15,BUY,V50 realtime loss proxy | variant=proxy_hardened_no_worst_hours | Side=BUY | score=76.0 | opposite_score=4.0 | session=LONDON | RR=2.00,True
proxy_hardened_no_worst_hours,100,226,325,2023-03-20 18:15:00,2023-09-05 13:00:00,100,31,69,31.0,0.7999999325568233,-56.3630874893549,77.28598259354236,7,LONDON,15,BUY,V50 realtime loss proxy | variant=proxy_hardened_no_worst_hours | Side=BUY | score=76.0 | opposite_score=4.0 | session=LONDON | RR=2.00,True
proxy_hardened_no_worst_hours,100,227,326,2023-03-22 18:00:00,2023-09-05 15:00:00,100,32,68,32.0,0.8450379700682061,-42.64991159268147,77.28598259354237,7,LONDON,15,BUY,V50 realtime loss proxy | variant=proxy_hardened_no_worst_hours | Side=BUY | score=76.0 | opposite_score=4.0 | session=LONDON | RR=2.00,True
proxy_hardened_no_worst_hours,100,228,327,2023-03-23 10:15:00,2023-09-08 13:15:00,100,31,69,31.0,0.7920418005999506,-57.73019245121753,77.28598259354234,7,LONDON,15,BUY,V50 realtime loss proxy | variant=proxy_hardened_no_worst_hours | Side=BUY | score=76.0 | opposite_score=4.0 | session=LONDON | RR=2.00,True
proxy_hardened_no_worst_hours,100,229,328,2023-03-23 13:15:00,2023-09-11 15:30:00,100,32,68,32.0,0.8261437854226792,-47.41974913128223,77.28598259354234,7,LONDON,15,BUY,V50 realtime loss proxy | variant=proxy_hardened_no_worst_hours | Side=BUY | score=76.0 | opposite_score=4.0 | session=LONDON | RR=2.00,True
proxy_hardened_no_worst_hours,100,230,329,2023-03-24 14:30:00,2023-09-12 14:45:00,100,31,69,31.0,0.7758038256603911,-61.88456744506193,77.28598259354231,7,LONDON,15,BUY,V50 realtime loss proxy | variant=proxy_hardened_no_worst_hours | Side=BUY | score=76.0 | opposite_score=4.0 | session=LONDON | RR=2.00,True
proxy_hardened_no_worst_hours,100,231,330,2023-03-27 14:45:00,2023-09-13 14:00:00,100,32,68,32.0,0.8244150758320019,-47.18416051647087,77.28598259354234,7,LONDON,15,BUY,V50 realtime loss proxy | variant=proxy_hardened_no_worst_hours | Side=BUY | score=76.0 | opposite_score=4.0 | session=LONDON | RR=2.00,True
proxy_hardened_no_worst_hours,100,232,331,2023-03-30 13:00:00,2023-09-14 13:15:00,100,32,68,32.0,0.8338293096686615,-44.150151739215005,77.28598259354236,7,LONDON,13,BUY,V50 realtime loss proxy | variant=proxy_hardened_no_worst_hours | Side=BUY | score=76.0 | opposite_score=4.0 | session=LONDON | RR=2.00,True
proxy_hardened_no_worst_hours,100,233,332,2023-03-30 14:15:00,2023-09-14 15:30:00,100,32,68,32.0,0.8332436900260639,-44.336884869762756,77.28598259354237,7,LONDON,15,BUY,V50 realtime loss proxy | variant=proxy_hardened_no_worst_hours | Side=BUY | score=76.0 | opposite_score=4.0 | session=LONDON | RR=2.00,True
proxy_hardened_no_worst_hours,100,234,333,2023-04-03 13:30:00,2023-09-19 14:30:00,100,31,69,31.0,0.7906423333089702,-56.23869499047437,77.28598259354236,7,LONDON,15,BUY,V50 realtime loss proxy | variant=proxy_hardened_no_worst_hours | Side=BUY | score=76.0 | opposite_score=4.0 | session=LONDON | RR=2.00,True
proxy_hardened_no_worst_hours,100,235,334,2023-04-03 19:00:00,2023-09-22 14:00:00,100,30,70,30.0,0.7500110751038687,-67.7684835812822,77.28598259354231,7,LONDON,13,BUY,V50 realtime loss proxy | variant=proxy_hardened_no_worst_hours | Side=BUY | score=96.0 | opposite_score=4.0 | session=LONDON | RR=2.00,True
proxy_hardened_no_worst_hours,100,236,335,2023-04-04 10:00:00,2023-09-26 10:30:00,100,31,69,31.0,0.7750615846085095,-60.019809036107944,77.28598259354233,7,LONDON,13,BUY,V50 realtime loss proxy | variant=proxy_hardened_no_worst_hours | Side=BUY | score=96.0 | opposite_score=4.0 | session=LONDON | RR=2.00,True
proxy_hardened_no_worst_hours,100,237,336,2023-04-05 10:00:00,2023-10-02 14:00:00,100,31,69,31.0,0.769855045284605,-61.82436838782586,77.28598259354234,7,LONDON,13,BUY,V50 realtime loss proxy | variant=proxy_hardened_no_worst_hours | Side=BUY | score=96.0 | opposite_score=4.0 | session=LONDON | RR=2.00,True
proxy_hardened_no_worst_hours,100,238,337,2023-04-05 14:00:00,2023-10-02 15:30:00,100,31,69,31.0,0.7838343878761647,-58.06906544291016,77.28598259354231,7,LONDON,13,BUY,V50 realtime loss proxy | variant=proxy_hardened_no_worst_hours | Side=BUY | score=96.0 | opposite_score=4.0 | session=LONDON | RR=2.00,True
proxy_hardened_no_worst_hours,100,239,338,2023-04-06 10:00:00,2023-10-04 14:00:00,100,31,69,31.0,0.7890400121327741,-56.296786733936855,77.28598259354234,7,LONDON,13,BUY,V50 realtime loss proxy | variant=proxy_hardened_no_worst_hours | Side=BUY | score=96.0 | opposite_score=4.0 | session=LONDON | RR=2.00,True
proxy_hardened_no_worst_hours,100,240,339,2023-04-11 10:00:00,2023-10-05 10:00:00,100,32,68,32.0,0.814016997171595,-49.04988366731071,77.28598259354234,7,LONDON,13,BUY,V50 realtime loss proxy | variant=proxy_hardened_no_worst_hours | Side=BUY | score=76.0 | opposite_score=4.0 | session=LONDON | RR=2.00,True
proxy_hardened_no_worst_hours,100,241,340,2023-04-11 14:15:00,2023-10-05 13:15:00,100,32,68,32.0,0.8129187706840656,-49.406178471020645,77.28598259354236,7,LONDON,13,BUY,V50 realtime loss proxy | variant=proxy_hardened_no_worst_hours | Side=BUY | score=76.0 | opposite_score=4.0 | session=LONDON | RR=2.00,True
proxy_hardened_no_worst_hours,100,242,341,2023-04-12 19:30:00,2023-10-06 13:00:00,100,31,69,31.0,0.7726501492501375,-60.92002601405099,77.28598259354233,7,LONDON,13,BUY,V50 realtime loss proxy | variant=proxy_hardened_no_worst_hours | Side=BUY | score=76.0 | opposite_score=4.0 | session=LONDON | RR=2.00,True
proxy_hardened_no_worst_hours,100,243,342,2023-04-13 15:00:00,2023-10-09 14:15:00,100,31,69,31.0,0.7641174781782396,-63.20641653489312,77.28598259354229,7,LONDON,13,BUY,V50 realtime loss proxy | variant=proxy_hardened_no_worst_hours | Side=BUY | score=76.0 | opposite_score=4.0 | session=LONDON | RR=2.00,True
proxy_hardened_no_worst_hours,100,244,343,2023-04-20 14:15:00,2023-10-11 18:45:00,100,32,68,32.0,0.8054452354462656,-50.9583640946864,71.25177960935433,7,LONDON,13,BUY,V50 realtime loss proxy | variant=proxy_hardened_no_worst_hours | Side=BUY | score=76.0 | opposite_score=4.0 | session=LONDON | RR=2.00,True
proxy_hardened_no_worst_hours,100,245,344,2023-04-20 18:30:00,2023-10-16 13:00:00,100,32,68,32.0,0.8111730912889233,-49.108873401639784,65.4277007608668,7,LONDON,13,BUY,V50 realtime loss proxy | variant=proxy_hardened_no_worst_hours | Side=BUY | score=76.0 | opposite_score=4.0 | session=LONDON | RR=2.00,True
proxy_hardened_no_worst_hours,100,246,345,2023-04-21 10:45:00,2023-10-16 13:45:00,100,32,68,32.0,0.8110502169011478,-49.14827462533137,61.92983009038271,7,LONDON,13,BUY,V50 realtime loss proxy | variant=proxy_hardened_no_worst_hours | Side=BUY | score=76.0 | opposite_score=4.0 | session=LONDON | RR=2.00,True
proxy_hardened_no_worst_hours,100,247,346,2023-04-21 14:15:00,2023-10-17 13:00:00,100,32,68,32.0,0.8121186908274691,-48.806053904751224,61.929830090382715,7,LONDON,13,BUY,V50 realtime loss proxy | variant=proxy_hardened_no_worst_hours | Side=BUY | score=76.0 | opposite_score=4.0 | session=LONDON | RR=2.00,True
proxy_hardened_no_worst_hours,100,248,347,2023-04-25 18:45:00,2023-10-18 18:00:00,100,32,68,32.0,0.8225631192797612,-45.50763688099184,61.92983009038272,7,LONDON,13,BUY,V50 realtime loss proxy | variant=proxy_hardened_no_worst_hours | Side=BUY | score=76.0 | opposite_score=4.0 | session=LONDON | RR=2.00,True
proxy_hardened_no_worst_hours,100,249,348,2023-04-26 13:45:00,2023-10-19 10:30:00,100,32,68,32.0,0.8074442105857499,-49.38521748368928,61.929830090382715,7,LONDON,13,BUY,V50 realtime loss proxy | variant=proxy_hardened_no_worst_hours | Side=BUY | score=76.0 | opposite_score=4.0 | session=LONDON | RR=2.00,True
proxy_hardened_no_worst_hours,100,250,349,2023-04-27 10:00:00,2023-10-19 13:00:00,100,33,67,33.0,0.8541073935291975,-36.59459547504319,61.92983009038272,7,NEW YORK,13,BUY,V50 realtime loss proxy | variant=proxy_hardened_no_worst_hours | Side=BUY | score=76.0 | opposite_score=4.0 | session=LONDON | RR=2.00,True
proxy_hardened_no_worst_hours,100,251,350,2023-04-28 10:15:00,2023-10-20 13:45:00,100,34,66,34.0,0.9039025627226362,-23.782836106352974,61.92983009038272,7,NEW YORK,18,BUY,V50 realtime loss proxy | variant=proxy_hardened_no_worst_hours | Side=BUY | score=76.0 | opposite_score=4.0 | session=LONDON | RR=2.00,True
proxy_hardened_no_worst_hours,100,252,351,2023-04-28 14:00:00,2023-10-23 13:00:00,100,34,66,34.0,0.8998436197226917,-24.89917934884737,61.92983009038272,7,NEW YORK,13,BUY,V50 realtime loss proxy | variant=proxy_hardened_no_worst_hours | Side=BUY | score=76.0 | opposite_score=4.0 | session=LONDON | RR=2.00,True
proxy_hardened_no_worst_hours,100,253,352,2023-05-02 14:00:00,2023-10-24 18:30:00,100,34,66,34.0,0.9041093058309195,-23.726243207675438,61.92983009038274,7,NEW YORK,18,BUY,V50 realtime loss proxy | variant=proxy_hardened_no_worst_hours | Side=BUY | score=76.0 | opposite_score=4.0 | session=LONDON | RR=2.00,True
proxy_hardened_no_worst_hours,100,254,353,2023-05-03 14:30:00,2023-10-25 14:00:00,100,33,67,33.0,0.850073055331987,-37.877951828006175,61.92983009038272,7,NEW YORK,18,BUY,V50 realtime loss proxy | variant=proxy_hardened_no_worst_hours | Side=BUY | score=76.0 | opposite_score=4.0 | session=LONDON | RR=2.00,True
proxy_hardened_no_worst_hours,100,255,354,2023-05-03 18:00:00,2023-10-26 18:00:00,100,32,68,32.0,0.7993181174507343,-51.60552192380531,61.929830090382715,7,NEW YORK,18,BUY,V50 realtime loss proxy | variant=proxy_hardened_no_worst_hours | Side=BUY | score=76.0 | opposite_score=4.0 | session=LONDON | RR=2.00,True
proxy_hardened_no_worst_hours,100,256,355,2023-05-04 15:00:00,2023-10-30 14:00:00,100,32,68,32.0,0.8048826928418321,-49.827703305120835,61.92983009038272,7,LONDON,13,BUY,V50 realtime loss proxy | variant=proxy_hardened_no_worst_hours | Side=BUY | score=76.0 | opposite_score=4.0 | session=LONDON | RR=2.00,True
proxy_hardened_no_worst_hours,100,257,356,2023-05-08 15:15:00,2023-11-01 14:45:00,100,32,68,32.0,0.816343001456734,-46.242624427797615,62.68622912915745,7,LONDON,13,BUY,V50 realtime loss proxy | variant=proxy_hardened_no_worst_hours | Side=BUY | score=76.0 | opposite_score=4.0 | session=LONDON | RR=2.00,True
proxy_hardened_no_worst_hours,100,258,357,2023-05-09 13:45:00,2023-11-02 10:00:00,100,32,68,32.0,0.8209141151754078,-44.84058801239278,65.11693477386649,7,NEW YORK,13,BUY,V50 realtime loss proxy | variant=proxy_hardened_no_worst_hours | Side=BUY | score=76.0 | opposite_score=4.0 | session=LONDON | RR=2.00,True
proxy_hardened_no_worst_hours,100,259,358,2023-05-10 13:45:00,2023-11-03 10:15:00,100,32,68,32.0,0.8250497595183951,-43.585503463113106,67.32519045163544,8,NEW YORK,18,BUY,V50 realtime loss proxy | variant=proxy_hardened_no_worst_hours | Side=BUY | score=76.0 | opposite_score=4.0 | session=LONDON | RR=2.00,True
proxy_hardened_no_worst_hours,100,260,359,2023-05-11 13:00:00,2023-11-03 13:45:00,100,32,68,32.0,0.8229750655547309,-44.213554431157924,74.13692898714768,9,NEW YORK,18,BUY,V50 realtime loss proxy | variant=proxy_hardened_no_worst_hours | Side=BUY | score=76.0 | opposite_score=4.0 | session=LONDON | RR=2.00,True
proxy_hardened_no_worst_hours,100,261,360,2023-05-12 10:30:00,2023-11-07 14:30:00,100,32,68,32.0,0.8279617276019667,-42.70930220643389,78.01669764943543,10,NEW YORK,18,BUY,V50 realtime loss proxy | variant=proxy_hardened_no_worst_hours | Side=BUY | score=76.0 | opposite_score=4.0 | session=LONDON | RR=2.00,True
proxy_hardened_no_worst_hours,100,262,361,2023-05-16 10:00:00,2023-11-08 14:30:00,100,33,67,33.0,0.8647684541556577,-33.08242444608821,78.01669764943546,10,NEW YORK,18,BUY,V50 realtime loss proxy | variant=proxy_hardened_no_worst_hours | Side=BUY | score=76.0 | opposite_score=4.0 | session=LONDON | RR=2.00,True
proxy_hardened_no_worst_hours,100,263,362,2023-05-16 14:00:00,2023-11-09 10:45:00,100,32,68,32.0,0.8375509633521343,-40.142443785150796,78.01669764943544,10,NEW YORK,18,BUY,V50 realtime loss proxy | variant=proxy_hardened_no_worst_hours | Side=BUY | score=76.0 | opposite_score=4.0 | session=LONDON | RR=2.00,True
proxy_hardened_no_worst_hours,100,264,363,2023-05-17 13:00:00,2023-11-10 10:45:00,100,32,68,32.0,0.8187148009551946,-44.79700872286819,78.01669764943546,10,NEW YORK,18,BUY,V50 realtime loss proxy | variant=proxy_hardened_no_worst_hours | Side=BUY | score=76.0 | opposite_score=4.0 | session=LONDON | RR=2.00,True
proxy_hardened_no_worst_hours,100,265,364,2023-05-17 14:45:00,2023-11-10 15:00:00,100,32,68,32.0,0.826622371601628,-42.84298537682865,78.01669764943543,10,NEW YORK,18,BUY,V50 realtime loss proxy | variant=proxy_hardened_no_worst_hours | Side=BUY | score=76.0 | opposite_score=4.0 | session=LONDON | RR=2.00,True
proxy_hardened_no_worst_hours,100,266,365,2023-05-18 10:30:00,2023-11-14 21:30:00,100,32,68,32.0,0.810621074899656,-46.797032545115584,78.01669764943541,10,LONDON,14,BUY,V50 realtime loss proxy | variant=proxy_hardened_no_worst_hours | Side=BUY | score=76.0 | opposite_score=4.0 | session=LONDON | RR=2.00,True
proxy_hardened_no_worst_hours,100,267,366,2023-05-19 13:45:00,2023-11-15 13:00:00,100,31,69,31.0,0.7812599166061892,-54.57069893931927,78.01669764943541,10,LONDON,14,BUY,V50 realtime loss proxy | variant=proxy_hardened_no_worst_hours | Side=BUY | score=76.0 | opposite_score=4.0 | session=LONDON | RR=2.00,True
proxy_hardened_no_worst_hours,100,268,367,2023-05-22 13:00:00,2023-11-16 10:00:00,100,31,69,31.0,0.7861616999925559,-53.015186901937774,78.01669764943543,10,LONDON,14,BUY,V50 realtime loss proxy | variant=proxy_hardened_no_worst_hours | Side=BUY | score=76.0 | opposite_score=4.0 | session=LONDON | RR=2.00,True
proxy_hardened_no_worst_hours,100,269,368,2023-05-26 13:00:00,2023-11-16 13:30:00,100,32,68,32.0,0.8212677283821002,-43.61267968499941,78.01669764943543,10,LONDON,14,BUY,V50 realtime loss proxy | variant=proxy_hardened_no_worst_hours | Side=BUY | score=76.0 | opposite_score=4.0 | session=LONDON | RR=2.00,True
proxy_hardened_no_worst_hours,100,270,369,2023-05-26 15:45:00,2023-11-17 13:00:00,100,31,69,31.0,0.7806902256163492,-54.23327279125532,78.01669764943541,10,LONDON,14,BUY,V50 realtime loss proxy | variant=proxy_hardened_no_worst_hours | Side=BUY | score=76.0 | opposite_score=4.0 | session=LONDON | RR=2.00,True
proxy_hardened_no_worst_hours,100,271,370,2023-05-30 14:00:00,2023-11-20 21:00:00,100,32,68,32.0,0.8178194942896319,-44.17654466076145,78.01669764943541,10,LONDON,14,BUY,V50 realtime loss proxy | variant=proxy_hardened_no_worst_hours | Side=BUY | score=76.0 | opposite_score=4.0 | session=LONDON | RR=2.00,True
proxy_hardened_no_worst_hours,100,272,371,2023-05-31 15:45:00,2023-11-21 19:15:00,100,31,69,31.0,0.7667291112496077,-57.441384345361236,78.0166976494354,10,LONDON,14,BUY,V50 realtime loss proxy | variant=proxy_hardened_no_worst_hours | Side=BUY | score=76.0 | opposite_score=4.0 | session=LONDON | RR=2.00,True
proxy_hardened_no_worst_hours,100,273,372,2023-05-31 18:00:00,2023-11-22 10:45:00,100,31,69,31.0,0.7752654720543788,-54.73002752950491,74.22470136069433,10,LONDON,14,BUY,V50 realtime loss proxy | variant=proxy_hardened_no_worst_hours | Side=BUY | score=76.0 | opposite_score=4.0 | session=LONDON | RR=2.00,True
proxy_hardened_no_worst_hours,100,274,373,2023-06-01 19:00:00,2023-11-24 13:00:00,100,32,68,32.0,0.8059961975625898,-46.3540518982404,74.22470136069433,10,LONDON,14,BUY,V50 realtime loss proxy | variant=proxy_hardened_no_worst_hours | Side=BUY | score=85.0 | opposite_score=4.0 | session=LONDON | RR=2.00,True
proxy_hardened_no_worst_hours,100,275,374,2023-06-02 10:15:00,2023-11-24 15:30:00,100,32,68,32.0,0.8058931822075673,-46.37866574112921,74.22470136069433,10,LONDON,14,BUY,V50 realtime loss proxy | variant=proxy_hardened_no_worst_hours | Side=BUY | score=85.0 | opposite_score=4.0 | session=LONDON | RR=2.00,True
proxy_hardened_no_worst_hours,100,276,375,2023-06-05 10:00:00,2023-11-27 10:15:00,100,32,68,32.0,0.804785411794067,-46.707553058868356,74.22470136069431,10,LONDON,14,BUY,V50 realtime loss proxy | variant=proxy_hardened_no_worst_hours | Side=BUY | score=85.0 | opposite_score=4.0 | session=LONDON | RR=2.00,True
proxy_hardened_no_worst_hours,100,277,376,2023-06-06 13:00:00,2023-11-27 15:15:00,100,32,68,32.0,0.803957460727287,-46.95395631755922,74.22470136069431,10,LONDON,14,BUY,V50 realtime loss proxy | variant=proxy_hardened_no_worst_hours | Side=BUY | score=85.0 | opposite_score=4.0 | session=LONDON | RR=2.00,True
proxy_hardened_no_worst_hours,100,278,377,2023-06-06 18:15:00,2023-12-01 10:15:00,100,32,68,32.0,0.8057323526027174,-46.42635852279294,74.22470136069431,10,LONDON,14,BUY,V50 realtime loss proxy | variant=proxy_hardened_no_worst_hours | Side=BUY | score=76.0 | opposite_score=4.0 | session=LONDON | RR=2.00,True
proxy_hardened_no_worst_hours,100,279,378,2023-06-07 13:00:00,2023-12-11 13:00:00,100,33,67,33.0,0.843354511667297,-36.929926881692374,74.22470136069433,10,LONDON,14,BUY,V50 realtime loss proxy | variant=proxy_hardened_no_worst_hours | Side=BUY | score=76.0 | opposite_score=4.0 | session=LONDON | RR=2.00,True
proxy_hardened_no_worst_hours,100,280,379,2023-06-07 15:00:00,2023-12-12 15:15:00,100,34,66,34.0,0.8964802334487828,-24.107190277181417,74.22470136069434,10,NEW YORK,14,BUY,V50 realtime loss proxy | variant=proxy_hardened_no_worst_hours | Side=BUY | score=76.0 | opposite_score=4.0 | session=LONDON | RR=2.00,True
proxy_hardened_no_worst_hours,100,281,380,2023-06-08 18:30:00,2023-12-14 10:30:00,100,33,67,33.0,0.8421753539850668,-37.444139555241456,74.22470136069433,10,LONDON,14,BUY,V50 realtime loss proxy | variant=proxy_hardened_no_worst_hours | Side=BUY | score=76.0 | opposite_score=4.0 | session=LONDON | RR=2.00,True
proxy_hardened_no_worst_hours,100,282,381,2023-06-14 15:45:00,2023-12-14 13:45:00,100,34,66,34.0,0.8953926243615112,-24.45580020020657,74.22470136069433,10,LONDON,14,BUY,V50 realtime loss proxy | variant=proxy_hardened_no_worst_hours | Side=BUY | score=76.0 | opposite_score=4.0 | session=LONDON | RR=2.00,True
proxy_hardened_no_worst_hours,100,283,382,2023-06-15 10:15:00,2023-12-18 18:00:00,100,34,66,34.0,0.8923908930123331,-25.242187085615576,74.22470136069433,10,NEW YORK,14,BUY,V50 realtime loss proxy | variant=proxy_hardened_no_worst_hours | Side=BUY | score=76.0 | opposite_score=4.0 | session=LONDON | RR=2.00,True
proxy_hardened_no_worst_hours,100,284,383,2023-06-19 14:00:00,2023-12-19 18:30:00,100,33,67,33.0,0.848724955849786,-36.04910198555422,74.22470136069433,10,NEW YORK,14,BUY,V50 realtime loss proxy | variant=proxy_hardened_no_worst_hours | Side=BUY | score=100.0 | opposite_score=8.0 | session=NEW YORK | RR=2.00,True
proxy_hardened_no_worst_hours,100,285,384,2023-06-21 10:00:00,2023-12-20 14:00:00,100,33,67,33.0,0.8445254180261931,-37.2340953926223,74.22470136069433,10,NEW YORK,14,BUY,V50 realtime loss proxy | variant=proxy_hardened_no_worst_hours | Side=BUY | score=100.0 | opposite_score=8.0 | session=NEW YORK | RR=2.00,True
proxy_hardened_no_worst_hours,100,286,385,2023-06-21 13:45:00,2023-12-21 13:00:00,100,32,68,32.0,0.8137118354089133,-45.07788993516396,74.22470136069431,10,LONDON,14,BUY,V50 realtime loss proxy | variant=proxy_hardened_no_worst_hours | Side=BUY | score=76.0 | opposite_score=4.0 | session=LONDON | RR=2.00,True
proxy_hardened_no_worst_hours,100,287,386,2023-06-22 10:15:00,2023-12-21 14:00:00,100,33,67,33.0,0.8677542596445652,-31.270527118939064,74.22470136069433,10,NEW YORK,14,BUY,V50 realtime loss proxy | variant=proxy_hardened_no_worst_hours | Side=BUY | score=76.0 | opposite_score=4.0 | session=LONDON | RR=2.00,True
proxy_hardened_no_worst_hours,100,288,387,2023-06-22 13:30:00,2023-12-26 10:30:00,100,33,67,33.0,0.8713004923532099,-30.30813339634573,74.22470136069433,10,NEW YORK,14,BUY,V50 realtime loss proxy | variant=proxy_hardened_no_worst_hours | Side=BUY | score=76.0 | opposite_score=4.0 | session=LONDON | RR=2.00,True
proxy_hardened_no_worst_hours,100,289,388,2023-06-23 14:45:00,2023-12-27 18:45:00,100,33,67,33.0,0.8693755382390879,-30.761451106253155,74.22470136069433,10,LONDON,14,BUY,V50 realtime loss proxy | variant=proxy_hardened_no_worst_hours | Side=BUY | score=76.0 | opposite_score=4.0 | session=LONDON | RR=2.00,True
proxy_hardened_no_worst_hours,100,290,389,2023-06-27 13:45:00,2024-01-02 10:00:00,100,33,67,33.0,0.8740262077313811,-29.508386895396136,74.22470136069433,10,LONDON,14,BUY,V50 realtime loss proxy | variant=proxy_hardened_no_worst_hours | Side=BUY | score=76.0 | opposite_score=4.0 | session=LONDON | RR=2.00,True
proxy_hardened_no_worst_hours,100,291,390,2023-06-28 14:45:00,2024-01-08 13:00:00,100,32,68,32.0,0.8250279558641385,-41.74026267178714,74.22470136069433,10,LONDON,14,BUY,V50 realtime loss proxy | variant=proxy_hardened_no_worst_hours | Side=BUY | score=76.0 | opposite_score=4.0 | session=LONDON | RR=2.00,True
proxy_hardened_no_worst_hours,100,292,391,2023-07-02 22:00:00,2024-01-12 15:45:00,100,32,68,32.0,0.8199420373097992,-43.21995956055479,69.93838378616049,10,LONDON,14,BUY,V50 realtime loss proxy | variant=proxy_hardened_no_worst_hours | Side=BUY | score=96.0 | opposite_score=4.0 | session=LONDON | RR=2.00,True
proxy_hardened_no_worst_hours,100,293,392,2023-07-03 10:00:00,2024-01-12 19:00:00,100,33,67,33.0,0.8691755918316512,-31.072548915198688,67.41818354963773,10,LONDON,14,BUY,V50 realtime loss proxy | variant=proxy_hardened_no_worst_hours | Side=BUY | score=96.0 | opposite_score=4.0 | session=LONDON | RR=2.00,True
proxy_hardened_no_worst_hours,100,294,393,2023-07-04 13:15:00,2024-01-16 14:45:00,100,34,66,34.0,0.921632540097387,-18.428769802289253,65.06323410119012,10,LONDON,13,BUY,V50 realtime loss proxy | variant=proxy_hardened_no_worst_hours | Side=BUY | score=96.0 | opposite_score=4.0 | session=LONDON | RR=2.00,True
proxy_hardened_no_worst_hours,100,295,394,2023-07-06 10:00:00,2024-01-17 14:00:00,100,35,65,35.0,0.9696094907159417,-7.083562230267036,62.98947499225157,10,LONDON,18,BUY,V50 realtime loss proxy | variant=proxy_hardened_no_worst_hours | Side=BUY | score=96.0 | opposite_score=4.0 | session=LONDON | RR=2.00,True
proxy_hardened_no_worst_hours,100,296,395,2023-07-06 13:30:00,2024-01-19 19:45:00,100,35,65,35.0,0.9646911609093061,-8.271908710000394,60.83371909124853,10,LONDON,18,BUY,V50 realtime loss proxy | variant=proxy_hardened_no_worst_hours | Side=BUY | score=96.0 | opposite_score=4.0 | session=LONDON | RR=2.00,True
proxy_hardened_no_worst_hours,100,297,396,2023-07-07 18:30:00,2024-01-22 10:00:00,100,35,65,35.0,0.9751326073025379,-5.763378831110462,59.45288259460226,10,LONDON,18,BUY,V50 realtime loss proxy | variant=proxy_hardened_no_worst_hours | Side=BUY | score=96.0 | opposite_score=4.0 | session=LONDON | RR=2.00,True
proxy_hardened_no_worst_hours,100,298,397,2023-07-11 22:15:00,2024-01-22 14:00:00,100,35,65,35.0,0.9747307189304337,-5.858936974244221,59.45288259460227,10,LONDON,18,BUY,V50 realtime loss proxy | variant=proxy_hardened_no_worst_hours | Side=BUY | score=96.0 | opposite_score=4.0 | session=LONDON | RR=2.00,True
proxy_hardened_no_worst_hours,100,299,398,2023-07-12 22:00:00,2024-01-23 14:30:00,100,34,66,34.0,0.944882171486846,-12.987732588606836,59.452882594602265,10,LONDON,18,BUY,V50 realtime loss proxy | variant=proxy_hardened_no_worst_hours | Side=BUY | score=96.0 | opposite_score=4.0 | session=LONDON | RR=2.00,True
proxy_hardened_no_worst_hours,100,300,399,2023-07-18 18:15:00,2024-01-23 21:00:00,100,33,67,33.0,0.9146949550191725,-20.32602045098225,59.45288259460226,10,LONDON,18,BUY,V50 realtime loss proxy | variant=proxy_hardened_no_worst_hours | Side=BUY | score=96.0 | opposite_score=4.0 | session=LONDON | RR=2.00,True
proxy_hardened_no_worst_hours,100,301,400,2023-07-19 13:00:00,2024-01-24 10:30:00,100,34,66,34.0,0.9561734765904152,-10.258369946481936,55.24595959464838,10,NEW YORK,14,BUY,V50 realtime loss proxy | variant=proxy_hardened_no_worst_hours | Side=BUY | score=96.0 | opposite_score=4.0 | session=LONDON | RR=2.00,True
proxy_hardened_no_worst_hours,100,302,401,2023-07-21 14:45:00,2024-01-24 13:30:00,100,34,66,34.0,0.9540682744611565,-10.774852530925962,52.12502752509104,10,LONDON,13,BUY,V50 realtime loss proxy | variant=proxy_hardened_no_worst_hours | Side=BUY | score=96.0 | opposite_score=4.0 | session=LONDON | RR=2.00,True
proxy_hardened_no_worst_hours,100,303,402,2023-07-25 22:30:00,2024-01-26 15:30:00,100,34,66,34.0,0.9563027566727196,-10.22672695400002,47.75275991976408,10,NEW YORK,13,BUY,V50 realtime loss proxy | variant=proxy_hardened_no_worst_hours | Side=BUY | score=96.0 | opposite_score=4.0 | session=LONDON | RR=2.00,True
proxy_hardened_no_worst_hours,100,304,403,2023-07-26 10:30:00,2024-01-29 13:00:00,100,35,65,35.0,0.9852295051186247,-3.4242784899947836,45.54913143896012,10,NEW YORK,18,BUY,V50 realtime loss proxy | variant=proxy_hardened_no_worst_hours | Side=BUY | score=96.0 | opposite_score=4.0 | session=LONDON | RR=2.00,True
proxy_hardened_no_worst_hours,100,305,404,2023-07-26 15:00:00,2024-01-30 10:00:00,100,35,65,35.0,0.983450560168414,-3.8436355976400645,43.875457849939906,10,NEW YORK,18,BUY,V50 realtime loss proxy | variant=proxy_hardened_no_worst_hours | Side=BUY | score=96.0 | opposite_score=4.0 | session=LONDON | RR=2.00,True
proxy_hardened_no_worst_hours,100,306,405,2023-07-28 18:00:00,2024-01-31 10:00:00,100,36,64,36.0,1.0162174405812314,3.7096553466815227,43.87545784993992,10,NEW YORK,18,BUY,V50 realtime loss proxy | variant=proxy_hardened_no_worst_hours | Side=BUY | score=96.0 | opposite_score=4.0 | session=LONDON | RR=2.00,True
proxy_hardened_no_worst_hours,100,307,406,2023-08-02 13:30:00,2024-01-31 19:30:00,100,36,64,36.0,1.0066006046855576,1.5242788637083269,43.875457849939934,10,NEW YORK,13,BUY,V50 realtime loss proxy | variant=proxy_hardened_no_worst_hours | Side=BUY | score=96.0 | opposite_score=4.0 | session=LONDON | RR=2.00,True
proxy_hardened_no_worst_hours,100,308,407,2023-08-04 10:00:00,2024-02-01 15:00:00,100,36,64,36.0,1.0245568694300602,5.670922410031373,43.875457849939906,10,NEW YORK,13,BUY,V50 realtime loss proxy | variant=proxy_hardened_no_worst_hours | Side=BUY | score=96.0 | opposite_score=4.0 | session=LONDON | RR=2.00,True
proxy_hardened_no_worst_hours,100,309,408,2023-08-04 14:45:00,2024-02-01 18:15:00,100,36,64,36.0,1.0052946823302849,1.2461298431221568,41.761853131791796,10,NEW YORK,13,BUY,V50 realtime loss proxy | variant=proxy_hardened_no_worst_hours | Side=BUY | score=96.0 | opposite_score=4.0 | session=LONDON | RR=2.00,True
proxy_hardened_no_worst_hours,100,310,409,2023-08-07 13:45:00,2024-02-05 15:00:00,100,36,64,36.0,1.0075408979439304,1.7708311503447405,41.67651936359474,10,NEW YORK,13,BUY,V50 realtime loss proxy | variant=proxy_hardened_no_worst_hours | Side=BUY | score=96.0 | opposite_score=4.0 | session=LONDON | RR=2.00,True
proxy_hardened_no_worst_hours,100,311,410,2023-08-07 15:00:00,2024-02-06 10:15:00,100,36,64,36.0,1.0108769199278236,2.545800832545174,41.67651936359475,10,NEW YORK,18,BUY,V50 realtime loss proxy | variant=proxy_hardened_no_worst_hours | Side=BUY | score=96.0 | opposite_score=4.0 | session=LONDON | RR=2.00,True
proxy_hardened_no_worst_hours,100,312,411,2023-08-08 10:15:00,2024-02-07 15:15:00,100,36,64,36.0,1.00800803231131,1.8796569624484967,41.67651936359475,10,NEW YORK,18,BUY,V50 realtime loss proxy | variant=proxy_hardened_no_worst_hours | Side=BUY | score=96.0 | opposite_score=4.0 | session=LONDON | RR=2.00,True
proxy_hardened_no_worst_hours,100,313,412,2023-08-08 13:30:00,2024-02-14 14:00:00,100,36,64,36.0,1.0119335466948816,2.801059393836102,41.67651936359475,10,NEW YORK,18,BUY,V50 realtime loss proxy | variant=proxy_hardened_no_worst_hours | Side=BUY | score=96.0 | opposite_score=4.0 | session=LONDON | RR=2.00,True
proxy_hardened_no_worst_hours,100,314,413,2023-08-09 13:15:00,2024-02-14 15:15:00,100,36,64,36.0,1.0141520179569494,3.3145157436233514,41.67651936359475,10,NEW YORK,18,BUY,V50 realtime loss proxy | variant=proxy_hardened_no_worst_hours | Side=BUY | score=96.0 | opposite_score=4.0 | session=LONDON | RR=2.00,True
proxy_hardened_no_worst_hours,100,315,414,2023-08-10 15:15:00,2024-02-15 13:30:00,100,36,64,36.0,1.0127993696786786,3.0017183130730594,41.67651936359475,10,NEW YORK,18,BUY,V50 realtime loss proxy | variant=proxy_hardened_no_worst_hours | Side=BUY | score=96.0 | opposite_score=4.0 | session=LONDON | RR=2.00,True
proxy_hardened_no_worst_hours,100,316,415,2023-08-15 10:00:00,2024-02-15 19:15:00,100,36,64,36.0,1.0174598392620913,4.075939599484162,41.67651936359475,10,NEW YORK,18,BUY,V50 realtime loss proxy | variant=proxy_hardened_no_worst_hours | Side=BUY | score=96.0 | opposite_score=4.0 | session=LONDON | RR=2.00,True
proxy_hardened_no_worst_hours,100,317,416,2023-08-15 13:30:00,2024-02-20 14:45:00,100,35,65,35.0,0.9893039170499478,-2.5279747025360955,41.67651936359475,10,NEW YORK,18,BUY,V50 realtime loss proxy | variant=proxy_hardened_no_worst_hours | Side=BUY | score=96.0 | opposite_score=4.0 | session=LONDON | RR=2.00,True
proxy_hardened_no_worst_hours,100,318,417,2023-08-21 15:00:00,2024-02-21 13:30:00,100,35,65,35.0,0.9960480613741627,-0.9277000644099274,41.67651936359475,10,NEW YORK,18,BUY,V50 realtime loss proxy | variant=proxy_hardened_no_worst_hours | Side=BUY | score=96.0 | opposite_score=4.0 | session=LONDON | RR=2.00,True
proxy_hardened_no_worst_hours,100,319,418,2023-08-22 14:45:00,2024-02-23 13:45:00,100,36,64,36.0,1.036529888179854,8.44300450871992,41.67651936359475,10,NEW YORK,18,BUY,V50 realtime loss proxy | variant=proxy_hardened_no_worst_hours | Side=BUY | score=96.0 | opposite_score=4.0 | session=LONDON | RR=2.00,True
proxy_hardened_no_worst_hours,100,320,419,2023-08-23 10:45:00,2024-02-23 21:30:00,100,36,64,36.0,1.0426014726889874,9.788965237409458,41.67651936359475,10,NEW YORK,18,BUY,V50 realtime loss proxy | variant=proxy_hardened_no_worst_hours | Side=BUY | score=96.0 | opposite_score=4.0 | session=LONDON | RR=2.00,True
proxy_hardened_no_worst_hours,100,321,420,2023-08-23 13:00:00,2024-02-26 10:00:00,100,35,65,35.0,1.0133618440369319,3.100997328912401,41.67651936359475,10,NEW YORK,18,BUY,V50 realtime loss proxy | variant=proxy_hardened_no_worst_hours | Side=BUY | score=96.0 | opposite_score=4.0 | session=LONDON | RR=2.00,True
proxy_hardened_no_worst_hours,100,322,421,2023-08-25 14:00:00,2024-02-27 10:30:00,100,34,66,34.0,0.9786478559065772,-4.997492947701854,41.67651936359475,10,NEW YORK,18,BUY,V50 realtime loss proxy | variant=proxy_hardened_no_worst_hours | Side=BUY | score=96.0 | opposite_score=4.0 | session=LONDON | RR=2.00,True
proxy_hardened_no_worst_hours,100,323,422,2023-08-30 10:00:00,2024-02-27 14:15:00,100,34,66,34.0,0.9832207374430468,-3.908939846660127,41.67651936359475,10,NEW YORK,18,BUY,V50 realtime loss proxy | variant=proxy_hardened_no_worst_hours | Side=BUY | score=96.0 | opposite_score=4.0 | session=LONDON | RR=2.00,True
proxy_hardened_no_worst_hours,100,324,423,2023-08-30 18:00:00,2024-02-28 14:45:00,100,34,66,34.0,0.9918924474301136,-1.8887561471637984,41.67651936359475,10,NEW YORK,18,BUY,V50 realtime loss proxy | variant=proxy_hardened_no_worst_hours | Side=BUY | score=96.0 | opposite_score=4.0 | session=LONDON | RR=2.00,True
proxy_hardened_no_worst_hours,100,325,424,2023-09-05 13:00:00,2024-03-01 13:15:00,100,34,66,34.0,0.9890096761849724,-2.5677967731864957,41.67651936359475,10,NEW YORK,18,BUY,V50 realtime loss proxy | variant=proxy_hardened_no_worst_hours | Side=BUY | score=96.0 | opposite_score=4.0 | session=LONDON | RR=2.00,True
proxy_hardened_no_worst_hours,100,326,425,2023-09-05 15:00:00,2024-03-01 15:00:00,100,35,65,35.0,1.041009173644573,9.45760048555599,41.67651936359475,10,NEW YORK,18,BUY,V50 realtime loss proxy | variant=proxy_hardened_no_worst_hours | Side=BUY | score=96.0 | opposite_score=4.0 | session=LONDON | RR=2.00,True
proxy_hardened_no_worst_hours,100,327,426,2023-09-08 13:15:00,2024-03-04 10:00:00,100,34,66,34.0,0.999600983560856,-0.09298926319002021,41.67651936359475,10,NEW YORK,18,BUY,V50 realtime loss proxy | variant=proxy_hardened_no_worst_hours | Side=BUY | score=96.0 | opposite_score=4.0 | session=LONDON | RR=2.00,True
proxy_hardened_no_worst_hours,100,328,427,2023-09-11 15:30:00,2024-03-05 14:00:00,100,34,66,34.0,0.9821133014096035,-4.242650806557096,41.67651936359475,10,NEW YORK,18,BUY,V50 realtime loss proxy | variant=proxy_hardened_no_worst_hours | Side=BUY | score=96.0 | opposite_score=4.0 | session=LONDON | RR=2.00,True
proxy_hardened_no_worst_hours,100,329,428,2023-09-12 14:45:00,2024-03-05 18:00:00,100,33,67,33.0,0.9344170944451344,-15.966932405140373,41.67651936359475,10,NEW YORK,18,BUY,V50 realtime loss proxy | variant=proxy_hardened_no_worst_hours | Side=BUY | score=96.0 | opposite_score=4.0 | session=LONDON | RR=2.00,True
proxy_hardened_no_worst_hours,100,330,429,2023-09-13 14:00:00,2024-03-06 10:15:00,100,34,66,34.0,0.9713786287500368,-6.874447980150315,41.67651936359475,10,NEW YORK,18,BUY,V50 realtime loss proxy | variant=proxy_hardened_no_worst_hours | Side=BUY | score=100.0 | opposite_score=8.0 | session=NEW YORK | RR=2.00,True
proxy_hardened_no_worst_hours,100,331,430,2023-09-14 13:15:00,2024-03-06 19:45:00,100,34,66,34.0,0.9895245659602021,-2.51605088194993,41.67651936359475,10,NEW YORK,18,BUY,V50 realtime loss proxy | variant=proxy_hardened_no_worst_hours | Side=BUY | score=76.0 | opposite_score=4.0 | session=LONDON | RR=2.00,True
proxy_hardened_no_worst_hours,100,332,431,2023-09-14 15:30:00,2024-03-07 13:00:00,100,34,66,34.0,0.986475374217733,-3.2584644148419155,41.67651936359475,10,NEW YORK,18,BUY,V50 realtime loss proxy | variant=proxy_hardened_no_worst_hours | Side=BUY | score=76.0 | opposite_score=4.0 | session=LONDON | RR=2.00,True
proxy_hardened_no_worst_hours,100,333,432,2023-09-19 14:30:00,2024-03-08 13:30:00,100,34,66,34.0,0.9778478331824622,-5.384171798513314,41.67651936359475,10,NEW YORK,18,BUY,V50 realtime loss proxy | variant=proxy_hardened_no_worst_hours | Side=BUY | score=76.0 | opposite_score=4.0 | session=LONDON | RR=2.00,True
proxy_hardened_no_worst_hours,100,334,433,2023-09-22 14:00:00,2024-03-08 14:15:00,100,35,65,35.0,1.0544394744266852,13.082203119515711,41.67651936359475,10,NEW YORK,18,BUY,V50 realtime loss proxy | variant=proxy_hardened_no_worst_hours | Side=BUY | score=76.0 | opposite_score=4.0 | session=LONDON | RR=2.00,True
proxy_hardened_no_worst_hours,100,335,434,2023-09-26 10:30:00,2024-03-15 10:30:00,100,35,65,35.0,1.051358366943662,12.377959310830178,41.67651936359475,10,NEW YORK,18,BUY,V50 realtime loss proxy | variant=proxy_hardened_no_worst_hours | Side=BUY | score=96.0 | opposite_score=4.0 | session=LONDON | RR=2.00,True
proxy_hardened_no_worst_hours,100,336,435,2023-10-02 14:00:00,2024-03-18 14:15:00,100,34,66,34.0,1.0209182730941881,5.120347375967626,41.67651936359475,10,NEW YORK,18,BUY,V50 realtime loss proxy | variant=proxy_hardened_no_worst_hours | Side=BUY | score=96.0 | opposite_score=4.0 | session=LONDON | RR=2.00,True
proxy_hardened_no_worst_hours,100,337,436,2023-10-02 15:30:00,2024-03-19 10:45:00,100,34,66,34.0,1.0264855920382046,6.44794614546298,41.67651936359475,10,NEW YORK,18,BUY,V50 realtime loss proxy | variant=proxy_hardened_no_worst_hours | Side=BUY | score=96.0 | opposite_score=4.0 | session=LONDON | RR=2.00,True
proxy_hardened_no_worst_hours,100,338,437,2023-10-04 14:00:00,2024-03-19 14:00:00,100,33,67,33.0,0.9692950982525712,-7.6085282077304,41.67651936359475,10,NEW YORK,18,BUY,V50 realtime loss proxy | variant=proxy_hardened_no_worst_hours | Side=BUY | score=96.0 | opposite_score=4.0 | session=LONDON | RR=2.00,True
proxy_hardened_no_worst_hours,100,339,438,2023-10-05 10:00:00,2024-03-20 13:15:00,100,33,67,33.0,0.9726538168815965,-6.7528543362975775,41.67651936359475,10,NEW YORK,18,BUY,V50 realtime loss proxy | variant=proxy_hardened_no_worst_hours | Side=BUY | score=96.0 | opposite_score=4.0 | session=LONDON | RR=2.00,True
proxy_hardened_no_worst_hours,100,340,439,2023-10-05 13:15:00,2024-03-20 14:30:00,100,33,67,33.0,0.9913958302318672,-2.1247098681890453,41.67651936359475,10,NEW YORK,10,BUY,V50 realtime loss proxy | variant=proxy_hardened_no_worst_hours | Side=BUY | score=96.0 | opposite_score=4.0 | session=LONDON | RR=2.00,True
proxy_hardened_no_worst_hours,100,341,440,2023-10-06 13:00:00,2024-03-25 13:15:00,100,34,66,34.0,1.0354997613293662,8.640749457254042,41.67651936359475,10,NEW YORK,10,BUY,V50 realtime loss proxy | variant=proxy_hardened_no_worst_hours | Side=BUY | score=96.0 | opposite_score=4.0 | session=LONDON | RR=2.00,True
proxy_hardened_no_worst_hours,100,342,441,2023-10-09 14:15:00,2024-03-25 15:15:00,100,34,66,34.0,1.0342671380610764,8.35066556422224,41.67651936359475,10,NEW YORK,10,BUY,V50 realtime loss proxy | variant=proxy_hardened_no_worst_hours | Side=BUY | score=96.0 | opposite_score=4.0 | session=LONDON | RR=2.00,True
proxy_hardened_no_worst_hours,100,343,442,2023-10-11 18:45:00,2024-03-27 13:30:00,100,34,66,34.0,1.0504462902573952,12.2934135364428,41.67651936359475,10,NEW YORK,10,BUY,V50 realtime loss proxy | variant=proxy_hardened_no_worst_hours | Side=BUY | score=96.0 | opposite_score=4.0 | session=LONDON | RR=2.00,True
proxy_hardened_no_worst_hours,100,344,443,2023-10-16 13:00:00,2024-03-28 13:30:00,100,34,66,34.0,1.0784659732758386,19.121617329986744,41.67651936359475,10,NEW YORK,18,BUY,V50 realtime loss proxy | variant=proxy_hardened_no_worst_hours | Side=BUY | score=85.0 | opposite_score=4.0 | session=LONDON | RR=2.00,True
proxy_hardened_no_worst_hours,100,345,444,2023-10-16 13:45:00,2024-04-02 10:15:00,100,34,66,34.0,1.0755598502105292,18.46316752097937,41.67651936359475,10,NEW YORK,10,BUY,V50 realtime loss proxy | variant=proxy_hardened_no_worst_hours | Side=SELL | score=79.0 | opposite_score=26.0 | session=LONDON | RR=2.00,True
proxy_hardened_no_worst_hours,100,346,445,2023-10-17 13:00:00,2024-04-02 13:00:00,100,35,65,35.0,1.1384203309022713,33.23639356587569,41.67651936359475,10,NEW YORK,10,SELL,V50 realtime loss proxy | variant=proxy_hardened_no_worst_hours | Side=SELL | score=79.0 | opposite_score=26.0 | session=LONDON | RR=2.00,False
proxy_hardened_no_worst_hours,100,347,446,2023-10-18 18:00:00,2024-04-03 14:00:00,100,36,64,36.0,1.2097208955899812,49.49547087107499,41.67651936359475,10,NEW YORK,10,SELL,V50 realtime loss proxy | variant=proxy_hardened_no_worst_hours | Side=SELL | score=79.0 | opposite_score=26.0 | session=LONDON | RR=2.00,False
proxy_hardened_no_worst_hours,100,348,447,2023-10-19 10:30:00,2024-04-04 19:00:00,100,36,64,36.0,1.1989878758257686,47.38280462275317,41.67651936359475,10,NEW YORK,10,SELL,V50 realtime loss proxy | variant=proxy_hardened_no_worst_hours | Side=SELL | score=79.0 | opposite_score=26.0 | session=LONDON | RR=2.00,False
proxy_hardened_no_worst_hours,100,349,448,2023-10-19 13:00:00,2024-04-05 13:30:00,100,36,64,36.0,1.233802479339255,55.67282505466393,41.67651936359475,10,NEW YORK,10,SELL,V50 realtime loss proxy | variant=proxy_hardened_no_worst_hours | Side=BUY | score=96.0 | opposite_score=4.0 | session=LONDON | RR=2.00,False
proxy_hardened_no_worst_hours,100,350,449,2023-10-20 13:45:00,2024-04-08 10:15:00,100,35,65,35.0,1.1729906482099268,42.273336385365624,41.67651936359475,10,NEW YORK,10,SELL,V50 realtime loss proxy | variant=proxy_hardened_no_worst_hours | Side=BUY | score=96.0 | opposite_score=4.0 | session=LONDON | RR=2.00,False
proxy_hardened_no_worst_hours,100,351,450,2023-10-23 13:00:00,2024-04-08 19:00:00,100,35,65,35.0,1.1833249423958219,44.798704657848944,41.67651936359474,10,NEW YORK,10,SELL,V50 realtime loss proxy | variant=proxy_hardened_no_worst_hours | Side=BUY | score=96.0 | opposite_score=4.0 | session=LONDON | RR=2.00,False
proxy_hardened_no_worst_hours,100,352,451,2023-10-24 18:30:00,2024-04-09 13:30:00,100,35,65,35.0,1.1711508520688303,42.25850659508184,40.80034426310587,9,NEW YORK,10,SELL,V50 realtime loss proxy | variant=proxy_hardened_no_worst_hours | Side=BUY | score=96.0 | opposite_score=4.0 | session=LONDON | RR=2.00,False
proxy_hardened_no_worst_hours,100,353,452,2023-10-25 14:00:00,2024-04-09 22:00:00,100,35,65,35.0,1.166035116218298,41.175249452080166,40.80034426310587,8,NEW YORK,10,SELL,V50 realtime loss proxy | variant=proxy_hardened_no_worst_hours | Side=BUY | score=96.0 | opposite_score=4.0 | session=LONDON | RR=2.00,False
proxy_hardened_no_worst_hours,100,354,453,2023-10-26 18:00:00,2024-04-11 14:00:00,100,35,65,35.0,1.1599404346085327,39.87222782721007,40.80034426310587,7,NEW YORK,10,SELL,V50 realtime loss proxy | variant=proxy_hardened_no_worst_hours | Side=BUY | score=96.0 | opposite_score=4.0 | session=LONDON | RR=2.00,False
proxy_hardened_no_worst_hours,100,355,454,2023-10-30 14:00:00,2024-04-12 13:00:00,100,36,64,36.0,1.228578823252657,55.95291429678129,40.80034426310587,6,NEW YORK,10,SELL,V50 realtime loss proxy | variant=proxy_hardened_no_worst_hours | Side=BUY | score=96.0 | opposite_score=4.0 | session=LONDON | RR=2.00,False
proxy_hardened_no_worst_hours,100,356,455,2023-11-01 14:45:00,2024-04-16 15:15:00,100,36,64,36.0,1.2000433856623225,50.132226465851794,40.80034426310584,5,NEW YORK,10,SELL,V50 realtime loss proxy | variant=proxy_hardened_no_worst_hours | Side=BUY | score=96.0 | opposite_score=4.0 | session=LONDON | RR=2.00,False
proxy_hardened_no_worst_hours,100,357,456,2023-11-02 10:00:00,2024-04-18 15:15:00,100,36,64,36.0,1.1801660580322437,45.911301103363954,40.80034426310584,5,NEW YORK,10,SELL,V50 realtime loss proxy | variant=proxy_hardened_no_worst_hours | Side=BUY | score=96.0 | opposite_score=4.0 | session=LONDON | RR=2.00,False
proxy_hardened_no_worst_hours,100,358,457,2023-11-03 10:15:00,2024-04-19 14:15:00,100,36,64,36.0,1.1535832263848218,40.039126878338735,40.80034426310584,5,NEW YORK,10,SELL,V50 realtime loss proxy | variant=proxy_hardened_no_worst_hours | Side=BUY | score=96.0 | opposite_score=4.0 | session=LONDON | RR=2.00,False
proxy_hardened_no_worst_hours,100,359,458,2023-11-03 13:45:00,2024-04-23 10:30:00,100,36,64,36.0,1.132042738136869,35.078534615948016,40.80034426310584,5,NEW YORK,10,SELL,V50 realtime loss proxy | variant=proxy_hardened_no_worst_hours | Side=BUY | score=96.0 | opposite_score=4.0 | session=LONDON | RR=2.00,False
proxy_hardened_no_worst_hours,100,360,459,2023-11-07 14:30:00,2024-04-24 10:00:00,100,36,64,36.0,1.1413931975797451,37.25486383056365,45.34059152859227,5,NEW YORK,10,SELL,V50 realtime loss proxy | variant=proxy_hardened_no_worst_hours | Side=BUY | score=96.0 | opposite_score=4.0 | session=LONDON | RR=2.00,False
proxy_hardened_no_worst_hours,100,361,460,2023-11-08 14:30:00,2024-04-26 13:00:00,100,36,64,36.0,1.133814724133127,35.49372292291129,50.98150109853239,6,NEW YORK,10,SELL,V50 realtime loss proxy | variant=proxy_hardened_no_worst_hours | Side=BUY | score=96.0 | opposite_score=4.0 | session=LONDON | RR=2.00,False
proxy_hardened_no_worst_hours,100,362,461,2023-11-09 10:45:00,2024-04-30 13:45:00,100,36,64,36.0,1.1551691579227,41.15788552544156,50.98150109853239,6,NEW YORK,10,SELL,V50 realtime loss proxy | variant=proxy_hardened_no_worst_hours | Side=BUY | score=96.0 | opposite_score=4.0 | session=LONDON | RR=2.00,False
proxy_hardened_no_worst_hours,100,363,462,2023-11-10 10:45:00,2024-05-02 14:15:00,100,36,64,36.0,1.131047170065144,35.500965633969386,50.98150109853239,6,NEW YORK,10,SELL,V50 realtime loss proxy | variant=proxy_hardened_no_worst_hours | Side=BUY | score=96.0 | opposite_score=4.0 | session=LONDON | RR=2.00,False
proxy_hardened_no_worst_hours,100,364,463,2023-11-10 15:00:00,2024-05-06 14:15:00,100,35,65,35.0,1.0873854544392123,24.260847539052307,54.16722225070045,6,NEW YORK,10,SELL,V50 realtime loss proxy | variant=proxy_hardened_no_worst_hours | Side=BUY | score=96.0 | opposite_score=4.0 | session=LONDON | RR=2.00,True
proxy_hardened_no_worst_hours,100,365,464,2023-11-14 21:30:00,2024-05-10 14:30:00,100,34,66,34.0,1.02983101178882,8.503560508151178,61.59467976487676,6,NEW YORK,10,SELL,V50 realtime loss proxy | variant=proxy_hardened_no_worst_hours | Side=BUY | score=96.0 | opposite_score=4.0 | session=LONDON | RR=2.00,True
proxy_hardened_no_worst_hours,100,366,465,2023-11-15 13:00:00,2024-05-10 18:00:00,100,33,67,33.0,0.9929077937292163,-2.061841019161646,67.25621813950892,6,NEW YORK,10,SELL,V50 realtime loss proxy | variant=proxy_hardened_no_worst_hours | Side=BUY | score=96.0 | opposite_score=4.0 | session=LONDON | RR=2.00,True
proxy_hardened_no_worst_hours,100,367,466,2023-11-16 10:00:00,2024-05-14 10:15:00,100,33,67,33.0,0.9881084915714945,-3.473881928182209,71.03769947912474,6,NEW YORK,10,SELL,V50 realtime loss proxy | variant=proxy_hardened_no_worst_hours | Side=BUY | score=96.0 | opposite_score=4.0 | session=LONDON | RR=2.00,True
proxy_hardened_no_worst_hours,100,368,467,2023-11-16 13:30:00,2024-05-14 15:00:00,100,34,66,34.0,1.0369085095601651,10.706588662195145,71.03769947912474,6,NEW YORK,10,SELL,V50 realtime loss proxy | variant=proxy_hardened_no_worst_hours | Side=BUY | score=96.0 | opposite_score=4.0 | session=LONDON | RR=2.00,True
proxy_hardened_no_worst_hours,100,369,468,2023-11-17 13:00:00,2024-05-15 14:15:00,100,34,66,34.0,1.0761506977858353,22.09014146732261,71.03769947912475,6,NEW YORK,10,SELL,V50 realtime loss proxy | variant=proxy_hardened_no_worst_hours | Side=BUY | score=96.0 | opposite_score=4.0 | session=LONDON | RR=2.00,True
proxy_hardened_no_worst_hours,100,370,469,2023-11-20 21:00:00,2024-05-17 10:00:00,100,35,65,35.0,1.113534624778365,32.56230420046496,71.03769947912474,6,NEW YORK,10,SELL,V50 realtime loss proxy | variant=proxy_hardened_no_worst_hours | Side=BUY | score=96.0 | opposite_score=4.0 | session=LONDON | RR=2.00,False
proxy_hardened_no_worst_hours,100,371,470,2023-11-21 19:15:00,2024-05-20 10:00:00,100,34,66,34.0,1.0693090401500698,20.359793224048424,71.03769947912475,6,NEW YORK,10,SELL,V50 realtime loss proxy | variant=proxy_hardened_no_worst_hours | Side=BUY | score=96.0 | opposite_score=4.0 | session=LONDON | RR=2.00,True
proxy_hardened_no_worst_hours,100,372,471,2023-11-22 10:45:00,2024-05-20 19:00:00,100,34,66,34.0,1.0601555915432292,17.823504927210486,71.03769947912475,6,NEW YORK,10,SELL,V50 realtime loss proxy | variant=proxy_hardened_no_worst_hours | Side=BUY | score=96.0 | opposite_score=4.0 | session=LONDON | RR=2.00,True
proxy_hardened_no_worst_hours,100,373,472,2023-11-24 13:00:00,2024-05-21 13:00:00,100,34,66,34.0,1.048742315836434,14.599032812838692,71.03769947912474,6,NEW YORK,10,SELL,V50 realtime loss proxy | variant=proxy_hardened_no_worst_hours | Side=BUY | score=96.0 | opposite_score=4.0 | session=LONDON | RR=2.00,True
proxy_hardened_no_worst_hours,100,374,473,2023-11-24 15:30:00,2024-05-22 14:00:00,100,34,66,34.0,1.0849506850658313,25.443966243027276,71.03769947912475,6,NEW YORK,10,SELL,V50 realtime loss proxy | variant=proxy_hardened_no_worst_hours | Side=BUY | score=96.0 | opposite_score=4.0 | session=LONDON | RR=2.00,True
proxy_hardened_no_worst_hours,100,375,474,2023-11-27 10:15:00,2024-05-23 14:00:00,100,34,66,34.0,1.1170232836975387,35.050176202122216,71.03769947912475,6,NEW YORK,10,BUY,V50 realtime loss proxy | variant=proxy_hardened_no_worst_hours | Side=BUY | score=96.0 | opposite_score=4.0 | session=LONDON | RR=2.00,False
proxy_hardened_no_worst_hours,100,376,475,2023-11-27 15:15:00,2024-05-28 10:00:00,100,34,66,34.0,1.1142797312051305,34.31271875025506,71.03769947912475,6,NEW YORK,10,BUY,V50 realtime loss proxy | variant=proxy_hardened_no_worst_hours | Side=BUY | score=96.0 | opposite_score=4.0 | session=LONDON | RR=2.00,False
proxy_hardened_no_worst_hours,100,377,476,2023-12-01 10:15:00,2024-05-28 14:15:00,100,34,66,34.0,1.1056268487574945,31.962879533286255,71.03769947912475,6,NEW YORK,10,BUY,V50 realtime loss proxy | variant=proxy_hardened_no_worst_hours | Side=BUY | score=100.0 | opposite_score=8.0 | session=NEW YORK | RR=2.00,False
proxy_hardened_no_worst_hours,100,378,477,2023-12-11 13:00:00,2024-05-29 13:15:00,100,35,65,35.0,1.1538555315752197,46.121405214087666,71.03769947912474,6,NEW YORK,10,BUY,V50 realtime loss proxy | variant=proxy_hardened_no_worst_hours | Side=BUY | score=100.0 | opposite_score=8.0 | session=NEW YORK | RR=2.00,False
proxy_hardened_no_worst_hours,100,379,478,2023-12-12 15:15:00,2024-05-30 14:45:00,100,34,66,34.0,1.1104466082373783,33.77933466049832,71.03769947912475,6,NEW YORK,10,BUY,V50 realtime loss proxy | variant=proxy_hardened_no_worst_hours | Side=BUY | score=100.0 | opposite_score=8.0 | session=NEW YORK | RR=2.00,False
proxy_hardened_no_worst_hours,100,380,479,2023-12-14 10:30:00,2024-06-04 14:00:00,100,33,67,33.0,1.054068750916429,16.91099081441576,71.03769947912475,6,NEW YORK,10,SELL,V50 realtime loss proxy | variant=proxy_hardened_no_worst_hours | Side=BUY | score=100.0 | opposite_score=8.0 | session=NEW YORK | RR=2.00,True
proxy_hardened_no_worst_hours,100,381,480,2023-12-14 13:45:00,2024-06-06 14:45:00,100,34,66,34.0,1.108061702612613,33.32536391660028,71.03769947912475,6,NEW YORK,10,SELL,V50 realtime loss proxy | variant=proxy_hardened_no_worst_hours | Side=BUY | score=100.0 | opposite_score=8.0 | session=NEW YORK | RR=2.00,False
proxy_hardened_no_worst_hours,100,382,481,2023-12-18 18:00:00,2024-06-06 18:00:00,100,34,66,34.0,1.113970843000625,35.147695502201266,71.03769947912475,6,NEW YORK,10,SELL,V50 realtime loss proxy | variant=proxy_hardened_no_worst_hours | Side=BUY | score=96.0 | opposite_score=4.0 | session=LONDON | RR=2.00,False
proxy_hardened_no_worst_hours,100,383,482,2023-12-19 18:30:00,2024-06-11 18:45:00,100,35,65,35.0,1.1574339150687678,47.862496015134184,71.03769947912475,6,NEW YORK,10,SELL,V50 realtime loss proxy | variant=proxy_hardened_no_worst_hours | Side=BUY | score=96.0 | opposite_score=4.0 | session=LONDON | RR=2.00,False
proxy_hardened_no_worst_hours,100,384,483,2023-12-20 14:00:00,2024-06-13 14:00:00,100,35,65,35.0,1.139627170758986,43.112220764740414,71.03769947912475,6,NEW YORK,10,SELL,V50 realtime loss proxy | variant=proxy_hardened_no_worst_hours | Side=BUY | score=96.0 | opposite_score=4.0 | session=LONDON | RR=2.00,False
proxy_hardened_no_worst_hours,100,385,484,2023-12-21 13:00:00,2024-06-14 13:30:00,100,35,65,35.0,1.1290945199488391,40.2319199777935,71.03769947912475,6,NEW YORK,10,SELL,V50 realtime loss proxy | variant=proxy_hardened_no_worst_hours | Side=BUY | score=96.0 | opposite_score=4.0 | session=LONDON | RR=2.00,False
proxy_hardened_no_worst_hours,100,386,485,2023-12-21 14:00:00,2024-06-17 13:30:00,100,35,65,35.0,1.1216300069921803,38.15789105399518,71.03769947912475,6,NEW YORK,10,SELL,V50 realtime loss proxy | variant=proxy_hardened_no_worst_hours | Side=BUY | score=96.0 | opposite_score=4.0 | session=LONDON | RR=2.00,False
proxy_hardened_no_worst_hours,100,387,486,2023-12-26 10:30:00,2024-06-17 15:15:00,100,34,66,34.0,1.0779924957484741,24.85888375890181,71.03769947912475,6,NEW YORK,10,SELL,V50 realtime loss proxy | variant=proxy_hardened_no_worst_hours | Side=BUY | score=96.0 | opposite_score=4.0 | session=LONDON | RR=2.00,True
proxy_hardened_no_worst_hours,100,388,487,2023-12-27 18:45:00,2024-06-18 18:00:00,100,35,65,35.0,1.1183364942030727,37.49465774898135,71.03769947912475,6,NEW YORK,10,SELL,V50 realtime loss proxy | variant=proxy_hardened_no_worst_hours | Side=BUY | score=96.0 | opposite_score=4.0 | session=LONDON | RR=2.00,False
proxy_hardened_no_worst_hours,100,389,488,2024-01-02 10:00:00,2024-06-20 10:30:00,100,34,66,34.0,1.0812434129046546,26.036327370928127,71.03769947912475,6,NEW YORK,10,SELL,V50 realtime loss proxy | variant=proxy_hardened_no_worst_hours | Side=BUY | score=96.0 | opposite_score=4.0 | session=LONDON | RR=2.00,True
proxy_hardened_no_worst_hours,100,390,489,2024-01-08 13:00:00,2024-06-20 13:00:00,100,35,65,35.0,1.123049959992731,39.024290885554365,71.03769947912475,6,NEW YORK,10,SELL,V50 realtime loss proxy | variant=proxy_hardened_no_worst_hours | Side=BUY | score=100.0 | opposite_score=8.0 | session=NEW YORK | RR=2.00,False
proxy_hardened_no_worst_hours,100,391,490,2024-01-12 15:45:00,2024-06-21 10:45:00,100,35,65,35.0,1.12605801096177,39.871475323475806,71.03769947912475,6,NEW YORK,10,SELL,V50 realtime loss proxy | variant=proxy_hardened_no_worst_hours | Side=BUY | score=100.0 | opposite_score=8.0 | session=NEW YORK | RR=2.00,False
proxy_hardened_no_worst_hours,100,392,491,2024-01-12 19:00:00,2024-06-24 10:15:00,100,35,65,35.0,1.131235739946778,41.31917358377041,71.03769947912475,6,NEW YORK,10,SELL,V50 realtime loss proxy | variant=proxy_hardened_no_worst_hours | Side=BUY | score=100.0 | opposite_score=8.0 | session=NEW YORK | RR=2.00,False
proxy_hardened_no_worst_hours,100,393,492,2024-01-16 14:45:00,2024-06-25 13:45:00,100,35,65,35.0,1.1310996024688496,41.27631111289111,71.03769947912475,6,NEW YORK,10,SELL,V50 realtime loss proxy | variant=proxy_hardened_no_worst_hours | Side=BUY | score=100.0 | opposite_score=8.0 | session=NEW YORK | RR=2.00,False
proxy_hardened_no_worst_hours,100,394,493,2024-01-17 14:00:00,2024-06-26 10:00:00,100,35,65,35.0,1.1226260854689754,38.60845005671218,71.03769947912475,6,NEW YORK,10,SELL,V50 realtime loss proxy | variant=proxy_hardened_no_worst_hours | Side=BUY | score=100.0 | opposite_score=8.0 | session=NEW YORK | RR=2.00,False
proxy_hardened_no_worst_hours,100,395,494,2024-01-19 19:45:00,2024-06-27 18:45:00,100,34,66,34.0,1.078489634686098,25.048801984467445,71.03769947912477,6,NEW YORK,10,SELL,V50 realtime loss proxy | variant=proxy_hardened_no_worst_hours | Side=BUY | score=100.0 | opposite_score=8.0 | session=NEW YORK | RR=2.00,True
proxy_hardened_no_worst_hours,100,396,495,2024-01-22 10:00:00,2024-06-28 14:00:00,100,34,66,34.0,1.0721115782910822,23.15024769403864,71.03769947912477,6,NEW YORK,10,SELL,V50 realtime loss proxy | variant=proxy_hardened_no_worst_hours | Side=BUY | score=100.0 | opposite_score=8.0 | session=NEW YORK | RR=2.00,True
proxy_hardened_no_worst_hours,100,397,496,2024-01-22 14:00:00,2024-07-03 18:00:00,100,34,66,34.0,1.0656060489975743,21.190335564289626,71.03769947912475,6,NEW YORK,10,SELL,V50 realtime loss proxy | variant=proxy_hardened_no_worst_hours | Side=BUY | score=100.0 | opposite_score=8.0 | session=NEW YORK | RR=2.00,True
proxy_hardened_no_worst_hours,100,398,497,2024-01-23 14:30:00,2024-07-04 10:15:00,100,34,66,34.0,1.0673937708651464,21.731300652922542,71.03769947912475,6,NEW YORK,10,SELL,V50 realtime loss proxy | variant=proxy_hardened_no_worst_hours | Side=BUY | score=100.0 | opposite_score=8.0 | session=NEW YORK | RR=2.00,True
proxy_hardened_no_worst_hours,100,399,498,2024-01-23 21:00:00,2024-07-05 10:45:00,100,34,66,34.0,1.0697337946813903,22.436660160794425,71.03769947912475,6,NEW YORK,10,SELL,V50 realtime loss proxy | variant=proxy_hardened_no_worst_hours | Side=BUY | score=100.0 | opposite_score=8.0 | session=NEW YORK | RR=2.00,True
proxy_hardened_no_worst_hours,100,400,499,2024-01-24 10:30:00,2024-07-10 15:15:00,100,34,66,34.0,1.0621311060625778,20.13360687270098,71.03769947912475,6,NEW YORK,10,SELL,V50 realtime loss proxy | variant=proxy_hardened_no_worst_hours | Side=BUY | score=100.0 | opposite_score=8.0 | session=NEW YORK | RR=2.00,True
proxy_hardened_no_worst_hours,100,401,500,2024-01-24 13:30:00,2024-07-11 10:15:00,100,33,67,33.0,1.0339037277496765,11.094281280849383,71.03769947912475,7,NEW YORK,10,SELL,V50 realtime loss proxy | variant=proxy_hardened_no_worst_hours | Side=BUY | score=96.0 | opposite_score=4.0 | session=LONDON | RR=2.00,True
proxy_hardened_no_worst_hours,100,402,501,2024-01-26 15:30:00,2024-07-12 19:15:00,100,33,67,33.0,1.0336811857756234,11.023831921976363,71.03769947912475,8,NEW YORK,10,SELL,V50 realtime loss proxy | variant=proxy_hardened_no_worst_hours | Side=BUY | score=100.0 | opposite_score=8.0 | session=NEW YORK | RR=2.00,True
proxy_hardened_no_worst_hours,100,403,502,2024-01-29 13:00:00,2024-07-15 10:00:00,100,34,66,34.0,1.0665297471462587,21.520727172923227,71.03769947912475,8,NEW YORK,10,SELL,V50 realtime loss proxy | variant=proxy_hardened_no_worst_hours | Side=BUY | score=100.0 | opposite_score=8.0 | session=NEW YORK | RR=2.00,True
proxy_hardened_no_worst_hours,100,404,503,2024-01-30 10:00:00,2024-07-15 13:30:00,100,34,66,34.0,1.0808168400429585,26.14224824451458,71.03769947912475,8,NEW YORK,10,SELL,V50 realtime loss proxy | variant=proxy_hardened_no_worst_hours | Side=BUY | score=100.0 | opposite_score=8.0 | session=NEW YORK | RR=2.00,True
proxy_hardened_no_worst_hours,100,405,504,2024-01-31 10:00:00,2024-07-16 13:15:00,100,35,65,35.0,1.1240648169524938,39.83128840553424,71.03769947912475,8,NEW YORK,10,SELL,V50 realtime loss proxy | variant=proxy_hardened_no_worst_hours | Side=BUY | score=100.0 | opposite_score=8.0 | session=NEW YORK | RR=2.00,False
proxy_hardened_no_worst_hours,100,406,505,2024-01-31 19:30:00,2024-07-17 10:00:00,100,34,66,34.0,1.0927854546281277,30.29807559551751,71.03769947912475,8,NEW YORK,10,SELL,V50 realtime loss proxy | variant=proxy_hardened_no_worst_hours | Side=BUY | score=96.0 | opposite_score=4.0 | session=LONDON | RR=2.00,True
proxy_hardened_no_worst_hours,100,407,506,2024-02-01 15:00:00,2024-07-17 13:30:00,100,34,66,34.0,1.09002068383772,29.469829230934018,71.03769947912475,8,NEW YORK,10,SELL,V50 realtime loss proxy | variant=proxy_hardened_no_worst_hours | Side=BUY | score=96.0 | opposite_score=4.0 | session=LONDON | RR=2.00,True
proxy_hardened_no_worst_hours,100,408,507,2024-02-01 18:15:00,2024-07-19 15:15:00,100,33,67,33.0,1.0323093664357474,10.816852207170554,71.03769947912475,8,NEW YORK,10,SELL,V50 realtime loss proxy | variant=proxy_hardened_no_worst_hours | Side=BUY | score=96.0 | opposite_score=4.0 | session=LONDON | RR=2.00,True
proxy_hardened_no_worst_hours,100,409,508,2024-02-05 15:00:00,2024-07-22 13:00:00,100,34,66,34.0,1.0876991991253315,28.78740109034881,71.03769947912475,8,NEW YORK,10,SELL,V50 realtime loss proxy | variant=proxy_hardened_no_worst_hours | Side=BUY | score=96.0 | opposite_score=4.0 | session=LONDON | RR=2.00,True
proxy_hardened_no_worst_hours,100,410,509,2024-02-06 10:15:00,2024-07-23 19:00:00,100,35,65,35.0,1.127486731488768,41.293909678276144,71.03769947912475,8,NEW YORK,10,SELL,V50 realtime loss proxy | variant=proxy_hardened_no_worst_hours | Side=BUY | score=96.0 | opposite_score=4.0 | session=LONDON | RR=2.00,False
proxy_hardened_no_worst_hours,100,411,510,2024-02-07 15:15:00,2024-07-24 10:15:00,100,36,64,36.0,1.1597094981645346,51.330868226623366,71.03769947912475,8,NEW YORK,10,SELL,V50 realtime loss proxy | variant=proxy_hardened_no_worst_hours | Side=BUY | score=96.0 | opposite_score=4.0 | session=LONDON | RR=2.00,False
proxy_hardened_no_worst_hours,100,412,511,2024-02-14 14:00:00,2024-07-24 13:00:00,100,37,63,37.0,1.2037579861544359,64.65650622597333,71.03769947912475,8,NEW YORK,10,SELL,V50 realtime loss proxy | variant=proxy_hardened_no_worst_hours | Side=BUY | score=96.0 | opposite_score=4.0 | session=LONDON | RR=2.00,False
proxy_hardened_no_worst_hours,100,413,512,2024-02-14 15:15:00,2024-07-25 13:30:00,100,37,63,37.0,1.2389512118864694,75.82402442538594,71.03769947912475,8,NEW YORK,10,SELL,V50 realtime loss proxy | variant=proxy_hardened_no_worst_hours | Side=BUY | score=96.0 | opposite_score=4.0 | session=LONDON | RR=2.00,False
proxy_hardened_no_worst_hours,100,414,513,2024-02-15 13:30:00,2024-07-26 14:45:00,100,38,62,38.0,1.2966423849761581,92.99066578715068,71.03769947912475,8,NEW YORK,10,SELL,V50 realtime loss proxy | variant=proxy_hardened_no_worst_hours | Side=BUY | score=96.0 | opposite_score=4.0 | session=LONDON | RR=2.00,False
proxy_hardened_no_worst_hours,100,415,514,2024-02-15 19:15:00,2024-07-31 10:15:00,100,39,61,39.0,1.336690997781143,104.56912260615175,71.03769947912475,8,NEW YORK,10,SELL,V50 realtime loss proxy | variant=proxy_hardened_no_worst_hours | Side=BUY | score=96.0 | opposite_score=4.0 | session=LONDON | RR=2.00,False
proxy_hardened_no_worst_hours,100,416,515,2024-02-20 14:45:00,2024-07-31 14:15:00,100,40,60,40.0,1.3856555552442138,118.46644126698337,71.03769947912475,8,NEW YORK,10,SELL,V50 realtime loss proxy | variant=proxy_hardened_no_worst_hours | Side=BUY | score=96.0 | opposite_score=4.0 | session=LONDON | RR=2.00,False
proxy_hardened_no_worst_hours,100,417,516,2024-02-21 13:30:00,2024-08-01 14:45:00,100,40,60,40.0,1.3615108051750895,113.0189395885798,71.03769947912475,8,NEW YORK,10,SELL,V50 realtime loss proxy | variant=proxy_hardened_no_worst_hours | Side=BUY | score=96.0 | opposite_score=4.0 | session=LONDON | RR=2.00,False
proxy_hardened_no_worst_hours,100,418,517,2024-02-23 13:45:00,2024-08-01 22:00:00,100,40,60,40.0,1.3483460863394752,109.96654865468102,71.03769947912475,8,NEW YORK,10,SELL,V50 realtime loss proxy | variant=proxy_hardened_no_worst_hours | Side=BUY | score=96.0 | opposite_score=4.0 | session=LONDON | RR=2.00,False
proxy_hardened_no_worst_hours,100,419,518,2024-02-23 21:30:00,2024-08-02 13:15:00,100,39,61,39.0,1.2949780095470669,95.64678796394949,71.03769947912475,8,NEW YORK,10,SELL,V50 realtime loss proxy | variant=proxy_hardened_no_worst_hours | Side=BUY | score=96.0 | opposite_score=4.0 | session=LONDON | RR=2.00,False
proxy_hardened_no_worst_hours,100,420,519,2024-02-26 10:00:00,2024-08-05 14:45:00,100,39,61,39.0,1.2529799450282122,84.77838065540624,71.03769947912475,8,NEW YORK,10,SELL,V50 realtime loss proxy | variant=proxy_hardened_no_worst_hours | Side=BUY | score=96.0 | opposite_score=4.0 | session=LONDON | RR=2.00,False
proxy_hardened_no_worst_hours,100,421,520,2024-02-27 10:30:00,2024-08-08 13:00:00,100,40,60,40.0,1.2952166351006305,98.25412019245849,71.03769947912475,8,NEW YORK,10,SELL,V50 realtime loss proxy | variant=proxy_hardened_no_worst_hours | Side=BUY | score=96.0 | opposite_score=4.0 | session=LONDON | RR=2.00,False
proxy_hardened_no_worst_hours,100,422,521,2024-02-27 14:15:00,2024-08-08 15:00:00,100,41,59,41.0,1.3515145566269542,116.29783340391491,71.03769947912475,8,NEW YORK,10,SELL,V50 realtime loss proxy | variant=proxy_hardened_no_worst_hours | Side=BUY | score=96.0 | opposite_score=4.0 | session=LONDON | RR=2.00,False
proxy_hardened_no_worst_hours,100,423,522,2024-02-28 14:45:00,2024-08-09 13:00:00,100,41,59,41.0,1.3440831422301533,114.46858091333095,71.03769947912474,8,NEW YORK,10,SELL,V50 realtime loss proxy | variant=proxy_hardened_no_worst_hours | Side=BUY | score=96.0 | opposite_score=4.0 | session=LONDON | RR=2.00,False
proxy_hardened_no_worst_hours,100,424,523,2024-03-01 13:15:00,2024-08-09 14:00:00,100,40,60,40.0,1.3063310011275489,103.63005061340351,71.03769947912475,8,NEW YORK,10,SELL,V50 realtime loss proxy | variant=proxy_hardened_no_worst_hours | Side=BUY | score=96.0 | opposite_score=4.0 | session=LONDON | RR=2.00,False
proxy_hardened_no_worst_hours,100,425,524,2024-03-01 15:00:00,2024-08-13 14:30:00,100,40,60,40.0,1.29362105018982,100.30627604744089,71.03769947912475,8,NEW YORK,10,SELL,V50 realtime loss proxy | variant=proxy_hardened_no_worst_hours | Side=BUY | score=96.0 | opposite_score=4.0 | session=LONDON | RR=2.00,False
proxy_hardened_no_worst_hours,100,426,525,2024-03-04 10:00:00,2024-08-19 14:45:00,100,40,60,40.0,1.305103970417383,104.22904985889642,71.03769947912475,8,NEW YORK,10,SELL,V50 realtime loss proxy | variant=proxy_hardened_no_worst_hours | Side=BUY | score=96.0 | opposite_score=4.0 | session=LONDON | RR=2.00,False
proxy_hardened_no_worst_hours,100,427,526,2024-03-05 14:00:00,2024-08-20 14:30:00,100,40,60,40.0,1.2877427775493846,99.6233953283418,71.03769947912475,8,NEW YORK,10,SELL,V50 realtime loss proxy | variant=proxy_hardened_no_worst_hours | Side=BUY | score=96.0 | opposite_score=4.0 | session=LONDON | RR=2.00,False
proxy_hardened_no_worst_hours,100,428,527,2024-03-05 18:00:00,2024-08-20 22:15:00,100,40,60,40.0,1.2951270029860191,101.59740600043693,71.03769947912475,8,NEW YORK,10,SELL,V50 realtime loss proxy | variant=proxy_hardened_no_worst_hours | Side=BUY | score=96.0 | opposite_score=4.0 | session=LONDON | RR=2.00,False
proxy_hardened_no_worst_hours,100,429,528,2024-03-06 10:15:00,2024-08-21 19:00:00,100,40,60,40.0,1.2959991775375548,101.82907736499968,71.03769947912474,8,NEW YORK,10,SELL,V50 realtime loss proxy | variant=proxy_hardened_no_worst_hours | Side=BUY | score=96.0 | opposite_score=4.0 | session=LONDON | RR=2.00,False
proxy_hardened_no_worst_hours,100,430,529,2024-03-06 19:45:00,2024-08-23 10:15:00,100,40,60,40.0,1.2990307232369873,102.8719839843057,71.03769947912475,8,NEW YORK,10,SELL,V50 realtime loss proxy | variant=proxy_hardened_no_worst_hours | Side=BUY | score=96.0 | opposite_score=4.0 | session=LONDON | RR=2.00,False
proxy_hardened_no_worst_hours,100,431,530,2024-03-07 13:00:00,2024-08-23 14:00:00,100,39,61,39.0,1.2422224521057272,84.84737294074016,71.03769947912475,8,NEW YORK,10,SELL,V50 realtime loss proxy | variant=proxy_hardened_no_worst_hours | Side=BUY | score=96.0 | opposite_score=4.0 | session=LONDON | RR=2.00,False
proxy_hardened_no_worst_hours,100,432,531,2024-03-08 13:30:00,2024-08-26 13:00:00,100,39,61,39.0,1.2410286552218128,84.51041737421023,71.03769947912475,8,NEW YORK,10,SELL,V50 realtime loss proxy | variant=proxy_hardened_no_worst_hours | Side=BUY | score=96.0 | opposite_score=4.0 | session=LONDON | RR=2.00,False
proxy_hardened_no_worst_hours,100,433,532,2024-03-08 14:15:00,2024-08-26 19:00:00,100,39,61,39.0,1.2482723257314454,86.54507300235403,71.03769947912475,8,NEW YORK,10,SELL,V50 realtime loss proxy | variant=proxy_hardened_no_worst_hours | Side=BUY | score=96.0 | opposite_score=4.0 | session=LONDON | RR=2.00,False
proxy_hardened_no_worst_hours,100,434,533,2024-03-15 10:30:00,2024-08-28 13:30:00,100,38,62,38.0,1.1823669210286283,64.690034457708,71.03769947912475,8,NEW YORK,10,SELL,V50 realtime loss proxy | variant=proxy_hardened_no_worst_hours | Side=BUY | score=96.0 | opposite_score=4.0 | session=LONDON | RR=2.00,False
proxy_hardened_no_worst_hours,100,435,534,2024-03-18 14:15:00,2024-08-29 13:45:00,100,38,62,38.0,1.1726628580537957,61.754604291294115,71.03769947912475,8,NEW YORK,10,SELL,V50 realtime loss proxy | variant=proxy_hardened_no_worst_hours | Side=BUY | score=96.0 | opposite_score=4.0 | session=LONDON | RR=2.00,False
proxy_hardened_no_worst_hours,100,436,535,2024-03-19 10:45:00,2024-09-03 13:00:00,100,39,61,39.0,1.22095560113164,78.19461772078107,71.03769947912475,8,NEW YORK,10,SELL,V50 realtime loss proxy | variant=proxy_hardened_no_worst_hours | Side=BUY | score=96.0 | opposite_score=4.0 | session=LONDON | RR=2.00,False
proxy_hardened_no_worst_hours,100,437,536,2024-03-19 14:00:00,2024-09-03 15:30:00,100,39,61,39.0,1.2054969859064508,73.6564942874034,71.03769947912475,8,NEW YORK,15,SELL,V50 realtime loss proxy | variant=proxy_hardened_no_worst_hours | Side=BUY | score=96.0 | opposite_score=4.0 | session=LONDON | RR=2.00,False
proxy_hardened_no_worst_hours,100,438,537,2024-03-20 13:15:00,2024-09-04 10:00:00,100,39,61,39.0,1.2033904667276913,73.02906550265385,71.03769947912475,8,NEW YORK,10,SELL,V50 realtime loss proxy | variant=proxy_hardened_no_worst_hours | Side=BUY | score=96.0 | opposite_score=4.0 | session=LONDON | RR=2.00,False
proxy_hardened_no_worst_hours,100,439,538,2024-03-20 14:30:00,2024-09-05 13:15:00,100,39,61,39.0,1.1963233500182566,70.90797678212589,71.03769947912475,8,NEW YORK,10,SELL,V50 realtime loss proxy | variant=proxy_hardened_no_worst_hours | Side=BUY | score=96.0 | opposite_score=4.0 | session=LONDON | RR=2.00,False
proxy_hardened_no_worst_hours,100,440,539,2024-03-25 13:15:00,2024-09-05 14:15:00,100,38,62,38.0,1.1523202390624563,55.959399585358426,71.03769947912475,8,NEW YORK,10,SELL,V50 realtime loss proxy | variant=proxy_hardened_no_worst_hours | Side=BUY | score=96.0 | opposite_score=4.0 | session=LONDON | RR=2.00,False
proxy_hardened_no_worst_hours,100,441,540,2024-03-25 15:15:00,2024-09-10 10:45:00,100,38,62,38.0,1.150073743385255,55.134082148614254,71.03769947912475,8,NEW YORK,15,SELL,V50 realtime loss proxy | variant=proxy_hardened_no_worst_hours | Side=BUY | score=96.0 | opposite_score=4.0 | session=LONDON | RR=2.00,False
proxy_hardened_no_worst_hours,100,442,541,2024-03-27 13:30:00,2024-09-10 15:00:00,100,39,61,39.0,1.1916252452951532,69.60252667682113,71.03769947912475,8,NEW YORK,10,SELL,V50 realtime loss proxy | variant=proxy_hardened_no_worst_hours | Side=BUY | score=96.0 | opposite_score=4.0 | session=LONDON | RR=2.00,False
proxy_hardened_no_worst_hours,100,443,542,2024-03-28 13:30:00,2024-09-11 14:45:00,100,38,62,38.0,1.1393048742688858,51.6081163325221,71.03769947912475,8,NEW YORK,14,SELL,V50 realtime loss proxy | variant=proxy_hardened_no_worst_hours | Side=BUY | score=96.0 | opposite_score=4.0 | session=LONDON | RR=2.00,False
proxy_hardened_no_worst_hours,100,444,543,2024-04-02 10:15:00,2024-09-12 10:15:00,100,37,63,37.0,1.095183542936075,35.5496503766763,71.03769947912477,8,NEW YORK,14,SELL,V50 realtime loss proxy | variant=proxy_hardened_no_worst_hours | Side=BUY | score=96.0 | opposite_score=4.0 | session=LONDON | RR=2.00,True
proxy_hardened_no_worst_hours,100,445,544,2024-04-02 13:00:00,2024-09-13 15:15:00,100,38,62,38.0,1.1407137638480873,51.90258460749787,71.03769947912475,8,NEW YORK,14,SELL,V50 realtime loss proxy | variant=proxy_hardened_no_worst_hours | Side=BUY | score=96.0 | opposite_score=4.0 | session=LONDON | RR=2.00,False
proxy_hardened_no_worst_hours,100,446,545,2024-04-03 14:00:00,2024-09-16 13:45:00,100,37,63,37.0,1.0972502085965417,36.35823791134003,71.03769947912477,8,NEW YORK,14,SELL,V50 realtime loss proxy | variant=proxy_hardened_no_worst_hours | Side=BUY | score=96.0 | opposite_score=4.0 | session=LONDON | RR=2.00,True
proxy_hardened_no_worst_hours,100,447,546,2024-04-04 19:00:00,2024-09-18 18:30:00,100,36,64,36.0,1.0386642390026433,14.81805511250836,71.03769947912475,8,NEW YORK,14,BUY,V50 realtime loss proxy | variant=proxy_hardened_no_worst_hours | Side=BUY | score=96.0 | opposite_score=4.0 | session=LONDON | RR=2.00,True
proxy_hardened_no_worst_hours,100,448,547,2024-04-05 13:30:00,2024-09-19 14:30:00,100,37,63,37.0,1.0978386439959393,36.796396675335956,71.03769947912475,8,NEW YORK,14,SELL,V50 realtime loss proxy | variant=proxy_hardened_no_worst_hours | Side=BUY | score=96.0 | opposite_score=4.0 | session=LONDON | RR=2.00,True
proxy_hardened_no_worst_hours,100,449,548,2024-04-08 10:15:00,2024-09-20 14:15:00,100,37,63,37.0,1.0933022599475992,35.090295894530776,71.03769947912475,8,NEW YORK,10,SELL,V50 realtime loss proxy | variant=proxy_hardened_no_worst_hours | Side=BUY | score=96.0 | opposite_score=4.0 | session=LONDON | RR=2.00,True
proxy_hardened_no_worst_hours,100,450,549,2024-04-08 19:00:00,2024-09-23 10:00:00,100,38,62,38.0,1.13432374366328,49.678826126851185,71.03769947912475,8,NEW YORK,22,SELL,V50 realtime loss proxy | variant=proxy_hardened_no_worst_hours | Side=BUY | score=96.0 | opposite_score=4.0 | session=LONDON | RR=2.00,False
proxy_hardened_no_worst_hours,100,451,550,2024-04-09 13:30:00,2024-09-23 15:30:00,100,37,63,37.0,1.0850248874668644,31.935038395875857,71.03769947912475,8,NEW YORK,22,SELL,V50 realtime loss proxy | variant=proxy_hardened_no_worst_hours | Side=BUY | score=96.0 | opposite_score=4.0 | session=LONDON | RR=2.00,True
proxy_hardened_no_worst_hours,100,452,551,2024-04-09 22:00:00,2024-09-24 13:00:00,100,38,62,38.0,1.1351968764717042,49.87339079510595,64.33588683807073,8,NEW YORK,22,SELL,V50 realtime loss proxy | variant=proxy_hardened_no_worst_hours | Side=BUY | score=96.0 | opposite_score=4.0 | session=LONDON | RR=2.00,False
proxy_hardened_no_worst_hours,100,453,552,2024-04-11 14:00:00,2024-09-25 14:00:00,100,38,62,38.0,1.134188808121529,49.54551688477753,64.29929372992405,8,NEW YORK,19,SELL,V50 realtime loss proxy | variant=proxy_hardened_no_worst_hours | Side=BUY | score=96.0 | opposite_score=4.0 | session=LONDON | RR=2.00,False
proxy_hardened_no_worst_hours,100,454,553,2024-04-12 13:00:00,2024-09-25 19:15:00,100,38,62,38.0,1.140243702947889,51.50615296064464,64.29929372992405,8,NEW YORK,19,SELL,V50 realtime loss proxy | variant=proxy_hardened_no_worst_hours | Side=BUY | score=96.0 | opposite_score=4.0 | session=LONDON | RR=2.00,False
proxy_hardened_no_worst_hours,100,455,554,2024-04-16 15:15:00,2024-09-26 15:15:00,100,37,63,37.0,1.082422333981566,31.006377636866574,64.29929372992406,8,NEW YORK,19,SELL,V50 realtime loss proxy | variant=proxy_hardened_no_worst_hours | Side=BUY | score=96.0 | opposite_score=4.0 | session=LONDON | RR=2.00,True
proxy_hardened_no_worst_hours,100,456,555,2024-04-18 15:15:00,2024-10-01 13:00:00,100,38,62,38.0,1.1347752179150326,49.345989910719744,61.59648110524029,8,NEW YORK,19,SELL,V50 realtime loss proxy | variant=proxy_hardened_no_worst_hours | Side=BUY | score=96.0 | opposite_score=4.0 | session=LONDON | RR=2.00,False
proxy_hardened_no_worst_hours,100,457,556,2024-04-19 14:15:00,2024-10-01 15:30:00,100,38,62,38.0,1.1363824857134763,49.86384176420873,61.59648110524029,8,NEW YORK,19,SELL,V50 realtime loss proxy | variant=proxy_hardened_no_worst_hours | Side=BUY | score=96.0 | opposite_score=4.0 | session=LONDON | RR=2.00,False
proxy_hardened_no_worst_hours,100,458,557,2024-04-23 10:30:00,2024-10-11 10:45:00,100,39,61,39.0,1.1832425655053196,65.47527226473498,61.59648110524029,8,NEW YORK,19,SELL,V50 realtime loss proxy | variant=proxy_hardened_no_worst_hours | Side=BUY | score=96.0 | opposite_score=4.0 | session=LONDON | RR=2.00,False
proxy_hardened_no_worst_hours,100,459,558,2024-04-24 10:00:00,2024-10-11 19:45:00,100,39,61,39.0,1.194695315993247,68.90061148845965,61.59648110524029,8,NEW YORK,19,SELL,V50 realtime loss proxy | variant=proxy_hardened_no_worst_hours | Side=BUY | score=96.0 | opposite_score=4.0 | session=LONDON | RR=2.00,False
proxy_hardened_no_worst_hours,100,460,559,2024-04-26 13:00:00,2024-10-14 10:30:00,100,39,61,39.0,1.19632583777075,69.38294195382062,61.59648110524029,8,NEW YORK,19,SELL,V50 realtime loss proxy | variant=proxy_hardened_no_worst_hours | Side=BUY | score=96.0 | opposite_score=4.0 | session=LONDON | RR=2.00,False
proxy_hardened_no_worst_hours,100,461,560,2024-04-30 13:45:00,2024-10-15 10:45:00,100,39,61,39.0,1.2019179558128616,71.02722567911044,61.59648110524029,8,NEW YORK,19,SELL,V50 realtime loss proxy | variant=proxy_hardened_no_worst_hours | Side=BUY | score=96.0 | opposite_score=4.0 | session=LONDON | RR=2.00,False
proxy_hardened_no_worst_hours,100,462,561,2024-05-02 14:15:00,2024-10-15 14:15:00,100,39,61,39.0,1.205647524781946,72.33914930564745,61.59648110524029,8,NEW YORK,19,SELL,V50 realtime loss proxy | variant=proxy_hardened_no_worst_hours | Side=BUY | score=96.0 | opposite_score=4.0 | session=LONDON | RR=2.00,False
proxy_hardened_no_worst_hours,100,463,562,2024-05-06 14:15:00,2024-10-16 14:15:00,100,39,61,39.0,1.2130173794992005,74.47633281268557,61.59648110524029,8,NEW YORK,19,SELL,V50 realtime loss proxy | variant=proxy_hardened_no_worst_hours | Side=BUY | score=96.0 | opposite_score=4.0 | session=LONDON | RR=2.00,False
proxy_hardened_no_worst_hours,100,464,563,2024-05-10 14:30:00,2024-10-16 19:45:00,100,40,60,40.0,1.2601679057123578,89.21093401926876,61.59648110524029,8,NEW YORK,19,SELL,V50 realtime loss proxy | variant=proxy_hardened_no_worst_hours | Side=BUY | score=96.0 | opposite_score=4.0 | session=LONDON | RR=2.00,False
proxy_hardened_no_worst_hours,100,465,564,2024-05-10 18:00:00,2024-10-17 13:00:00,100,41,59,41.0,1.320226578537945,107.42643568673572,61.59648110524029,8,NEW YORK,19,SELL,V50 realtime loss proxy | variant=proxy_hardened_no_worst_hours | Side=BUY | score=96.0 | opposite_score=4.0 | session=LONDON | RR=2.00,False
proxy_hardened_no_worst_hours,100,466,565,2024-05-14 10:15:00,2024-10-18 13:30:00,100,42,58,42.0,1.3767458721102945,124.2540063693437,61.59648110524029,8,NEW YORK,19,SELL,V50 realtime loss proxy | variant=proxy_hardened_no_worst_hours | Side=BUY | score=96.0 | opposite_score=4.0 | session=LONDON | RR=2.00,False
proxy_hardened_no_worst_hours,100,467,566,2024-05-14 15:00:00,2024-10-21 10:45:00,100,42,58,42.0,1.3739343710040939,123.57911454253376,61.59648110524029,8,NEW YORK,19,SELL,V50 realtime loss proxy | variant=proxy_hardened_no_worst_hours | Side=BUY | score=96.0 | opposite_score=4.0 | session=LONDON | RR=2.00,False
proxy_hardened_no_worst_hours,100,468,567,2024-05-15 14:15:00,2024-10-22 10:00:00,100,41,59,41.0,1.3210982962969464,107.41259326213601,61.59648110524029,8,NEW YORK,19,SELL,V50 realtime loss proxy | variant=proxy_hardened_no_worst_hours | Side=BUY | score=96.0 | opposite_score=4.0 | session=LONDON | RR=2.00,False
proxy_hardened_no_worst_hours,100,469,568,2024-05-17 10:00:00,2024-10-22 13:00:00,100,41,59,41.0,1.297731662089408,99.5960747536779,61.59648110524029,8,NEW YORK,19,SELL,V50 realtime loss proxy | variant=proxy_hardened_no_worst_hours | Side=BUY | score=96.0 | opposite_score=4.0 | session=LONDON | RR=2.00,False
proxy_hardened_no_worst_hours,100,470,569,2024-05-20 10:00:00,2024-10-24 13:30:00,100,40,60,40.0,1.2590039925060166,87.82648401852481,61.59648110524029,8,NEW YORK,19,SELL,V50 realtime loss proxy | variant=proxy_hardened_no_worst_hours | Side=BUY | score=96.0 | opposite_score=4.0 | session=LONDON | RR=2.00,False
proxy_hardened_no_worst_hours,100,471,570,2024-05-20 19:00:00,2024-10-28 15:45:00,100,41,59,41.0,1.3145164365683908,104.46488281771558,61.59648110524029,8,NEW YORK,19,SELL,V50 realtime loss proxy | variant=proxy_hardened_no_worst_hours | Side=BUY | score=78.0 | opposite_score=8.0 | session=LONDON | RR=2.00,False
proxy_hardened_no_worst_hours,100,472,571,2024-05-21 13:00:00,2024-10-29 13:00:00,100,42,58,42.0,1.371627631382645,121.09584926329086,61.59648110524029,8,NEW YORK,22,SELL,V50 realtime loss proxy | variant=proxy_hardened_no_worst_hours | Side=BUY | score=78.0 | opposite_score=8.0 | session=LONDON | RR=2.00,False
proxy_hardened_no_worst_hours,100,473,572,2024-05-22 14:00:00,2024-10-30 13:00:00,100,42,58,42.0,1.3765308764719755,122.25654637757094,61.59648110524029,8,NEW YORK,22,SELL,V50 realtime loss proxy | variant=proxy_hardened_no_worst_hours | Side=BUY | score=78.0 | opposite_score=8.0 | session=LONDON | RR=2.00,False
proxy_hardened_no_worst_hours,100,474,573,2024-05-23 14:00:00,2024-11-06 10:00:00,100,42,58,42.0,1.4003555224650204,129.9922172608449,61.59648110524029,8,NEW YORK,22,SELL,V50 realtime loss proxy | variant=proxy_hardened_no_worst_hours | Side=BUY | score=78.0 | opposite_score=8.0 | session=LONDON | RR=2.00,False
proxy_hardened_no_worst_hours,100,475,574,2024-05-28 10:00:00,2024-11-08 10:00:00,100,41,59,41.0,1.3286435118033744,108.54029305848603,61.59648110524029,8,NEW YORK,14,SELL,V50 realtime loss proxy | variant=proxy_hardened_no_worst_hours | Side=BUY | score=78.0 | opposite_score=8.0 | session=LONDON | RR=2.00,False
proxy_hardened_no_worst_hours,100,476,575,2024-05-28 14:15:00,2024-11-08 15:45:00,100,42,58,42.0,1.3892802686765051,127.20199602193773,61.59648110524029,8,NEW YORK,14,SELL,V50 realtime loss proxy | variant=proxy_hardened_no_worst_hours | Side=BUY | score=78.0 | opposite_score=8.0 | session=LONDON | RR=2.00,False
proxy_hardened_no_worst_hours,100,477,576,2024-05-29 13:15:00,2024-11-12 15:15:00,100,42,58,42.0,1.377581672668348,124.42709228261133,61.59648110524029,8,NEW YORK,22,SELL,V50 realtime loss proxy | variant=proxy_hardened_no_worst_hours | Side=BUY | score=78.0 | opposite_score=8.0 | session=LONDON | RR=2.00,False
proxy_hardened_no_worst_hours,100,478,577,2024-05-30 14:45:00,2024-11-13 15:45:00,100,42,58,42.0,1.3881486449643292,127.90929952992843,61.59648110524029,8,NEW YORK,22,SELL,V50 realtime loss proxy | variant=proxy_hardened_no_worst_hours | Side=BUY | score=78.0 | opposite_score=8.0 | session=LONDON | RR=2.00,False
proxy_hardened_no_worst_hours,100,479,578,2024-06-04 14:00:00,2024-11-18 18:45:00,100,43,57,43.0,1.4439307687465435,143.59590735450232,61.59648110524029,8,NEW YORK,22,SELL,V50 realtime loss proxy | variant=proxy_hardened_no_worst_hours | Side=BUY | score=78.0 | opposite_score=8.0 | session=LONDON | RR=2.00,False
proxy_hardened_no_worst_hours,100,480,579,2024-06-06 14:45:00,2024-11-19 13:30:00,100,43,57,43.0,1.4472571732883588,144.3393648929355,61.59648110524029,8,NEW YORK,22,SELL,V50 realtime loss proxy | variant=proxy_hardened_no_worst_hours | Side=BUY | score=78.0 | opposite_score=8.0 | session=LONDON | RR=2.00,False
proxy_hardened_no_worst_hours,100,481,580,2024-06-06 18:00:00,2024-11-19 18:45:00,100,42,58,42.0,1.3846674673692667,126.40749256101437,61.59648110524029,8,NEW YORK,22,SELL,V50 realtime loss proxy | variant=proxy_hardened_no_worst_hours | Side=BUY | score=78.0 | opposite_score=8.0 | session=LONDON | RR=2.00,False
proxy_hardened_no_worst_hours,100,482,581,2024-06-11 18:45:00,2024-11-21 18:00:00,100,42,58,42.0,1.3877567531516402,127.42267815033624,61.59648110524029,8,NEW YORK,22,SELL,V50 realtime loss proxy | variant=proxy_hardened_no_worst_hours | Side=BUY | score=100.0 | opposite_score=8.0 | session=NEW YORK | RR=2.00,False
proxy_hardened_no_worst_hours,100,483,582,2024-06-13 14:00:00,2024-11-22 21:00:00,100,41,59,41.0,1.3420639795392055,114.1089457357844,61.5964811052403,8,NEW YORK,22,SELL,V50 realtime loss proxy | variant=proxy_hardened_no_worst_hours | Side=BUY | score=100.0 | opposite_score=8.0 | session=NEW YORK | RR=2.00,False
proxy_hardened_no_worst_hours,100,484,583,2024-06-14 13:30:00,2024-11-26 14:30:00,100,41,59,41.0,1.3428389805731786,114.30147231357299,61.59648110524029,8,NEW YORK,22,SELL,V50 realtime loss proxy | variant=proxy_hardened_no_worst_hours | Side=BUY | score=100.0 | opposite_score=8.0 | session=NEW YORK | RR=2.00,False
proxy_hardened_no_worst_hours,100,485,584,2024-06-17 13:30:00,2024-11-27 13:30:00,100,41,59,41.0,1.3466209096043964,115.23780384944351,61.59648110524029,8,NEW YORK,22,SELL,V50 realtime loss proxy | variant=proxy_hardened_no_worst_hours | Side=BUY | score=100.0 | opposite_score=8.0 | session=NEW YORK | RR=2.00,False
proxy_hardened_no_worst_hours,100,486,585,2024-06-17 15:15:00,2024-11-28 13:00:00,100,41,59,41.0,1.3490114416215815,115.82694471309061,61.59648110524029,8,NEW YORK,22,SELL,V50 realtime loss proxy | variant=proxy_hardened_no_worst_hours | Side=BUY | score=100.0 | opposite_score=8.0 | session=NEW YORK | RR=2.00,False
proxy_hardened_no_worst_hours,100,487,586,2024-06-18 18:00:00,2024-11-29 10:30:00,100,41,59,41.0,1.3471556988211497,115.36978291970995,61.59648110524029,8,NEW YORK,22,SELL,V50 realtime loss proxy | variant=proxy_hardened_no_worst_hours | Side=BUY | score=100.0 | opposite_score=8.0 | session=NEW YORK | RR=2.00,False
proxy_hardened_no_worst_hours,100,488,587,2024-06-20 10:30:00,2024-12-04 10:00:00,100,40,60,40.0,1.299125331562229,100.60812333115612,61.59648110524029,8,NEW YORK,22,SELL,V50 realtime loss proxy | variant=proxy_hardened_no_worst_hours | Side=BUY | score=100.0 | opposite_score=8.0 | session=NEW YORK | RR=2.00,False
proxy_hardened_no_worst_hours,100,489,588,2024-06-20 13:00:00,2024-12-10 13:15:00,100,41,59,41.0,1.345270515870955,114.87693717142479,61.59648110524029,8,NEW YORK,22,SELL,V50 realtime loss proxy | variant=proxy_hardened_no_worst_hours | Side=BUY | score=100.0 | opposite_score=8.0 | session=NEW YORK | RR=2.00,False
proxy_hardened_no_worst_hours,100,490,589,2024-06-21 10:45:00,2024-12-11 10:45:00,100,41,59,41.0,1.3580132542469363,119.11664687301031,61.59648110524029,8,NEW YORK,22,SELL,V50 realtime loss proxy | variant=proxy_hardened_no_worst_hours | Side=BUY | score=100.0 | opposite_score=8.0 | session=NEW YORK | RR=2.00,False
proxy_hardened_no_worst_hours,100,491,590,2024-06-24 10:15:00,2024-12-17 13:45:00,100,41,59,41.0,1.349295919976653,116.96708551312172,61.59648110524029,8,NEW YORK,22,SELL,V50 realtime loss proxy | variant=proxy_hardened_no_worst_hours | Side=BUY | score=100.0 | opposite_score=8.0 | session=NEW YORK | RR=2.00,False
proxy_hardened_no_worst_hours,100,492,591,2024-06-25 13:45:00,2024-12-17 15:30:00,100,41,59,41.0,1.3412186954584462,114.95042538305103,61.59648110524029,8,NEW YORK,22,SELL,V50 realtime loss proxy | variant=proxy_hardened_no_worst_hours | Side=BUY | score=100.0 | opposite_score=8.0 | session=NEW YORK | RR=2.00,False
proxy_hardened_no_worst_hours,100,493,592,2024-06-26 10:00:00,2024-12-23 13:30:00,100,41,59,41.0,1.3390423289037447,114.2172467366809,61.59648110524029,8,NEW YORK,22,SELL,V50 realtime loss proxy | variant=proxy_hardened_no_worst_hours | Side=BUY | score=100.0 | opposite_score=8.0 | session=NEW YORK | RR=2.00,False
proxy_hardened_no_worst_hours,100,494,593,2024-06-27 18:45:00,2024-12-24 10:45:00,100,40,60,40.0,1.3040284802691786,103.39499405881956,61.5964811052403,8,NEW YORK,22,SELL,V50 realtime loss proxy | variant=proxy_hardened_no_worst_hours | Side=BUY | score=100.0 | opposite_score=8.0 | session=NEW YORK | RR=2.00,False
proxy_hardened_no_worst_hours,100,495,594,2024-06-28 14:00:00,2024-12-26 13:15:00,100,40,60,40.0,1.308286045301458,104.50172951932068,61.5964811052403,7,NEW YORK,22,SELL,V50 realtime loss proxy | variant=proxy_hardened_no_worst_hours | Side=BUY | score=100.0 | opposite_score=8.0 | session=NEW YORK | RR=2.00,False
proxy_hardened_no_worst_hours,100,496,595,2024-07-03 18:00:00,2024-12-26 14:45:00,100,41,59,41.0,1.350256523314578,116.89246122590116,61.59648110524029,6,NEW YORK,22,SELL,V50 realtime loss proxy | variant=proxy_hardened_no_worst_hours | Side=BUY | score=100.0 | opposite_score=8.0 | session=NEW YORK | RR=2.00,False
proxy_hardened_no_worst_hours,100,497,596,2024-07-04 10:15:00,2024-12-30 13:30:00,100,42,58,42.0,1.4045113398722258,132.859269571527,61.59648110524029,6,NEW YORK,22,SELL,V50 realtime loss proxy | variant=proxy_hardened_no_worst_hours | Side=BUY | score=100.0 | opposite_score=8.0 | session=NEW YORK | RR=2.00,False
proxy_hardened_no_worst_hours,100,498,597,2024-07-05 10:45:00,2024-12-31 19:30:00,100,43,57,43.0,1.445083133405519,144.78307177432364,61.59648110524029,6,NEW YORK,22,SELL,V50 realtime loss proxy | variant=proxy_hardened_no_worst_hours | Side=BUY | score=100.0 | opposite_score=8.0 | session=NEW YORK | RR=2.00,False
proxy_hardened_no_worst_hours,100,499,598,2024-07-10 15:15:00,2025-01-02 10:00:00,100,44,56,44.0,1.4843540037179344,156.0705247897722,61.59648110524029,6,NEW YORK,22,SELL,V50 realtime loss proxy | variant=proxy_hardened_no_worst_hours | Side=BUY | score=100.0 | opposite_score=8.0 | session=NEW YORK | RR=2.00,False
proxy_hardened_no_worst_hours,100,500,599,2024-07-11 10:15:00,2025-01-02 14:00:00,100,45,55,45.0,1.5446580011004154,172.81032702430412,61.59648110524029,6,NEW YORK,22,SELL,V50 realtime loss proxy | variant=proxy_hardened_no_worst_hours | Side=BUY | score=100.0 | opposite_score=8.0 | session=NEW YORK | RR=2.00,False
proxy_hardened_no_worst_hours,100,501,600,2024-07-12 19:15:00,2025-01-06 10:00:00,100,45,55,45.0,1.539312045534222,171.70842119378358,61.59648110524029,6,NEW YORK,22,SELL,V50 realtime loss proxy | variant=proxy_hardened_no_worst_hours | Side=BUY | score=100.0 | opposite_score=8.0 | session=NEW YORK | RR=2.00,False
proxy_hardened_no_worst_hours,100,502,601,2024-07-15 10:00:00,2025-01-06 13:15:00,100,45,55,45.0,1.5284207527438172,169.43966419489652,61.59648110524029,6,NEW YORK,22,SELL,V50 realtime loss proxy | variant=proxy_hardened_no_worst_hours | Side=BUY | score=78.0 | opposite_score=8.0 | session=LONDON | RR=2.00,False
proxy_hardened_no_worst_hours,100,503,602,2024-07-15 13:30:00,2025-01-07 10:00:00,100,45,55,45.0,1.5313690435364988,170.38504228473676,61.59648110524029,6,NEW YORK,22,SELL,V50 realtime loss proxy | variant=proxy_hardened_no_worst_hours | Side=BUY | score=78.0 | opposite_score=8.0 | session=LONDON | RR=2.00,False
proxy_hardened_no_worst_hours,100,504,603,2024-07-16 13:15:00,2025-01-08 10:45:00,100,44,56,44.0,1.4886488764242443,158.15660046390303,61.59648110524029,6,NEW YORK,22,SELL,V50 realtime loss proxy | variant=proxy_hardened_no_worst_hours | Side=BUY | score=78.0 | opposite_score=8.0 | session=LONDON | RR=2.00,False
proxy_hardened_no_worst_hours,100,505,604,2024-07-17 10:00:00,2025-01-08 13:00:00,100,43,57,43.0,1.4361709448172513,142.90843209672585,61.59648110524029,6,NEW YORK,22,SELL,V50 realtime loss proxy | variant=proxy_hardened_no_worst_hours | Side=BUY | score=78.0 | opposite_score=8.0 | session=LONDON | RR=2.00,False
proxy_hardened_no_worst_hours,100,506,605,2024-07-17 13:30:00,2025-01-09 14:45:00,100,43,57,43.0,1.4354141309647428,142.73568411671658,61.59648110524029,6,NEW YORK,22,SELL,V50 realtime loss proxy | variant=proxy_hardened_no_worst_hours | Side=BUY | score=78.0 | opposite_score=8.0 | session=LONDON | RR=2.00,False
proxy_hardened_no_worst_hours,100,507,606,2024-07-19 15:15:00,2025-01-09 18:15:00,100,44,56,44.0,1.4978317004698802,160.0805261048904,61.59648110524029,6,NEW YORK,22,SELL,V50 realtime loss proxy | variant=proxy_hardened_no_worst_hours | Side=BUY | score=78.0 | opposite_score=8.0 | session=LONDON | RR=2.00,False
proxy_hardened_no_worst_hours,100,508,607,2024-07-22 13:00:00,2025-01-10 13:00:00,100,44,56,44.0,1.51264418197569,163.2293400128556,61.59648110524029,6,NEW YORK,22,SELL,V50 realtime loss proxy | variant=proxy_hardened_no_worst_hours | Side=BUY | score=78.0 | opposite_score=8.0 | session=LONDON | RR=2.00,False
proxy_hardened_no_worst_hours,100,509,608,2024-07-23 19:00:00,2025-01-10 13:45:00,100,44,56,44.0,1.514667090885276,163.87344775430165,61.59648110524029,6,NEW YORK,22,SELL,V50 realtime loss proxy | variant=proxy_hardened_no_worst_hours | Side=BUY | score=78.0 | opposite_score=8.0 | session=LONDON | RR=2.00,False
proxy_hardened_no_worst_hours,100,510,609,2024-07-24 10:15:00,2025-01-15 13:00:00,100,43,57,43.0,1.472041572167711,152.03597065222039,61.59648110524029,6,NEW YORK,22,SELL,V50 realtime loss proxy | variant=proxy_hardened_no_worst_hours | Side=BUY | score=78.0 | opposite_score=8.0 | session=LONDON | RR=2.00,False
proxy_hardened_no_worst_hours,100,511,610,2024-07-24 13:00:00,2025-01-15 13:30:00,100,42,58,42.0,1.4276053495721133,139.75501416922953,61.5964811052403,6,NEW YORK,22,SELL,V50 realtime loss proxy | variant=proxy_hardened_no_worst_hours | Side=BUY | score=78.0 | opposite_score=8.0 | session=LONDON | RR=2.00,False
proxy_hardened_no_worst_hours,100,512,611,2024-07-25 13:30:00,2025-01-23 19:45:00,100,42,58,42.0,1.42834936560449,139.99818224757792,61.5964811052403,6,NEW YORK,22,SELL,V50 realtime loss proxy | variant=proxy_hardened_no_worst_hours | Side=BUY | score=78.0 | opposite_score=8.0 | session=LONDON | RR=2.00,False
proxy_hardened_no_worst_hours,100,513,612,2024-07-26 14:45:00,2025-01-24 10:00:00,100,42,58,42.0,1.4032395939096503,131.7915110669906,61.59648110524032,6,NEW YORK,22,SELL,V50 realtime loss proxy | variant=proxy_hardened_no_worst_hours | Side=BUY | score=78.0 | opposite_score=8.0 | session=LONDON | RR=2.00,False
proxy_hardened_no_worst_hours,100,514,613,2024-07-31 10:15:00,2025-01-24 14:30:00,100,41,59,41.0,1.3410488164161087,113.24631503877987,61.596481105240315,6,NEW YORK,22,SELL,V50 realtime loss proxy | variant=proxy_hardened_no_worst_hours | Side=BUY | score=78.0 | opposite_score=8.0 | session=LONDON | RR=2.00,False
proxy_hardened_no_worst_hours,100,515,614,2024-07-31 14:15:00,2025-01-30 19:30:00,100,41,59,41.0,1.345187098890976,114.6204445425647,61.596481105240315,6,NEW YORK,22,SELL,V50 realtime loss proxy | variant=proxy_hardened_no_worst_hours | Side=BUY | score=78.0 | opposite_score=8.0 | session=LONDON | RR=2.00,False
proxy_hardened_no_worst_hours,100,516,615,2024-08-01 14:45:00,2025-02-03 10:00:00,100,41,59,41.0,1.347969771534757,115.5444396063181,61.59648110524031,6,NEW YORK,14,SELL,V50 realtime loss proxy | variant=proxy_hardened_no_worst_hours | Side=BUY | score=78.0 | opposite_score=8.0 | session=LONDON | RR=2.00,False
proxy_hardened_no_worst_hours,100,517,616,2024-08-01 22:00:00,2025-02-04 21:30:00,100,42,58,42.0,1.4078674268909164,132.0292656875354,53.3020726944573,6,NEW YORK,14,SELL,V50 realtime loss proxy | variant=proxy_hardened_no_worst_hours | Side=BUY | score=78.0 | opposite_score=8.0 | session=LONDON | RR=2.00,False
proxy_hardened_no_worst_hours,100,518,617,2024-08-02 13:15:00,2025-02-05 14:30:00,100,43,57,43.0,1.4672507290721222,148.72106751395634,53.302072694457294,6,NEW YORK,22,SELL,V50 realtime loss proxy | variant=proxy_hardened_no_worst_hours | Side=BUY | score=78.0 | opposite_score=8.0 | session=LONDON | RR=2.00,False
proxy_hardened_no_worst_hours,100,519,618,2024-08-05 14:45:00,2025-02-07 10:00:00,100,43,57,43.0,1.488095534184226,153.17957532793113,53.30207269445731,6,NEW YORK,22,SELL,V50 realtime loss proxy | variant=proxy_hardened_no_worst_hours | Side=BUY | score=78.0 | opposite_score=8.0 | session=LONDON | RR=2.00,False
proxy_hardened_no_worst_hours,100,520,619,2024-08-08 13:00:00,2025-02-10 13:45:00,100,44,56,44.0,1.5928819095360407,178.23248382295924,53.30207269445731,6,NEW YORK,22,SELL,V50 realtime loss proxy | variant=proxy_hardened_no_worst_hours | Side=BUY | score=78.0 | opposite_score=8.0 | session=LONDON | RR=2.00,False
proxy_hardened_no_worst_hours,100,521,620,2024-08-08 15:00:00,2025-02-12 18:45:00,100,43,57,43.0,1.519878935082962,159.96986626570558,53.30207269445731,6,NEW YORK,22,SELL,V50 realtime loss proxy | variant=proxy_hardened_no_worst_hours | Side=BUY | score=78.0 | opposite_score=8.0 | session=LONDON | RR=2.00,False
proxy_hardened_no_worst_hours,100,522,621,2024-08-09 13:00:00,2025-02-12 19:45:00,100,43,57,43.0,1.5116394733201022,157.4345344656285,53.3020726944573,6,NEW YORK,22,SELL,V50 realtime loss proxy | variant=proxy_hardened_no_worst_hours | Side=BUY | score=78.0 | opposite_score=8.0 | session=LONDON | RR=2.00,False
proxy_hardened_no_worst_hours,100,523,622,2024-08-09 14:00:00,2025-02-13 10:15:00,100,43,57,43.0,1.5050809296487777,156.09367419535462,49.95102810934632,6,NEW YORK,22,SELL,V50 realtime loss proxy | variant=proxy_hardened_no_worst_hours | Side=BUY | score=78.0 | opposite_score=8.0 | session=LONDON | RR=2.00,False
proxy_hardened_no_worst_hours,100,524,623,2024-08-13 14:30:00,2025-02-13 14:45:00,100,44,56,44.0,1.5790123055998393,175.68946806046824,49.951028109346325,6,NEW YORK,22,SELL,V50 realtime loss proxy | variant=proxy_hardened_no_worst_hours | Side=BUY | score=80.0 | opposite_score=15.0 | session=NEW YORK | RR=2.00,False
proxy_hardened_no_worst_hours,100,525,624,2024-08-19 14:45:00,2025-02-14 10:45:00,100,44,56,44.0,1.587979392604726,177.40289052069147,49.95102810934633,6,NEW YORK,22,SELL,V50 realtime loss proxy | variant=proxy_hardened_no_worst_hours | Side=BUY | score=80.0 | opposite_score=15.0 | session=NEW YORK | RR=2.00,False
proxy_hardened_no_worst_hours,100,526,625,2024-08-20 14:30:00,2025-02-18 10:00:00,100,43,57,43.0,1.5241940244092245,160.330299904474,49.951028109346325,6,NEW YORK,22,SELL,V50 realtime loss proxy | variant=proxy_hardened_no_worst_hours | Side=BUY | score=90.0 | opposite_score=4.0 | session=LONDON | RR=2.00,False
proxy_hardened_no_worst_hours,100,527,626,2024-08-20 22:15:00,2025-02-18 13:00:00,100,44,56,44.0,1.5892547195845539,176.08718428634072,42.920759402933555,6,NEW YORK,22,SELL,V50 realtime loss proxy | variant=proxy_hardened_no_worst_hours | Side=BUY | score=80.0 | opposite_score=15.0 | session=NEW YORK | RR=2.00,False
proxy_hardened_no_worst_hours,100,528,627,2024-08-21 19:00:00,2025-02-19 13:00:00,100,44,56,44.0,1.582907236661879,174.8888699481181,39.19361027865061,6,NEW YORK,21,SELL,V50 realtime loss proxy | variant=proxy_hardened_no_worst_hours | Side=BUY | score=80.0 | opposite_score=15.0 | session=NEW YORK | RR=2.00,False
proxy_hardened_no_worst_hours,100,529,628,2024-08-23 10:15:00,2025-02-19 14:00:00,100,44,56,44.0,1.5813830583461308,174.5996944972312,39.19361027865061,6,NEW YORK,21,SELL,V50 realtime loss proxy | variant=proxy_hardened_no_worst_hours | Side=BUY | score=80.0 | opposite_score=15.0 | session=NEW YORK | RR=2.00,False
proxy_hardened_no_worst_hours,100,530,629,2024-08-23 14:00:00,2025-02-26 15:00:00,100,43,57,43.0,1.5191338631547173,159.94956863731883,39.19361027865061,6,NEW YORK,21,SELL,V50 realtime loss proxy | variant=proxy_hardened_no_worst_hours | Side=SELL | score=85.0 | opposite_score=4.0 | session=LONDON | RR=2.00,False
proxy_hardened_no_worst_hours,100,531,630,2024-08-26 13:00:00,2025-02-27 10:15:00,100,44,56,44.0,1.601181064915252,181.46028023126107,32.92473238720342,6,NEW YORK,21,SELL,V50 realtime loss proxy | variant=proxy_hardened_no_worst_hours | Side=BUY | score=80.0 | opposite_score=15.0 | session=NEW YORK | RR=2.00,False
proxy_hardened_no_worst_hours,100,532,631,2024-08-26 19:00:00,2025-02-28 10:15:00,100,45,55,45.0,1.6628598747945817,197.15780645174118,32.16951750800533,6,NEW YORK,21,SELL,V50 realtime loss proxy | variant=proxy_hardened_no_worst_hours | Side=BUY | score=80.0 | opposite_score=15.0 | session=NEW YORK | RR=2.00,False
proxy_hardened_no_worst_hours,100,533,632,2024-08-28 13:30:00,2025-02-28 15:45:00,100,45,55,45.0,1.6375576179046458,192.56207208861676,32.16951750800533,6,NEW YORK,15,SELL,V50 realtime loss proxy | variant=proxy_hardened_no_worst_hours | Side=SELL | score=85.0 | opposite_score=4.0 | session=LONDON | RR=2.00,False
proxy_hardened_no_worst_hours,100,534,633,2024-08-29 13:45:00,2025-03-04 18:00:00,100,45,55,45.0,1.6314458582342704,191.43059721555207,32.16951750800533,6,NEW YORK,15,SELL,V50 realtime loss proxy | variant=proxy_hardened_no_worst_hours | Side=SELL | score=85.0 | opposite_score=4.0 | session=LONDON | RR=2.00,False
proxy_hardened_no_worst_hours,100,535,634,2024-09-03 13:00:00,2025-03-06 18:45:00,100,45,55,45.0,1.6269564077575212,190.5940460594397,32.16951750800533,6,NEW YORK,18,SELL,V50 realtime loss proxy | variant=proxy_hardened_no_worst_hours | Side=SELL | score=85.0 | opposite_score=4.0 | session=LONDON | RR=2.00,False
proxy_hardened_no_worst_hours,100,536,635,2024-09-03 15:30:00,2025-03-07 10:45:00,100,44,56,44.0,1.562685481800846,173.52782815537648,32.16951750800533,6,NEW YORK,18,SELL,V50 realtime loss proxy | variant=proxy_hardened_no_worst_hours | Side=SELL | score=85.0 | opposite_score=4.0 | session=LONDON | RR=2.00,False
proxy_hardened_no_worst_hours,100,537,636,2024-09-04 10:00:00,2025-03-07 13:30:00,100,44,56,44.0,1.5706217951431125,175.08612649543554,33.95436315330423,6,NEW YORK,18,SELL,V50 realtime loss proxy | variant=proxy_hardened_no_worst_hours | Side=SELL | score=85.0 | opposite_score=4.0 | session=LONDON | RR=2.00,False
proxy_hardened_no_worst_hours,100,538,637,2024-09-05 13:15:00,2025-03-10 13:15:00,100,44,56,44.0,1.559233845323786,172.84514809491608,41.16691488000339,6,NEW YORK,18,SELL,V50 realtime loss proxy | variant=proxy_hardened_no_worst_hours | Side=SELL | score=85.0 | opposite_score=4.0 | session=LONDON | RR=2.00,False
proxy_hardened_no_worst_hours,100,539,638,2024-09-05 14:15:00,2025-03-10 14:15:00,100,45,55,45.0,1.6376292556240977,193.59020663790668,41.16691488000339,6,NEW YORK,18,SELL,V50 realtime loss proxy | variant=proxy_hardened_no_worst_hours | Side=SELL | score=85.0 | opposite_score=4.0 | session=LONDON | RR=2.00,False
proxy_hardened_no_worst_hours,100,540,639,2024-09-10 10:45:00,2025-03-11 13:15:00,100,46,54,46.0,1.7060766239351175,209.9935120104346,41.16691488000339,6,NEW YORK,18,SELL,V50 realtime loss proxy | variant=proxy_hardened_no_worst_hours | Side=SELL | score=85.0 | opposite_score=4.0 | session=LONDON | RR=2.00,False
proxy_hardened_no_worst_hours,100,541,640,2024-09-10 15:00:00,2025-03-11 14:45:00,100,45,55,45.0,1.649156166655306,197.20782180904735,41.16691488000339,6,NEW YORK,18,SELL,V50 realtime loss proxy | variant=proxy_hardened_no_worst_hours | Side=SELL | score=85.0 | opposite_score=4.0 | session=LONDON | RR=2.00,False
proxy_hardened_no_worst_hours,100,542,641,2024-09-11 14:45:00,2025-03-13 10:15:00,100,44,56,44.0,1.5912951791200483,182.33046207313237,41.16691488000339,6,NEW YORK,18,SELL,V50 realtime loss proxy | variant=proxy_hardened_no_worst_hours | Side=SELL | score=85.0 | opposite_score=4.0 | session=LONDON | RR=2.00,False
proxy_hardened_no_worst_hours,100,543,642,2024-09-12 10:15:00,2025-03-16 22:00:00,100,44,56,44.0,1.5993541634226287,183.8842457655246,41.16691488000339,6,NEW YORK,22,SELL,V50 realtime loss proxy | variant=proxy_hardened_no_worst_hours | Side=SELL | score=85.0 | opposite_score=4.0 | session=LONDON | RR=2.00,False
proxy_hardened_no_worst_hours,100,544,643,2024-09-13 15:15:00,2025-03-17 14:15:00,100,45,55,45.0,1.656997192250466,199.58758203878594,41.16691488000339,6,NEW YORK,22,SELL,V50 realtime loss proxy | variant=proxy_hardened_no_worst_hours | Side=SELL | score=85.0 | opposite_score=4.0 | session=LONDON | RR=2.00,False
proxy_hardened_no_worst_hours,100,545,644,2024-09-16 13:45:00,2025-03-18 14:15:00,100,45,55,45.0,1.6684706894147123,203.07308788805267,41.16691488000339,6,NEW YORK,15,SELL,V50 realtime loss proxy | variant=proxy_hardened_no_worst_hours | Side=SELL | score=85.0 | opposite_score=4.0 | session=LONDON | RR=2.00,False
proxy_hardened_no_worst_hours,100,546,645,2024-09-18 18:30:00,2025-03-19 10:45:00,100,45,55,45.0,1.6641863267438701,202.29100230442964,41.16691488000339,6,NEW YORK,15,SELL,V50 realtime loss proxy | variant=proxy_hardened_no_worst_hours | Side=BUY | score=76.0 | opposite_score=4.0 | session=LONDON | RR=2.00,False
proxy_hardened_no_worst_hours,100,547,646,2024-09-19 14:30:00,2025-03-19 19:15:00,100,46,54,46.0,1.768023096630942,226.7072538348625,41.16691488000339,6,NEW YORK,15,SELL,V50 realtime loss proxy | variant=proxy_hardened_no_worst_hours | Side=BUY | score=76.0 | opposite_score=4.0 | session=LONDON | RR=2.00,False
proxy_hardened_no_worst_hours,100,548,647,2024-09-20 14:15:00,2025-03-24 10:30:00,100,45,55,45.0,1.6865701091982395,206.41788366172838,41.16691488000339,6,NEW YORK,15,SELL,V50 realtime loss proxy | variant=proxy_hardened_no_worst_hours | Side=BUY | score=76.0 | opposite_score=4.0 | session=LONDON | RR=2.00,False
proxy_hardened_no_worst_hours,100,549,648,2024-09-23 10:00:00,2025-03-26 10:30:00,100,44,56,44.0,1.6217557740551467,189.5610645203096,41.16691488000339,6,NEW YORK,15,SELL,V50 realtime loss proxy | variant=proxy_hardened_no_worst_hours | Side=BUY | score=76.0 | opposite_score=4.0 | session=LONDON | RR=2.00,False
proxy_hardened_no_worst_hours,100,550,649,2024-09-23 15:30:00,2025-03-27 15:45:00,100,44,56,44.0,1.6483347330453109,197.6644645533429,41.16691488000339,6,NEW YORK,22,SELL,V50 realtime loss proxy | variant=proxy_hardened_no_worst_hours | Side=BUY | score=76.0 | opposite_score=4.0 | session=LONDON | RR=2.00,False
proxy_hardened_no_worst_hours,100,551,650,2024-09-24 13:00:00,2025-03-28 10:45:00,100,45,55,45.0,1.718894792022489,215.04146679783432,41.16691488000339,6,NEW YORK,22,SELL,V50 realtime loss proxy | variant=proxy_hardened_no_worst_hours | Side=BUY | score=76.0 | opposite_score=4.0 | session=LONDON | RR=2.00,False
proxy_hardened_no_worst_hours,100,552,651,2024-09-25 14:00:00,2025-03-31 14:30:00,100,45,55,45.0,1.7489449742029102,224.03031374084816,41.16691488000339,6,NEW YORK,22,SELL,V50 realtime loss proxy | variant=proxy_hardened_no_worst_hours | Side=BUY | score=76.0 | opposite_score=4.0 | session=LONDON | RR=2.00,False
proxy_hardened_no_worst_hours,100,553,652,2024-09-25 19:15:00,2025-04-01 10:15:00,100,45,55,45.0,1.7405431832578317,222.58639103845505,41.16691488000339,6,NEW YORK,22,SELL,V50 realtime loss proxy | variant=proxy_hardened_no_worst_hours | Side=BUY | score=76.0 | opposite_score=4.0 | session=LONDON | RR=2.00,False
proxy_hardened_no_worst_hours,100,554,653,2024-09-26 15:15:00,2025-04-02 13:00:00,100,45,55,45.0,1.7224306588325253,219.42567517369656,41.16691488000339,6,NEW YORK,22,SELL,V50 realtime loss proxy | variant=proxy_hardened_no_worst_hours | Side=BUY | score=76.0 | opposite_score=4.0 | session=LONDON | RR=2.00,False
proxy_hardened_no_worst_hours,100,555,654,2024-10-01 13:00:00,2025-04-07 13:45:00,100,45,55,45.0,1.6790882880337543,211.58541624400095,41.16691488000339,6,NEW YORK,22,SELL,V50 realtime loss proxy | variant=proxy_hardened_no_worst_hours | Side=BUY | score=76.0 | opposite_score=4.0 | session=LONDON | RR=2.00,False
proxy_hardened_no_worst_hours,100,556,655,2024-10-01 15:30:00,2025-04-07 14:30:00,100,45,55,45.0,1.7837786539096978,244.20408311091842,41.16691488000339,6,NEW YORK,22,SELL,V50 realtime loss proxy | variant=proxy_hardened_no_worst_hours | Side=BUY | score=76.0 | opposite_score=4.0 | session=LONDON | RR=2.00,False
proxy_hardened_no_worst_hours,100,557,656,2024-10-11 10:45:00,2025-04-09 13:00:00,100,46,54,46.0,1.9263531506988492,281.2863100806667,41.16691488000339,6,NEW YORK,22,SELL,V50 realtime loss proxy | variant=proxy_hardened_no_worst_hours | Side=BUY | score=76.0 | opposite_score=4.0 | session=LONDON | RR=2.00,False
proxy_hardened_no_worst_hours,100,558,657,2024-10-11 19:45:00,2025-04-09 18:15:00,100,46,54,46.0,2.0318914955054392,313.332934589118,41.16691488000339,6,NEW YORK,22,SELL,V50 realtime loss proxy | variant=proxy_hardened_no_worst_hours | Side=BUY | score=76.0 | opposite_score=4.0 | session=LONDON | RR=2.00,False
proxy_hardened_no_worst_hours,100,559,658,2024-10-14 10:30:00,2025-04-10 10:00:00,100,47,53,47.0,2.1303878192320544,339.0096390073141,41.16691488000339,6,NEW YORK,22,SELL,V50 realtime loss proxy | variant=proxy_hardened_no_worst_hours | Side=BUY | score=76.0 | opposite_score=4.0 | session=LONDON | RR=2.00,False
proxy_hardened_no_worst_hours,100,560,659,2024-10-15 10:45:00,2025-04-11 14:15:00,100,47,53,47.0,2.048558429669926,327.02995028933907,41.16691488000339,6,NEW YORK,22,SELL,V50 realtime loss proxy | variant=proxy_hardened_no_worst_hours | Side=BUY | score=76.0 | opposite_score=4.0 | session=LONDON | RR=2.00,False
proxy_hardened_no_worst_hours,100,561,660,2024-10-15 14:15:00,2025-04-22 10:00:00,100,47,53,47.0,1.977255150711516,315.78282123114025,41.16691488000339,6,NEW YORK,22,SELL,V50 realtime loss proxy | variant=proxy_hardened_no_worst_hours | Side=BUY | score=76.0 | opposite_score=4.0 | session=LONDON | RR=2.00,False
proxy_hardened_no_worst_hours,100,562,661,2024-10-16 14:15:00,2025-04-25 10:15:00,100,47,53,47.0,2.0100326508276596,326.37429414590963,41.16691488000339,6,NEW YORK,22,SELL,V50 realtime loss proxy | variant=proxy_hardened_no_worst_hours | Side=BUY | score=76.0 | opposite_score=4.0 | session=LONDON | RR=2.00,False
proxy_hardened_no_worst_hours,100,563,662,2024-10-16 19:45:00,2025-04-28 10:00:00,100,47,53,47.0,1.9853723723537282,322.3606715340567,41.16691488000339,6,NEW YORK,22,SELL,V50 realtime loss proxy | variant=proxy_hardened_no_worst_hours | Side=BUY | score=76.0 | opposite_score=4.0 | session=LONDON | RR=2.00,False
proxy_hardened_no_worst_hours,100,564,663,2024-10-17 13:00:00,2025-05-01 14:15:00,100,46,54,46.0,1.8836746146385503,300.9423343901377,41.16691488000339,6,NEW YORK,22,SELL,V50 realtime loss proxy | variant=proxy_hardened_no_worst_hours | Side=BUY | score=76.0 | opposite_score=4.0 | session=LONDON | RR=2.00,False
proxy_hardened_no_worst_hours,100,565,664,2024-10-18 13:30:00,2025-05-06 14:45:00,100,46,54,46.0,1.9180361018584318,312.6444088933164,41.16691488000339,6,NEW YORK,22,SELL,V50 realtime loss proxy | variant=proxy_hardened_no_worst_hours | Side=BUY | score=76.0 | opposite_score=4.0 | session=LONDON | RR=2.00,False
proxy_hardened_no_worst_hours,100,566,665,2024-10-21 10:45:00,2025-05-09 18:00:00,100,45,55,45.0,1.8359650269741117,292.33663534598975,41.166914880003375,6,NEW YORK,22,SELL,V50 realtime loss proxy | variant=proxy_hardened_no_worst_hours | Side=BUY | score=76.0 | opposite_score=4.0 | session=LONDON | RR=2.00,False
proxy_hardened_no_worst_hours,100,567,666,2024-10-22 10:00:00,2025-05-13 14:15:00,100,45,55,45.0,1.800548521441267,285.45809935418504,41.16691488000339,6,NEW YORK,22,SELL,V50 realtime loss proxy | variant=proxy_hardened_no_worst_hours | Side=BUY | score=76.0 | opposite_score=4.0 | session=LONDON | RR=2.00,False
proxy_hardened_no_worst_hours,100,568,667,2024-10-22 13:00:00,2025-05-16 13:30:00,100,45,55,45.0,1.745798958987183,274.2755420427658,44.420913832558256,6,NEW YORK,22,SELL,V50 realtime loss proxy | variant=proxy_hardened_no_worst_hours | Side=BUY | score=76.0 | opposite_score=4.0 | session=LONDON | RR=2.00,False
proxy_hardened_no_worst_hours,100,569,668,2024-10-24 13:30:00,2025-05-21 10:00:00,100,44,56,44.0,1.6823659479072883,256.73497000243253,52.90257399632958,6,NEW YORK,22,SELL,V50 realtime loss proxy | variant=proxy_hardened_no_worst_hours | Side=BUY | score=76.0 | opposite_score=4.0 | session=LONDON | RR=2.00,False
proxy_hardened_no_worst_hours,100,570,669,2024-10-28 15:45:00,2025-05-21 14:15:00,100,45,55,45.0,1.7633184795000594,283.69908469319546,52.90257399632958,6,NEW YORK,22,SELL,V50 realtime loss proxy | variant=proxy_hardened_no_worst_hours | Side=BUY | score=76.0 | opposite_score=4.0 | session=LONDON | RR=2.00,False
proxy_hardened_no_worst_hours,100,571,670,2024-10-29 13:00:00,2025-05-23 14:00:00,100,44,56,44.0,1.6762023003853812,260.4738189843311,52.90257399632961,6,NEW YORK,22,SELL,V50 realtime loss proxy | variant=proxy_hardened_no_worst_hours | Side=BUY | score=76.0 | opposite_score=4.0 | session=LONDON | RR=2.00,False
proxy_hardened_no_worst_hours,100,572,671,2024-10-30 13:00:00,2025-05-26 18:00:00,100,44,56,44.0,1.671113081400332,258.51344661658277,52.902573996329636,6,NEW YORK,13,SELL,V50 realtime loss proxy | variant=proxy_hardened_no_worst_hours | Side=BUY | score=76.0 | opposite_score=4.0 | session=LONDON | RR=2.00,False
proxy_hardened_no_worst_hours,100,573,672,2024-11-06 10:00:00,2025-05-27 13:15:00,100,44,56,44.0,1.6532806759915266,254.35864039684432,52.902573996329636,6,NEW YORK,13,SELL,V50 realtime loss proxy | variant=proxy_hardened_no_worst_hours | Side=BUY | score=76.0 | opposite_score=4.0 | session=LONDON | RR=2.00,False
proxy_hardened_no_worst_hours,100,574,673,2024-11-08 10:00:00,2025-05-30 14:45:00,100,43,57,43.0,1.5458674385312485,219.4095277258989,57.29478071578137,6,NEW YORK,13,SELL,V50 realtime loss proxy | variant=proxy_hardened_no_worst_hours | Side=SELL | score=85.0 | opposite_score=4.0 | session=LONDON | RR=2.00,False
proxy_hardened_no_worst_hours,100,575,674,2024-11-08 15:45:00,2025-06-02 13:30:00,100,44,56,44.0,1.6142611478070792,243.4752605938748,57.29478071578137,6,NEW YORK,22,SELL,V50 realtime loss proxy | variant=proxy_hardened_no_worst_hours | Side=SELL | score=85.0 | opposite_score=4.0 | session=LONDON | RR=2.00,False
proxy_hardened_no_worst_hours,100,576,675,2024-11-12 15:15:00,2025-06-04 19:00:00,100,43,57,43.0,1.5491818364930274,221.4513662329405,57.29478071578143,6,NEW YORK,22,SELL,V50 realtime loss proxy | variant=proxy_hardened_no_worst_hours | Side=SELL | score=85.0 | opposite_score=4.0 | session=LONDON | RR=2.00,False
proxy_hardened_no_worst_hours,100,577,676,2024-11-13 15:45:00,2025-06-10 14:00:00,100,43,57,43.0,1.550892716878432,221.89620239975653,57.29478071578137,6,NEW YORK,22,SELL,V50 realtime loss proxy | variant=proxy_hardened_no_worst_hours | Side=BUY | score=76.0 | opposite_score=4.0 | session=LONDON | RR=2.00,False
proxy_hardened_no_worst_hours,100,578,677,2024-11-18 18:45:00,2025-06-11 14:30:00,100,42,58,42.0,1.4737083801658664,196.03974493724766,64.97371651537932,6,NEW YORK,15,SELL,V50 realtime loss proxy | variant=proxy_hardened_no_worst_hours | Side=BUY | score=76.0 | opposite_score=4.0 | session=LONDON | RR=2.00,False
proxy_hardened_no_worst_hours,100,579,678,2024-11-19 13:30:00,2025-06-11 18:00:00,100,42,58,42.0,1.4992589378406869,206.61360222856774,64.97371651537932,6,NEW YORK,15,SELL,V50 realtime loss proxy | variant=proxy_hardened_no_worst_hours | Side=BUY | score=76.0 | opposite_score=4.0 | session=LONDON | RR=2.00,False
proxy_hardened_no_worst_hours,100,580,679,2024-11-19 18:45:00,2025-06-12 14:30:00,100,43,57,43.0,1.5803728490980438,236.5941275853798,64.97371651537932,6,NEW YORK,15,SELL,V50 realtime loss proxy | variant=proxy_hardened_no_worst_hours | Side=BUY | score=76.0 | opposite_score=4.0 | session=LONDON | RR=2.00,False
proxy_hardened_no_worst_hours,100,581,680,2024-11-21 18:00:00,2025-06-13 14:00:00,100,44,56,44.0,1.6549131539817932,263.12121770269374,64.97371651537932,6,NEW YORK,15,SELL,V50 realtime loss proxy | variant=proxy_hardened_no_worst_hours | Side=BUY | score=76.0 | opposite_score=4.0 | session=LONDON | RR=2.00,False
proxy_hardened_no_worst_hours,100,582,681,2024-11-22 21:00:00,2025-06-19 15:00:00,100,43,57,43.0,1.5936145064391025,243.0628771521934,64.97371651537932,6,NEW YORK,15,SELL,V50 realtime loss proxy | variant=proxy_hardened_no_worst_hours | Side=BUY | score=76.0 | opposite_score=4.0 | session=LONDON | RR=2.00,False
proxy_hardened_no_worst_hours,100,583,682,2024-11-26 14:30:00,2025-06-24 15:15:00,100,43,57,43.0,1.5694197767071993,236.75045866466195,64.97371651537932,6,NEW YORK,15,SELL,V50 realtime loss proxy | variant=proxy_hardened_no_worst_hours | Side=SELL | score=85.0 | opposite_score=4.0 | session=LONDON | RR=2.00,False
proxy_hardened_no_worst_hours,100,584,683,2024-11-27 13:30:00,2025-06-25 14:00:00,100,43,57,43.0,1.5729927307764417,237.6948652354227,64.97371651537938,6,NEW YORK,15,SELL,V50 realtime loss proxy | variant=proxy_hardened_no_worst_hours | Side=SELL | score=85.0 | opposite_score=4.0 | session=LONDON | RR=2.00,False
proxy_hardened_no_worst_hours,100,585,684,2024-11-28 13:00:00,2025-06-26 15:00:00,100,43,57,43.0,1.5565002274914443,233.2993673197066,64.97371651537938,6,NEW YORK,15,SELL,V50 realtime loss proxy | variant=proxy_hardened_no_worst_hours | Side=SELL | score=85.0 | opposite_score=4.0 | session=LONDON | RR=2.00,False
proxy_hardened_no_worst_hours,100,586,685,2024-11-29 10:30:00,2025-06-27 10:15:00,100,44,56,44.0,1.6095922138072465,253.13223252288162,64.97371651537938,6,NEW YORK,15,SELL,V50 realtime loss proxy | variant=proxy_hardened_no_worst_hours | Side=SELL | score=85.0 | opposite_score=4.0 | session=LONDON | RR=2.00,False
proxy_hardened_no_worst_hours,100,587,686,2024-12-04 10:00:00,2025-06-27 14:00:00,100,44,56,44.0,1.589865108925698,247.97981423133754,64.97371651537932,6,NEW YORK,15,SELL,V50 realtime loss proxy | variant=proxy_hardened_no_worst_hours | Side=SELL | score=85.0 | opposite_score=4.0 | session=LONDON | RR=2.00,False
proxy_hardened_no_worst_hours,100,588,687,2024-12-10 13:15:00,2025-07-01 13:15:00,100,44,56,44.0,1.579638982689311,245.25826039904405,64.97371651537932,6,NEW YORK,15,SELL,V50 realtime loss proxy | variant=proxy_hardened_no_worst_hours | Side=SELL | score=85.0 | opposite_score=4.0 | session=LONDON | RR=2.00,False
proxy_hardened_no_worst_hours,100,589,688,2024-12-11 10:45:00,2025-07-01 19:00:00,100,43,57,43.0,1.5351256912325382,229.27898484790737,64.97371651537938,6,NEW YORK,15,SELL,V50 realtime loss proxy | variant=proxy_hardened_no_worst_hours | Side=SELL | score=85.0 | opposite_score=4.0 | session=LONDON | RR=2.00,False
proxy_hardened_no_worst_hours,100,590,689,2024-12-17 13:45:00,2025-07-02 13:00:00,100,42,58,42.0,1.4793199084217215,208.61321902112286,64.97371651537932,6,NEW YORK,15,SELL,V50 realtime loss proxy | variant=proxy_hardened_no_worst_hours | Side=SELL | score=85.0 | opposite_score=4.0 | session=LONDON | RR=2.00,False
proxy_hardened_no_worst_hours,100,591,690,2024-12-17 15:30:00,2025-07-03 10:30:00,100,42,58,42.0,1.4791534155895838,208.56423000953555,64.97371651537938,6,NEW YORK,15,SELL,V50 realtime loss proxy | variant=proxy_hardened_no_worst_hours | Side=BUY | score=76.0 | opposite_score=4.0 | session=LONDON | RR=2.00,False
proxy_hardened_no_worst_hours,100,592,691,2024-12-23 13:30:00,2025-07-06 22:00:00,100,42,58,42.0,1.4848128545821129,210.22330838238622,64.97371651537938,6,NEW YORK,15,SELL,V50 realtime loss proxy | variant=proxy_hardened_no_worst_hours | Side=BUY | score=76.0 | opposite_score=4.0 | session=LONDON | RR=2.00,False
proxy_hardened_no_worst_hours,100,593,692,2024-12-24 10:45:00,2025-07-07 10:15:00,100,42,58,42.0,1.4911961045668303,212.99119689304823,64.97371651537932,6,NEW YORK,15,SELL,V50 realtime loss proxy | variant=proxy_hardened_no_worst_hours | Side=BUY | score=76.0 | opposite_score=4.0 | session=LONDON | RR=2.00,False
proxy_hardened_no_worst_hours,100,594,693,2024-12-26 13:15:00,2025-07-08 10:30:00,100,43,57,43.0,1.5278126935211678,227.1791100516607,64.97371651537938,6,NEW YORK,15,SELL,V50 realtime loss proxy | variant=proxy_hardened_no_worst_hours | Side=BUY | score=76.0 | opposite_score=4.0 | session=LONDON | RR=2.00,False
proxy_hardened_no_worst_hours,100,595,694,2024-12-26 14:45:00,2025-07-09 10:00:00,100,43,57,43.0,1.51780424868504,224.34093355649978,64.97371651537938,6,NEW YORK,15,SELL,V50 realtime loss proxy | variant=proxy_hardened_no_worst_hours | Side=BUY | score=76.0 | opposite_score=4.0 | session=LONDON | RR=2.00,False
proxy_hardened_no_worst_hours,100,596,695,2024-12-30 13:30:00,2025-07-10 10:30:00,100,42,58,42.0,1.4840191907076627,212.1461261630775,64.97371651537932,6,NEW YORK,15,SELL,V50 realtime loss proxy | variant=proxy_hardened_no_worst_hours | Side=BUY | score=76.0 | opposite_score=4.0 | session=LONDON | RR=2.00,False
proxy_hardened_no_worst_hours,100,597,696,2024-12-31 19:30:00,2025-07-10 13:00:00,100,41,59,41.0,1.4394478124646424,195.3149588701058,64.97371651537932,6,NEW YORK,15,SELL,V50 realtime loss proxy | variant=proxy_hardened_no_worst_hours | Side=BUY | score=76.0 | opposite_score=4.0 | session=LONDON | RR=2.00,False
proxy_hardened_no_worst_hours,100,598,697,2025-01-02 10:00:00,2025-07-11 18:00:00,100,41,59,41.0,1.4478856397641318,199.0651968851953,64.97371651537932,6,NEW YORK,15,SELL,V50 realtime loss proxy | variant=proxy_hardened_no_worst_hours | Side=BUY | score=76.0 | opposite_score=4.0 | session=LONDON | RR=2.00,False
proxy_hardened_no_worst_hours,100,599,698,2025-01-02 14:00:00,2025-07-14 10:15:00,100,40,60,40.0,1.4097849803518534,184.664927123245,64.97371651537932,6,LONDON,15,SELL,V50 realtime loss proxy | variant=proxy_hardened_no_worst_hours | Side=BUY | score=76.0 | opposite_score=4.0 | session=LONDON | RR=2.00,False
proxy_hardened_no_worst_hours,100,600,699,2025-01-06 10:00:00,2025-07-15 10:15:00,100,39,61,39.0,1.367133388946178,167.43772084906732,64.97371651537932,6,LONDON,15,SELL,V50 realtime loss proxy | variant=proxy_hardened_no_worst_hours | Side=BUY | score=76.0 | opposite_score=4.0 | session=LONDON | RR=2.00,False
proxy_hardened_no_worst_hours,100,601,700,2025-01-06 13:15:00,2025-07-16 15:45:00,100,39,61,39.0,1.3351821667678652,156.52391125546825,69.36608893125424,6,LONDON,15,SELL,V50 realtime loss proxy | variant=proxy_hardened_no_worst_hours | Side=BUY | score=76.0 | opposite_score=4.0 | session=LONDON | RR=2.00,False
proxy_hardened_no_worst_hours,100,602,701,2025-01-07 10:00:00,2025-07-17 10:30:00,100,40,60,40.0,1.3751302586905765,172.93692455396018,69.36608893125424,6,LONDON,15,SELL,V50 realtime loss proxy | variant=proxy_hardened_no_worst_hours | Side=BUY | score=76.0 | opposite_score=4.0 | session=LONDON | RR=2.00,False
proxy_hardened_no_worst_hours,100,603,702,2025-01-08 10:45:00,2025-07-17 22:30:00,100,39,61,39.0,1.3464562523107053,161.15918615287777,69.36608893125424,6,LONDON,15,SELL,V50 realtime loss proxy | variant=proxy_hardened_no_worst_hours | Side=BUY | score=76.0 | opposite_score=4.0 | session=LONDON | RR=2.00,False
proxy_hardened_no_worst_hours,100,604,703,2025-01-08 13:00:00,2025-07-18 14:00:00,100,39,61,39.0,1.3389100722563583,158.53748963597087,69.36608893125424,6,LONDON,15,SELL,V50 realtime loss proxy | variant=proxy_hardened_no_worst_hours | Side=BUY | score=76.0 | opposite_score=4.0 | session=LONDON | RR=2.00,False
proxy_hardened_no_worst_hours,100,605,704,2025-01-09 14:45:00,2025-07-25 13:30:00,100,40,60,40.0,1.3773716525432933,175.02654378993614,69.36608893125424,6,LONDON,15,SELL,V50 realtime loss proxy | variant=proxy_hardened_no_worst_hours | Side=BUY | score=76.0 | opposite_score=4.0 | session=LONDON | RR=2.00,False
proxy_hardened_no_worst_hours,100,606,705,2025-01-09 18:15:00,2025-07-31 15:00:00,100,41,59,41.0,1.4265873048947384,195.43866981497058,69.36608893125424,6,NEW YORK,15,SELL,V50 realtime loss proxy | variant=proxy_hardened_no_worst_hours | Side=BUY | score=76.0 | opposite_score=4.0 | session=LONDON | RR=2.00,False
proxy_hardened_no_worst_hours,100,607,706,2025-01-10 13:00:00,2025-08-04 15:30:00,100,40,60,40.0,1.3816365739825873,177.4714566103294,69.36608893125424,6,NEW YORK,15,SELL,V50 realtime loss proxy | variant=proxy_hardened_no_worst_hours | Side=BUY | score=76.0 | opposite_score=4.0 | session=LONDON | RR=2.00,False
proxy_hardened_no_worst_hours,100,608,707,2025-01-10 13:45:00,2025-08-05 13:00:00,100,41,59,41.0,1.4200814609134635,193.55401371066,69.36608893125424,6,NEW YORK,15,SELL,V50 realtime loss proxy | variant=proxy_hardened_no_worst_hours | Side=BUY | score=76.0 | opposite_score=4.0 | session=LONDON | RR=2.00,False
proxy_hardened_no_worst_hours,100,609,708,2025-01-15 13:00:00,2025-08-05 18:00:00,100,40,60,40.0,1.3749633081458468,175.14152087502364,69.36608893125424,6,NEW YORK,15,SELL,V50 realtime loss proxy | variant=proxy_hardened_no_worst_hours | Side=BUY | score=76.0 | opposite_score=4.0 | session=LONDON | RR=2.00,False
proxy_hardened_no_worst_hours,100,610,709,2025-01-15 13:30:00,2025-08-07 13:45:00,100,40,60,40.0,1.3607083784783305,170.2482375274949,69.36608893125424,6,NEW YORK,15,SELL,V50 realtime loss proxy | variant=proxy_hardened_no_worst_hours | Side=BUY | score=76.0 | opposite_score=4.0 | session=LONDON | RR=2.00,False
proxy_hardened_no_worst_hours,100,611,710,2025-01-23 19:45:00,2025-08-08 13:30:00,100,40,60,40.0,1.3459067738937673,165.05760583983422,69.36608893125424,6,NEW YORK,15,SELL,V50 realtime loss proxy | variant=proxy_hardened_no_worst_hours | Side=BUY | score=76.0 | opposite_score=4.0 | session=LONDON | RR=2.00,False
proxy_hardened_no_worst_hours,100,612,711,2025-01-24 10:00:00,2025-08-11 13:00:00,100,39,61,39.0,1.30163704949608,146.6299571186437,70.3191401855621,6,NEW YORK,15,SELL,V50 realtime loss proxy | variant=proxy_hardened_no_worst_hours | Side=BUY | score=76.0 | opposite_score=4.0 | session=LONDON | RR=2.00,False
proxy_hardened_no_worst_hours,100,613,712,2025-01-24 14:30:00,2025-08-11 14:15:00,100,39,61,39.0,1.320297122104338,155.70087745469215,70.3191401855621,6,NEW YORK,15,SELL,V50 realtime loss proxy | variant=proxy_hardened_no_worst_hours | Side=BUY | score=76.0 | opposite_score=4.0 | session=LONDON | RR=2.00,False
proxy_hardened_no_worst_hours,100,614,713,2025-01-30 19:30:00,2025-08-12 14:30:00,100,39,61,39.0,1.3044097309312084,149.78012938249597,70.3191401855621,6,NEW YORK,15,SELL,V50 realtime loss proxy | variant=proxy_hardened_no_worst_hours | Side=BUY | score=76.0 | opposite_score=4.0 | session=LONDON | RR=2.00,False
proxy_hardened_no_worst_hours,100,615,714,2025-02-03 10:00:00,2025-08-13 14:15:00,100,38,62,38.0,1.266218285262544,132.82561691750612,70.53769076885226,6,NEW YORK,15,SELL,V50 realtime loss proxy | variant=proxy_hardened_no_worst_hours | Side=BUY | score=76.0 | opposite_score=4.0 | session=LONDON | RR=2.00,False
proxy_hardened_no_worst_hours,100,616,715,2025-02-04 21:30:00,2025-08-14 13:30:00,100,38,62,38.0,1.2759348637733356,137.67355789853406,70.53769076885224,6,NEW YORK,15,SELL,V50 realtime loss proxy | variant=proxy_hardened_no_worst_hours | Side=BUY | score=76.0 | opposite_score=4.0 | session=LONDON | RR=2.00,False
proxy_hardened_no_worst_hours,100,617,716,2025-02-05 14:30:00,2025-08-19 14:00:00,100,38,62,38.0,1.2828117393815746,141.10467174643694,70.53769076885217,6,NEW YORK,15,SELL,V50 realtime loss proxy | variant=proxy_hardened_no_worst_hours | Side=BUY | score=76.0 | opposite_score=4.0 | session=LONDON | RR=2.00,False
proxy_hardened_no_worst_hours,100,618,717,2025-02-07 10:00:00,2025-08-26 18:00:00,100,38,62,38.0,1.2793191293157127,139.36208638573228,70.53769076885195,6,NEW YORK,15,SELL,V50 realtime loss proxy | variant=proxy_hardened_no_worst_hours | Side=BUY | score=76.0 | opposite_score=4.0 | session=LONDON | RR=2.00,False
proxy_hardened_no_worst_hours,100,619,718,2025-02-10 13:45:00,2025-08-28 10:30:00,100,39,61,39.0,1.30693684003671,151.87996305820573,70.53769076885197,6,NEW YORK,15,SELL,V50 realtime loss proxy | variant=proxy_hardened_no_worst_hours | Side=BUY | score=76.0 | opposite_score=4.0 | session=LONDON | RR=2.00,False
proxy_hardened_no_worst_hours,100,620,719,2025-02-12 18:45:00,2025-08-28 15:15:00,100,39,61,39.0,1.3082175978010078,152.5137137735151,70.53769076885193,6,NEW YORK,15,SELL,V50 realtime loss proxy | variant=proxy_hardened_no_worst_hours | Side=BUY | score=76.0 | opposite_score=4.0 | session=LONDON | RR=2.00,False
proxy_hardened_no_worst_hours,100,621,720,2025-02-12 19:45:00,2025-08-31 22:00:00,100,39,61,39.0,1.3108696113294713,153.51479128322399,70.53769076885189,6,NEW YORK,15,SELL,V50 realtime loss proxy | variant=proxy_hardened_no_worst_hours | Side=BUY | score=76.0 | opposite_score=4.0 | session=LONDON | RR=2.00,False
proxy_hardened_no_worst_hours,100,622,721,2025-02-13 10:15:00,2025-09-01 13:45:00,100,39,61,39.0,1.3092799838561842,152.72979551365964,70.53769076885187,6,NEW YORK,15,SELL,V50 realtime loss proxy | variant=proxy_hardened_no_worst_hours | Side=BUY | score=76.0 | opposite_score=4.0 | session=LONDON | RR=2.00,False
proxy_hardened_no_worst_hours,100,623,722,2025-02-13 14:45:00,2025-09-02 13:30:00,100,40,60,40.0,1.3651908035687619,178.28093157726335,70.53769076885189,6,NEW YORK,15,SELL,V50 realtime loss proxy | variant=proxy_hardened_no_worst_hours | Side=BUY | score=76.0 | opposite_score=4.0 | session=LONDON | RR=2.00,False
proxy_hardened_no_worst_hours,100,624,723,2025-02-14 10:45:00,2025-09-04 13:15:00,100,39,61,39.0,1.3116864139377404,155.04596045243719,70.53769076885187,6,NEW YORK,15,SELL,V50 realtime loss proxy | variant=proxy_hardened_no_worst_hours | Side=BUY | score=76.0 | opposite_score=4.0 | session=LONDON | RR=2.00,False
proxy_hardened_no_worst_hours,100,625,724,2025-02-18 10:00:00,2025-09-07 22:15:00,100,39,61,39.0,1.300141140476835,150.62866644079304,70.53769076885187,6,NEW YORK,22,SELL,V50 realtime loss proxy | variant=proxy_hardened_no_worst_hours | Side=BUY | score=76.0 | opposite_score=4.0 | session=LONDON | RR=2.00,False
proxy_hardened_no_worst_hours,100,626,725,2025-02-18 13:00:00,2025-09-08 18:00:00,100,40,60,40.0,1.340853592530677,169.647950594188,70.53769076885187,6,NEW YORK,22,SELL,V50 realtime loss proxy | variant=proxy_hardened_no_worst_hours | Side=BUY | score=76.0 | opposite_score=4.0 | session=LONDON | RR=2.00,False
proxy_hardened_no_worst_hours,100,627,726,2025-02-19 13:00:00,2025-09-09 10:15:00,100,39,61,39.0,1.3038446009629459,153.48692511608945,70.53769076885187,6,NEW YORK,22,SELL,V50 realtime loss proxy | variant=proxy_hardened_no_worst_hours | Side=BUY | score=76.0 | opposite_score=4.0 | session=LONDON | RR=2.00,False
proxy_hardened_no_worst_hours,100,628,727,2025-02-19 14:00:00,2025-09-11 19:00:00,100,40,60,40.0,1.3467940631391149,173.18854240307388,70.53769076885187,6,NEW YORK,22,SELL,V50 realtime loss proxy | variant=proxy_hardened_no_worst_hours | Side=BUY | score=76.0 | opposite_score=4.0 | session=LONDON | RR=2.00,False
proxy_hardened_no_worst_hours,100,629,728,2025-02-26 15:00:00,2025-09-12 10:00:00,100,40,60,40.0,1.3474236571017137,173.4218902992375,70.53769076885189,6,NEW YORK,22,SELL,V50 realtime loss proxy | variant=proxy_hardened_no_worst_hours | Side=BUY | score=76.0 | opposite_score=4.0 | session=LONDON | RR=2.00,False
proxy_hardened_no_worst_hours,100,630,729,2025-02-27 10:15:00,2025-09-12 13:30:00,100,40,60,40.0,1.3501347223043865,174.42421258010927,70.53769076885187,6,NEW YORK,22,SELL,V50 realtime loss proxy | variant=proxy_hardened_no_worst_hours | Side=BUY | score=76.0 | opposite_score=4.0 | session=LONDON | RR=2.00,False
proxy_hardened_no_worst_hours,100,631,730,2025-02-28 10:15:00,2025-09-15 22:15:00,100,40,60,40.0,1.3406966480514717,169.7225118775832,70.53769076885187,6,NEW YORK,22,SELL,V50 realtime loss proxy | variant=proxy_hardened_no_worst_hours | Side=BUY | score=76.0 | opposite_score=4.0 | session=LONDON | RR=2.00,False
proxy_hardened_no_worst_hours,100,632,731,2025-02-28 15:45:00,2025-09-16 13:15:00,100,39,61,39.0,1.3014521548388218,152.08493762302444,70.53769076885179,6,NEW YORK,22,SELL,V50 realtime loss proxy | variant=proxy_hardened_no_worst_hours | Side=BUY | score=76.0 | opposite_score=4.0 | session=LONDON | RR=2.00,False
proxy_hardened_no_worst_hours,100,633,732,2025-03-04 18:00:00,2025-09-22 13:00:00,100,39,61,39.0,1.3051334871679348,153.5079802292994,70.53769076885187,6,NEW YORK,22,SELL,V50 realtime loss proxy | variant=proxy_hardened_no_worst_hours | Side=BUY | score=76.0 | opposite_score=4.0 | session=LONDON | RR=2.00,False
proxy_hardened_no_worst_hours,100,634,733,2025-03-06 18:45:00,2025-09-22 14:15:00,100,40,60,40.0,1.357575783420955,177.29246561704173,70.53769076885189,6,NEW YORK,22,SELL,V50 realtime loss proxy | variant=proxy_hardened_no_worst_hours | Side=BUY | score=76.0 | opposite_score=4.0 | session=LONDON | RR=2.00,False
proxy_hardened_no_worst_hours,100,635,734,2025-03-07 10:45:00,2025-09-23 15:00:00,100,40,60,40.0,1.3495068422140177,174.32788243040488,70.53769076885193,6,NEW YORK,22,SELL,V50 realtime loss proxy | variant=proxy_hardened_no_worst_hours | Side=BUY | score=76.0 | opposite_score=4.0 | session=LONDON | RR=2.00,False
proxy_hardened_no_worst_hours,100,636,735,2025-03-07 13:30:00,2025-09-25 19:30:00,100,40,60,40.0,1.332383749800182,167.91779363085206,70.53769076885189,6,NEW YORK,22,SELL,V50 realtime loss proxy | variant=proxy_hardened_no_worst_hours | Side=BUY | score=76.0 | opposite_score=4.0 | session=LONDON | RR=2.00,False
proxy_hardened_no_worst_hours,100,637,736,2025-03-10 13:15:00,2025-09-26 13:30:00,100,41,59,41.0,1.384595723642947,191.82570548395557,70.53769076885203,6,NEW YORK,22,SELL,V50 realtime loss proxy | variant=proxy_hardened_no_worst_hours | Side=BUY | score=94.0 | opposite_score=8.0 | session=NEW YORK | RR=2.00,False
proxy_hardened_no_worst_hours,100,638,737,2025-03-10 14:15:00,2025-09-28 22:00:00,100,42,58,42.0,1.438453908515522,215.52630638872427,70.53769076885223,6,NEW YORK,15,SELL,V50 realtime loss proxy | variant=proxy_hardened_no_worst_hours | Side=BUY | score=94.0 | opposite_score=8.0 | session=NEW YORK | RR=2.00,False
proxy_hardened_no_worst_hours,100,639,738,2025-03-11 13:15:00,2025-09-29 10:15:00,100,42,58,42.0,1.4451989477177059,218.84189636856001,70.53769076885187,6,NEW YORK,15,SELL,V50 realtime loss proxy | variant=proxy_hardened_no_worst_hours | Side=BUY | score=94.0 | opposite_score=8.0 | session=NEW YORK | RR=2.00,False
proxy_hardened_no_worst_hours,100,640,739,2025-03-11 14:45:00,2025-09-30 14:00:00,100,42,58,42.0,1.4823898876348318,237.1234665764793,70.53769076885187,6,NEW YORK,15,SELL,V50 realtime loss proxy | variant=proxy_hardened_no_worst_hours | Side=BUY | score=94.0 | opposite_score=8.0 | session=NEW YORK | RR=2.00,False
proxy_hardened_no_worst_hours,100,641,740,2025-03-13 10:15:00,2025-10-01 14:30:00,100,42,58,42.0,1.4709957598200067,233.31591314635642,70.53769076885193,6,NEW YORK,15,SELL,V50 realtime loss proxy | variant=proxy_hardened_no_worst_hours | Side=BUY | score=94.0 | opposite_score=8.0 | session=NEW YORK | RR=2.00,False
proxy_hardened_no_worst_hours,100,642,741,2025-03-16 22:00:00,2025-10-02 10:00:00,100,43,57,43.0,1.514103622823865,252.32236438126452,70.53769076885187,6,NEW YORK,15,SELL,V50 realtime loss proxy | variant=proxy_hardened_no_worst_hours | Side=BUY | score=94.0 | opposite_score=8.0 | session=NEW YORK | RR=2.00,False
proxy_hardened_no_worst_hours,100,643,742,2025-03-17 14:15:00,2025-10-03 14:15:00,100,44,56,44.0,1.5787282937049936,280.74551971775844,70.53769076885195,6,NEW YORK,15,SELL,V50 realtime loss proxy | variant=proxy_hardened_no_worst_hours | Side=BUY | score=94.0 | opposite_score=8.0 | session=NEW YORK | RR=2.00,False
proxy_hardened_no_worst_hours,100,644,743,2025-03-18 14:15:00,2025-10-06 13:30:00,100,44,56,44.0,1.6000976719064512,291.11196845453253,70.53769076885189,6,NEW YORK,15,SELL,V50 realtime loss proxy | variant=proxy_hardened_no_worst_hours | Side=BUY | score=94.0 | opposite_score=8.0 | session=NEW YORK | RR=2.00,False
proxy_hardened_no_worst_hours,100,645,744,2025-03-19 10:45:00,2025-10-07 13:30:00,100,43,57,43.0,1.5353464024009469,265.3513367654779,70.53769076885186,6,NEW YORK,15,SELL,V50 realtime loss proxy | variant=proxy_hardened_no_worst_hours | Side=BUY | score=94.0 | opposite_score=8.0 | session=NEW YORK | RR=2.00,False
proxy_hardened_no_worst_hours,100,646,745,2025-03-19 19:15:00,2025-10-08 13:45:00,100,43,57,43.0,1.516976814117937,259.34918640275026,70.53769076885187,6,NEW YORK,15,SELL,V50 realtime loss proxy | variant=proxy_hardened_no_worst_hours | Side=BUY | score=94.0 | opposite_score=8.0 | session=NEW YORK | RR=2.00,False
proxy_hardened_no_worst_hours,100,647,746,2025-03-24 10:30:00,2025-10-10 15:30:00,100,42,58,42.0,1.4375469083570225,227.05577311724585,70.53769076885179,6,NEW YORK,15,SELL,V50 realtime loss proxy | variant=proxy_hardened_no_worst_hours | Side=BUY | score=94.0 | opposite_score=8.0 | session=NEW YORK | RR=2.00,False
proxy_hardened_no_worst_hours,100,648,747,2025-03-26 10:30:00,2025-10-12 22:00:00,100,43,57,43.0,1.5214974204586345,267.7685867030838,70.53769076885179,6,NEW YORK,15,SELL,V50 realtime loss proxy | variant=proxy_hardened_no_worst_hours | Side=BUY | score=94.0 | opposite_score=8.0 | session=NEW YORK | RR=2.00,False
proxy_hardened_no_worst_hours,100,649,748,2025-03-27 15:45:00,2025-10-13 19:15:00,100,44,56,44.0,1.5788714101019112,294.779603192868,70.53769076885189,6,NEW YORK,15,SELL,V50 realtime loss proxy | variant=proxy_hardened_no_worst_hours | Side=BUY | score=94.0 | opposite_score=8.0 | session=NEW YORK | RR=2.00,False
proxy_hardened_no_worst_hours,100,650,749,2025-03-28 10:45:00,2025-10-14 10:15:00,100,43,57,43.0,1.4922094913731248,259.78150189924617,70.5376907688518,6,LONDON,15,SELL,V50 realtime loss proxy | variant=proxy_hardened_no_worst_hours | Side=BUY | score=94.0 | opposite_score=8.0 | session=NEW YORK | RR=2.00,False
proxy_hardened_no_worst_hours,100,651,750,2025-03-31 14:30:00,2025-10-14 15:00:00,100,43,57,43.0,1.5400758636433118,285.0447247682893,70.5376907688518,6,NEW YORK,15,SELL,V50 realtime loss proxy | variant=proxy_hardened_no_worst_hours | Side=BUY | score=74.0 | opposite_score=4.0 | session=LONDON | RR=2.00,False
proxy_hardened_no_worst_hours,100,652,751,2025-04-01 10:15:00,2025-10-15 19:00:00,100,43,57,43.0,1.5527940304292143,291.7572009130092,70.5376907688518,6,LONDON,15,SELL,V50 realtime loss proxy | variant=proxy_hardened_no_worst_hours | Side=BUY | score=74.0 | opposite_score=4.0 | session=LONDON | RR=2.00,False
proxy_hardened_no_worst_hours,100,653,752,2025-04-02 13:00:00,2025-10-22 10:15:00,100,44,56,44.0,1.6871055223926734,357.9278222397672,70.5376907688518,6,NEW YORK,15,SELL,V50 realtime loss proxy | variant=proxy_hardened_no_worst_hours | Side=BUY | score=74.0 | opposite_score=4.0 | session=LONDON | RR=2.00,False
proxy_hardened_no_worst_hours,100,654,753,2025-04-07 13:45:00,2025-10-22 15:30:00,100,44,56,44.0,1.603524635994807,330.7757265858392,70.5376907688518,6,LONDON,15,SELL,V50 realtime loss proxy | variant=proxy_hardened_no_worst_hours | Side=BUY | score=74.0 | opposite_score=4.0 | session=LONDON | RR=2.00,False
proxy_hardened_no_worst_hours,100,655,754,2025-04-07 14:30:00,2025-10-27 13:15:00,100,45,55,45.0,1.7195538822848977,382.3031370684455,70.5376907688518,6,NEW YORK,15,SELL,V50 realtime loss proxy | variant=proxy_hardened_no_worst_hours | Side=BUY | score=74.0 | opposite_score=4.0 | session=LONDON | RR=2.00,False
proxy_hardened_no_worst_hours,100,656,755,2025-04-09 13:00:00,2025-10-29 14:00:00,100,44,56,44.0,1.5993723176211516,327.05000642136764,70.5376907688518,6,LONDON,15,SELL,V50 realtime loss proxy | variant=proxy_hardened_no_worst_hours | Side=BUY | score=74.0 | opposite_score=4.0 | session=LONDON | RR=2.00,False
proxy_hardened_no_worst_hours,100,657,756,2025-04-09 18:15:00,2025-10-30 14:15:00,100,44,56,44.0,1.6228527543974802,339.86220473735443,70.53769076885185,6,NEW YORK,15,SELL,V50 realtime loss proxy | variant=proxy_hardened_no_worst_hours | Side=BUY | score=74.0 | opposite_score=4.0 | session=LONDON | RR=2.00,False
proxy_hardened_no_worst_hours,100,658,757,2025-04-10 10:00:00,2025-10-31 14:00:00,100,43,57,43.0,1.508643597188906,285.2857220910747,70.53769076885185,6,NEW YORK,15,SELL,V50 realtime loss proxy | variant=proxy_hardened_no_worst_hours | Side=BUY | score=74.0 | opposite_score=4.0 | session=LONDON | RR=2.00,False
proxy_hardened_no_worst_hours,100,659,758,2025-04-11 14:15:00,2025-11-04 15:30:00,100,42,58,42.0,1.420583855630437,244.02430858045466,70.5376907688518,6,LONDON,15,SELL,V50 realtime loss proxy | variant=proxy_hardened_no_worst_hours | Side=BUY | score=74.0 | opposite_score=4.0 | session=LONDON | RR=2.00,False
proxy_hardened_no_worst_hours,100,660,759,2025-04-22 10:00:00,2025-11-06 13:00:00,100,42,58,42.0,1.439652374018642,251.709236618684,70.18428641824102,6,LONDON,15,SELL,V50 realtime loss proxy | variant=proxy_hardened_no_worst_hours | Side=BUY | score=74.0 | opposite_score=4.0 | session=LONDON | RR=2.00,False
proxy_hardened_no_worst_hours,100,661,760,2025-04-25 10:15:00,2025-11-10 15:00:00,100,43,57,43.0,1.5183140045111063,288.84344494593796,70.18428641824102,6,NEW YORK,15,SELL,V50 realtime loss proxy | variant=proxy_hardened_no_worst_hours | Side=BUY | score=74.0 | opposite_score=4.0 | session=LONDON | RR=2.00,False
proxy_hardened_no_worst_hours,100,662,761,2025-04-28 10:00:00,2025-11-13 10:45:00,100,42,58,42.0,1.4437175649511305,252.80353057230562,70.184286418241,6,LONDON,15,SELL,V50 realtime loss proxy | variant=proxy_hardened_no_worst_hours | Side=BUY | score=74.0 | opposite_score=4.0 | session=LONDON | RR=2.00,False
proxy_hardened_no_worst_hours,100,663,762,2025-05-01 14:15:00,2025-11-19 13:15:00,100,43,57,43.0,1.5105078192100645,285.74851683080135,70.18428641824102,6,NEW YORK,15,SELL,V50 realtime loss proxy | variant=proxy_hardened_no_worst_hours | Side=BUY | score=74.0 | opposite_score=4.0 | session=LONDON | RR=2.00,False
proxy_hardened_no_worst_hours,100,664,763,2025-05-06 14:45:00,2025-11-20 10:00:00,100,43,57,43.0,1.5014352796194004,282.36628134173554,70.18428641824102,6,NEW YORK,15,SELL,V50 realtime loss proxy | variant=proxy_hardened_no_worst_hours | Side=BUY | score=74.0 | opposite_score=4.0 | session=LONDON | RR=2.00,False
proxy_hardened_no_worst_hours,100,665,764,2025-05-09 18:00:00,2025-11-21 10:00:00,100,42,58,42.0,1.4203747538289893,243.5731632150642,70.18428641824102,6,LONDON,15,SELL,V50 realtime loss proxy | variant=proxy_hardened_no_worst_hours | Side=BUY | score=74.0 | opposite_score=4.0 | session=LONDON | RR=2.00,False
proxy_hardened_no_worst_hours,100,666,765,2025-05-13 14:15:00,2025-11-21 18:00:00,100,42,58,42.0,1.4037062367478401,236.69276546543836,70.18428641824102,6,LONDON,15,SELL,V50 realtime loss proxy | variant=proxy_hardened_no_worst_hours | Side=BUY | score=74.0 | opposite_score=4.0 | session=LONDON | RR=2.00,False
proxy_hardened_no_worst_hours,100,667,766,2025-05-16 13:30:00,2025-11-24 18:00:00,100,43,57,43.0,1.466049980275858,267.96223704457515,70.18428641824102,6,LONDON,15,SELL,V50 realtime loss proxy | variant=proxy_hardened_no_worst_hours | Side=BUY | score=74.0 | opposite_score=4.0 | session=LONDON | RR=2.00,False
proxy_hardened_no_worst_hours,100,668,767,2025-05-21 10:00:00,2025-11-28 13:45:00,100,44,56,44.0,1.5476720503056494,306.55900990056045,70.18428641824103,6,NEW YORK,15,SELL,V50 realtime loss proxy | variant=proxy_hardened_no_worst_hours | Side=BUY | score=74.0 | opposite_score=4.0 | session=LONDON | RR=2.00,False
proxy_hardened_no_worst_hours,100,669,768,2025-05-21 14:15:00,2025-12-03 15:00:00,100,44,56,44.0,1.5301093747008423,300.1341788685087,70.18428641824103,6,NEW YORK,15,SELL,V50 realtime loss proxy | variant=proxy_hardened_no_worst_hours | Side=BUY | score=74.0 | opposite_score=4.0 | session=LONDON | RR=2.00,False
proxy_hardened_no_worst_hours,100,670,769,2025-05-23 14:00:00,2025-12-05 10:15:00,100,44,56,44.0,1.5142403381508123,291.14954195831353,70.18428641824102,6,NEW YORK,15,SELL,V50 realtime loss proxy | variant=proxy_hardened_no_worst_hours | Side=BUY | score=74.0 | opposite_score=4.0 | session=LONDON | RR=2.00,False
proxy_hardened_no_worst_hours,100,671,770,2025-05-26 18:00:00,2025-12-05 14:30:00,100,45,55,45.0,1.583519322459285,322.4752202553374,70.18428641824103,6,NEW YORK,15,SELL,V50 realtime loss proxy | variant=proxy_hardened_no_worst_hours | Side=BUY | score=74.0 | opposite_score=4.0 | session=LONDON | RR=2.00,False
proxy_hardened_no_worst_hours,100,672,771,2025-05-27 13:15:00,2025-12-09 13:45:00,100,44,56,44.0,1.54617568949425,306.16799641907085,70.18428641824102,6,NEW YORK,15,SELL,V50 realtime loss proxy | variant=proxy_hardened_no_worst_hours | Side=BUY | score=74.0 | opposite_score=4.0 | session=LONDON | RR=2.00,False
proxy_hardened_no_worst_hours,100,673,772,2025-05-30 14:45:00,2025-12-09 14:45:00,100,44,56,44.0,1.5443298056042827,305.49797026936056,70.18428641824103,6,NEW YORK,15,SELL,V50 realtime loss proxy | variant=proxy_hardened_no_worst_hours | Side=BUY | score=74.0 | opposite_score=4.0 | session=LONDON | RR=2.00,False
proxy_hardened_no_worst_hours,100,674,773,2025-06-02 13:30:00,2025-12-16 18:45:00,100,44,56,44.0,1.5439595984924022,305.36339816631033,70.18428641824103,6,NEW YORK,15,SELL,V50 realtime loss proxy | variant=proxy_hardened_no_worst_hours | Side=BUY | score=74.0 | opposite_score=4.0 | session=LONDON | RR=2.00,False
proxy_hardened_no_worst_hours,100,675,774,2025-06-04 19:00:00,2025-12-16 19:45:00,100,44,56,44.0,1.5555156420675333,311.8506313086984,70.18428641824103,6,NEW YORK,15,SELL,V50 realtime loss proxy | variant=proxy_hardened_no_worst_hours | Side=BUY | score=74.0 | opposite_score=4.0 | session=LONDON | RR=2.00,False
proxy_hardened_no_worst_hours,100,676,775,2025-06-10 14:00:00,2025-12-17 13:00:00,100,45,55,45.0,1.6066954394826594,336.41486671100546,70.18428641824103,6,NEW YORK,15,SELL,V50 realtime loss proxy | variant=proxy_hardened_no_worst_hours | Side=BUY | score=74.0 | opposite_score=4.0 | session=LONDON | RR=2.00,False
proxy_hardened_no_worst_hours,100,677,776,2025-06-11 14:30:00,2025-12-17 14:00:00,100,45,55,45.0,1.5970334034193023,333.0601248834052,70.18428641824103,6,NEW YORK,15,SELL,V50 realtime loss proxy | variant=proxy_hardened_no_worst_hours | Side=BUY | score=74.0 | opposite_score=4.0 | session=LONDON | RR=2.00,False
proxy_hardened_no_worst_hours,100,678,777,2025-06-11 18:00:00,2025-12-18 18:00:00,100,45,55,45.0,1.5745390818791531,325.0903975286589,70.18428641824102,6,NEW YORK,15,SELL,V50 realtime loss proxy | variant=proxy_hardened_no_worst_hours | Side=BUY | score=74.0 | opposite_score=4.0 | session=LONDON | RR=2.00,False
proxy_hardened_no_worst_hours,100,679,778,2025-06-12 14:30:00,2025-12-19 18:30:00,100,45,55,45.0,1.575144455033936,325.43293471324495,70.18428641824103,6,NEW YORK,15,SELL,V50 realtime loss proxy | variant=proxy_hardened_no_worst_hours | Side=BUY | score=74.0 | opposite_score=4.0 | session=LONDON | RR=2.00,False
proxy_hardened_no_worst_hours,100,680,779,2025-06-13 14:00:00,2025-12-22 15:15:00,100,45,55,45.0,1.57104463162727,323.11313913604744,70.18428641824102,6,NEW YORK,15,SELL,V50 realtime loss proxy | variant=proxy_hardened_no_worst_hours | Side=BUY | score=72.0 | opposite_score=8.0 | session=NEW YORK | RR=2.00,False
proxy_hardened_no_worst_hours,100,681,780,2025-06-19 15:00:00,2025-12-22 18:45:00,100,45,55,45.0,1.5695591354618614,322.2726035586235,70.18428641824099,6,NEW YORK,15,SELL,V50 realtime loss proxy | variant=proxy_hardened_no_worst_hours | Side=BUY | score=72.0 | opposite_score=8.0 | session=NEW YORK | RR=2.00,False
proxy_hardened_no_worst_hours,100,682,781,2025-06-24 15:15:00,2025-12-23 10:00:00,100,45,55,45.0,1.5662490876783546,321.07680507673115,62.48684346652189,6,NEW YORK,15,SELL,V50 realtime loss proxy | variant=proxy_hardened_no_worst_hours | Side=BUY | score=72.0 | opposite_score=8.0 | session=NEW YORK | RR=2.00,False
proxy_hardened_no_worst_hours,100,683,782,2025-06-25 14:00:00,2025-12-23 21:30:00,100,46,54,46.0,1.635069030014353,352.93138905825583,59.75171314316515,6,NEW YORK,15,SELL,V50 realtime loss proxy | variant=proxy_hardened_no_worst_hours | Side=BUY | score=72.0 | opposite_score=8.0 | session=NEW YORK | RR=2.00,False
proxy_hardened_no_worst_hours,100,684,783,2025-06-26 15:00:00,2025-12-26 10:45:00,100,46,54,46.0,1.629962766049566,351.19040446058045,59.75171314316509,6,NEW YORK,15,SELL,V50 realtime loss proxy | variant=proxy_hardened_no_worst_hours | Side=BUY | score=72.0 | opposite_score=8.0 | session=NEW YORK | RR=2.00,False
proxy_hardened_no_worst_hours,100,685,784,2025-06-27 10:15:00,2025-12-31 10:15:00,100,46,54,46.0,1.6058762207547603,342.82878869655417,59.75171314316509,6,LONDON,15,SELL,V50 realtime loss proxy | variant=proxy_hardened_no_worst_hours | Side=BUY | score=72.0 | opposite_score=8.0 | session=NEW YORK | RR=2.00,False
proxy_hardened_no_worst_hours,100,686,785,2025-06-27 14:00:00,2026-01-05 14:00:00,100,46,54,46.0,1.626663450252269,354.59102735994077,59.75171314316509,6,NEW YORK,15,SELL,V50 realtime loss proxy | variant=proxy_hardened_no_worst_hours | Side=BUY | score=72.0 | opposite_score=8.0 | session=NEW YORK | RR=2.00,False
proxy_hardened_no_worst_hours,100,687,786,2025-07-01 13:15:00,2026-01-05 18:30:00,100,46,54,46.0,1.61699568714563,351.207961012855,59.75171314316509,5,NEW YORK,15,SELL,V50 realtime loss proxy | variant=proxy_hardened_no_worst_hours | Side=BUY | score=72.0 | opposite_score=8.0 | session=NEW YORK | RR=2.00,False
proxy_hardened_no_worst_hours,100,688,787,2025-07-01 19:00:00,2026-01-06 15:30:00,100,46,54,46.0,1.5957727907233517,343.6376133916166,59.75171314316509,4,NEW YORK,15,SELL,V50 realtime loss proxy | variant=proxy_hardened_no_worst_hours | Side=BUY | score=72.0 | opposite_score=8.0 | session=NEW YORK | RR=2.00,False
proxy_hardened_no_worst_hours,100,689,788,2025-07-02 13:00:00,2026-01-08 13:00:00,100,46,54,46.0,1.5784560342496936,337.3097937959184,59.75171314316509,4,NEW YORK,15,SELL,V50 realtime loss proxy | variant=proxy_hardened_no_worst_hours | Side=BUY | score=72.0 | opposite_score=8.0 | session=NEW YORK | RR=2.00,False
proxy_hardened_no_worst_hours,100,690,789,2025-07-03 10:30:00,2026-01-08 13:45:00,100,46,54,46.0,1.561623113660342,331.0242646940493,59.75171314316509,4,LONDON,15,SELL,V50 realtime loss proxy | variant=proxy_hardened_no_worst_hours | Side=BUY | score=72.0 | opposite_score=8.0 | session=NEW YORK | RR=2.00,False
proxy_hardened_no_worst_hours,100,691,790,2025-07-06 22:00:00,2026-01-09 14:30:00,100,47,53,47.0,1.6261635965191388,365.5188794751722,59.75171314316509,4,NEW YORK,15,SELL,V50 realtime loss proxy | variant=proxy_hardened_no_worst_hours | Side=BUY | score=72.0 | opposite_score=8.0 | session=NEW YORK | RR=2.00,False
proxy_hardened_no_worst_hours,100,692,791,2025-07-07 10:15:00,2026-01-09 18:30:00,100,48,52,48.0,1.6917091483381155,400.54630268110816,59.75171314316509,4,LONDON,15,SELL,V50 realtime loss proxy | variant=proxy_hardened_no_worst_hours | Side=BUY | score=72.0 | opposite_score=8.0 | session=NEW YORK | RR=2.00,False
proxy_hardened_no_worst_hours,100,693,792,2025-07-08 10:30:00,2026-01-12 14:00:00,100,48,52,48.0,1.7690286130160349,445.31949351779303,59.75171314316509,4,NEW YORK,15,SELL,V50 realtime loss proxy | variant=proxy_hardened_no_worst_hours | Side=BUY | score=72.0 | opposite_score=8.0 | session=NEW YORK | RR=2.00,False
proxy_hardened_no_worst_hours,100,694,793,2025-07-09 10:00:00,2026-01-12 18:45:00,100,47,53,47.0,1.6682835075902118,405.94944561629876,59.75171314316509,4,NEW YORK,15,SELL,V50 realtime loss proxy | variant=proxy_hardened_no_worst_hours | Side=SELL | score=79.0 | opposite_score=26.0 | session=LONDON | RR=2.00,False
proxy_hardened_no_worst_hours,100,695,794,2025-07-10 10:30:00,2026-01-13 13:15:00,100,48,52,48.0,1.7570584686054005,455.31865930492245,59.75171314316509,4,NEW YORK,15,SELL,V50 realtime loss proxy | variant=proxy_hardened_no_worst_hours | Side=SELL | score=79.0 | opposite_score=26.0 | session=LONDON | RR=2.00,False
proxy_hardened_no_worst_hours,100,696,795,2025-07-10 13:00:00,2026-01-13 15:15:00,100,48,52,48.0,1.6812800888994188,428.21104662636685,59.75171314316509,4,NEW YORK,15,SELL,V50 realtime loss proxy | variant=proxy_hardened_no_worst_hours | Side=BUY | score=96.0 | opposite_score=4.0 | session=LONDON | RR=2.00,False
proxy_hardened_no_worst_hours,100,697,796,2025-07-11 18:00:00,2026-01-14 19:15:00,100,48,52,48.0,1.6259703321438586,406.8303770591703,59.75171314316509,4,NEW YORK,15,SELL,V50 realtime loss proxy | variant=proxy_hardened_no_worst_hours | Side=BUY | score=96.0 | opposite_score=4.0 | session=LONDON | RR=2.00,False
proxy_hardened_no_worst_hours,100,698,797,2025-07-14 10:15:00,2026-01-20 13:30:00,100,48,52,48.0,1.6700183357468128,435.45803718024956,59.75171314316509,4,NEW YORK,15,SELL,V50 realtime loss proxy | variant=proxy_hardened_no_worst_hours | Side=BUY | score=96.0 | opposite_score=4.0 | session=LONDON | RR=2.00,False
proxy_hardened_no_worst_hours,100,699,798,2025-07-15 10:15:00,2026-01-20 15:30:00,100,49,51,49.0,1.78170113372751,503.2094753506849,59.75171314316509,4,NEW YORK,15,SELL,V50 realtime loss proxy | variant=proxy_hardened_no_worst_hours | Side=SELL | score=79.0 | opposite_score=26.0 | session=LONDON | RR=2.00,False
proxy_hardened_no_worst_hours,100,700,799,2025-07-16 15:45:00,2026-01-21 13:00:00,100,49,51,49.0,1.7168217506670511,478.88241833023534,59.75171314316509,4,NEW YORK,15,SELL,V50 realtime loss proxy | variant=proxy_hardened_no_worst_hours | Side=BUY | score=96.0 | opposite_score=4.0 | session=LONDON | RR=2.00,False
proxy_hardened_no_worst_hours,100,701,800,2025-07-17 10:30:00,2026-01-22 10:30:00,100,49,51,49.0,1.690615570457876,468.5267870991901,59.75171314316509,4,NEW YORK,10,SELL,V50 realtime loss proxy | variant=proxy_hardened_no_worst_hours | Side=BUY | score=96.0 | opposite_score=4.0 | session=LONDON | RR=2.00,False
proxy_hardened_no_worst_hours,100,702,801,2025-07-17 22:30:00,2026-01-23 14:30:00,100,49,51,49.0,1.7711409888603349,523.156768202727,59.75171314316509,4,NEW YORK,10,SELL,V50 realtime loss proxy | variant=proxy_hardened_no_worst_hours | Side=BUY | score=96.0 | opposite_score=4.0 | session=LONDON | RR=2.00,False
proxy_hardened_no_worst_hours,100,703,802,2025-07-18 14:00:00,2026-01-23 18:45:00,100,50,50,50.0,1.8909288382392508,600.7172181036101,59.75171314316509,4,NEW YORK,10,SELL,V50 realtime loss proxy | variant=proxy_hardened_no_worst_hours | Side=BUY | score=96.0 | opposite_score=4.0 | session=LONDON | RR=2.00,False
proxy_hardened_no_worst_hours,100,704,803,2025-07-25 13:30:00,2026-01-26 10:00:00,100,50,50,50.0,1.8061220960245041,569.0572598374508,59.75171314316509,4,NEW YORK,10,SELL,V50 realtime loss proxy | variant=proxy_hardened_no_worst_hours | Side=BUY | score=96.0 | opposite_score=4.0 | session=LONDON | RR=2.00,False
proxy_hardened_no_worst_hours,100,705,804,2025-07-31 15:00:00,2026-01-26 14:45:00,100,49,51,49.0,1.6973434894428574,518.67821177378,75.16188821486162,4,NEW YORK,10,SELL,V50 realtime loss proxy | variant=proxy_hardened_no_worst_hours | Side=BUY | score=96.0 | opposite_score=4.0 | session=LONDON | RR=2.00,False
proxy_hardened_no_worst_hours,100,706,805,2025-08-04 15:30:00,2026-01-28 15:15:00,100,49,51,49.0,1.8414749780926967,625.8819986090444,75.16188821486162,4,NEW YORK,10,SELL,V50 realtime loss proxy | variant=proxy_hardened_no_worst_hours | Side=BUY | score=96.0 | opposite_score=4.0 | session=LONDON | RR=2.00,False
proxy_hardened_no_worst_hours,100,707,806,2025-08-05 13:00:00,2026-01-29 14:15:00,100,49,51,49.0,1.7008385907354147,564.3804778223831,75.16188821486162,4,NEW YORK,10,SELL,V50 realtime loss proxy | variant=proxy_hardened_no_worst_hours | Side=BUY | score=96.0 | opposite_score=4.0 | session=LONDON | RR=2.00,False
proxy_hardened_no_worst_hours,100,708,807,2025-08-05 18:00:00,2026-01-30 14:45:00,100,49,51,49.0,2.061548836644191,854.8579481451902,75.16188821486162,4,NEW YORK,10,SELL,V50 realtime loss proxy | variant=proxy_hardened_no_worst_hours | Side=BUY | score=96.0 | opposite_score=4.0 | session=LONDON | RR=2.00,False
proxy_hardened_no_worst_hours,100,709,808,2025-08-07 13:45:00,2026-02-03 18:00:00,100,49,51,49.0,1.8683042085964583,771.5639300217548,89.63025161950475,4,NEW YORK,10,SELL,V50 realtime loss proxy | variant=proxy_hardened_no_worst_hours | Side=BUY | score=72.0 | opposite_score=19.0 | session=NEW YORK | RR=2.00,False
proxy_hardened_no_worst_hours,100,710,809,2025-08-08 13:30:00,2026-02-05 10:15:00,100,50,50,50.0,2.0932245201438917,962.0581149857319,89.63025161950475,4,NEW YORK,18,SELL,V50 realtime loss proxy | variant=proxy_hardened_no_worst_hours | Side=BUY | score=72.0 | opposite_score=19.0 | session=NEW YORK | RR=2.00,False
proxy_hardened_no_worst_hours,100,711,810,2025-08-11 13:00:00,2026-02-06 14:15:00,100,51,49,51.0,2.2688481202467274,1103.9969890346383,89.63025161950475,4,NEW YORK,18,SELL,V50 realtime loss proxy | variant=proxy_hardened_no_worst_hours | Side=BUY | score=72.0 | opposite_score=19.0 | session=NEW YORK | RR=2.00,False
proxy_hardened_no_worst_hours,100,712,811,2025-08-11 14:15:00,2026-02-09 18:00:00,100,51,49,51.0,2.1842407137792437,1070.2941774229928,89.63025161950475,4,NEW YORK,18,SELL,V50 realtime loss proxy | variant=proxy_hardened_no_worst_hours | Side=BUY | score=72.0 | opposite_score=19.0 | session=NEW YORK | RR=2.00,False
proxy_hardened_no_worst_hours,100,713,812,2025-08-12 14:30:00,2026-02-10 10:00:00,100,50,50,50.0,2.076102327986892,1013.9801286014452,89.63025161950475,4,NEW YORK,18,SELL,V50 realtime loss proxy | variant=proxy_hardened_no_worst_hours | Side=BUY | score=72.0 | opposite_score=19.0 | session=NEW YORK | RR=2.00,False
proxy_hardened_no_worst_hours,100,714,813,2025-08-13 14:15:00,2026-02-10 13:30:00,100,50,50,50.0,2.011562935682448,983.748111815402,122.50727919103576,4,NEW YORK,18,SELL,V50 realtime loss proxy | variant=proxy_hardened_no_worst_hours | Side=BUY | score=72.0 | opposite_score=19.0 | session=NEW YORK | RR=2.00,False
proxy_hardened_no_worst_hours,100,715,814,2025-08-14 13:30:00,2026-02-11 18:30:00,100,50,50,50.0,1.9182509755841506,936.4413862843742,176.71436236988734,4,NEW YORK,18,BUY,V50 realtime loss proxy | variant=proxy_hardened_no_worst_hours | Side=BUY | score=72.0 | opposite_score=19.0 | session=NEW YORK | RR=2.00,False
proxy_hardened_no_worst_hours,100,716,815,2025-08-19 14:00:00,2026-02-13 19:45:00,100,49,51,49.0,1.8220482323019882,875.2546686133585,221.62874296135556,5,NEW YORK,18,BUY,V50 realtime loss proxy | variant=proxy_hardened_no_worst_hours | Side=BUY | score=72.0 | opposite_score=19.0 | session=NEW YORK | RR=2.00,False
proxy_hardened_no_worst_hours,100,717,816,2025-08-26 18:00:00,2026-02-17 13:15:00,100,49,51,49.0,1.8767824246714797,933.5314892690351,221.62874296135556,5,NEW YORK,18,BUY,V50 realtime loss proxy | variant=proxy_hardened_no_worst_hours | Side=BUY | score=72.0 | opposite_score=19.0 | session=NEW YORK | RR=2.00,False
proxy_hardened_no_worst_hours,100,718,817,2025-08-28 10:30:00,2026-02-18 19:00:00,100,48,52,48.0,1.8205246820348684,896.3330585507366,221.62874296135556,5,NEW YORK,18,BUY,V50 realtime loss proxy | variant=proxy_hardened_no_worst_hours | Side=BUY | score=72.0 | opposite_score=19.0 | session=NEW YORK | RR=2.00,False
proxy_hardened_no_worst_hours,100,719,818,2025-08-28 15:15:00,2026-02-19 13:45:00,100,47,53,47.0,1.765316092446993,858.5246092529005,221.62874296135556,5,NEW YORK,18,BUY,V50 realtime loss proxy | variant=proxy_hardened_no_worst_hours | Side=BUY | score=72.0 | opposite_score=19.0 | session=NEW YORK | RR=2.00,False
proxy_hardened_no_worst_hours,100,720,819,2025-08-31 22:00:00,2026-02-19 14:45:00,100,46,54,46.0,1.6945265753218823,806.5478514124425,248.35008773414586,5,NEW YORK,18,BUY,V50 realtime loss proxy | variant=proxy_hardened_no_worst_hours | Side=BUY | score=72.0 | opposite_score=19.0 | session=NEW YORK | RR=2.00,False
proxy_hardened_no_worst_hours,100,721,820,2025-09-01 13:45:00,2026-02-20 13:30:00,100,47,53,47.0,1.753072434656059,869.9546901435577,248.35008773414586,5,NEW YORK,18,BUY,V50 realtime loss proxy | variant=proxy_hardened_no_worst_hours | Side=BUY | score=72.0 | opposite_score=19.0 | session=NEW YORK | RR=2.00,False
proxy_hardened_no_worst_hours,100,722,821,2025-09-02 13:30:00,2026-02-20 15:30:00,100,47,53,47.0,1.8321228142655674,961.2742569397167,248.35008773414586,5,NEW YORK,18,BUY,V50 realtime loss proxy | variant=proxy_hardened_no_worst_hours | Side=BUY | score=72.0 | opposite_score=19.0 | session=NEW YORK | RR=2.00,False
proxy_hardened_no_worst_hours,100,723,822,2025-09-04 13:15:00,2026-02-27 18:00:00,100,47,53,47.0,1.8814671139007544,1018.2771466007695,248.35008773414586,5,NEW YORK,19,BUY,V50 realtime loss proxy | variant=proxy_hardened_no_worst_hours | Side=BUY | score=72.0 | opposite_score=19.0 | session=NEW YORK | RR=2.00,False
proxy_hardened_no_worst_hours,100,724,823,2025-09-07 22:15:00,2026-03-02 13:15:00,100,47,53,47.0,1.8230350057658866,981.2503253076364,248.35008773414586,5,NEW YORK,19,BUY,V50 realtime loss proxy | variant=proxy_hardened_no_worst_hours | Side=BUY | score=96.0 | opposite_score=4.0 | session=LONDON | RR=2.00,False
proxy_hardened_no_worst_hours,100,725,824,2025-09-08 18:00:00,2026-03-06 13:15:00,100,47,53,47.0,1.7751287206280422,949.0749107750812,248.35008773414586,5,NEW YORK,19,BUY,V50 realtime loss proxy | variant=proxy_hardened_no_worst_hours | Side=BUY | score=96.0 | opposite_score=4.0 | session=LONDON | RR=2.00,False
proxy_hardened_no_worst_hours,100,726,825,2025-09-09 10:15:00,2026-03-10 14:00:00,100,47,53,47.0,1.830285270564047,1016.6091103422973,248.35008773414586,5,NEW YORK,18,SELL,V50 realtime loss proxy | variant=proxy_hardened_no_worst_hours | Side=BUY | score=96.0 | opposite_score=4.0 | session=LONDON | RR=2.00,False
proxy_hardened_no_worst_hours,100,727,826,2025-09-11 19:00:00,2026-03-12 10:15:00,100,47,53,47.0,1.8066913430703224,1000.6193136920664,248.35008773414586,5,NEW YORK,18,SELL,V50 realtime loss proxy | variant=proxy_hardened_no_worst_hours | Side=BUY | score=96.0 | opposite_score=4.0 | session=LONDON | RR=2.00,False
proxy_hardened_no_worst_hours,100,728,827,2025-09-12 10:00:00,2026-03-13 10:15:00,100,46,54,46.0,1.7516842164702395,955.6811077937017,248.35008773414586,5,NEW YORK,19,SELL,V50 realtime loss proxy | variant=proxy_hardened_no_worst_hours | Side=BUY | score=96.0 | opposite_score=4.0 | session=LONDON | RR=2.00,False
proxy_hardened_no_worst_hours,100,729,828,2025-09-12 13:30:00,2026-03-13 14:00:00,100,47,53,47.0,1.815156012877427,1031.413905209083,248.35008773414586,5,NEW YORK,19,SELL,V50 realtime loss proxy | variant=proxy_hardened_no_worst_hours | Side=BUY | score=96.0 | opposite_score=4.0 | session=LONDON | RR=2.00,False
proxy_hardened_no_worst_hours,100,730,829,2025-09-15 22:15:00,2026-03-16 15:00:00,100,47,53,47.0,1.770359633475864,999.3974193842975,248.35008773414586,5,NEW YORK,19,SELL,V50 realtime loss proxy | variant=proxy_hardened_no_worst_hours | Side=BUY | score=96.0 | opposite_score=4.0 | session=LONDON | RR=2.00,False
proxy_hardened_no_worst_hours,100,731,830,2025-09-16 13:15:00,2026-03-18 10:00:00,100,47,53,47.0,1.798479231572038,1035.8773341542867,248.35008773414586,5,NEW YORK,19,BUY,V50 realtime loss proxy | variant=proxy_hardened_no_worst_hours | Side=BUY | score=96.0 | opposite_score=4.0 | session=LONDON | RR=2.00,False
proxy_hardened_no_worst_hours,100,732,831,2025-09-22 13:00:00,2026-03-19 15:15:00,100,47,53,47.0,1.6598764959847925,927.5493323084271,248.35008773414586,5,NEW YORK,19,SELL,V50 realtime loss proxy | variant=proxy_hardened_no_worst_hours | Side=SELL | score=96.0 | opposite_score=4.0 | session=LONDON | RR=2.00,False
proxy_hardened_no_worst_hours,100,733,832,2025-09-22 14:15:00,2026-03-20 13:00:00,100,48,52,48.0,1.7474294962621044,1045.0014009471006,248.35008773414586,5,NEW YORK,19,SELL,V50 realtime loss proxy | variant=proxy_hardened_no_worst_hours | Side=BUY | score=96.0 | opposite_score=4.0 | session=LONDON | RR=2.00,False
proxy_hardened_no_worst_hours,100,734,833,2025-09-23 15:00:00,2026-03-23 10:00:00,100,47,53,47.0,1.5818771627935029,892.6036870833876,248.35008773414586,5,NEW YORK,10,SELL,V50 realtime loss proxy | variant=proxy_hardened_no_worst_hours | Side=SELL | score=96.0 | opposite_score=4.0 | session=LONDON | RR=2.00,False
proxy_hardened_no_worst_hours,100,735,834,2025-09-25 19:30:00,2026-03-24 13:00:00,100,47,53,47.0,1.5144158393400282,824.2696502376102,248.35008773414586,5,NEW YORK,10,SELL,V50 realtime loss proxy | variant=proxy_hardened_no_worst_hours | Side=SELL | score=96.0 | opposite_score=4.0 | session=LONDON | RR=2.00,False
proxy_hardened_no_worst_hours,100,736,835,2025-09-26 13:30:00,2026-03-26 10:45:00,100,47,53,47.0,1.4750321447757853,781.4867771086368,272.436421140074,5,NEW YORK,10,SELL,V50 realtime loss proxy | variant=proxy_hardened_no_worst_hours | Side=SELL | score=96.0 | opposite_score=4.0 | session=LONDON | RR=2.00,False
proxy_hardened_no_worst_hours,100,737,836,2025-09-28 22:00:00,2026-03-26 15:30:00,100,47,53,47.0,1.5330754384491745,876.9751919547455,272.436421140074,5,NEW YORK,10,SELL,V50 realtime loss proxy | variant=proxy_hardened_no_worst_hours | Side=SELL | score=75.0 | opposite_score=4.0 | session=LONDON | RR=2.00,False
proxy_hardened_no_worst_hours,100,738,837,2025-09-29 10:15:00,2026-03-27 13:00:00,100,46,54,46.0,1.4891793077993631,823.0661766753584,272.436421140074,5,NEW YORK,10,SELL,V50 realtime loss proxy | variant=proxy_hardened_no_worst_hours | Side=SELL | score=96.0 | opposite_score=4.0 | session=LONDON | RR=2.00,False
proxy_hardened_no_worst_hours,100,739,838,2025-09-30 14:00:00,2026-03-27 18:00:00,100,45,55,45.0,1.4321101086416688,750.406524364069,272.436421140074,5,NEW YORK,10,SELL,V50 realtime loss proxy | variant=proxy_hardened_no_worst_hours | Side=SELL | score=96.0 | opposite_score=4.0 | session=LONDON | RR=2.00,False
proxy_hardened_no_worst_hours,100,740,839,2025-10-01 14:30:00,2026-04-01 10:00:00,100,45,55,45.0,1.4624846699782301,803.1552764664035,272.436421140074,5,NEW YORK,18,SELL,V50 realtime loss proxy | variant=proxy_hardened_no_worst_hours | Side=SELL | score=96.0 | opposite_score=4.0 | session=LONDON | RR=2.00,False
proxy_hardened_no_worst_hours,100,741,840,2025-10-02 10:00:00,2026-04-01 13:00:00,100,46,54,46.0,1.524954730807397,906.2922843759538,272.436421140074,5,NEW YORK,18,SELL,V50 realtime loss proxy | variant=proxy_hardened_no_worst_hours | Side=SELL | score=96.0 | opposite_score=4.0 | session=LONDON | RR=2.00,False
proxy_hardened_no_worst_hours,100,742,841,2025-10-03 14:15:00,2026-04-09 18:15:00,100,45,55,45.0,1.4860496974061865,856.3714491629047,272.436421140074,5,NEW YORK,18,SELL,V50 realtime loss proxy | variant=proxy_hardened_no_worst_hours | Side=SELL | score=96.0 | opposite_score=4.0 | session=LONDON | RR=2.00,False
proxy_hardened_no_worst_hours,100,743,842,2025-10-06 13:30:00,2026-04-14 10:15:00,100,44,56,44.0,1.451479096638423,807.3371994925614,272.436421140074,5,NEW YORK,18,SELL,V50 realtime loss proxy | variant=proxy_hardened_no_worst_hours | Side=SELL | score=96.0 | opposite_score=4.0 | session=LONDON | RR=2.00,False
proxy_hardened_no_worst_hours,100,744,843,2025-10-07 13:30:00,2026-04-14 15:00:00,100,44,56,44.0,1.4779067584558476,854.5952777506193,272.436421140074,5,NEW YORK,18,SELL,V50 realtime loss proxy | variant=proxy_hardened_no_worst_hours | Side=BUY | score=96.0 | opposite_score=4.0 | session=LONDON | RR=2.00,False
proxy_hardened_no_worst_hours,100,745,844,2025-10-08 13:45:00,2026-04-15 14:30:00,100,44,56,44.0,1.4640946441404972,837.7255401038624,272.436421140074,5,NEW YORK,18,SELL,V50 realtime loss proxy | variant=proxy_hardened_no_worst_hours | Side=SELL | score=96.0 | opposite_score=4.0 | session=LONDON | RR=2.00,False
proxy_hardened_no_worst_hours,100,746,845,2025-10-10 15:30:00,2026-04-17 18:45:00,100,44,56,44.0,1.4464821203885425,815.7467530307191,272.436421140074,5,NEW YORK,18,SELL,V50 realtime loss proxy | variant=proxy_hardened_no_worst_hours | Side=BUY | score=89.0 | opposite_score=8.0 | session=NEW YORK | RR=2.00,False
proxy_hardened_no_worst_hours,100,747,846,2025-10-12 22:00:00,2026-04-20 13:00:00,100,44,56,44.0,1.4376391321445223,804.5084576199109,272.436421140074,5,NEW YORK,18,SELL,V50 realtime loss proxy | variant=proxy_hardened_no_worst_hours | Side=BUY | score=89.0 | opposite_score=8.0 | session=NEW YORK | RR=2.00,False
proxy_hardened_no_worst_hours,100,748,847,2025-10-13 19:15:00,2026-04-21 10:15:00,100,43,57,43.0,1.4014293531435298,746.9155075873803,272.436421140074,5,NEW YORK,18,SELL,V50 realtime loss proxy | variant=proxy_hardened_no_worst_hours | Side=BUY | score=89.0 | opposite_score=8.0 | session=NEW YORK | RR=2.00,False
proxy_hardened_no_worst_hours,100,749,848,2025-10-14 10:15:00,2026-04-21 14:00:00,100,43,57,43.0,1.4256151846578753,791.9166328924882,272.436421140074,5,NEW YORK,18,SELL,V50 realtime loss proxy | variant=proxy_hardened_no_worst_hours | Side=BUY | score=89.0 | opposite_score=8.0 | session=NEW YORK | RR=2.00,False
proxy_hardened_no_worst_hours,100,750,849,2025-10-14 15:00:00,2026-04-22 10:00:00,100,43,57,43.0,1.4242164289149744,790.0892555230546,272.436421140074,5,NEW YORK,18,SELL,V50 realtime loss proxy | variant=proxy_hardened_no_worst_hours | Side=BUY | score=89.0 | opposite_score=8.0 | session=NEW YORK | RR=2.00,False
proxy_hardened_no_worst_hours,100,751,850,2025-10-15 19:00:00,2026-04-22 13:15:00,100,43,57,43.0,1.4295983413742965,800.1128918521613,272.436421140074,5,NEW YORK,18,SELL,V50 realtime loss proxy | variant=proxy_hardened_no_worst_hours | Side=BUY | score=89.0 | opposite_score=8.0 | session=NEW YORK | RR=2.00,False
proxy_hardened_no_worst_hours,100,752,851,2025-10-22 10:15:00,2026-04-23 10:45:00,100,42,58,42.0,1.3945624790366795,745.7002560801334,272.436421140074,5,NEW YORK,18,SELL,V50 realtime loss proxy | variant=proxy_hardened_no_worst_hours | Side=BUY | score=89.0 | opposite_score=8.0 | session=NEW YORK | RR=2.00,False
proxy_hardened_no_worst_hours,100,753,852,2025-10-22 15:30:00,2026-04-24 18:00:00,100,41,59,41.0,1.3434616689492644,658.6514833866263,272.436421140074,5,NEW YORK,10,SELL,V50 realtime loss proxy | variant=proxy_hardened_no_worst_hours | Side=BUY | score=89.0 | opposite_score=8.0 | session=NEW YORK | RR=2.00,False
proxy_hardened_no_worst_hours,100,754,853,2025-10-27 13:15:00,2026-04-27 14:30:00,100,42,58,42.0,1.3940928674177748,742.0050382710473,272.436421140074,5,NEW YORK,10,BUY,V50 realtime loss proxy | variant=proxy_hardened_no_worst_hours | Side=BUY | score=89.0 | opposite_score=8.0 | session=NEW YORK | RR=2.00,False
proxy_hardened_no_worst_hours,100,755,854,2025-10-29 14:00:00,2026-04-29 10:15:00,100,42,58,42.0,1.4039355547927685,760.537024577285,272.436421140074,5,NEW YORK,18,BUY,V50 realtime loss proxy | variant=proxy_hardened_no_worst_hours | Side=BUY | score=89.0 | opposite_score=8.0 | session=NEW YORK | RR=2.00,False
proxy_hardened_no_worst_hours,100,756,855,2025-10-30 14:15:00,2026-04-29 15:15:00,100,42,58,42.0,1.3894923492907896,740.9659032109238,272.436421140074,5,NEW YORK,18,BUY,V50 realtime loss proxy | variant=proxy_hardened_no_worst_hours | Side=BUY | score=89.0 | opposite_score=8.0 | session=NEW YORK | RR=2.00,False
proxy_hardened_no_worst_hours,100,757,856,2025-10-31 14:00:00,2026-05-01 19:00:00,100,41,59,41.0,1.3462362800624719,669.0456404219119,272.436421140074,5,NEW YORK,18,BUY,V50 realtime loss proxy | variant=proxy_hardened_no_worst_hours | Side=BUY | score=89.0 | opposite_score=8.0 | session=NEW YORK | RR=2.00,False
proxy_hardened_no_worst_hours,100,758,857,2025-11-04 15:30:00,2026-05-03 22:30:00,100,41,59,41.0,1.3366644525008167,655.2082039618809,272.436421140074,5,NEW YORK,18,BUY,V50 realtime loss proxy | variant=proxy_hardened_no_worst_hours | Side=BUY | score=89.0 | opposite_score=8.0 | session=NEW YORK | RR=2.00,False
proxy_hardened_no_worst_hours,100,759,858,2025-11-06 13:00:00,2026-05-04 13:00:00,100,42,58,42.0,1.3858330432947472,743.441459478731,272.436421140074,5,NEW YORK,18,BUY,V50 realtime loss proxy | variant=proxy_hardened_no_worst_hours | Side=BUY | score=89.0 | opposite_score=8.0 | session=NEW YORK | RR=2.00,False
proxy_hardened_no_worst_hours,100,760,859,2025-11-10 15:00:00,2026-05-06 19:00:00,100,43,57,43.0,1.418395225068978,802.6492843764063,272.436421140074,5,NEW YORK,18,BUY,V50 realtime loss proxy | variant=proxy_hardened_no_worst_hours | Side=BUY | score=72.0 | opposite_score=30.0 | session=NEW YORK | RR=2.00,False
proxy_hardened_no_worst_hours,100,761,860,2025-11-13 10:45:00,2026-05-07 10:15:00,100,43,57,43.0,1.4365755556405297,837.5264255306265,272.436421140074,5,NEW YORK,18,BUY,V50 realtime loss proxy | variant=proxy_hardened_no_worst_hours | Side=BUY | score=72.0 | opposite_score=30.0 | session=NEW YORK | RR=2.00,False
