Date,Open,High,Low,Close,Volume
2025-01-01 00:00:00,2350.0,2354.19,2349.3,2352.81,3459
2025-01-01 00:15:00,2352.81,2354.27,2351.97,2352.28,4134
2025-01-01 00:30:00,2352.28,2353.62,2348.45,2350.37,4746
2025-01-01 00:45:00,2350.37,2351.72,2348.0,2349.01,3236
2025-01-01 01:00:00,2349.01,2351.4,2348.17,2350.67,2245
2025-01-01 01:15:00,2350.67,2351.9,2348.31,2349.05,3059
2025-01-01 01:30:00,2349.05,2349.51,2346.68,2347.79,4497
2025-01-01 01:45:00,2347.79,2349.08,2344.45,2345.91,1574
2025-01-01 02:00:00,2345.91,2347.39,2343.99,2345.34,4268
2025-01-01 02:15:00,2345.34,2346.99,2344.42,2344.96,2272
2025-01-01 02:30:00,2344.96,2348.99,2344.51,2347.74,4610
2025-01-01 02:45:00,2347.74,2349.4,2345.84,2346.21,3945
2025-01-01 03:00:00,2346.21,2347.15,2343.15,2345.1,1482
2025-01-01 03:15:00,2345.1,2346.03,2342.88,2343.37,1160
2025-01-01 03:30:00,2343.37,2347.34,2341.52,2345.39,3630
2025-01-01 03:45:00,2345.39,2349.76,2343.52,2347.83,1322
2025-01-01 04:00:00,2347.83,2350.5,2346.56,2349.01,4198
2025-01-01 04:15:00,2349.01,2352.47,2348.48,2350.83,3914
2025-01-01 04:30:00,2350.83,2354.36,2348.92,2353.11,2107
2025-01-01 04:45:00,2353.11,2354.01,2350.3,2351.04,2644
2025-01-01 05:00:00,2351.04,2354.67,2349.34,2353.15,3284
2025-01-01 05:15:00,2353.15,2353.55,2349.94,2351.01,4930
2025-01-01 05:30:00,2351.01,2352.96,2349.86,2350.6,1380
2025-01-01 05:45:00,2350.6,2353.02,2349.82,2351.71,2941
2025-01-01 06:00:00,2351.71,2355.26,2349.94,2354.37,1829
2025-01-01 06:15:00,2354.37,2357.02,2352.82,2355.6,4602
2025-01-01 06:30:00,2355.6,2359.38,2353.65,2357.83,2465
2025-01-01 06:45:00,2357.83,2361.6,2357.03,2360.63,4035
2025-01-01 07:00:00,2360.63,2361.11,2358.65,2359.35,2585
2025-01-01 07:15:00,2359.35,2360.89,2357.56,2360.39,4964
2025-01-01 07:30:00,2360.39,2363.33,2359.58,2362.91,1299
2025-01-01 07:45:00,2362.91,2364.1,2360.79,2362.64,2012
2025-01-01 08:00:00,2362.64,2365.19,2360.7,2364.7,3065
2025-01-01 08:15:00,2364.7,2365.51,2363.63,2364.94,3346
2025-01-01 08:30:00,2364.94,2365.71,2361.98,2362.92,2539
2025-01-01 08:45:00,2362.92,2365.58,2361.9,2364.63,4034
2025-01-01 09:00:00,2364.63,2367.39,2363.02,2365.4,4092
2025-01-01 09:15:00,2365.4,2368.23,2363.68,2366.3,3316
2025-01-01 09:30:00,2366.3,2368.38,2365.34,2366.99,686
2025-01-01 09:45:00,2366.99,2368.32,2365.43,2365.9,3316
2025-01-01 10:00:00,2365.9,2368.78,2364.28,2368.42,4195
2025-01-01 10:15:00,2368.42,2369.23,2366.44,2367.03,2649
2025-01-01 10:30:00,2367.03,2370.06,2366.31,2368.62,3033
2025-01-01 10:45:00,2368.62,2372.14,2368.14,2371.3,1155
2025-01-01 11:00:00,2371.3,2372.13,2368.21,2370.11,4966
2025-01-01 11:15:00,2370.11,2370.54,2369.29,2370.17,3201
2025-01-01 11:30:00,2370.17,2370.94,2368.05,2369.8,1828
2025-01-01 11:45:00,2369.8,2373.14,2369.45,2372.03,748
2025-01-01 12:00:00,2372.03,2372.72,2370.32,2372.04,4071
2025-01-01 12:15:00,2372.04,2374.46,2370.98,2374.12,2497
2025-01-01 12:30:00,2374.12,2377.81,2373.1,2376.55,1642
2025-01-01 12:45:00,2376.55,2378.78,2374.75,2377.21,3785
2025-01-01 13:00:00,2377.21,2377.7,2374.64,2375.65,3522
2025-01-01 13:15:00,2375.65,2377.08,2372.07,2373.83,4700
2025-01-01 13:30:00,2373.83,2375.87,2372.48,2375.46,4578
2025-01-01 13:45:00,2375.46,2377.75,2374.16,2376.5,4980
2025-01-01 14:00:00,2376.5,2380.27,2375.61,2378.82,2560
2025-01-01 14:15:00,2378.82,2380.46,2376.65,2377.02,4259
2025-01-01 14:30:00,2377.02,2380.58,2375.63,2379.02,4832
2025-01-01 14:45:00,2379.02,2383.34,2377.28,2381.35,1832
2025-01-01 15:00:00,2381.35,2384.49,2380.77,2383.23,1988
2025-01-01 15:15:00,2383.23,2386.97,2382.64,2384.99,520
2025-01-01 15:30:00,2384.99,2387.14,2383.98,2385.15,2248
2025-01-01 15:45:00,2385.15,2388.93,2383.64,2387.57,3408
2025-01-01 16:00:00,2387.57,2388.72,2385.81,2387.26,2310
2025-01-01 16:15:00,2387.26,2390.08,2386.38,2389.68,1908
2025-01-01 16:30:00,2389.68,2393.32,2388.51,2391.33,1001
2025-01-01 16:45:00,2391.33,2394.64,2390.64,2392.73,4759
2025-01-01 17:00:00,2392.73,2393.49,2389.62,2390.87,4975
2025-01-01 17:15:00,2390.87,2391.72,2387.51,2389.47,2991
2025-01-01 17:30:00,2389.47,2391.38,2388.07,2388.74,4007
2025-01-01 17:45:00,2388.74,2392.47,2387.78,2390.9,1393
2025-01-01 18:00:00,2390.9,2394.27,2389.36,2393.58,2007
2025-01-01 18:15:00,2393.58,2395.84,2392.41,2393.88,889
2025-01-01 18:30:00,2393.88,2394.24,2391.4,2393.22,2061
2025-01-01 18:45:00,2393.22,2394.9,2392.9,2393.69,1949
2025-01-01 19:00:00,2393.69,2394.45,2390.7,2392.5,4341
2025-01-01 19:15:00,2392.5,2394.83,2391.76,2394.47,1046
2025-01-01 19:30:00,2394.47,2395.43,2391.54,2393.11,4940
2025-01-01 19:45:00,2393.11,2394.52,2392.02,2394.2,4314
2025-01-01 20:00:00,2394.2,2395.45,2392.52,2395.14,2493
2025-01-01 20:15:00,2395.14,2398.62,2393.93,2397.82,2616
2025-01-01 20:30:00,2397.82,2401.78,2396.02,2400.17,3982
2025-01-01 20:45:00,2400.17,2400.68,2399.05,2399.78,2912
2025-01-01 21:00:00,2399.78,2400.87,2397.3,2397.92,4686
2025-01-01 21:15:00,2397.92,2401.82,2396.68,2400.41,574
2025-01-01 21:30:00,2400.41,2401.58,2398.54,2399.3,1148
2025-01-01 21:45:00,2399.3,2401.15,2397.55,2399.43,1170
2025-01-01 22:00:00,2399.43,2400.6,2396.75,2398.72,2448
2025-01-01 22:15:00,2398.72,2399.43,2396.25,2397.63,1199
2025-01-01 22:30:00,2397.63,2400.61,2396.12,2400.03,2537
2025-01-01 22:45:00,2400.03,2401.81,2399.51,2399.93,2276
2025-01-01 23:00:00,2399.93,2401.35,2397.82,2398.9,3416
2025-01-01 23:15:00,2398.9,2400.85,2397.52,2399.95,2825
2025-01-01 23:30:00,2399.95,2402.34,2399.03,2401.47,4499
2025-01-01 23:45:00,2401.47,2402.24,2399.43,2400.96,3488
2025-01-02 00:00:00,2400.96,2404.05,2399.43,2402.89,2197
2025-01-02 00:15:00,2402.89,2404.65,2400.94,2403.73,4841
2025-01-02 00:30:00,2403.73,2404.56,2401.4,2402.38,3523
2025-01-02 00:45:00,2402.38,2403.39,2401.45,2401.82,1611
2025-01-02 01:00:00,2401.82,2403.72,2400.89,2401.46,544
2025-01-02 01:15:00,2401.46,2403.15,2399.48,2402.51,2073
2025-01-02 01:30:00,2402.51,2405.9,2401.86,2404.4,1768
2025-01-02 01:45:00,2404.4,2408.64,2403.21,2406.97,3003
2025-01-02 02:00:00,2406.97,2407.44,2403.91,2405.55,4027
2025-01-02 02:15:00,2405.55,2407.3,2404.61,2406.8,1071
2025-01-02 02:30:00,2406.8,2410.1,2405.0,2408.74,4792
2025-01-02 02:45:00,2408.74,2411.35,2408.06,2410.19,3572
2025-01-02 03:00:00,2410.19,2410.69,2407.8,2408.7,1278
2025-01-02 03:15:00,2408.7,2411.05,2406.72,2409.3,2376
2025-01-02 03:30:00,2409.3,2412.09,2407.44,2410.73,794
2025-01-02 03:45:00,2410.73,2414.88,2410.39,2413.05,2333
2025-01-02 04:00:00,2413.05,2414.11,2410.28,2411.8,703
2025-01-02 04:15:00,2411.8,2412.26,2409.23,2410.46,1486
2025-01-02 04:30:00,2410.46,2411.83,2408.94,2410.24,4586
2025-01-02 04:45:00,2410.24,2413.06,2409.71,2412.29,2675
2025-01-02 05:00:00,2412.29,2415.19,2411.13,2413.82,4076
2025-01-02 05:15:00,2413.82,2416.81,2412.77,2416.04,1722
2025-01-02 05:30:00,2416.04,2417.39,2415.28,2415.98,2806
2025-01-02 05:45:00,2415.98,2419.73,2414.11,2418.59,922
2025-01-02 06:00:00,2418.59,2422.44,2416.84,2420.76,2772
2025-01-02 06:15:00,2420.76,2422.09,2419.68,2421.76,885
2025-01-02 06:30:00,2421.76,2422.9,2419.93,2420.49,4849
2025-01-02 06:45:00,2420.49,2421.22,2420.06,2420.88,1771
2025-01-02 07:00:00,2420.88,2421.67,2419.98,2420.53,4052
2025-01-02 07:15:00,2420.53,2420.89,2416.89,2418.74,4473
2025-01-02 07:30:00,2418.74,2421.34,2417.9,2419.84,587
2025-01-02 07:45:00,2419.84,2424.11,2419.48,2422.63,4048
2025-01-02 08:00:00,2422.63,2425.34,2422.03,2423.84,1343
2025-01-02 08:15:00,2423.84,2427.2,2422.41,2425.79,3084
2025-01-02 08:30:00,2425.79,2426.8,2424.66,2426.08,4145
2025-01-02 08:45:00,2426.08,2427.97,2423.66,2424.71,1708
2025-01-02 09:00:00,2424.71,2426.14,2424.28,2425.01,4266
2025-01-02 09:15:00,2425.01,2426.43,2423.0,2424.66,1898
2025-01-02 09:30:00,2424.66,2425.98,2422.25,2424.06,4948
2025-01-02 09:45:00,2424.06,2424.38,2422.29,2423.28,3575
2025-01-02 10:00:00,2423.28,2424.08,2420.13,2421.7,4961
2025-01-02 10:15:00,2421.7,2425.5,2420.24,2424.41,3433
2025-01-02 10:30:00,2424.41,2428.07,2423.28,2427.22,3346
2025-01-02 10:45:00,2427.22,2427.63,2425.12,2427.05,538
2025-01-02 11:00:00,2427.05,2429.1,2426.26,2427.6,3360
2025-01-02 11:15:00,2427.6,2431.36,2426.12,2429.45,1582
2025-01-02 11:30:00,2429.45,2433.35,2427.91,2431.81,1623
2025-01-02 11:45:00,2431.81,2432.35,2430.51,2431.98,3424
2025-01-02 12:00:00,2431.98,2432.44,2431.61,2432.06,1865
2025-01-02 12:15:00,2432.06,2435.26,2431.04,2434.2,2359
2025-01-02 12:30:00,2434.2,2436.27,2433.65,2435.53,822
2025-01-02 12:45:00,2435.53,2438.04,2434.14,2437.68,3861
2025-01-02 13:00:00,2437.68,2438.65,2434.93,2435.71,1181
2025-01-02 13:15:00,2435.71,2438.62,2434.23,2438.19,3405
2025-01-02 13:30:00,2438.19,2441.21,2436.98,2439.44,2650
2025-01-02 13:45:00,2439.44,2441.38,2437.39,2438.49,1288
2025-01-02 14:00:00,2438.49,2440.36,2436.35,2437.13,4167
2025-01-02 14:15:00,2437.13,2438.25,2435.46,2437.81,1389
2025-01-02 14:30:00,2437.81,2439.14,2436.23,2437.67,3539
2025-01-02 14:45:00,2437.67,2440.73,2436.48,2439.37,893
2025-01-02 15:00:00,2439.37,2441.15,2437.02,2438.9,2450
2025-01-02 15:15:00,2438.9,2442.8,2438.26,2441.35,2713
2025-01-02 15:30:00,2441.35,2441.89,2439.96,2441.58,579
2025-01-02 15:45:00,2441.58,2442.55,2440.36,2441.17,569
2025-01-02 16:00:00,2441.17,2442.35,2440.87,2441.87,2021
2025-01-02 16:15:00,2441.87,2442.57,2440.73,2441.18,1462
2025-01-02 16:30:00,2441.18,2443.78,2440.19,2443.41,3195
2025-01-02 16:45:00,2443.41,2444.27,2440.82,2441.85,982
2025-01-02 17:00:00,2441.85,2442.94,2439.9,2441.18,1988
2025-01-02 17:15:00,2441.18,2444.07,2440.06,2442.25,4450
2025-01-02 17:30:00,2442.25,2445.1,2440.27,2443.16,512
2025-01-02 17:45:00,2443.16,2443.63,2440.77,2441.58,1264
2025-01-02 18:00:00,2441.58,2442.0,2439.64,2440.19,1935
2025-01-02 18:15:00,2440.19,2441.02,2438.19,2440.46,1462
2025-01-02 18:30:00,2440.46,2442.26,2439.41,2439.71,3212
2025-01-02 18:45:00,2439.71,2443.23,2439.06,2442.13,2992
2025-01-02 19:00:00,2442.13,2443.65,2440.22,2441.62,2999
2025-01-02 19:15:00,2441.62,2442.42,2439.23,2441.14,2662
2025-01-02 19:30:00,2441.14,2444.16,2440.22,2442.2,2762
2025-01-02 19:45:00,2442.2,2445.2,2440.57,2443.88,3534
2025-01-02 20:00:00,2443.88,2445.47,2441.48,2442.34,1519
2025-01-02 20:15:00,2442.34,2442.99,2439.6,2440.91,4902
2025-01-02 20:30:00,2440.91,2442.13,2438.35,2439.48,558
2025-01-02 20:45:00,2439.48,2439.99,2438.14,2438.88,558
2025-01-02 21:00:00,2438.88,2439.77,2437.5,2437.93,1903
2025-01-02 21:15:00,2437.93,2439.65,2435.37,2436.17,935
2025-01-02 21:30:00,2436.17,2437.62,2434.51,2437.21,3457
2025-01-02 21:45:00,2437.21,2438.61,2434.96,2435.42,3694
2025-01-02 22:00:00,2435.42,2438.89,2434.96,2437.56,1447
2025-01-02 22:15:00,2437.56,2439.51,2435.75,2436.98,2982
2025-01-02 22:30:00,2436.98,2437.95,2436.15,2436.62,3683
2025-01-02 22:45:00,2436.62,2437.48,2434.0,2435.09,2844
2025-01-02 23:00:00,2435.09,2439.75,2434.59,2437.93,1744
2025-01-02 23:15:00,2437.93,2438.79,2435.58,2437.44,3850
2025-01-02 23:30:00,2437.44,2439.24,2436.61,2437.72,3013
2025-01-02 23:45:00,2437.72,2440.16,2436.13,2439.1,1326
2025-01-03 00:00:00,2439.1,2439.9,2436.87,2438.38,1743
2025-01-03 00:15:00,2438.38,2440.22,2436.81,2439.05,3863
2025-01-03 00:30:00,2439.05,2440.45,2437.23,2439.02,2692
2025-01-03 00:45:00,2439.02,2440.35,2436.26,2438.08,3149
2025-01-03 01:00:00,2438.08,2438.94,2435.8,2436.58,824
2025-01-03 01:15:00,2436.58,2440.12,2434.94,2438.3,1568
2025-01-03 01:30:00,2438.3,2441.5,2437.24,2440.03,4970
2025-01-03 01:45:00,2440.03,2440.51,2437.34,2438.38,1783
2025-01-03 02:00:00,2438.38,2439.83,2435.05,2436.81,3244
2025-01-03 02:15:00,2436.81,2438.22,2433.41,2435.38,2398
2025-01-03 02:30:00,2435.38,2436.22,2431.97,2433.77,4674
2025-01-03 02:45:00,2433.77,2434.31,2430.83,2432.49,4796
2025-01-03 03:00:00,2432.49,2433.65,2430.07,2430.72,1212
2025-01-03 03:15:00,2430.72,2432.69,2429.3,2431.13,1472
2025-01-03 03:30:00,2431.13,2433.05,2429.59,2431.77,3932
2025-01-03 03:45:00,2431.77,2433.28,2429.61,2430.85,1341
2025-01-03 04:00:00,2430.85,2433.73,2430.5,2431.98,998
2025-01-03 04:15:00,2431.98,2433.39,2429.83,2431.05,1500
2025-01-03 04:30:00,2431.05,2432.0,2429.23,2431.02,2128
2025-01-03 04:45:00,2431.02,2435.24,2429.54,2433.79,1962
2025-01-03 05:00:00,2433.79,2435.3,2431.77,2433.58,2416
2025-01-03 05:15:00,2433.58,2434.54,2432.84,2433.25,1394
2025-01-03 05:30:00,2433.25,2434.08,2431.61,2433.77,1814
2025-01-03 05:45:00,2433.77,2434.52,2433.22,2433.69,4545
2025-01-03 06:00:00,2433.69,2437.96,2432.27,2436.18,4720
2025-01-03 06:15:00,2436.18,2437.31,2434.57,2436.47,4745
2025-01-03 06:30:00,2436.47,2440.2,2434.99,2438.76,1239
2025-01-03 06:45:00,2438.76,2440.24,2437.28,2438.95,1357
2025-01-03 07:00:00,2438.95,2440.86,2437.6,2440.09,4782
2025-01-03 07:15:00,2440.09,2441.3,2439.25,2440.25,2393
2025-01-03 07:30:00,2440.25,2441.25,2438.74,2440.63,1080
2025-01-03 07:45:00,2440.63,2445.03,2439.19,2443.21,4132
2025-01-03 08:00:00,2443.21,2443.62,2441.12,2442.45,3696
2025-01-03 08:15:00,2442.45,2443.18,2440.39,2442.28,4169
2025-01-03 08:30:00,2442.28,2446.43,2441.91,2445.04,2326
2025-01-03 08:45:00,2445.04,2446.94,2444.25,2445.07,3798
2025-01-03 09:00:00,2445.07,2446.09,2443.31,2445.34,783
2025-01-03 09:15:00,2445.34,2449.16,2443.54,2447.29,1192
2025-01-03 09:30:00,2447.29,2447.82,2446.03,2446.74,3858
2025-01-03 09:45:00,2446.74,2448.1,2445.48,2446.95,1610
2025-01-03 10:00:00,2446.95,2448.31,2444.55,2445.28,3281
2025-01-03 10:15:00,2445.28,2447.43,2444.27,2446.95,3840
2025-01-03 10:30:00,2446.95,2450.94,2445.7,2449.49,2279
2025-01-03 10:45:00,2449.49,2451.02,2448.81,2449.28,3715
2025-01-03 11:00:00,2449.28,2449.84,2447.83,2448.83,3235
2025-01-03 11:15:00,2448.83,2450.89,2447.34,2449.68,3460
2025-01-03 11:30:00,2449.68,2450.0,2447.4,2448.07,1854
2025-01-03 11:45:00,2448.07,2449.88,2446.63,2448.86,3754
2025-01-03 12:00:00,2448.86,2449.36,2446.67,2447.23,2303
2025-01-03 12:15:00,2447.23,2449.17,2445.52,2446.96,4120
2025-01-03 12:30:00,2446.96,2448.78,2442.99,2444.87,2316
2025-01-03 12:45:00,2444.87,2447.56,2444.13,2445.8,2733
2025-01-03 13:00:00,2445.8,2449.11,2444.58,2447.53,3385
2025-01-03 13:15:00,2447.53,2450.93,2446.24,2449.14,1912
2025-01-03 13:30:00,2449.14,2449.86,2446.53,2448.45,581
2025-01-03 13:45:00,2448.45,2449.02,2448.0,2448.66,652
2025-01-03 14:00:00,2448.66,2450.35,2446.8,2449.75,1016
2025-01-03 14:15:00,2449.75,2451.24,2446.49,2447.92,3874
2025-01-03 14:30:00,2447.92,2450.62,2446.64,2450.25,2243
2025-01-03 14:45:00,2450.25,2450.6,2447.23,2449.05,4464
2025-01-03 15:00:00,2449.05,2449.82,2445.18,2447.08,3850
2025-01-03 15:15:00,2447.08,2448.88,2446.08,2446.88,2334
2025-01-03 15:30:00,2446.88,2451.44,2445.63,2449.49,2678
2025-01-03 15:45:00,2449.49,2450.24,2446.37,2447.41,4158
2025-01-03 16:00:00,2447.41,2449.43,2446.74,2448.6,1797
2025-01-03 16:15:00,2448.6,2450.77,2447.24,2449.95,2830
2025-01-03 16:30:00,2449.95,2452.02,2447.96,2450.11,4458
2025-01-03 16:45:00,2450.11,2453.03,2448.63,2451.12,888
2025-01-03 17:00:00,2451.12,2452.54,2449.98,2452.16,4102
2025-01-03 17:15:00,2452.16,2455.38,2451.39,2454.74,3949
2025-01-03 17:30:00,2454.74,2458.78,2452.91,2457.2,2485
2025-01-03 17:45:00,2457.2,2461.33,2456.69,2460.03,1190
2025-01-03 18:00:00,2460.03,2461.28,2459.53,2460.37,628
2025-01-03 18:15:00,2460.37,2461.68,2458.23,2458.83,2870
2025-01-03 18:30:00,2458.83,2459.56,2456.19,2456.74,4933
2025-01-03 18:45:00,2456.74,2457.07,2453.22,2454.83,892
2025-01-03 19:00:00,2454.83,2455.23,2452.79,2453.69,4833
2025-01-03 19:15:00,2453.69,2454.63,2451.36,2452.52,4984
2025-01-03 19:30:00,2452.52,2454.29,2449.42,2451.09,3504
2025-01-03 19:45:00,2451.09,2451.71,2448.64,2449.73,3562
2025-01-03 20:00:00,2449.73,2453.07,2449.38,2451.87,3974
2025-01-03 20:15:00,2451.87,2454.84,2450.72,2453.58,2473
2025-01-03 20:30:00,2453.58,2454.74,2452.97,2454.26,3108
2025-01-03 20:45:00,2454.26,2455.18,2451.96,2453.74,2924
2025-01-03 21:00:00,2453.74,2455.33,2451.05,2452.72,4417
2025-01-03 21:15:00,2452.72,2454.15,2450.93,2452.0,1064
2025-01-03 21:30:00,2452.0,2454.31,2451.57,2453.81,3363
2025-01-03 21:45:00,2453.81,2454.35,2450.18,2451.74,2167
2025-01-03 22:00:00,2451.74,2452.84,2450.23,2451.79,2604
2025-01-03 22:15:00,2451.79,2453.43,2451.38,2451.7,1618
2025-01-03 22:30:00,2451.7,2453.72,2451.35,2452.43,4272
2025-01-03 22:45:00,2452.43,2452.95,2450.14,2451.41,4190
2025-01-03 23:00:00,2451.41,2452.54,2448.63,2449.81,833
2025-01-03 23:15:00,2449.81,2451.74,2448.37,2449.56,3245
2025-01-03 23:30:00,2449.56,2450.62,2446.32,2448.06,3065
2025-01-03 23:45:00,2448.06,2449.59,2447.01,2447.33,688
2025-01-04 00:00:00,2447.33,2451.66,2445.78,2450.06,804
2025-01-04 00:15:00,2450.06,2452.5,2448.46,2451.19,1538
2025-01-04 00:30:00,2451.19,2454.86,2450.5,2453.33,753
2025-01-04 00:45:00,2453.33,2454.17,2451.15,2452.34,840
2025-01-04 01:00:00,2452.34,2454.4,2451.28,2453.43,983
2025-01-04 01:15:00,2453.43,2456.57,2451.87,2455.86,2289
2025-01-04 01:30:00,2455.86,2458.71,2454.87,2456.75,3185
2025-01-04 01:45:00,2456.75,2459.7,2455.22,2458.36,4425
2025-01-04 02:00:00,2458.36,2460.84,2456.92,2459.42,4444
2025-01-04 02:15:00,2459.42,2462.21,2458.01,2460.98,4158
2025-01-04 02:30:00,2460.98,2464.9,2460.06,2463.68,2452
2025-01-04 02:45:00,2463.68,2464.04,2460.78,2462.68,3736
2025-01-04 03:00:00,2462.68,2464.97,2460.72,2463.8,3477
2025-01-04 03:15:00,2463.8,2465.02,2462.83,2464.29,1116
2025-01-04 03:30:00,2464.29,2466.21,2462.93,2464.33,2503
2025-01-04 03:45:00,2464.33,2465.81,2462.56,2463.16,2958
2025-01-04 04:00:00,2463.16,2463.7,2460.52,2461.93,3642
2025-01-04 04:15:00,2461.93,2463.91,2460.03,2462.8,1418
2025-01-04 04:30:00,2462.8,2465.52,2461.56,2465.17,1308
2025-01-04 04:45:00,2465.17,2466.07,2461.85,2463.23,977
2025-01-04 05:00:00,2463.23,2464.06,2461.73,2463.49,1237
2025-01-04 05:15:00,2463.49,2465.43,2460.68,2461.55,4304
2025-01-04 05:30:00,2461.55,2462.31,2460.4,2461.44,2480
2025-01-04 05:45:00,2461.44,2463.05,2458.93,2460.77,1528
2025-01-04 06:00:00,2460.77,2461.81,2459.89,2460.71,1127
2025-01-04 06:15:00,2460.71,2463.42,2458.85,2462.06,2738
2025-01-04 06:30:00,2462.06,2466.38,2460.15,2464.83,4122
2025-01-04 06:45:00,2464.83,2468.81,2464.0,2467.14,1460
2025-01-04 07:00:00,2467.14,2469.25,2466.25,2468.3,810
2025-01-04 07:15:00,2468.3,2469.68,2467.33,2469.04,866
2025-01-04 07:30:00,2469.04,2470.45,2467.38,2468.2,4880
2025-01-04 07:45:00,2468.2,2468.65,2466.71,2467.1,4316
2025-01-04 08:00:00,2467.1,2469.95,2465.95,2469.0,576
2025-01-04 08:15:00,2469.0,2471.82,2468.16,2470.24,4533
2025-01-04 08:30:00,2470.24,2472.01,2469.86,2470.72,2709
2025-01-04 08:45:00,2470.72,2472.4,2469.07,2471.75,2661
2025-01-04 09:00:00,2471.75,2474.6,2471.35,2473.97,4988
2025-01-04 09:15:00,2473.97,2475.74,2473.0,2475.1,997
2025-01-04 09:30:00,2475.1,2476.32,2473.51,2473.98,2116
2025-01-04 09:45:00,2473.98,2476.93,2472.62,2475.3,1840
2025-01-04 10:00:00,2475.3,2478.6,2474.02,2477.14,4815
2025-01-04 10:15:00,2477.14,2478.96,2475.62,2477.98,3060
2025-01-04 10:30:00,2477.98,2482.31,2476.1,2480.57,3972
2025-01-04 10:45:00,2480.57,2482.46,2478.29,2480.22,2433
2025-01-04 11:00:00,2480.22,2481.42,2476.83,2478.51,2808
2025-01-04 11:15:00,2478.51,2478.9,2477.33,2478.34,748
2025-01-04 11:30:00,2478.34,2480.52,2477.97,2480.14,4564
2025-01-04 11:45:00,2480.14,2482.44,2478.6,2481.51,4160
2025-01-04 12:00:00,2481.51,2482.34,2479.75,2481.38,1446
2025-01-04 12:15:00,2481.38,2483.61,2480.41,2482.7,2978
2025-01-04 12:30:00,2482.7,2484.13,2480.95,2481.39,1948
2025-01-04 12:45:00,2481.39,2484.51,2479.9,2482.87,2508
2025-01-04 13:00:00,2482.87,2484.06,2481.59,2483.67,4141
2025-01-04 13:15:00,2483.67,2485.43,2481.88,2483.22,2295
2025-01-04 13:30:00,2483.22,2486.2,2481.76,2484.26,3635
2025-01-04 13:45:00,2484.26,2488.23,2483.86,2486.68,2033
2025-01-04 14:00:00,2486.68,2490.18,2485.11,2488.89,4008
2025-01-04 14:15:00,2488.89,2491.75,2487.06,2491.41,1186
2025-01-04 14:30:00,2491.41,2494.88,2490.39,2494.1,3403
2025-01-04 14:45:00,2494.1,2495.04,2493.68,2494.14,3303
2025-01-04 15:00:00,2494.14,2497.19,2493.8,2495.87,4097
2025-01-04 15:15:00,2495.87,2496.89,2491.98,2493.72,3993
2025-01-04 15:30:00,2493.72,2495.36,2491.76,2494.97,3501
2025-01-04 15:45:00,2494.97,2496.48,2491.97,2492.87,3159
2025-01-04 16:00:00,2492.87,2493.26,2490.85,2491.56,871
2025-01-04 16:15:00,2491.56,2492.66,2489.47,2490.58,908
2025-01-04 16:30:00,2490.58,2491.62,2488.59,2489.51,3033
2025-01-04 16:45:00,2489.51,2492.72,2487.62,2491.0,4806
2025-01-04 17:00:00,2491.0,2494.41,2490.41,2492.98,4175
2025-01-04 17:15:00,2492.98,2493.61,2490.73,2491.93,4832
2025-01-04 17:30:00,2491.93,2493.56,2489.55,2491.11,3611
2025-01-04 17:45:00,2491.11,2492.96,2488.69,2489.55,1073
2025-01-04 18:00:00,2489.55,2489.89,2486.65,2488.03,1996
2025-01-04 18:15:00,2488.03,2489.65,2487.6,2489.34,1774
2025-01-04 18:30:00,2489.34,2493.74,2488.53,2491.9,3245
2025-01-04 18:45:00,2491.9,2493.13,2489.59,2491.55,4274
2025-01-04 19:00:00,2491.55,2492.76,2489.7,2490.72,2438
2025-01-04 19:15:00,2490.72,2494.76,2489.99,2493.19,1764
2025-01-04 19:30:00,2493.19,2493.56,2491.17,2491.88,2452
2025-01-04 19:45:00,2491.88,2494.03,2490.81,2492.41,2902
2025-01-04 20:00:00,2492.41,2493.71,2490.52,2491.42,3757
2025-01-04 20:15:00,2491.42,2493.04,2489.08,2489.73,2458
2025-01-04 20:30:00,2489.73,2490.52,2487.16,2487.77,731
2025-01-04 20:45:00,2487.77,2489.84,2487.25,2489.23,2778
2025-01-04 21:00:00,2489.23,2490.97,2487.62,2490.54,3622
2025-01-04 21:15:00,2490.54,2492.89,2489.04,2492.47,1377
2025-01-04 21:30:00,2492.47,2495.63,2490.73,2494.15,522
2025-01-04 21:45:00,2494.15,2495.96,2492.45,2495.29,3603
2025-01-04 22:00:00,2495.29,2496.29,2493.31,2495.92,3541
2025-01-04 22:15:00,2495.92,2497.29,2493.95,2496.0,4100
2025-01-04 22:30:00,2496.0,2496.31,2492.04,2493.97,4286
2025-01-04 22:45:00,2493.97,2496.54,2492.89,2494.74,1881
2025-01-04 23:00:00,2494.74,2496.76,2493.0,2496.22,982
2025-01-04 23:15:00,2496.22,2496.69,2494.79,2495.63,1154
2025-01-04 23:30:00,2495.63,2500.29,2494.05,2498.39,2527
2025-01-04 23:45:00,2498.39,2499.37,2497.05,2497.92,1375
2025-01-05 00:00:00,2497.92,2499.15,2496.07,2497.9,4480
2025-01-05 00:15:00,2497.9,2500.29,2495.91,2498.46,2404
2025-01-05 00:30:00,2498.46,2500.22,2496.77,2497.94,3338
2025-01-05 00:45:00,2497.94,2499.73,2497.1,2499.05,2282
2025-01-05 01:00:00,2499.05,2500.88,2497.21,2499.58,4384
2025-01-05 01:15:00,2499.58,2500.84,2497.51,2498.57,4824
2025-01-05 01:30:00,2498.57,2500.42,2496.0,2496.65,2787
2025-01-05 01:45:00,2496.65,2498.34,2493.7,2494.67,3137
2025-01-05 02:00:00,2494.67,2496.34,2493.01,2494.01,2382
2025-01-05 02:15:00,2494.01,2497.4,2493.18,2496.8,890
2025-01-05 02:30:00,2496.8,2500.1,2494.89,2498.18,4686
2025-01-05 02:45:00,2498.18,2500.23,2496.46,2499.34,2732
2025-01-05 03:00:00,2499.34,2500.38,2496.53,2498.09,2528
2025-01-05 03:15:00,2498.09,2499.87,2497.57,2498.67,4830
2025-01-05 03:30:00,2498.67,2501.27,2497.75,2500.07,2646
2025-01-05 03:45:00,2500.07,2501.45,2498.18,2500.18,4534
2025-01-05 04:00:00,2500.18,2502.03,2499.48,2499.92,3986
2025-01-05 04:15:00,2499.92,2503.17,2498.77,2501.7,1729
2025-01-05 04:30:00,2501.7,2502.07,2499.19,2501.13,745
2025-01-05 04:45:00,2501.13,2502.36,2498.55,2500.54,3931
2025-01-05 05:00:00,2500.54,2501.64,2500.19,2501.21,3155
2025-01-05 05:15:00,2501.21,2504.24,2500.28,2502.89,2055
2025-01-05 05:30:00,2502.89,2505.67,2501.2,2505.07,2031
2025-01-05 05:45:00,2505.07,2505.94,2504.02,2505.49,1102
2025-01-05 06:00:00,2505.49,2507.47,2503.06,2503.5,4922
2025-01-05 06:15:00,2503.5,2506.66,2503.0,2504.73,3098
2025-01-05 06:30:00,2504.73,2506.99,2503.74,2506.09,3781
2025-01-05 06:45:00,2506.09,2508.45,2505.64,2507.93,1558
2025-01-05 07:00:00,2507.93,2509.98,2506.08,2508.91,3240
2025-01-05 07:15:00,2508.91,2510.73,2508.4,2510.3,4647
2025-01-05 07:30:00,2510.3,2512.8,2508.88,2511.1,1428
2025-01-05 07:45:00,2511.1,2512.92,2509.53,2510.18,4660
2025-01-05 08:00:00,2510.18,2511.08,2507.96,2509.18,4934
2025-01-05 08:15:00,2509.18,2512.83,2508.31,2511.58,2655
2025-01-05 08:30:00,2511.58,2512.31,2509.58,2510.9,1088
2025-01-05 08:45:00,2510.9,2511.93,2508.22,2509.37,3640
2025-01-05 09:00:00,2509.37,2510.81,2506.75,2508.11,4189
2025-01-05 09:15:00,2508.11,2511.04,2506.3,2509.66,3198
2025-01-05 09:30:00,2509.66,2510.39,2507.59,2508.91,2257
2025-01-05 09:45:00,2508.91,2511.96,2507.22,2511.34,2535
2025-01-05 10:00:00,2511.34,2511.94,2510.26,2511.33,2906
2025-01-05 10:15:00,2511.33,2513.1,2508.99,2509.65,1778
2025-01-05 10:30:00,2509.65,2511.15,2507.8,2509.73,1929
2025-01-05 10:45:00,2509.73,2510.97,2509.06,2510.57,4731
2025-01-05 11:00:00,2510.57,2512.45,2509.61,2511.24,4782
2025-01-05 11:15:00,2511.24,2512.44,2508.53,2509.98,1518
2025-01-05 11:30:00,2509.98,2513.87,2508.39,2512.49,1999
2025-01-05 11:45:00,2512.49,2513.18,2511.25,2511.79,686
2025-01-05 12:00:00,2511.79,2515.36,2510.36,2513.41,3241
2025-01-05 12:15:00,2513.41,2516.01,2512.05,2514.56,4902
2025-01-05 12:30:00,2514.56,2517.96,2514.08,2516.75,3708
2025-01-05 12:45:00,2516.75,2518.36,2514.88,2515.56,3868
2025-01-05 13:00:00,2515.56,2516.76,2513.0,2514.05,3234
2025-01-05 13:15:00,2514.05,2517.38,2513.01,2515.62,2506
2025-01-05 13:30:00,2515.62,2519.04,2513.81,2517.22,3969
2025-01-05 13:45:00,2517.22,2520.75,2515.49,2519.63,3133
2025-01-05 14:00:00,2519.63,2520.1,2517.21,2517.83,1451
2025-01-05 14:15:00,2517.83,2519.78,2514.87,2516.04,4719
2025-01-05 14:30:00,2516.04,2517.9,2514.42,2516.03,2374
2025-01-05 14:45:00,2516.03,2517.94,2514.25,2516.73,651
2025-01-05 15:00:00,2516.73,2519.77,2515.83,2517.97,4912
2025-01-05 15:15:00,2517.97,2521.31,2516.95,2519.85,1683
2025-01-05 15:30:00,2519.85,2523.6,2519.47,2521.62,578
2025-01-05 15:45:00,2521.62,2523.93,2520.03,2523.12,2946
2025-01-05 16:00:00,2523.12,2523.59,2519.33,2521.23,4032
2025-01-05 16:15:00,2521.23,2523.62,2519.88,2523.18,4812
2025-01-05 16:30:00,2523.18,2523.53,2522.19,2523.22,3154
2025-01-05 16:45:00,2523.22,2523.9,2519.95,2521.23,2071
2025-01-05 17:00:00,2521.23,2521.75,2518.43,2519.34,3090
2025-01-05 17:15:00,2519.34,2520.66,2517.9,2519.44,1587
2025-01-05 17:30:00,2519.44,2520.43,2518.99,2519.48,2746
2025-01-05 17:45:00,2519.48,2521.09,2515.66,2517.57,2761
2025-01-05 18:00:00,2517.57,2519.14,2515.08,2516.52,4588
2025-01-05 18:15:00,2516.52,2518.91,2514.77,2517.7,2777
2025-01-05 18:30:00,2517.7,2518.68,2515.35,2516.98,2942
2025-01-05 18:45:00,2516.98,2519.17,2515.99,2518.24,2070
2025-01-05 19:00:00,2518.24,2520.14,2515.8,2517.38,3793
2025-01-05 19:15:00,2517.38,2518.41,2515.23,2517.0,1115
2025-01-05 19:30:00,2517.0,2517.86,2514.5,2515.77,2770
2025-01-05 19:45:00,2515.77,2520.05,2514.07,2518.07,3717
2025-01-05 20:00:00,2518.07,2520.16,2516.22,2519.13,4338
2025-01-05 20:15:00,2519.13,2522.45,2517.69,2521.69,1070
2025-01-05 20:30:00,2521.69,2523.62,2520.04,2520.61,3043
2025-01-05 20:45:00,2520.61,2521.13,2517.7,2519.21,832
2025-01-05 21:00:00,2519.21,2520.35,2516.58,2517.68,2559
2025-01-05 21:15:00,2517.68,2521.62,2516.79,2520.16,4827
2025-01-05 21:30:00,2520.16,2520.52,2518.18,2519.92,2591
2025-01-05 21:45:00,2519.92,2523.18,2518.79,2522.59,4651
2025-01-05 22:00:00,2522.59,2526.82,2521.31,2524.92,4629
2025-01-05 22:15:00,2524.92,2527.51,2523.93,2527.02,4136
2025-01-05 22:30:00,2527.02,2529.51,2525.27,2528.44,3446
2025-01-05 22:45:00,2528.44,2529.24,2526.58,2528.65,2857
2025-01-05 23:00:00,2528.65,2529.04,2525.71,2526.75,534
2025-01-05 23:15:00,2526.75,2527.12,2525.83,2526.76,2211
2025-01-05 23:30:00,2526.76,2528.54,2523.35,2525.0,4568
2025-01-05 23:45:00,2525.0,2526.97,2522.43,2523.17,931
2025-01-06 00:00:00,2523.17,2524.08,2520.94,2521.75,4348
2025-01-06 00:15:00,2521.75,2523.53,2518.0,2519.69,2100
2025-01-06 00:30:00,2519.69,2521.68,2519.18,2519.63,4058
2025-01-06 00:45:00,2519.63,2521.29,2517.99,2520.88,4547
2025-01-06 01:00:00,2520.88,2524.14,2520.03,2522.74,3884
2025-01-06 01:15:00,2522.74,2524.37,2520.87,2521.89,2410
2025-01-06 01:30:00,2521.89,2524.64,2521.46,2523.55,1974
2025-01-06 01:45:00,2523.55,2525.93,2522.15,2523.99,2921
2025-01-06 02:00:00,2523.99,2526.81,2523.19,2524.81,2447
2025-01-06 02:15:00,2524.81,2525.86,2522.7,2524.5,857
2025-01-06 02:30:00,2524.5,2526.0,2522.54,2524.42,805
2025-01-06 02:45:00,2524.42,2526.65,2523.1,2525.52,4898
2025-01-06 03:00:00,2525.52,2527.31,2523.59,2525.83,2850
2025-01-06 03:15:00,2525.83,2528.67,2524.52,2527.96,4680
2025-01-06 03:30:00,2527.96,2531.63,2526.99,2530.62,2961
2025-01-06 03:45:00,2530.62,2532.76,2529.86,2531.42,1214
2025-01-06 04:00:00,2531.42,2534.77,2529.42,2533.37,3461
2025-01-06 04:15:00,2533.37,2534.66,2531.37,2533.2,3934
2025-01-06 04:30:00,2533.2,2535.55,2531.72,2534.77,2017
2025-01-06 04:45:00,2534.77,2538.41,2533.12,2537.49,4268
2025-01-06 05:00:00,2537.49,2538.3,2535.27,2537.0,3148
2025-01-06 05:15:00,2537.0,2538.03,2535.01,2537.63,857
2025-01-06 05:30:00,2537.63,2538.74,2535.25,2535.72,944
2025-01-06 05:45:00,2535.72,2536.66,2532.57,2533.59,4330
2025-01-06 06:00:00,2533.59,2534.32,2530.41,2531.27,3009
2025-01-06 06:15:00,2531.27,2533.15,2527.47,2529.15,813
2025-01-06 06:30:00,2529.15,2531.01,2528.51,2529.09,4563
2025-01-06 06:45:00,2529.09,2531.63,2527.83,2531.26,3827
2025-01-06 07:00:00,2531.26,2532.35,2529.43,2531.19,668
2025-01-06 07:15:00,2531.19,2531.93,2529.62,2530.43,3084
2025-01-06 07:30:00,2530.43,2531.04,2528.48,2530.6,3836
2025-01-06 07:45:00,2530.6,2531.92,2527.16,2528.73,505
2025-01-06 08:00:00,2528.73,2531.71,2526.87,2530.58,3206
2025-01-06 08:15:00,2530.58,2532.29,2527.84,2528.3,2637
2025-01-06 08:30:00,2528.3,2529.22,2525.37,2526.6,1953
2025-01-06 08:45:00,2526.6,2527.25,2524.16,2525.76,1708
2025-01-06 09:00:00,2525.76,2528.65,2523.85,2527.32,1656
2025-01-06 09:15:00,2527.32,2529.92,2526.85,2528.9,4857
2025-01-06 09:30:00,2528.9,2530.37,2527.88,2530.05,3581
2025-01-06 09:45:00,2530.05,2531.35,2529.02,2530.62,4774
2025-01-06 10:00:00,2530.62,2534.08,2529.25,2532.59,1655
2025-01-06 10:15:00,2532.59,2534.38,2528.63,2530.54,4855
2025-01-06 10:30:00,2530.54,2531.06,2527.91,2529.03,1211
2025-01-06 10:45:00,2529.03,2531.02,2527.78,2528.98,1302
2025-01-06 11:00:00,2528.98,2530.46,2525.58,2526.61,3694
2025-01-06 11:15:00,2526.61,2528.57,2522.83,2524.57,2745
2025-01-06 11:30:00,2524.57,2527.87,2524.27,2526.64,3784
2025-01-06 11:45:00,2526.64,2528.68,2525.36,2528.15,1503
2025-01-06 12:00:00,2528.15,2529.5,2527.09,2527.82,1441
2025-01-06 12:15:00,2527.82,2528.66,2525.6,2526.97,1777
2025-01-06 12:30:00,2526.97,2527.66,2526.17,2526.63,1416
2025-01-06 12:45:00,2526.63,2527.56,2525.4,2525.75,4090
2025-01-06 13:00:00,2525.75,2527.68,2523.48,2525.42,3745
2025-01-06 13:15:00,2525.42,2527.49,2523.92,2526.86,4724
2025-01-06 13:30:00,2526.86,2528.72,2525.31,2528.34,4658
2025-01-06 13:45:00,2528.34,2531.07,2527.18,2530.45,2418
2025-01-06 14:00:00,2530.45,2533.55,2529.28,2532.0,4934
2025-01-06 14:15:00,2532.0,2532.97,2529.95,2531.08,3857
2025-01-06 14:30:00,2531.08,2531.76,2528.05,2529.99,2709
2025-01-06 14:45:00,2529.99,2530.83,2526.27,2527.82,1119
2025-01-06 15:00:00,2527.82,2530.89,2525.95,2529.82,4924
2025-01-06 15:15:00,2529.82,2532.85,2527.91,2531.28,1076
2025-01-06 15:30:00,2531.28,2533.88,2530.26,2532.2,4589
2025-01-06 15:45:00,2532.2,2533.69,2531.35,2532.5,3489
2025-01-06 16:00:00,2532.5,2533.01,2530.07,2531.84,4462
2025-01-06 16:15:00,2531.84,2533.44,2528.71,2529.87,2800
2025-01-06 16:30:00,2529.87,2531.59,2528.04,2528.5,4030
2025-01-06 16:45:00,2528.5,2532.29,2527.46,2530.46,3930
2025-01-06 17:00:00,2530.46,2532.43,2528.59,2531.26,2209
2025-01-06 17:15:00,2531.26,2533.0,2527.53,2529.48,3511
2025-01-06 17:30:00,2529.48,2530.68,2528.23,2529.19,2919
2025-01-06 17:45:00,2529.19,2530.95,2527.6,2528.93,3591
2025-01-06 18:00:00,2528.93,2530.72,2527.93,2528.29,1195
2025-01-06 18:15:00,2528.29,2530.27,2527.52,2529.49,3636
2025-01-06 18:30:00,2529.49,2529.82,2526.18,2527.88,2325
2025-01-06 18:45:00,2527.88,2529.84,2526.74,2528.75,2454
2025-01-06 19:00:00,2528.75,2529.63,2527.8,2529.07,1237
2025-01-06 19:15:00,2529.07,2530.48,2526.45,2526.95,1469
2025-01-06 19:30:00,2526.95,2530.44,2525.22,2528.65,740
2025-01-06 19:45:00,2528.65,2530.62,2526.88,2528.69,1197
2025-01-06 20:00:00,2528.69,2529.12,2525.81,2526.54,1693
2025-01-06 20:15:00,2526.54,2528.11,2523.7,2525.41,4607
2025-01-06 20:30:00,2525.41,2527.54,2524.91,2526.73,2488
2025-01-06 20:45:00,2526.73,2527.95,2524.06,2524.85,3486
2025-01-06 21:00:00,2524.85,2527.06,2523.5,2526.17,4803
2025-01-06 21:15:00,2526.17,2527.17,2524.58,2526.17,784
2025-01-06 21:30:00,2526.17,2528.05,2524.37,2527.37,837
2025-01-06 21:45:00,2527.37,2529.85,2526.63,2528.96,2674
2025-01-06 22:00:00,2528.96,2529.89,2528.28,2529.53,4303
2025-01-06 22:15:00,2529.53,2531.97,2528.72,2531.5,3685
2025-01-06 22:30:00,2531.5,2532.72,2531.02,2531.44,825
2025-01-06 22:45:00,2531.44,2534.4,2529.7,2533.07,1957
2025-01-06 23:00:00,2533.07,2534.42,2529.17,2530.4,3871
2025-01-06 23:15:00,2530.4,2532.26,2529.33,2530.47,2121
2025-01-06 23:30:00,2530.47,2531.93,2529.83,2531.36,1741
2025-01-06 23:45:00,2531.36,2534.28,2529.97,2532.81,4154
2025-01-07 00:00:00,2532.81,2533.71,2529.57,2530.51,1922
2025-01-07 00:15:00,2530.51,2531.68,2528.41,2529.83,4193
2025-01-07 00:30:00,2529.83,2530.2,2529.19,2529.53,1249
2025-01-07 00:45:00,2529.53,2532.84,2529.09,2531.71,2149
2025-01-07 01:00:00,2531.71,2532.46,2530.68,2531.76,791
2025-01-07 01:15:00,2531.76,2532.2,2528.74,2529.55,4431
2025-01-07 01:30:00,2529.55,2530.88,2526.64,2528.02,1932
2025-01-07 01:45:00,2528.02,2528.95,2527.14,2527.56,4305
2025-01-07 02:00:00,2527.56,2530.74,2526.63,2529.8,3757
2025-01-07 02:15:00,2529.8,2533.43,2529.19,2531.8,2048
2025-01-07 02:30:00,2531.8,2532.24,2528.43,2529.27,1682
2025-01-07 02:45:00,2529.27,2531.03,2528.71,2529.36,2672
2025-01-07 03:00:00,2529.36,2531.52,2528.53,2530.91,2546
2025-01-07 03:15:00,2530.91,2533.78,2530.24,2533.08,3454
2025-01-07 03:30:00,2533.08,2534.41,2530.48,2531.59,1987
2025-01-07 03:45:00,2531.59,2532.48,2528.39,2529.94,3585
2025-01-07 04:00:00,2529.94,2532.37,2529.03,2530.97,3439
2025-01-07 04:15:00,2530.97,2532.5,2529.61,2531.07,1750
2025-01-07 04:30:00,2531.07,2532.79,2528.72,2529.26,3946
2025-01-07 04:45:00,2529.26,2531.6,2528.61,2530.58,3289
2025-01-07 05:00:00,2530.58,2532.53,2530.23,2532.0,3887
2025-01-07 05:15:00,2532.0,2533.51,2527.89,2529.45,3064
2025-01-07 05:30:00,2529.45,2530.09,2526.9,2528.84,1651
2025-01-07 05:45:00,2528.84,2529.19,2527.68,2528.69,4427
2025-01-07 06:00:00,2528.69,2530.53,2526.84,2529.08,4647
2025-01-07 06:15:00,2529.08,2530.63,2524.85,2526.64,1245
2025-01-07 06:30:00,2526.64,2529.03,2524.79,2528.06,4807
2025-01-07 06:45:00,2528.06,2529.79,2527.25,2527.69,4865
2025-01-07 07:00:00,2527.69,2528.47,2524.77,2525.78,1920
2025-01-07 07:15:00,2525.78,2526.98,2521.77,2523.43,3088
2025-01-07 07:30:00,2523.43,2524.45,2521.14,2521.61,1553
2025-01-07 07:45:00,2521.61,2523.79,2520.85,2522.24,2456
2025-01-07 08:00:00,2522.24,2522.96,2518.48,2520.18,2466
2025-01-07 08:15:00,2520.18,2522.76,2518.19,2521.01,2481
2025-01-07 08:30:00,2521.01,2523.92,2519.23,2523.1,2017
2025-01-07 08:45:00,2523.1,2523.84,2520.51,2521.16,1624
2025-01-07 09:00:00,2521.16,2522.6,2519.4,2521.68,2590
2025-01-07 09:15:00,2521.68,2522.3,2518.63,2519.89,2953
2025-01-07 09:30:00,2519.89,2523.81,2519.42,2522.03,1408
2025-01-07 09:45:00,2522.03,2524.13,2520.92,2522.55,1270
2025-01-07 10:00:00,2522.55,2525.45,2521.15,2524.67,4145
2025-01-07 10:15:00,2524.67,2526.82,2523.81,2526.4,3991
2025-01-07 10:30:00,2526.4,2528.46,2524.87,2527.17,2885
2025-01-07 10:45:00,2527.17,2528.35,2526.1,2527.61,514
2025-01-07 11:00:00,2527.61,2528.15,2525.37,2526.2,3307
2025-01-07 11:15:00,2526.2,2528.69,2525.86,2526.72,4863
2025-01-07 11:30:00,2526.72,2527.92,2524.15,2524.66,3747
2025-01-07 11:45:00,2524.66,2525.83,2523.02,2523.85,1296
2025-01-07 12:00:00,2523.85,2525.03,2521.63,2522.85,4935
2025-01-07 12:15:00,2522.85,2524.02,2519.51,2521.31,856
2025-01-07 12:30:00,2521.31,2523.04,2520.72,2521.67,1603
2025-01-07 12:45:00,2521.67,2522.75,2519.74,2522.12,3858
2025-01-07 13:00:00,2522.12,2523.65,2520.69,2523.26,3700
2025-01-07 13:15:00,2523.26,2524.09,2521.42,2522.11,1642
2025-01-07 13:30:00,2522.11,2523.06,2518.71,2520.42,1178
2025-01-07 13:45:00,2520.42,2523.7,2518.94,2521.92,1422
2025-01-07 14:00:00,2521.92,2524.59,2521.05,2523.36,2754
2025-01-07 14:15:00,2523.36,2524.14,2521.82,2523.3,1135
2025-01-07 14:30:00,2523.3,2525.1,2521.75,2524.18,1516
2025-01-07 14:45:00,2524.18,2526.35,2522.37,2524.46,2869
2025-01-07 15:00:00,2524.46,2526.61,2522.56,2525.9,4411
2025-01-07 15:15:00,2525.9,2526.4,2522.14,2523.58,4449
2025-01-07 15:30:00,2523.58,2524.28,2522.7,2523.61,2338
2025-01-07 15:45:00,2523.61,2525.49,2522.89,2523.31,1088
2025-01-07 16:00:00,2523.31,2526.13,2521.43,2525.44,1880
2025-01-07 16:15:00,2525.44,2527.42,2523.79,2525.52,3877
2025-01-07 16:30:00,2525.52,2526.03,2522.42,2523.64,2225
2025-01-07 16:45:00,2523.64,2524.96,2519.63,2521.3,2649
2025-01-07 17:00:00,2521.3,2522.05,2519.64,2520.72,1153
2025-01-07 17:15:00,2520.72,2521.86,2518.99,2521.13,2209
2025-01-07 17:30:00,2521.13,2524.03,2520.08,2523.35,908
2025-01-07 17:45:00,2523.35,2526.03,2522.76,2525.53,1619
2025-01-07 18:00:00,2525.53,2528.48,2523.6,2527.73,1331
2025-01-07 18:15:00,2527.73,2528.74,2525.23,2526.83,3983
2025-01-07 18:30:00,2526.83,2528.86,2525.84,2527.23,4045
2025-01-07 18:45:00,2527.23,2529.04,2526.59,2528.52,1257
2025-01-07 19:00:00,2528.52,2529.25,2525.14,2527.07,3293
2025-01-07 19:15:00,2527.07,2528.93,2523.83,2524.72,2828
2025-01-07 19:30:00,2524.72,2525.92,2520.79,2521.99,2889
2025-01-07 19:45:00,2521.99,2523.89,2519.88,2520.89,1777
2025-01-07 20:00:00,2520.89,2523.43,2518.92,2522.15,1629
2025-01-07 20:15:00,2522.15,2523.81,2518.37,2519.41,3867
2025-01-07 20:30:00,2519.41,2520.05,2516.79,2517.97,4603
2025-01-07 20:45:00,2517.97,2518.4,2515.08,2516.45,1363
2025-01-07 21:00:00,2516.45,2519.13,2515.92,2517.95,3732
2025-01-07 21:15:00,2517.95,2519.08,2516.57,2518.12,2119
2025-01-07 21:30:00,2518.12,2519.05,2516.2,2517.19,3794
2025-01-07 21:45:00,2517.19,2518.67,2513.75,2514.45,1923
2025-01-07 22:00:00,2514.45,2516.3,2514.14,2514.7,3986
2025-01-07 22:15:00,2514.7,2516.45,2510.7,2512.17,1984
2025-01-07 22:30:00,2512.17,2512.56,2509.7,2510.71,2396
2025-01-07 22:45:00,2510.71,2513.07,2508.74,2512.23,4373
2025-01-07 23:00:00,2512.23,2514.1,2510.26,2511.11,1285
2025-01-07 23:15:00,2511.11,2512.43,2510.2,2511.13,4082
2025-01-07 23:30:00,2511.13,2514.49,2509.47,2512.72,4416
2025-01-07 23:45:00,2512.72,2513.91,2510.08,2510.52,1808
2025-01-08 00:00:00,2510.52,2510.91,2506.47,2508.12,4201
2025-01-08 00:15:00,2508.12,2509.62,2505.26,2506.72,4592
2025-01-08 00:30:00,2506.72,2509.94,2505.23,2508.73,2014
2025-01-08 00:45:00,2508.73,2509.74,2506.04,2507.62,2598
2025-01-08 01:00:00,2507.62,2508.97,2504.65,2505.45,3644
2025-01-08 01:15:00,2505.45,2506.62,2502.1,2503.62,3994
2025-01-08 01:30:00,2503.62,2506.03,2502.21,2505.35,3112
2025-01-08 01:45:00,2505.35,2507.19,2503.86,2506.01,4158
2025-01-08 02:00:00,2506.01,2506.63,2503.26,2504.25,1688
2025-01-08 02:15:00,2504.25,2506.25,2502.66,2504.37,920
2025-01-08 02:30:00,2504.37,2505.33,2503.31,2503.76,4073
2025-01-08 02:45:00,2503.76,2504.15,2502.06,2503.42,2415
2025-01-08 03:00:00,2503.42,2505.85,2502.12,2504.71,3991
2025-01-08 03:15:00,2504.71,2505.21,2501.98,2502.49,3175
2025-01-08 03:30:00,2502.49,2503.83,2499.63,2500.46,1222
2025-01-08 03:45:00,2500.46,2502.94,2499.65,2501.42,1724
2025-01-08 04:00:00,2501.42,2504.11,2500.54,2503.61,1591
2025-01-08 04:15:00,2503.61,2504.79,2501.38,2503.36,2672
2025-01-08 04:30:00,2503.36,2504.24,2501.29,2502.52,2139
2025-01-08 04:45:00,2502.52,2504.07,2498.65,2500.21,1087
2025-01-08 05:00:00,2500.21,2501.97,2499.23,2499.86,3931
2025-01-08 05:15:00,2499.86,2502.11,2498.25,2500.84,1833
2025-01-08 05:30:00,2500.84,2503.25,2500.51,2502.09,1561
2025-01-08 05:45:00,2502.09,2503.42,2500.5,2502.12,3767
2025-01-08 06:00:00,2502.12,2505.83,2500.48,2503.92,1972
2025-01-08 06:15:00,2503.92,2505.46,2503.41,2504.31,1570
2025-01-08 06:30:00,2504.31,2505.1,2502.87,2504.7,2132
2025-01-08 06:45:00,2504.7,2506.16,2503.52,2504.78,1563
2025-01-08 07:00:00,2504.78,2506.74,2504.14,2504.86,3004
2025-01-08 07:15:00,2504.86,2505.74,2501.16,2502.45,3725
2025-01-08 07:30:00,2502.45,2503.95,2498.38,2500.26,959
2025-01-08 07:45:00,2500.26,2501.96,2498.55,2499.33,2220
2025-01-08 08:00:00,2499.33,2500.3,2495.72,2496.68,4676
2025-01-08 08:15:00,2496.68,2498.18,2494.27,2496.18,1451
2025-01-08 08:30:00,2496.18,2497.55,2493.63,2495.32,2768
2025-01-08 08:45:00,2495.32,2497.47,2493.97,2497.08,3916
2025-01-08 09:00:00,2497.08,2498.29,2493.18,2494.88,548
2025-01-08 09:15:00,2494.88,2496.22,2492.01,2493.29,4532
2025-01-08 09:30:00,2493.29,2496.77,2491.44,2495.08,2229
2025-01-08 09:45:00,2495.08,2495.94,2492.8,2494.07,1001
2025-01-08 10:00:00,2494.07,2495.83,2491.68,2492.57,2845
2025-01-08 10:15:00,2492.57,2494.17,2488.44,2490.38,4868
2025-01-08 10:30:00,2490.38,2490.98,2489.42,2489.86,1635
2025-01-08 10:45:00,2489.86,2492.84,2489.18,2490.94,4172
2025-01-08 11:00:00,2490.94,2492.29,2487.89,2489.76,1776
2025-01-08 11:15:00,2489.76,2491.48,2486.77,2488.25,4284
2025-01-08 11:30:00,2488.25,2488.99,2486.87,2488.57,1285
2025-01-08 11:45:00,2488.57,2490.23,2485.34,2486.08,2548
2025-01-08 12:00:00,2486.08,2488.15,2485.18,2486.21,3352
2025-01-08 12:15:00,2486.21,2488.06,2483.72,2484.53,3091
2025-01-08 12:30:00,2484.53,2485.95,2482.17,2482.56,1709
2025-01-08 12:45:00,2482.56,2483.12,2479.44,2481.3,1540
2025-01-08 13:00:00,2481.3,2482.26,2479.51,2480.67,3374
2025-01-08 13:15:00,2480.67,2482.56,2479.91,2481.92,2216
2025-01-08 13:30:00,2481.92,2482.41,2478.84,2480.48,2218
2025-01-08 13:45:00,2480.48,2481.56,2478.97,2480.05,3833
2025-01-08 14:00:00,2480.05,2480.53,2477.91,2479.37,3486
2025-01-08 14:15:00,2479.37,2480.34,2479.03,2479.37,2047
2025-01-08 14:30:00,2479.37,2481.85,2478.96,2481.15,591
2025-01-08 14:45:00,2481.15,2481.82,2479.32,2480.3,4657
2025-01-08 15:00:00,2480.3,2481.58,2478.23,2479.93,957
2025-01-08 15:15:00,2479.93,2481.78,2477.9,2478.41,678
2025-01-08 15:30:00,2478.41,2481.75,2477.39,2479.86,1385
2025-01-08 15:45:00,2479.86,2481.39,2477.89,2478.66,2170
2025-01-08 16:00:00,2478.66,2480.52,2477.34,2479.29,3068
2025-01-08 16:15:00,2479.29,2481.45,2478.99,2480.36,3416
2025-01-08 16:30:00,2480.36,2483.07,2478.95,2481.08,1436
2025-01-08 16:45:00,2481.08,2482.94,2479.24,2481.45,2693
2025-01-08 17:00:00,2481.45,2483.24,2478.69,2480.18,2295
2025-01-08 17:15:00,2480.18,2481.87,2478.8,2481.28,2447
2025-01-08 17:30:00,2481.28,2482.04,2477.58,2478.68,3168
2025-01-08 17:45:00,2478.68,2479.52,2476.06,2477.37,2348
2025-01-08 18:00:00,2477.37,2479.06,2476.45,2478.3,4959
2025-01-08 18:15:00,2478.3,2480.05,2476.23,2477.3,4955
2025-01-08 18:30:00,2477.3,2478.61,2475.64,2476.8,3463
2025-01-08 18:45:00,2476.8,2479.84,2474.9,2478.9,2927
2025-01-08 19:00:00,2478.9,2481.06,2477.94,2479.62,851
2025-01-08 19:15:00,2479.62,2481.41,2478.31,2479.29,1442
2025-01-08 19:30:00,2479.29,2481.98,2478.05,2480.03,3370
2025-01-08 19:45:00,2480.03,2482.6,2479.72,2481.08,1136
2025-01-08 20:00:00,2481.08,2482.14,2479.7,2480.92,3090
2025-01-08 20:15:00,2480.92,2483.66,2479.82,2482.5,2670
2025-01-08 20:30:00,2482.5,2483.1,2479.38,2480.01,3976
2025-01-08 20:45:00,2480.01,2481.73,2476.52,2477.74,3549
2025-01-08 21:00:00,2477.74,2481.04,2477.38,2479.4,1639
2025-01-08 21:15:00,2479.4,2481.9,2478.69,2481.24,1704
2025-01-08 21:30:00,2481.24,2482.34,2479.48,2480.47,4806
2025-01-08 21:45:00,2480.47,2481.92,2477.86,2478.41,3126
2025-01-08 22:00:00,2478.41,2479.84,2477.64,2479.08,2312
2025-01-08 22:15:00,2479.08,2482.15,2477.28,2480.61,1055
2025-01-08 22:30:00,2480.61,2482.37,2478.3,2479.91,2217
2025-01-08 22:45:00,2479.91,2483.04,2478.3,2481.17,3196
2025-01-08 23:00:00,2481.17,2483.44,2480.44,2482.62,1819
2025-01-08 23:15:00,2482.62,2483.87,2479.99,2481.26,4435
2025-01-08 23:30:00,2481.26,2483.24,2479.95,2482.88,4526
2025-01-08 23:45:00,2482.88,2485.57,2482.05,2483.86,4436
2025-01-09 00:00:00,2483.86,2485.3,2482.08,2484.99,951
2025-01-09 00:15:00,2484.99,2487.19,2483.76,2486.33,4915
2025-01-09 00:30:00,2486.33,2488.15,2485.12,2486.97,1352
2025-01-09 00:45:00,2486.97,2487.88,2485.05,2487.51,4944
2025-01-09 01:00:00,2487.51,2489.41,2485.24,2487.02,2571
2025-01-09 01:15:00,2487.02,2488.31,2484.11,2484.89,1925
2025-01-09 01:30:00,2484.89,2485.72,2484.11,2484.52,3388
2025-01-09 01:45:00,2484.52,2487.16,2483.67,2485.78,2429
2025-01-09 02:00:00,2485.78,2487.0,2481.74,2483.03,3444
2025-01-09 02:15:00,2483.03,2485.03,2481.74,2484.65,4978
2025-01-09 02:30:00,2484.65,2485.35,2483.89,2485.0,1264
2025-01-09 02:45:00,2485.0,2486.94,2484.64,2485.29,4273
2025-01-09 03:00:00,2485.29,2486.03,2481.65,2483.25,738
2025-01-09 03:15:00,2483.25,2484.23,2479.33,2480.88,1011
2025-01-09 03:30:00,2480.88,2481.92,2479.2,2480.11,2468
2025-01-09 03:45:00,2480.11,2481.65,2478.76,2480.75,4325
2025-01-09 04:00:00,2480.75,2481.85,2479.23,2480.77,3504
2025-01-09 04:15:00,2480.77,2482.61,2478.96,2481.18,3605
2025-01-09 04:30:00,2481.18,2481.96,2480.21,2480.51,1347
2025-01-09 04:45:00,2480.51,2482.02,2477.11,2479.05,2962
2025-01-09 05:00:00,2479.05,2481.04,2475.8,2476.64,1507
2025-01-09 05:15:00,2476.64,2477.32,2473.56,2474.91,1920
2025-01-09 05:30:00,2474.91,2476.01,2474.18,2474.98,3741
2025-01-09 05:45:00,2474.98,2475.48,2473.42,2474.89,1141
2025-01-09 06:00:00,2474.89,2475.54,2472.97,2474.24,3800
2025-01-09 06:15:00,2474.24,2477.59,2472.93,2476.21,874
2025-01-09 06:30:00,2476.21,2477.41,2473.07,2474.95,989
2025-01-09 06:45:00,2474.95,2478.96,2473.7,2477.11,864
2025-01-09 07:00:00,2477.11,2478.83,2476.15,2477.3,4893
2025-01-09 07:15:00,2477.3,2479.12,2473.69,2475.55,3949
2025-01-09 07:30:00,2475.55,2475.92,2471.79,2473.26,1314
2025-01-09 07:45:00,2473.26,2475.15,2472.62,2472.95,1552
2025-01-09 08:00:00,2472.95,2474.34,2472.23,2472.57,3010
2025-01-09 08:15:00,2472.57,2474.22,2470.46,2471.26,2519
2025-01-09 08:30:00,2471.26,2472.15,2469.18,2470.74,4644
2025-01-09 08:45:00,2470.74,2472.73,2470.4,2470.78,3626
2025-01-09 09:00:00,2470.78,2473.53,2470.48,2471.7,681
2025-01-09 09:15:00,2471.7,2474.52,2470.37,2472.65,2644
2025-01-09 09:30:00,2472.65,2474.03,2470.05,2470.71,3561
2025-01-09 09:45:00,2470.71,2472.73,2469.61,2471.83,1735
2025-01-09 10:00:00,2471.83,2472.53,2470.96,2472.17,4923
2025-01-09 10:15:00,2472.17,2473.48,2471.24,2472.03,2477
2025-01-09 10:30:00,2472.03,2474.27,2471.64,2472.78,783
2025-01-09 10:45:00,2472.78,2475.94,2472.1,2474.91,1063
2025-01-09 11:00:00,2474.91,2478.27,2473.05,2476.81,1524
2025-01-09 11:15:00,2476.81,2478.05,2474.23,2476.07,3434
2025-01-09 11:30:00,2476.07,2477.7,2473.87,2474.71,1798
2025-01-09 11:45:00,2474.71,2476.37,2473.04,2475.81,4924
2025-01-09 12:00:00,2475.81,2479.29,2474.12,2477.81,1341
2025-01-09 12:15:00,2477.81,2480.43,2476.0,2478.6,1134
2025-01-09 12:30:00,2478.6,2479.73,2475.36,2476.55,1643
2025-01-09 12:45:00,2476.55,2477.8,2473.12,2474.66,4384
2025-01-09 13:00:00,2474.66,2477.49,2473.77,2475.98,1854
2025-01-09 13:15:00,2475.98,2477.41,2474.69,2476.56,4097
2025-01-09 13:30:00,2476.56,2477.94,2473.25,2474.4,2766
2025-01-09 13:45:00,2474.4,2477.57,2473.65,2476.07,711
2025-01-09 14:00:00,2476.07,2477.02,2474.75,2475.3,4968
2025-01-09 14:15:00,2475.3,2476.67,2472.19,2473.73,4810
2025-01-09 14:30:00,2473.73,2475.67,2471.94,2473.17,2955
2025-01-09 14:45:00,2473.17,2473.82,2472.59,2473.28,2872
2025-01-09 15:00:00,2473.28,2474.88,2470.79,2472.55,1493
2025-01-09 15:15:00,2472.55,2475.74,2471.02,2474.67,4965
2025-01-09 15:30:00,2474.67,2478.65,2474.21,2476.89,755
2025-01-09 15:45:00,2476.89,2477.37,2474.18,2475.71,822
2025-01-09 16:00:00,2475.71,2477.26,2474.12,2475.42,3042
2025-01-09 16:15:00,2475.42,2476.59,2474.1,2474.65,4530
2025-01-09 16:30:00,2474.65,2475.37,2472.26,2473.22,2952
2025-01-09 16:45:00,2473.22,2476.9,2472.76,2475.36,3034
2025-01-09 17:00:00,2475.36,2476.26,2474.03,2475.02,1100
2025-01-09 17:15:00,2475.02,2477.88,2473.16,2477.19,3346
2025-01-09 17:30:00,2477.19,2478.37,2473.06,2474.85,2162
2025-01-09 17:45:00,2474.85,2476.34,2472.06,2473.34,3663
2025-01-09 18:00:00,2473.34,2475.08,2470.24,2471.33,2579
2025-01-09 18:15:00,2471.33,2473.5,2470.32,2471.61,1906
2025-01-09 18:30:00,2471.61,2472.23,2469.78,2471.01,4154
2025-01-09 18:45:00,2471.01,2472.98,2469.04,2470.55,3793
2025-01-09 19:00:00,2470.55,2472.55,2468.52,2470.29,4523
2025-01-09 19:15:00,2470.29,2470.68,2467.47,2469.0,3934
2025-01-09 19:30:00,2469.0,2472.75,2468.68,2470.77,755
2025-01-09 19:45:00,2470.77,2472.27,2467.59,2469.58,4101
2025-01-09 20:00:00,2469.58,2470.85,2466.47,2468.09,4194
2025-01-09 20:15:00,2468.09,2470.56,2466.73,2468.9,3127
2025-01-09 20:30:00,2468.9,2469.49,2465.89,2466.59,3500
2025-01-09 20:45:00,2466.59,2467.12,2462.5,2464.41,1450
2025-01-09 21:00:00,2464.41,2465.65,2461.79,2462.71,1367
2025-01-09 21:15:00,2462.71,2463.02,2460.34,2460.67,2593
2025-01-09 21:30:00,2460.67,2462.58,2459.21,2460.53,2555
2025-01-09 21:45:00,2460.53,2463.34,2459.9,2462.58,4080
2025-01-09 22:00:00,2462.58,2463.17,2459.19,2460.84,2537
2025-01-09 22:15:00,2460.84,2463.02,2459.12,2461.71,4811
2025-01-09 22:30:00,2461.71,2462.59,2459.68,2461.45,3080
2025-01-09 22:45:00,2461.45,2463.37,2460.88,2462.58,1547
2025-01-09 23:00:00,2462.58,2465.43,2461.94,2463.58,2691
2025-01-09 23:15:00,2463.58,2464.41,2461.88,2463.44,1677
2025-01-09 23:30:00,2463.44,2465.47,2462.37,2463.9,4551
2025-01-09 23:45:00,2463.9,2466.39,2462.96,2465.06,2613
2025-01-10 00:00:00,2465.06,2465.65,2462.45,2462.98,1645
2025-01-10 00:15:00,2462.98,2464.22,2459.69,2460.75,2517
2025-01-10 00:30:00,2460.75,2461.22,2457.67,2458.65,2471
2025-01-10 00:45:00,2458.65,2462.53,2456.68,2460.86,2121
2025-01-10 01:00:00,2460.86,2463.11,2459.15,2462.42,2614
2025-01-10 01:15:00,2462.42,2465.62,2461.92,2464.36,3707
2025-01-10 01:30:00,2464.36,2466.56,2463.2,2465.73,2948
2025-01-10 01:45:00,2465.73,2466.72,2463.63,2465.09,1138
2025-01-10 02:00:00,2465.09,2465.58,2461.51,2462.85,3221
2025-01-10 02:15:00,2462.85,2464.3,2461.33,2463.09,3619
2025-01-10 02:30:00,2463.09,2465.43,2461.6,2464.35,4349
2025-01-10 02:45:00,2464.35,2467.81,2462.68,2465.89,3936
2025-01-10 03:00:00,2465.89,2467.34,2463.02,2463.51,3068
2025-01-10 03:15:00,2463.51,2465.04,2462.8,2463.65,4540
2025-01-10 03:30:00,2463.65,2465.25,2461.54,2463.31,1470
2025-01-10 03:45:00,2463.31,2463.98,2459.41,2460.6,1875
2025-01-10 04:00:00,2460.6,2463.35,2460.18,2461.86,2106
2025-01-10 04:15:00,2461.86,2463.3,2458.39,2459.64,4645
2025-01-10 04:30:00,2459.64,2461.57,2457.22,2457.87,976
2025-01-10 04:45:00,2457.87,2459.76,2457.54,2459.1,4991
2025-01-10 05:00:00,2459.1,2462.06,2457.74,2460.74,2405
2025-01-10 05:15:00,2460.74,2462.38,2457.95,2459.2,3028
2025-01-10 05:30:00,2459.2,2461.95,2457.53,2461.33,3692
2025-01-10 05:45:00,2461.33,2464.09,2460.38,2462.26,1759
2025-01-10 06:00:00,2462.26,2465.87,2461.28,2464.06,2893
2025-01-10 06:15:00,2464.06,2464.94,2461.39,2463.28,2670
2025-01-10 06:30:00,2463.28,2463.68,2461.12,2462.83,3841
2025-01-10 06:45:00,2462.83,2463.99,2460.51,2461.98,3526
2025-01-10 07:00:00,2461.98,2464.68,2460.51,2462.82,3578
2025-01-10 07:15:00,2462.82,2464.77,2459.62,2460.98,2013
2025-01-10 07:30:00,2460.98,2461.99,2459.94,2461.33,2298
2025-01-10 07:45:00,2461.33,2461.87,2460.11,2461.53,3372
2025-01-10 08:00:00,2461.53,2462.63,2457.7,2459.68,1558
2025-01-10 08:15:00,2459.68,2463.52,2458.17,2461.73,2787
2025-01-10 08:30:00,2461.73,2463.68,2461.14,2462.89,802
2025-01-10 08:45:00,2462.89,2463.78,2461.89,2462.33,1035
2025-01-10 09:00:00,2462.33,2465.63,2460.85,2463.89,1709
2025-01-10 09:15:00,2463.89,2466.13,2462.07,2465.06,3536
2025-01-10 09:30:00,2465.06,2465.77,2462.14,2463.54,1750
2025-01-10 09:45:00,2463.54,2464.91,2461.14,2462.23,3637
2025-01-10 10:00:00,2462.23,2464.39,2460.83,2462.66,709
2025-01-10 10:15:00,2462.66,2464.06,2460.59,2461.59,1941
2025-01-10 10:30:00,2461.59,2462.59,2459.45,2460.88,4659
2025-01-10 10:45:00,2460.88,2462.49,2459.41,2461.32,514
2025-01-10 11:00:00,2461.32,2462.01,2459.66,2460.82,2919
2025-01-10 11:15:00,2460.82,2462.63,2459.3,2460.71,3062
2025-01-10 11:30:00,2460.71,2462.49,2459.23,2460.96,1346
2025-01-10 11:45:00,2460.96,2464.88,2460.52,2462.98,2353
2025-01-10 12:00:00,2462.98,2464.53,2462.09,2463.84,991
2025-01-10 12:15:00,2463.84,2465.76,2462.01,2463.11,2463
2025-01-10 12:30:00,2463.11,2466.31,2462.76,2464.69,1280
2025-01-10 12:45:00,2464.69,2468.28,2464.32,2466.6,4867
2025-01-10 13:00:00,2466.6,2469.64,2466.03,2468.39,4841
2025-01-10 13:15:00,2468.39,2469.51,2466.7,2467.42,1974
2025-01-10 13:30:00,2467.42,2468.57,2463.76,2465.12,3615
2025-01-10 13:45:00,2465.12,2466.15,2461.83,2463.35,2630
2025-01-10 14:00:00,2463.35,2465.15,2461.45,2462.75,4561
2025-01-10 14:15:00,2462.75,2464.86,2461.39,2463.01,525
2025-01-10 14:30:00,2463.01,2464.05,2462.29,2463.18,4418
2025-01-10 14:45:00,2463.18,2466.32,2461.54,2464.89,773
2025-01-10 15:00:00,2464.89,2466.83,2463.92,2465.95,3049
2025-01-10 15:15:00,2465.95,2466.76,2462.97,2463.84,4304
2025-01-10 15:30:00,2463.84,2465.64,2462.56,2465.24,3077
2025-01-10 15:45:00,2465.24,2465.61,2461.93,2463.48,2514
2025-01-10 16:00:00,2463.48,2465.51,2462.82,2464.26,1025
2025-01-10 16:15:00,2464.26,2465.83,2463.2,2465.24,2297
2025-01-10 16:30:00,2465.24,2466.3,2463.57,2463.92,1412
2025-01-10 16:45:00,2463.92,2465.28,2462.77,2464.66,2207
2025-01-10 17:00:00,2464.66,2466.36,2464.19,2464.82,766
2025-01-10 17:15:00,2464.82,2466.76,2463.92,2465.61,708
2025-01-10 17:30:00,2465.61,2467.52,2463.65,2466.27,2450
2025-01-10 17:45:00,2466.27,2468.68,2465.37,2468.01,3929
2025-01-10 18:00:00,2468.01,2468.53,2465.0,2466.79,4531
2025-01-10 18:15:00,2466.79,2469.19,2466.45,2468.04,2971
2025-01-10 18:30:00,2468.04,2471.44,2467.18,2469.97,3745
2025-01-10 18:45:00,2469.97,2471.66,2468.97,2470.99,4215
2025-01-10 19:00:00,2470.99,2473.47,2469.25,2472.91,2412
2025-01-10 19:15:00,2472.91,2474.16,2472.43,2473.71,1485
2025-01-10 19:30:00,2473.71,2475.65,2471.14,2471.6,923
2025-01-10 19:45:00,2471.6,2472.29,2468.62,2469.87,690
2025-01-10 20:00:00,2469.87,2471.7,2469.53,2470.3,3611
2025-01-10 20:15:00,2470.3,2471.75,2468.39,2469.48,2568
2025-01-10 20:30:00,2469.48,2470.93,2467.58,2470.49,3771
2025-01-10 20:45:00,2470.49,2473.73,2469.34,2471.98,4911
2025-01-10 21:00:00,2471.98,2472.77,2470.31,2471.2,4052
2025-01-10 21:15:00,2471.2,2472.74,2469.63,2471.33,3483
2025-01-10 21:30:00,2471.33,2472.41,2468.37,2469.85,4137
2025-01-10 21:45:00,2469.85,2472.24,2468.87,2471.72,4209
2025-01-10 22:00:00,2471.72,2473.32,2471.14,2472.05,3316
2025-01-10 22:15:00,2472.05,2472.56,2471.38,2471.93,2642
2025-01-10 22:30:00,2471.93,2474.71,2471.11,2473.69,2065
2025-01-10 22:45:00,2473.69,2477.27,2472.03,2475.53,1793
2025-01-10 23:00:00,2475.53,2477.63,2474.49,2476.47,637
2025-01-10 23:15:00,2476.47,2477.05,2472.34,2474.21,2315
2025-01-10 23:30:00,2474.21,2476.24,2473.17,2475.77,2047
2025-01-10 23:45:00,2475.77,2478.12,2475.32,2477.28,1383
2025-01-11 00:00:00,2477.28,2480.73,2476.9,2479.42,4630
2025-01-11 00:15:00,2479.42,2480.31,2477.59,2478.45,1589
2025-01-11 00:30:00,2478.45,2480.59,2477.82,2479.25,3491
2025-01-11 00:45:00,2479.25,2480.68,2476.16,2476.95,3872
2025-01-11 01:00:00,2476.95,2479.38,2475.61,2478.09,2841
2025-01-11 01:15:00,2478.09,2480.78,2476.64,2479.65,2258
2025-01-11 01:30:00,2479.65,2482.24,2478.31,2480.36,3556
2025-01-11 01:45:00,2480.36,2481.17,2479.27,2480.7,3617
2025-01-11 02:00:00,2480.7,2482.46,2476.36,2478.02,2901
2025-01-11 02:15:00,2478.02,2481.1,2476.9,2479.72,1660
2025-01-11 02:30:00,2479.72,2481.15,2477.23,2478.74,1877
2025-01-11 02:45:00,2478.74,2479.35,2476.17,2477.89,3753
2025-01-11 03:00:00,2477.89,2478.51,2474.41,2475.14,1798
2025-01-11 03:15:00,2475.14,2477.5,2474.67,2477.04,4449
2025-01-11 03:30:00,2477.04,2478.75,2475.76,2478.02,3402
2025-01-11 03:45:00,2478.02,2481.13,2476.64,2480.25,1208
2025-01-11 04:00:00,2480.25,2480.89,2476.19,2477.82,1485
2025-01-11 04:15:00,2477.82,2479.22,2474.69,2476.1,1649
2025-01-11 04:30:00,2476.1,2479.87,2474.58,2478.04,4455
2025-01-11 04:45:00,2478.04,2479.46,2474.92,2476.75,3613
2025-01-11 05:00:00,2476.75,2478.58,2472.58,2474.31,1156
2025-01-11 05:15:00,2474.31,2475.03,2473.63,2474.38,549
2025-01-11 05:30:00,2474.38,2477.75,2473.99,2476.46,4965
2025-01-11 05:45:00,2476.46,2478.54,2474.51,2476.69,4277
2025-01-11 06:00:00,2476.69,2479.49,2476.3,2478.74,3352
2025-01-11 06:15:00,2478.74,2480.68,2477.65,2478.83,4145
2025-01-11 06:30:00,2478.83,2481.41,2477.13,2480.53,2652
2025-01-11 06:45:00,2480.53,2481.22,2478.75,2479.15,2207
2025-01-11 07:00:00,2479.15,2481.61,2478.51,2480.56,1436
2025-01-11 07:15:00,2480.56,2482.47,2477.39,2479.06,4011
2025-01-11 07:30:00,2479.06,2480.43,2477.19,2479.9,4412
2025-01-11 07:45:00,2479.9,2482.54,2478.39,2480.62,3437
2025-01-11 08:00:00,2480.62,2481.5,2478.03,2478.55,4458
2025-01-11 08:15:00,2478.55,2479.91,2477.0,2478.58,2077
2025-01-11 08:30:00,2478.58,2480.02,2476.09,2476.89,3742
2025-01-11 08:45:00,2476.89,2478.46,2473.71,2475.23,4170
2025-01-11 09:00:00,2475.23,2476.6,2474.34,2475.18,2266
2025-01-11 09:15:00,2475.18,2476.6,2473.37,2473.89,3474
2025-01-11 09:30:00,2473.89,2474.99,2471.41,2472.23,4346
2025-01-11 09:45:00,2472.23,2474.31,2470.26,2473.06,2811
2025-01-11 10:00:00,2473.06,2475.71,2471.37,2474.46,2005
2025-01-11 10:15:00,2474.46,2476.87,2472.65,2476.43,4615
2025-01-11 10:30:00,2476.43,2478.49,2475.1,2476.76,609
2025-01-11 10:45:00,2476.76,2478.72,2476.39,2477.67,2651
2025-01-11 11:00:00,2477.67,2478.28,2476.37,2477.95,4603
2025-01-11 11:15:00,2477.95,2478.71,2475.7,2477.09,3384
2025-01-11 11:30:00,2477.09,2478.45,2475.21,2477.28,4930
2025-01-11 11:45:00,2477.28,2479.78,2475.62,2479.26,1521
2025-01-11 12:00:00,2479.26,2481.16,2475.58,2477.36,1169
2025-01-11 12:15:00,2477.36,2478.69,2476.0,2476.56,3101
2025-01-11 12:30:00,2476.56,2478.37,2474.28,2474.67,4485
2025-01-11 12:45:00,2474.67,2475.27,2471.15,2473.06,4824
2025-01-11 13:00:00,2473.06,2474.57,2470.96,2471.78,4919
2025-01-11 13:15:00,2471.78,2473.59,2469.9,2472.57,794
2025-01-11 13:30:00,2472.57,2474.25,2470.71,2471.44,2094
2025-01-11 13:45:00,2471.44,2473.36,2469.82,2472.94,4784
2025-01-11 14:00:00,2472.94,2474.19,2469.68,2471.17,3870
2025-01-11 14:15:00,2471.17,2473.84,2470.67,2472.52,2823
2025-01-11 14:30:00,2472.52,2474.02,2469.54,2471.23,1712
2025-01-11 14:45:00,2471.23,2473.91,2469.25,2473.35,595
2025-01-11 15:00:00,2473.35,2474.08,2469.53,2471.17,1987
2025-01-11 15:15:00,2471.17,2472.48,2469.06,2470.49,2118
2025-01-11 15:30:00,2470.49,2472.79,2469.05,2471.94,4739
2025-01-11 15:45:00,2471.94,2472.98,2468.52,2470.04,1488
2025-01-11 16:00:00,2470.04,2472.56,2468.17,2471.5,2802
2025-01-11 16:15:00,2471.5,2473.48,2470.21,2471.37,1046
2025-01-11 16:30:00,2471.37,2472.17,2468.73,2470.59,1434
2025-01-11 16:45:00,2470.59,2472.11,2468.49,2469.4,3150
2025-01-11 17:00:00,2469.4,2470.43,2466.55,2467.54,4314
2025-01-11 17:15:00,2467.54,2469.77,2467.11,2468.47,2534
2025-01-11 17:30:00,2468.47,2470.63,2468.1,2469.34,3954
2025-01-11 17:45:00,2469.34,2469.69,2468.1,2469.01,4416
2025-01-11 18:00:00,2469.01,2471.12,2468.32,2469.67,1473
2025-01-11 18:15:00,2469.67,2470.62,2467.91,2469.25,2667
2025-01-11 18:30:00,2469.25,2471.02,2467.45,2468.61,3440
2025-01-11 18:45:00,2468.61,2469.73,2466.45,2466.89,3187
2025-01-11 19:00:00,2466.89,2467.95,2464.29,2465.42,1659
2025-01-11 19:15:00,2465.42,2466.78,2462.99,2464.99,2401
2025-01-11 19:30:00,2464.99,2465.89,2462.94,2464.35,2548
2025-01-11 19:45:00,2464.35,2465.28,2462.9,2463.79,1080
2025-01-11 20:00:00,2463.79,2464.48,2461.77,2462.36,4870
2025-01-11 20:15:00,2462.36,2462.67,2458.6,2460.07,3962
2025-01-11 20:30:00,2460.07,2461.88,2458.51,2460.88,1272
2025-01-11 20:45:00,2460.88,2461.97,2458.57,2458.95,3776
2025-01-11 21:00:00,2458.95,2461.98,2458.29,2460.48,3828
2025-01-11 21:15:00,2460.48,2462.07,2457.77,2458.25,3829
2025-01-11 21:30:00,2458.25,2458.7,2455.03,2455.92,2762
2025-01-11 21:45:00,2455.92,2456.57,2453.48,2454.51,2174
2025-01-11 22:00:00,2454.51,2457.66,2453.05,2456.89,769
2025-01-11 22:15:00,2456.89,2458.42,2453.67,2455.35,3940
2025-01-11 22:30:00,2455.35,2456.9,2454.03,2455.26,4878
2025-01-11 22:45:00,2455.26,2457.87,2454.79,2455.91,3558
2025-01-11 23:00:00,2455.91,2456.24,2452.21,2453.95,995
2025-01-11 23:15:00,2453.95,2455.86,2451.25,2451.98,4070
2025-01-11 23:30:00,2451.98,2454.93,2451.03,2453.68,3511
2025-01-11 23:45:00,2453.68,2455.89,2451.72,2455.11,3118
2025-01-12 00:00:00,2455.11,2456.84,2451.76,2453.7,1373
2025-01-12 00:15:00,2453.7,2455.59,2451.65,2453.0,532
2025-01-12 00:30:00,2453.0,2456.36,2452.56,2454.94,4765
2025-01-12 00:45:00,2454.94,2457.34,2453.16,2455.35,3279
2025-01-12 01:00:00,2455.35,2456.25,2454.89,2455.74,1921
2025-01-12 01:15:00,2455.74,2457.29,2452.86,2453.41,4562
2025-01-12 01:30:00,2453.41,2454.17,2451.62,2453.73,1226
2025-01-12 01:45:00,2453.73,2455.67,2451.05,2452.86,3274
2025-01-12 02:00:00,2452.86,2455.42,2451.27,2455.03,4468
2025-01-12 02:15:00,2455.03,2456.2,2453.84,2455.28,1408
2025-01-12 02:30:00,2455.28,2457.11,2454.14,2454.87,1999
2025-01-12 02:45:00,2454.87,2458.04,2453.1,2456.28,4734
2025-01-12 03:00:00,2456.28,2460.32,2455.2,2458.9,1369
2025-01-12 03:15:00,2458.9,2460.3,2456.41,2457.09,1339
2025-01-12 03:30:00,2457.09,2457.89,2455.05,2456.77,2022
2025-01-12 03:45:00,2456.77,2459.66,2455.42,2458.66,2128
2025-01-12 04:00:00,2458.66,2461.6,2457.91,2460.68,3737
2025-01-12 04:15:00,2460.68,2462.52,2459.47,2462.0,2064
2025-01-12 04:30:00,2462.0,2463.4,2459.36,2461.22,2735
2025-01-12 04:45:00,2461.22,2463.73,2459.92,2461.96,4117
2025-01-12 05:00:00,2461.96,2465.71,2460.24,2464.03,4880
2025-01-12 05:15:00,2464.03,2466.62,2462.7,2466.29,3772
2025-01-12 05:30:00,2466.29,2467.95,2464.33,2467.46,4857
2025-01-12 05:45:00,2467.46,2468.57,2465.9,2467.19,3218
2025-01-12 06:00:00,2467.19,2469.77,2466.6,2469.23,4704
2025-01-12 06:15:00,2469.23,2472.02,2467.34,2471.57,1723
2025-01-12 06:30:00,2471.57,2473.25,2471.17,2472.26,1829
2025-01-12 06:45:00,2472.26,2473.03,2470.95,2471.55,4467
2025-01-12 07:00:00,2471.55,2474.76,2470.34,2473.88,2936
2025-01-12 07:15:00,2473.88,2475.53,2471.76,2473.58,1808
2025-01-12 07:30:00,2473.58,2475.68,2473.2,2474.48,4357
2025-01-12 07:45:00,2474.48,2476.42,2474.09,2475.87,3015
2025-01-12 08:00:00,2475.87,2478.85,2475.04,2476.91,2199
2025-01-12 08:15:00,2476.91,2477.66,2473.93,2474.96,3554
2025-01-12 08:30:00,2474.96,2475.67,2472.9,2473.27,2735
2025-01-12 08:45:00,2473.27,2474.14,2472.81,2473.73,2400
2025-01-12 09:00:00,2473.73,2474.51,2470.89,2472.77,4370
2025-01-12 09:15:00,2472.77,2473.57,2470.69,2471.42,1973
2025-01-12 09:30:00,2471.42,2473.12,2470.21,2471.9,3221
2025-01-12 09:45:00,2471.9,2475.09,2470.71,2474.0,1215
2025-01-12 10:00:00,2474.0,2475.3,2472.94,2474.29,4830
2025-01-12 10:15:00,2474.29,2475.69,2470.86,2472.1,4696
2025-01-12 10:30:00,2472.1,2472.92,2470.52,2471.2,764
2025-01-12 10:45:00,2471.2,2472.97,2468.56,2469.61,851
2025-01-12 11:00:00,2469.61,2470.09,2467.36,2468.92,3139
2025-01-12 11:15:00,2468.92,2469.57,2466.35,2468.32,2590
2025-01-12 11:30:00,2468.32,2470.34,2467.04,2468.6,3176
2025-01-12 11:45:00,2468.6,2469.28,2465.18,2466.56,859
2025-01-12 12:00:00,2466.56,2470.98,2465.84,2469.11,2457
2025-01-12 12:15:00,2469.11,2470.93,2464.85,2466.78,1723
2025-01-12 12:30:00,2466.78,2468.5,2463.46,2464.79,3454
2025-01-12 12:45:00,2464.79,2466.77,2462.4,2464.28,4476
2025-01-12 13:00:00,2464.28,2466.27,2461.72,2462.94,3108
2025-01-12 13:15:00,2462.94,2465.33,2462.12,2463.61,3527
2025-01-12 13:30:00,2463.61,2464.75,2462.74,2463.49,3343
2025-01-12 13:45:00,2463.49,2465.01,2459.75,2461.29,3875
2025-01-12 14:00:00,2461.29,2463.67,2460.01,2462.76,4301
2025-01-12 14:15:00,2462.76,2463.28,2460.56,2461.39,1096
2025-01-12 14:30:00,2461.39,2463.64,2459.79,2462.96,589
2025-01-12 14:45:00,2462.96,2464.7,2459.6,2461.01,2458
2025-01-12 15:00:00,2461.01,2462.58,2460.59,2461.82,2157
2025-01-12 15:15:00,2461.82,2464.33,2460.46,2463.29,4339
2025-01-12 15:30:00,2463.29,2465.06,2459.88,2461.39,2526
2025-01-12 15:45:00,2461.39,2464.98,2459.84,2463.61,984
2025-01-12 16:00:00,2463.61,2465.03,2461.65,2462.53,739
2025-01-12 16:15:00,2462.53,2464.04,2461.69,2462.25,2155
2025-01-12 16:30:00,2462.25,2465.48,2461.48,2463.94,846
2025-01-12 16:45:00,2463.94,2464.41,2460.8,2462.45,901
2025-01-12 17:00:00,2462.45,2465.67,2462.11,2464.26,3549
2025-01-12 17:15:00,2464.26,2465.47,2462.53,2464.97,4396
2025-01-12 17:30:00,2464.97,2465.91,2463.43,2464.18,740
2025-01-12 17:45:00,2464.18,2466.01,2461.2,2462.13,569
2025-01-12 18:00:00,2462.13,2463.65,2459.17,2460.77,2124
2025-01-12 18:15:00,2460.77,2463.55,2460.15,2462.56,1051
2025-01-12 18:30:00,2462.56,2463.94,2461.17,2463.57,2135
2025-01-12 18:45:00,2463.57,2466.59,2462.83,2465.96,2841
2025-01-12 19:00:00,2465.96,2466.79,2463.86,2465.74,2128
2025-01-12 19:15:00,2465.74,2466.57,2462.4,2464.04,2681
2025-01-12 19:30:00,2464.04,2466.78,2462.07,2465.62,1678
2025-01-12 19:45:00,2465.62,2466.44,2462.04,2463.34,1752
2025-01-12 20:00:00,2463.34,2464.12,2462.97,2463.45,4279
2025-01-12 20:15:00,2463.45,2465.25,2462.04,2464.91,2963
2025-01-12 20:30:00,2464.91,2468.79,2464.08,2467.12,3409
2025-01-12 20:45:00,2467.12,2469.42,2465.6,2467.83,3984
2025-01-12 21:00:00,2467.83,2471.91,2467.01,2470.05,1331
2025-01-12 21:15:00,2470.05,2470.72,2468.57,2469.37,4232
2025-01-12 21:30:00,2469.37,2471.42,2467.43,2470.53,3294
2025-01-12 21:45:00,2470.53,2472.77,2468.83,2470.9,3568
2025-01-12 22:00:00,2470.9,2473.35,2469.01,2472.1,4589
2025-01-12 22:15:00,2472.1,2473.01,2471.11,2472.29,2096
2025-01-12 22:30:00,2472.29,2473.83,2470.19,2471.77,1501
2025-01-12 22:45:00,2471.77,2473.81,2471.45,2472.83,614
2025-01-12 23:00:00,2472.83,2474.66,2471.86,2473.07,4945
2025-01-12 23:15:00,2473.07,2474.18,2472.27,2473.22,4801
2025-01-12 23:30:00,2473.22,2474.48,2470.32,2471.57,2891
2025-01-12 23:45:00,2471.57,2472.17,2471.0,2471.53,4551
2025-01-13 00:00:00,2471.53,2473.71,2469.77,2473.31,841
2025-01-13 00:15:00,2473.31,2477.01,2472.53,2475.55,1080
2025-01-13 00:30:00,2475.55,2476.12,2474.31,2475.63,2529
2025-01-13 00:45:00,2475.63,2479.37,2475.14,2477.38,1485
2025-01-13 01:00:00,2477.38,2478.37,2476.97,2477.37,2666
2025-01-13 01:15:00,2477.37,2481.29,2475.85,2479.52,1617
2025-01-13 01:30:00,2479.52,2482.43,2477.59,2481.74,3295
2025-01-13 01:45:00,2481.74,2482.11,2480.14,2480.79,3976
2025-01-13 02:00:00,2480.79,2482.41,2477.86,2478.66,3854
2025-01-13 02:15:00,2478.66,2480.12,2475.91,2476.66,2733
2025-01-13 02:30:00,2476.66,2477.33,2474.84,2476.0,3933
2025-01-13 02:45:00,2476.0,2478.11,2474.06,2477.71,3013
2025-01-13 03:00:00,2477.71,2479.37,2475.53,2476.89,3710
2025-01-13 03:15:00,2476.89,2478.71,2473.35,2474.78,3700
2025-01-13 03:30:00,2474.78,2475.85,2474.01,2475.46,4846
2025-01-13 03:45:00,2475.46,2477.99,2474.51,2476.8,3916
2025-01-13 04:00:00,2476.8,2480.48,2474.91,2479.38,629
2025-01-13 04:15:00,2479.38,2480.57,2478.03,2479.25,3105
2025-01-13 04:30:00,2479.25,2480.75,2478.47,2479.39,3959
2025-01-13 04:45:00,2479.39,2480.09,2477.89,2479.72,2902
2025-01-13 05:00:00,2479.72,2481.58,2478.78,2481.01,2546
2025-01-13 05:15:00,2481.01,2483.14,2479.98,2481.16,2520
2025-01-13 05:30:00,2481.16,2483.9,2480.39,2482.66,2591
2025-01-13 05:45:00,2482.66,2483.12,2479.75,2480.32,4132
2025-01-13 06:00:00,2480.32,2483.82,2478.55,2482.14,4319
2025-01-13 06:15:00,2482.14,2483.77,2480.19,2482.78,2139
2025-01-13 06:30:00,2482.78,2484.01,2480.77,2481.61,1855
2025-01-13 06:45:00,2481.61,2483.53,2479.96,2481.46,3535
2025-01-13 07:00:00,2481.46,2484.17,2479.82,2483.73,3914
2025-01-13 07:15:00,2483.73,2486.32,2483.03,2484.72,3908
2025-01-13 07:30:00,2484.72,2485.65,2482.16,2483.31,2785
2025-01-13 07:45:00,2483.31,2485.7,2482.21,2484.01,2520
2025-01-13 08:00:00,2484.01,2484.78,2482.09,2483.36,4925
2025-01-13 08:15:00,2483.36,2484.55,2481.3,2482.54,4072
2025-01-13 08:30:00,2482.54,2483.6,2479.81,2481.1,1631
2025-01-13 08:45:00,2481.1,2481.63,2480.65,2481.32,4699
2025-01-13 09:00:00,2481.32,2484.58,2480.12,2482.8,1873
2025-01-13 09:15:00,2482.8,2484.77,2480.51,2481.3,3096
2025-01-13 09:30:00,2481.3,2484.87,2479.41,2483.57,1732
2025-01-13 09:45:00,2483.57,2486.42,2482.89,2485.05,2405
2025-01-13 10:00:00,2485.05,2485.63,2482.39,2483.11,3474
2025-01-13 10:15:00,2483.11,2485.84,2481.63,2484.42,4797
2025-01-13 10:30:00,2484.42,2485.39,2482.52,2484.33,2394
2025-01-13 10:45:00,2484.33,2485.6,2482.39,2483.16,1209
2025-01-13 11:00:00,2483.16,2485.25,2481.53,2484.57,2901
2025-01-13 11:15:00,2484.57,2487.78,2482.79,2487.08,3029
2025-01-13 11:30:00,2487.08,2490.29,2486.74,2488.66,3889
2025-01-13 11:45:00,2488.66,2490.63,2487.73,2489.07,4444
2025-01-13 12:00:00,2489.07,2489.81,2488.01,2488.81,1279
2025-01-13 12:15:00,2488.81,2491.25,2488.06,2489.71,2788
2025-01-13 12:30:00,2489.71,2492.42,2487.88,2490.81,4932
2025-01-13 12:45:00,2490.81,2492.32,2489.23,2490.06,3942
2025-01-13 13:00:00,2490.06,2491.3,2487.05,2487.93,758
2025-01-13 13:15:00,2487.93,2489.28,2485.08,2487.03,3044
2025-01-13 13:30:00,2487.03,2488.38,2485.27,2488.05,3736
2025-01-13 13:45:00,2488.05,2489.13,2485.36,2486.22,719
2025-01-13 14:00:00,2486.22,2488.77,2485.03,2487.97,1192
2025-01-13 14:15:00,2487.97,2491.78,2486.46,2489.8,4708
2025-01-13 14:30:00,2489.8,2490.31,2488.07,2489.5,2947
2025-01-13 14:45:00,2489.5,2490.89,2487.72,2488.67,1926
2025-01-13 15:00:00,2488.67,2489.92,2487.07,2489.59,3570
2025-01-13 15:15:00,2489.59,2491.17,2486.79,2488.0,3798
2025-01-13 15:30:00,2488.0,2490.23,2486.86,2488.69,2326
2025-01-13 15:45:00,2488.69,2491.62,2487.69,2490.35,2894
2025-01-13 16:00:00,2490.35,2493.31,2489.89,2492.59,2081
2025-01-13 16:15:00,2492.59,2493.21,2489.18,2490.58,4199
2025-01-13 16:30:00,2490.58,2492.45,2488.79,2491.79,3811
2025-01-13 16:45:00,2491.79,2493.75,2491.4,2492.82,4075
2025-01-13 17:00:00,2492.82,2495.97,2491.16,2495.31,3925
2025-01-13 17:15:00,2495.31,2496.64,2493.07,2494.89,658
2025-01-13 17:30:00,2494.89,2497.86,2494.19,2496.16,3496
2025-01-13 17:45:00,2496.16,2499.26,2495.15,2497.98,512
2025-01-13 18:00:00,2497.98,2499.14,2496.82,2498.41,3518
2025-01-13 18:15:00,2498.41,2499.05,2496.82,2497.99,2673
2025-01-13 18:30:00,2497.99,2499.26,2495.86,2496.16,2259
2025-01-13 18:45:00,2496.16,2499.62,2495.15,2498.66,4840
2025-01-13 19:00:00,2498.66,2500.34,2498.3,2498.84,3010
2025-01-13 19:15:00,2498.84,2499.9,2495.94,2496.98,3007
2025-01-13 19:30:00,2496.98,2498.83,2492.8,2494.65,649
2025-01-13 19:45:00,2494.65,2497.21,2493.32,2496.52,613
2025-01-13 20:00:00,2496.52,2498.48,2492.49,2494.25,1420
2025-01-13 20:15:00,2494.25,2494.91,2491.3,2492.63,775
2025-01-13 20:30:00,2492.63,2494.09,2491.48,2492.52,3146
2025-01-13 20:45:00,2492.52,2496.73,2490.7,2495.07,4773
2025-01-13 21:00:00,2495.07,2497.11,2493.26,2495.64,3306
2025-01-13 21:15:00,2495.64,2496.19,2493.65,2494.0,1248
2025-01-13 21:30:00,2494.0,2495.71,2492.3,2494.66,2881
2025-01-13 21:45:00,2494.66,2498.27,2493.36,2497.18,2612
2025-01-13 22:00:00,2497.18,2497.56,2495.8,2496.77,1167
2025-01-13 22:15:00,2496.77,2497.52,2493.59,2495.47,4054
2025-01-13 22:30:00,2495.47,2496.2,2492.71,2494.13,2010
2025-01-13 22:45:00,2494.13,2495.58,2491.56,2493.42,1162
2025-01-13 23:00:00,2493.42,2494.18,2491.34,2493.11,2893
2025-01-13 23:15:00,2493.11,2494.48,2489.73,2491.71,3934
2025-01-13 23:30:00,2491.71,2492.06,2488.47,2490.45,4844
2025-01-13 23:45:00,2490.45,2491.55,2488.3,2489.51,1664
2025-01-14 00:00:00,2489.51,2492.46,2489.11,2491.2,1464
2025-01-14 00:15:00,2491.2,2493.55,2490.54,2492.67,3667
2025-01-14 00:30:00,2492.67,2494.49,2488.82,2490.74,3414
2025-01-14 00:45:00,2490.74,2492.91,2488.76,2492.08,3341
2025-01-14 01:00:00,2492.08,2495.03,2491.52,2494.37,3662
2025-01-14 01:15:00,2494.37,2495.88,2492.86,2494.45,4175
2025-01-14 01:30:00,2494.45,2497.08,2492.54,2495.81,4109
2025-01-14 01:45:00,2495.81,2497.0,2494.57,2495.06,4365
2025-01-14 02:00:00,2495.06,2498.4,2493.71,2496.59,3960
2025-01-14 02:15:00,2496.59,2499.72,2495.57,2498.0,3666
2025-01-14 02:30:00,2498.0,2499.09,2495.31,2495.94,4424
2025-01-14 02:45:00,2495.94,2499.28,2495.51,2498.23,2528
2025-01-14 03:00:00,2498.23,2500.05,2496.51,2498.03,1981
2025-01-14 03:15:00,2498.03,2499.72,2495.95,2497.72,670
2025-01-14 03:30:00,2497.72,2498.41,2496.17,2497.62,1822
2025-01-14 03:45:00,2497.62,2500.61,2495.79,2498.96,3507
2025-01-14 04:00:00,2498.96,2500.26,2498.29,2498.6,2868
2025-01-14 04:15:00,2498.6,2500.17,2496.83,2498.84,1376
2025-01-14 04:30:00,2498.84,2500.62,2496.42,2497.83,3022
2025-01-14 04:45:00,2497.83,2499.75,2496.42,2496.85,665
2025-01-14 05:00:00,2496.85,2498.56,2495.12,2495.58,3637
2025-01-14 05:15:00,2495.58,2496.36,2494.49,2495.07,4586
2025-01-14 05:30:00,2495.07,2496.97,2494.12,2496.52,1189
2025-01-14 05:45:00,2496.52,2498.38,2496.0,2497.99,4245
2025-01-14 06:00:00,2497.99,2499.01,2496.1,2497.07,1701
2025-01-14 06:15:00,2497.07,2498.64,2494.29,2494.99,3792
2025-01-14 06:30:00,2494.99,2496.82,2494.65,2496.17,4982
2025-01-14 06:45:00,2496.17,2496.78,2493.82,2494.96,2423
2025-01-14 07:00:00,2494.96,2496.43,2492.28,2493.9,4417
2025-01-14 07:15:00,2493.9,2496.51,2493.22,2494.56,1839
2025-01-14 07:30:00,2494.56,2498.46,2493.11,2496.69,699
2025-01-14 07:45:00,2496.69,2497.81,2494.59,2496.32,1990
2025-01-14 08:00:00,2496.32,2496.78,2492.86,2494.09,826
2025-01-14 08:15:00,2494.09,2496.58,2493.14,2495.78,2004
2025-01-14 08:30:00,2495.78,2497.68,2495.06,2496.29,1341
2025-01-14 08:45:00,2496.29,2498.37,2495.17,2497.3,2221
2025-01-14 09:00:00,2497.3,2499.45,2496.78,2498.07,1547
2025-01-14 09:15:00,2498.07,2498.89,2495.33,2496.4,1160
2025-01-14 09:30:00,2496.4,2499.56,2495.63,2497.83,2862
2025-01-14 09:45:00,2497.83,2501.34,2497.3,2500.06,4376
2025-01-14 10:00:00,2500.06,2503.41,2498.12,2501.69,4904
2025-01-14 10:15:00,2501.69,2503.78,2500.42,2502.92,2401
2025-01-14 10:30:00,2502.92,2503.56,2499.77,2501.31,1902
2025-01-14 10:45:00,2501.31,2502.61,2498.85,2499.32,2379
2025-01-14 11:00:00,2499.32,2501.44,2498.48,2500.39,1598
2025-01-14 11:15:00,2500.39,2502.72,2498.54,2502.11,2489
2025-01-14 11:30:00,2502.11,2504.89,2500.78,2503.95,1348
2025-01-14 11:45:00,2503.95,2504.56,2501.63,2503.1,4935
2025-01-14 12:00:00,2503.1,2504.85,2501.69,2502.18,1874
2025-01-14 12:15:00,2502.18,2504.24,2501.37,2503.21,3911
2025-01-14 12:30:00,2503.21,2503.95,2500.78,2502.71,4400
2025-01-14 12:45:00,2502.71,2503.83,2501.68,2502.23,610
2025-01-14 13:00:00,2502.23,2504.83,2501.79,2503.62,1863
2025-01-14 13:15:00,2503.62,2507.33,2502.87,2506.21,3644
2025-01-14 13:30:00,2506.21,2507.96,2505.78,2507.12,1967
2025-01-14 13:45:00,2507.12,2507.53,2505.19,2506.57,2043
2025-01-14 14:00:00,2506.57,2508.52,2504.57,2506.29,2269
2025-01-14 14:15:00,2506.29,2508.32,2505.61,2506.88,4120
2025-01-14 14:30:00,2506.88,2507.78,2506.39,2506.87,3734
2025-01-14 14:45:00,2506.87,2508.23,2505.93,2506.66,2357
2025-01-14 15:00:00,2506.66,2509.59,2504.86,2508.3,4217
2025-01-14 15:15:00,2508.3,2508.92,2505.59,2506.58,1435
2025-01-14 15:30:00,2506.58,2507.23,2505.19,2506.55,3989
2025-01-14 15:45:00,2506.55,2507.26,2503.1,2505.03,2466
2025-01-14 16:00:00,2505.03,2508.61,2503.33,2506.62,1345
2025-01-14 16:15:00,2506.62,2508.98,2506.27,2507.78,3904
2025-01-14 16:30:00,2507.78,2509.04,2505.36,2506.47,3209
2025-01-14 16:45:00,2506.47,2507.28,2504.46,2504.84,2903
2025-01-14 17:00:00,2504.84,2507.03,2504.48,2506.23,577
2025-01-14 17:15:00,2506.23,2507.59,2503.1,2505.01,4988
2025-01-14 17:30:00,2505.01,2506.94,2504.1,2506.43,2723
2025-01-14 17:45:00,2506.43,2507.65,2504.61,2505.02,901
2025-01-14 18:00:00,2505.02,2506.48,2504.16,2504.91,3528
2025-01-14 18:15:00,2504.91,2505.4,2502.4,2503.76,4565
2025-01-14 18:30:00,2503.76,2505.7,2502.61,2504.52,4921
2025-01-14 18:45:00,2504.52,2506.87,2502.86,2505.24,4404
2025-01-14 19:00:00,2505.24,2507.23,2501.44,2503.14,3485
2025-01-14 19:15:00,2503.14,2504.33,2502.41,2503.03,1108
2025-01-14 19:30:00,2503.03,2506.8,2502.05,2505.46,995
2025-01-14 19:45:00,2505.46,2506.99,2504.03,2506.06,3549
2025-01-14 20:00:00,2506.06,2508.58,2505.51,2507.81,964
2025-01-14 20:15:00,2507.81,2510.82,2506.07,2510.23,1885
2025-01-14 20:30:00,2510.23,2511.31,2506.99,2508.33,3617
2025-01-14 20:45:00,2508.33,2509.65,2507.23,2508.75,1387
2025-01-14 21:00:00,2508.75,2509.17,2508.01,2508.68,1052
2025-01-14 21:15:00,2508.68,2510.05,2508.25,2508.73,1025
2025-01-14 21:30:00,2508.73,2509.96,2507.37,2508.33,1115
2025-01-14 21:45:00,2508.33,2509.27,2505.65,2507.2,1725
2025-01-14 22:00:00,2507.2,2509.19,2503.84,2505.54,2594
2025-01-14 22:15:00,2505.54,2509.35,2504.35,2507.61,1466
2025-01-14 22:30:00,2507.61,2509.52,2505.35,2506.75,1258
2025-01-14 22:45:00,2506.75,2508.14,2502.97,2504.64,3574
2025-01-14 23:00:00,2504.64,2507.1,2503.19,2506.35,4546
2025-01-14 23:15:00,2506.35,2508.55,2505.46,2508.14,3819
2025-01-14 23:30:00,2508.14,2511.3,2507.77,2510.03,4459
2025-01-14 23:45:00,2510.03,2512.56,2508.61,2511.2,3599
2025-01-15 00:00:00,2511.2,2512.52,2508.56,2510.05,2457
2025-01-15 00:15:00,2510.05,2513.84,2508.31,2512.45,2532
2025-01-15 00:30:00,2512.45,2513.41,2510.62,2511.07,3265
2025-01-15 00:45:00,2511.07,2512.77,2507.58,2509.06,4178
2025-01-15 01:00:00,2509.06,2511.62,2508.65,2509.72,3791
2025-01-15 01:15:00,2509.72,2513.37,2507.92,2512.03,551
2025-01-15 01:30:00,2512.03,2515.5,2510.36,2513.61,4965
2025-01-15 01:45:00,2513.61,2514.7,2512.42,2514.24,4706
2025-01-15 02:00:00,2514.24,2518.6,2513.56,2516.69,4735
2025-01-15 02:15:00,2516.69,2518.64,2515.3,2518.24,3253
2025-01-15 02:30:00,2518.24,2519.21,2514.76,2516.33,3148
2025-01-15 02:45:00,2516.33,2518.71,2514.85,2517.29,4270
2025-01-15 03:00:00,2517.29,2517.69,2516.71,2517.14,2042
2025-01-15 03:15:00,2517.14,2519.1,2513.93,2515.32,1945
2025-01-15 03:30:00,2515.32,2518.02,2513.44,2516.08,1649
2025-01-15 03:45:00,2516.08,2517.4,2514.92,2516.4,3224
2025-01-15 04:00:00,2516.4,2517.01,2513.86,2514.93,1730
2025-01-15 04:15:00,2514.93,2515.5,2512.75,2513.52,3853
2025-01-15 04:30:00,2513.52,2515.73,2513.16,2515.31,1766
2025-01-15 04:45:00,2515.31,2517.54,2514.43,2516.4,724
2025-01-15 05:00:00,2516.4,2517.77,2513.79,2514.49,884
2025-01-15 05:15:00,2514.49,2516.27,2512.99,2513.57,4199
2025-01-15 05:30:00,2513.57,2515.76,2512.74,2515.29,1679
2025-01-15 05:45:00,2515.29,2515.86,2512.93,2514.58,937
2025-01-15 06:00:00,2514.58,2516.18,2513.66,2514.17,1643
2025-01-15 06:15:00,2514.17,2514.97,2511.52,2512.26,1461
2025-01-15 06:30:00,2512.26,2514.87,2510.58,2514.37,542
2025-01-15 06:45:00,2514.37,2517.48,2513.21,2515.93,761
2025-01-15 07:00:00,2515.93,2518.0,2515.63,2516.07,3805
2025-01-15 07:15:00,2516.07,2516.79,2513.84,2515.3,1949
2025-01-15 07:30:00,2515.3,2518.09,2514.38,2517.26,2397
2025-01-15 07:45:00,2517.26,2518.1,2516.49,2517.56,727
2025-01-15 08:00:00,2517.56,2519.35,2515.35,2516.0,1364
2025-01-15 08:15:00,2516.0,2517.74,2514.53,2515.25,4683
2025-01-15 08:30:00,2515.25,2517.18,2513.35,2515.04,767
2025-01-15 08:45:00,2515.04,2517.25,2513.7,2516.44,2490
2025-01-15 09:00:00,2516.44,2518.37,2516.0,2517.49,3227
2025-01-15 09:15:00,2517.49,2521.58,2515.87,2519.82,2375
2025-01-15 09:30:00,2519.82,2520.58,2518.18,2518.48,2368
2025-01-15 09:45:00,2518.48,2520.66,2516.84,2519.04,4982
2025-01-15 10:00:00,2519.04,2519.97,2516.22,2517.03,702
2025-01-15 10:15:00,2517.03,2519.61,2515.38,2517.96,2063
2025-01-15 10:30:00,2517.96,2521.4,2516.99,2520.37,2407
2025-01-15 10:45:00,2520.37,2521.39,2519.07,2520.29,1628
2025-01-15 11:00:00,2520.29,2521.84,2518.46,2519.08,4338
2025-01-15 11:15:00,2519.08,2522.12,2518.45,2521.49,605
2025-01-15 11:30:00,2521.49,2524.53,2519.73,2523.05,3972
2025-01-15 11:45:00,2523.05,2524.64,2520.06,2521.39,4768
2025-01-15 12:00:00,2521.39,2523.08,2519.63,2521.64,624
2025-01-15 12:15:00,2521.64,2524.48,2519.78,2522.85,2795
2025-01-15 12:30:00,2522.85,2524.92,2521.72,2524.57,2292
2025-01-15 12:45:00,2524.57,2526.18,2522.97,2524.73,3084
2025-01-15 13:00:00,2524.73,2525.4,2523.49,2524.31,3553
2025-01-15 13:15:00,2524.31,2525.4,2523.36,2524.76,2496
2025-01-15 13:30:00,2524.76,2525.36,2522.98,2524.42,3351
2025-01-15 13:45:00,2524.42,2525.34,2521.8,2522.25,4782
2025-01-15 14:00:00,2522.25,2523.06,2519.21,2520.21,2132
2025-01-15 14:15:00,2520.21,2522.27,2519.46,2521.74,1444
2025-01-15 14:30:00,2521.74,2523.07,2518.83,2519.46,4907
2025-01-15 14:45:00,2519.46,2521.23,2517.12,2518.46,4124
2025-01-15 15:00:00,2518.46,2520.94,2517.21,2519.78,2813
2025-01-15 15:15:00,2519.78,2521.54,2517.69,2518.71,4407
2025-01-15 15:30:00,2518.71,2519.66,2516.35,2517.13,3112
2025-01-15 15:45:00,2517.13,2518.2,2513.33,2514.78,2445
2025-01-15 16:00:00,2514.78,2515.58,2511.13,2512.52,3170
2025-01-15 16:15:00,2512.52,2513.59,2508.71,2510.22,3073
2025-01-15 16:30:00,2510.22,2511.41,2509.0,2510.04,3238
2025-01-15 16:45:00,2510.04,2511.15,2509.11,2510.74,631
2025-01-15 17:00:00,2510.74,2514.72,2508.85,2512.96,2358
2025-01-15 17:15:00,2512.96,2514.41,2512.03,2513.85,3909
2025-01-15 17:30:00,2513.85,2514.36,2510.86,2512.73,4201
2025-01-15 17:45:00,2512.73,2514.79,2510.98,2513.24,1928
2025-01-15 18:00:00,2513.24,2514.39,2510.0,2511.38,706
2025-01-15 18:15:00,2511.38,2513.91,2509.65,2513.37,3799
2025-01-15 18:30:00,2513.37,2513.94,2511.7,2512.51,4709
2025-01-15 18:45:00,2512.51,2513.62,2509.5,2511.12,826
2025-01-15 19:00:00,2511.12,2512.94,2510.36,2510.89,1850
2025-01-15 19:15:00,2510.89,2511.41,2507.74,2509.63,1632
2025-01-15 19:30:00,2509.63,2511.01,2506.71,2508.0,4555
2025-01-15 19:45:00,2508.0,2510.84,2507.36,2509.83,3065
2025-01-15 20:00:00,2509.83,2511.62,2508.47,2510.81,1757
2025-01-15 20:15:00,2510.81,2513.97,2508.87,2512.28,2716
2025-01-15 20:30:00,2512.28,2514.1,2509.51,2511.31,3645
2025-01-15 20:45:00,2511.31,2512.97,2509.04,2509.44,4138
2025-01-15 21:00:00,2509.44,2510.47,2508.46,2510.04,3136
2025-01-15 21:15:00,2510.04,2510.75,2509.65,2510.34,4190
2025-01-15 21:30:00,2510.34,2510.75,2507.77,2509.48,3978
2025-01-15 21:45:00,2509.48,2511.34,2508.38,2509.45,2446
2025-01-15 22:00:00,2509.45,2510.98,2508.42,2509.03,619
2025-01-15 22:15:00,2509.03,2512.62,2507.6,2510.83,4079
2025-01-15 22:30:00,2510.83,2513.03,2509.02,2512.21,4672
2025-01-15 22:45:00,2512.21,2514.18,2509.31,2511.08,2912
2025-01-15 23:00:00,2511.08,2514.26,2510.44,2513.03,3659
2025-01-15 23:15:00,2513.03,2514.94,2511.21,2513.64,4410
2025-01-15 23:30:00,2513.64,2514.89,2511.08,2512.68,3030
2025-01-15 23:45:00,2512.68,2513.78,2510.51,2511.22,2951
2025-01-16 00:00:00,2511.22,2511.85,2508.82,2509.93,2070
2025-01-16 00:15:00,2509.93,2510.74,2509.05,2509.68,1820
2025-01-16 00:30:00,2509.68,2511.81,2509.19,2510.6,2512
2025-01-16 00:45:00,2510.6,2511.37,2507.5,2509.26,4929
2025-01-16 01:00:00,2509.26,2513.51,2507.79,2511.68,4605
2025-01-16 01:15:00,2511.68,2513.46,2508.83,2509.92,2339
2025-01-16 01:30:00,2509.92,2511.82,2509.35,2510.49,2859
2025-01-16 01:45:00,2510.49,2514.01,2509.03,2512.18,4907
2025-01-16 02:00:00,2512.18,2512.76,2510.66,2512.23,699
2025-01-16 02:15:00,2512.23,2513.56,2510.25,2512.46,3027
2025-01-16 02:30:00,2512.46,2513.97,2510.12,2510.47,3607
2025-01-16 02:45:00,2510.47,2512.87,2509.22,2511.99,2344
2025-01-16 03:00:00,2511.99,2515.12,2511.38,2513.38,2801
2025-01-16 03:15:00,2513.38,2515.62,2512.08,2514.3,2153
2025-01-16 03:30:00,2514.3,2517.3,2512.42,2516.1,3163
2025-01-16 03:45:00,2516.1,2516.41,2513.69,2514.19,3103
2025-01-16 04:00:00,2514.19,2516.31,2512.28,2515.57,4753
2025-01-16 04:15:00,2515.57,2515.87,2513.89,2514.84,2795
2025-01-16 04:30:00,2514.84,2518.58,2514.26,2517.47,3448
2025-01-16 04:45:00,2517.47,2521.11,2516.8,2519.79,2401
2025-01-16 05:00:00,2519.79,2521.3,2517.99,2519.9,683
2025-01-16 05:15:00,2519.9,2520.25,2518.92,2519.22,3737
2025-01-16 05:30:00,2519.22,2523.13,2517.6,2521.76,1631
2025-01-16 05:45:00,2521.76,2525.34,2520.35,2524.01,1989
2025-01-16 06:00:00,2524.01,2524.59,2522.35,2522.78,2183
2025-01-16 06:15:00,2522.78,2526.17,2521.89,2525.4,4296
2025-01-16 06:30:00,2525.4,2525.79,2522.42,2524.07,2948
2025-01-16 06:45:00,2524.07,2525.3,2521.71,2522.13,3834
2025-01-16 07:00:00,2522.13,2523.57,2519.81,2521.15,1008
2025-01-16 07:15:00,2521.15,2523.67,2520.69,2523.09,2117
2025-01-16 07:30:00,2523.09,2526.2,2521.31,2524.59,1173
2025-01-16 07:45:00,2524.59,2525.35,2522.19,2523.83,2076
2025-01-16 08:00:00,2523.83,2525.6,2521.62,2523.11,881
2025-01-16 08:15:00,2523.11,2524.13,2520.68,2522.14,2009
2025-01-16 08:30:00,2522.14,2523.3,2518.52,2520.36,2900
2025-01-16 08:45:00,2520.36,2523.55,2518.67,2522.13,1558
2025-01-16 09:00:00,2522.13,2525.95,2520.72,2524.49,2546
2025-01-16 09:15:00,2524.49,2527.0,2524.12,2526.56,3076
2025-01-16 09:30:00,2526.56,2528.0,2524.35,2524.86,4401
2025-01-16 09:45:00,2524.86,2525.86,2522.45,2523.73,3731
2025-01-16 10:00:00,2523.73,2525.46,2520.26,2521.51,2471
2025-01-16 10:15:00,2521.51,2521.97,2520.49,2521.41,2863
2025-01-16 10:30:00,2521.41,2521.85,2518.41,2519.24,3609
2025-01-16 10:45:00,2519.24,2520.82,2517.64,2519.9,3263
2025-01-16 11:00:00,2519.9,2520.95,2518.62,2520.4,4708
2025-01-16 11:15:00,2520.4,2520.95,2518.86,2519.91,1926
2025-01-16 11:30:00,2519.91,2522.9,2518.72,2522.29,3951
2025-01-16 11:45:00,2522.29,2524.97,2521.75,2523.9,1191
2025-01-16 12:00:00,2523.9,2527.8,2522.94,2526.47,2140
2025-01-16 12:15:00,2526.47,2530.14,2524.88,2528.8,3918
2025-01-16 12:30:00,2528.8,2529.46,2524.84,2526.54,3216
2025-01-16 12:45:00,2526.54,2527.75,2524.63,2525.27,4718
2025-01-16 13:00:00,2525.27,2526.42,2522.52,2523.07,1665
2025-01-16 13:15:00,2523.07,2524.28,2519.91,2520.75,3855
2025-01-16 13:30:00,2520.75,2522.8,2520.05,2522.15,2054
2025-01-16 13:45:00,2522.15,2523.25,2521.15,2522.41,3138
2025-01-16 14:00:00,2522.41,2524.6,2520.7,2522.87,2827
2025-01-16 14:15:00,2522.87,2523.35,2519.25,2520.55,1922
2025-01-16 14:30:00,2520.55,2523.21,2518.67,2522.79,3097
2025-01-16 14:45:00,2522.79,2525.18,2521.44,2524.51,3672
2025-01-16 15:00:00,2524.51,2526.73,2522.63,2525.18,1464
2025-01-16 15:15:00,2525.18,2526.52,2524.31,2525.96,554
2025-01-16 15:30:00,2525.96,2528.84,2525.16,2527.66,671
2025-01-16 15:45:00,2527.66,2529.32,2524.61,2525.62,4256
2025-01-16 16:00:00,2525.62,2527.15,2524.38,2526.33,3486
2025-01-16 16:15:00,2526.33,2528.04,2521.93,2523.91,1124
2025-01-16 16:30:00,2523.91,2525.43,2520.86,2522.39,3702
2025-01-16 16:45:00,2522.39,2524.93,2521.85,2524.63,3525
2025-01-16 17:00:00,2524.63,2526.53,2524.21,2524.79,713
2025-01-16 17:15:00,2524.79,2525.23,2522.58,2524.0,2774
2025-01-16 17:30:00,2524.0,2525.11,2521.46,2523.17,1536
2025-01-16 17:45:00,2523.17,2523.62,2520.19,2521.01,1748
2025-01-16 18:00:00,2521.01,2521.53,2517.3,2519.23,4029
2025-01-16 18:15:00,2519.23,2520.39,2516.69,2517.04,3827
2025-01-16 18:30:00,2517.04,2517.58,2512.58,2514.51,3316
2025-01-16 18:45:00,2514.51,2516.32,2513.65,2514.54,2617
2025-01-16 19:00:00,2514.54,2517.14,2513.42,2516.39,942
2025-01-16 19:15:00,2516.39,2518.43,2515.95,2517.11,4931
2025-01-16 19:30:00,2517.11,2517.6,2515.67,2517.12,2302
2025-01-16 19:45:00,2517.12,2518.67,2515.16,2518.31,1344
2025-01-16 20:00:00,2518.31,2518.87,2516.51,2517.97,1105
2025-01-16 20:15:00,2517.97,2518.88,2514.0,2515.75,2608
2025-01-16 20:30:00,2515.75,2517.32,2514.42,2515.41,3380
2025-01-16 20:45:00,2515.41,2519.29,2514.9,2517.63,4633
2025-01-16 21:00:00,2517.63,2519.13,2513.88,2515.12,2746
2025-01-16 21:15:00,2515.12,2516.73,2513.09,2514.34,1221
2025-01-16 21:30:00,2514.34,2516.21,2511.53,2513.27,1240
2025-01-16 21:45:00,2513.27,2514.96,2509.06,2510.94,1780
2025-01-16 22:00:00,2510.94,2512.6,2509.12,2511.29,3108
2025-01-16 22:15:00,2511.29,2513.05,2508.41,2509.12,4812
2025-01-16 22:30:00,2509.12,2512.43,2508.18,2510.52,976
2025-01-16 22:45:00,2510.52,2511.34,2509.97,2510.56,4685
2025-01-16 23:00:00,2510.56,2512.35,2509.12,2510.57,3962
2025-01-16 23:15:00,2510.57,2512.27,2507.66,2508.47,1406
2025-01-16 23:30:00,2508.47,2510.51,2506.91,2508.53,1363
2025-01-16 23:45:00,2508.53,2509.85,2507.4,2507.77,4697
2025-01-17 00:00:00,2507.77,2509.51,2506.05,2506.79,3001
2025-01-17 00:15:00,2506.79,2507.29,2504.42,2505.84,2320
2025-01-17 00:30:00,2505.84,2509.05,2504.02,2507.4,4189
2025-01-17 00:45:00,2507.4,2509.25,2505.93,2506.68,1078
2025-01-17 01:00:00,2506.68,2509.58,2506.28,2509.08,4725
2025-01-17 01:15:00,2509.08,2511.55,2507.29,2509.85,3642
2025-01-17 01:30:00,2509.85,2510.32,2507.71,2508.33,2816
2025-01-17 01:45:00,2508.33,2510.32,2507.82,2509.2,2077
2025-01-17 02:00:00,2509.2,2509.95,2508.87,2509.58,4582
2025-01-17 02:15:00,2509.58,2510.78,2506.45,2508.33,3565
2025-01-17 02:30:00,2508.33,2509.4,2505.45,2507.02,1131
2025-01-17 02:45:00,2507.02,2509.16,2506.55,2508.17,3857
2025-01-17 03:00:00,2508.17,2509.01,2504.47,2506.38,4511
2025-01-17 03:15:00,2506.38,2508.96,2505.92,2508.55,3882
2025-01-17 03:30:00,2508.55,2509.95,2508.12,2508.78,3510
2025-01-17 03:45:00,2508.78,2509.84,2506.28,2506.91,532
2025-01-17 04:00:00,2506.91,2508.0,2505.22,2507.12,4054
2025-01-17 04:15:00,2507.12,2508.73,2506.06,2508.08,2331
2025-01-17 04:30:00,2508.08,2508.44,2505.92,2506.55,816
2025-01-17 04:45:00,2506.55,2509.27,2505.78,2508.94,3578
2025-01-17 05:00:00,2508.94,2512.0,2506.99,2511.32,1997
2025-01-17 05:15:00,2511.32,2513.43,2509.74,2511.6,3597
2025-01-17 05:30:00,2511.6,2512.62,2510.06,2510.9,2663
2025-01-17 05:45:00,2510.9,2511.95,2506.77,2508.67,2372
2025-01-17 06:00:00,2508.67,2510.19,2507.28,2509.44,1314
2025-01-17 06:15:00,2509.44,2510.94,2508.42,2510.14,2202
2025-01-17 06:30:00,2510.14,2512.41,2509.1,2510.88,4084
2025-01-17 06:45:00,2510.88,2512.64,2510.58,2511.72,3825
2025-01-17 07:00:00,2511.72,2513.05,2509.79,2511.94,1616
2025-01-17 07:15:00,2511.94,2512.82,2510.39,2512.25,1749
2025-01-17 07:30:00,2512.25,2514.5,2510.28,2513.68,4254
2025-01-17 07:45:00,2513.68,2515.37,2513.13,2514.15,3160
2025-01-17 08:00:00,2514.15,2515.9,2513.43,2515.11,3406
2025-01-17 08:15:00,2515.11,2515.8,2514.08,2514.89,1117
2025-01-17 08:30:00,2514.89,2517.41,2513.03,2516.79,3729
2025-01-17 08:45:00,2516.79,2517.9,2514.86,2516.8,994
2025-01-17 09:00:00,2516.8,2519.34,2516.46,2518.5,1584
2025-01-17 09:15:00,2518.5,2519.93,2517.92,2518.29,1647
2025-01-17 09:30:00,2518.29,2519.34,2517.31,2518.49,1171
2025-01-17 09:45:00,2518.49,2519.39,2515.01,2516.98,4657
2025-01-17 10:00:00,2516.98,2518.98,2514.6,2515.38,3367
2025-01-17 10:15:00,2515.38,2516.35,2513.73,2515.24,1839
2025-01-17 10:30:00,2515.24,2515.77,2514.18,2514.64,807
2025-01-17 10:45:00,2514.64,2515.83,2513.6,2515.0,3734
2025-01-17 11:00:00,2515.0,2518.52,2513.72,2516.75,2696
2025-01-17 11:15:00,2516.75,2519.02,2515.37,2517.26,4487
2025-01-17 11:30:00,2517.26,2520.5,2515.57,2518.68,1575
2025-01-17 11:45:00,2518.68,2521.28,2517.95,2520.43,3338
2025-01-17 12:00:00,2520.43,2521.43,2515.91,2517.89,4514
2025-01-17 12:15:00,2517.89,2519.79,2515.78,2516.14,640
2025-01-17 12:30:00,2516.14,2518.33,2515.09,2516.42,2188
2025-01-17 12:45:00,2516.42,2517.25,2514.82,2516.03,4834
2025-01-17 13:00:00,2516.03,2517.42,2515.68,2516.96,4001
2025-01-17 13:15:00,2516.96,2518.11,2512.66,2514.6,1950
2025-01-17 13:30:00,2514.6,2515.73,2513.55,2515.14,1914
2025-01-17 13:45:00,2515.14,2516.26,2514.33,2514.7,4230
2025-01-17 14:00:00,2514.7,2515.21,2512.88,2514.0,4080
2025-01-17 14:15:00,2514.0,2517.4,2512.51,2516.1,1011
2025-01-17 14:30:00,2516.1,2519.39,2514.72,2517.86,1161
2025-01-17 14:45:00,2517.86,2520.55,2516.63,2519.84,1674
2025-01-17 15:00:00,2519.84,2523.29,2518.55,2522.15,1477
2025-01-17 15:15:00,2522.15,2524.03,2520.65,2523.0,3976
2025-01-17 15:30:00,2523.0,2525.29,2521.28,2524.07,4635
2025-01-17 15:45:00,2524.07,2526.59,2523.71,2525.26,695
2025-01-17 16:00:00,2525.26,2527.81,2523.71,2526.77,4725
2025-01-17 16:15:00,2526.77,2529.35,2525.04,2528.02,511
2025-01-17 16:30:00,2528.02,2529.85,2524.28,2526.16,764
2025-01-17 16:45:00,2526.16,2529.0,2525.02,2527.58,1531
2025-01-17 17:00:00,2527.58,2530.46,2526.61,2528.86,3695
2025-01-17 17:15:00,2528.86,2529.8,2525.96,2527.9,603
2025-01-17 17:30:00,2527.9,2528.71,2526.31,2528.16,819
2025-01-17 17:45:00,2528.16,2531.81,2526.32,2530.05,3417
2025-01-17 18:00:00,2530.05,2531.08,2529.51,2530.6,1024
2025-01-17 18:15:00,2530.6,2532.53,2528.44,2528.75,594
2025-01-17 18:30:00,2528.75,2530.01,2524.81,2526.45,3185
2025-01-17 18:45:00,2526.45,2527.06,2523.91,2525.71,2520
2025-01-17 19:00:00,2525.71,2528.48,2524.19,2527.85,954
2025-01-17 19:15:00,2527.85,2528.45,2525.85,2526.53,4144
2025-01-17 19:30:00,2526.53,2527.06,2523.72,2524.55,4975
2025-01-17 19:45:00,2524.55,2526.69,2522.78,2525.82,3113
2025-01-17 20:00:00,2525.82,2527.5,2523.11,2524.28,2258
2025-01-17 20:15:00,2524.28,2526.14,2520.67,2522.2,4832
2025-01-17 20:30:00,2522.2,2524.06,2520.8,2523.12,4368
2025-01-17 20:45:00,2523.12,2526.54,2521.87,2525.51,4734
2025-01-17 21:00:00,2525.51,2526.42,2522.47,2523.79,4584
2025-01-17 21:15:00,2523.79,2526.8,2521.9,2526.02,1421
2025-01-17 21:30:00,2526.02,2528.39,2525.56,2527.59,1497
2025-01-17 21:45:00,2527.59,2529.52,2524.35,2525.68,800
2025-01-17 22:00:00,2525.68,2527.38,2521.17,2523.12,2635
2025-01-17 22:15:00,2523.12,2524.56,2519.74,2520.82,3415
2025-01-17 22:30:00,2520.82,2523.54,2519.27,2522.76,1061
2025-01-17 22:45:00,2522.76,2523.94,2520.41,2521.57,2306
2025-01-17 23:00:00,2521.57,2522.68,2518.29,2519.98,4886
2025-01-17 23:15:00,2519.98,2520.68,2515.53,2517.46,2818
2025-01-17 23:30:00,2517.46,2518.97,2517.0,2517.78,3746
2025-01-17 23:45:00,2517.78,2518.77,2516.26,2516.92,2724
2025-01-18 00:00:00,2516.92,2518.36,2515.04,2516.75,4008
2025-01-18 00:15:00,2516.75,2518.19,2515.92,2517.31,2572
2025-01-18 00:30:00,2517.31,2518.57,2515.48,2517.39,554
2025-01-18 00:45:00,2517.39,2520.04,2516.24,2518.15,3413
2025-01-18 01:00:00,2518.15,2520.87,2517.55,2520.48,4227
2025-01-18 01:15:00,2520.48,2521.39,2517.31,2519.02,4254
2025-01-18 01:30:00,2519.02,2520.06,2517.84,2518.54,2493
2025-01-18 01:45:00,2518.54,2519.1,2516.14,2517.96,1629
2025-01-18 02:00:00,2517.96,2518.98,2517.21,2517.8,4235
2025-01-18 02:15:00,2517.8,2519.87,2516.25,2518.92,4303
2025-01-18 02:30:00,2518.92,2520.03,2516.01,2516.58,3255
2025-01-18 02:45:00,2516.58,2517.62,2515.32,2516.39,4462
2025-01-18 03:00:00,2516.39,2518.39,2515.15,2516.64,4811
2025-01-18 03:15:00,2516.64,2520.54,2514.77,2518.94,1308
2025-01-18 03:30:00,2518.94,2519.82,2517.0,2517.97,994
2025-01-18 03:45:00,2517.97,2521.3,2516.08,2519.82,672
2025-01-18 04:00:00,2519.82,2520.89,2518.12,2519.46,1857
2025-01-18 04:15:00,2519.46,2520.15,2516.64,2517.99,3174
2025-01-18 04:30:00,2517.99,2521.76,2517.27,2520.25,1716
2025-01-18 04:45:00,2520.25,2522.18,2518.01,2518.53,4337
2025-01-18 05:00:00,2518.53,2520.16,2518.11,2519.72,3279
2025-01-18 05:15:00,2519.72,2520.14,2519.1,2519.45,3475
2025-01-18 05:30:00,2519.45,2521.04,2517.58,2520.46,2554
2025-01-18 05:45:00,2520.46,2524.16,2519.9,2522.69,4622
2025-01-18 06:00:00,2522.69,2524.53,2521.48,2523.84,2463
2025-01-18 06:15:00,2523.84,2525.83,2520.65,2522.15,2828
2025-01-18 06:30:00,2522.15,2524.04,2519.64,2521.48,3812
2025-01-18 06:45:00,2521.48,2524.38,2520.8,2522.52,1476
2025-01-18 07:00:00,2522.52,2523.48,2520.84,2521.35,1378
2025-01-18 07:15:00,2521.35,2522.54,2520.87,2521.33,1534
2025-01-18 07:30:00,2521.33,2523.76,2519.36,2522.93,1124
2025-01-18 07:45:00,2522.93,2524.45,2520.86,2522.07,3527
2025-01-18 08:00:00,2522.07,2523.86,2519.91,2520.73,908
2025-01-18 08:15:00,2520.73,2522.52,2518.74,2520.95,4352
2025-01-18 08:30:00,2520.95,2524.06,2519.06,2523.18,3604
2025-01-18 08:45:00,2523.18,2526.18,2522.66,2525.36,861
2025-01-18 09:00:00,2525.36,2526.86,2523.02,2524.05,3658
2025-01-18 09:15:00,2524.05,2524.48,2521.87,2522.88,3776
2025-01-18 09:30:00,2522.88,2523.65,2520.25,2521.28,2643
2025-01-18 09:45:00,2521.28,2524.67,2520.21,2523.4,3313
2025-01-18 10:00:00,2523.4,2525.46,2522.56,2523.57,511
2025-01-18 10:15:00,2523.57,2526.57,2522.57,2524.71,3066
2025-01-18 10:30:00,2524.71,2525.86,2524.35,2525.24,3228
2025-01-18 10:45:00,2525.24,2526.51,2523.57,2524.0,1418
2025-01-18 11:00:00,2524.0,2524.54,2522.55,2523.21,1914
2025-01-18 11:15:00,2523.21,2524.68,2521.4,2522.2,1193
2025-01-18 11:30:00,2522.2,2524.71,2521.12,2522.71,1312
2025-01-18 11:45:00,2522.71,2524.71,2518.56,2520.41,3204
2025-01-18 12:00:00,2520.41,2522.35,2519.94,2520.29,1910
2025-01-18 12:15:00,2520.29,2521.24,2518.36,2519.8,2834
2025-01-18 12:30:00,2519.8,2521.98,2518.89,2521.17,675
2025-01-18 12:45:00,2521.17,2523.85,2519.82,2522.03,2028
2025-01-18 13:00:00,2522.03,2522.6,2519.72,2521.67,3562
2025-01-18 13:15:00,2521.67,2525.31,2519.87,2523.95,1290
2025-01-18 13:30:00,2523.95,2524.91,2522.92,2523.33,1129
2025-01-18 13:45:00,2523.33,2525.2,2522.22,2524.9,4805
2025-01-18 14:00:00,2524.9,2528.26,2523.72,2526.45,4184
2025-01-18 14:15:00,2526.45,2527.31,2522.32,2523.95,4420
2025-01-18 14:30:00,2523.95,2525.12,2522.87,2523.91,2561
2025-01-18 14:45:00,2523.91,2526.48,2523.07,2525.8,969
2025-01-18 15:00:00,2525.8,2527.61,2522.99,2524.43,3880
2025-01-18 15:15:00,2524.43,2528.14,2523.34,2526.81,4918
2025-01-18 15:30:00,2526.81,2527.98,2523.97,2524.47,2987
2025-01-18 15:45:00,2524.47,2527.27,2524.08,2526.79,923
2025-01-18 16:00:00,2526.79,2529.18,2525.18,2527.42,2737
2025-01-18 16:15:00,2527.42,2529.94,2525.47,2529.06,4675
2025-01-18 16:30:00,2529.06,2532.24,2528.64,2530.41,2765
2025-01-18 16:45:00,2530.41,2530.87,2527.09,2527.95,886
2025-01-18 17:00:00,2527.95,2528.91,2525.43,2525.73,1700
2025-01-18 17:15:00,2525.73,2526.19,2523.91,2524.88,1152
2025-01-18 17:30:00,2524.88,2526.57,2523.76,2524.36,1134
2025-01-18 17:45:00,2524.36,2526.06,2523.21,2523.75,2520
2025-01-18 18:00:00,2523.75,2525.08,2521.76,2523.38,1483
2025-01-18 18:15:00,2523.38,2524.32,2521.0,2522.04,4861
2025-01-18 18:30:00,2522.04,2523.78,2518.24,2519.63,2758
2025-01-18 18:45:00,2519.63,2520.67,2518.99,2519.66,1395
2025-01-18 19:00:00,2519.66,2521.76,2518.19,2520.1,3336
2025-01-18 19:15:00,2520.1,2521.67,2516.8,2518.16,3205
2025-01-18 19:30:00,2518.16,2520.33,2516.97,2518.98,3608
2025-01-18 19:45:00,2518.98,2520.09,2517.11,2519.37,1389
2025-01-18 20:00:00,2519.37,2520.95,2517.2,2517.93,4468
2025-01-18 20:15:00,2517.93,2519.69,2514.4,2515.55,927
2025-01-18 20:30:00,2515.55,2516.36,2512.78,2513.92,3962
2025-01-18 20:45:00,2513.92,2516.53,2513.29,2515.86,1229
2025-01-18 21:00:00,2515.86,2516.19,2513.52,2514.4,3201
2025-01-18 21:15:00,2514.4,2514.87,2512.67,2512.99,1971
2025-01-18 21:30:00,2512.99,2514.78,2510.02,2511.53,1154
2025-01-18 21:45:00,2511.53,2513.41,2509.21,2511.07,4896
2025-01-18 22:00:00,2511.07,2513.88,2510.59,2512.78,4902
2025-01-18 22:15:00,2512.78,2514.77,2510.08,2511.37,3491
2025-01-18 22:30:00,2511.37,2511.75,2509.08,2510.88,3968
2025-01-18 22:45:00,2510.88,2512.87,2508.66,2510.49,4040
2025-01-18 23:00:00,2510.49,2513.63,2510.18,2511.92,4427
2025-01-18 23:15:00,2511.92,2515.49,2511.03,2513.93,1470
2025-01-18 23:30:00,2513.93,2515.46,2513.27,2514.65,1816
2025-01-18 23:45:00,2514.65,2517.2,2513.53,2515.84,4375
2025-01-19 00:00:00,2515.84,2517.08,2513.31,2513.82,2330
2025-01-19 00:15:00,2513.82,2514.27,2511.63,2513.1,2072
2025-01-19 00:30:00,2513.1,2513.73,2509.47,2511.01,1491
2025-01-19 00:45:00,2511.01,2512.57,2507.46,2508.59,2099
2025-01-19 01:00:00,2508.59,2509.18,2507.14,2508.55,1737
2025-01-19 01:15:00,2508.55,2510.12,2506.58,2507.48,616
2025-01-19 01:30:00,2507.48,2508.35,2505.58,2506.6,2165
2025-01-19 01:45:00,2506.6,2509.32,2504.84,2508.19,2793
2025-01-19 02:00:00,2508.19,2509.39,2507.57,2508.04,3183
2025-01-19 02:15:00,2508.04,2508.54,2504.31,2506.17,2067
2025-01-19 02:30:00,2506.17,2506.98,2503.54,2504.73,4237
2025-01-19 02:45:00,2504.73,2507.19,2502.99,2505.23,4857
2025-01-19 03:00:00,2505.23,2509.07,2504.31,2507.35,1319
2025-01-19 03:15:00,2507.35,2508.09,2505.89,2506.88,1572
2025-01-19 03:30:00,2506.88,2509.59,2506.52,2509.2,1711
2025-01-19 03:45:00,2509.2,2510.87,2507.25,2507.55,4512
2025-01-19 04:00:00,2507.55,2510.05,2506.57,2509.71,2449
2025-01-19 04:15:00,2509.71,2510.19,2507.31,2508.37,2025
2025-01-19 04:30:00,2508.37,2509.02,2506.64,2507.75,4070
2025-01-19 04:45:00,2507.75,2509.67,2506.2,2507.65,2013
2025-01-19 05:00:00,2507.65,2509.09,2505.61,2506.17,1084
2025-01-19 05:15:00,2506.17,2507.98,2502.21,2503.75,3783
2025-01-19 05:30:00,2503.75,2505.16,2501.92,2503.88,877
2025-01-19 05:45:00,2503.88,2504.43,2502.84,2503.61,643
2025-01-19 06:00:00,2503.61,2505.52,2502.49,2504.1,4725
2025-01-19 06:15:00,2504.1,2505.07,2501.62,2502.12,4602
2025-01-19 06:30:00,2502.12,2503.27,2500.26,2500.64,3795
2025-01-19 06:45:00,2500.64,2502.58,2497.64,2499.3,2641
2025-01-19 07:00:00,2499.3,2500.09,2496.96,2498.72,3507
2025-01-19 07:15:00,2498.72,2499.11,2496.73,2498.34,4741
2025-01-19 07:30:00,2498.34,2500.24,2496.8,2497.44,622
2025-01-19 07:45:00,2497.44,2500.14,2495.68,2498.69,4046
2025-01-19 08:00:00,2498.69,2500.15,2496.69,2499.83,1629
2025-01-19 08:15:00,2499.83,2500.56,2498.45,2499.59,658
2025-01-19 08:30:00,2499.59,2500.91,2497.27,2498.29,4917
2025-01-19 08:45:00,2498.29,2500.58,2496.98,2498.92,797
2025-01-19 09:00:00,2498.92,2499.45,2498.37,2498.98,4693
2025-01-19 09:15:00,2498.98,2500.81,2495.22,2496.7,1064
2025-01-19 09:30:00,2496.7,2497.14,2493.71,2495.35,2269
2025-01-19 09:45:00,2495.35,2497.04,2493.34,2494.75,3558
2025-01-19 10:00:00,2494.75,2495.78,2492.44,2494.42,710
2025-01-19 10:15:00,2494.42,2495.62,2491.68,2492.37,3771
2025-01-19 10:30:00,2492.37,2493.48,2489.66,2491.5,1618
2025-01-19 10:45:00,2491.5,2493.76,2490.73,2492.42,2493
2025-01-19 11:00:00,2492.42,2493.31,2490.51,2490.84,1378
2025-01-19 11:15:00,2490.84,2493.45,2489.28,2492.97,4732
2025-01-19 11:30:00,2492.97,2494.48,2491.36,2493.31,3843
2025-01-19 11:45:00,2493.31,2495.26,2492.46,2492.92,3055
2025-01-19 12:00:00,2492.92,2493.26,2489.85,2490.81,2204
2025-01-19 12:15:00,2490.81,2491.99,2488.26,2489.51,2072
2025-01-19 12:30:00,2489.51,2492.52,2488.11,2490.95,3906
2025-01-19 12:45:00,2490.95,2493.44,2489.44,2491.5,4311
2025-01-19 13:00:00,2491.5,2491.92,2489.6,2490.9,2564
2025-01-19 13:15:00,2490.9,2492.35,2489.52,2490.78,2542
2025-01-19 13:30:00,2490.78,2494.83,2489.11,2492.99,2132
2025-01-19 13:45:00,2492.99,2496.25,2491.99,2494.62,4670
2025-01-19 14:00:00,2494.62,2494.99,2491.03,2492.68,2992
2025-01-19 14:15:00,2492.68,2494.31,2488.72,2490.4,3299
2025-01-19 14:30:00,2490.4,2491.74,2487.87,2488.35,3449
2025-01-19 14:45:00,2488.35,2491.24,2486.6,2490.23,4999
2025-01-19 15:00:00,2490.23,2491.12,2487.36,2488.44,2313
2025-01-19 15:15:00,2488.44,2490.19,2487.15,2487.6,3038
2025-01-19 15:30:00,2487.6,2490.13,2486.48,2489.39,1908
2025-01-19 15:45:00,2489.39,2491.21,2488.16,2489.14,2811
2025-01-19 16:00:00,2489.14,2490.63,2485.64,2486.59,4795
2025-01-19 16:15:00,2486.59,2488.21,2485.2,2487.87,4453
2025-01-19 16:30:00,2487.87,2488.34,2484.65,2486.14,569
2025-01-19 16:45:00,2486.14,2488.44,2484.29,2487.86,4401
2025-01-19 17:00:00,2487.86,2489.19,2485.67,2486.84,2156
2025-01-19 17:15:00,2486.84,2488.37,2484.87,2485.79,4752
2025-01-19 17:30:00,2485.79,2487.95,2484.33,2487.57,2846
2025-01-19 17:45:00,2487.57,2489.05,2484.57,2485.61,1652
2025-01-19 18:00:00,2485.61,2487.56,2482.36,2484.0,3408
2025-01-19 18:15:00,2484.0,2485.39,2482.64,2483.16,2328
2025-01-19 18:30:00,2483.16,2484.76,2481.98,2484.08,2177
2025-01-19 18:45:00,2484.08,2487.99,2483.3,2486.02,4907
2025-01-19 19:00:00,2486.02,2487.89,2483.07,2483.64,4627
2025-01-19 19:15:00,2483.64,2484.01,2482.7,2483.34,3208
2025-01-19 19:30:00,2483.34,2486.69,2482.77,2485.35,4290
2025-01-19 19:45:00,2485.35,2487.03,2483.32,2485.23,3938
2025-01-19 20:00:00,2485.23,2486.99,2482.06,2483.04,628
2025-01-19 20:15:00,2483.04,2484.34,2482.33,2483.58,2938
2025-01-19 20:30:00,2483.58,2484.59,2479.88,2481.51,2638
2025-01-19 20:45:00,2481.51,2484.42,2480.25,2482.57,1308
2025-01-19 21:00:00,2482.57,2484.39,2481.87,2482.96,3875
2025-01-19 21:15:00,2482.96,2484.66,2479.64,2480.5,3318
2025-01-19 21:30:00,2480.5,2483.75,2478.64,2482.09,1913
2025-01-19 21:45:00,2482.09,2484.78,2480.96,2484.17,3591
2025-01-19 22:00:00,2484.17,2485.97,2481.72,2482.63,3205
2025-01-19 22:15:00,2482.63,2485.25,2480.94,2484.5,4993
2025-01-19 22:30:00,2484.5,2485.89,2483.73,2484.89,4605
2025-01-19 22:45:00,2484.89,2488.04,2483.61,2487.03,3726
2025-01-19 23:00:00,2487.03,2488.06,2486.6,2487.26,3607
2025-01-19 23:15:00,2487.26,2488.58,2485.83,2486.94,3355
2025-01-19 23:30:00,2486.94,2488.77,2484.83,2485.52,1418
2025-01-19 23:45:00,2485.52,2486.68,2483.45,2485.07,4395
2025-01-20 00:00:00,2485.07,2486.91,2483.7,2484.37,1725
2025-01-20 00:15:00,2484.37,2484.9,2482.5,2484.03,3702
2025-01-20 00:30:00,2484.03,2485.7,2483.7,2485.26,1096
2025-01-20 00:45:00,2485.26,2487.16,2482.88,2484.02,4203
2025-01-20 01:00:00,2484.02,2487.08,2482.58,2485.58,3356
2025-01-20 01:15:00,2485.58,2488.36,2484.3,2486.63,1736
2025-01-20 01:30:00,2486.63,2487.71,2483.65,2485.06,3362
2025-01-20 01:45:00,2485.06,2487.51,2484.55,2486.91,1948
2025-01-20 02:00:00,2486.91,2487.51,2483.3,2484.97,1287
2025-01-20 02:15:00,2484.97,2487.71,2483.75,2486.48,928
2025-01-20 02:30:00,2486.48,2489.04,2484.92,2487.49,1830
2025-01-20 02:45:00,2487.49,2489.72,2486.48,2488.88,2285
2025-01-20 03:00:00,2488.88,2491.91,2488.18,2489.95,4267
2025-01-20 03:15:00,2489.95,2492.48,2488.51,2491.35,1426
2025-01-20 03:30:00,2491.35,2493.06,2489.7,2492.66,3901
2025-01-20 03:45:00,2492.66,2493.44,2491.18,2492.22,1682
2025-01-20 04:00:00,2492.22,2494.02,2489.38,2490.62,697
2025-01-20 04:15:00,2490.62,2493.77,2489.9,2492.17,1851
2025-01-20 04:30:00,2492.17,2492.71,2491.42,2492.36,4937
2025-01-20 04:45:00,2492.36,2496.64,2490.75,2494.74,4668
2025-01-20 05:00:00,2494.74,2496.51,2492.77,2494.0,1102
2025-01-20 05:15:00,2494.0,2495.97,2491.76,2493.72,2261
2025-01-20 05:30:00,2493.72,2497.25,2492.02,2495.25,4829
2025-01-20 05:45:00,2495.25,2496.75,2494.12,2495.87,2236
2025-01-20 06:00:00,2495.87,2496.51,2495.24,2495.58,3801
2025-01-20 06:15:00,2495.58,2496.95,2494.15,2495.78,1361
2025-01-20 06:30:00,2495.78,2496.23,2492.52,2493.57,1837
2025-01-20 06:45:00,2493.57,2496.25,2491.65,2495.88,4081
2025-01-20 07:00:00,2495.88,2497.22,2493.8,2495.45,614
2025-01-20 07:15:00,2495.45,2497.44,2491.95,2493.0,3803
2025-01-20 07:30:00,2493.0,2494.6,2489.87,2491.03,4051
2025-01-20 07:45:00,2491.03,2492.79,2487.43,2489.21,4805
2025-01-20 08:00:00,2489.21,2490.07,2486.0,2487.96,3574
2025-01-20 08:15:00,2487.96,2488.5,2485.43,2487.22,3202
2025-01-20 08:30:00,2487.22,2488.79,2485.46,2487.73,3224
2025-01-20 08:45:00,2487.73,2489.11,2485.73,2487.48,1572
2025-01-20 09:00:00,2487.48,2488.71,2486.25,2486.6,4295
2025-01-20 09:15:00,2486.6,2487.83,2484.41,2485.81,2777
2025-01-20 09:30:00,2485.81,2486.87,2484.68,2486.41,2180
2025-01-20 09:45:00,2486.41,2487.83,2484.82,2485.66,2354
2025-01-20 10:00:00,2485.66,2486.83,2484.15,2485.16,3876
2025-01-20 10:15:00,2485.16,2486.64,2482.82,2483.25,2989
2025-01-20 10:30:00,2483.25,2485.78,2482.54,2485.28,2923
2025-01-20 10:45:00,2485.28,2486.87,2482.33,2483.61,2167
2025-01-20 11:00:00,2483.61,2485.44,2481.63,2483.43,1562
2025-01-20 11:15:00,2483.43,2484.02,2481.99,2483.19,1825
2025-01-20 11:30:00,2483.19,2485.66,2482.09,2484.43,1613
2025-01-20 11:45:00,2484.43,2486.07,2482.92,2483.73,4111
2025-01-20 12:00:00,2483.73,2485.63,2481.41,2482.59,2555
2025-01-20 12:15:00,2482.59,2486.25,2481.62,2484.48,1565
2025-01-20 12:30:00,2484.48,2485.5,2482.97,2483.6,1974
2025-01-20 12:45:00,2483.6,2485.75,2481.7,2485.26,805
2025-01-20 13:00:00,2485.26,2486.8,2482.92,2483.44,3624
2025-01-20 13:15:00,2483.44,2486.12,2482.5,2485.28,4692
2025-01-20 13:30:00,2485.28,2487.16,2483.98,2485.38,2772
2025-01-20 13:45:00,2485.38,2486.2,2482.93,2483.59,4097
2025-01-20 14:00:00,2483.59,2485.23,2481.39,2481.75,3541
2025-01-20 14:15:00,2481.75,2485.22,2480.06,2483.66,952
2025-01-20 14:30:00,2483.66,2484.91,2483.03,2484.45,2563
2025-01-20 14:45:00,2484.45,2485.98,2480.83,2482.22,1720
2025-01-20 15:00:00,2482.22,2483.04,2480.54,2482.3,2998
2025-01-20 15:15:00,2482.3,2483.93,2480.84,2483.46,2129
2025-01-20 15:30:00,2483.46,2483.99,2480.81,2481.44,1862
2025-01-20 15:45:00,2481.44,2482.94,2479.94,2480.86,4016
2025-01-20 16:00:00,2480.86,2482.68,2478.92,2481.28,1932
2025-01-20 16:15:00,2481.28,2482.7,2480.02,2481.79,1277
2025-01-20 16:30:00,2481.79,2482.38,2479.94,2481.01,3679
2025-01-20 16:45:00,2481.01,2482.5,2480.25,2481.49,2864
2025-01-20 17:00:00,2481.49,2483.77,2480.12,2483.15,4765
2025-01-20 17:15:00,2483.15,2484.22,2480.69,2481.82,2591
2025-01-20 17:30:00,2481.82,2482.49,2478.6,2479.28,870
2025-01-20 17:45:00,2479.28,2479.58,2476.67,2478.67,2111
2025-01-20 18:00:00,2478.67,2480.27,2476.99,2479.94,2861
2025-01-20 18:15:00,2479.94,2481.89,2478.91,2479.23,3117
2025-01-20 18:30:00,2479.23,2480.84,2478.01,2479.79,1944
2025-01-20 18:45:00,2479.79,2482.15,2479.15,2480.24,4508
2025-01-20 19:00:00,2480.24,2481.07,2479.47,2480.06,4874
2025-01-20 19:15:00,2480.06,2480.8,2477.43,2479.17,851
2025-01-20 19:30:00,2479.17,2479.99,2476.71,2477.96,3472
2025-01-20 19:45:00,2477.96,2479.21,2476.46,2478.31,2910
2025-01-20 20:00:00,2478.31,2478.96,2474.21,2475.96,4212
2025-01-20 20:15:00,2475.96,2476.68,2473.94,2474.47,2624
2025-01-20 20:30:00,2474.47,2475.84,2471.07,2472.04,2685
2025-01-20 20:45:00,2472.04,2474.55,2470.11,2474.19,2066
2025-01-20 21:00:00,2474.19,2474.72,2473.05,2474.32,2476
2025-01-20 21:15:00,2474.32,2477.15,2473.85,2475.39,2075
2025-01-20 21:30:00,2475.39,2476.98,2474.12,2476.43,683
2025-01-20 21:45:00,2476.43,2478.51,2474.53,2476.58,2852
2025-01-20 22:00:00,2476.58,2478.23,2475.83,2477.85,3549
2025-01-20 22:15:00,2477.85,2479.59,2476.1,2479.26,2316
2025-01-20 22:30:00,2479.26,2480.34,2478.9,2479.92,2175
2025-01-20 22:45:00,2479.92,2480.42,2476.46,2478.41,2698
2025-01-20 23:00:00,2478.41,2481.72,2477.1,2480.7,2526
2025-01-20 23:15:00,2480.7,2481.82,2478.4,2480.38,2396
2025-01-20 23:30:00,2480.38,2484.07,2479.7,2482.15,4622
2025-01-20 23:45:00,2482.15,2485.44,2481.56,2483.7,1227
2025-01-21 00:00:00,2483.7,2484.62,2482.23,2482.82,3488
2025-01-21 00:15:00,2482.82,2483.39,2481.06,2482.51,4782
2025-01-21 00:30:00,2482.51,2484.93,2481.46,2483.14,2591
2025-01-21 00:45:00,2483.14,2484.87,2480.57,2480.89,1880
2025-01-21 01:00:00,2480.89,2482.55,2478.63,2479.81,3675
2025-01-21 01:15:00,2479.81,2480.53,2477.65,2479.0,1640
2025-01-21 01:30:00,2479.0,2480.19,2478.51,2479.88,3463
2025-01-21 01:45:00,2479.88,2481.82,2477.1,2479.04,817
2025-01-21 02:00:00,2479.04,2481.91,2478.3,2481.34,2886
2025-01-21 02:15:00,2481.34,2481.81,2478.37,2479.11,2187
2025-01-21 02:30:00,2479.11,2480.01,2476.36,2477.97,3469
2025-01-21 02:45:00,2477.97,2478.56,2476.45,2476.79,2048
2025-01-21 03:00:00,2476.79,2477.31,2475.62,2476.6,2503
2025-01-21 03:15:00,2476.6,2480.2,2475.72,2478.53,1830
2025-01-21 03:30:00,2478.53,2482.03,2477.41,2480.37,4806
2025-01-21 03:45:00,2480.37,2483.64,2479.69,2482.11,2809
2025-01-21 04:00:00,2482.11,2482.9,2481.62,2482.34,4650
2025-01-21 04:15:00,2482.34,2485.7,2481.02,2484.5,4012
2025-01-21 04:30:00,2484.5,2485.46,2481.89,2483.68,1776
2025-01-21 04:45:00,2483.68,2485.16,2483.12,2484.22,988
2025-01-21 05:00:00,2484.22,2486.04,2480.22,2481.77,1443
2025-01-21 05:15:00,2481.77,2483.57,2477.69,2479.57,3620
2025-01-21 05:30:00,2479.57,2481.02,2476.78,2477.35,3331
2025-01-21 05:45:00,2477.35,2478.78,2475.14,2476.23,3725
2025-01-21 06:00:00,2476.23,2478.33,2475.19,2477.52,3965
2025-01-21 06:15:00,2477.52,2477.9,2474.63,2475.2,4424
2025-01-21 06:30:00,2475.2,2475.66,2472.4,2474.1,714
2025-01-21 06:45:00,2474.1,2475.42,2470.46,2471.66,4359
2025-01-21 07:00:00,2471.66,2475.12,2470.31,2473.33,3700
2025-01-21 07:15:00,2473.33,2474.94,2469.03,2471.02,3123
2025-01-21 07:30:00,2471.02,2473.32,2469.34,2471.64,2349
2025-01-21 07:45:00,2471.64,2472.98,2468.1,2469.2,1187
2025-01-21 08:00:00,2469.2,2469.72,2468.09,2468.57,4323
2025-01-21 08:15:00,2468.57,2470.33,2465.03,2466.86,575
2025-01-21 08:30:00,2466.86,2469.89,2466.11,2468.81,3953
2025-01-21 08:45:00,2468.81,2469.57,2466.3,2466.73,2021
2025-01-21 09:00:00,2466.73,2468.53,2466.41,2468.1,4251
2025-01-21 09:15:00,2468.1,2468.94,2464.6,2465.8,4488
2025-01-21 09:30:00,2465.8,2466.88,2464.13,2465.13,1710
2025-01-21 09:45:00,2465.13,2468.25,2464.26,2466.83,3729
2025-01-21 10:00:00,2466.83,2469.59,2466.27,2468.45,4420
2025-01-21 10:15:00,2468.45,2469.9,2466.0,2467.77,4465
2025-01-21 10:30:00,2467.77,2469.1,2466.5,2468.7,633
2025-01-21 10:45:00,2468.7,2470.49,2467.05,2467.64,2695
2025-01-21 11:00:00,2467.64,2468.56,2465.06,2466.15,4412
2025-01-21 11:15:00,2466.15,2467.91,2465.37,2466.66,1899
2025-01-21 11:30:00,2466.66,2468.44,2465.78,2467.48,2753
2025-01-21 11:45:00,2467.48,2469.69,2466.34,2467.81,3963
2025-01-21 12:00:00,2467.81,2468.17,2466.04,2466.74,3292
2025-01-21 12:15:00,2466.74,2468.51,2465.0,2467.61,3047
2025-01-21 12:30:00,2467.61,2469.66,2466.47,2468.36,3537
2025-01-21 12:45:00,2468.36,2470.35,2466.78,2467.18,1940
2025-01-21 13:00:00,2467.18,2469.15,2464.29,2465.33,4324
2025-01-21 13:15:00,2465.33,2468.68,2464.93,2466.79,2128
2025-01-21 13:30:00,2466.79,2467.52,2464.12,2464.62,4746
2025-01-21 13:45:00,2464.62,2466.24,2462.46,2463.61,2042
2025-01-21 14:00:00,2463.61,2467.46,2462.78,2465.64,3242
2025-01-21 14:15:00,2465.64,2468.47,2465.14,2467.59,2424
2025-01-21 14:30:00,2467.59,2470.2,2467.09,2468.26,723
2025-01-21 14:45:00,2468.26,2468.85,2466.01,2466.53,963
2025-01-21 15:00:00,2466.53,2467.87,2466.18,2467.3,2746
2025-01-21 15:15:00,2467.3,2469.45,2466.99,2468.46,4404
2025-01-21 15:30:00,2468.46,2470.11,2464.5,2466.31,2370
2025-01-21 15:45:00,2466.31,2468.85,2464.59,2467.49,1583
2025-01-21 16:00:00,2467.49,2469.03,2466.75,2467.26,2645
2025-01-21 16:15:00,2467.26,2467.74,2462.92,2464.78,4706
2025-01-21 16:30:00,2464.78,2467.08,2463.13,2466.06,529
2025-01-21 16:45:00,2466.06,2467.8,2463.34,2464.29,758
2025-01-21 17:00:00,2464.29,2466.7,2462.54,2465.72,1710
2025-01-21 17:15:00,2465.72,2467.62,2462.81,2463.7,2582
2025-01-21 17:30:00,2463.7,2464.41,2462.17,2463.32,1506
2025-01-21 17:45:00,2463.32,2464.56,2459.81,2461.36,2767
2025-01-21 18:00:00,2461.36,2461.71,2458.25,2459.4,2372
2025-01-21 18:15:00,2459.4,2461.13,2456.4,2457.92,1634
2025-01-21 18:30:00,2457.92,2460.13,2456.35,2459.14,1583
2025-01-21 18:45:00,2459.14,2460.31,2455.84,2456.78,664
2025-01-21 19:00:00,2456.78,2458.4,2452.97,2454.73,3569
2025-01-21 19:15:00,2454.73,2456.14,2452.97,2455.11,1660
2025-01-21 19:30:00,2455.11,2457.88,2453.74,2457.26,3926
2025-01-21 19:45:00,2457.26,2457.71,2456.58,2457.19,4957
